0	0.013742608	354693568	ops_par_loop_initialise_chunk_kernel_volume_0	initialise_chunk_kernel_volume
1	0.240421521	471859200	ops_par_loop_ideal_gas_kernel_0	ideal_gas_kernel
2	0.000118315	430528	ops_par_loop_update_halo_kernel1_b2_1	update_halo_kernel1_b2
3	0.000037020	430528	ops_par_loop_update_halo_kernel1_b1_2	update_halo_kernel1_b1
4	0.000033884	430528	ops_par_loop_update_halo_kernel1_t2_3	update_halo_kernel1_t2
5	0.000032331	430528	ops_par_loop_update_halo_kernel1_t1_4	update_halo_kernel1_t1
6	0.000037001	430528	ops_par_loop_update_halo_kernel1_l2_5	update_halo_kernel1_l2
7	0.000034145	430528	ops_par_loop_update_halo_kernel1_l1_6	update_halo_kernel1_l1
8	0.000033945	430528	ops_par_loop_update_halo_kernel1_r2_7	update_halo_kernel1_r2
9	0.000031991	430528	ops_par_loop_update_halo_kernel1_r1_8	update_halo_kernel1_r1
10	0.000121010	246080	ops_par_loop_group_9	update_halo_kernel2_xvel_plus_4_a+update_halo_kernel2_yvel_minus_4_a
11	0.000033283	246080	ops_par_loop_group_10	update_halo_kernel2_xvel_plus_2_a+update_halo_kernel2_yvel_minus_2_a
12	0.000030238	246080	ops_par_loop_group_11	update_halo_kernel2_xvel_plus_4_b+update_halo_kernel2_yvel_minus_4_b
13	0.000030708	246080	ops_par_loop_group_12	update_halo_kernel2_xvel_plus_2_b+update_halo_kernel2_yvel_minus_2_b
14	0.000034115	246080	ops_par_loop_group_13	update_halo_kernel2_xvel_minus_4_a+update_halo_kernel2_yvel_plus_4_a
15	0.000030839	246080	ops_par_loop_group_14	update_halo_kernel2_xvel_minus_2_a+update_halo_kernel2_yvel_plus_2_a
16	0.000032481	246080	ops_par_loop_group_15	update_halo_kernel2_xvel_minus_4_b+update_halo_kernel2_yvel_plus_4_b
17	0.000031189	246080	ops_par_loop_group_16	update_halo_kernel2_xvel_minus_2_b+update_halo_kernel2_yvel_plus_2_b
18	0.000466166	471859200	ops_par_loop_ideal_gas_kernel_25	ideal_gas_kernel
19	0.187492186	471859200	ops_par_loop_ideal_gas_kernel_0	ideal_gas_kernel
20	0.000037421	430304	ops_par_loop_update_halo_kernel1_b1_1	update_halo_kernel1_b1
21	0.000030288	430304	ops_par_loop_update_halo_kernel1_t1_2	update_halo_kernel1_t1
22	0.000035167	430304	ops_par_loop_update_halo_kernel1_l1_3	update_halo_kernel1_l1
23	0.000032922	430304	ops_par_loop_update_halo_kernel1_r1_4	update_halo_kernel1_r1
24	0.000029726	245952	ops_par_loop_group_5	update_halo_kernel2_xvel_plus_2_a+update_halo_kernel2_yvel_minus_2_a
25	0.000027933	245952	ops_par_loop_group_6	update_halo_kernel2_xvel_plus_2_b+update_halo_kernel2_yvel_minus_2_b
26	0.000030659	245952	ops_par_loop_group_7	update_halo_kernel2_xvel_minus_2_a+update_halo_kernel2_yvel_plus_2_a
27	0.000030097	245952	ops_par_loop_group_8	update_halo_kernel2_xvel_minus_2_b+update_halo_kernel2_yvel_plus_2_b
28	0.001760924	589885440	ops_par_loop_viscosity_kernel_13	viscosity_kernel
29	0.000033313	430304	ops_par_loop_update_halo_kernel1_b1_14	update_halo_kernel1_b1
30	0.000030077	430304	ops_par_loop_update_halo_kernel1_t1_15	update_halo_kernel1_t1
31	0.000037211	430304	ops_par_loop_update_halo_kernel1_l1_16	update_halo_kernel1_l1
32	0.000034976	430304	ops_par_loop_update_halo_kernel1_r1_17	update_halo_kernel1_r1
33	0.001017592	1061744640	ops_par_loop_calc_dt_kernel_18	calc_dt_kernel
34	1.141426780	1887436800	ops_par_loop_group_0	PdV_kernel_predict+ideal_gas_kernel
35	0.000038724	430304	ops_par_loop_update_halo_kernel1_b1_2	update_halo_kernel1_b1
36	0.000031530	430304	ops_par_loop_update_halo_kernel1_t1_3	update_halo_kernel1_t1
37	0.000034766	430304	ops_par_loop_update_halo_kernel1_l1_4	update_halo_kernel1_l1
38	0.000033384	430304	ops_par_loop_update_halo_kernel1_r1_5	update_halo_kernel1_r1
39	0.001569470	1770147928	ops_par_loop_group_5	revert_kernel+accelerate_kernel
40	0.001370022	1651507200	ops_par_loop_PdV_kernel_nopredict_8	PdV_kernel_nopredict
41	0.000463260	471982080	ops_par_loop_flux_calc_kernelx_9	flux_calc_kernelx
42	0.000448923	471982080	ops_par_loop_flux_calc_kernely_10	flux_calc_kernely
43	0.000111452	553536	ops_par_loop_group_9	update_halo_kernel1_b2+update_halo_kernel4_minus_4_a
44	0.000039535	553536	ops_par_loop_group_10	update_halo_kernel1_b1+update_halo_kernel4_minus_2_a
45	0.000108877	369120	ops_par_loop_group_11	update_halo_kernel3_plus_4_a+update_halo_kernel2_xvel_plus_4_a+update_halo_kernel2_yvel_minus_4_a
46	0.000036359	369120	ops_par_loop_group_12	update_halo_kernel3_plus_2_a+update_halo_kernel2_xvel_plus_2_a+update_halo_kernel2_yvel_minus_2_a
47	0.000034816	123008	ops_par_loop_update_halo_kernel4_minus_4_b_29	update_halo_kernel4_minus_4_b
48	0.000033264	553536	ops_par_loop_group_14	update_halo_kernel1_t2+update_halo_kernel4_minus_2_b
49	0.000033122	430528	ops_par_loop_update_halo_kernel1_t1_14	update_halo_kernel1_t1
50	0.000032792	246080	ops_par_loop_group_16	update_halo_kernel2_xvel_plus_4_b+update_halo_kernel2_yvel_minus_4_b
51	0.000031801	369120	ops_par_loop_group_17	update_halo_kernel3_plus_4_b+update_halo_kernel2_xvel_plus_2_b+update_halo_kernel2_yvel_minus_2_b
52	0.000032461	123040	ops_par_loop_update_halo_kernel3_plus_2_b_22	update_halo_kernel3_plus_2_b
53	0.000039495	553536	ops_par_loop_group_19	update_halo_kernel1_l2+update_halo_kernel3_minus_4_a
54	0.000034165	553536	ops_par_loop_group_20	update_halo_kernel1_l1+update_halo_kernel3_minus_2_a
55	0.000028544	123008	ops_par_loop_update_halo_kernel3_minus_4_b_25	update_halo_kernel3_minus_4_b
56	0.000035107	553536	ops_par_loop_group_22	update_halo_kernel1_r2+update_halo_kernel3_minus_2_b
57	0.000032802	430528	ops_par_loop_update_halo_kernel1_r1_18	update_halo_kernel1_r1
58	0.000036910	369120	ops_par_loop_group_24	update_halo_kernel4_plus_4_a+update_halo_kernel2_xvel_minus_4_a+update_halo_kernel2_yvel_plus_4_a
59	0.000031550	369120	ops_par_loop_group_25	update_halo_kernel4_plus_2_a+update_halo_kernel2_xvel_minus_2_a+update_halo_kernel2_yvel_plus_2_a
60	0.000031580	246080	ops_par_loop_group_26	update_halo_kernel2_xvel_minus_4_b+update_halo_kernel2_yvel_plus_4_b
61	0.000034015	369120	ops_par_loop_group_27	update_halo_kernel4_plus_4_b+update_halo_kernel2_xvel_minus_2_b+update_halo_kernel2_yvel_plus_2_b
62	0.000029406	123040	ops_par_loop_update_halo_kernel4_plus_2_b_34	update_halo_kernel4_plus_2_b
63	0.000646889	591053440	ops_par_loop_advec_cell_kernel1_xdir_35	advec_cell_kernel1_xdir
64	0.000899428	708203544	ops_par_loop_advec_cell_kernel3_xdir_36	advec_cell_kernel3_xdir
65	0.001562547	1533542400	ops_par_loop_advec_cell_kernel4_xdir_37	advec_cell_kernel4_xdir
66	0.000043663	430528	ops_par_loop_update_halo_kernel1_b2_38	update_halo_kernel1_b2
67	0.000036570	430528	ops_par_loop_update_halo_kernel1_b1_39	update_halo_kernel1_b1
68	0.000033102	430528	ops_par_loop_update_halo_kernel1_t2_40	update_halo_kernel1_t2
69	0.000033213	430528	ops_par_loop_update_halo_kernel1_t1_41	update_halo_kernel1_t1
70	0.000032852	123040	ops_par_loop_update_halo_kernel3_plus_4_a_62	update_halo_kernel3_plus_4_a
71	0.000030127	123040	ops_par_loop_update_halo_kernel3_plus_2_a_63	update_halo_kernel3_plus_2_a
72	0.000028625	123040	ops_par_loop_update_halo_kernel3_plus_4_b_64	update_halo_kernel3_plus_4_b
73	0.000029396	123040	ops_par_loop_update_halo_kernel3_plus_2_b_65	update_halo_kernel3_plus_2_b
74	0.000040257	553536	ops_par_loop_group_40	update_halo_kernel1_l2+update_halo_kernel3_minus_4_a
75	0.000035527	553536	ops_par_loop_group_41	update_halo_kernel1_l1+update_halo_kernel3_minus_2_a
76	0.000030398	123008	ops_par_loop_update_halo_kernel3_minus_4_b_68	update_halo_kernel3_minus_4_b
77	0.000039104	553536	ops_par_loop_group_43	update_halo_kernel1_r2+update_halo_kernel3_minus_2_b
78	0.000034025	430528	ops_par_loop_update_halo_kernel1_r1_45	update_halo_kernel1_r1
79	0.000573549	591053440	ops_par_loop_advec_mom_kernel_x1_70	advec_mom_kernel_x1
80	0.000206863	236236864	ops_par_loop_advec_mom_kernel_mass_flux_x_71	advec_mom_kernel_mass_flux_x
81	0.000588387	590438520	ops_par_loop_advec_mom_kernel_post_pre_advec_x_72	advec_mom_kernel_post_pre_advec_x
82	0.000900029	472258640	ops_par_loop_advec_mom_kernel1_x_nonvector_73	advec_mom_kernel1_x_nonvector
83	0.000463991	590131240	ops_par_loop_advec_mom_kernel2_x_74	advec_mom_kernel2_x
84	0.000575443	591053440	ops_par_loop_advec_mom_kernel_x1_75	advec_mom_kernel_x1
85	0.000207985	236236864	ops_par_loop_advec_mom_kernel_mass_flux_x_76	advec_mom_kernel_mass_flux_x
86	0.000582617	590438520	ops_par_loop_advec_mom_kernel_post_pre_advec_x_77	advec_mom_kernel_post_pre_advec_x
87	0.000899859	472258640	ops_par_loop_advec_mom_kernel1_x_nonvector_78	advec_mom_kernel1_x_nonvector
88	0.000591433	590131240	ops_par_loop_advec_mom_kernel2_x_79	advec_mom_kernel2_x
89	0.000513916	472842752	ops_par_loop_advec_cell_kernel2_ydir_80	advec_cell_kernel2_ydir
90	0.000823213	708203544	ops_par_loop_advec_cell_kernel3_ydir_81	advec_cell_kernel3_ydir
91	0.001493837	1533542400	ops_par_loop_advec_cell_kernel4_ydir_82	advec_cell_kernel4_ydir
92	0.000036941	553536	ops_par_loop_group_58	update_halo_kernel1_b2+update_halo_kernel4_minus_4_a
93	0.000032882	553536	ops_par_loop_group_59	update_halo_kernel1_b1+update_halo_kernel4_minus_2_a
94	0.000033554	369120	ops_par_loop_group_60	update_halo_kernel2_xvel_plus_4_a+update_halo_kernel2_yvel_minus_4_a+update_halo_kernel3_plus_4_a
95	0.000032291	369120	ops_par_loop_group_61	update_halo_kernel2_xvel_plus_2_a+update_halo_kernel2_yvel_minus_2_a+update_halo_kernel3_plus_2_a
96	0.000031109	246080	ops_par_loop_group_62	update_halo_kernel2_xvel_plus_4_b+update_halo_kernel2_yvel_minus_4_b
97	0.000033062	369120	ops_par_loop_group_63	update_halo_kernel2_xvel_plus_2_b+update_halo_kernel2_yvel_minus_2_b+update_halo_kernel3_plus_4_b
98	0.000033684	246080	ops_par_loop_group_64	update_halo_kernel2_xvel_minus_4_b+update_halo_kernel2_yvel_plus_4_b
99	0.000031911	123040	ops_par_loop_update_halo_kernel3_plus_2_b_110	update_halo_kernel3_plus_2_b
100	0.000030097	123008	ops_par_loop_update_halo_kernel3_minus_4_b_113	update_halo_kernel3_minus_4_b
101	0.000030779	123008	ops_par_loop_update_halo_kernel4_minus_4_b_117	update_halo_kernel4_minus_4_b
102	0.000033754	553536	ops_par_loop_group_68	update_halo_kernel1_t2+update_halo_kernel4_minus_2_b
103	0.000032391	430528	ops_par_loop_update_halo_kernel1_t1_86	update_halo_kernel1_t1
104	0.000038783	553536	ops_par_loop_group_70	update_halo_kernel1_l2+update_halo_kernel3_minus_4_a
105	0.000035026	553536	ops_par_loop_group_71	update_halo_kernel1_l1+update_halo_kernel3_minus_2_a
106	0.000037060	553536	ops_par_loop_group_72	update_halo_kernel1_r2+update_halo_kernel3_minus_2_b
107	0.000033784	430528	ops_par_loop_update_halo_kernel1_r1_90	update_halo_kernel1_r1
108	0.000034856	369120	ops_par_loop_group_74	update_halo_kernel2_xvel_minus_4_a+update_halo_kernel2_yvel_plus_4_a+update_halo_kernel4_plus_4_a
109	0.000031891	369120	ops_par_loop_group_75	update_halo_kernel2_xvel_minus_2_a+update_halo_kernel2_yvel_plus_2_a+update_halo_kernel4_plus_2_a
110	0.000033534	369120	ops_par_loop_group_76	update_halo_kernel2_xvel_minus_2_b+update_halo_kernel2_yvel_plus_2_b+update_halo_kernel4_plus_4_b
111	0.000035808	123040	ops_par_loop_update_halo_kernel4_plus_2_b_122	update_halo_kernel4_plus_2_b
112	0.001811340	1416561152	ops_par_loop_group_78	advec_mom_kernel_y2+reset_field_kernel1+ideal_gas_kernel
113	0.000207234	236236864	ops_par_loop_advec_mom_kernel_mass_flux_y_124	advec_mom_kernel_mass_flux_y
114	0.000544374	590438520	ops_par_loop_advec_mom_kernel_post_pre_advec_y_125	advec_mom_kernel_post_pre_advec_y
115	0.000896913	472258640	ops_par_loop_advec_mom_kernel1_y_nonvector_126	advec_mom_kernel1_y_nonvector
116	0.000468339	590131240	ops_par_loop_advec_mom_kernel2_y_127	advec_mom_kernel2_y
117	0.000505801	472842752	ops_par_loop_advec_mom_kernel_y2_128	advec_mom_kernel_y2
118	0.000205440	236236864	ops_par_loop_advec_mom_kernel_mass_flux_y_129	advec_mom_kernel_mass_flux_y
119	0.000546077	590438520	ops_par_loop_advec_mom_kernel_post_pre_advec_y_130	advec_mom_kernel_post_pre_advec_y
120	0.000895030	472258640	ops_par_loop_advec_mom_kernel1_y_nonvector_131	advec_mom_kernel1_y_nonvector
121	0.000749283	1062236232	ops_par_loop_group_87	advec_mom_kernel2_y+reset_field_kernel2
122	0.000037211	430304	ops_par_loop_update_halo_kernel1_b1_136	update_halo_kernel1_b1
123	0.000033885	430304	ops_par_loop_update_halo_kernel1_t1_137	update_halo_kernel1_t1
124	0.000039114	430304	ops_par_loop_update_halo_kernel1_l1_138	update_halo_kernel1_l1
125	0.000036629	430304	ops_par_loop_update_halo_kernel1_r1_139	update_halo_kernel1_r1
126	0.000034686	245952	ops_par_loop_group_92	update_halo_kernel2_xvel_plus_2_a+update_halo_kernel2_yvel_minus_2_a
127	0.000031740	245952	ops_par_loop_group_93	update_halo_kernel2_xvel_plus_2_b+update_halo_kernel2_yvel_minus_2_b
128	0.000034506	245952	ops_par_loop_group_94	update_halo_kernel2_xvel_minus_2_a+update_halo_kernel2_yvel_plus_2_a
129	0.000034185	245952	ops_par_loop_group_95	update_halo_kernel2_xvel_minus_2_b+update_halo_kernel2_yvel_plus_2_b
130	0.001767967	589885440	ops_par_loop_viscosity_kernel_148	viscosity_kernel
131	0.000035918	430304	ops_par_loop_update_halo_kernel1_b1_149	update_halo_kernel1_b1
132	0.000037101	430304	ops_par_loop_update_halo_kernel1_t1_150	update_halo_kernel1_t1
133	0.000037882	430304	ops_par_loop_update_halo_kernel1_l1_151	update_halo_kernel1_l1
134	0.000036068	430304	ops_par_loop_update_halo_kernel1_r1_152	update_halo_kernel1_r1
135	0.000937901	1061744640	ops_par_loop_calc_dt_kernel_153	calc_dt_kernel
136	1.228988434	1887436800	ops_par_loop_group_0	PdV_kernel_predict+ideal_gas_kernel
137	0.000041499	430304	ops_par_loop_update_halo_kernel1_b1_2	update_halo_kernel1_b1
138	0.000032141	430304	ops_par_loop_update_halo_kernel1_t1_3	update_halo_kernel1_t1
139	0.000037070	430304	ops_par_loop_update_halo_kernel1_l1_4	update_halo_kernel1_l1
140	0.000036009	430304	ops_par_loop_update_halo_kernel1_r1_5	update_halo_kernel1_r1
141	0.001571424	1770147928	ops_par_loop_group_5	revert_kernel+accelerate_kernel
142	0.001376003	1651507200	ops_par_loop_PdV_kernel_nopredict_8	PdV_kernel_nopredict
143	0.000373549	471982080	ops_par_loop_flux_calc_kernelx_9	flux_calc_kernelx
144	0.000371927	471982080	ops_par_loop_flux_calc_kernely_10	flux_calc_kernely
145	0.000037251	553536	ops_par_loop_group_9	update_halo_kernel1_b2+update_halo_kernel4_minus_4_a
146	0.000035447	553536	ops_par_loop_group_10	update_halo_kernel1_b1+update_halo_kernel4_minus_2_a
147	0.000034125	369120	ops_par_loop_group_11	update_halo_kernel3_plus_4_a+update_halo_kernel2_xvel_plus_4_a+update_halo_kernel2_yvel_minus_4_a
148	0.000033344	369120	ops_par_loop_group_12	update_halo_kernel3_plus_2_a+update_halo_kernel2_xvel_plus_2_a+update_halo_kernel2_yvel_minus_2_a
149	0.000030589	123008	ops_par_loop_update_halo_kernel4_minus_4_b_29	update_halo_kernel4_minus_4_b
150	0.000033122	553536	ops_par_loop_group_14	update_halo_kernel1_t2+update_halo_kernel4_minus_2_b
151	0.000033704	430528	ops_par_loop_update_halo_kernel1_t1_14	update_halo_kernel1_t1
152	0.000031279	246080	ops_par_loop_group_16	update_halo_kernel2_xvel_plus_4_b+update_halo_kernel2_yvel_minus_4_b
153	0.000032512	369120	ops_par_loop_group_17	update_halo_kernel3_plus_4_b+update_halo_kernel2_xvel_plus_2_b+update_halo_kernel2_yvel_minus_2_b
154	0.000038583	123040	ops_par_loop_update_halo_kernel3_plus_2_b_22	update_halo_kernel3_plus_2_b
155	0.000040417	553536	ops_par_loop_group_19	update_halo_kernel1_l2+update_halo_kernel3_minus_4_a
156	0.000035227	553536	ops_par_loop_group_20	update_halo_kernel1_l1+update_halo_kernel3_minus_2_a
157	0.000030749	123008	ops_par_loop_update_halo_kernel3_minus_4_b_25	update_halo_kernel3_minus_4_b
158	0.000037761	553536	ops_par_loop_group_22	update_halo_kernel1_r2+update_halo_kernel3_minus_2_b
159	0.000034034	430528	ops_par_loop_update_halo_kernel1_r1_18	update_halo_kernel1_r1
160	0.000036609	369120	ops_par_loop_group_24	update_halo_kernel4_plus_4_a+update_halo_kernel2_xvel_minus_4_a+update_halo_kernel2_yvel_plus_4_a
161	0.000033764	369120	ops_par_loop_group_25	update_halo_kernel4_plus_2_a+update_halo_kernel2_xvel_minus_2_a+update_halo_kernel2_yvel_plus_2_a
162	0.000032923	246080	ops_par_loop_group_26	update_halo_kernel2_xvel_minus_4_b+update_halo_kernel2_yvel_plus_4_b
163	0.000035528	369120	ops_par_loop_group_27	update_halo_kernel4_plus_4_b+update_halo_kernel2_xvel_minus_2_b+update_halo_kernel2_yvel_plus_2_b
164	0.000030598	123040	ops_par_loop_update_halo_kernel4_plus_2_b_34	update_halo_kernel4_plus_2_b
165	0.000573268	591053440	ops_par_loop_advec_cell_kernel1_ydir_35	advec_cell_kernel1_ydir
166	0.000819957	708203544	ops_par_loop_advec_cell_kernel3_ydir_36	advec_cell_kernel3_ydir
167	0.001491392	1533542400	ops_par_loop_advec_cell_kernel4_ydir_37	advec_cell_kernel4_ydir
168	0.000037652	553536	ops_par_loop_group_32	update_halo_kernel1_b2+update_halo_kernel4_minus_4_a
169	0.000032902	553536	ops_par_loop_group_33	update_halo_kernel1_b1+update_halo_kernel4_minus_2_a
170	0.000032101	123008	ops_par_loop_update_halo_kernel4_minus_4_b_64	update_halo_kernel4_minus_4_b
171	0.000033884	553536	ops_par_loop_group_35	update_halo_kernel1_t2+update_halo_kernel4_minus_2_b
172	0.000033474	430528	ops_par_loop_update_halo_kernel1_t1_41	update_halo_kernel1_t1
173	0.000037321	430528	ops_par_loop_update_halo_kernel1_l2_42	update_halo_kernel1_l2
174	0.000035177	430528	ops_par_loop_update_halo_kernel1_l1_43	update_halo_kernel1_l1
175	0.000035297	430528	ops_par_loop_update_halo_kernel1_r2_44	update_halo_kernel1_r2
176	0.000034435	430528	ops_par_loop_update_halo_kernel1_r1_45	update_halo_kernel1_r1
177	0.000031741	123040	ops_par_loop_update_halo_kernel4_plus_4_a_66	update_halo_kernel4_plus_4_a
178	0.000029636	123040	ops_par_loop_update_halo_kernel4_plus_2_a_67	update_halo_kernel4_plus_2_a
179	0.000030969	123040	ops_par_loop_update_halo_kernel4_plus_4_b_68	update_halo_kernel4_plus_4_b
180	0.000029877	123040	ops_par_loop_update_halo_kernel4_plus_2_b_69	update_halo_kernel4_plus_2_b
181	0.000573960	591053440	ops_par_loop_advec_mom_kernel_y1_70	advec_mom_kernel_y1
182	0.000206703	236236864	ops_par_loop_advec_mom_kernel_mass_flux_y_71	advec_mom_kernel_mass_flux_y
183	0.000548271	590438520	ops_par_loop_advec_mom_kernel_post_pre_advec_y_72	advec_mom_kernel_post_pre_advec_y
184	0.000896613	472258640	ops_par_loop_advec_mom_kernel1_y_nonvector_73	advec_mom_kernel1_y_nonvector
185	0.000470724	590131240	ops_par_loop_advec_mom_kernel2_y_74	advec_mom_kernel2_y
186	0.000576756	591053440	ops_par_loop_advec_mom_kernel_y1_75	advec_mom_kernel_y1
187	0.000206001	236236864	ops_par_loop_advec_mom_kernel_mass_flux_y_76	advec_mom_kernel_mass_flux_y
188	0.000547430	590438520	ops_par_loop_advec_mom_kernel_post_pre_advec_y_77	advec_mom_kernel_post_pre_advec_y
189	0.000894719	472258640	ops_par_loop_advec_mom_kernel1_y_nonvector_78	advec_mom_kernel1_y_nonvector
190	0.000466566	590131240	ops_par_loop_advec_mom_kernel2_y_79	advec_mom_kernel2_y
191	0.000505711	472842752	ops_par_loop_advec_cell_kernel2_xdir_80	advec_cell_kernel2_xdir
192	0.000801913	708203544	ops_par_loop_advec_cell_kernel3_xdir_81	advec_cell_kernel3_xdir
193	0.001475081	1533542400	ops_par_loop_advec_cell_kernel4_xdir_82	advec_cell_kernel4_xdir
194	0.000037631	553536	ops_par_loop_group_58	update_halo_kernel1_b2+update_halo_kernel4_minus_4_a
195	0.000034265	553536	ops_par_loop_group_59	update_halo_kernel1_b1+update_halo_kernel4_minus_2_a
196	0.000035418	369120	ops_par_loop_group_60	update_halo_kernel2_xvel_plus_4_a+update_halo_kernel2_yvel_minus_4_a+update_halo_kernel3_plus_4_a
197	0.000033533	369120	ops_par_loop_group_61	update_halo_kernel2_xvel_plus_2_a+update_halo_kernel2_yvel_minus_2_a+update_halo_kernel3_plus_2_a
198	0.000032352	246080	ops_par_loop_group_62	update_halo_kernel2_xvel_plus_4_b+update_halo_kernel2_yvel_minus_4_b
199	0.000033744	369120	ops_par_loop_group_63	update_halo_kernel2_xvel_plus_2_b+update_halo_kernel2_yvel_minus_2_b+update_halo_kernel3_plus_4_b
200	0.000033554	246080	ops_par_loop_group_64	update_halo_kernel2_xvel_minus_4_b+update_halo_kernel2_yvel_plus_4_b
201	0.000032672	123040	ops_par_loop_update_halo_kernel3_plus_2_b_110	update_halo_kernel3_plus_2_b
202	0.000031780	123008	ops_par_loop_update_halo_kernel3_minus_4_b_113	update_halo_kernel3_minus_4_b
203	0.000030197	123008	ops_par_loop_update_halo_kernel4_minus_4_b_117	update_halo_kernel4_minus_4_b
204	0.000035026	553536	ops_par_loop_group_68	update_halo_kernel1_t2+update_halo_kernel4_minus_2_b
205	0.000033173	430528	ops_par_loop_update_halo_kernel1_t1_86	update_halo_kernel1_t1
206	0.000039164	553536	ops_par_loop_group_70	update_halo_kernel1_l2+update_halo_kernel3_minus_4_a
207	0.000036639	553536	ops_par_loop_group_71	update_halo_kernel1_l1+update_halo_kernel3_minus_2_a
208	0.000039104	553536	ops_par_loop_group_72	update_halo_kernel1_r2+update_halo_kernel3_minus_2_b
209	0.000036660	430528	ops_par_loop_update_halo_kernel1_r1_90	update_halo_kernel1_r1
210	0.000037221	369120	ops_par_loop_group_74	update_halo_kernel2_xvel_minus_4_a+update_halo_kernel2_yvel_plus_4_a+update_halo_kernel4_plus_4_a
211	0.000040718	369120	ops_par_loop_group_75	update_halo_kernel2_xvel_minus_2_a+update_halo_kernel2_yvel_plus_2_a+update_halo_kernel4_plus_2_a
212	0.000036259	369120	ops_par_loop_group_76	update_halo_kernel2_xvel_minus_2_b+update_halo_kernel2_yvel_plus_2_b+update_halo_kernel4_plus_4_b
213	0.000032381	123040	ops_par_loop_update_halo_kernel4_plus_2_b_122	update_halo_kernel4_plus_2_b
214	0.001813494	1416561152	ops_par_loop_group_78	advec_mom_kernel_x2+reset_field_kernel1+ideal_gas_kernel
215	0.000211011	236236864	ops_par_loop_advec_mom_kernel_mass_flux_x_124	advec_mom_kernel_mass_flux_x
216	0.000590362	590438520	ops_par_loop_advec_mom_kernel_post_pre_advec_x_125	advec_mom_kernel_post_pre_advec_x
217	0.000900179	472258640	ops_par_loop_advec_mom_kernel1_x_nonvector_126	advec_mom_kernel1_x_nonvector
218	0.000469722	590131240	ops_par_loop_advec_mom_kernel2_x_127	advec_mom_kernel2_x
219	0.000512042	472842752	ops_par_loop_advec_mom_kernel_x2_128	advec_mom_kernel_x2
220	0.000208746	236236864	ops_par_loop_advec_mom_kernel_mass_flux_x_129	advec_mom_kernel_mass_flux_x
221	0.000588237	590438520	ops_par_loop_advec_mom_kernel_post_pre_advec_x_130	advec_mom_kernel_post_pre_advec_x
222	0.000900219	472258640	ops_par_loop_advec_mom_kernel1_x_nonvector_131	advec_mom_kernel1_x_nonvector
223	0.000746017	1062236232	ops_par_loop_group_87	advec_mom_kernel2_x+reset_field_kernel2
224	0.000036429	430304	ops_par_loop_update_halo_kernel1_b1_136	update_halo_kernel1_b1
225	0.000033354	430304	ops_par_loop_update_halo_kernel1_t1_137	update_halo_kernel1_t1
226	0.000038133	430304	ops_par_loop_update_halo_kernel1_l1_138	update_halo_kernel1_l1
227	0.000036329	430304	ops_par_loop_update_halo_kernel1_r1_139	update_halo_kernel1_r1
228	0.000034025	245952	ops_par_loop_group_92	update_halo_kernel2_xvel_plus_2_a+update_halo_kernel2_yvel_minus_2_a
229	0.000031249	245952	ops_par_loop_group_93	update_halo_kernel2_xvel_plus_2_b+update_halo_kernel2_yvel_minus_2_b
230	0.000035076	245952	ops_par_loop_group_94	update_halo_kernel2_xvel_minus_2_a+update_halo_kernel2_yvel_plus_2_a
231	0.000034275	245952	ops_par_loop_group_95	update_halo_kernel2_xvel_minus_2_b+update_halo_kernel2_yvel_plus_2_b
232	0.001766695	589885440	ops_par_loop_viscosity_kernel_148	viscosity_kernel
233	0.000035798	430304	ops_par_loop_update_halo_kernel1_b1_149	update_halo_kernel1_b1
234	0.000031961	430304	ops_par_loop_update_halo_kernel1_t1_150	update_halo_kernel1_t1
235	0.000037350	430304	ops_par_loop_update_halo_kernel1_l1_151	update_halo_kernel1_l1
236	0.000035267	430304	ops_par_loop_update_halo_kernel1_r1_152	update_halo_kernel1_r1
237	0.000936658	1061744640	ops_par_loop_calc_dt_kernel_153	calc_dt_kernel
238	0.001484750	1887436800	ops_par_loop_group_0	PdV_kernel_predict+ideal_gas_kernel
239	0.000022893	430304	ops_par_loop_update_halo_kernel1_b1_2	update_halo_kernel1_b1
240	0.000020218	430304	ops_par_loop_update_halo_kernel1_t1_3	update_halo_kernel1_t1
241	0.000024857	430304	ops_par_loop_update_halo_kernel1_l1_4	update_halo_kernel1_l1
242	0.000023534	430304	ops_par_loop_update_halo_kernel1_r1_5	update_halo_kernel1_r1
243	0.001560643	1770147928	ops_par_loop_group_5	revert_kernel+accelerate_kernel
244	0.001358680	1651507200	ops_par_loop_PdV_kernel_nopredict_8	PdV_kernel_nopredict
245	0.000362148	471982080	ops_par_loop_flux_calc_kernelx_9	flux_calc_kernelx
246	0.000356447	471982080	ops_par_loop_flux_calc_kernely_10	flux_calc_kernely
247	0.000022142	553536	ops_par_loop_group_9	update_halo_kernel1_b2+update_halo_kernel4_minus_4_a
248	0.000021511	553536	ops_par_loop_group_10	update_halo_kernel1_b1+update_halo_kernel4_minus_2_a
249	0.000021290	369120	ops_par_loop_group_11	update_halo_kernel3_plus_4_a+update_halo_kernel2_xvel_plus_4_a+update_halo_kernel2_yvel_minus_4_a
250	0.000020880	369120	ops_par_loop_group_12	update_halo_kernel3_plus_2_a+update_halo_kernel2_xvel_plus_2_a+update_halo_kernel2_yvel_minus_2_a
251	0.000020018	123008	ops_par_loop_update_halo_kernel4_minus_4_b_29	update_halo_kernel4_minus_4_b
252	0.000020549	553536	ops_par_loop_group_14	update_halo_kernel1_t2+update_halo_kernel4_minus_2_b
253	0.000020148	430528	ops_par_loop_update_halo_kernel1_t1_14	update_halo_kernel1_t1
254	0.000019487	246080	ops_par_loop_group_16	update_halo_kernel2_xvel_plus_4_b+update_halo_kernel2_yvel_minus_4_b
255	0.000020589	369120	ops_par_loop_group_17	update_halo_kernel3_plus_4_b+update_halo_kernel2_xvel_plus_2_b+update_halo_kernel2_yvel_minus_2_b
256	0.000018996	123040	ops_par_loop_update_halo_kernel3_plus_2_b_22	update_halo_kernel3_plus_2_b
257	0.000025940	553536	ops_par_loop_group_19	update_halo_kernel1_l2+update_halo_kernel3_minus_4_a
258	0.000023034	553536	ops_par_loop_group_20	update_halo_kernel1_l1+update_halo_kernel3_minus_2_a
259	0.000020098	123008	ops_par_loop_update_halo_kernel3_minus_4_b_25	update_halo_kernel3_minus_4_b
260	0.000024386	553536	ops_par_loop_group_22	update_halo_kernel1_r2+update_halo_kernel3_minus_2_b
261	0.000021501	430528	ops_par_loop_update_halo_kernel1_r1_18	update_halo_kernel1_r1
262	0.000023585	369120	ops_par_loop_group_24	update_halo_kernel4_plus_4_a+update_halo_kernel2_xvel_minus_4_a+update_halo_kernel2_yvel_plus_4_a
263	0.000021632	369120	ops_par_loop_group_25	update_halo_kernel4_plus_2_a+update_halo_kernel2_xvel_minus_2_a+update_halo_kernel2_yvel_plus_2_a
264	0.000021200	246080	ops_par_loop_group_26	update_halo_kernel2_xvel_minus_4_b+update_halo_kernel2_yvel_plus_4_b
265	0.000022212	369120	ops_par_loop_group_27	update_halo_kernel4_plus_4_b+update_halo_kernel2_xvel_minus_2_b+update_halo_kernel2_yvel_plus_2_b
266	0.000019928	123040	ops_par_loop_update_halo_kernel4_plus_2_b_34	update_halo_kernel4_plus_2_b
267	0.000561366	591053440	ops_par_loop_advec_cell_kernel1_xdir_35	advec_cell_kernel1_xdir
268	0.000773429	708203544	ops_par_loop_advec_cell_kernel3_xdir_36	advec_cell_kernel3_xdir
269	0.001464882	1533542400	ops_par_loop_advec_cell_kernel4_xdir_37	advec_cell_kernel4_xdir
270	0.000021902	430528	ops_par_loop_update_halo_kernel1_b2_38	update_halo_kernel1_b2
271	0.000020719	430528	ops_par_loop_update_halo_kernel1_b1_39	update_halo_kernel1_b1
272	0.000020179	430528	ops_par_loop_update_halo_kernel1_t2_40	update_halo_kernel1_t2
273	0.000020138	430528	ops_par_loop_update_halo_kernel1_t1_41	update_halo_kernel1_t1
274	0.000018886	123040	ops_par_loop_update_halo_kernel3_plus_4_a_62	update_halo_kernel3_plus_4_a
275	0.000018585	123040	ops_par_loop_update_halo_kernel3_plus_2_a_63	update_halo_kernel3_plus_2_a
276	0.000019758	123040	ops_par_loop_update_halo_kernel3_plus_4_b_64	update_halo_kernel3_plus_4_b
277	0.000018716	123040	ops_par_loop_update_halo_kernel3_plus_2_b_65	update_halo_kernel3_plus_2_b
278	0.000026611	553536	ops_par_loop_group_40	update_halo_kernel1_l2+update_halo_kernel3_minus_4_a
279	0.000023354	553536	ops_par_loop_group_41	update_halo_kernel1_l1+update_halo_kernel3_minus_2_a
280	0.000018696	123008	ops_par_loop_update_halo_kernel3_minus_4_b_68	update_halo_kernel3_minus_4_b
281	0.000024617	553536	ops_par_loop_group_43	update_halo_kernel1_r2+update_halo_kernel3_minus_2_b
282	0.000022082	430528	ops_par_loop_update_halo_kernel1_r1_45	update_halo_kernel1_r1
283	0.000563500	591053440	ops_par_loop_advec_mom_kernel_x1_70	advec_mom_kernel_x1
284	0.000194158	236236864	ops_par_loop_advec_mom_kernel_mass_flux_x_71	advec_mom_kernel_mass_flux_x
285	0.000573920	590438520	ops_par_loop_advec_mom_kernel_post_pre_advec_x_72	advec_mom_kernel_post_pre_advec_x
286	0.000883187	472258640	ops_par_loop_advec_mom_kernel1_x_nonvector_73	advec_mom_kernel1_x_nonvector
287	0.000451147	590131240	ops_par_loop_advec_mom_kernel2_x_74	advec_mom_kernel2_x
288	0.000562549	591053440	ops_par_loop_advec_mom_kernel_x1_75	advec_mom_kernel_x1
289	0.000193868	236236864	ops_par_loop_advec_mom_kernel_mass_flux_x_76	advec_mom_kernel_mass_flux_x
290	0.000574331	590438520	ops_par_loop_advec_mom_kernel_post_pre_advec_x_77	advec_mom_kernel_post_pre_advec_x
291	0.000884510	472258640	ops_par_loop_advec_mom_kernel1_x_nonvector_78	advec_mom_kernel1_x_nonvector
292	0.000445947	590131240	ops_par_loop_advec_mom_kernel2_x_79	advec_mom_kernel2_x
293	0.000496593	472842752	ops_par_loop_advec_cell_kernel2_ydir_80	advec_cell_kernel2_ydir
294	0.000790551	708203544	ops_par_loop_advec_cell_kernel3_ydir_81	advec_cell_kernel3_ydir
295	0.001473508	1533542400	ops_par_loop_advec_cell_kernel4_ydir_82	advec_cell_kernel4_ydir
296	0.000022673	553536	ops_par_loop_group_58	update_halo_kernel1_b2+update_halo_kernel4_minus_4_a
297	0.000021221	553536	ops_par_loop_group_59	update_halo_kernel1_b1+update_halo_kernel4_minus_2_a
298	0.000021250	369120	ops_par_loop_group_60	update_halo_kernel2_xvel_plus_4_a+update_halo_kernel2_yvel_minus_4_a+update_halo_kernel3_plus_4_a
299	0.000020660	369120	ops_par_loop_group_61	update_halo_kernel2_xvel_plus_2_a+update_halo_kernel2_yvel_minus_2_a+update_halo_kernel3_plus_2_a
300	0.000019618	246080	ops_par_loop_group_62	update_halo_kernel2_xvel_plus_4_b+update_halo_kernel2_yvel_minus_4_b
301	0.000020710	369120	ops_par_loop_group_63	update_halo_kernel2_xvel_plus_2_b+update_halo_kernel2_yvel_minus_2_b+update_halo_kernel3_plus_4_b
302	0.000021410	246080	ops_par_loop_group_64	update_halo_kernel2_xvel_minus_4_b+update_halo_kernel2_yvel_plus_4_b
303	0.000019567	123040	ops_par_loop_update_halo_kernel3_plus_2_b_110	update_halo_kernel3_plus_2_b
304	0.000018835	123008	ops_par_loop_update_halo_kernel3_minus_4_b_113	update_halo_kernel3_minus_4_b
305	0.000018445	123008	ops_par_loop_update_halo_kernel4_minus_4_b_117	update_halo_kernel4_minus_4_b
306	0.000021591	553536	ops_par_loop_group_68	update_halo_kernel1_t2+update_halo_kernel4_minus_2_b
307	0.000021370	430528	ops_par_loop_update_halo_kernel1_t1_86	update_halo_kernel1_t1
308	0.000026691	553536	ops_par_loop_group_70	update_halo_kernel1_l2+update_halo_kernel3_minus_4_a
309	0.000023284	553536	ops_par_loop_group_71	update_halo_kernel1_l1+update_halo_kernel3_minus_2_a
310	0.000025578	553536	ops_par_loop_group_72	update_halo_kernel1_r2+update_halo_kernel3_minus_2_b
311	0.000022293	430528	ops_par_loop_update_halo_kernel1_r1_90	update_halo_kernel1_r1
312	0.000023906	369120	ops_par_loop_group_74	update_halo_kernel2_xvel_minus_4_a+update_halo_kernel2_yvel_plus_4_a+update_halo_kernel4_plus_4_a
313	0.000021311	369120	ops_par_loop_group_75	update_halo_kernel2_xvel_minus_2_a+update_halo_kernel2_yvel_plus_2_a+update_halo_kernel4_plus_2_a
314	0.000022443	369120	ops_par_loop_group_76	update_halo_kernel2_xvel_minus_2_b+update_halo_kernel2_yvel_plus_2_b+update_halo_kernel4_plus_4_b
315	0.000018966	123040	ops_par_loop_update_halo_kernel4_plus_2_b_122	update_halo_kernel4_plus_2_b
316	0.001781863	1416561152	ops_par_loop_group_78	advec_mom_kernel_y2+reset_field_kernel1+ideal_gas_kernel
317	0.000194740	236236864	ops_par_loop_advec_mom_kernel_mass_flux_y_124	advec_mom_kernel_mass_flux_y
318	0.000534505	590438520	ops_par_loop_advec_mom_kernel_post_pre_advec_y_125	advec_mom_kernel_post_pre_advec_y
319	0.000878899	472258640	ops_par_loop_advec_mom_kernel1_y_nonvector_126	advec_mom_kernel1_y_nonvector
320	0.000448251	590131240	ops_par_loop_advec_mom_kernel2_y_127	advec_mom_kernel2_y
321	0.000489179	472842752	ops_par_loop_advec_mom_kernel_y2_128	advec_mom_kernel_y2
322	0.000192756	236236864	ops_par_loop_advec_mom_kernel_mass_flux_y_129	advec_mom_kernel_mass_flux_y
323	0.000533033	590438520	ops_par_loop_advec_mom_kernel_post_pre_advec_y_130	advec_mom_kernel_post_pre_advec_y
324	0.000878739	472258640	ops_par_loop_advec_mom_kernel1_y_nonvector_131	advec_mom_kernel1_y_nonvector
325	0.000730918	1062236232	ops_par_loop_group_87	advec_mom_kernel2_y+reset_field_kernel2
326	0.000021982	430304	ops_par_loop_update_halo_kernel1_b1_136	update_halo_kernel1_b1
327	0.000020328	430304	ops_par_loop_update_halo_kernel1_t1_137	update_halo_kernel1_t1
328	0.000024457	430304	ops_par_loop_update_halo_kernel1_l1_138	update_halo_kernel1_l1
329	0.000024387	430304	ops_par_loop_update_halo_kernel1_r1_139	update_halo_kernel1_r1
330	0.000019607	245952	ops_par_loop_group_92	update_halo_kernel2_xvel_plus_2_a+update_halo_kernel2_yvel_minus_2_a
331	0.000019467	245952	ops_par_loop_group_93	update_halo_kernel2_xvel_plus_2_b+update_halo_kernel2_yvel_minus_2_b
332	0.000021360	245952	ops_par_loop_group_94	update_halo_kernel2_xvel_minus_2_a+update_halo_kernel2_yvel_plus_2_a
333	0.000021641	245952	ops_par_loop_group_95	update_halo_kernel2_xvel_minus_2_b+update_halo_kernel2_yvel_plus_2_b
334	0.001738090	589885440	ops_par_loop_viscosity_kernel_148	viscosity_kernel
335	0.000023094	430304	ops_par_loop_update_halo_kernel1_b1_149	update_halo_kernel1_b1
336	0.000020630	430304	ops_par_loop_update_halo_kernel1_t1_150	update_halo_kernel1_t1
337	0.000024196	430304	ops_par_loop_update_halo_kernel1_l1_151	update_halo_kernel1_l1
338	0.000024025	430304	ops_par_loop_update_halo_kernel1_r1_152	update_halo_kernel1_r1
339	0.000919215	1061744640	ops_par_loop_calc_dt_kernel_153	calc_dt_kernel
340	0.001523473	1887436800	ops_par_loop_group_0	PdV_kernel_predict+ideal_gas_kernel
341	0.000024567	430304	ops_par_loop_update_halo_kernel1_b1_2	update_halo_kernel1_b1
342	0.000021992	430304	ops_par_loop_update_halo_kernel1_t1_3	update_halo_kernel1_t1
343	0.000025699	430304	ops_par_loop_update_halo_kernel1_l1_4	update_halo_kernel1_l1
344	0.000026521	430304	ops_par_loop_update_halo_kernel1_r1_5	update_halo_kernel1_r1
345	0.001563699	1770147928	ops_par_loop_group_5	revert_kernel+accelerate_kernel
346	0.001362738	1651507200	ops_par_loop_PdV_kernel_nopredict_8	PdV_kernel_nopredict
347	0.000365073	471982080	ops_par_loop_flux_calc_kernelx_9	flux_calc_kernelx
348	0.000357629	471982080	ops_par_loop_flux_calc_kernely_10	flux_calc_kernely
349	0.000022964	553536	ops_par_loop_group_9	update_halo_kernel1_b2+update_halo_kernel4_minus_4_a
350	0.000021551	553536	ops_par_loop_group_10	update_halo_kernel1_b1+update_halo_kernel4_minus_2_a
351	0.000022142	369120	ops_par_loop_group_11	update_halo_kernel3_plus_4_a+update_halo_kernel2_xvel_plus_4_a+update_halo_kernel2_yvel_minus_4_a
352	0.000022082	369120	ops_par_loop_group_12	update_halo_kernel3_plus_2_a+update_halo_kernel2_xvel_plus_2_a+update_halo_kernel2_yvel_minus_2_a
353	0.000018315	123008	ops_par_loop_update_halo_kernel4_minus_4_b_29	update_halo_kernel4_minus_4_b
354	0.000020639	553536	ops_par_loop_group_14	update_halo_kernel1_t2+update_halo_kernel4_minus_2_b
355	0.000019918	430528	ops_par_loop_update_halo_kernel1_t1_14	update_halo_kernel1_t1
356	0.000019878	246080	ops_par_loop_group_16	update_halo_kernel2_xvel_plus_4_b+update_halo_kernel2_yvel_minus_4_b
357	0.000020699	369120	ops_par_loop_group_17	update_halo_kernel3_plus_4_b+update_halo_kernel2_xvel_plus_2_b+update_halo_kernel2_yvel_minus_2_b
358	0.000018485	123040	ops_par_loop_update_halo_kernel3_plus_2_b_22	update_halo_kernel3_plus_2_b
359	0.000026791	553536	ops_par_loop_group_19	update_halo_kernel1_l2+update_halo_kernel3_minus_4_a
360	0.000023324	553536	ops_par_loop_group_20	update_halo_kernel1_l1+update_halo_kernel3_minus_2_a
361	0.000018946	123008	ops_par_loop_update_halo_kernel3_minus_4_b_25	update_halo_kernel3_minus_4_b
362	0.000025138	553536	ops_par_loop_group_22	update_halo_kernel1_r2+update_halo_kernel3_minus_2_b
363	0.000021952	430528	ops_par_loop_update_halo_kernel1_r1_18	update_halo_kernel1_r1
364	0.000023996	369120	ops_par_loop_group_24	update_halo_kernel4_plus_4_a+update_halo_kernel2_xvel_minus_4_a+update_halo_kernel2_yvel_plus_4_a
365	0.000025578	369120	ops_par_loop_group_25	update_halo_kernel4_plus_2_a+update_halo_kernel2_xvel_minus_2_a+update_halo_kernel2_yvel_plus_2_a
366	0.000021651	246080	ops_par_loop_group_26	update_halo_kernel2_xvel_minus_4_b+update_halo_kernel2_yvel_plus_4_b
367	0.000023084	369120	ops_par_loop_group_27	update_halo_kernel4_plus_4_b+update_halo_kernel2_xvel_minus_2_b+update_halo_kernel2_yvel_plus_2_b
368	0.000018986	123040	ops_par_loop_update_halo_kernel4_plus_2_b_34	update_halo_kernel4_plus_2_b
369	0.000562999	591053440	ops_par_loop_advec_cell_kernel1_ydir_35	advec_cell_kernel1_ydir
370	0.000789419	708203544	ops_par_loop_advec_cell_kernel3_ydir_36	advec_cell_kernel3_ydir
371	0.001473157	1533542400	ops_par_loop_advec_cell_kernel4_ydir_37	advec_cell_kernel4_ydir
372	0.000022593	553536	ops_par_loop_group_32	update_halo_kernel1_b2+update_halo_kernel4_minus_4_a
373	0.000026811	553536	ops_par_loop_group_33	update_halo_kernel1_b1+update_halo_kernel4_minus_2_a
374	0.000020219	123008	ops_par_loop_update_halo_kernel4_minus_4_b_64	update_halo_kernel4_minus_4_b
375	0.000021070	553536	ops_par_loop_group_35	update_halo_kernel1_t2+update_halo_kernel4_minus_2_b
376	0.000020359	430528	ops_par_loop_update_halo_kernel1_t1_41	update_halo_kernel1_t1
377	0.000024246	430528	ops_par_loop_update_halo_kernel1_l2_42	update_halo_kernel1_l2
378	0.000021591	430528	ops_par_loop_update_halo_kernel1_l1_43	update_halo_kernel1_l1
379	0.000023053	430528	ops_par_loop_update_halo_kernel1_r2_44	update_halo_kernel1_r2
380	0.000021652	430528	ops_par_loop_update_halo_kernel1_r1_45	update_halo_kernel1_r1
381	0.000019778	123040	ops_par_loop_update_halo_kernel4_plus_4_a_66	update_halo_kernel4_plus_4_a
382	0.000018414	123040	ops_par_loop_update_halo_kernel4_plus_2_a_67	update_halo_kernel4_plus_2_a
383	0.000019287	123040	ops_par_loop_update_halo_kernel4_plus_4_b_68	update_halo_kernel4_plus_4_b
384	0.000018395	123040	ops_par_loop_update_halo_kernel4_plus_2_b_69	update_halo_kernel4_plus_2_b
385	0.000560023	591053440	ops_par_loop_advec_mom_kernel_y1_70	advec_mom_kernel_y1
386	0.000191093	236236864	ops_par_loop_advec_mom_kernel_mass_flux_y_71	advec_mom_kernel_mass_flux_y
387	0.000531559	590438520	ops_par_loop_advec_mom_kernel_post_pre_advec_y_72	advec_mom_kernel_post_pre_advec_y
388	0.000879420	472258640	ops_par_loop_advec_mom_kernel1_y_nonvector_73	advec_mom_kernel1_y_nonvector
389	0.000444665	590131240	ops_par_loop_advec_mom_kernel2_y_74	advec_mom_kernel2_y
390	0.000561527	591053440	ops_par_loop_advec_mom_kernel_y1_75	advec_mom_kernel_y1
391	0.000191603	236236864	ops_par_loop_advec_mom_kernel_mass_flux_y_76	advec_mom_kernel_mass_flux_y
392	0.000534926	590438520	ops_par_loop_advec_mom_kernel_post_pre_advec_y_77	advec_mom_kernel_post_pre_advec_y
393	0.000878658	472258640	ops_par_loop_advec_mom_kernel1_y_nonvector_78	advec_mom_kernel1_y_nonvector
394	0.000445606	590131240	ops_par_loop_advec_mom_kernel2_y_79	advec_mom_kernel2_y
395	0.000491323	472842752	ops_par_loop_advec_cell_kernel2_xdir_80	advec_cell_kernel2_xdir
396	0.000773600	708203544	ops_par_loop_advec_cell_kernel3_xdir_81	advec_cell_kernel3_xdir
397	0.001462808	1533542400	ops_par_loop_advec_cell_kernel4_xdir_82	advec_cell_kernel4_xdir
398	0.000023254	553536	ops_par_loop_group_58	update_halo_kernel1_b2+update_halo_kernel4_minus_4_a
399	0.000022392	553536	ops_par_loop_group_59	update_halo_kernel1_b1+update_halo_kernel4_minus_2_a
400	0.000021872	369120	ops_par_loop_group_60	update_halo_kernel2_xvel_plus_4_a+update_halo_kernel2_yvel_minus_4_a+update_halo_kernel3_plus_4_a
401	0.000021891	369120	ops_par_loop_group_61	update_halo_kernel2_xvel_plus_2_a+update_halo_kernel2_yvel_minus_2_a+update_halo_kernel3_plus_2_a
402	0.000019457	246080	ops_par_loop_group_62	update_halo_kernel2_xvel_plus_4_b+update_halo_kernel2_yvel_minus_4_b
403	0.000020990	369120	ops_par_loop_group_63	update_halo_kernel2_xvel_plus_2_b+update_halo_kernel2_yvel_minus_2_b+update_halo_kernel3_plus_4_b
404	0.000021400	246080	ops_par_loop_group_64	update_halo_kernel2_xvel_minus_4_b+update_halo_kernel2_yvel_plus_4_b
405	0.000020018	123040	ops_par_loop_update_halo_kernel3_plus_2_b_110	update_halo_kernel3_plus_2_b
406	0.000019587	123008	ops_par_loop_update_halo_kernel3_minus_4_b_113	update_halo_kernel3_minus_4_b
407	0.000018525	123008	ops_par_loop_update_halo_kernel4_minus_4_b_117	update_halo_kernel4_minus_4_b
408	0.000021901	553536	ops_par_loop_group_68	update_halo_kernel1_t2+update_halo_kernel4_minus_2_b
409	0.000020249	430528	ops_par_loop_update_halo_kernel1_t1_86	update_halo_kernel1_t1
410	0.000026901	553536	ops_par_loop_group_70	update_halo_kernel1_l2+update_halo_kernel3_minus_4_a
411	0.000023354	553536	ops_par_loop_group_71	update_halo_kernel1_l1+update_halo_kernel3_minus_2_a
412	0.000025629	553536	ops_par_loop_group_72	update_halo_kernel1_r2+update_halo_kernel3_minus_2_b
413	0.000022583	430528	ops_par_loop_update_halo_kernel1_r1_90	update_halo_kernel1_r1
414	0.000023906	369120	ops_par_loop_group_74	update_halo_kernel2_xvel_minus_4_a+update_halo_kernel2_yvel_plus_4_a+update_halo_kernel4_plus_4_a
415	0.000022543	369120	ops_par_loop_group_75	update_halo_kernel2_xvel_minus_2_a+update_halo_kernel2_yvel_plus_2_a+update_halo_kernel4_plus_2_a
416	0.000022653	369120	ops_par_loop_group_76	update_halo_kernel2_xvel_minus_2_b+update_halo_kernel2_yvel_plus_2_b+update_halo_kernel4_plus_4_b
417	0.000018666	123040	ops_par_loop_update_halo_kernel4_plus_2_b_122	update_halo_kernel4_plus_2_b
418	0.001781854	1416561152	ops_par_loop_group_78	advec_mom_kernel_x2+reset_field_kernel1+ideal_gas_kernel
419	0.000195752	236236864	ops_par_loop_advec_mom_kernel_mass_flux_x_124	advec_mom_kernel_mass_flux_x
420	0.000581865	590438520	ops_par_loop_advec_mom_kernel_post_pre_advec_x_125	advec_mom_kernel_post_pre_advec_x
421	0.000884109	472258640	ops_par_loop_advec_mom_kernel1_x_nonvector_126	advec_mom_kernel1_x_nonvector
422	0.000454583	590131240	ops_par_loop_advec_mom_kernel2_x_127	advec_mom_kernel2_x
423	0.000498236	472842752	ops_par_loop_advec_mom_kernel_x2_128	advec_mom_kernel_x2
424	0.000194770	236236864	ops_par_loop_advec_mom_kernel_mass_flux_x_129	advec_mom_kernel_mass_flux_x
425	0.000575153	590438520	ops_par_loop_advec_mom_kernel_post_pre_advec_x_130	advec_mom_kernel_post_pre_advec_x
426	0.000884269	472258640	ops_par_loop_advec_mom_kernel1_x_nonvector_131	advec_mom_kernel1_x_nonvector
427	0.000727702	1062236232	ops_par_loop_group_87	advec_mom_kernel2_x+reset_field_kernel2
428	0.000021110	430304	ops_par_loop_update_halo_kernel1_b1_136	update_halo_kernel1_b1
429	0.000020449	430304	ops_par_loop_update_halo_kernel1_t1_137	update_halo_kernel1_t1
430	0.000024636	430304	ops_par_loop_update_halo_kernel1_l1_138	update_halo_kernel1_l1
431	0.000025178	430304	ops_par_loop_update_halo_kernel1_r1_139	update_halo_kernel1_r1
432	0.000019608	245952	ops_par_loop_group_92	update_halo_kernel2_xvel_plus_2_a+update_halo_kernel2_yvel_minus_2_a
433	0.000020258	245952	ops_par_loop_group_93	update_halo_kernel2_xvel_plus_2_b+update_halo_kernel2_yvel_minus_2_b
434	0.000020789	245952	ops_par_loop_group_94	update_halo_kernel2_xvel_minus_2_a+update_halo_kernel2_yvel_plus_2_a
435	0.000022383	245952	ops_par_loop_group_95	update_halo_kernel2_xvel_minus_2_b+update_halo_kernel2_yvel_plus_2_b
436	0.001738181	589885440	ops_par_loop_viscosity_kernel_148	viscosity_kernel
437	0.000022343	430304	ops_par_loop_update_halo_kernel1_b1_149	update_halo_kernel1_b1
438	0.000021481	430304	ops_par_loop_update_halo_kernel1_t1_150	update_halo_kernel1_t1
439	0.000024276	430304	ops_par_loop_update_halo_kernel1_l1_151	update_halo_kernel1_l1
440	0.000023825	430304	ops_par_loop_update_halo_kernel1_r1_152	update_halo_kernel1_r1
441	0.000918925	1061744640	ops_par_loop_calc_dt_kernel_153	calc_dt_kernel
442	0.001491823	1887436800	ops_par_loop_group_0	PdV_kernel_predict+ideal_gas_kernel
443	0.000022372	430304	ops_par_loop_update_halo_kernel1_b1_2	update_halo_kernel1_b1
444	0.000019828	430304	ops_par_loop_update_halo_kernel1_t1_3	update_halo_kernel1_t1
445	0.000024357	430304	ops_par_loop_update_halo_kernel1_l1_4	update_halo_kernel1_l1
446	0.000023525	430304	ops_par_loop_update_halo_kernel1_r1_5	update_halo_kernel1_r1
447	0.001557107	1770147928	ops_par_loop_group_5	revert_kernel+accelerate_kernel
448	0.001357468	1651507200	ops_par_loop_PdV_kernel_nopredict_8	PdV_kernel_nopredict
449	0.000362789	471982080	ops_par_loop_flux_calc_kernelx_9	flux_calc_kernelx
450	0.000358731	471982080	ops_par_loop_flux_calc_kernely_10	flux_calc_kernely
451	0.000022623	553536	ops_par_loop_group_9	update_halo_kernel1_b2+update_halo_kernel4_minus_4_a
452	0.000021651	553536	ops_par_loop_group_10	update_halo_kernel1_b1+update_halo_kernel4_minus_2_a
453	0.000021250	369120	ops_par_loop_group_11	update_halo_kernel3_plus_4_a+update_halo_kernel2_xvel_plus_4_a+update_halo_kernel2_yvel_minus_4_a
454	0.000020889	369120	ops_par_loop_group_12	update_halo_kernel3_plus_2_a+update_halo_kernel2_xvel_plus_2_a+update_halo_kernel2_yvel_minus_2_a
455	0.000019587	123008	ops_par_loop_update_halo_kernel4_minus_4_b_29	update_halo_kernel4_minus_4_b
456	0.000021070	553536	ops_par_loop_group_14	update_halo_kernel1_t2+update_halo_kernel4_minus_2_b
457	0.000020119	430528	ops_par_loop_update_halo_kernel1_t1_14	update_halo_kernel1_t1
458	0.000019828	246080	ops_par_loop_group_16	update_halo_kernel2_xvel_plus_4_b+update_halo_kernel2_yvel_minus_4_b
459	0.000021070	369120	ops_par_loop_group_17	update_halo_kernel3_plus_4_b+update_halo_kernel2_xvel_plus_2_b+update_halo_kernel2_yvel_minus_2_b
460	0.000018796	123040	ops_par_loop_update_halo_kernel3_plus_2_b_22	update_halo_kernel3_plus_2_b
461	0.000026190	553536	ops_par_loop_group_19	update_halo_kernel1_l2+update_halo_kernel3_minus_4_a
462	0.000024206	553536	ops_par_loop_group_20	update_halo_kernel1_l1+update_halo_kernel3_minus_2_a
463	0.000020750	123008	ops_par_loop_update_halo_kernel3_minus_4_b_25	update_halo_kernel3_minus_4_b
464	0.000023936	553536	ops_par_loop_group_22	update_halo_kernel1_r2+update_halo_kernel3_minus_2_b
465	0.000021641	430528	ops_par_loop_update_halo_kernel1_r1_18	update_halo_kernel1_r1
466	0.000023464	369120	ops_par_loop_group_24	update_halo_kernel4_plus_4_a+update_halo_kernel2_xvel_minus_4_a+update_halo_kernel2_yvel_plus_4_a
467	0.000021761	369120	ops_par_loop_group_25	update_halo_kernel4_plus_2_a+update_halo_kernel2_xvel_minus_2_a+update_halo_kernel2_yvel_plus_2_a
468	0.000021521	246080	ops_par_loop_group_26	update_halo_kernel2_xvel_minus_4_b+update_halo_kernel2_yvel_plus_4_b
469	0.000023094	369120	ops_par_loop_group_27	update_halo_kernel4_plus_4_b+update_halo_kernel2_xvel_minus_2_b+update_halo_kernel2_yvel_plus_2_b
470	0.000019437	123040	ops_par_loop_update_halo_kernel4_plus_2_b_34	update_halo_kernel4_plus_2_b
471	0.000562759	591053440	ops_par_loop_advec_cell_kernel1_xdir_35	advec_cell_kernel1_xdir
472	0.000772688	708203544	ops_par_loop_advec_cell_kernel3_xdir_36	advec_cell_kernel3_xdir
473	0.001462818	1533542400	ops_par_loop_advec_cell_kernel4_xdir_37	advec_cell_kernel4_xdir
474	0.000021521	430528	ops_par_loop_update_halo_kernel1_b2_38	update_halo_kernel1_b2
475	0.000020629	430528	ops_par_loop_update_halo_kernel1_b1_39	update_halo_kernel1_b1
476	0.000019787	430528	ops_par_loop_update_halo_kernel1_t2_40	update_halo_kernel1_t2
477	0.000020960	430528	ops_par_loop_update_halo_kernel1_t1_41	update_halo_kernel1_t1
478	0.000018796	123040	ops_par_loop_update_halo_kernel3_plus_4_a_62	update_halo_kernel3_plus_4_a
479	0.000018455	123040	ops_par_loop_update_halo_kernel3_plus_2_a_63	update_halo_kernel3_plus_2_a
480	0.000018455	123040	ops_par_loop_update_halo_kernel3_plus_4_b_64	update_halo_kernel3_plus_4_b
481	0.000018244	123040	ops_par_loop_update_halo_kernel3_plus_2_b_65	update_halo_kernel3_plus_2_b
482	0.000027081	553536	ops_par_loop_group_40	update_halo_kernel1_l2+update_halo_kernel3_minus_4_a
483	0.000024246	553536	ops_par_loop_group_41	update_halo_kernel1_l1+update_halo_kernel3_minus_2_a
484	0.000019026	123008	ops_par_loop_update_halo_kernel3_minus_4_b_68	update_halo_kernel3_minus_4_b
485	0.000025037	553536	ops_par_loop_group_43	update_halo_kernel1_r2+update_halo_kernel3_minus_2_b
486	0.000021911	430528	ops_par_loop_update_halo_kernel1_r1_45	update_halo_kernel1_r1
487	0.000563590	591053440	ops_par_loop_advec_mom_kernel_x1_70	advec_mom_kernel_x1
488	0.000193607	236236864	ops_par_loop_advec_mom_kernel_mass_flux_x_71	advec_mom_kernel_mass_flux_x
489	0.000571645	590438520	ops_par_loop_advec_mom_kernel_post_pre_advec_x_72	advec_mom_kernel_post_pre_advec_x
490	0.000883478	472258640	ops_par_loop_advec_mom_kernel1_x_nonvector_73	advec_mom_kernel1_x_nonvector
491	0.000452660	590131240	ops_par_loop_advec_mom_kernel2_x_74	advec_mom_kernel2_x
492	0.000561757	591053440	ops_par_loop_advec_mom_kernel_x1_75	advec_mom_kernel_x1
493	0.000194159	236236864	ops_par_loop_advec_mom_kernel_mass_flux_x_76	advec_mom_kernel_mass_flux_x
494	0.000574702	590438520	ops_par_loop_advec_mom_kernel_post_pre_advec_x_77	advec_mom_kernel_post_pre_advec_x
495	0.000889339	472258640	ops_par_loop_advec_mom_kernel1_x_nonvector_78	advec_mom_kernel1_x_nonvector
496	0.000445175	590131240	ops_par_loop_advec_mom_kernel2_x_79	advec_mom_kernel2_x
497	0.000497525	472842752	ops_par_loop_advec_cell_kernel2_ydir_80	advec_cell_kernel2_ydir
498	0.000789509	708203544	ops_par_loop_advec_cell_kernel3_ydir_81	advec_cell_kernel3_ydir
499	0.001474260	1533542400	ops_par_loop_advec_cell_kernel4_ydir_82	advec_cell_kernel4_ydir
500	0.000023003	553536	ops_par_loop_group_58	update_halo_kernel1_b2+update_halo_kernel4_minus_4_a
501	0.000021601	553536	ops_par_loop_group_59	update_halo_kernel1_b1+update_halo_kernel4_minus_2_a
502	0.000021511	369120	ops_par_loop_group_60	update_halo_kernel2_xvel_plus_4_a+update_halo_kernel2_yvel_minus_4_a+update_halo_kernel3_plus_4_a
503	0.000022041	369120	ops_par_loop_group_61	update_halo_kernel2_xvel_plus_2_a+update_halo_kernel2_yvel_minus_2_a+update_halo_kernel3_plus_2_a
504	0.000019788	246080	ops_par_loop_group_62	update_halo_kernel2_xvel_plus_4_b+update_halo_kernel2_yvel_minus_4_b
505	0.000020599	369120	ops_par_loop_group_63	update_halo_kernel2_xvel_plus_2_b+update_halo_kernel2_yvel_minus_2_b+update_halo_kernel3_plus_4_b
506	0.000021782	246080	ops_par_loop_group_64	update_halo_kernel2_xvel_minus_4_b+update_halo_kernel2_yvel_plus_4_b
507	0.000019637	123040	ops_par_loop_update_halo_kernel3_plus_2_b_110	update_halo_kernel3_plus_2_b
508	0.000019788	123008	ops_par_loop_update_halo_kernel3_minus_4_b_113	update_halo_kernel3_minus_4_b
509	0.000018736	123008	ops_par_loop_update_halo_kernel4_minus_4_b_117	update_halo_kernel4_minus_4_b
510	0.000021100	553536	ops_par_loop_group_68	update_halo_kernel1_t2+update_halo_kernel4_minus_2_b
511	0.000021030	430528	ops_par_loop_update_halo_kernel1_t1_86	update_halo_kernel1_t1
512	0.000026470	553536	ops_par_loop_group_70	update_halo_kernel1_l2+update_halo_kernel3_minus_4_a
513	0.000023796	553536	ops_par_loop_group_71	update_halo_kernel1_l1+update_halo_kernel3_minus_2_a
514	0.000024867	553536	ops_par_loop_group_72	update_halo_kernel1_r2+update_halo_kernel3_minus_2_b
515	0.000022042	430528	ops_par_loop_update_halo_kernel1_r1_90	update_halo_kernel1_r1
516	0.000023645	369120	ops_par_loop_group_74	update_halo_kernel2_xvel_minus_4_a+update_halo_kernel2_yvel_plus_4_a+update_halo_kernel4_plus_4_a
517	0.000021521	369120	ops_par_loop_group_75	update_halo_kernel2_xvel_minus_2_a+update_halo_kernel2_yvel_plus_2_a+update_halo_kernel4_plus_2_a
518	0.000023023	369120	ops_par_loop_group_76	update_halo_kernel2_xvel_minus_2_b+update_halo_kernel2_yvel_plus_2_b+update_halo_kernel4_plus_4_b
519	0.000018716	123040	ops_par_loop_update_halo_kernel4_plus_2_b_122	update_halo_kernel4_plus_2_b
520	0.001790320	1416561152	ops_par_loop_group_78	advec_mom_kernel_y2+reset_field_kernel1+ideal_gas_kernel
521	0.000195481	236236864	ops_par_loop_advec_mom_kernel_mass_flux_y_124	advec_mom_kernel_mass_flux_y
522	0.000532080	590438520	ops_par_loop_advec_mom_kernel_post_pre_advec_y_125	advec_mom_kernel_post_pre_advec_y
523	0.000879460	472258640	ops_par_loop_advec_mom_kernel1_y_nonvector_126	advec_mom_kernel1_y_nonvector
524	0.000447610	590131240	ops_par_loop_advec_mom_kernel2_y_127	advec_mom_kernel2_y
525	0.000491123	472842752	ops_par_loop_advec_mom_kernel_y2_128	advec_mom_kernel_y2
526	0.000192535	236236864	ops_par_loop_advec_mom_kernel_mass_flux_y_129	advec_mom_kernel_mass_flux_y
527	0.000532732	590438520	ops_par_loop_advec_mom_kernel_post_pre_advec_y_130	advec_mom_kernel_post_pre_advec_y
528	0.000878799	472258640	ops_par_loop_advec_mom_kernel1_y_nonvector_131	advec_mom_kernel1_y_nonvector
529	0.000732391	1062236232	ops_par_loop_group_87	advec_mom_kernel2_y+reset_field_kernel2
530	0.000021501	430304	ops_par_loop_update_halo_kernel1_b1_136	update_halo_kernel1_b1
531	0.000020399	430304	ops_par_loop_update_halo_kernel1_t1_137	update_halo_kernel1_t1
532	0.000023735	430304	ops_par_loop_update_halo_kernel1_l1_138	update_halo_kernel1_l1
533	0.000023916	430304	ops_par_loop_update_halo_kernel1_r1_139	update_halo_kernel1_r1
534	0.000019617	245952	ops_par_loop_group_92	update_halo_kernel2_xvel_plus_2_a+update_halo_kernel2_yvel_minus_2_a
535	0.000019357	245952	ops_par_loop_group_93	update_halo_kernel2_xvel_plus_2_b+update_halo_kernel2_yvel_minus_2_b
536	0.000021360	245952	ops_par_loop_group_94	update_halo_kernel2_xvel_minus_2_a+update_halo_kernel2_yvel_plus_2_a
537	0.000020959	245952	ops_par_loop_group_95	update_halo_kernel2_xvel_minus_2_b+update_halo_kernel2_yvel_plus_2_b
538	0.001738562	589885440	ops_par_loop_viscosity_kernel_148	viscosity_kernel
539	0.000022462	430304	ops_par_loop_update_halo_kernel1_b1_149	update_halo_kernel1_b1
540	0.000021411	430304	ops_par_loop_update_halo_kernel1_t1_150	update_halo_kernel1_t1
541	0.000023856	430304	ops_par_loop_update_halo_kernel1_l1_151	update_halo_kernel1_l1
542	0.000023094	430304	ops_par_loop_update_halo_kernel1_r1_152	update_halo_kernel1_r1
543	0.000918384	1061744640	ops_par_loop_calc_dt_kernel_153	calc_dt_kernel
544	0.001482465	1887436800	ops_par_loop_group_0	PdV_kernel_predict+ideal_gas_kernel
545	0.000021862	430304	ops_par_loop_update_halo_kernel1_b1_2	update_halo_kernel1_b1
546	0.000019727	430304	ops_par_loop_update_halo_kernel1_t1_3	update_halo_kernel1_t1
547	0.000024676	430304	ops_par_loop_update_halo_kernel1_l1_4	update_halo_kernel1_l1
548	0.000023595	430304	ops_par_loop_update_halo_kernel1_r1_5	update_halo_kernel1_r1
549	0.001557658	1770147928	ops_par_loop_group_5	revert_kernel+accelerate_kernel
550	0.001351647	1651507200	ops_par_loop_PdV_kernel_nopredict_8	PdV_kernel_nopredict
551	0.000363280	471982080	ops_par_loop_flux_calc_kernelx_9	flux_calc_kernelx
552	0.000358561	471982080	ops_par_loop_flux_calc_kernely_10	flux_calc_kernely
553	0.000021751	553536	ops_par_loop_group_9	update_halo_kernel1_b2+update_halo_kernel4_minus_4_a
554	0.000026140	553536	ops_par_loop_group_10	update_halo_kernel1_b1+update_halo_kernel4_minus_2_a
555	0.000021881	369120	ops_par_loop_group_11	update_halo_kernel3_plus_4_a+update_halo_kernel2_xvel_plus_4_a+update_halo_kernel2_yvel_minus_4_a
556	0.000020930	369120	ops_par_loop_group_12	update_halo_kernel3_plus_2_a+update_halo_kernel2_xvel_plus_2_a+update_halo_kernel2_yvel_minus_2_a
557	0.000018155	123008	ops_par_loop_update_halo_kernel4_minus_4_b_29	update_halo_kernel4_minus_4_b
558	0.000020559	553536	ops_par_loop_group_14	update_halo_kernel1_t2+update_halo_kernel4_minus_2_b
559	0.000020469	430528	ops_par_loop_update_halo_kernel1_t1_14	update_halo_kernel1_t1
560	0.000019818	246080	ops_par_loop_group_16	update_halo_kernel2_xvel_plus_4_b+update_halo_kernel2_yvel_minus_4_b
561	0.000020519	369120	ops_par_loop_group_17	update_halo_kernel3_plus_4_b+update_halo_kernel2_xvel_plus_2_b+update_halo_kernel2_yvel_minus_2_b
562	0.000019658	123040	ops_par_loop_update_halo_kernel3_plus_2_b_22	update_halo_kernel3_plus_2_b
563	0.000025979	553536	ops_par_loop_group_19	update_halo_kernel1_l2+update_halo_kernel3_minus_4_a
564	0.000023184	553536	ops_par_loop_group_20	update_halo_kernel1_l1+update_halo_kernel3_minus_2_a
565	0.000019508	123008	ops_par_loop_update_halo_kernel3_minus_4_b_25	update_halo_kernel3_minus_4_b
566	0.000024927	553536	ops_par_loop_group_22	update_halo_kernel1_r2+update_halo_kernel3_minus_2_b
567	0.000022001	430528	ops_par_loop_update_halo_kernel1_r1_18	update_halo_kernel1_r1
568	0.000023966	369120	ops_par_loop_group_24	update_halo_kernel4_plus_4_a+update_halo_kernel2_xvel_minus_4_a+update_halo_kernel2_yvel_plus_4_a
569	0.000021782	369120	ops_par_loop_group_25	update_halo_kernel4_plus_2_a+update_halo_kernel2_xvel_minus_2_a+update_halo_kernel2_yvel_plus_2_a
570	0.000021150	246080	ops_par_loop_group_26	update_halo_kernel2_xvel_minus_4_b+update_halo_kernel2_yvel_plus_4_b
571	0.000023444	369120	ops_par_loop_group_27	update_halo_kernel4_plus_4_b+update_halo_kernel2_xvel_minus_2_b+update_halo_kernel2_yvel_plus_2_b
572	0.000019066	123040	ops_par_loop_update_halo_kernel4_plus_2_b_34	update_halo_kernel4_plus_2_b
573	0.000564883	591053440	ops_par_loop_advec_cell_kernel1_ydir_35	advec_cell_kernel1_ydir
574	0.000789700	708203544	ops_par_loop_advec_cell_kernel3_ydir_36	advec_cell_kernel3_ydir
575	0.001473147	1533542400	ops_par_loop_advec_cell_kernel4_ydir_37	advec_cell_kernel4_ydir
576	0.000022443	553536	ops_par_loop_group_32	update_halo_kernel1_b2+update_halo_kernel4_minus_4_a
577	0.000021221	553536	ops_par_loop_group_33	update_halo_kernel1_b1+update_halo_kernel4_minus_2_a
578	0.000018936	123008	ops_par_loop_update_halo_kernel4_minus_4_b_64	update_halo_kernel4_minus_4_b
579	0.000021020	553536	ops_par_loop_group_35	update_halo_kernel1_t2+update_halo_kernel4_minus_2_b
580	0.000020659	430528	ops_par_loop_update_halo_kernel1_t1_41	update_halo_kernel1_t1
581	0.000024146	430528	ops_par_loop_update_halo_kernel1_l2_42	update_halo_kernel1_l2
582	0.000022062	430528	ops_par_loop_update_halo_kernel1_l1_43	update_halo_kernel1_l1
583	0.000023846	430528	ops_par_loop_update_halo_kernel1_r2_44	update_halo_kernel1_r2
584	0.000021491	430528	ops_par_loop_update_halo_kernel1_r1_45	update_halo_kernel1_r1
585	0.000019878	123040	ops_par_loop_update_halo_kernel4_plus_4_a_66	update_halo_kernel4_plus_4_a
586	0.000019316	123040	ops_par_loop_update_halo_kernel4_plus_2_a_67	update_halo_kernel4_plus_2_a
587	0.000019347	123040	ops_par_loop_update_halo_kernel4_plus_4_b_68	update_halo_kernel4_plus_4_b
588	0.000018515	123040	ops_par_loop_update_halo_kernel4_plus_2_b_69	update_halo_kernel4_plus_2_b
589	0.000562288	591053440	ops_par_loop_advec_mom_kernel_y1_70	advec_mom_kernel_y1
590	0.000191974	236236864	ops_par_loop_advec_mom_kernel_mass_flux_y_71	advec_mom_kernel_mass_flux_y
591	0.000531249	590438520	ops_par_loop_advec_mom_kernel_post_pre_advec_y_72	advec_mom_kernel_post_pre_advec_y
592	0.000878979	472258640	ops_par_loop_advec_mom_kernel1_y_nonvector_73	advec_mom_kernel1_y_nonvector
593	0.000450235	590131240	ops_par_loop_advec_mom_kernel2_y_74	advec_mom_kernel2_y
594	0.000563931	591053440	ops_par_loop_advec_mom_kernel_y1_75	advec_mom_kernel_y1
595	0.000192786	236236864	ops_par_loop_advec_mom_kernel_mass_flux_y_76	advec_mom_kernel_mass_flux_y
596	0.000530858	590438520	ops_par_loop_advec_mom_kernel_post_pre_advec_y_77	advec_mom_kernel_post_pre_advec_y
597	0.000879821	472258640	ops_par_loop_advec_mom_kernel1_y_nonvector_78	advec_mom_kernel1_y_nonvector
598	0.000446958	590131240	ops_par_loop_advec_mom_kernel2_y_79	advec_mom_kernel2_y
599	0.000491714	472842752	ops_par_loop_advec_cell_kernel2_xdir_80	advec_cell_kernel2_xdir
600	0.000773690	708203544	ops_par_loop_advec_cell_kernel3_xdir_81	advec_cell_kernel3_xdir
601	0.001463119	1533542400	ops_par_loop_advec_cell_kernel4_xdir_82	advec_cell_kernel4_xdir
602	0.000022914	553536	ops_par_loop_group_58	update_halo_kernel1_b2+update_halo_kernel4_minus_4_a
603	0.000022173	553536	ops_par_loop_group_59	update_halo_kernel1_b1+update_halo_kernel4_minus_2_a
604	0.000022112	369120	ops_par_loop_group_60	update_halo_kernel2_xvel_plus_4_a+update_halo_kernel2_yvel_minus_4_a+update_halo_kernel3_plus_4_a
605	0.000021560	369120	ops_par_loop_group_61	update_halo_kernel2_xvel_plus_2_a+update_halo_kernel2_yvel_minus_2_a+update_halo_kernel3_plus_2_a
606	0.000019477	246080	ops_par_loop_group_62	update_halo_kernel2_xvel_plus_4_b+update_halo_kernel2_yvel_minus_4_b
607	0.000024466	369120	ops_par_loop_group_63	update_halo_kernel2_xvel_plus_2_b+update_halo_kernel2_yvel_minus_2_b+update_halo_kernel3_plus_4_b
608	0.000021852	246080	ops_par_loop_group_64	update_halo_kernel2_xvel_minus_4_b+update_halo_kernel2_yvel_plus_4_b
609	0.000019628	123040	ops_par_loop_update_halo_kernel3_plus_2_b_110	update_halo_kernel3_plus_2_b
610	0.000019598	123008	ops_par_loop_update_halo_kernel3_minus_4_b_113	update_halo_kernel3_minus_4_b
611	0.000019136	123008	ops_par_loop_update_halo_kernel4_minus_4_b_117	update_halo_kernel4_minus_4_b
612	0.000021150	553536	ops_par_loop_group_68	update_halo_kernel1_t2+update_halo_kernel4_minus_2_b
613	0.000021390	430528	ops_par_loop_update_halo_kernel1_t1_86	update_halo_kernel1_t1
614	0.000027141	553536	ops_par_loop_group_70	update_halo_kernel1_l2+update_halo_kernel3_minus_4_a
615	0.000023234	553536	ops_par_loop_group_71	update_halo_kernel1_l1+update_halo_kernel3_minus_2_a
616	0.000024867	553536	ops_par_loop_group_72	update_halo_kernel1_r2+update_halo_kernel3_minus_2_b
617	0.000021040	430528	ops_par_loop_update_halo_kernel1_r1_90	update_halo_kernel1_r1
618	0.000023965	369120	ops_par_loop_group_74	update_halo_kernel2_xvel_minus_4_a+update_halo_kernel2_yvel_plus_4_a+update_halo_kernel4_plus_4_a
619	0.000022092	369120	ops_par_loop_group_75	update_halo_kernel2_xvel_minus_2_a+update_halo_kernel2_yvel_plus_2_a+update_halo_kernel4_plus_2_a
620	0.000022663	369120	ops_par_loop_group_76	update_halo_kernel2_xvel_minus_2_b+update_halo_kernel2_yvel_plus_2_b+update_halo_kernel4_plus_4_b
621	0.000018234	123040	ops_par_loop_update_halo_kernel4_plus_2_b_122	update_halo_kernel4_plus_2_b
622	0.001799878	1416561152	ops_par_loop_group_78	advec_mom_kernel_x2+reset_field_kernel1+ideal_gas_kernel
623	0.000196493	236236864	ops_par_loop_advec_mom_kernel_mass_flux_x_124	advec_mom_kernel_mass_flux_x
624	0.000577838	590438520	ops_par_loop_advec_mom_kernel_post_pre_advec_x_125	advec_mom_kernel_post_pre_advec_x
625	0.000884730	472258640	ops_par_loop_advec_mom_kernel1_x_nonvector_126	advec_mom_kernel1_x_nonvector
626	0.000449473	590131240	ops_par_loop_advec_mom_kernel2_x_127	advec_mom_kernel2_x
627	0.000496563	472842752	ops_par_loop_advec_mom_kernel_x2_128	advec_mom_kernel_x2
628	0.000194239	236236864	ops_par_loop_advec_mom_kernel_mass_flux_x_129	advec_mom_kernel_mass_flux_x
629	0.000576454	590438520	ops_par_loop_advec_mom_kernel_post_pre_advec_x_130	advec_mom_kernel_post_pre_advec_x
630	0.000883849	472258640	ops_par_loop_advec_mom_kernel1_x_nonvector_131	advec_mom_kernel1_x_nonvector
631	0.000733854	1062236232	ops_par_loop_group_87	advec_mom_kernel2_x+reset_field_kernel2
632	0.000021361	430304	ops_par_loop_update_halo_kernel1_b1_136	update_halo_kernel1_b1
633	0.000019857	430304	ops_par_loop_update_halo_kernel1_t1_137	update_halo_kernel1_t1
634	0.000024347	430304	ops_par_loop_update_halo_kernel1_l1_138	update_halo_kernel1_l1
635	0.000023435	430304	ops_par_loop_update_halo_kernel1_r1_139	update_halo_kernel1_r1
636	0.000019608	245952	ops_par_loop_group_92	update_halo_kernel2_xvel_plus_2_a+update_halo_kernel2_yvel_minus_2_a
637	0.000019086	245952	ops_par_loop_group_93	update_halo_kernel2_xvel_plus_2_b+update_halo_kernel2_yvel_minus_2_b
638	0.000020870	245952	ops_par_loop_group_94	update_halo_kernel2_xvel_minus_2_a+update_halo_kernel2_yvel_plus_2_a
639	0.000021411	245952	ops_par_loop_group_95	update_halo_kernel2_xvel_minus_2_b+update_halo_kernel2_yvel_plus_2_b
640	0.001737840	589885440	ops_par_loop_viscosity_kernel_148	viscosity_kernel
641	0.000021831	430304	ops_par_loop_update_halo_kernel1_b1_149	update_halo_kernel1_b1
642	0.000020710	430304	ops_par_loop_update_halo_kernel1_t1_150	update_halo_kernel1_t1
643	0.000023655	430304	ops_par_loop_update_halo_kernel1_l1_151	update_halo_kernel1_l1
644	0.000023124	430304	ops_par_loop_update_halo_kernel1_r1_152	update_halo_kernel1_r1
645	0.000919366	1061744640	ops_par_loop_calc_dt_kernel_153	calc_dt_kernel
646	0.001490941	1887436800	ops_par_loop_group_0	PdV_kernel_predict+ideal_gas_kernel
647	0.000022012	430304	ops_par_loop_update_halo_kernel1_b1_2	update_halo_kernel1_b1
648	0.000019757	430304	ops_par_loop_update_halo_kernel1_t1_3	update_halo_kernel1_t1
649	0.000023194	430304	ops_par_loop_update_halo_kernel1_l1_4	update_halo_kernel1_l1
650	0.000023645	430304	ops_par_loop_update_halo_kernel1_r1_5	update_halo_kernel1_r1
651	0.001558520	1770147928	ops_par_loop_group_5	revert_kernel+accelerate_kernel
652	0.001354883	1651507200	ops_par_loop_PdV_kernel_nopredict_8	PdV_kernel_nopredict
653	0.000364562	471982080	ops_par_loop_flux_calc_kernelx_9	flux_calc_kernelx
654	0.000356827	471982080	ops_par_loop_flux_calc_kernely_10	flux_calc_kernely
655	0.000022002	553536	ops_par_loop_group_9	update_halo_kernel1_b2+update_halo_kernel4_minus_4_a
656	0.000021411	553536	ops_par_loop_group_10	update_halo_kernel1_b1+update_halo_kernel4_minus_2_a
657	0.000021651	369120	ops_par_loop_group_11	update_halo_kernel3_plus_4_a+update_halo_kernel2_xvel_plus_4_a+update_halo_kernel2_yvel_minus_4_a
658	0.000021301	369120	ops_par_loop_group_12	update_halo_kernel3_plus_2_a+update_halo_kernel2_xvel_plus_2_a+update_halo_kernel2_yvel_minus_2_a
659	0.000019187	123008	ops_par_loop_update_halo_kernel4_minus_4_b_29	update_halo_kernel4_minus_4_b
660	0.000021140	553536	ops_par_loop_group_14	update_halo_kernel1_t2+update_halo_kernel4_minus_2_b
661	0.000019968	430528	ops_par_loop_update_halo_kernel1_t1_14	update_halo_kernel1_t1
662	0.000019968	246080	ops_par_loop_group_16	update_halo_kernel2_xvel_plus_4_b+update_halo_kernel2_yvel_minus_4_b
663	0.000021521	369120	ops_par_loop_group_17	update_halo_kernel3_plus_4_b+update_halo_kernel2_xvel_plus_2_b+update_halo_kernel2_yvel_minus_2_b
664	0.000018825	123040	ops_par_loop_update_halo_kernel3_plus_2_b_22	update_halo_kernel3_plus_2_b
665	0.000025899	553536	ops_par_loop_group_19	update_halo_kernel1_l2+update_halo_kernel3_minus_4_a
666	0.000022783	553536	ops_par_loop_group_20	update_halo_kernel1_l1+update_halo_kernel3_minus_2_a
667	0.000019717	123008	ops_par_loop_update_halo_kernel3_minus_4_b_25	update_halo_kernel3_minus_4_b
668	0.000031780	553536	ops_par_loop_group_22	update_halo_kernel1_r2+update_halo_kernel3_minus_2_b
669	0.000021461	430528	ops_par_loop_update_halo_kernel1_r1_18	update_halo_kernel1_r1
670	0.000024567	369120	ops_par_loop_group_24	update_halo_kernel4_plus_4_a+update_halo_kernel2_xvel_minus_4_a+update_halo_kernel2_yvel_plus_4_a
671	0.000022302	369120	ops_par_loop_group_25	update_halo_kernel4_plus_2_a+update_halo_kernel2_xvel_minus_2_a+update_halo_kernel2_yvel_plus_2_a
672	0.000021511	246080	ops_par_loop_group_26	update_halo_kernel2_xvel_minus_4_b+update_halo_kernel2_yvel_plus_4_b
673	0.000022653	369120	ops_par_loop_group_27	update_halo_kernel4_plus_4_b+update_halo_kernel2_xvel_minus_2_b+update_halo_kernel2_yvel_plus_2_b
674	0.000020038	123040	ops_par_loop_update_halo_kernel4_plus_2_b_34	update_halo_kernel4_plus_2_b
675	0.000563761	591053440	ops_par_loop_advec_cell_kernel1_xdir_35	advec_cell_kernel1_xdir
676	0.000773238	708203544	ops_par_loop_advec_cell_kernel3_xdir_36	advec_cell_kernel3_xdir
677	0.001462167	1533542400	ops_par_loop_advec_cell_kernel4_xdir_37	advec_cell_kernel4_xdir
678	0.000021992	430528	ops_par_loop_update_halo_kernel1_b2_38	update_halo_kernel1_b2
679	0.000021130	430528	ops_par_loop_update_halo_kernel1_b1_39	update_halo_kernel1_b1
680	0.000019967	430528	ops_par_loop_update_halo_kernel1_t2_40	update_halo_kernel1_t2
681	0.000020198	430528	ops_par_loop_update_halo_kernel1_t1_41	update_halo_kernel1_t1
682	0.000018706	123040	ops_par_loop_update_halo_kernel3_plus_4_a_62	update_halo_kernel3_plus_4_a
683	0.000019056	123040	ops_par_loop_update_halo_kernel3_plus_2_a_63	update_halo_kernel3_plus_2_a
684	0.000018125	123040	ops_par_loop_update_halo_kernel3_plus_4_b_64	update_halo_kernel3_plus_4_b
685	0.000018535	123040	ops_par_loop_update_halo_kernel3_plus_2_b_65	update_halo_kernel3_plus_2_b
686	0.000026691	553536	ops_par_loop_group_40	update_halo_kernel1_l2+update_halo_kernel3_minus_4_a
687	0.000023825	553536	ops_par_loop_group_41	update_halo_kernel1_l1+update_halo_kernel3_minus_2_a
688	0.000019167	123008	ops_par_loop_update_halo_kernel3_minus_4_b_68	update_halo_kernel3_minus_4_b
689	0.000024286	553536	ops_par_loop_group_43	update_halo_kernel1_r2+update_halo_kernel3_minus_2_b
690	0.000021501	430528	ops_par_loop_update_halo_kernel1_r1_45	update_halo_kernel1_r1
691	0.000561717	591053440	ops_par_loop_advec_mom_kernel_x1_70	advec_mom_kernel_x1
692	0.000193808	236236864	ops_par_loop_advec_mom_kernel_mass_flux_x_71	advec_mom_kernel_mass_flux_x
693	0.000575102	590438520	ops_par_loop_advec_mom_kernel_post_pre_advec_x_72	advec_mom_kernel_post_pre_advec_x
694	0.000884159	472258640	ops_par_loop_advec_mom_kernel1_x_nonvector_73	advec_mom_kernel1_x_nonvector
695	0.000448712	590131240	ops_par_loop_advec_mom_kernel2_x_74	advec_mom_kernel2_x
696	0.000561726	591053440	ops_par_loop_advec_mom_kernel_x1_75	advec_mom_kernel_x1
697	0.000194179	236236864	ops_par_loop_advec_mom_kernel_mass_flux_x_76	advec_mom_kernel_mass_flux_x
698	0.000576014	590438520	ops_par_loop_advec_mom_kernel_post_pre_advec_x_77	advec_mom_kernel_post_pre_advec_x
699	0.000884510	472258640	ops_par_loop_advec_mom_kernel1_x_nonvector_78	advec_mom_kernel1_x_nonvector
700	0.000447841	590131240	ops_par_loop_advec_mom_kernel2_x_79	advec_mom_kernel2_x
701	0.000499859	472842752	ops_par_loop_advec_cell_kernel2_ydir_80	advec_cell_kernel2_ydir
702	0.000790060	708203544	ops_par_loop_advec_cell_kernel3_ydir_81	advec_cell_kernel3_ydir
703	0.001473258	1533542400	ops_par_loop_advec_cell_kernel4_ydir_82	advec_cell_kernel4_ydir
704	0.000024056	553536	ops_par_loop_group_58	update_halo_kernel1_b2+update_halo_kernel4_minus_4_a
705	0.000021841	553536	ops_par_loop_group_59	update_halo_kernel1_b1+update_halo_kernel4_minus_2_a
706	0.000023134	369120	ops_par_loop_group_60	update_halo_kernel2_xvel_plus_4_a+update_halo_kernel2_yvel_minus_4_a+update_halo_kernel3_plus_4_a
707	0.000024767	369120	ops_par_loop_group_61	update_halo_kernel2_xvel_plus_2_a+update_halo_kernel2_yvel_minus_2_a+update_halo_kernel3_plus_2_a
708	0.000020348	246080	ops_par_loop_group_62	update_halo_kernel2_xvel_plus_4_b+update_halo_kernel2_yvel_minus_4_b
709	0.000021861	369120	ops_par_loop_group_63	update_halo_kernel2_xvel_plus_2_b+update_halo_kernel2_yvel_minus_2_b+update_halo_kernel3_plus_4_b
710	0.000022332	246080	ops_par_loop_group_64	update_halo_kernel2_xvel_minus_4_b+update_halo_kernel2_yvel_plus_4_b
711	0.000020689	123040	ops_par_loop_update_halo_kernel3_plus_2_b_110	update_halo_kernel3_plus_2_b
712	0.000020298	123008	ops_par_loop_update_halo_kernel3_minus_4_b_113	update_halo_kernel3_minus_4_b
713	0.000019587	123008	ops_par_loop_update_halo_kernel4_minus_4_b_117	update_halo_kernel4_minus_4_b
714	0.000021791	553536	ops_par_loop_group_68	update_halo_kernel1_t2+update_halo_kernel4_minus_2_b
715	0.000020950	430528	ops_par_loop_update_halo_kernel1_t1_86	update_halo_kernel1_t1
716	0.000027201	553536	ops_par_loop_group_70	update_halo_kernel1_l2+update_halo_kernel3_minus_4_a
717	0.000028734	553536	ops_par_loop_group_71	update_halo_kernel1_l1+update_halo_kernel3_minus_2_a
718	0.000025648	553536	ops_par_loop_group_72	update_halo_kernel1_r2+update_halo_kernel3_minus_2_b
719	0.000022353	430528	ops_par_loop_update_halo_kernel1_r1_90	update_halo_kernel1_r1
720	0.000024867	369120	ops_par_loop_group_74	update_halo_kernel2_xvel_minus_4_a+update_halo_kernel2_yvel_plus_4_a+update_halo_kernel4_plus_4_a
721	0.000021851	369120	ops_par_loop_group_75	update_halo_kernel2_xvel_minus_2_a+update_halo_kernel2_yvel_plus_2_a+update_halo_kernel4_plus_2_a
722	0.000025699	369120	ops_par_loop_group_76	update_halo_kernel2_xvel_minus_2_b+update_halo_kernel2_yvel_plus_2_b+update_halo_kernel4_plus_4_b
723	0.000019748	123040	ops_par_loop_update_halo_kernel4_plus_2_b_122	update_halo_kernel4_plus_2_b
724	0.001796241	1416561152	ops_par_loop_group_78	advec_mom_kernel_y2+reset_field_kernel1+ideal_gas_kernel
725	0.000195651	236236864	ops_par_loop_advec_mom_kernel_mass_flux_y_124	advec_mom_kernel_mass_flux_y
726	0.000533683	590438520	ops_par_loop_advec_mom_kernel_post_pre_advec_y_125	advec_mom_kernel_post_pre_advec_y
727	0.000879620	472258640	ops_par_loop_advec_mom_kernel1_y_nonvector_126	advec_mom_kernel1_y_nonvector
728	0.000453531	590131240	ops_par_loop_advec_mom_kernel2_y_127	advec_mom_kernel2_y
729	0.000602585	472842752	ops_par_loop_advec_mom_kernel_y2_128	advec_mom_kernel_y2
730	0.000192125	236236864	ops_par_loop_advec_mom_kernel_mass_flux_y_129	advec_mom_kernel_mass_flux_y
731	0.000534545	590438520	ops_par_loop_advec_mom_kernel_post_pre_advec_y_130	advec_mom_kernel_post_pre_advec_y
732	0.000879851	472258640	ops_par_loop_advec_mom_kernel1_y_nonvector_131	advec_mom_kernel1_y_nonvector
733	0.000732271	1062236232	ops_par_loop_group_87	advec_mom_kernel2_y+reset_field_kernel2
734	0.000022012	430304	ops_par_loop_update_halo_kernel1_b1_136	update_halo_kernel1_b1
735	0.000020429	430304	ops_par_loop_update_halo_kernel1_t1_137	update_halo_kernel1_t1
736	0.000024737	430304	ops_par_loop_update_halo_kernel1_l1_138	update_halo_kernel1_l1
737	0.000023635	430304	ops_par_loop_update_halo_kernel1_r1_139	update_halo_kernel1_r1
738	0.000019647	245952	ops_par_loop_group_92	update_halo_kernel2_xvel_plus_2_a+update_halo_kernel2_yvel_minus_2_a
739	0.000019848	245952	ops_par_loop_group_93	update_halo_kernel2_xvel_plus_2_b+update_halo_kernel2_yvel_minus_2_b
740	0.000021901	245952	ops_par_loop_group_94	update_halo_kernel2_xvel_minus_2_a+update_halo_kernel2_yvel_plus_2_a
741	0.000022303	245952	ops_par_loop_group_95	update_halo_kernel2_xvel_minus_2_b+update_halo_kernel2_yvel_plus_2_b
742	0.001738701	589885440	ops_par_loop_viscosity_kernel_148	viscosity_kernel
743	0.000021851	430304	ops_par_loop_update_halo_kernel1_b1_149	update_halo_kernel1_b1
744	0.000020529	430304	ops_par_loop_update_halo_kernel1_t1_150	update_halo_kernel1_t1
745	0.000023685	430304	ops_par_loop_update_halo_kernel1_l1_151	update_halo_kernel1_l1
746	0.000023234	430304	ops_par_loop_update_halo_kernel1_r1_152	update_halo_kernel1_r1
747	0.000919285	1061744640	ops_par_loop_calc_dt_kernel_153	calc_dt_kernel
748	0.001484449	1887436800	ops_par_loop_group_0	PdV_kernel_predict+ideal_gas_kernel
749	0.000024156	430304	ops_par_loop_update_halo_kernel1_b1_2	update_halo_kernel1_b1
750	0.000020249	430304	ops_par_loop_update_halo_kernel1_t1_3	update_halo_kernel1_t1
751	0.000024567	430304	ops_par_loop_update_halo_kernel1_l1_4	update_halo_kernel1_l1
752	0.000023966	430304	ops_par_loop_update_halo_kernel1_r1_5	update_halo_kernel1_r1
753	0.001558069	1770147928	ops_par_loop_group_5	revert_kernel+accelerate_kernel
754	0.001360393	1651507200	ops_par_loop_PdV_kernel_nopredict_8	PdV_kernel_nopredict
755	0.000361436	471982080	ops_par_loop_flux_calc_kernelx_9	flux_calc_kernelx
756	0.000356987	471982080	ops_par_loop_flux_calc_kernely_10	flux_calc_kernely
757	0.000021912	553536	ops_par_loop_group_9	update_halo_kernel1_b2+update_halo_kernel4_minus_4_a
758	0.000021101	553536	ops_par_loop_group_10	update_halo_kernel1_b1+update_halo_kernel4_minus_2_a
759	0.000021751	369120	ops_par_loop_group_11	update_halo_kernel3_plus_4_a+update_halo_kernel2_xvel_plus_4_a+update_halo_kernel2_yvel_minus_4_a
760	0.000020258	369120	ops_par_loop_group_12	update_halo_kernel3_plus_2_a+update_halo_kernel2_xvel_plus_2_a+update_halo_kernel2_yvel_minus_2_a
761	0.000018375	123008	ops_par_loop_update_halo_kernel4_minus_4_b_29	update_halo_kernel4_minus_4_b
762	0.000020789	553536	ops_par_loop_group_14	update_halo_kernel1_t2+update_halo_kernel4_minus_2_b
763	0.000020058	430528	ops_par_loop_update_halo_kernel1_t1_14	update_halo_kernel1_t1
764	0.000020439	246080	ops_par_loop_group_16	update_halo_kernel2_xvel_plus_4_b+update_halo_kernel2_yvel_minus_4_b
765	0.000021281	369120	ops_par_loop_group_17	update_halo_kernel3_plus_4_b+update_halo_kernel2_xvel_plus_2_b+update_halo_kernel2_yvel_minus_2_b
766	0.000018696	123040	ops_par_loop_update_halo_kernel3_plus_2_b_22	update_halo_kernel3_plus_2_b
767	0.000026109	553536	ops_par_loop_group_19	update_halo_kernel1_l2+update_halo_kernel3_minus_4_a
768	0.000022893	553536	ops_par_loop_group_20	update_halo_kernel1_l1+update_halo_kernel3_minus_2_a
769	0.000019707	123008	ops_par_loop_update_halo_kernel3_minus_4_b_25	update_halo_kernel3_minus_4_b
770	0.000024497	553536	ops_par_loop_group_22	update_halo_kernel1_r2+update_halo_kernel3_minus_2_b
771	0.000021480	430528	ops_par_loop_update_halo_kernel1_r1_18	update_halo_kernel1_r1
772	0.000023545	369120	ops_par_loop_group_24	update_halo_kernel4_plus_4_a+update_halo_kernel2_xvel_minus_4_a+update_halo_kernel2_yvel_plus_4_a
773	0.000022042	369120	ops_par_loop_group_25	update_halo_kernel4_plus_2_a+update_halo_kernel2_xvel_minus_2_a+update_halo_kernel2_yvel_plus_2_a
774	0.000020499	246080	ops_par_loop_group_26	update_halo_kernel2_xvel_minus_4_b+update_halo_kernel2_yvel_plus_4_b
775	0.000023114	369120	ops_par_loop_group_27	update_halo_kernel4_plus_4_b+update_halo_kernel2_xvel_minus_2_b+update_halo_kernel2_yvel_plus_2_b
776	0.000020218	123040	ops_par_loop_update_halo_kernel4_plus_2_b_34	update_halo_kernel4_plus_2_b
777	0.000563099	591053440	ops_par_loop_advec_cell_kernel1_ydir_35	advec_cell_kernel1_ydir
778	0.000790030	708203544	ops_par_loop_advec_cell_kernel3_ydir_36	advec_cell_kernel3_ydir
779	0.001472325	1533542400	ops_par_loop_advec_cell_kernel4_ydir_37	advec_cell_kernel4_ydir
780	0.000023024	553536	ops_par_loop_group_32	update_halo_kernel1_b2+update_halo_kernel4_minus_4_a
781	0.000021530	553536	ops_par_loop_group_33	update_halo_kernel1_b1+update_halo_kernel4_minus_2_a
782	0.000018986	123008	ops_par_loop_update_halo_kernel4_minus_4_b_64	update_halo_kernel4_minus_4_b
783	0.000020839	553536	ops_par_loop_group_35	update_halo_kernel1_t2+update_halo_kernel4_minus_2_b
784	0.000020189	430528	ops_par_loop_update_halo_kernel1_t1_41	update_halo_kernel1_t1
785	0.000023043	430528	ops_par_loop_update_halo_kernel1_l2_42	update_halo_kernel1_l2
786	0.000021441	430528	ops_par_loop_update_halo_kernel1_l1_43	update_halo_kernel1_l1
787	0.000023284	430528	ops_par_loop_update_halo_kernel1_r2_44	update_halo_kernel1_r2
788	0.000021521	430528	ops_par_loop_update_halo_kernel1_r1_45	update_halo_kernel1_r1
789	0.000019888	123040	ops_par_loop_update_halo_kernel4_plus_4_a_66	update_halo_kernel4_plus_4_a
790	0.000018796	123040	ops_par_loop_update_halo_kernel4_plus_2_a_67	update_halo_kernel4_plus_2_a
791	0.000019177	123040	ops_par_loop_update_halo_kernel4_plus_4_b_68	update_halo_kernel4_plus_4_b
792	0.000017985	123040	ops_par_loop_update_halo_kernel4_plus_2_b_69	update_halo_kernel4_plus_2_b
793	0.000561647	591053440	ops_par_loop_advec_mom_kernel_y1_70	advec_mom_kernel_y1
794	0.000191213	236236864	ops_par_loop_advec_mom_kernel_mass_flux_y_71	advec_mom_kernel_mass_flux_y
795	0.000532030	590438520	ops_par_loop_advec_mom_kernel_post_pre_advec_y_72	advec_mom_kernel_post_pre_advec_y
796	0.000879059	472258640	ops_par_loop_advec_mom_kernel1_y_nonvector_73	advec_mom_kernel1_y_nonvector
797	0.000443823	590131240	ops_par_loop_advec_mom_kernel2_y_74	advec_mom_kernel2_y
798	0.000562619	591053440	ops_par_loop_advec_mom_kernel_y1_75	advec_mom_kernel_y1
799	0.000192125	236236864	ops_par_loop_advec_mom_kernel_mass_flux_y_76	advec_mom_kernel_mass_flux_y
800	0.000534375	590438520	ops_par_loop_advec_mom_kernel_post_pre_advec_y_77	advec_mom_kernel_post_pre_advec_y
801	0.000878348	472258640	ops_par_loop_advec_mom_kernel1_y_nonvector_78	advec_mom_kernel1_y_nonvector
802	0.000446267	590131240	ops_par_loop_advec_mom_kernel2_y_79	advec_mom_kernel2_y
803	0.000491474	472842752	ops_par_loop_advec_cell_kernel2_xdir_80	advec_cell_kernel2_xdir
804	0.000776575	708203544	ops_par_loop_advec_cell_kernel3_xdir_81	advec_cell_kernel3_xdir
805	0.001462648	1533542400	ops_par_loop_advec_cell_kernel4_xdir_82	advec_cell_kernel4_xdir
806	0.000024236	553536	ops_par_loop_group_58	update_halo_kernel1_b2+update_halo_kernel4_minus_4_a
807	0.000025749	553536	ops_par_loop_group_59	update_halo_kernel1_b1+update_halo_kernel4_minus_2_a
808	0.000023915	369120	ops_par_loop_group_60	update_halo_kernel2_xvel_plus_4_a+update_halo_kernel2_yvel_minus_4_a+update_halo_kernel3_plus_4_a
809	0.000024516	369120	ops_par_loop_group_61	update_halo_kernel2_xvel_plus_2_a+update_halo_kernel2_yvel_minus_2_a+update_halo_kernel3_plus_2_a
810	0.000020429	246080	ops_par_loop_group_62	update_halo_kernel2_xvel_plus_4_b+update_halo_kernel2_yvel_minus_4_b
811	0.000022072	369120	ops_par_loop_group_63	update_halo_kernel2_xvel_plus_2_b+update_halo_kernel2_yvel_minus_2_b+update_halo_kernel3_plus_4_b
812	0.000022202	246080	ops_par_loop_group_64	update_halo_kernel2_xvel_minus_4_b+update_halo_kernel2_yvel_plus_4_b
813	0.000021240	123040	ops_par_loop_update_halo_kernel3_plus_2_b_110	update_halo_kernel3_plus_2_b
814	0.000020489	123008	ops_par_loop_update_halo_kernel3_minus_4_b_113	update_halo_kernel3_minus_4_b
815	0.000019557	123008	ops_par_loop_update_halo_kernel4_minus_4_b_117	update_halo_kernel4_minus_4_b
816	0.000022052	553536	ops_par_loop_group_68	update_halo_kernel1_t2+update_halo_kernel4_minus_2_b
817	0.000021261	430528	ops_par_loop_update_halo_kernel1_t1_86	update_halo_kernel1_t1
818	0.000027172	553536	ops_par_loop_group_70	update_halo_kernel1_l2+update_halo_kernel3_minus_4_a
819	0.000024326	553536	ops_par_loop_group_71	update_halo_kernel1_l1+update_halo_kernel3_minus_2_a
820	0.000025719	553536	ops_par_loop_group_72	update_halo_kernel1_r2+update_halo_kernel3_minus_2_b
821	0.000022342	430528	ops_par_loop_update_halo_kernel1_r1_90	update_halo_kernel1_r1
822	0.000024476	369120	ops_par_loop_group_74	update_halo_kernel2_xvel_minus_4_a+update_halo_kernel2_yvel_plus_4_a+update_halo_kernel4_plus_4_a
823	0.000023805	369120	ops_par_loop_group_75	update_halo_kernel2_xvel_minus_2_a+update_halo_kernel2_yvel_plus_2_a+update_halo_kernel4_plus_2_a
824	0.000023354	369120	ops_par_loop_group_76	update_halo_kernel2_xvel_minus_2_b+update_halo_kernel2_yvel_plus_2_b+update_halo_kernel4_plus_4_b
825	0.000019417	123040	ops_par_loop_update_halo_kernel4_plus_2_b_122	update_halo_kernel4_plus_2_b
826	0.001806822	1416561152	ops_par_loop_group_78	advec_mom_kernel_x2+reset_field_kernel1+ideal_gas_kernel
827	0.000196022	236236864	ops_par_loop_advec_mom_kernel_mass_flux_x_124	advec_mom_kernel_mass_flux_x
828	0.000571556	590438520	ops_par_loop_advec_mom_kernel_post_pre_advec_x_125	advec_mom_kernel_post_pre_advec_x
829	0.000884549	472258640	ops_par_loop_advec_mom_kernel1_x_nonvector_126	advec_mom_kernel1_x_nonvector
830	0.000453601	590131240	ops_par_loop_advec_mom_kernel2_x_127	advec_mom_kernel2_x
831	0.000497905	472842752	ops_par_loop_advec_mom_kernel_x2_128	advec_mom_kernel_x2
832	0.000194619	236236864	ops_par_loop_advec_mom_kernel_mass_flux_x_129	advec_mom_kernel_mass_flux_x
833	0.000570904	590438520	ops_par_loop_advec_mom_kernel_post_pre_advec_x_130	advec_mom_kernel_post_pre_advec_x
834	0.000884169	472258640	ops_par_loop_advec_mom_kernel1_x_nonvector_131	advec_mom_kernel1_x_nonvector
835	0.000731770	1062236232	ops_par_loop_group_87	advec_mom_kernel2_x+reset_field_kernel2
836	0.000021651	430304	ops_par_loop_update_halo_kernel1_b1_136	update_halo_kernel1_b1
837	0.000019958	430304	ops_par_loop_update_halo_kernel1_t1_137	update_halo_kernel1_t1
838	0.000023956	430304	ops_par_loop_update_halo_kernel1_l1_138	update_halo_kernel1_l1
839	0.000025038	430304	ops_par_loop_update_halo_kernel1_r1_139	update_halo_kernel1_r1
840	0.000020159	245952	ops_par_loop_group_92	update_halo_kernel2_xvel_plus_2_a+update_halo_kernel2_yvel_minus_2_a
841	0.000019187	245952	ops_par_loop_group_93	update_halo_kernel2_xvel_plus_2_b+update_halo_kernel2_yvel_minus_2_b
842	0.000021250	245952	ops_par_loop_group_94	update_halo_kernel2_xvel_minus_2_a+update_halo_kernel2_yvel_plus_2_a
843	0.000020890	245952	ops_par_loop_group_95	update_halo_kernel2_xvel_minus_2_b+update_halo_kernel2_yvel_plus_2_b
844	0.001738251	589885440	ops_par_loop_viscosity_kernel_148	viscosity_kernel
845	0.000020769	430304	ops_par_loop_update_halo_kernel1_b1_149	update_halo_kernel1_b1
846	0.000021341	430304	ops_par_loop_update_halo_kernel1_t1_150	update_halo_kernel1_t1
847	0.000023775	430304	ops_par_loop_update_halo_kernel1_l1_151	update_halo_kernel1_l1
848	0.000023245	430304	ops_par_loop_update_halo_kernel1_r1_152	update_halo_kernel1_r1
849	0.000919286	1061744640	ops_par_loop_calc_dt_kernel_153	calc_dt_kernel
850	0.001479349	1887436800	ops_par_loop_group_0	PdV_kernel_predict+ideal_gas_kernel
851	0.000022162	430304	ops_par_loop_update_halo_kernel1_b1_2	update_halo_kernel1_b1
852	0.000019658	430304	ops_par_loop_update_halo_kernel1_t1_3	update_halo_kernel1_t1
853	0.000023885	430304	ops_par_loop_update_halo_kernel1_l1_4	update_halo_kernel1_l1
854	0.000023224	430304	ops_par_loop_update_halo_kernel1_r1_5	update_halo_kernel1_r1
855	0.001558099	1770147928	ops_par_loop_group_5	revert_kernel+accelerate_kernel
856	0.001354923	1651507200	ops_par_loop_PdV_kernel_nopredict_8	PdV_kernel_nopredict
857	0.000361487	471982080	ops_par_loop_flux_calc_kernelx_9	flux_calc_kernelx
858	0.000359873	471982080	ops_par_loop_flux_calc_kernely_10	flux_calc_kernely
859	0.000021911	553536	ops_par_loop_group_9	update_halo_kernel1_b2+update_halo_kernel4_minus_4_a
860	0.000021350	553536	ops_par_loop_group_10	update_halo_kernel1_b1+update_halo_kernel4_minus_2_a
861	0.000021260	369120	ops_par_loop_group_11	update_halo_kernel3_plus_4_a+update_halo_kernel2_xvel_plus_4_a+update_halo_kernel2_yvel_minus_4_a
862	0.000020850	369120	ops_par_loop_group_12	update_halo_kernel3_plus_2_a+update_halo_kernel2_xvel_plus_2_a+update_halo_kernel2_yvel_minus_2_a
863	0.000019417	123008	ops_par_loop_update_halo_kernel4_minus_4_b_29	update_halo_kernel4_minus_4_b
864	0.000020840	553536	ops_par_loop_group_14	update_halo_kernel1_t2+update_halo_kernel4_minus_2_b
865	0.000020449	430528	ops_par_loop_update_halo_kernel1_t1_14	update_halo_kernel1_t1
866	0.000019587	246080	ops_par_loop_group_16	update_halo_kernel2_xvel_plus_4_b+update_halo_kernel2_yvel_minus_4_b
867	0.000020439	369120	ops_par_loop_group_17	update_halo_kernel3_plus_4_b+update_halo_kernel2_xvel_plus_2_b+update_halo_kernel2_yvel_minus_2_b
868	0.000018926	123040	ops_par_loop_update_halo_kernel3_plus_2_b_22	update_halo_kernel3_plus_2_b
869	0.000025548	553536	ops_par_loop_group_19	update_halo_kernel1_l2+update_halo_kernel3_minus_4_a
870	0.000022844	553536	ops_par_loop_group_20	update_halo_kernel1_l1+update_halo_kernel3_minus_2_a
871	0.000020109	123008	ops_par_loop_update_halo_kernel3_minus_4_b_25	update_halo_kernel3_minus_4_b
872	0.000025168	553536	ops_par_loop_group_22	update_halo_kernel1_r2+update_halo_kernel3_minus_2_b
873	0.000021722	430528	ops_par_loop_update_halo_kernel1_r1_18	update_halo_kernel1_r1
874	0.000023575	369120	ops_par_loop_group_24	update_halo_kernel4_plus_4_a+update_halo_kernel2_xvel_minus_4_a+update_halo_kernel2_yvel_plus_4_a
875	0.000021781	369120	ops_par_loop_group_25	update_halo_kernel4_plus_2_a+update_halo_kernel2_xvel_minus_2_a+update_halo_kernel2_yvel_plus_2_a
876	0.000021030	246080	ops_par_loop_group_26	update_halo_kernel2_xvel_minus_4_b+update_halo_kernel2_yvel_plus_4_b
877	0.000022743	369120	ops_par_loop_group_27	update_halo_kernel4_plus_4_b+update_halo_kernel2_xvel_minus_2_b+update_halo_kernel2_yvel_plus_2_b
878	0.000019046	123040	ops_par_loop_update_halo_kernel4_plus_2_b_34	update_halo_kernel4_plus_2_b
879	0.000563891	591053440	ops_par_loop_advec_cell_kernel1_xdir_35	advec_cell_kernel1_xdir
880	0.000773379	708203544	ops_par_loop_advec_cell_kernel3_xdir_36	advec_cell_kernel3_xdir
881	0.001461666	1533542400	ops_par_loop_advec_cell_kernel4_xdir_37	advec_cell_kernel4_xdir
882	0.000021340	430528	ops_par_loop_update_halo_kernel1_b2_38	update_halo_kernel1_b2
883	0.000020519	430528	ops_par_loop_update_halo_kernel1_b1_39	update_halo_kernel1_b1
884	0.000019848	430528	ops_par_loop_update_halo_kernel1_t2_40	update_halo_kernel1_t2
885	0.000020629	430528	ops_par_loop_update_halo_kernel1_t1_41	update_halo_kernel1_t1
886	0.000019457	123040	ops_par_loop_update_halo_kernel3_plus_4_a_62	update_halo_kernel3_plus_4_a
887	0.000018185	123040	ops_par_loop_update_halo_kernel3_plus_2_a_63	update_halo_kernel3_plus_2_a
888	0.000023766	123040	ops_par_loop_update_halo_kernel3_plus_4_b_64	update_halo_kernel3_plus_4_b
889	0.000018996	123040	ops_par_loop_update_halo_kernel3_plus_2_b_65	update_halo_kernel3_plus_2_b
890	0.000027181	553536	ops_par_loop_group_40	update_halo_kernel1_l2+update_halo_kernel3_minus_4_a
891	0.000023585	553536	ops_par_loop_group_41	update_halo_kernel1_l1+update_halo_kernel3_minus_2_a
892	0.000019707	123008	ops_par_loop_update_halo_kernel3_minus_4_b_68	update_halo_kernel3_minus_4_b
893	0.000024326	553536	ops_par_loop_group_43	update_halo_kernel1_r2+update_halo_kernel3_minus_2_b
894	0.000021390	430528	ops_par_loop_update_halo_kernel1_r1_45	update_halo_kernel1_r1
895	0.000563259	591053440	ops_par_loop_advec_mom_kernel_x1_70	advec_mom_kernel_x1
896	0.000194019	236236864	ops_par_loop_advec_mom_kernel_mass_flux_x_71	advec_mom_kernel_mass_flux_x
897	0.000573138	590438520	ops_par_loop_advec_mom_kernel_post_pre_advec_x_72	advec_mom_kernel_post_pre_advec_x
898	0.000883308	472258640	ops_par_loop_advec_mom_kernel1_x_nonvector_73	advec_mom_kernel1_x_nonvector
899	0.000449524	590131240	ops_par_loop_advec_mom_kernel2_x_74	advec_mom_kernel2_x
900	0.000560565	591053440	ops_par_loop_advec_mom_kernel_x1_75	advec_mom_kernel_x1
901	0.000194590	236236864	ops_par_loop_advec_mom_kernel_mass_flux_x_76	advec_mom_kernel_mass_flux_x
902	0.000574551	590438520	ops_par_loop_advec_mom_kernel_post_pre_advec_x_77	advec_mom_kernel_post_pre_advec_x
903	0.000884159	472258640	ops_par_loop_advec_mom_kernel1_x_nonvector_78	advec_mom_kernel1_x_nonvector
904	0.000457348	590131240	ops_par_loop_advec_mom_kernel2_x_79	advec_mom_kernel2_x
905	0.000498627	472842752	ops_par_loop_advec_cell_kernel2_ydir_80	advec_cell_kernel2_ydir
906	0.000789710	708203544	ops_par_loop_advec_cell_kernel3_ydir_81	advec_cell_kernel3_ydir
907	0.001471484	1533542400	ops_par_loop_advec_cell_kernel4_ydir_82	advec_cell_kernel4_ydir
908	0.000022873	553536	ops_par_loop_group_58	update_halo_kernel1_b2+update_halo_kernel4_minus_4_a
909	0.000022573	553536	ops_par_loop_group_59	update_halo_kernel1_b1+update_halo_kernel4_minus_2_a
910	0.000021120	369120	ops_par_loop_group_60	update_halo_kernel2_xvel_plus_4_a+update_halo_kernel2_yvel_minus_4_a+update_halo_kernel3_plus_4_a
911	0.000021631	369120	ops_par_loop_group_61	update_halo_kernel2_xvel_plus_2_a+update_halo_kernel2_yvel_minus_2_a+update_halo_kernel3_plus_2_a
912	0.000020228	246080	ops_par_loop_group_62	update_halo_kernel2_xvel_plus_4_b+update_halo_kernel2_yvel_minus_4_b
913	0.000020970	369120	ops_par_loop_group_63	update_halo_kernel2_xvel_plus_2_b+update_halo_kernel2_yvel_minus_2_b+update_halo_kernel3_plus_4_b
914	0.000021260	246080	ops_par_loop_group_64	update_halo_kernel2_xvel_minus_4_b+update_halo_kernel2_yvel_plus_4_b
915	0.000020298	123040	ops_par_loop_update_halo_kernel3_plus_2_b_110	update_halo_kernel3_plus_2_b
916	0.000019206	123008	ops_par_loop_update_halo_kernel3_minus_4_b_113	update_halo_kernel3_minus_4_b
917	0.000018475	123008	ops_par_loop_update_halo_kernel4_minus_4_b_117	update_halo_kernel4_minus_4_b
918	0.000020478	553536	ops_par_loop_group_68	update_halo_kernel1_t2+update_halo_kernel4_minus_2_b
919	0.000020619	430528	ops_par_loop_update_halo_kernel1_t1_86	update_halo_kernel1_t1
920	0.000026099	553536	ops_par_loop_group_70	update_halo_kernel1_l2+update_halo_kernel3_minus_4_a
921	0.000023254	553536	ops_par_loop_group_71	update_halo_kernel1_l1+update_halo_kernel3_minus_2_a
922	0.000024276	553536	ops_par_loop_group_72	update_halo_kernel1_r2+update_halo_kernel3_minus_2_b
923	0.000021090	430528	ops_par_loop_update_halo_kernel1_r1_90	update_halo_kernel1_r1
924	0.000024006	369120	ops_par_loop_group_74	update_halo_kernel2_xvel_minus_4_a+update_halo_kernel2_yvel_plus_4_a+update_halo_kernel4_plus_4_a
925	0.000021330	369120	ops_par_loop_group_75	update_halo_kernel2_xvel_minus_2_a+update_halo_kernel2_yvel_plus_2_a+update_halo_kernel4_plus_2_a
926	0.000022562	369120	ops_par_loop_group_76	update_halo_kernel2_xvel_minus_2_b+update_halo_kernel2_yvel_plus_2_b+update_halo_kernel4_plus_4_b
927	0.000021962	123040	ops_par_loop_update_halo_kernel4_plus_2_b_122	update_halo_kernel4_plus_2_b
928	0.001801431	1416561152	ops_par_loop_group_78	advec_mom_kernel_y2+reset_field_kernel1+ideal_gas_kernel
929	0.000194840	236236864	ops_par_loop_advec_mom_kernel_mass_flux_y_124	advec_mom_kernel_mass_flux_y
930	0.000534725	590438520	ops_par_loop_advec_mom_kernel_post_pre_advec_y_125	advec_mom_kernel_post_pre_advec_y
931	0.000879159	472258640	ops_par_loop_advec_mom_kernel1_y_nonvector_126	advec_mom_kernel1_y_nonvector
932	0.000450555	590131240	ops_par_loop_advec_mom_kernel2_y_127	advec_mom_kernel2_y
933	0.000491413	472842752	ops_par_loop_advec_mom_kernel_y2_128	advec_mom_kernel_y2
934	0.000193437	236236864	ops_par_loop_advec_mom_kernel_mass_flux_y_129	advec_mom_kernel_mass_flux_y
935	0.000529917	590438520	ops_par_loop_advec_mom_kernel_post_pre_advec_y_130	advec_mom_kernel_post_pre_advec_y
936	0.000881003	472258640	ops_par_loop_advec_mom_kernel1_y_nonvector_131	advec_mom_kernel1_y_nonvector
937	0.000736949	1062236232	ops_par_loop_group_87	advec_mom_kernel2_y+reset_field_kernel2
938	0.000025939	430304	ops_par_loop_update_halo_kernel1_b1_136	update_halo_kernel1_b1
939	0.000021691	430304	ops_par_loop_update_halo_kernel1_t1_137	update_halo_kernel1_t1
940	0.000024707	430304	ops_par_loop_update_halo_kernel1_l1_138	update_halo_kernel1_l1
941	0.000026380	430304	ops_par_loop_update_halo_kernel1_r1_139	update_halo_kernel1_r1
942	0.000020940	245952	ops_par_loop_group_92	update_halo_kernel2_xvel_plus_2_a+update_halo_kernel2_yvel_minus_2_a
943	0.000020649	245952	ops_par_loop_group_93	update_halo_kernel2_xvel_plus_2_b+update_halo_kernel2_yvel_minus_2_b
944	0.000027853	245952	ops_par_loop_group_94	update_halo_kernel2_xvel_minus_2_a+update_halo_kernel2_yvel_plus_2_a
945	0.000023194	245952	ops_par_loop_group_95	update_halo_kernel2_xvel_minus_2_b+update_halo_kernel2_yvel_plus_2_b
946	0.001737380	589885440	ops_par_loop_viscosity_kernel_148	viscosity_kernel
947	0.000021591	430304	ops_par_loop_update_halo_kernel1_b1_149	update_halo_kernel1_b1
948	0.000020629	430304	ops_par_loop_update_halo_kernel1_t1_150	update_halo_kernel1_t1
949	0.000023444	430304	ops_par_loop_update_halo_kernel1_l1_151	update_halo_kernel1_l1
950	0.000023625	430304	ops_par_loop_update_halo_kernel1_r1_152	update_halo_kernel1_r1
951	0.000919386	1061744640	ops_par_loop_calc_dt_kernel_153	calc_dt_kernel
952	1.092417605	1887436800	ops_par_loop_group_0	PdV_kernel_predict+ideal_gas_kernel
953	0.000041719	430304	ops_par_loop_update_halo_kernel1_b1_2	update_halo_kernel1_b1
954	0.000031700	430304	ops_par_loop_update_halo_kernel1_t1_3	update_halo_kernel1_t1
955	0.000035919	430304	ops_par_loop_update_halo_kernel1_l1_4	update_halo_kernel1_l1
956	0.000034736	430304	ops_par_loop_update_halo_kernel1_r1_5	update_halo_kernel1_r1
957	0.001570141	1770147928	ops_par_loop_group_5	revert_kernel+accelerate_kernel
958	0.001381083	1651507200	ops_par_loop_PdV_kernel_nopredict_8	PdV_kernel_nopredict
959	0.000380373	471982080	ops_par_loop_flux_calc_kernelx_9	flux_calc_kernelx
960	0.000375032	471982080	ops_par_loop_flux_calc_kernely_10	flux_calc_kernely
961	0.000037441	553536	ops_par_loop_group_9	update_halo_kernel1_b2+update_halo_kernel4_minus_4_a
962	0.000034325	553536	ops_par_loop_group_10	update_halo_kernel1_b1+update_halo_kernel4_minus_2_a
963	0.000033774	369120	ops_par_loop_group_11	update_halo_kernel3_plus_4_a+update_halo_kernel2_xvel_plus_4_a+update_halo_kernel2_yvel_minus_4_a
964	0.000033634	369120	ops_par_loop_group_12	update_halo_kernel3_plus_2_a+update_halo_kernel2_xvel_plus_2_a+update_halo_kernel2_yvel_minus_2_a
965	0.000030447	123008	ops_par_loop_update_halo_kernel4_minus_4_b_29	update_halo_kernel4_minus_4_b
966	0.000033133	553536	ops_par_loop_group_14	update_halo_kernel1_t2+update_halo_kernel4_minus_2_b
967	0.000032762	430528	ops_par_loop_update_halo_kernel1_t1_14	update_halo_kernel1_t1
968	0.000032412	246080	ops_par_loop_group_16	update_halo_kernel2_xvel_plus_4_b+update_halo_kernel2_yvel_minus_4_b
969	0.000032161	369120	ops_par_loop_group_17	update_halo_kernel3_plus_4_b+update_halo_kernel2_xvel_plus_2_b+update_halo_kernel2_yvel_minus_2_b
970	0.000032803	123040	ops_par_loop_update_halo_kernel3_plus_2_b_22	update_halo_kernel3_plus_2_b
971	0.000039185	553536	ops_par_loop_group_19	update_halo_kernel1_l2+update_halo_kernel3_minus_4_a
972	0.000036059	553536	ops_par_loop_group_20	update_halo_kernel1_l1+update_halo_kernel3_minus_2_a
973	0.000030448	123008	ops_par_loop_update_halo_kernel3_minus_4_b_25	update_halo_kernel3_minus_4_b
974	0.000036820	553536	ops_par_loop_group_22	update_halo_kernel1_r2+update_halo_kernel3_minus_2_b
975	0.000034515	430528	ops_par_loop_update_halo_kernel1_r1_18	update_halo_kernel1_r1
976	0.000035337	369120	ops_par_loop_group_24	update_halo_kernel4_plus_4_a+update_halo_kernel2_xvel_minus_4_a+update_halo_kernel2_yvel_plus_4_a
977	0.000034004	369120	ops_par_loop_group_25	update_halo_kernel4_plus_2_a+update_halo_kernel2_xvel_minus_2_a+update_halo_kernel2_yvel_plus_2_a
978	0.000032422	246080	ops_par_loop_group_26	update_halo_kernel2_xvel_minus_4_b+update_halo_kernel2_yvel_plus_4_b
979	0.000034616	369120	ops_par_loop_group_27	update_halo_kernel4_plus_4_b+update_halo_kernel2_xvel_minus_2_b+update_halo_kernel2_yvel_plus_2_b
980	0.000038062	123040	ops_par_loop_update_halo_kernel4_plus_2_b_34	update_halo_kernel4_plus_2_b
981	0.000575162	591053440	ops_par_loop_advec_cell_kernel1_ydir_35	advec_cell_kernel1_ydir
982	0.000820318	708203544	ops_par_loop_advec_cell_kernel3_ydir_36	advec_cell_kernel3_ydir
983	0.001488177	1533542400	ops_par_loop_advec_cell_kernel4_ydir_37	advec_cell_kernel4_ydir
984	0.000036630	553536	ops_par_loop_group_32	update_halo_kernel1_b2+update_halo_kernel4_minus_4_a
985	0.000040327	553536	ops_par_loop_group_33	update_halo_kernel1_b1+update_halo_kernel4_minus_2_a
986	0.000032702	123008	ops_par_loop_update_halo_kernel4_minus_4_b_64	update_halo_kernel4_minus_4_b
987	0.000034326	553536	ops_par_loop_group_35	update_halo_kernel1_t2+update_halo_kernel4_minus_2_b
988	0.000033394	430528	ops_par_loop_update_halo_kernel1_t1_41	update_halo_kernel1_t1
989	0.000037331	430528	ops_par_loop_update_halo_kernel1_l2_42	update_halo_kernel1_l2
990	0.000035657	430528	ops_par_loop_update_halo_kernel1_l1_43	update_halo_kernel1_l1
991	0.000036299	430528	ops_par_loop_update_halo_kernel1_r2_44	update_halo_kernel1_r2
992	0.000033895	430528	ops_par_loop_update_halo_kernel1_r1_45	update_halo_kernel1_r1
993	0.000033103	123040	ops_par_loop_update_halo_kernel4_plus_4_a_66	update_halo_kernel4_plus_4_a
994	0.000030047	123040	ops_par_loop_update_halo_kernel4_plus_2_a_67	update_halo_kernel4_plus_2_a
995	0.000030698	123040	ops_par_loop_update_halo_kernel4_plus_4_b_68	update_halo_kernel4_plus_4_b
996	0.000029937	123040	ops_par_loop_update_halo_kernel4_plus_2_b_69	update_halo_kernel4_plus_2_b
997	0.000576094	591053440	ops_par_loop_advec_mom_kernel_y1_70	advec_mom_kernel_y1
998	0.000206231	236236864	ops_par_loop_advec_mom_kernel_mass_flux_y_71	advec_mom_kernel_mass_flux_y
999	0.000547549	590438520	ops_par_loop_advec_mom_kernel_post_pre_advec_y_72	advec_mom_kernel_post_pre_advec_y
1000	0.000896122	472258640	ops_par_loop_advec_mom_kernel1_y_nonvector_73	advec_mom_kernel1_y_nonvector
1001	0.000467498	590131240	ops_par_loop_advec_mom_kernel2_y_74	advec_mom_kernel2_y
1002	0.000575753	591053440	ops_par_loop_advec_mom_kernel_y1_75	advec_mom_kernel_y1
1003	0.000206332	236236864	ops_par_loop_advec_mom_kernel_mass_flux_y_76	advec_mom_kernel_mass_flux_y
1004	0.000545797	590438520	ops_par_loop_advec_mom_kernel_post_pre_advec_y_77	advec_mom_kernel_post_pre_advec_y
1005	0.000893257	472258640	ops_par_loop_advec_mom_kernel1_y_nonvector_78	advec_mom_kernel1_y_nonvector
1006	0.000469922	590131240	ops_par_loop_advec_mom_kernel2_y_79	advec_mom_kernel2_y
1007	0.000503777	472842752	ops_par_loop_advec_cell_kernel2_xdir_80	advec_cell_kernel2_xdir
1008	0.000806061	708203544	ops_par_loop_advec_cell_kernel3_xdir_81	advec_cell_kernel3_xdir
1009	0.001477807	1533542400	ops_par_loop_advec_cell_kernel4_xdir_82	advec_cell_kernel4_xdir
1010	0.000037541	553536	ops_par_loop_group_58	update_halo_kernel1_b2+update_halo_kernel4_minus_4_a
1011	0.000035026	553536	ops_par_loop_group_59	update_halo_kernel1_b1+update_halo_kernel4_minus_2_a
1012	0.000035858	369120	ops_par_loop_group_60	update_halo_kernel2_xvel_plus_4_a+update_halo_kernel2_yvel_minus_4_a+update_halo_kernel3_plus_4_a
1013	0.000033564	369120	ops_par_loop_group_61	update_halo_kernel2_xvel_plus_2_a+update_halo_kernel2_yvel_minus_2_a+update_halo_kernel3_plus_2_a
1014	0.000033073	246080	ops_par_loop_group_62	update_halo_kernel2_xvel_plus_4_b+update_halo_kernel2_yvel_minus_4_b
1015	0.000035236	369120	ops_par_loop_group_63	update_halo_kernel2_xvel_plus_2_b+update_halo_kernel2_yvel_minus_2_b+update_halo_kernel3_plus_4_b
1016	0.000035488	246080	ops_par_loop_group_64	update_halo_kernel2_xvel_minus_4_b+update_halo_kernel2_yvel_plus_4_b
1017	0.000033684	123040	ops_par_loop_update_halo_kernel3_plus_2_b_110	update_halo_kernel3_plus_2_b
1018	0.000031580	123008	ops_par_loop_update_halo_kernel3_minus_4_b_113	update_halo_kernel3_minus_4_b
1019	0.000030367	123008	ops_par_loop_update_halo_kernel4_minus_4_b_117	update_halo_kernel4_minus_4_b
1020	0.000040087	553536	ops_par_loop_group_68	update_halo_kernel1_t2+update_halo_kernel4_minus_2_b
1021	0.000033433	430528	ops_par_loop_update_halo_kernel1_t1_86	update_halo_kernel1_t1
1022	0.000039866	553536	ops_par_loop_group_70	update_halo_kernel1_l2+update_halo_kernel3_minus_4_a
1023	0.000037962	553536	ops_par_loop_group_71	update_halo_kernel1_l1+update_halo_kernel3_minus_2_a
1024	0.000037822	553536	ops_par_loop_group_72	update_halo_kernel1_r2+update_halo_kernel3_minus_2_b
1025	0.000034866	430528	ops_par_loop_update_halo_kernel1_r1_90	update_halo_kernel1_r1
1026	0.000036550	369120	ops_par_loop_group_74	update_halo_kernel2_xvel_minus_4_a+update_halo_kernel2_yvel_plus_4_a+update_halo_kernel4_plus_4_a
1027	0.000034926	369120	ops_par_loop_group_75	update_halo_kernel2_xvel_minus_2_a+update_halo_kernel2_yvel_plus_2_a+update_halo_kernel4_plus_2_a
1028	0.000035017	369120	ops_par_loop_group_76	update_halo_kernel2_xvel_minus_2_b+update_halo_kernel2_yvel_plus_2_b+update_halo_kernel4_plus_4_b
1029	0.000032011	123040	ops_par_loop_update_halo_kernel4_plus_2_b_122	update_halo_kernel4_plus_2_b
1030	0.001817682	1416561152	ops_par_loop_group_78	advec_mom_kernel_x2+reset_field_kernel1+ideal_gas_kernel
1031	0.000214156	236236864	ops_par_loop_advec_mom_kernel_mass_flux_x_124	advec_mom_kernel_mass_flux_x
1032	0.000586534	590438520	ops_par_loop_advec_mom_kernel_post_pre_advec_x_125	advec_mom_kernel_post_pre_advec_x
1033	0.000901101	472258640	ops_par_loop_advec_mom_kernel1_x_nonvector_126	advec_mom_kernel1_x_nonvector
1034	0.000465253	590131240	ops_par_loop_advec_mom_kernel2_x_127	advec_mom_kernel2_x
1035	0.000510790	472842752	ops_par_loop_advec_mom_kernel_x2_128	advec_mom_kernel_x2
1036	0.000210469	236236864	ops_par_loop_advec_mom_kernel_mass_flux_x_129	advec_mom_kernel_mass_flux_x
1037	0.000589570	590438520	ops_par_loop_advec_mom_kernel_post_pre_advec_x_130	advec_mom_kernel_post_pre_advec_x
1038	0.000900349	472258640	ops_par_loop_advec_mom_kernel1_x_nonvector_131	advec_mom_kernel1_x_nonvector
1039	0.000747489	1062236232	ops_par_loop_group_87	advec_mom_kernel2_x+reset_field_kernel2
1040	0.000505950	471859200	ops_par_loop_ideal_gas_kernel_0	ideal_gas_kernel
1041	0.000022603	430304	ops_par_loop_update_halo_kernel1_b1_1	update_halo_kernel1_b1
1042	0.000020259	430304	ops_par_loop_update_halo_kernel1_t1_2	update_halo_kernel1_t1
1043	0.000024096	430304	ops_par_loop_update_halo_kernel1_l1_3	update_halo_kernel1_l1
1044	0.000024296	430304	ops_par_loop_update_halo_kernel1_r1_4	update_halo_kernel1_r1
1045	0.000019176	245952	ops_par_loop_group_5	update_halo_kernel2_xvel_plus_2_a+update_halo_kernel2_yvel_minus_2_a
1046	0.000018625	245952	ops_par_loop_group_6	update_halo_kernel2_xvel_plus_2_b+update_halo_kernel2_yvel_minus_2_b
1047	0.000020489	245952	ops_par_loop_group_7	update_halo_kernel2_xvel_minus_2_a+update_halo_kernel2_yvel_plus_2_a
1048	0.000020178	245952	ops_par_loop_group_8	update_halo_kernel2_xvel_minus_2_b+update_halo_kernel2_yvel_plus_2_b
1049	0.001737800	589885440	ops_par_loop_viscosity_kernel_13	viscosity_kernel
1050	0.000022072	430304	ops_par_loop_update_halo_kernel1_b1_14	update_halo_kernel1_b1
1051	0.000019838	430304	ops_par_loop_update_halo_kernel1_t1_15	update_halo_kernel1_t1
1052	0.000023485	430304	ops_par_loop_update_halo_kernel1_l1_16	update_halo_kernel1_l1
1053	0.000023385	430304	ops_par_loop_update_halo_kernel1_r1_17	update_halo_kernel1_r1
1054	0.000919907	1061744640	ops_par_loop_calc_dt_kernel_18	calc_dt_kernel
1055	0.001488838	1887436800	ops_par_loop_group_0	PdV_kernel_predict+ideal_gas_kernel
1056	0.000021601	430304	ops_par_loop_update_halo_kernel1_b1_2	update_halo_kernel1_b1
1057	0.000020298	430304	ops_par_loop_update_halo_kernel1_t1_3	update_halo_kernel1_t1
1058	0.000023865	430304	ops_par_loop_update_halo_kernel1_l1_4	update_halo_kernel1_l1
1059	0.000023945	430304	ops_par_loop_update_halo_kernel1_r1_5	update_halo_kernel1_r1
1060	0.001556075	1770147928	ops_par_loop_group_5	revert_kernel+accelerate_kernel
1061	0.001357047	1651507200	ops_par_loop_PdV_kernel_nopredict_8	PdV_kernel_nopredict
1062	0.000363420	471982080	ops_par_loop_flux_calc_kernelx_9	flux_calc_kernelx
1063	0.000358972	471982080	ops_par_loop_flux_calc_kernely_10	flux_calc_kernely
1064	0.000022412	553536	ops_par_loop_group_9	update_halo_kernel1_b2+update_halo_kernel4_minus_4_a
1065	0.000021280	553536	ops_par_loop_group_10	update_halo_kernel1_b1+update_halo_kernel4_minus_2_a
1066	0.000021220	369120	ops_par_loop_group_11	update_halo_kernel3_plus_4_a+update_halo_kernel2_xvel_plus_4_a+update_halo_kernel2_yvel_minus_4_a
1067	0.000021050	369120	ops_par_loop_group_12	update_halo_kernel3_plus_2_a+update_halo_kernel2_xvel_plus_2_a+update_halo_kernel2_yvel_minus_2_a
1068	0.000019257	123008	ops_par_loop_update_halo_kernel4_minus_4_b_29	update_halo_kernel4_minus_4_b
1069	0.000021340	553536	ops_par_loop_group_14	update_halo_kernel1_t2+update_halo_kernel4_minus_2_b
1070	0.000020509	430528	ops_par_loop_update_halo_kernel1_t1_14	update_halo_kernel1_t1
1071	0.000019918	246080	ops_par_loop_group_16	update_halo_kernel2_xvel_plus_4_b+update_halo_kernel2_yvel_minus_4_b
1072	0.000020159	369120	ops_par_loop_group_17	update_halo_kernel3_plus_4_b+update_halo_kernel2_xvel_plus_2_b+update_halo_kernel2_yvel_minus_2_b
1073	0.000019006	123040	ops_par_loop_update_halo_kernel3_plus_2_b_22	update_halo_kernel3_plus_2_b
1074	0.000025028	553536	ops_par_loop_group_19	update_halo_kernel1_l2+update_halo_kernel3_minus_4_a
1075	0.000023174	553536	ops_par_loop_group_20	update_halo_kernel1_l1+update_halo_kernel3_minus_2_a
1076	0.000019567	123008	ops_par_loop_update_halo_kernel3_minus_4_b_25	update_halo_kernel3_minus_4_b
1077	0.000024577	553536	ops_par_loop_group_22	update_halo_kernel1_r2+update_halo_kernel3_minus_2_b
1078	0.000021231	430528	ops_par_loop_update_halo_kernel1_r1_18	update_halo_kernel1_r1
1079	0.000023885	369120	ops_par_loop_group_24	update_halo_kernel4_plus_4_a+update_halo_kernel2_xvel_minus_4_a+update_halo_kernel2_yvel_plus_4_a
1080	0.000022072	369120	ops_par_loop_group_25	update_halo_kernel4_plus_2_a+update_halo_kernel2_xvel_minus_2_a+update_halo_kernel2_yvel_plus_2_a
1081	0.000020308	246080	ops_par_loop_group_26	update_halo_kernel2_xvel_minus_4_b+update_halo_kernel2_yvel_plus_4_b
1082	0.000022132	369120	ops_par_loop_group_27	update_halo_kernel4_plus_4_b+update_halo_kernel2_xvel_minus_2_b+update_halo_kernel2_yvel_plus_2_b
1083	0.000018906	123040	ops_par_loop_update_halo_kernel4_plus_2_b_34	update_halo_kernel4_plus_2_b
1084	0.000563681	591053440	ops_par_loop_advec_cell_kernel1_xdir_35	advec_cell_kernel1_xdir
1085	0.000773529	708203544	ops_par_loop_advec_cell_kernel3_xdir_36	advec_cell_kernel3_xdir
1086	0.001461796	1533542400	ops_par_loop_advec_cell_kernel4_xdir_37	advec_cell_kernel4_xdir
1087	0.000021651	430528	ops_par_loop_update_halo_kernel1_b2_38	update_halo_kernel1_b2
1088	0.000020038	430528	ops_par_loop_update_halo_kernel1_b1_39	update_halo_kernel1_b1
1089	0.000020680	430528	ops_par_loop_update_halo_kernel1_t2_40	update_halo_kernel1_t2
1090	0.000020409	430528	ops_par_loop_update_halo_kernel1_t1_41	update_halo_kernel1_t1
1091	0.000018826	123040	ops_par_loop_update_halo_kernel3_plus_4_a_62	update_halo_kernel3_plus_4_a
1092	0.000018926	123040	ops_par_loop_update_halo_kernel3_plus_2_a_63	update_halo_kernel3_plus_2_a
1093	0.000028815	123040	ops_par_loop_update_halo_kernel3_plus_4_b_64	update_halo_kernel3_plus_4_b
1094	0.000018546	123040	ops_par_loop_update_halo_kernel3_plus_2_b_65	update_halo_kernel3_plus_2_b
1095	0.000026981	553536	ops_par_loop_group_40	update_halo_kernel1_l2+update_halo_kernel3_minus_4_a
1096	0.000023545	553536	ops_par_loop_group_41	update_halo_kernel1_l1+update_halo_kernel3_minus_2_a
1097	0.000018676	123008	ops_par_loop_update_halo_kernel3_minus_4_b_68	update_halo_kernel3_minus_4_b
1098	0.000024437	553536	ops_par_loop_group_43	update_halo_kernel1_r2+update_halo_kernel3_minus_2_b
1099	0.000021601	430528	ops_par_loop_update_halo_kernel1_r1_45	update_halo_kernel1_r1
1100	0.000560865	591053440	ops_par_loop_advec_mom_kernel_x1_70	advec_mom_kernel_x1
1101	0.000194109	236236864	ops_par_loop_advec_mom_kernel_mass_flux_x_71	advec_mom_kernel_mass_flux_x
1102	0.000574511	590438520	ops_par_loop_advec_mom_kernel_post_pre_advec_x_72	advec_mom_kernel_post_pre_advec_x
1103	0.000884169	472258640	ops_par_loop_advec_mom_kernel1_x_nonvector_73	advec_mom_kernel1_x_nonvector
1104	0.000454744	590131240	ops_par_loop_advec_mom_kernel2_x_74	advec_mom_kernel2_x
1105	0.000559813	591053440	ops_par_loop_advec_mom_kernel_x1_75	advec_mom_kernel_x1
1106	0.000193968	236236864	ops_par_loop_advec_mom_kernel_mass_flux_x_76	advec_mom_kernel_mass_flux_x
1107	0.000575703	590438520	ops_par_loop_advec_mom_kernel_post_pre_advec_x_77	advec_mom_kernel_post_pre_advec_x
1108	0.000884139	472258640	ops_par_loop_advec_mom_kernel1_x_nonvector_78	advec_mom_kernel1_x_nonvector
1109	0.000452009	590131240	ops_par_loop_advec_mom_kernel2_x_79	advec_mom_kernel2_x
1110	0.000497625	472842752	ops_par_loop_advec_cell_kernel2_ydir_80	advec_cell_kernel2_ydir
1111	0.000790100	708203544	ops_par_loop_advec_cell_kernel3_ydir_81	advec_cell_kernel3_ydir
1112	0.001472987	1533542400	ops_par_loop_advec_cell_kernel4_ydir_82	advec_cell_kernel4_ydir
1113	0.000023425	553536	ops_par_loop_group_58	update_halo_kernel1_b2+update_halo_kernel4_minus_4_a
1114	0.000022253	553536	ops_par_loop_group_59	update_halo_kernel1_b1+update_halo_kernel4_minus_2_a
1115	0.000021591	369120	ops_par_loop_group_60	update_halo_kernel2_xvel_plus_4_a+update_halo_kernel2_yvel_minus_4_a+update_halo_kernel3_plus_4_a
1116	0.000020760	369120	ops_par_loop_group_61	update_halo_kernel2_xvel_plus_2_a+update_halo_kernel2_yvel_minus_2_a+update_halo_kernel3_plus_2_a
1117	0.000019477	246080	ops_par_loop_group_62	update_halo_kernel2_xvel_plus_4_b+update_halo_kernel2_yvel_minus_4_b
1118	0.000021772	369120	ops_par_loop_group_63	update_halo_kernel2_xvel_plus_2_b+update_halo_kernel2_yvel_minus_2_b+update_halo_kernel3_plus_4_b
1119	0.000021891	246080	ops_par_loop_group_64	update_halo_kernel2_xvel_minus_4_b+update_halo_kernel2_yvel_plus_4_b
1120	0.000019467	123040	ops_par_loop_update_halo_kernel3_plus_2_b_110	update_halo_kernel3_plus_2_b
1121	0.000018645	123008	ops_par_loop_update_halo_kernel3_minus_4_b_113	update_halo_kernel3_minus_4_b
1122	0.000018225	123008	ops_par_loop_update_halo_kernel4_minus_4_b_117	update_halo_kernel4_minus_4_b
1123	0.000021691	553536	ops_par_loop_group_68	update_halo_kernel1_t2+update_halo_kernel4_minus_2_b
1124	0.000021501	430528	ops_par_loop_update_halo_kernel1_t1_86	update_halo_kernel1_t1
1125	0.000027993	553536	ops_par_loop_group_70	update_halo_kernel1_l2+update_halo_kernel3_minus_4_a
1126	0.000023695	553536	ops_par_loop_group_71	update_halo_kernel1_l1+update_halo_kernel3_minus_2_a
1127	0.000024667	553536	ops_par_loop_group_72	update_halo_kernel1_r2+update_halo_kernel3_minus_2_b
1128	0.000021792	430528	ops_par_loop_update_halo_kernel1_r1_90	update_halo_kernel1_r1
1129	0.000023615	369120	ops_par_loop_group_74	update_halo_kernel2_xvel_minus_4_a+update_halo_kernel2_yvel_plus_4_a+update_halo_kernel4_plus_4_a
1130	0.000021270	369120	ops_par_loop_group_75	update_halo_kernel2_xvel_minus_2_a+update_halo_kernel2_yvel_plus_2_a+update_halo_kernel4_plus_2_a
1131	0.000026249	369120	ops_par_loop_group_76	update_halo_kernel2_xvel_minus_2_b+update_halo_kernel2_yvel_plus_2_b+update_halo_kernel4_plus_4_b
1132	0.000018846	123040	ops_par_loop_update_halo_kernel4_plus_2_b_122	update_halo_kernel4_plus_2_b
1133	0.001789298	1416561152	ops_par_loop_group_78	advec_mom_kernel_y2+reset_field_kernel1+ideal_gas_kernel
1134	0.000194520	236236864	ops_par_loop_advec_mom_kernel_mass_flux_y_124	advec_mom_kernel_mass_flux_y
1135	0.000532000	590438520	ops_par_loop_advec_mom_kernel_post_pre_advec_y_125	advec_mom_kernel_post_pre_advec_y
1136	0.000879670	472258640	ops_par_loop_advec_mom_kernel1_y_nonvector_126	advec_mom_kernel1_y_nonvector
1137	0.000451988	590131240	ops_par_loop_advec_mom_kernel2_y_127	advec_mom_kernel2_y
1138	0.000491443	472842752	ops_par_loop_advec_mom_kernel_y2_128	advec_mom_kernel_y2
1139	0.000192315	236236864	ops_par_loop_advec_mom_kernel_mass_flux_y_129	advec_mom_kernel_mass_flux_y
1140	0.000531008	590438520	ops_par_loop_advec_mom_kernel_post_pre_advec_y_130	advec_mom_kernel_post_pre_advec_y
1141	0.000877957	472258640	ops_par_loop_advec_mom_kernel1_y_nonvector_131	advec_mom_kernel1_y_nonvector
1142	0.000734896	1062236232	ops_par_loop_group_87	advec_mom_kernel2_y+reset_field_kernel2
1143	0.000022212	430304	ops_par_loop_update_halo_kernel1_b1_136	update_halo_kernel1_b1
1144	0.000020248	430304	ops_par_loop_update_halo_kernel1_t1_137	update_halo_kernel1_t1
1145	0.000024126	430304	ops_par_loop_update_halo_kernel1_l1_138	update_halo_kernel1_l1
1146	0.000025068	430304	ops_par_loop_update_halo_kernel1_r1_139	update_halo_kernel1_r1
1147	0.000019467	245952	ops_par_loop_group_92	update_halo_kernel2_xvel_plus_2_a+update_halo_kernel2_yvel_minus_2_a
1148	0.000019137	245952	ops_par_loop_group_93	update_halo_kernel2_xvel_plus_2_b+update_halo_kernel2_yvel_minus_2_b
1149	0.000022002	245952	ops_par_loop_group_94	update_halo_kernel2_xvel_minus_2_a+update_halo_kernel2_yvel_plus_2_a
1150	0.000022052	245952	ops_par_loop_group_95	update_halo_kernel2_xvel_minus_2_b+update_halo_kernel2_yvel_plus_2_b
1151	0.001737860	589885440	ops_par_loop_viscosity_kernel_148	viscosity_kernel
1152	0.000021901	430304	ops_par_loop_update_halo_kernel1_b1_149	update_halo_kernel1_b1
1153	0.000020719	430304	ops_par_loop_update_halo_kernel1_t1_150	update_halo_kernel1_t1
1154	0.000023625	430304	ops_par_loop_update_halo_kernel1_l1_151	update_halo_kernel1_l1
1155	0.000023295	430304	ops_par_loop_update_halo_kernel1_r1_152	update_halo_kernel1_r1
1156	0.000918765	1061744640	ops_par_loop_calc_dt_kernel_153	calc_dt_kernel
1157	0.001489980	1887436800	ops_par_loop_group_0	PdV_kernel_predict+ideal_gas_kernel
1158	0.000024126	430304	ops_par_loop_update_halo_kernel1_b1_2	update_halo_kernel1_b1
1159	0.000021691	430304	ops_par_loop_update_halo_kernel1_t1_3	update_halo_kernel1_t1
1160	0.000024757	430304	ops_par_loop_update_halo_kernel1_l1_4	update_halo_kernel1_l1
1161	0.000025598	430304	ops_par_loop_update_halo_kernel1_r1_5	update_halo_kernel1_r1
1162	0.001559843	1770147928	ops_par_loop_group_5	revert_kernel+accelerate_kernel
1163	0.001360163	1651507200	ops_par_loop_PdV_kernel_nopredict_8	PdV_kernel_nopredict
1164	0.000360093	471982080	ops_par_loop_flux_calc_kernelx_9	flux_calc_kernelx
1165	0.000356307	471982080	ops_par_loop_flux_calc_kernely_10	flux_calc_kernely
1166	0.000024126	553536	ops_par_loop_group_9	update_halo_kernel1_b2+update_halo_kernel4_minus_4_a
1167	0.000020729	553536	ops_par_loop_group_10	update_halo_kernel1_b1+update_halo_kernel4_minus_2_a
1168	0.000021160	369120	ops_par_loop_group_11	update_halo_kernel3_plus_4_a+update_halo_kernel2_xvel_plus_4_a+update_halo_kernel2_yvel_minus_4_a
1169	0.000020779	369120	ops_par_loop_group_12	update_halo_kernel3_plus_2_a+update_halo_kernel2_xvel_plus_2_a+update_halo_kernel2_yvel_minus_2_a
1170	0.000018736	123008	ops_par_loop_update_halo_kernel4_minus_4_b_29	update_halo_kernel4_minus_4_b
1171	0.000020749	553536	ops_par_loop_group_14	update_halo_kernel1_t2+update_halo_kernel4_minus_2_b
1172	0.000019567	430528	ops_par_loop_update_halo_kernel1_t1_14	update_halo_kernel1_t1
1173	0.000019427	246080	ops_par_loop_group_16	update_halo_kernel2_xvel_plus_4_b+update_halo_kernel2_yvel_minus_4_b
1174	0.000020319	369120	ops_par_loop_group_17	update_halo_kernel3_plus_4_b+update_halo_kernel2_xvel_plus_2_b+update_halo_kernel2_yvel_minus_2_b
1175	0.000018755	123040	ops_par_loop_update_halo_kernel3_plus_2_b_22	update_halo_kernel3_plus_2_b
1176	0.000025669	553536	ops_par_loop_group_19	update_halo_kernel1_l2+update_halo_kernel3_minus_4_a
1177	0.000023184	553536	ops_par_loop_group_20	update_halo_kernel1_l1+update_halo_kernel3_minus_2_a
1178	0.000018805	123008	ops_par_loop_update_halo_kernel3_minus_4_b_25	update_halo_kernel3_minus_4_b
1179	0.000025077	553536	ops_par_loop_group_22	update_halo_kernel1_r2+update_halo_kernel3_minus_2_b
1180	0.000020639	430528	ops_par_loop_update_halo_kernel1_r1_18	update_halo_kernel1_r1
1181	0.000022834	369120	ops_par_loop_group_24	update_halo_kernel4_plus_4_a+update_halo_kernel2_xvel_minus_4_a+update_halo_kernel2_yvel_plus_4_a
1182	0.000021540	369120	ops_par_loop_group_25	update_halo_kernel4_plus_2_a+update_halo_kernel2_xvel_minus_2_a+update_halo_kernel2_yvel_plus_2_a
1183	0.000027322	246080	ops_par_loop_group_26	update_halo_kernel2_xvel_minus_4_b+update_halo_kernel2_yvel_plus_4_b
1184	0.000022183	369120	ops_par_loop_group_27	update_halo_kernel4_plus_4_b+update_halo_kernel2_xvel_minus_2_b+update_halo_kernel2_yvel_plus_2_b
1185	0.000019026	123040	ops_par_loop_update_halo_kernel4_plus_2_b_34	update_halo_kernel4_plus_2_b
1186	0.000562067	591053440	ops_par_loop_advec_cell_kernel1_ydir_35	advec_cell_kernel1_ydir
1187	0.000788778	708203544	ops_par_loop_advec_cell_kernel3_ydir_36	advec_cell_kernel3_ydir
1188	0.001477876	1533542400	ops_par_loop_advec_cell_kernel4_ydir_37	advec_cell_kernel4_ydir
1189	0.000022302	553536	ops_par_loop_group_32	update_halo_kernel1_b2+update_halo_kernel4_minus_4_a
1190	0.000027141	553536	ops_par_loop_group_33	update_halo_kernel1_b1+update_halo_kernel4_minus_2_a
1191	0.000018706	123008	ops_par_loop_update_halo_kernel4_minus_4_b_64	update_halo_kernel4_minus_4_b
1192	0.000020690	553536	ops_par_loop_group_35	update_halo_kernel1_t2+update_halo_kernel4_minus_2_b
1193	0.000019947	430528	ops_par_loop_update_halo_kernel1_t1_41	update_halo_kernel1_t1
1194	0.000024537	430528	ops_par_loop_update_halo_kernel1_l2_42	update_halo_kernel1_l2
1195	0.000021310	430528	ops_par_loop_update_halo_kernel1_l1_43	update_halo_kernel1_l1
1196	0.000022663	430528	ops_par_loop_update_halo_kernel1_r2_44	update_halo_kernel1_r2
1197	0.000021862	430528	ops_par_loop_update_halo_kernel1_r1_45	update_halo_kernel1_r1
1198	0.000019657	123040	ops_par_loop_update_halo_kernel4_plus_4_a_66	update_halo_kernel4_plus_4_a
1199	0.000018054	123040	ops_par_loop_update_halo_kernel4_plus_2_a_67	update_halo_kernel4_plus_2_a
1200	0.000018575	123040	ops_par_loop_update_halo_kernel4_plus_4_b_68	update_halo_kernel4_plus_4_b
1201	0.000018005	123040	ops_par_loop_update_halo_kernel4_plus_2_b_69	update_halo_kernel4_plus_2_b
1202	0.000561326	591053440	ops_par_loop_advec_mom_kernel_y1_70	advec_mom_kernel_y1
1203	0.000190943	236236864	ops_par_loop_advec_mom_kernel_mass_flux_y_71	advec_mom_kernel_mass_flux_y
1204	0.000531539	590438520	ops_par_loop_advec_mom_kernel_post_pre_advec_y_72	advec_mom_kernel_post_pre_advec_y
1205	0.000879069	472258640	ops_par_loop_advec_mom_kernel1_y_nonvector_73	advec_mom_kernel1_y_nonvector
1206	0.000455335	590131240	ops_par_loop_advec_mom_kernel2_y_74	advec_mom_kernel2_y
1207	0.000561797	591053440	ops_par_loop_advec_mom_kernel_y1_75	advec_mom_kernel_y1
1208	0.000191464	236236864	ops_par_loop_advec_mom_kernel_mass_flux_y_76	advec_mom_kernel_mass_flux_y
1209	0.000530808	590438520	ops_par_loop_advec_mom_kernel_post_pre_advec_y_77	advec_mom_kernel_post_pre_advec_y
1210	0.000877517	472258640	ops_par_loop_advec_mom_kernel1_y_nonvector_78	advec_mom_kernel1_y_nonvector
1211	0.000449574	590131240	ops_par_loop_advec_mom_kernel2_y_79	advec_mom_kernel2_y
1212	0.000492616	472842752	ops_par_loop_advec_cell_kernel2_xdir_80	advec_cell_kernel2_xdir
1213	0.000773079	708203544	ops_par_loop_advec_cell_kernel3_xdir_81	advec_cell_kernel3_xdir
1214	0.001462427	1533542400	ops_par_loop_advec_cell_kernel4_xdir_82	advec_cell_kernel4_xdir
1215	0.000023624	553536	ops_par_loop_group_58	update_halo_kernel1_b2+update_halo_kernel4_minus_4_a
1216	0.000020739	553536	ops_par_loop_group_59	update_halo_kernel1_b1+update_halo_kernel4_minus_2_a
1217	0.000020990	369120	ops_par_loop_group_60	update_halo_kernel2_xvel_plus_4_a+update_halo_kernel2_yvel_minus_4_a+update_halo_kernel3_plus_4_a
1218	0.000020509	369120	ops_par_loop_group_61	update_halo_kernel2_xvel_plus_2_a+update_halo_kernel2_yvel_minus_2_a+update_halo_kernel3_plus_2_a
1219	0.000018656	246080	ops_par_loop_group_62	update_halo_kernel2_xvel_plus_4_b+update_halo_kernel2_yvel_minus_4_b
1220	0.000020649	369120	ops_par_loop_group_63	update_halo_kernel2_xvel_plus_2_b+update_halo_kernel2_yvel_minus_2_b+update_halo_kernel3_plus_4_b
1221	0.000021280	246080	ops_par_loop_group_64	update_halo_kernel2_xvel_minus_4_b+update_halo_kernel2_yvel_plus_4_b
1222	0.000019427	123040	ops_par_loop_update_halo_kernel3_plus_2_b_110	update_halo_kernel3_plus_2_b
1223	0.000019527	123008	ops_par_loop_update_halo_kernel3_minus_4_b_113	update_halo_kernel3_minus_4_b
1224	0.000017794	123008	ops_par_loop_update_halo_kernel4_minus_4_b_117	update_halo_kernel4_minus_4_b
1225	0.000020008	553536	ops_par_loop_group_68	update_halo_kernel1_t2+update_halo_kernel4_minus_2_b
1226	0.000020129	430528	ops_par_loop_update_halo_kernel1_t1_86	update_halo_kernel1_t1
1227	0.000026380	553536	ops_par_loop_group_70	update_halo_kernel1_l2+update_halo_kernel3_minus_4_a
1228	0.000022734	553536	ops_par_loop_group_71	update_halo_kernel1_l1+update_halo_kernel3_minus_2_a
1229	0.000024657	553536	ops_par_loop_group_72	update_halo_kernel1_r2+update_halo_kernel3_minus_2_b
1230	0.000021100	430528	ops_par_loop_update_halo_kernel1_r1_90	update_halo_kernel1_r1
1231	0.000023625	369120	ops_par_loop_group_74	update_halo_kernel2_xvel_minus_4_a+update_halo_kernel2_yvel_plus_4_a+update_halo_kernel4_plus_4_a
1232	0.000021370	369120	ops_par_loop_group_75	update_halo_kernel2_xvel_minus_2_a+update_halo_kernel2_yvel_plus_2_a+update_halo_kernel4_plus_2_a
1233	0.000022092	369120	ops_par_loop_group_76	update_halo_kernel2_xvel_minus_2_b+update_halo_kernel2_yvel_plus_2_b+update_halo_kernel4_plus_4_b
1234	0.000018275	123040	ops_par_loop_update_halo_kernel4_plus_2_b_122	update_halo_kernel4_plus_2_b
1235	0.001777696	1416561152	ops_par_loop_group_78	advec_mom_kernel_x2+reset_field_kernel1+ideal_gas_kernel
1236	0.000195621	236236864	ops_par_loop_advec_mom_kernel_mass_flux_x_124	advec_mom_kernel_mass_flux_x
1237	0.000577056	590438520	ops_par_loop_advec_mom_kernel_post_pre_advec_x_125	advec_mom_kernel_post_pre_advec_x
1238	0.000884810	472258640	ops_par_loop_advec_mom_kernel1_x_nonvector_126	advec_mom_kernel1_x_nonvector
1239	0.000444804	590131240	ops_par_loop_advec_mom_kernel2_x_127	advec_mom_kernel2_x
1240	0.000498216	472842752	ops_par_loop_advec_mom_kernel_x2_128	advec_mom_kernel_x2
1241	0.000194559	236236864	ops_par_loop_advec_mom_kernel_mass_flux_x_129	advec_mom_kernel_mass_flux_x
1242	0.000572827	590438520	ops_par_loop_advec_mom_kernel_post_pre_advec_x_130	advec_mom_kernel_post_pre_advec_x
1243	0.000883779	472258640	ops_par_loop_advec_mom_kernel1_x_nonvector_131	advec_mom_kernel1_x_nonvector
1244	0.000732220	1062236232	ops_par_loop_group_87	advec_mom_kernel2_x+reset_field_kernel2
1245	0.000021180	430304	ops_par_loop_update_halo_kernel1_b1_136	update_halo_kernel1_b1
1246	0.000020579	430304	ops_par_loop_update_halo_kernel1_t1_137	update_halo_kernel1_t1
1247	0.000024616	430304	ops_par_loop_update_halo_kernel1_l1_138	update_halo_kernel1_l1
1248	0.000023314	430304	ops_par_loop_update_halo_kernel1_r1_139	update_halo_kernel1_r1
1249	0.000019487	245952	ops_par_loop_group_92	update_halo_kernel2_xvel_plus_2_a+update_halo_kernel2_yvel_minus_2_a
1250	0.000019246	245952	ops_par_loop_group_93	update_halo_kernel2_xvel_plus_2_b+update_halo_kernel2_yvel_minus_2_b
1251	0.000020358	245952	ops_par_loop_group_94	update_halo_kernel2_xvel_minus_2_a+update_halo_kernel2_yvel_plus_2_a
1252	0.000021380	245952	ops_par_loop_group_95	update_halo_kernel2_xvel_minus_2_b+update_halo_kernel2_yvel_plus_2_b
1253	0.001738121	589885440	ops_par_loop_viscosity_kernel_148	viscosity_kernel
1254	0.000020950	430304	ops_par_loop_update_halo_kernel1_b1_149	update_halo_kernel1_b1
1255	0.000020108	430304	ops_par_loop_update_halo_kernel1_t1_150	update_halo_kernel1_t1
1256	0.000022763	430304	ops_par_loop_update_halo_kernel1_l1_151	update_halo_kernel1_l1
1257	0.000023004	430304	ops_par_loop_update_halo_kernel1_r1_152	update_halo_kernel1_r1
1258	0.000918344	1061744640	ops_par_loop_calc_dt_kernel_153	calc_dt_kernel
1259	0.001489348	1887436800	ops_par_loop_group_0	PdV_kernel_predict+ideal_gas_kernel
1260	0.000021802	430304	ops_par_loop_update_halo_kernel1_b1_2	update_halo_kernel1_b1
1261	0.000019627	430304	ops_par_loop_update_halo_kernel1_t1_3	update_halo_kernel1_t1
1262	0.000023485	430304	ops_par_loop_update_halo_kernel1_l1_4	update_halo_kernel1_l1
1263	0.000023805	430304	ops_par_loop_update_halo_kernel1_r1_5	update_halo_kernel1_r1
1264	0.001559903	1770147928	ops_par_loop_group_5	revert_kernel+accelerate_kernel
1265	0.001351436	1651507200	ops_par_loop_PdV_kernel_nopredict_8	PdV_kernel_nopredict
1266	0.000362899	471982080	ops_par_loop_flux_calc_kernelx_9	flux_calc_kernelx
1267	0.000358341	471982080	ops_par_loop_flux_calc_kernely_10	flux_calc_kernely
1268	0.000022412	553536	ops_par_loop_group_9	update_halo_kernel1_b2+update_halo_kernel4_minus_4_a
1269	0.000021120	553536	ops_par_loop_group_10	update_halo_kernel1_b1+update_halo_kernel4_minus_2_a
1270	0.000021290	369120	ops_par_loop_group_11	update_halo_kernel3_plus_4_a+update_halo_kernel2_xvel_plus_4_a+update_halo_kernel2_yvel_minus_4_a
1271	0.000020770	369120	ops_par_loop_group_12	update_halo_kernel3_plus_2_a+update_halo_kernel2_xvel_plus_2_a+update_halo_kernel2_yvel_minus_2_a
1272	0.000018745	123008	ops_par_loop_update_halo_kernel4_minus_4_b_29	update_halo_kernel4_minus_4_b
1273	0.000020710	553536	ops_par_loop_group_14	update_halo_kernel1_t2+update_halo_kernel4_minus_2_b
1274	0.000019998	430528	ops_par_loop_update_halo_kernel1_t1_14	update_halo_kernel1_t1
1275	0.000019497	246080	ops_par_loop_group_16	update_halo_kernel2_xvel_plus_4_b+update_halo_kernel2_yvel_minus_4_b
1276	0.000020609	369120	ops_par_loop_group_17	update_halo_kernel3_plus_4_b+update_halo_kernel2_xvel_plus_2_b+update_halo_kernel2_yvel_minus_2_b
1277	0.000018595	123040	ops_par_loop_update_halo_kernel3_plus_2_b_22	update_halo_kernel3_plus_2_b
1278	0.000025258	553536	ops_par_loop_group_19	update_halo_kernel1_l2+update_halo_kernel3_minus_4_a
1279	0.000022943	553536	ops_par_loop_group_20	update_halo_kernel1_l1+update_halo_kernel3_minus_2_a
1280	0.000019226	123008	ops_par_loop_update_halo_kernel3_minus_4_b_25	update_halo_kernel3_minus_4_b
1281	0.000024547	553536	ops_par_loop_group_22	update_halo_kernel1_r2+update_halo_kernel3_minus_2_b
1282	0.000021291	430528	ops_par_loop_update_halo_kernel1_r1_18	update_halo_kernel1_r1
1283	0.000024336	369120	ops_par_loop_group_24	update_halo_kernel4_plus_4_a+update_halo_kernel2_xvel_minus_4_a+update_halo_kernel2_yvel_plus_4_a
1284	0.000021060	369120	ops_par_loop_group_25	update_halo_kernel4_plus_2_a+update_halo_kernel2_xvel_minus_2_a+update_halo_kernel2_yvel_plus_2_a
1285	0.000020569	246080	ops_par_loop_group_26	update_halo_kernel2_xvel_minus_4_b+update_halo_kernel2_yvel_plus_4_b
1286	0.000022343	369120	ops_par_loop_group_27	update_halo_kernel4_plus_4_b+update_halo_kernel2_xvel_minus_2_b+update_halo_kernel2_yvel_plus_2_b
1287	0.000018545	123040	ops_par_loop_update_halo_kernel4_plus_2_b_34	update_halo_kernel4_plus_2_b
1288	0.000562608	591053440	ops_par_loop_advec_cell_kernel1_xdir_35	advec_cell_kernel1_xdir
1289	0.000773579	708203544	ops_par_loop_advec_cell_kernel3_xdir_36	advec_cell_kernel3_xdir
1290	0.001463489	1533542400	ops_par_loop_advec_cell_kernel4_xdir_37	advec_cell_kernel4_xdir
1291	0.000021260	430528	ops_par_loop_update_halo_kernel1_b2_38	update_halo_kernel1_b2
1292	0.000020459	430528	ops_par_loop_update_halo_kernel1_b1_39	update_halo_kernel1_b1
1293	0.000020289	430528	ops_par_loop_update_halo_kernel1_t2_40	update_halo_kernel1_t2
1294	0.000019998	430528	ops_par_loop_update_halo_kernel1_t1_41	update_halo_kernel1_t1
1295	0.000018966	123040	ops_par_loop_update_halo_kernel3_plus_4_a_62	update_halo_kernel3_plus_4_a
1296	0.000018134	123040	ops_par_loop_update_halo_kernel3_plus_2_a_63	update_halo_kernel3_plus_2_a
1297	0.000018275	123040	ops_par_loop_update_halo_kernel3_plus_4_b_64	update_halo_kernel3_plus_4_b
1298	0.000017934	123040	ops_par_loop_update_halo_kernel3_plus_2_b_65	update_halo_kernel3_plus_2_b
1299	0.000026029	553536	ops_par_loop_group_40	update_halo_kernel1_l2+update_halo_kernel3_minus_4_a
1300	0.000023054	553536	ops_par_loop_group_41	update_halo_kernel1_l1+update_halo_kernel3_minus_2_a
1301	0.000019908	123008	ops_par_loop_update_halo_kernel3_minus_4_b_68	update_halo_kernel3_minus_4_b
1302	0.000024497	553536	ops_par_loop_group_43	update_halo_kernel1_r2+update_halo_kernel3_minus_2_b
1303	0.000021531	430528	ops_par_loop_update_halo_kernel1_r1_45	update_halo_kernel1_r1
1304	0.000560625	591053440	ops_par_loop_advec_mom_kernel_x1_70	advec_mom_kernel_x1
1305	0.000194069	236236864	ops_par_loop_advec_mom_kernel_mass_flux_x_71	advec_mom_kernel_mass_flux_x
1306	0.000572257	590438520	ops_par_loop_advec_mom_kernel_post_pre_advec_x_72	advec_mom_kernel_post_pre_advec_x
1307	0.000883027	472258640	ops_par_loop_advec_mom_kernel1_x_nonvector_73	advec_mom_kernel1_x_nonvector
1308	0.000448702	590131240	ops_par_loop_advec_mom_kernel2_x_74	advec_mom_kernel2_x
1309	0.000561596	591053440	ops_par_loop_advec_mom_kernel_x1_75	advec_mom_kernel_x1
1310	0.000193928	236236864	ops_par_loop_advec_mom_kernel_mass_flux_x_76	advec_mom_kernel_mass_flux_x
1311	0.000574431	590438520	ops_par_loop_advec_mom_kernel_post_pre_advec_x_77	advec_mom_kernel_post_pre_advec_x
1312	0.000883898	472258640	ops_par_loop_advec_mom_kernel1_x_nonvector_78	advec_mom_kernel1_x_nonvector
1313	0.000451037	590131240	ops_par_loop_advec_mom_kernel2_x_79	advec_mom_kernel2_x
1314	0.000497615	472842752	ops_par_loop_advec_cell_kernel2_ydir_80	advec_cell_kernel2_ydir
1315	0.000789189	708203544	ops_par_loop_advec_cell_kernel3_ydir_81	advec_cell_kernel3_ydir
1316	0.001470843	1533542400	ops_par_loop_advec_cell_kernel4_ydir_82	advec_cell_kernel4_ydir
1317	0.000022963	553536	ops_par_loop_group_58	update_halo_kernel1_b2+update_halo_kernel4_minus_4_a
1318	0.000021361	553536	ops_par_loop_group_59	update_halo_kernel1_b1+update_halo_kernel4_minus_2_a
1319	0.000021951	369120	ops_par_loop_group_60	update_halo_kernel2_xvel_plus_4_a+update_halo_kernel2_yvel_minus_4_a+update_halo_kernel3_plus_4_a
1320	0.000021321	369120	ops_par_loop_group_61	update_halo_kernel2_xvel_plus_2_a+update_halo_kernel2_yvel_minus_2_a+update_halo_kernel3_plus_2_a
1321	0.000019557	246080	ops_par_loop_group_62	update_halo_kernel2_xvel_plus_4_b+update_halo_kernel2_yvel_minus_4_b
1322	0.000020790	369120	ops_par_loop_group_63	update_halo_kernel2_xvel_plus_2_b+update_halo_kernel2_yvel_minus_2_b+update_halo_kernel3_plus_4_b
1323	0.000021601	246080	ops_par_loop_group_64	update_halo_kernel2_xvel_minus_4_b+update_halo_kernel2_yvel_plus_4_b
1324	0.000019778	123040	ops_par_loop_update_halo_kernel3_plus_2_b_110	update_halo_kernel3_plus_2_b
1325	0.000018805	123008	ops_par_loop_update_halo_kernel3_minus_4_b_113	update_halo_kernel3_minus_4_b
1326	0.000018596	123008	ops_par_loop_update_halo_kernel4_minus_4_b_117	update_halo_kernel4_minus_4_b
1327	0.000020730	553536	ops_par_loop_group_68	update_halo_kernel1_t2+update_halo_kernel4_minus_2_b
1328	0.000019828	430528	ops_par_loop_update_halo_kernel1_t1_86	update_halo_kernel1_t1
1329	0.000026179	553536	ops_par_loop_group_70	update_halo_kernel1_l2+update_halo_kernel3_minus_4_a
1330	0.000022222	553536	ops_par_loop_group_71	update_halo_kernel1_l1+update_halo_kernel3_minus_2_a
1331	0.000024296	553536	ops_par_loop_group_72	update_halo_kernel1_r2+update_halo_kernel3_minus_2_b
1332	0.000021411	430528	ops_par_loop_update_halo_kernel1_r1_90	update_halo_kernel1_r1
1333	0.000023705	369120	ops_par_loop_group_74	update_halo_kernel2_xvel_minus_4_a+update_halo_kernel2_yvel_plus_4_a+update_halo_kernel4_plus_4_a
1334	0.000022182	369120	ops_par_loop_group_75	update_halo_kernel2_xvel_minus_2_a+update_halo_kernel2_yvel_plus_2_a+update_halo_kernel4_plus_2_a
1335	0.000022483	369120	ops_par_loop_group_76	update_halo_kernel2_xvel_minus_2_b+update_halo_kernel2_yvel_plus_2_b+update_halo_kernel4_plus_4_b
1336	0.000018005	123040	ops_par_loop_update_halo_kernel4_plus_2_b_122	update_halo_kernel4_plus_2_b
1337	0.001796252	1416561152	ops_par_loop_group_78	advec_mom_kernel_y2+reset_field_kernel1+ideal_gas_kernel
1338	0.000194369	236236864	ops_par_loop_advec_mom_kernel_mass_flux_y_124	advec_mom_kernel_mass_flux_y
1339	0.000534114	590438520	ops_par_loop_advec_mom_kernel_post_pre_advec_y_125	advec_mom_kernel_post_pre_advec_y
1340	0.000878759	472258640	ops_par_loop_advec_mom_kernel1_y_nonvector_126	advec_mom_kernel1_y_nonvector
1341	0.000443091	590131240	ops_par_loop_advec_mom_kernel2_y_127	advec_mom_kernel2_y
1342	0.000493176	472842752	ops_par_loop_advec_mom_kernel_y2_128	advec_mom_kernel_y2
1343	0.000193527	236236864	ops_par_loop_advec_mom_kernel_mass_flux_y_129	advec_mom_kernel_mass_flux_y
1344	0.000533583	590438520	ops_par_loop_advec_mom_kernel_post_pre_advec_y_130	advec_mom_kernel_post_pre_advec_y
1345	0.000879199	472258640	ops_par_loop_advec_mom_kernel1_y_nonvector_131	advec_mom_kernel1_y_nonvector
1346	0.000733623	1062236232	ops_par_loop_group_87	advec_mom_kernel2_y+reset_field_kernel2
1347	0.000022302	430304	ops_par_loop_update_halo_kernel1_b1_136	update_halo_kernel1_b1
1348	0.000020760	430304	ops_par_loop_update_halo_kernel1_t1_137	update_halo_kernel1_t1
1349	0.000024557	430304	ops_par_loop_update_halo_kernel1_l1_138	update_halo_kernel1_l1
1350	0.000023835	430304	ops_par_loop_update_halo_kernel1_r1_139	update_halo_kernel1_r1
1351	0.000019788	245952	ops_par_loop_group_92	update_halo_kernel2_xvel_plus_2_a+update_halo_kernel2_yvel_minus_2_a
1352	0.000019167	245952	ops_par_loop_group_93	update_halo_kernel2_xvel_plus_2_b+update_halo_kernel2_yvel_minus_2_b
1353	0.000020889	245952	ops_par_loop_group_94	update_halo_kernel2_xvel_minus_2_a+update_halo_kernel2_yvel_plus_2_a
1354	0.000020649	245952	ops_par_loop_group_95	update_halo_kernel2_xvel_minus_2_b+update_halo_kernel2_yvel_plus_2_b
1355	0.001737269	589885440	ops_par_loop_viscosity_kernel_148	viscosity_kernel
1356	0.000021291	430304	ops_par_loop_update_halo_kernel1_b1_149	update_halo_kernel1_b1
1357	0.000020519	430304	ops_par_loop_update_halo_kernel1_t1_150	update_halo_kernel1_t1
1358	0.000022844	430304	ops_par_loop_update_halo_kernel1_l1_151	update_halo_kernel1_l1
1359	0.000022933	430304	ops_par_loop_update_halo_kernel1_r1_152	update_halo_kernel1_r1
1360	0.000918374	1061744640	ops_par_loop_calc_dt_kernel_153	calc_dt_kernel
1361	0.001489699	1887436800	ops_par_loop_group_0	PdV_kernel_predict+ideal_gas_kernel
1362	0.000023535	430304	ops_par_loop_update_halo_kernel1_b1_2	update_halo_kernel1_b1
1363	0.000020830	430304	ops_par_loop_update_halo_kernel1_t1_3	update_halo_kernel1_t1
1364	0.000025278	430304	ops_par_loop_update_halo_kernel1_l1_4	update_halo_kernel1_l1
1365	0.000026100	430304	ops_par_loop_update_halo_kernel1_r1_5	update_halo_kernel1_r1
1366	0.001558690	1770147928	ops_par_loop_group_5	revert_kernel+accelerate_kernel
1367	0.001360484	1651507200	ops_par_loop_PdV_kernel_nopredict_8	PdV_kernel_nopredict
1368	0.000366195	471982080	ops_par_loop_flux_calc_kernelx_9	flux_calc_kernelx
1369	0.000357809	471982080	ops_par_loop_flux_calc_kernely_10	flux_calc_kernely
1370	0.000022192	553536	ops_par_loop_group_9	update_halo_kernel1_b2+update_halo_kernel4_minus_4_a
1371	0.000021010	553536	ops_par_loop_group_10	update_halo_kernel1_b1+update_halo_kernel4_minus_2_a
1372	0.000021271	369120	ops_par_loop_group_11	update_halo_kernel3_plus_4_a+update_halo_kernel2_xvel_plus_4_a+update_halo_kernel2_yvel_minus_4_a
1373	0.000020559	369120	ops_par_loop_group_12	update_halo_kernel3_plus_2_a+update_halo_kernel2_xvel_plus_2_a+update_halo_kernel2_yvel_minus_2_a
1374	0.000018485	123008	ops_par_loop_update_halo_kernel4_minus_4_b_29	update_halo_kernel4_minus_4_b
1375	0.000020779	553536	ops_par_loop_group_14	update_halo_kernel1_t2+update_halo_kernel4_minus_2_b
1376	0.000019838	430528	ops_par_loop_update_halo_kernel1_t1_14	update_halo_kernel1_t1
1377	0.000019827	246080	ops_par_loop_group_16	update_halo_kernel2_xvel_plus_4_b+update_halo_kernel2_yvel_minus_4_b
1378	0.000020058	369120	ops_par_loop_group_17	update_halo_kernel3_plus_4_b+update_halo_kernel2_xvel_plus_2_b+update_halo_kernel2_yvel_minus_2_b
1379	0.000019146	123040	ops_par_loop_update_halo_kernel3_plus_2_b_22	update_halo_kernel3_plus_2_b
1380	0.000025448	553536	ops_par_loop_group_19	update_halo_kernel1_l2+update_halo_kernel3_minus_4_a
1381	0.000022783	553536	ops_par_loop_group_20	update_halo_kernel1_l1+update_halo_kernel3_minus_2_a
1382	0.000019507	123008	ops_par_loop_update_halo_kernel3_minus_4_b_25	update_halo_kernel3_minus_4_b
1383	0.000024717	553536	ops_par_loop_group_22	update_halo_kernel1_r2+update_halo_kernel3_minus_2_b
1384	0.000021300	430528	ops_par_loop_update_halo_kernel1_r1_18	update_halo_kernel1_r1
1385	0.000023164	369120	ops_par_loop_group_24	update_halo_kernel4_plus_4_a+update_halo_kernel2_xvel_minus_4_a+update_halo_kernel2_yvel_plus_4_a
1386	0.000021511	369120	ops_par_loop_group_25	update_halo_kernel4_plus_2_a+update_halo_kernel2_xvel_minus_2_a+update_halo_kernel2_yvel_plus_2_a
1387	0.000020429	246080	ops_par_loop_group_26	update_halo_kernel2_xvel_minus_4_b+update_halo_kernel2_yvel_plus_4_b
1388	0.000022213	369120	ops_par_loop_group_27	update_halo_kernel4_plus_4_b+update_halo_kernel2_xvel_minus_2_b+update_halo_kernel2_yvel_plus_2_b
1389	0.000018405	123040	ops_par_loop_update_halo_kernel4_plus_2_b_34	update_halo_kernel4_plus_2_b
1390	0.000561386	591053440	ops_par_loop_advec_cell_kernel1_ydir_35	advec_cell_kernel1_ydir
1391	0.000789660	708203544	ops_par_loop_advec_cell_kernel3_ydir_36	advec_cell_kernel3_ydir
1392	0.001469651	1533542400	ops_par_loop_advec_cell_kernel4_ydir_37	advec_cell_kernel4_ydir
1393	0.000022353	553536	ops_par_loop_group_32	update_halo_kernel1_b2+update_halo_kernel4_minus_4_a
1394	0.000021000	553536	ops_par_loop_group_33	update_halo_kernel1_b1+update_halo_kernel4_minus_2_a
1395	0.000018004	123008	ops_par_loop_update_halo_kernel4_minus_4_b_64	update_halo_kernel4_minus_4_b
1396	0.000020529	553536	ops_par_loop_group_35	update_halo_kernel1_t2+update_halo_kernel4_minus_2_b
1397	0.000019968	430528	ops_par_loop_update_halo_kernel1_t1_41	update_halo_kernel1_t1
1398	0.000023745	430528	ops_par_loop_update_halo_kernel1_l2_42	update_halo_kernel1_l2
1399	0.000020769	430528	ops_par_loop_update_halo_kernel1_l1_43	update_halo_kernel1_l1
1400	0.000023214	430528	ops_par_loop_update_halo_kernel1_r2_44	update_halo_kernel1_r2
1401	0.000020810	430528	ops_par_loop_update_halo_kernel1_r1_45	update_halo_kernel1_r1
1402	0.000019317	123040	ops_par_loop_update_halo_kernel4_plus_4_a_66	update_halo_kernel4_plus_4_a
1403	0.000018384	123040	ops_par_loop_update_halo_kernel4_plus_2_a_67	update_halo_kernel4_plus_2_a
1404	0.000018886	123040	ops_par_loop_update_halo_kernel4_plus_4_b_68	update_halo_kernel4_plus_4_b
1405	0.000018145	123040	ops_par_loop_update_halo_kernel4_plus_2_b_69	update_halo_kernel4_plus_2_b
1406	0.000562428	591053440	ops_par_loop_advec_mom_kernel_y1_70	advec_mom_kernel_y1
1407	0.000191293	236236864	ops_par_loop_advec_mom_kernel_mass_flux_y_71	advec_mom_kernel_mass_flux_y
1408	0.000531800	590438520	ops_par_loop_advec_mom_kernel_post_pre_advec_y_72	advec_mom_kernel_post_pre_advec_y
1409	0.000878188	472258640	ops_par_loop_advec_mom_kernel1_y_nonvector_73	advec_mom_kernel1_y_nonvector
1410	0.000451327	590131240	ops_par_loop_advec_mom_kernel2_y_74	advec_mom_kernel2_y
1411	0.000562708	591053440	ops_par_loop_advec_mom_kernel_y1_75	advec_mom_kernel_y1
1412	0.000193146	236236864	ops_par_loop_advec_mom_kernel_mass_flux_y_76	advec_mom_kernel_mass_flux_y
1413	0.000532992	590438520	ops_par_loop_advec_mom_kernel_post_pre_advec_y_77	advec_mom_kernel_post_pre_advec_y
1414	0.000877426	472258640	ops_par_loop_advec_mom_kernel1_y_nonvector_78	advec_mom_kernel1_y_nonvector
1415	0.000443552	590131240	ops_par_loop_advec_mom_kernel2_y_79	advec_mom_kernel2_y
1416	0.000490942	472842752	ops_par_loop_advec_cell_kernel2_xdir_80	advec_cell_kernel2_xdir
1417	0.000773800	708203544	ops_par_loop_advec_cell_kernel3_xdir_81	advec_cell_kernel3_xdir
1418	0.001458480	1533542400	ops_par_loop_advec_cell_kernel4_xdir_82	advec_cell_kernel4_xdir
1419	0.000022994	553536	ops_par_loop_group_58	update_halo_kernel1_b2+update_halo_kernel4_minus_4_a
1420	0.000021731	553536	ops_par_loop_group_59	update_halo_kernel1_b1+update_halo_kernel4_minus_2_a
1421	0.000021942	369120	ops_par_loop_group_60	update_halo_kernel2_xvel_plus_4_a+update_halo_kernel2_yvel_minus_4_a+update_halo_kernel3_plus_4_a
1422	0.000021080	369120	ops_par_loop_group_61	update_halo_kernel2_xvel_plus_2_a+update_halo_kernel2_yvel_minus_2_a+update_halo_kernel3_plus_2_a
1423	0.000019828	246080	ops_par_loop_group_62	update_halo_kernel2_xvel_plus_4_b+update_halo_kernel2_yvel_minus_4_b
1424	0.000021181	369120	ops_par_loop_group_63	update_halo_kernel2_xvel_plus_2_b+update_halo_kernel2_yvel_minus_2_b+update_halo_kernel3_plus_4_b
1425	0.000020969	246080	ops_par_loop_group_64	update_halo_kernel2_xvel_minus_4_b+update_halo_kernel2_yvel_plus_4_b
1426	0.000020169	123040	ops_par_loop_update_halo_kernel3_plus_2_b_110	update_halo_kernel3_plus_2_b
1427	0.000019517	123008	ops_par_loop_update_halo_kernel3_minus_4_b_113	update_halo_kernel3_minus_4_b
1428	0.000019918	123008	ops_par_loop_update_halo_kernel4_minus_4_b_117	update_halo_kernel4_minus_4_b
1429	0.000022232	553536	ops_par_loop_group_68	update_halo_kernel1_t2+update_halo_kernel4_minus_2_b
1430	0.000021862	430528	ops_par_loop_update_halo_kernel1_t1_86	update_halo_kernel1_t1
1431	0.000029616	553536	ops_par_loop_group_70	update_halo_kernel1_l2+update_halo_kernel3_minus_4_a
1432	0.000024436	553536	ops_par_loop_group_71	update_halo_kernel1_l1+update_halo_kernel3_minus_2_a
1433	0.000028714	553536	ops_par_loop_group_72	update_halo_kernel1_r2+update_halo_kernel3_minus_2_b
1434	0.000024917	430528	ops_par_loop_update_halo_kernel1_r1_90	update_halo_kernel1_r1
1435	0.000024977	369120	ops_par_loop_group_74	update_halo_kernel2_xvel_minus_4_a+update_halo_kernel2_yvel_plus_4_a+update_halo_kernel4_plus_4_a
1436	0.000025388	369120	ops_par_loop_group_75	update_halo_kernel2_xvel_minus_2_a+update_halo_kernel2_yvel_plus_2_a+update_halo_kernel4_plus_2_a
1437	0.000023946	369120	ops_par_loop_group_76	update_halo_kernel2_xvel_minus_2_b+update_halo_kernel2_yvel_plus_2_b+update_halo_kernel4_plus_4_b
1438	0.000019568	123040	ops_par_loop_update_halo_kernel4_plus_2_b_122	update_halo_kernel4_plus_2_b
1439	0.001792654	1416561152	ops_par_loop_group_78	advec_mom_kernel_x2+reset_field_kernel1+ideal_gas_kernel
1440	0.000195872	236236864	ops_par_loop_advec_mom_kernel_mass_flux_x_124	advec_mom_kernel_mass_flux_x
1441	0.000573589	590438520	ops_par_loop_advec_mom_kernel_post_pre_advec_x_125	advec_mom_kernel_post_pre_advec_x
1442	0.000884219	472258640	ops_par_loop_advec_mom_kernel1_x_nonvector_126	advec_mom_kernel1_x_nonvector
1443	0.000456367	590131240	ops_par_loop_advec_mom_kernel2_x_127	advec_mom_kernel2_x
1444	0.000499007	472842752	ops_par_loop_advec_mom_kernel_x2_128	advec_mom_kernel_x2
1445	0.000194199	236236864	ops_par_loop_advec_mom_kernel_mass_flux_x_129	advec_mom_kernel_mass_flux_x
1446	0.000574361	590438520	ops_par_loop_advec_mom_kernel_post_pre_advec_x_130	advec_mom_kernel_post_pre_advec_x
1447	0.000883748	472258640	ops_par_loop_advec_mom_kernel1_x_nonvector_131	advec_mom_kernel1_x_nonvector
1448	0.000728664	1062236232	ops_par_loop_group_87	advec_mom_kernel2_x+reset_field_kernel2
1449	0.000020619	430304	ops_par_loop_update_halo_kernel1_b1_136	update_halo_kernel1_b1
1450	0.000019587	430304	ops_par_loop_update_halo_kernel1_t1_137	update_halo_kernel1_t1
1451	0.000023595	430304	ops_par_loop_update_halo_kernel1_l1_138	update_halo_kernel1_l1
1452	0.000023745	430304	ops_par_loop_update_halo_kernel1_r1_139	update_halo_kernel1_r1
1453	0.000019518	245952	ops_par_loop_group_92	update_halo_kernel2_xvel_plus_2_a+update_halo_kernel2_yvel_minus_2_a
1454	0.000019357	245952	ops_par_loop_group_93	update_halo_kernel2_xvel_plus_2_b+update_halo_kernel2_yvel_minus_2_b
1455	0.000020960	245952	ops_par_loop_group_94	update_halo_kernel2_xvel_minus_2_a+update_halo_kernel2_yvel_plus_2_a
1456	0.000020710	245952	ops_par_loop_group_95	update_halo_kernel2_xvel_minus_2_b+update_halo_kernel2_yvel_plus_2_b
1457	0.001737380	589885440	ops_par_loop_viscosity_kernel_148	viscosity_kernel
1458	0.000021221	430304	ops_par_loop_update_halo_kernel1_b1_149	update_halo_kernel1_b1
1459	0.000020669	430304	ops_par_loop_update_halo_kernel1_t1_150	update_halo_kernel1_t1
1460	0.000023415	430304	ops_par_loop_update_halo_kernel1_l1_151	update_halo_kernel1_l1
1461	0.000022953	430304	ops_par_loop_update_halo_kernel1_r1_152	update_halo_kernel1_r1
1462	0.000918304	1061744640	ops_par_loop_calc_dt_kernel_153	calc_dt_kernel
1463	0.001485781	1887436800	ops_par_loop_group_0	PdV_kernel_predict+ideal_gas_kernel
1464	0.000021922	430304	ops_par_loop_update_halo_kernel1_b1_2	update_halo_kernel1_b1
1465	0.000019206	430304	ops_par_loop_update_halo_kernel1_t1_3	update_halo_kernel1_t1
1466	0.000023755	430304	ops_par_loop_update_halo_kernel1_l1_4	update_halo_kernel1_l1
1467	0.000024065	430304	ops_par_loop_update_halo_kernel1_r1_5	update_halo_kernel1_r1
1468	0.001556155	1770147928	ops_par_loop_group_5	revert_kernel+accelerate_kernel
1469	0.001357247	1651507200	ops_par_loop_PdV_kernel_nopredict_8	PdV_kernel_nopredict
1470	0.000362718	471982080	ops_par_loop_flux_calc_kernelx_9	flux_calc_kernelx
1471	0.000358851	471982080	ops_par_loop_flux_calc_kernely_10	flux_calc_kernely
1472	0.000021020	553536	ops_par_loop_group_9	update_halo_kernel1_b2+update_halo_kernel4_minus_4_a
1473	0.000020469	553536	ops_par_loop_group_10	update_halo_kernel1_b1+update_halo_kernel4_minus_2_a
1474	0.000020679	369120	ops_par_loop_group_11	update_halo_kernel3_plus_4_a+update_halo_kernel2_xvel_plus_4_a+update_halo_kernel2_yvel_minus_4_a
1475	0.000020650	369120	ops_par_loop_group_12	update_halo_kernel3_plus_2_a+update_halo_kernel2_xvel_plus_2_a+update_halo_kernel2_yvel_minus_2_a
1476	0.000018756	123008	ops_par_loop_update_halo_kernel4_minus_4_b_29	update_halo_kernel4_minus_4_b
1477	0.000020689	553536	ops_par_loop_group_14	update_halo_kernel1_t2+update_halo_kernel4_minus_2_b
1478	0.000020138	430528	ops_par_loop_update_halo_kernel1_t1_14	update_halo_kernel1_t1
1479	0.000019497	246080	ops_par_loop_group_16	update_halo_kernel2_xvel_plus_4_b+update_halo_kernel2_yvel_minus_4_b
1480	0.000019588	369120	ops_par_loop_group_17	update_halo_kernel3_plus_4_b+update_halo_kernel2_xvel_plus_2_b+update_halo_kernel2_yvel_minus_2_b
1481	0.000018164	123040	ops_par_loop_update_halo_kernel3_plus_2_b_22	update_halo_kernel3_plus_2_b
1482	0.000025649	553536	ops_par_loop_group_19	update_halo_kernel1_l2+update_halo_kernel3_minus_4_a
1483	0.000023424	553536	ops_par_loop_group_20	update_halo_kernel1_l1+update_halo_kernel3_minus_2_a
1484	0.000019136	123008	ops_par_loop_update_halo_kernel3_minus_4_b_25	update_halo_kernel3_minus_4_b
1485	0.000023835	553536	ops_par_loop_group_22	update_halo_kernel1_r2+update_halo_kernel3_minus_2_b
1486	0.000021050	430528	ops_par_loop_update_halo_kernel1_r1_18	update_halo_kernel1_r1
1487	0.000023945	369120	ops_par_loop_group_24	update_halo_kernel4_plus_4_a+update_halo_kernel2_xvel_minus_4_a+update_halo_kernel2_yvel_plus_4_a
1488	0.000021992	369120	ops_par_loop_group_25	update_halo_kernel4_plus_2_a+update_halo_kernel2_xvel_minus_2_a+update_halo_kernel2_yvel_plus_2_a
1489	0.000019757	246080	ops_par_loop_group_26	update_halo_kernel2_xvel_minus_4_b+update_halo_kernel2_yvel_plus_4_b
1490	0.000022402	369120	ops_par_loop_group_27	update_halo_kernel4_plus_4_b+update_halo_kernel2_xvel_minus_2_b+update_halo_kernel2_yvel_plus_2_b
1491	0.000018836	123040	ops_par_loop_update_halo_kernel4_plus_2_b_34	update_halo_kernel4_plus_2_b
1492	0.000562188	591053440	ops_par_loop_advec_cell_kernel1_xdir_35	advec_cell_kernel1_xdir
1493	0.000772768	708203544	ops_par_loop_advec_cell_kernel3_xdir_36	advec_cell_kernel3_xdir
1494	0.001463860	1533542400	ops_par_loop_advec_cell_kernel4_xdir_37	advec_cell_kernel4_xdir
1495	0.000021200	430528	ops_par_loop_update_halo_kernel1_b2_38	update_halo_kernel1_b2
1496	0.000020459	430528	ops_par_loop_update_halo_kernel1_b1_39	update_halo_kernel1_b1
1497	0.000019637	430528	ops_par_loop_update_halo_kernel1_t2_40	update_halo_kernel1_t2
1498	0.000020899	430528	ops_par_loop_update_halo_kernel1_t1_41	update_halo_kernel1_t1
1499	0.000018365	123040	ops_par_loop_update_halo_kernel3_plus_4_a_62	update_halo_kernel3_plus_4_a
1500	0.000022092	123040	ops_par_loop_update_halo_kernel3_plus_2_a_63	update_halo_kernel3_plus_2_a
1501	0.000018445	123040	ops_par_loop_update_halo_kernel3_plus_4_b_64	update_halo_kernel3_plus_4_b
1502	0.000019036	123040	ops_par_loop_update_halo_kernel3_plus_2_b_65	update_halo_kernel3_plus_2_b
1503	0.000026961	553536	ops_par_loop_group_40	update_halo_kernel1_l2+update_halo_kernel3_minus_4_a
1504	0.000023514	553536	ops_par_loop_group_41	update_halo_kernel1_l1+update_halo_kernel3_minus_2_a
1505	0.000018465	123008	ops_par_loop_update_halo_kernel3_minus_4_b_68	update_halo_kernel3_minus_4_b
1506	0.000023705	553536	ops_par_loop_group_43	update_halo_kernel1_r2+update_halo_kernel3_minus_2_b
1507	0.000022242	430528	ops_par_loop_update_halo_kernel1_r1_45	update_halo_kernel1_r1
1508	0.000562949	591053440	ops_par_loop_advec_mom_kernel_x1_70	advec_mom_kernel_x1
1509	0.000193337	236236864	ops_par_loop_advec_mom_kernel_mass_flux_x_71	advec_mom_kernel_mass_flux_x
1510	0.000577387	590438520	ops_par_loop_advec_mom_kernel_post_pre_advec_x_72	advec_mom_kernel_post_pre_advec_x
1511	0.000883608	472258640	ops_par_loop_advec_mom_kernel1_x_nonvector_73	advec_mom_kernel1_x_nonvector
1512	0.000444624	590131240	ops_par_loop_advec_mom_kernel2_x_74	advec_mom_kernel2_x
1513	0.000561596	591053440	ops_par_loop_advec_mom_kernel_x1_75	advec_mom_kernel_x1
1514	0.000193327	236236864	ops_par_loop_advec_mom_kernel_mass_flux_x_76	advec_mom_kernel_mass_flux_x
1515	0.000573630	590438520	ops_par_loop_advec_mom_kernel_post_pre_advec_x_77	advec_mom_kernel_post_pre_advec_x
1516	0.000884600	472258640	ops_par_loop_advec_mom_kernel1_x_nonvector_78	advec_mom_kernel1_x_nonvector
1517	0.000447630	590131240	ops_par_loop_advec_mom_kernel2_x_79	advec_mom_kernel2_x
1518	0.000500761	472842752	ops_par_loop_advec_cell_kernel2_ydir_80	advec_cell_kernel2_ydir
1519	0.000790300	708203544	ops_par_loop_advec_cell_kernel3_ydir_81	advec_cell_kernel3_ydir
1520	0.001471735	1533542400	ops_par_loop_advec_cell_kernel4_ydir_82	advec_cell_kernel4_ydir
1521	0.000022222	553536	ops_par_loop_group_58	update_halo_kernel1_b2+update_halo_kernel4_minus_4_a
1522	0.000021000	553536	ops_par_loop_group_59	update_halo_kernel1_b1+update_halo_kernel4_minus_2_a
1523	0.000020710	369120	ops_par_loop_group_60	update_halo_kernel2_xvel_plus_4_a+update_halo_kernel2_yvel_minus_4_a+update_halo_kernel3_plus_4_a
1524	0.000020458	369120	ops_par_loop_group_61	update_halo_kernel2_xvel_plus_2_a+update_halo_kernel2_yvel_minus_2_a+update_halo_kernel3_plus_2_a
1525	0.000018986	246080	ops_par_loop_group_62	update_halo_kernel2_xvel_plus_4_b+update_halo_kernel2_yvel_minus_4_b
1526	0.000019728	369120	ops_par_loop_group_63	update_halo_kernel2_xvel_plus_2_b+update_halo_kernel2_yvel_minus_2_b+update_halo_kernel3_plus_4_b
1527	0.000021230	246080	ops_par_loop_group_64	update_halo_kernel2_xvel_minus_4_b+update_halo_kernel2_yvel_plus_4_b
1528	0.000019256	123040	ops_par_loop_update_halo_kernel3_plus_2_b_110	update_halo_kernel3_plus_2_b
1529	0.000018605	123008	ops_par_loop_update_halo_kernel3_minus_4_b_113	update_halo_kernel3_minus_4_b
1530	0.000017623	123008	ops_par_loop_update_halo_kernel4_minus_4_b_117	update_halo_kernel4_minus_4_b
1531	0.000020970	553536	ops_par_loop_group_68	update_halo_kernel1_t2+update_halo_kernel4_minus_2_b
1532	0.000020660	430528	ops_par_loop_update_halo_kernel1_t1_86	update_halo_kernel1_t1
1533	0.000026780	553536	ops_par_loop_group_70	update_halo_kernel1_l2+update_halo_kernel3_minus_4_a
1534	0.000022673	553536	ops_par_loop_group_71	update_halo_kernel1_l1+update_halo_kernel3_minus_2_a
1535	0.000024045	553536	ops_par_loop_group_72	update_halo_kernel1_r2+update_halo_kernel3_minus_2_b
1536	0.000020839	430528	ops_par_loop_update_halo_kernel1_r1_90	update_halo_kernel1_r1
1537	0.000023184	369120	ops_par_loop_group_74	update_halo_kernel2_xvel_minus_4_a+update_halo_kernel2_yvel_plus_4_a+update_halo_kernel4_plus_4_a
1538	0.000020549	369120	ops_par_loop_group_75	update_halo_kernel2_xvel_minus_2_a+update_halo_kernel2_yvel_plus_2_a+update_halo_kernel4_plus_2_a
1539	0.000022343	369120	ops_par_loop_group_76	update_halo_kernel2_xvel_minus_2_b+update_halo_kernel2_yvel_plus_2_b+update_halo_kernel4_plus_4_b
1540	0.000018244	123040	ops_par_loop_update_halo_kernel4_plus_2_b_122	update_halo_kernel4_plus_2_b
1541	0.001775192	1416561152	ops_par_loop_group_78	advec_mom_kernel_y2+reset_field_kernel1+ideal_gas_kernel
1542	0.000193518	236236864	ops_par_loop_advec_mom_kernel_mass_flux_y_124	advec_mom_kernel_mass_flux_y
1543	0.000538032	590438520	ops_par_loop_advec_mom_kernel_post_pre_advec_y_125	advec_mom_kernel_post_pre_advec_y
1544	0.000877806	472258640	ops_par_loop_advec_mom_kernel1_y_nonvector_126	advec_mom_kernel1_y_nonvector
1545	0.000451988	590131240	ops_par_loop_advec_mom_kernel2_y_127	advec_mom_kernel2_y
1546	0.000489330	472842752	ops_par_loop_advec_mom_kernel_y2_128	advec_mom_kernel_y2
1547	0.000191945	236236864	ops_par_loop_advec_mom_kernel_mass_flux_y_129	advec_mom_kernel_mass_flux_y
1548	0.000532180	590438520	ops_par_loop_advec_mom_kernel_post_pre_advec_y_130	advec_mom_kernel_post_pre_advec_y
1549	0.000877116	472258640	ops_par_loop_advec_mom_kernel1_y_nonvector_131	advec_mom_kernel1_y_nonvector
1550	0.000733974	1062236232	ops_par_loop_group_87	advec_mom_kernel2_y+reset_field_kernel2
1551	0.000021411	430304	ops_par_loop_update_halo_kernel1_b1_136	update_halo_kernel1_b1
1552	0.000020599	430304	ops_par_loop_update_halo_kernel1_t1_137	update_halo_kernel1_t1
1553	0.000025108	430304	ops_par_loop_update_halo_kernel1_l1_138	update_halo_kernel1_l1
1554	0.000023695	430304	ops_par_loop_update_halo_kernel1_r1_139	update_halo_kernel1_r1
1555	0.000019577	245952	ops_par_loop_group_92	update_halo_kernel2_xvel_plus_2_a+update_halo_kernel2_yvel_minus_2_a
1556	0.000019927	245952	ops_par_loop_group_93	update_halo_kernel2_xvel_plus_2_b+update_halo_kernel2_yvel_minus_2_b
1557	0.000021631	245952	ops_par_loop_group_94	update_halo_kernel2_xvel_minus_2_a+update_halo_kernel2_yvel_plus_2_a
1558	0.000021231	245952	ops_par_loop_group_95	update_halo_kernel2_xvel_minus_2_b+update_halo_kernel2_yvel_plus_2_b
1559	0.001741928	589885440	ops_par_loop_viscosity_kernel_148	viscosity_kernel
1560	0.000021140	430304	ops_par_loop_update_halo_kernel1_b1_149	update_halo_kernel1_b1
1561	0.000020509	430304	ops_par_loop_update_halo_kernel1_t1_150	update_halo_kernel1_t1
1562	0.000024436	430304	ops_par_loop_update_halo_kernel1_l1_151	update_halo_kernel1_l1
1563	0.000023745	430304	ops_par_loop_update_halo_kernel1_r1_152	update_halo_kernel1_r1
1564	0.000918093	1061744640	ops_par_loop_calc_dt_kernel_153	calc_dt_kernel
1565	0.001494217	1887436800	ops_par_loop_group_0	PdV_kernel_predict+ideal_gas_kernel
1566	0.000022883	430304	ops_par_loop_update_halo_kernel1_b1_2	update_halo_kernel1_b1
1567	0.000020008	430304	ops_par_loop_update_halo_kernel1_t1_3	update_halo_kernel1_t1
1568	0.000023855	430304	ops_par_loop_update_halo_kernel1_l1_4	update_halo_kernel1_l1
1569	0.000024035	430304	ops_par_loop_update_halo_kernel1_r1_5	update_halo_kernel1_r1
1570	0.001554713	1770147928	ops_par_loop_group_5	revert_kernel+accelerate_kernel
1571	0.001354913	1651507200	ops_par_loop_PdV_kernel_nopredict_8	PdV_kernel_nopredict
1572	0.000364462	471982080	ops_par_loop_flux_calc_kernelx_9	flux_calc_kernelx
1573	0.000357579	471982080	ops_par_loop_flux_calc_kernely_10	flux_calc_kernely
1574	0.000023104	553536	ops_par_loop_group_9	update_halo_kernel1_b2+update_halo_kernel4_minus_4_a
1575	0.000021100	553536	ops_par_loop_group_10	update_halo_kernel1_b1+update_halo_kernel4_minus_2_a
1576	0.000021110	369120	ops_par_loop_group_11	update_halo_kernel3_plus_4_a+update_halo_kernel2_xvel_plus_4_a+update_halo_kernel2_yvel_minus_4_a
1577	0.000020539	369120	ops_par_loop_group_12	update_halo_kernel3_plus_2_a+update_halo_kernel2_xvel_plus_2_a+update_halo_kernel2_yvel_minus_2_a
1578	0.000017924	123008	ops_par_loop_update_halo_kernel4_minus_4_b_29	update_halo_kernel4_minus_4_b
1579	0.000021220	553536	ops_par_loop_group_14	update_halo_kernel1_t2+update_halo_kernel4_minus_2_b
1580	0.000020860	430528	ops_par_loop_update_halo_kernel1_t1_14	update_halo_kernel1_t1
1581	0.000019467	246080	ops_par_loop_group_16	update_halo_kernel2_xvel_plus_4_b+update_halo_kernel2_yvel_minus_4_b
1582	0.000020308	369120	ops_par_loop_group_17	update_halo_kernel3_plus_4_b+update_halo_kernel2_xvel_plus_2_b+update_halo_kernel2_yvel_minus_2_b
1583	0.000018766	123040	ops_par_loop_update_halo_kernel3_plus_2_b_22	update_halo_kernel3_plus_2_b
1584	0.000025558	553536	ops_par_loop_group_19	update_halo_kernel1_l2+update_halo_kernel3_minus_4_a
1585	0.000023364	553536	ops_par_loop_group_20	update_halo_kernel1_l1+update_halo_kernel3_minus_2_a
1586	0.000018926	123008	ops_par_loop_update_halo_kernel3_minus_4_b_25	update_halo_kernel3_minus_4_b
1587	0.000024666	553536	ops_par_loop_group_22	update_halo_kernel1_r2+update_halo_kernel3_minus_2_b
1588	0.000021320	430528	ops_par_loop_update_halo_kernel1_r1_18	update_halo_kernel1_r1
1589	0.000023314	369120	ops_par_loop_group_24	update_halo_kernel4_plus_4_a+update_halo_kernel2_xvel_minus_4_a+update_halo_kernel2_yvel_plus_4_a
1590	0.000021902	369120	ops_par_loop_group_25	update_halo_kernel4_plus_2_a+update_halo_kernel2_xvel_minus_2_a+update_halo_kernel2_yvel_plus_2_a
1591	0.000021381	246080	ops_par_loop_group_26	update_halo_kernel2_xvel_minus_4_b+update_halo_kernel2_yvel_plus_4_b
1592	0.000021491	369120	ops_par_loop_group_27	update_halo_kernel4_plus_4_b+update_halo_kernel2_xvel_minus_2_b+update_halo_kernel2_yvel_plus_2_b
1593	0.000017824	123040	ops_par_loop_update_halo_kernel4_plus_2_b_34	update_halo_kernel4_plus_2_b
1594	0.000561406	591053440	ops_par_loop_advec_cell_kernel1_ydir_35	advec_cell_kernel1_ydir
1595	0.000789309	708203544	ops_par_loop_advec_cell_kernel3_ydir_36	advec_cell_kernel3_ydir
1596	0.001470963	1533542400	ops_par_loop_advec_cell_kernel4_ydir_37	advec_cell_kernel4_ydir
1597	0.000022763	553536	ops_par_loop_group_32	update_halo_kernel1_b2+update_halo_kernel4_minus_4_a
1598	0.000022834	553536	ops_par_loop_group_33	update_halo_kernel1_b1+update_halo_kernel4_minus_2_a
1599	0.000019126	123008	ops_par_loop_update_halo_kernel4_minus_4_b_64	update_halo_kernel4_minus_4_b
1600	0.000020849	553536	ops_par_loop_group_35	update_halo_kernel1_t2+update_halo_kernel4_minus_2_b
1601	0.000020358	430528	ops_par_loop_update_halo_kernel1_t1_41	update_halo_kernel1_t1
1602	0.000024627	430528	ops_par_loop_update_halo_kernel1_l2_42	update_halo_kernel1_l2
1603	0.000021611	430528	ops_par_loop_update_halo_kernel1_l1_43	update_halo_kernel1_l1
1604	0.000023294	430528	ops_par_loop_update_halo_kernel1_r2_44	update_halo_kernel1_r2
1605	0.000022072	430528	ops_par_loop_update_halo_kernel1_r1_45	update_halo_kernel1_r1
1606	0.000020690	123040	ops_par_loop_update_halo_kernel4_plus_4_a_66	update_halo_kernel4_plus_4_a
1607	0.000019366	123040	ops_par_loop_update_halo_kernel4_plus_2_a_67	update_halo_kernel4_plus_2_a
1608	0.000020228	123040	ops_par_loop_update_halo_kernel4_plus_4_b_68	update_halo_kernel4_plus_4_b
1609	0.000018636	123040	ops_par_loop_update_halo_kernel4_plus_2_b_69	update_halo_kernel4_plus_2_b
1610	0.000561887	591053440	ops_par_loop_advec_mom_kernel_y1_70	advec_mom_kernel_y1
1611	0.000191944	236236864	ops_par_loop_advec_mom_kernel_mass_flux_y_71	advec_mom_kernel_mass_flux_y
1612	0.000529777	590438520	ops_par_loop_advec_mom_kernel_post_pre_advec_y_72	advec_mom_kernel_post_pre_advec_y
1613	0.000878999	472258640	ops_par_loop_advec_mom_kernel1_y_nonvector_73	advec_mom_kernel1_y_nonvector
1614	0.000445546	590131240	ops_par_loop_advec_mom_kernel2_y_74	advec_mom_kernel2_y
1615	0.000562328	591053440	ops_par_loop_advec_mom_kernel_y1_75	advec_mom_kernel_y1
1616	0.000191314	236236864	ops_par_loop_advec_mom_kernel_mass_flux_y_76	advec_mom_kernel_mass_flux_y
1617	0.000533623	590438520	ops_par_loop_advec_mom_kernel_post_pre_advec_y_77	advec_mom_kernel_post_pre_advec_y
1618	0.000878178	472258640	ops_par_loop_advec_mom_kernel1_y_nonvector_78	advec_mom_kernel1_y_nonvector
1619	0.000445255	590131240	ops_par_loop_advec_mom_kernel2_y_79	advec_mom_kernel2_y
1620	0.000491584	472842752	ops_par_loop_advec_cell_kernel2_xdir_80	advec_cell_kernel2_xdir
1621	0.000774691	708203544	ops_par_loop_advec_cell_kernel3_xdir_81	advec_cell_kernel3_xdir
1622	0.001458199	1533542400	ops_par_loop_advec_cell_kernel4_xdir_82	advec_cell_kernel4_xdir
1623	0.000022733	553536	ops_par_loop_group_58	update_halo_kernel1_b2+update_halo_kernel4_minus_4_a
1624	0.000021872	553536	ops_par_loop_group_59	update_halo_kernel1_b1+update_halo_kernel4_minus_2_a
1625	0.000021611	369120	ops_par_loop_group_60	update_halo_kernel2_xvel_plus_4_a+update_halo_kernel2_yvel_minus_4_a+update_halo_kernel3_plus_4_a
1626	0.000020930	369120	ops_par_loop_group_61	update_halo_kernel2_xvel_plus_2_a+update_halo_kernel2_yvel_minus_2_a+update_halo_kernel3_plus_2_a
1627	0.000019587	246080	ops_par_loop_group_62	update_halo_kernel2_xvel_plus_4_b+update_halo_kernel2_yvel_minus_4_b
1628	0.000020980	369120	ops_par_loop_group_63	update_halo_kernel2_xvel_plus_2_b+update_halo_kernel2_yvel_minus_2_b+update_halo_kernel3_plus_4_b
1629	0.000022022	246080	ops_par_loop_group_64	update_halo_kernel2_xvel_minus_4_b+update_halo_kernel2_yvel_plus_4_b
1630	0.000019627	123040	ops_par_loop_update_halo_kernel3_plus_2_b_110	update_halo_kernel3_plus_2_b
1631	0.000019707	123008	ops_par_loop_update_halo_kernel3_minus_4_b_113	update_halo_kernel3_minus_4_b
1632	0.000018125	123008	ops_par_loop_update_halo_kernel4_minus_4_b_117	update_halo_kernel4_minus_4_b
1633	0.000020679	553536	ops_par_loop_group_68	update_halo_kernel1_t2+update_halo_kernel4_minus_2_b
1634	0.000020580	430528	ops_par_loop_update_halo_kernel1_t1_86	update_halo_kernel1_t1
1635	0.000026871	553536	ops_par_loop_group_70	update_halo_kernel1_l2+update_halo_kernel3_minus_4_a
1636	0.000023334	553536	ops_par_loop_group_71	update_halo_kernel1_l1+update_halo_kernel3_minus_2_a
1637	0.000025429	553536	ops_par_loop_group_72	update_halo_kernel1_r2+update_halo_kernel3_minus_2_b
1638	0.000021751	430528	ops_par_loop_update_halo_kernel1_r1_90	update_halo_kernel1_r1
1639	0.000023424	369120	ops_par_loop_group_74	update_halo_kernel2_xvel_minus_4_a+update_halo_kernel2_yvel_plus_4_a+update_halo_kernel4_plus_4_a
1640	0.000023034	369120	ops_par_loop_group_75	update_halo_kernel2_xvel_minus_2_a+update_halo_kernel2_yvel_plus_2_a+update_halo_kernel4_plus_2_a
1641	0.000022683	369120	ops_par_loop_group_76	update_halo_kernel2_xvel_minus_2_b+update_halo_kernel2_yvel_plus_2_b+update_halo_kernel4_plus_4_b
1642	0.000018636	123040	ops_par_loop_update_halo_kernel4_plus_2_b_122	update_halo_kernel4_plus_2_b
1643	0.001800199	1416561152	ops_par_loop_group_78	advec_mom_kernel_x2+reset_field_kernel1+ideal_gas_kernel
1644	0.000196223	236236864	ops_par_loop_advec_mom_kernel_mass_flux_x_124	advec_mom_kernel_mass_flux_x
1645	0.000574501	590438520	ops_par_loop_advec_mom_kernel_post_pre_advec_x_125	advec_mom_kernel_post_pre_advec_x
1646	0.000884009	472258640	ops_par_loop_advec_mom_kernel1_x_nonvector_126	advec_mom_kernel1_x_nonvector
1647	0.000446688	590131240	ops_par_loop_advec_mom_kernel2_x_127	advec_mom_kernel2_x
1648	0.000500050	472842752	ops_par_loop_advec_mom_kernel_x2_128	advec_mom_kernel_x2
1649	0.000194720	236236864	ops_par_loop_advec_mom_kernel_mass_flux_x_129	advec_mom_kernel_mass_flux_x
1650	0.000572036	590438520	ops_par_loop_advec_mom_kernel_post_pre_advec_x_130	advec_mom_kernel_post_pre_advec_x
1651	0.000883938	472258640	ops_par_loop_advec_mom_kernel1_x_nonvector_131	advec_mom_kernel1_x_nonvector
1652	0.000732942	1062236232	ops_par_loop_group_87	advec_mom_kernel2_x+reset_field_kernel2
1653	0.000021942	430304	ops_par_loop_update_halo_kernel1_b1_136	update_halo_kernel1_b1
1654	0.000019827	430304	ops_par_loop_update_halo_kernel1_t1_137	update_halo_kernel1_t1
1655	0.000024437	430304	ops_par_loop_update_halo_kernel1_l1_138	update_halo_kernel1_l1
1656	0.000023685	430304	ops_par_loop_update_halo_kernel1_r1_139	update_halo_kernel1_r1
1657	0.000018875	245952	ops_par_loop_group_92	update_halo_kernel2_xvel_plus_2_a+update_halo_kernel2_yvel_minus_2_a
1658	0.000019107	245952	ops_par_loop_group_93	update_halo_kernel2_xvel_plus_2_b+update_halo_kernel2_yvel_minus_2_b
1659	0.000022061	245952	ops_par_loop_group_94	update_halo_kernel2_xvel_minus_2_a+update_halo_kernel2_yvel_plus_2_a
1660	0.000021611	245952	ops_par_loop_group_95	update_halo_kernel2_xvel_minus_2_b+update_halo_kernel2_yvel_plus_2_b
1661	0.001737088	589885440	ops_par_loop_viscosity_kernel_148	viscosity_kernel
1662	0.000022472	430304	ops_par_loop_update_halo_kernel1_b1_149	update_halo_kernel1_b1
1663	0.000020689	430304	ops_par_loop_update_halo_kernel1_t1_150	update_halo_kernel1_t1
1664	0.000023475	430304	ops_par_loop_update_halo_kernel1_l1_151	update_halo_kernel1_l1
1665	0.000023574	430304	ops_par_loop_update_halo_kernel1_r1_152	update_halo_kernel1_r1
1666	0.000918725	1061744640	ops_par_loop_calc_dt_kernel_153	calc_dt_kernel
1667	0.001486563	1887436800	ops_par_loop_group_0	PdV_kernel_predict+ideal_gas_kernel
1668	0.000022663	430304	ops_par_loop_update_halo_kernel1_b1_2	update_halo_kernel1_b1
1669	0.000019918	430304	ops_par_loop_update_halo_kernel1_t1_3	update_halo_kernel1_t1
1670	0.000023334	430304	ops_par_loop_update_halo_kernel1_l1_4	update_halo_kernel1_l1
1671	0.000024015	430304	ops_par_loop_update_halo_kernel1_r1_5	update_halo_kernel1_r1
1672	0.001555755	1770147928	ops_par_loop_group_5	revert_kernel+accelerate_kernel
1673	0.001352008	1651507200	ops_par_loop_PdV_kernel_nopredict_8	PdV_kernel_nopredict
1674	0.000362378	471982080	ops_par_loop_flux_calc_kernelx_9	flux_calc_kernelx
1675	0.000356817	471982080	ops_par_loop_flux_calc_kernely_10	flux_calc_kernely
1676	0.000022503	553536	ops_par_loop_group_9	update_halo_kernel1_b2+update_halo_kernel4_minus_4_a
1677	0.000021501	553536	ops_par_loop_group_10	update_halo_kernel1_b1+update_halo_kernel4_minus_2_a
1678	0.000022022	369120	ops_par_loop_group_11	update_halo_kernel3_plus_4_a+update_halo_kernel2_xvel_plus_4_a+update_halo_kernel2_yvel_minus_4_a
1679	0.000020749	369120	ops_par_loop_group_12	update_halo_kernel3_plus_2_a+update_halo_kernel2_xvel_plus_2_a+update_halo_kernel2_yvel_minus_2_a
1680	0.000018576	123008	ops_par_loop_update_halo_kernel4_minus_4_b_29	update_halo_kernel4_minus_4_b
1681	0.000021391	553536	ops_par_loop_group_14	update_halo_kernel1_t2+update_halo_kernel4_minus_2_b
1682	0.000020889	430528	ops_par_loop_update_halo_kernel1_t1_14	update_halo_kernel1_t1
1683	0.000020108	246080	ops_par_loop_group_16	update_halo_kernel2_xvel_plus_4_b+update_halo_kernel2_yvel_minus_4_b
1684	0.000020148	369120	ops_par_loop_group_17	update_halo_kernel3_plus_4_b+update_halo_kernel2_xvel_plus_2_b+update_halo_kernel2_yvel_minus_2_b
1685	0.000018234	123040	ops_par_loop_update_halo_kernel3_plus_2_b_22	update_halo_kernel3_plus_2_b
1686	0.000024637	553536	ops_par_loop_group_19	update_halo_kernel1_l2+update_halo_kernel3_minus_4_a
1687	0.000022873	553536	ops_par_loop_group_20	update_halo_kernel1_l1+update_halo_kernel3_minus_2_a
1688	0.000018596	123008	ops_par_loop_update_halo_kernel3_minus_4_b_25	update_halo_kernel3_minus_4_b
1689	0.000024065	553536	ops_par_loop_group_22	update_halo_kernel1_r2+update_halo_kernel3_minus_2_b
1690	0.000021230	430528	ops_par_loop_update_halo_kernel1_r1_18	update_halo_kernel1_r1
1691	0.000023474	369120	ops_par_loop_group_24	update_halo_kernel4_plus_4_a+update_halo_kernel2_xvel_minus_4_a+update_halo_kernel2_yvel_plus_4_a
1692	0.000021831	369120	ops_par_loop_group_25	update_halo_kernel4_plus_2_a+update_halo_kernel2_xvel_minus_2_a+update_halo_kernel2_yvel_plus_2_a
1693	0.000020509	246080	ops_par_loop_group_26	update_halo_kernel2_xvel_minus_4_b+update_halo_kernel2_yvel_plus_4_b
1694	0.000022532	369120	ops_par_loop_group_27	update_halo_kernel4_plus_4_b+update_halo_kernel2_xvel_minus_2_b+update_halo_kernel2_yvel_plus_2_b
1695	0.000018635	123040	ops_par_loop_update_halo_kernel4_plus_2_b_34	update_halo_kernel4_plus_2_b
1696	0.000562388	591053440	ops_par_loop_advec_cell_kernel1_xdir_35	advec_cell_kernel1_xdir
1697	0.000773248	708203544	ops_par_loop_advec_cell_kernel3_xdir_36	advec_cell_kernel3_xdir
1698	0.001464281	1533542400	ops_par_loop_advec_cell_kernel4_xdir_37	advec_cell_kernel4_xdir
1699	0.000024326	430528	ops_par_loop_update_halo_kernel1_b2_38	update_halo_kernel1_b2
1700	0.000022092	430528	ops_par_loop_update_halo_kernel1_b1_39	update_halo_kernel1_b1
1701	0.000022793	430528	ops_par_loop_update_halo_kernel1_t2_40	update_halo_kernel1_t2
1702	0.000023345	430528	ops_par_loop_update_halo_kernel1_t1_41	update_halo_kernel1_t1
1703	0.000021000	123040	ops_par_loop_update_halo_kernel3_plus_4_a_62	update_halo_kernel3_plus_4_a
1704	0.000019978	123040	ops_par_loop_update_halo_kernel3_plus_2_a_63	update_halo_kernel3_plus_2_a
1705	0.000021380	123040	ops_par_loop_update_halo_kernel3_plus_4_b_64	update_halo_kernel3_plus_4_b
1706	0.000021010	123040	ops_par_loop_update_halo_kernel3_plus_2_b_65	update_halo_kernel3_plus_2_b
1707	0.000029496	553536	ops_par_loop_group_40	update_halo_kernel1_l2+update_halo_kernel3_minus_4_a
1708	0.000025418	553536	ops_par_loop_group_41	update_halo_kernel1_l1+update_halo_kernel3_minus_2_a
1709	0.000021861	123008	ops_par_loop_update_halo_kernel3_minus_4_b_68	update_halo_kernel3_minus_4_b
1710	0.000025458	553536	ops_par_loop_group_43	update_halo_kernel1_r2+update_halo_kernel3_minus_2_b
1711	0.000022913	430528	ops_par_loop_update_halo_kernel1_r1_45	update_halo_kernel1_r1
1712	0.000562868	591053440	ops_par_loop_advec_mom_kernel_x1_70	advec_mom_kernel_x1
1713	0.000194169	236236864	ops_par_loop_advec_mom_kernel_mass_flux_x_71	advec_mom_kernel_mass_flux_x
1714	0.000572738	590438520	ops_par_loop_advec_mom_kernel_post_pre_advec_x_72	advec_mom_kernel_post_pre_advec_x
1715	0.000884139	472258640	ops_par_loop_advec_mom_kernel1_x_nonvector_73	advec_mom_kernel1_x_nonvector
1716	0.000457058	590131240	ops_par_loop_advec_mom_kernel2_x_74	advec_mom_kernel2_x
1717	0.000562759	591053440	ops_par_loop_advec_mom_kernel_x1_75	advec_mom_kernel_x1
1718	0.000194339	236236864	ops_par_loop_advec_mom_kernel_mass_flux_x_76	advec_mom_kernel_mass_flux_x
1719	0.000573559	590438520	ops_par_loop_advec_mom_kernel_post_pre_advec_x_77	advec_mom_kernel_post_pre_advec_x
1720	0.000885231	472258640	ops_par_loop_advec_mom_kernel1_x_nonvector_78	advec_mom_kernel1_x_nonvector
1721	0.000450646	590131240	ops_par_loop_advec_mom_kernel2_x_79	advec_mom_kernel2_x
1722	0.000497014	472842752	ops_par_loop_advec_cell_kernel2_ydir_80	advec_cell_kernel2_ydir
1723	0.000790120	708203544	ops_par_loop_advec_cell_kernel3_ydir_81	advec_cell_kernel3_ydir
1724	0.001476374	1533542400	ops_par_loop_advec_cell_kernel4_ydir_82	advec_cell_kernel4_ydir
1725	0.000023594	553536	ops_par_loop_group_58	update_halo_kernel1_b2+update_halo_kernel4_minus_4_a
1726	0.000021872	553536	ops_par_loop_group_59	update_halo_kernel1_b1+update_halo_kernel4_minus_2_a
1727	0.000022212	369120	ops_par_loop_group_60	update_halo_kernel2_xvel_plus_4_a+update_halo_kernel2_yvel_minus_4_a+update_halo_kernel3_plus_4_a
1728	0.000021461	369120	ops_par_loop_group_61	update_halo_kernel2_xvel_plus_2_a+update_halo_kernel2_yvel_minus_2_a+update_halo_kernel3_plus_2_a
1729	0.000020469	246080	ops_par_loop_group_62	update_halo_kernel2_xvel_plus_4_b+update_halo_kernel2_yvel_minus_4_b
1730	0.000020879	369120	ops_par_loop_group_63	update_halo_kernel2_xvel_plus_2_b+update_halo_kernel2_yvel_minus_2_b+update_halo_kernel3_plus_4_b
1731	0.000021561	246080	ops_par_loop_group_64	update_halo_kernel2_xvel_minus_4_b+update_halo_kernel2_yvel_plus_4_b
1732	0.000019628	123040	ops_par_loop_update_halo_kernel3_plus_2_b_110	update_halo_kernel3_plus_2_b
1733	0.000019497	123008	ops_par_loop_update_halo_kernel3_minus_4_b_113	update_halo_kernel3_minus_4_b
1734	0.000018395	123008	ops_par_loop_update_halo_kernel4_minus_4_b_117	update_halo_kernel4_minus_4_b
1735	0.000021681	553536	ops_par_loop_group_68	update_halo_kernel1_t2+update_halo_kernel4_minus_2_b
1736	0.000021120	430528	ops_par_loop_update_halo_kernel1_t1_86	update_halo_kernel1_t1
1737	0.000027212	553536	ops_par_loop_group_70	update_halo_kernel1_l2+update_halo_kernel3_minus_4_a
1738	0.000023915	553536	ops_par_loop_group_71	update_halo_kernel1_l1+update_halo_kernel3_minus_2_a
1739	0.000025308	553536	ops_par_loop_group_72	update_halo_kernel1_r2+update_halo_kernel3_minus_2_b
1740	0.000021481	430528	ops_par_loop_update_halo_kernel1_r1_90	update_halo_kernel1_r1
1741	0.000023645	369120	ops_par_loop_group_74	update_halo_kernel2_xvel_minus_4_a+update_halo_kernel2_yvel_plus_4_a+update_halo_kernel4_plus_4_a
1742	0.000021560	369120	ops_par_loop_group_75	update_halo_kernel2_xvel_minus_2_a+update_halo_kernel2_yvel_plus_2_a+update_halo_kernel4_plus_2_a
1743	0.000023464	369120	ops_par_loop_group_76	update_halo_kernel2_xvel_minus_2_b+update_halo_kernel2_yvel_plus_2_b+update_halo_kernel4_plus_4_b
1744	0.000018375	123040	ops_par_loop_update_halo_kernel4_plus_2_b_122	update_halo_kernel4_plus_2_b
1745	0.001779098	1416561152	ops_par_loop_group_78	advec_mom_kernel_y2+reset_field_kernel1+ideal_gas_kernel
1746	0.000194329	236236864	ops_par_loop_advec_mom_kernel_mass_flux_y_124	advec_mom_kernel_mass_flux_y
1747	0.000530738	590438520	ops_par_loop_advec_mom_kernel_post_pre_advec_y_125	advec_mom_kernel_post_pre_advec_y
1748	0.000878378	472258640	ops_par_loop_advec_mom_kernel1_y_nonvector_126	advec_mom_kernel1_y_nonvector
1749	0.000451478	590131240	ops_par_loop_advec_mom_kernel2_y_127	advec_mom_kernel2_y
1750	0.000491493	472842752	ops_par_loop_advec_mom_kernel_y2_128	advec_mom_kernel_y2
1751	0.000194389	236236864	ops_par_loop_advec_mom_kernel_mass_flux_y_129	advec_mom_kernel_mass_flux_y
1752	0.000539465	590438520	ops_par_loop_advec_mom_kernel_post_pre_advec_y_130	advec_mom_kernel_post_pre_advec_y
1753	0.000883778	472258640	ops_par_loop_advec_mom_kernel1_y_nonvector_131	advec_mom_kernel1_y_nonvector
1754	0.000737090	1062236232	ops_par_loop_group_87	advec_mom_kernel2_y+reset_field_kernel2
1755	0.000021772	430304	ops_par_loop_update_halo_kernel1_b1_136	update_halo_kernel1_b1
1756	0.000021211	430304	ops_par_loop_update_halo_kernel1_t1_137	update_halo_kernel1_t1
1757	0.000024767	430304	ops_par_loop_update_halo_kernel1_l1_138	update_halo_kernel1_l1
1758	0.000024136	430304	ops_par_loop_update_halo_kernel1_r1_139	update_halo_kernel1_r1
1759	0.000019957	245952	ops_par_loop_group_92	update_halo_kernel2_xvel_plus_2_a+update_halo_kernel2_yvel_minus_2_a
1760	0.000019737	245952	ops_par_loop_group_93	update_halo_kernel2_xvel_plus_2_b+update_halo_kernel2_yvel_minus_2_b
1761	0.000020989	245952	ops_par_loop_group_94	update_halo_kernel2_xvel_minus_2_a+update_halo_kernel2_yvel_plus_2_a
1762	0.000021150	245952	ops_par_loop_group_95	update_halo_kernel2_xvel_minus_2_b+update_halo_kernel2_yvel_plus_2_b
1763	0.001738371	589885440	ops_par_loop_viscosity_kernel_148	viscosity_kernel
1764	0.000022022	430304	ops_par_loop_update_halo_kernel1_b1_149	update_halo_kernel1_b1
1765	0.000019737	430304	ops_par_loop_update_halo_kernel1_t1_150	update_halo_kernel1_t1
1766	0.000023084	430304	ops_par_loop_update_halo_kernel1_l1_151	update_halo_kernel1_l1
1767	0.000023084	430304	ops_par_loop_update_halo_kernel1_r1_152	update_halo_kernel1_r1
1768	0.000917893	1061744640	ops_par_loop_calc_dt_kernel_153	calc_dt_kernel
1769	0.001542760	1887436800	ops_par_loop_group_0	PdV_kernel_predict+ideal_gas_kernel
1770	0.000023505	430304	ops_par_loop_update_halo_kernel1_b1_2	update_halo_kernel1_b1
1771	0.000020419	430304	ops_par_loop_update_halo_kernel1_t1_3	update_halo_kernel1_t1
1772	0.000024977	430304	ops_par_loop_update_halo_kernel1_l1_4	update_halo_kernel1_l1
1773	0.000024807	430304	ops_par_loop_update_halo_kernel1_r1_5	update_halo_kernel1_r1
1774	0.001558139	1770147928	ops_par_loop_group_5	revert_kernel+accelerate_kernel
1775	0.001360403	1651507200	ops_par_loop_PdV_kernel_nopredict_8	PdV_kernel_nopredict
1776	0.000361106	471982080	ops_par_loop_flux_calc_kernelx_9	flux_calc_kernelx
1777	0.000357759	471982080	ops_par_loop_flux_calc_kernely_10	flux_calc_kernely
1778	0.000023174	553536	ops_par_loop_group_9	update_halo_kernel1_b2+update_halo_kernel4_minus_4_a
1779	0.000021420	553536	ops_par_loop_group_10	update_halo_kernel1_b1+update_halo_kernel4_minus_2_a
1780	0.000022303	369120	ops_par_loop_group_11	update_halo_kernel3_plus_4_a+update_halo_kernel2_xvel_plus_4_a+update_halo_kernel2_yvel_minus_4_a
1781	0.000020258	369120	ops_par_loop_group_12	update_halo_kernel3_plus_2_a+update_halo_kernel2_xvel_plus_2_a+update_halo_kernel2_yvel_minus_2_a
1782	0.000018525	123008	ops_par_loop_update_halo_kernel4_minus_4_b_29	update_halo_kernel4_minus_4_b
1783	0.000021601	553536	ops_par_loop_group_14	update_halo_kernel1_t2+update_halo_kernel4_minus_2_b
1784	0.000019908	430528	ops_par_loop_update_halo_kernel1_t1_14	update_halo_kernel1_t1
1785	0.000020258	246080	ops_par_loop_group_16	update_halo_kernel2_xvel_plus_4_b+update_halo_kernel2_yvel_minus_4_b
1786	0.000020008	369120	ops_par_loop_group_17	update_halo_kernel3_plus_4_b+update_halo_kernel2_xvel_plus_2_b+update_halo_kernel2_yvel_minus_2_b
1787	0.000019057	123040	ops_par_loop_update_halo_kernel3_plus_2_b_22	update_halo_kernel3_plus_2_b
1788	0.000025980	553536	ops_par_loop_group_19	update_halo_kernel1_l2+update_halo_kernel3_minus_4_a
1789	0.000023204	553536	ops_par_loop_group_20	update_halo_kernel1_l1+update_halo_kernel3_minus_2_a
1790	0.000018675	123008	ops_par_loop_update_halo_kernel3_minus_4_b_25	update_halo_kernel3_minus_4_b
1791	0.000024968	553536	ops_par_loop_group_22	update_halo_kernel1_r2+update_halo_kernel3_minus_2_b
1792	0.000021090	430528	ops_par_loop_update_halo_kernel1_r1_18	update_halo_kernel1_r1
1793	0.000023374	369120	ops_par_loop_group_24	update_halo_kernel4_plus_4_a+update_halo_kernel2_xvel_minus_4_a+update_halo_kernel2_yvel_plus_4_a
1794	0.000022052	369120	ops_par_loop_group_25	update_halo_kernel4_plus_2_a+update_halo_kernel2_xvel_minus_2_a+update_halo_kernel2_yvel_plus_2_a
1795	0.000020769	246080	ops_par_loop_group_26	update_halo_kernel2_xvel_minus_4_b+update_halo_kernel2_yvel_plus_4_b
1796	0.000022392	369120	ops_par_loop_group_27	update_halo_kernel4_plus_4_b+update_halo_kernel2_xvel_minus_2_b+update_halo_kernel2_yvel_plus_2_b
1797	0.000018365	123040	ops_par_loop_update_halo_kernel4_plus_2_b_34	update_halo_kernel4_plus_2_b
1798	0.000564812	591053440	ops_par_loop_advec_cell_kernel1_ydir_35	advec_cell_kernel1_ydir
1799	0.000789940	708203544	ops_par_loop_advec_cell_kernel3_ydir_36	advec_cell_kernel3_ydir
1800	0.001469521	1533542400	ops_par_loop_advec_cell_kernel4_ydir_37	advec_cell_kernel4_ydir
1801	0.000022723	553536	ops_par_loop_group_32	update_halo_kernel1_b2+update_halo_kernel4_minus_4_a
1802	0.000021140	553536	ops_par_loop_group_33	update_halo_kernel1_b1+update_halo_kernel4_minus_2_a
1803	0.000018315	123008	ops_par_loop_update_halo_kernel4_minus_4_b_64	update_halo_kernel4_minus_4_b
1804	0.000020649	553536	ops_par_loop_group_35	update_halo_kernel1_t2+update_halo_kernel4_minus_2_b
1805	0.000020178	430528	ops_par_loop_update_halo_kernel1_t1_41	update_halo_kernel1_t1
1806	0.000023505	430528	ops_par_loop_update_halo_kernel1_l2_42	update_halo_kernel1_l2
1807	0.000021451	430528	ops_par_loop_update_halo_kernel1_l1_43	update_halo_kernel1_l1
1808	0.000022893	430528	ops_par_loop_update_halo_kernel1_r2_44	update_halo_kernel1_r2
1809	0.000021741	430528	ops_par_loop_update_halo_kernel1_r1_45	update_halo_kernel1_r1
1810	0.000019206	123040	ops_par_loop_update_halo_kernel4_plus_4_a_66	update_halo_kernel4_plus_4_a
1811	0.000018415	123040	ops_par_loop_update_halo_kernel4_plus_2_a_67	update_halo_kernel4_plus_2_a
1812	0.000018826	123040	ops_par_loop_update_halo_kernel4_plus_4_b_68	update_halo_kernel4_plus_4_b
1813	0.000025068	123040	ops_par_loop_update_halo_kernel4_plus_2_b_69	update_halo_kernel4_plus_2_b
1814	0.000564081	591053440	ops_par_loop_advec_mom_kernel_y1_70	advec_mom_kernel_y1
1815	0.000191965	236236864	ops_par_loop_advec_mom_kernel_mass_flux_y_71	advec_mom_kernel_mass_flux_y
1816	0.000534405	590438520	ops_par_loop_advec_mom_kernel_post_pre_advec_y_72	advec_mom_kernel_post_pre_advec_y
1817	0.000878849	472258640	ops_par_loop_advec_mom_kernel1_y_nonvector_73	advec_mom_kernel1_y_nonvector
1818	0.000450686	590131240	ops_par_loop_advec_mom_kernel2_y_74	advec_mom_kernel2_y
1819	0.000561757	591053440	ops_par_loop_advec_mom_kernel_y1_75	advec_mom_kernel_y1
1820	0.000191423	236236864	ops_par_loop_advec_mom_kernel_mass_flux_y_76	advec_mom_kernel_mass_flux_y
1821	0.000532542	590438520	ops_par_loop_advec_mom_kernel_post_pre_advec_y_77	advec_mom_kernel_post_pre_advec_y
1822	0.000877496	472258640	ops_par_loop_advec_mom_kernel1_y_nonvector_78	advec_mom_kernel1_y_nonvector
1823	0.000444614	590131240	ops_par_loop_advec_mom_kernel2_y_79	advec_mom_kernel2_y
1824	0.000492304	472842752	ops_par_loop_advec_cell_kernel2_xdir_80	advec_cell_kernel2_xdir
1825	0.000774130	708203544	ops_par_loop_advec_cell_kernel3_xdir_81	advec_cell_kernel3_xdir
1826	0.001459912	1533542400	ops_par_loop_advec_cell_kernel4_xdir_82	advec_cell_kernel4_xdir
1827	0.000023495	553536	ops_par_loop_group_58	update_halo_kernel1_b2+update_halo_kernel4_minus_4_a
1828	0.000022703	553536	ops_par_loop_group_59	update_halo_kernel1_b1+update_halo_kernel4_minus_2_a
1829	0.000022313	369120	ops_par_loop_group_60	update_halo_kernel2_xvel_plus_4_a+update_halo_kernel2_yvel_minus_4_a+update_halo_kernel3_plus_4_a
1830	0.000022783	369120	ops_par_loop_group_61	update_halo_kernel2_xvel_plus_2_a+update_halo_kernel2_yvel_minus_2_a+update_halo_kernel3_plus_2_a
1831	0.000019558	246080	ops_par_loop_group_62	update_halo_kernel2_xvel_plus_4_b+update_halo_kernel2_yvel_minus_4_b
1832	0.000021070	369120	ops_par_loop_group_63	update_halo_kernel2_xvel_plus_2_b+update_halo_kernel2_yvel_minus_2_b+update_halo_kernel3_plus_4_b
1833	0.000022282	246080	ops_par_loop_group_64	update_halo_kernel2_xvel_minus_4_b+update_halo_kernel2_yvel_plus_4_b
1834	0.000020589	123040	ops_par_loop_update_halo_kernel3_plus_2_b_110	update_halo_kernel3_plus_2_b
1835	0.000019928	123008	ops_par_loop_update_halo_kernel3_minus_4_b_113	update_halo_kernel3_minus_4_b
1836	0.000018405	123008	ops_par_loop_update_halo_kernel4_minus_4_b_117	update_halo_kernel4_minus_4_b
1837	0.000021381	553536	ops_par_loop_group_68	update_halo_kernel1_t2+update_halo_kernel4_minus_2_b
1838	0.000020309	430528	ops_par_loop_update_halo_kernel1_t1_86	update_halo_kernel1_t1
1839	0.000026821	553536	ops_par_loop_group_70	update_halo_kernel1_l2+update_halo_kernel3_minus_4_a
1840	0.000023975	553536	ops_par_loop_group_71	update_halo_kernel1_l1+update_halo_kernel3_minus_2_a
1841	0.000024586	553536	ops_par_loop_group_72	update_halo_kernel1_r2+update_halo_kernel3_minus_2_b
1842	0.000021581	430528	ops_par_loop_update_halo_kernel1_r1_90	update_halo_kernel1_r1
1843	0.000023385	369120	ops_par_loop_group_74	update_halo_kernel2_xvel_minus_4_a+update_halo_kernel2_yvel_plus_4_a+update_halo_kernel4_plus_4_a
1844	0.000021982	369120	ops_par_loop_group_75	update_halo_kernel2_xvel_minus_2_a+update_halo_kernel2_yvel_plus_2_a+update_halo_kernel4_plus_2_a
1845	0.000022543	369120	ops_par_loop_group_76	update_halo_kernel2_xvel_minus_2_b+update_halo_kernel2_yvel_plus_2_b+update_halo_kernel4_plus_4_b
1846	0.000019126	123040	ops_par_loop_update_halo_kernel4_plus_2_b_122	update_halo_kernel4_plus_2_b
1847	0.001767777	1416561152	ops_par_loop_group_78	advec_mom_kernel_x2+reset_field_kernel1+ideal_gas_kernel
1848	0.000196523	236236864	ops_par_loop_advec_mom_kernel_mass_flux_x_124	advec_mom_kernel_mass_flux_x
1849	0.000574501	590438520	ops_par_loop_advec_mom_kernel_post_pre_advec_x_125	advec_mom_kernel_post_pre_advec_x
1850	0.000885061	472258640	ops_par_loop_advec_mom_kernel1_x_nonvector_126	advec_mom_kernel1_x_nonvector
1851	0.000443112	590131240	ops_par_loop_advec_mom_kernel2_x_127	advec_mom_kernel2_x
1852	0.000498727	472842752	ops_par_loop_advec_mom_kernel_x2_128	advec_mom_kernel_x2
1853	0.000194890	236236864	ops_par_loop_advec_mom_kernel_mass_flux_x_129	advec_mom_kernel_mass_flux_x
1854	0.000572457	590438520	ops_par_loop_advec_mom_kernel_post_pre_advec_x_130	advec_mom_kernel_post_pre_advec_x
1855	0.000884490	472258640	ops_par_loop_advec_mom_kernel1_x_nonvector_131	advec_mom_kernel1_x_nonvector
1856	0.000729415	1062236232	ops_par_loop_group_87	advec_mom_kernel2_x+reset_field_kernel2
1857	0.000022322	430304	ops_par_loop_update_halo_kernel1_b1_136	update_halo_kernel1_b1
1858	0.000020218	430304	ops_par_loop_update_halo_kernel1_t1_137	update_halo_kernel1_t1
1859	0.000023595	430304	ops_par_loop_update_halo_kernel1_l1_138	update_halo_kernel1_l1
1860	0.000023946	430304	ops_par_loop_update_halo_kernel1_r1_139	update_halo_kernel1_r1
1861	0.000019838	245952	ops_par_loop_group_92	update_halo_kernel2_xvel_plus_2_a+update_halo_kernel2_yvel_minus_2_a
1862	0.000019237	245952	ops_par_loop_group_93	update_halo_kernel2_xvel_plus_2_b+update_halo_kernel2_yvel_minus_2_b
1863	0.000021291	245952	ops_par_loop_group_94	update_halo_kernel2_xvel_minus_2_a+update_halo_kernel2_yvel_plus_2_a
1864	0.000021301	245952	ops_par_loop_group_95	update_halo_kernel2_xvel_minus_2_b+update_halo_kernel2_yvel_plus_2_b
1865	0.001737549	589885440	ops_par_loop_viscosity_kernel_148	viscosity_kernel
1866	0.000021090	430304	ops_par_loop_update_halo_kernel1_b1_149	update_halo_kernel1_b1
1867	0.000020039	430304	ops_par_loop_update_halo_kernel1_t1_150	update_halo_kernel1_t1
1868	0.000023625	430304	ops_par_loop_update_halo_kernel1_l1_151	update_halo_kernel1_l1
1869	0.000023385	430304	ops_par_loop_update_halo_kernel1_r1_152	update_halo_kernel1_r1
1870	0.000918424	1061744640	ops_par_loop_calc_dt_kernel_153	calc_dt_kernel
1871	0.001485191	1887436800	ops_par_loop_group_0	PdV_kernel_predict+ideal_gas_kernel
1872	0.000022613	430304	ops_par_loop_update_halo_kernel1_b1_2	update_halo_kernel1_b1
1873	0.000019267	430304	ops_par_loop_update_halo_kernel1_t1_3	update_halo_kernel1_t1
1874	0.000023816	430304	ops_par_loop_update_halo_kernel1_l1_4	update_halo_kernel1_l1
1875	0.000023805	430304	ops_par_loop_update_halo_kernel1_r1_5	update_halo_kernel1_r1
1876	0.001556396	1770147928	ops_par_loop_group_5	revert_kernel+accelerate_kernel
1877	0.001357989	1651507200	ops_par_loop_PdV_kernel_nopredict_8	PdV_kernel_nopredict
1878	0.000359903	471982080	ops_par_loop_flux_calc_kernelx_9	flux_calc_kernelx
1879	0.000357018	471982080	ops_par_loop_flux_calc_kernely_10	flux_calc_kernely
1880	0.000021711	553536	ops_par_loop_group_9	update_halo_kernel1_b2+update_halo_kernel4_minus_4_a
1881	0.000021401	553536	ops_par_loop_group_10	update_halo_kernel1_b1+update_halo_kernel4_minus_2_a
1882	0.000020830	369120	ops_par_loop_group_11	update_halo_kernel3_plus_4_a+update_halo_kernel2_xvel_plus_4_a+update_halo_kernel2_yvel_minus_4_a
1883	0.000021029	369120	ops_par_loop_group_12	update_halo_kernel3_plus_2_a+update_halo_kernel2_xvel_plus_2_a+update_halo_kernel2_yvel_minus_2_a
1884	0.000018966	123008	ops_par_loop_update_halo_kernel4_minus_4_b_29	update_halo_kernel4_minus_4_b
1885	0.000020910	553536	ops_par_loop_group_14	update_halo_kernel1_t2+update_halo_kernel4_minus_2_b
1886	0.000020228	430528	ops_par_loop_update_halo_kernel1_t1_14	update_halo_kernel1_t1
1887	0.000019868	246080	ops_par_loop_group_16	update_halo_kernel2_xvel_plus_4_b+update_halo_kernel2_yvel_minus_4_b
1888	0.000019727	369120	ops_par_loop_group_17	update_halo_kernel3_plus_4_b+update_halo_kernel2_xvel_plus_2_b+update_halo_kernel2_yvel_minus_2_b
1889	0.000018465	123040	ops_par_loop_update_halo_kernel3_plus_2_b_22	update_halo_kernel3_plus_2_b
1890	0.000025658	553536	ops_par_loop_group_19	update_halo_kernel1_l2+update_halo_kernel3_minus_4_a
1891	0.000022683	553536	ops_par_loop_group_20	update_halo_kernel1_l1+update_halo_kernel3_minus_2_a
1892	0.000018415	123008	ops_par_loop_update_halo_kernel3_minus_4_b_25	update_halo_kernel3_minus_4_b
1893	0.000024426	553536	ops_par_loop_group_22	update_halo_kernel1_r2+update_halo_kernel3_minus_2_b
1894	0.000021140	430528	ops_par_loop_update_halo_kernel1_r1_18	update_halo_kernel1_r1
1895	0.000023715	369120	ops_par_loop_group_24	update_halo_kernel4_plus_4_a+update_halo_kernel2_xvel_minus_4_a+update_halo_kernel2_yvel_plus_4_a
1896	0.000021551	369120	ops_par_loop_group_25	update_halo_kernel4_plus_2_a+update_halo_kernel2_xvel_minus_2_a+update_halo_kernel2_yvel_plus_2_a
1897	0.000020318	246080	ops_par_loop_group_26	update_halo_kernel2_xvel_minus_4_b+update_halo_kernel2_yvel_plus_4_b
1898	0.000022142	369120	ops_par_loop_group_27	update_halo_kernel4_plus_4_b+update_halo_kernel2_xvel_minus_2_b+update_halo_kernel2_yvel_plus_2_b
1899	0.000018605	123040	ops_par_loop_update_halo_kernel4_plus_2_b_34	update_halo_kernel4_plus_2_b
1900	0.000563190	591053440	ops_par_loop_advec_cell_kernel1_xdir_35	advec_cell_kernel1_xdir
1901	0.000773759	708203544	ops_par_loop_advec_cell_kernel3_xdir_36	advec_cell_kernel3_xdir
1902	0.001461836	1533542400	ops_par_loop_advec_cell_kernel4_xdir_37	advec_cell_kernel4_xdir
1903	0.000021852	430528	ops_par_loop_update_halo_kernel1_b2_38	update_halo_kernel1_b2
1904	0.000020018	430528	ops_par_loop_update_halo_kernel1_b1_39	update_halo_kernel1_b1
1905	0.000020439	430528	ops_par_loop_update_halo_kernel1_t2_40	update_halo_kernel1_t2
1906	0.000020529	430528	ops_par_loop_update_halo_kernel1_t1_41	update_halo_kernel1_t1
1907	0.000018966	123040	ops_par_loop_update_halo_kernel3_plus_4_a_62	update_halo_kernel3_plus_4_a
1908	0.000018565	123040	ops_par_loop_update_halo_kernel3_plus_2_a_63	update_halo_kernel3_plus_2_a
1909	0.000018154	123040	ops_par_loop_update_halo_kernel3_plus_4_b_64	update_halo_kernel3_plus_4_b
1910	0.000017824	123040	ops_par_loop_update_halo_kernel3_plus_2_b_65	update_halo_kernel3_plus_2_b
1911	0.000026540	553536	ops_par_loop_group_40	update_halo_kernel1_l2+update_halo_kernel3_minus_4_a
1912	0.000023735	553536	ops_par_loop_group_41	update_halo_kernel1_l1+update_halo_kernel3_minus_2_a
1913	0.000025118	123008	ops_par_loop_update_halo_kernel3_minus_4_b_68	update_halo_kernel3_minus_4_b
1914	0.000024827	553536	ops_par_loop_group_43	update_halo_kernel1_r2+update_halo_kernel3_minus_2_b
1915	0.000021430	430528	ops_par_loop_update_halo_kernel1_r1_45	update_halo_kernel1_r1
1916	0.000562538	591053440	ops_par_loop_advec_mom_kernel_x1_70	advec_mom_kernel_x1
1917	0.000193457	236236864	ops_par_loop_advec_mom_kernel_mass_flux_x_71	advec_mom_kernel_mass_flux_x
1918	0.000576655	590438520	ops_par_loop_advec_mom_kernel_post_pre_advec_x_72	advec_mom_kernel_post_pre_advec_x
1919	0.000884169	472258640	ops_par_loop_advec_mom_kernel1_x_nonvector_73	advec_mom_kernel1_x_nonvector
1920	0.000456938	590131240	ops_par_loop_advec_mom_kernel2_x_74	advec_mom_kernel2_x
1921	0.000561286	591053440	ops_par_loop_advec_mom_kernel_x1_75	advec_mom_kernel_x1
1922	0.000193708	236236864	ops_par_loop_advec_mom_kernel_mass_flux_x_76	advec_mom_kernel_mass_flux_x
1923	0.000575754	590438520	ops_par_loop_advec_mom_kernel_post_pre_advec_x_77	advec_mom_kernel_post_pre_advec_x
1924	0.000883768	472258640	ops_par_loop_advec_mom_kernel1_x_nonvector_78	advec_mom_kernel1_x_nonvector
1925	0.000448752	590131240	ops_par_loop_advec_mom_kernel2_x_79	advec_mom_kernel2_x
1926	0.000498877	472842752	ops_par_loop_advec_cell_kernel2_ydir_80	advec_cell_kernel2_ydir
1927	0.000789860	708203544	ops_par_loop_advec_cell_kernel3_ydir_81	advec_cell_kernel3_ydir
1928	0.001471164	1533542400	ops_par_loop_advec_cell_kernel4_ydir_82	advec_cell_kernel4_ydir
1929	0.000023475	553536	ops_par_loop_group_58	update_halo_kernel1_b2+update_halo_kernel4_minus_4_a
1930	0.000021852	553536	ops_par_loop_group_59	update_halo_kernel1_b1+update_halo_kernel4_minus_2_a
1931	0.000023435	369120	ops_par_loop_group_60	update_halo_kernel2_xvel_plus_4_a+update_halo_kernel2_yvel_minus_4_a+update_halo_kernel3_plus_4_a
1932	0.000023956	369120	ops_par_loop_group_61	update_halo_kernel2_xvel_plus_2_a+update_halo_kernel2_yvel_minus_2_a+update_halo_kernel3_plus_2_a
1933	0.000021220	246080	ops_par_loop_group_62	update_halo_kernel2_xvel_plus_4_b+update_halo_kernel2_yvel_minus_4_b
1934	0.000022372	369120	ops_par_loop_group_63	update_halo_kernel2_xvel_plus_2_b+update_halo_kernel2_yvel_minus_2_b+update_halo_kernel3_plus_4_b
1935	0.000021420	246080	ops_par_loop_group_64	update_halo_kernel2_xvel_minus_4_b+update_halo_kernel2_yvel_plus_4_b
1936	0.000019807	123040	ops_par_loop_update_halo_kernel3_plus_2_b_110	update_halo_kernel3_plus_2_b
1937	0.000019998	123008	ops_par_loop_update_halo_kernel3_minus_4_b_113	update_halo_kernel3_minus_4_b
1938	0.000019267	123008	ops_par_loop_update_halo_kernel4_minus_4_b_117	update_halo_kernel4_minus_4_b
1939	0.000021841	553536	ops_par_loop_group_68	update_halo_kernel1_t2+update_halo_kernel4_minus_2_b
1940	0.000021370	430528	ops_par_loop_update_halo_kernel1_t1_86	update_halo_kernel1_t1
1941	0.000027112	553536	ops_par_loop_group_70	update_halo_kernel1_l2+update_halo_kernel3_minus_4_a
1942	0.000024637	553536	ops_par_loop_group_71	update_halo_kernel1_l1+update_halo_kernel3_minus_2_a
1943	0.000025389	553536	ops_par_loop_group_72	update_halo_kernel1_r2+update_halo_kernel3_minus_2_b
1944	0.000024356	430528	ops_par_loop_update_halo_kernel1_r1_90	update_halo_kernel1_r1
1945	0.000025208	369120	ops_par_loop_group_74	update_halo_kernel2_xvel_minus_4_a+update_halo_kernel2_yvel_plus_4_a+update_halo_kernel4_plus_4_a
1946	0.000023475	369120	ops_par_loop_group_75	update_halo_kernel2_xvel_minus_2_a+update_halo_kernel2_yvel_plus_2_a+update_halo_kernel4_plus_2_a
1947	0.000027222	369120	ops_par_loop_group_76	update_halo_kernel2_xvel_minus_2_b+update_halo_kernel2_yvel_plus_2_b+update_halo_kernel4_plus_4_b
1948	0.000021050	123040	ops_par_loop_update_halo_kernel4_plus_2_b_122	update_halo_kernel4_plus_2_b
1949	0.001782475	1416561152	ops_par_loop_group_78	advec_mom_kernel_y2+reset_field_kernel1+ideal_gas_kernel
1950	0.000195150	236236864	ops_par_loop_advec_mom_kernel_mass_flux_y_124	advec_mom_kernel_mass_flux_y
1951	0.000531440	590438520	ops_par_loop_advec_mom_kernel_post_pre_advec_y_125	advec_mom_kernel_post_pre_advec_y
1952	0.000879019	472258640	ops_par_loop_advec_mom_kernel1_y_nonvector_126	advec_mom_kernel1_y_nonvector
1953	0.000448301	590131240	ops_par_loop_advec_mom_kernel2_y_127	advec_mom_kernel2_y
1954	0.000491072	472842752	ops_par_loop_advec_mom_kernel_y2_128	advec_mom_kernel_y2
1955	0.000192565	236236864	ops_par_loop_advec_mom_kernel_mass_flux_y_129	advec_mom_kernel_mass_flux_y
1956	0.000530417	590438520	ops_par_loop_advec_mom_kernel_post_pre_advec_y_130	advec_mom_kernel_post_pre_advec_y
1957	0.000877387	472258640	ops_par_loop_advec_mom_kernel1_y_nonvector_131	advec_mom_kernel1_y_nonvector
1958	0.000731419	1062236232	ops_par_loop_group_87	advec_mom_kernel2_y+reset_field_kernel2
1959	0.000021631	430304	ops_par_loop_update_halo_kernel1_b1_136	update_halo_kernel1_b1
1960	0.000020810	430304	ops_par_loop_update_halo_kernel1_t1_137	update_halo_kernel1_t1
1961	0.000023665	430304	ops_par_loop_update_halo_kernel1_l1_138	update_halo_kernel1_l1
1962	0.000023906	430304	ops_par_loop_update_halo_kernel1_r1_139	update_halo_kernel1_r1
1963	0.000020038	245952	ops_par_loop_group_92	update_halo_kernel2_xvel_plus_2_a+update_halo_kernel2_yvel_minus_2_a
1964	0.000018886	245952	ops_par_loop_group_93	update_halo_kernel2_xvel_plus_2_b+update_halo_kernel2_yvel_minus_2_b
1965	0.000021060	245952	ops_par_loop_group_94	update_halo_kernel2_xvel_minus_2_a+update_halo_kernel2_yvel_plus_2_a
1966	0.000021020	245952	ops_par_loop_group_95	update_halo_kernel2_xvel_minus_2_b+update_halo_kernel2_yvel_plus_2_b
1967	0.001737390	589885440	ops_par_loop_viscosity_kernel_148	viscosity_kernel
1968	0.000021521	430304	ops_par_loop_update_halo_kernel1_b1_149	update_halo_kernel1_b1
1969	0.000019838	430304	ops_par_loop_update_halo_kernel1_t1_150	update_halo_kernel1_t1
1970	0.000023144	430304	ops_par_loop_update_halo_kernel1_l1_151	update_halo_kernel1_l1
1971	0.000024016	430304	ops_par_loop_update_halo_kernel1_r1_152	update_halo_kernel1_r1
1972	0.000918975	1061744640	ops_par_loop_calc_dt_kernel_153	calc_dt_kernel
1973	0.001499227	1887436800	ops_par_loop_group_0	PdV_kernel_predict+ideal_gas_kernel
1974	0.000023284	430304	ops_par_loop_update_halo_kernel1_b1_2	update_halo_kernel1_b1
1975	0.000021280	430304	ops_par_loop_update_halo_kernel1_t1_3	update_halo_kernel1_t1
1976	0.000024456	430304	ops_par_loop_update_halo_kernel1_l1_4	update_halo_kernel1_l1
1977	0.000024677	430304	ops_par_loop_update_halo_kernel1_r1_5	update_halo_kernel1_r1
1978	0.001556546	1770147928	ops_par_loop_group_5	revert_kernel+accelerate_kernel
1979	0.001359853	1651507200	ops_par_loop_PdV_kernel_nopredict_8	PdV_kernel_nopredict
1980	0.000363209	471982080	ops_par_loop_flux_calc_kernelx_9	flux_calc_kernelx
1981	0.000359833	471982080	ops_par_loop_flux_calc_kernely_10	flux_calc_kernely
1982	0.000030077	553536	ops_par_loop_group_9	update_halo_kernel1_b2+update_halo_kernel4_minus_4_a
1983	0.000026571	553536	ops_par_loop_group_10	update_halo_kernel1_b1+update_halo_kernel4_minus_2_a
1984	0.000025458	369120	ops_par_loop_group_11	update_halo_kernel3_plus_4_a+update_halo_kernel2_xvel_plus_4_a+update_halo_kernel2_yvel_minus_4_a
1985	0.000024397	369120	ops_par_loop_group_12	update_halo_kernel3_plus_2_a+update_halo_kernel2_xvel_plus_2_a+update_halo_kernel2_yvel_minus_2_a
1986	0.000022613	123008	ops_par_loop_update_halo_kernel4_minus_4_b_29	update_halo_kernel4_minus_4_b
1987	0.000026951	553536	ops_par_loop_group_14	update_halo_kernel1_t2+update_halo_kernel4_minus_2_b
1988	0.000021050	430528	ops_par_loop_update_halo_kernel1_t1_14	update_halo_kernel1_t1
1989	0.000019877	246080	ops_par_loop_group_16	update_halo_kernel2_xvel_plus_4_b+update_halo_kernel2_yvel_minus_4_b
1990	0.000021360	369120	ops_par_loop_group_17	update_halo_kernel3_plus_4_b+update_halo_kernel2_xvel_plus_2_b+update_halo_kernel2_yvel_minus_2_b
1991	0.000020058	123040	ops_par_loop_update_halo_kernel3_plus_2_b_22	update_halo_kernel3_plus_2_b
1992	0.000027493	553536	ops_par_loop_group_19	update_halo_kernel1_l2+update_halo_kernel3_minus_4_a
1993	0.000023324	553536	ops_par_loop_group_20	update_halo_kernel1_l1+update_halo_kernel3_minus_2_a
1994	0.000020008	123008	ops_par_loop_update_halo_kernel3_minus_4_b_25	update_halo_kernel3_minus_4_b
1995	0.000025569	553536	ops_par_loop_group_22	update_halo_kernel1_r2+update_halo_kernel3_minus_2_b
1996	0.000022332	430528	ops_par_loop_update_halo_kernel1_r1_18	update_halo_kernel1_r1
1997	0.000024477	369120	ops_par_loop_group_24	update_halo_kernel4_plus_4_a+update_halo_kernel2_xvel_minus_4_a+update_halo_kernel2_yvel_plus_4_a
1998	0.000021741	369120	ops_par_loop_group_25	update_halo_kernel4_plus_2_a+update_halo_kernel2_xvel_minus_2_a+update_halo_kernel2_yvel_plus_2_a
1999	0.000021621	246080	ops_par_loop_group_26	update_halo_kernel2_xvel_minus_4_b+update_halo_kernel2_yvel_plus_4_b
2000	0.000023395	369120	ops_par_loop_group_27	update_halo_kernel4_plus_4_b+update_halo_kernel2_xvel_minus_2_b+update_halo_kernel2_yvel_plus_2_b
2001	0.000019457	123040	ops_par_loop_update_halo_kernel4_plus_2_b_34	update_halo_kernel4_plus_2_b
2002	0.000563791	591053440	ops_par_loop_advec_cell_kernel1_ydir_35	advec_cell_kernel1_ydir
2003	0.000870403	708203544	ops_par_loop_advec_cell_kernel3_ydir_36	advec_cell_kernel3_ydir
2004	0.001474961	1533542400	ops_par_loop_advec_cell_kernel4_ydir_37	advec_cell_kernel4_ydir
2005	0.000023835	553536	ops_par_loop_group_32	update_halo_kernel1_b2+update_halo_kernel4_minus_4_a
2006	0.000021721	553536	ops_par_loop_group_33	update_halo_kernel1_b1+update_halo_kernel4_minus_2_a
2007	0.000019497	123008	ops_par_loop_update_halo_kernel4_minus_4_b_64	update_halo_kernel4_minus_4_b
2008	0.000021280	553536	ops_par_loop_group_35	update_halo_kernel1_t2+update_halo_kernel4_minus_2_b
2009	0.000020920	430528	ops_par_loop_update_halo_kernel1_t1_41	update_halo_kernel1_t1
2010	0.000023886	430528	ops_par_loop_update_halo_kernel1_l2_42	update_halo_kernel1_l2
2011	0.000022232	430528	ops_par_loop_update_halo_kernel1_l1_43	update_halo_kernel1_l1
2012	0.000023103	430528	ops_par_loop_update_halo_kernel1_r2_44	update_halo_kernel1_r2
2013	0.000020940	430528	ops_par_loop_update_halo_kernel1_r1_45	update_halo_kernel1_r1
2014	0.000019006	123040	ops_par_loop_update_halo_kernel4_plus_4_a_66	update_halo_kernel4_plus_4_a
2015	0.000018385	123040	ops_par_loop_update_halo_kernel4_plus_2_a_67	update_halo_kernel4_plus_2_a
2016	0.000018685	123040	ops_par_loop_update_halo_kernel4_plus_4_b_68	update_halo_kernel4_plus_4_b
2017	0.000017904	123040	ops_par_loop_update_halo_kernel4_plus_2_b_69	update_halo_kernel4_plus_2_b
2018	0.000561446	591053440	ops_par_loop_advec_mom_kernel_y1_70	advec_mom_kernel_y1
2019	0.000192255	236236864	ops_par_loop_advec_mom_kernel_mass_flux_y_71	advec_mom_kernel_mass_flux_y
2020	0.000532231	590438520	ops_par_loop_advec_mom_kernel_post_pre_advec_y_72	advec_mom_kernel_post_pre_advec_y
2021	0.000878669	472258640	ops_par_loop_advec_mom_kernel1_y_nonvector_73	advec_mom_kernel1_y_nonvector
2022	0.000454193	590131240	ops_par_loop_advec_mom_kernel2_y_74	advec_mom_kernel2_y
2023	0.000562518	591053440	ops_par_loop_advec_mom_kernel_y1_75	advec_mom_kernel_y1
2024	0.000191894	236236864	ops_par_loop_advec_mom_kernel_mass_flux_y_76	advec_mom_kernel_mass_flux_y
2025	0.000530968	590438520	ops_par_loop_advec_mom_kernel_post_pre_advec_y_77	advec_mom_kernel_post_pre_advec_y
2026	0.000877416	472258640	ops_par_loop_advec_mom_kernel1_y_nonvector_78	advec_mom_kernel1_y_nonvector
2027	0.000451347	590131240	ops_par_loop_advec_mom_kernel2_y_79	advec_mom_kernel2_y
2028	0.000490852	472842752	ops_par_loop_advec_cell_kernel2_xdir_80	advec_cell_kernel2_xdir
2029	0.000773950	708203544	ops_par_loop_advec_cell_kernel3_xdir_81	advec_cell_kernel3_xdir
2030	0.001456385	1533542400	ops_par_loop_advec_cell_kernel4_xdir_82	advec_cell_kernel4_xdir
2031	0.000023014	553536	ops_par_loop_group_58	update_halo_kernel1_b2+update_halo_kernel4_minus_4_a
2032	0.000021460	553536	ops_par_loop_group_59	update_halo_kernel1_b1+update_halo_kernel4_minus_2_a
2033	0.000022483	369120	ops_par_loop_group_60	update_halo_kernel2_xvel_plus_4_a+update_halo_kernel2_yvel_minus_4_a+update_halo_kernel3_plus_4_a
2034	0.000021380	369120	ops_par_loop_group_61	update_halo_kernel2_xvel_plus_2_a+update_halo_kernel2_yvel_minus_2_a+update_halo_kernel3_plus_2_a
2035	0.000019788	246080	ops_par_loop_group_62	update_halo_kernel2_xvel_plus_4_b+update_halo_kernel2_yvel_minus_4_b
2036	0.000021110	369120	ops_par_loop_group_63	update_halo_kernel2_xvel_plus_2_b+update_halo_kernel2_yvel_minus_2_b+update_halo_kernel3_plus_4_b
2037	0.000022182	246080	ops_par_loop_group_64	update_halo_kernel2_xvel_minus_4_b+update_halo_kernel2_yvel_plus_4_b
2038	0.000019377	123040	ops_par_loop_update_halo_kernel3_plus_2_b_110	update_halo_kernel3_plus_2_b
2039	0.000019357	123008	ops_par_loop_update_halo_kernel3_minus_4_b_113	update_halo_kernel3_minus_4_b
2040	0.000018094	123008	ops_par_loop_update_halo_kernel4_minus_4_b_117	update_halo_kernel4_minus_4_b
2041	0.000025819	553536	ops_par_loop_group_68	update_halo_kernel1_t2+update_halo_kernel4_minus_2_b
2042	0.000020780	430528	ops_par_loop_update_halo_kernel1_t1_86	update_halo_kernel1_t1
2043	0.000026069	553536	ops_par_loop_group_70	update_halo_kernel1_l2+update_halo_kernel3_minus_4_a
2044	0.000023465	553536	ops_par_loop_group_71	update_halo_kernel1_l1+update_halo_kernel3_minus_2_a
2045	0.000024727	553536	ops_par_loop_group_72	update_halo_kernel1_r2+update_halo_kernel3_minus_2_b
2046	0.000021470	430528	ops_par_loop_update_halo_kernel1_r1_90	update_halo_kernel1_r1
2047	0.000023875	369120	ops_par_loop_group_74	update_halo_kernel2_xvel_minus_4_a+update_halo_kernel2_yvel_plus_4_a+update_halo_kernel4_plus_4_a
2048	0.000021561	369120	ops_par_loop_group_75	update_halo_kernel2_xvel_minus_2_a+update_halo_kernel2_yvel_plus_2_a+update_halo_kernel4_plus_2_a
2049	0.000023003	369120	ops_par_loop_group_76	update_halo_kernel2_xvel_minus_2_b+update_halo_kernel2_yvel_plus_2_b+update_halo_kernel4_plus_4_b
2050	0.000018315	123040	ops_par_loop_update_halo_kernel4_plus_2_b_122	update_halo_kernel4_plus_2_b
2051	0.001800610	1416561152	ops_par_loop_group_78	advec_mom_kernel_x2+reset_field_kernel1+ideal_gas_kernel
2052	0.000196262	236236864	ops_par_loop_advec_mom_kernel_mass_flux_x_124	advec_mom_kernel_mass_flux_x
2053	0.000573489	590438520	ops_par_loop_advec_mom_kernel_post_pre_advec_x_125	advec_mom_kernel_post_pre_advec_x
2054	0.000884560	472258640	ops_par_loop_advec_mom_kernel1_x_nonvector_126	advec_mom_kernel1_x_nonvector
2055	0.000452199	590131240	ops_par_loop_advec_mom_kernel2_x_127	advec_mom_kernel2_x
2056	0.000498557	472842752	ops_par_loop_advec_mom_kernel_x2_128	advec_mom_kernel_x2
2057	0.000194299	236236864	ops_par_loop_advec_mom_kernel_mass_flux_x_129	advec_mom_kernel_mass_flux_x
2058	0.000576114	590438520	ops_par_loop_advec_mom_kernel_post_pre_advec_x_130	advec_mom_kernel_post_pre_advec_x
2059	0.000885151	472258640	ops_par_loop_advec_mom_kernel1_x_nonvector_131	advec_mom_kernel1_x_nonvector
2060	0.000729515	1062236232	ops_par_loop_group_87	advec_mom_kernel2_x+reset_field_kernel2
2061	0.000493718	471859200	ops_par_loop_ideal_gas_kernel_0	ideal_gas_kernel
2062	0.000022523	430304	ops_par_loop_update_halo_kernel1_b1_1	update_halo_kernel1_b1
2063	0.000020809	430304	ops_par_loop_update_halo_kernel1_t1_2	update_halo_kernel1_t1
2064	0.000023265	430304	ops_par_loop_update_halo_kernel1_l1_3	update_halo_kernel1_l1
2065	0.000023394	430304	ops_par_loop_update_halo_kernel1_r1_4	update_halo_kernel1_r1
2066	0.000019106	245952	ops_par_loop_group_5	update_halo_kernel2_xvel_plus_2_a+update_halo_kernel2_yvel_minus_2_a
2067	0.000018856	245952	ops_par_loop_group_6	update_halo_kernel2_xvel_plus_2_b+update_halo_kernel2_yvel_minus_2_b
2068	0.000020449	245952	ops_par_loop_group_7	update_halo_kernel2_xvel_minus_2_a+update_halo_kernel2_yvel_plus_2_a
2069	0.000020489	245952	ops_par_loop_group_8	update_halo_kernel2_xvel_minus_2_b+update_halo_kernel2_yvel_plus_2_b
2070	0.001736287	589885440	ops_par_loop_viscosity_kernel_13	viscosity_kernel
2071	0.000021110	430304	ops_par_loop_update_halo_kernel1_b1_14	update_halo_kernel1_b1
2072	0.000019588	430304	ops_par_loop_update_halo_kernel1_t1_15	update_halo_kernel1_t1
2073	0.000023575	430304	ops_par_loop_update_halo_kernel1_l1_16	update_halo_kernel1_l1
2074	0.000022713	430304	ops_par_loop_update_halo_kernel1_r1_17	update_halo_kernel1_r1
2075	0.000918054	1061744640	ops_par_loop_calc_dt_kernel_18	calc_dt_kernel
2076	0.001491773	1887436800	ops_par_loop_group_0	PdV_kernel_predict+ideal_gas_kernel
2077	0.000023775	430304	ops_par_loop_update_halo_kernel1_b1_2	update_halo_kernel1_b1
2078	0.000019697	430304	ops_par_loop_update_halo_kernel1_t1_3	update_halo_kernel1_t1
2079	0.000024016	430304	ops_par_loop_update_halo_kernel1_l1_4	update_halo_kernel1_l1
2080	0.000023565	430304	ops_par_loop_update_halo_kernel1_r1_5	update_halo_kernel1_r1
2081	0.001554662	1770147928	ops_par_loop_group_5	revert_kernel+accelerate_kernel
2082	0.001358951	1651507200	ops_par_loop_PdV_kernel_nopredict_8	PdV_kernel_nopredict
2083	0.000362208	471982080	ops_par_loop_flux_calc_kernelx_9	flux_calc_kernelx
2084	0.000356788	471982080	ops_par_loop_flux_calc_kernely_10	flux_calc_kernely
2085	0.000021622	553536	ops_par_loop_group_9	update_halo_kernel1_b2+update_halo_kernel4_minus_4_a
2086	0.000020719	553536	ops_par_loop_group_10	update_halo_kernel1_b1+update_halo_kernel4_minus_2_a
2087	0.000021351	369120	ops_par_loop_group_11	update_halo_kernel3_plus_4_a+update_halo_kernel2_xvel_plus_4_a+update_halo_kernel2_yvel_minus_4_a
2088	0.000020128	369120	ops_par_loop_group_12	update_halo_kernel3_plus_2_a+update_halo_kernel2_xvel_plus_2_a+update_halo_kernel2_yvel_minus_2_a
2089	0.000018505	123008	ops_par_loop_update_halo_kernel4_minus_4_b_29	update_halo_kernel4_minus_4_b
2090	0.000020719	553536	ops_par_loop_group_14	update_halo_kernel1_t2+update_halo_kernel4_minus_2_b
2091	0.000020279	430528	ops_par_loop_update_halo_kernel1_t1_14	update_halo_kernel1_t1
2092	0.000019196	246080	ops_par_loop_group_16	update_halo_kernel2_xvel_plus_4_b+update_halo_kernel2_yvel_minus_4_b
2093	0.000020319	369120	ops_par_loop_group_17	update_halo_kernel3_plus_4_b+update_halo_kernel2_xvel_plus_2_b+update_halo_kernel2_yvel_minus_2_b
2094	0.000018014	123040	ops_par_loop_update_halo_kernel3_plus_2_b_22	update_halo_kernel3_plus_2_b
2095	0.000025318	553536	ops_par_loop_group_19	update_halo_kernel1_l2+update_halo_kernel3_minus_4_a
2096	0.000022392	553536	ops_par_loop_group_20	update_halo_kernel1_l1+update_halo_kernel3_minus_2_a
2097	0.000018986	123008	ops_par_loop_update_halo_kernel3_minus_4_b_25	update_halo_kernel3_minus_4_b
2098	0.000024146	553536	ops_par_loop_group_22	update_halo_kernel1_r2+update_halo_kernel3_minus_2_b
2099	0.000021010	430528	ops_par_loop_update_halo_kernel1_r1_18	update_halo_kernel1_r1
2100	0.000023094	369120	ops_par_loop_group_24	update_halo_kernel4_plus_4_a+update_halo_kernel2_xvel_minus_4_a+update_halo_kernel2_yvel_plus_4_a
2101	0.000022372	369120	ops_par_loop_group_25	update_halo_kernel4_plus_2_a+update_halo_kernel2_xvel_minus_2_a+update_halo_kernel2_yvel_plus_2_a
2102	0.000021440	246080	ops_par_loop_group_26	update_halo_kernel2_xvel_minus_4_b+update_halo_kernel2_yvel_plus_4_b
2103	0.000021652	369120	ops_par_loop_group_27	update_halo_kernel4_plus_4_b+update_halo_kernel2_xvel_minus_2_b+update_halo_kernel2_yvel_plus_2_b
2104	0.000017994	123040	ops_par_loop_update_halo_kernel4_plus_2_b_34	update_halo_kernel4_plus_2_b
2105	0.000561135	591053440	ops_par_loop_advec_cell_kernel1_xdir_35	advec_cell_kernel1_xdir
2106	0.000773179	708203544	ops_par_loop_advec_cell_kernel3_xdir_36	advec_cell_kernel3_xdir
2107	0.001459201	1533542400	ops_par_loop_advec_cell_kernel4_xdir_37	advec_cell_kernel4_xdir
2108	0.000021060	430528	ops_par_loop_update_halo_kernel1_b2_38	update_halo_kernel1_b2
2109	0.000020008	430528	ops_par_loop_update_halo_kernel1_b1_39	update_halo_kernel1_b1
2110	0.000026631	430528	ops_par_loop_update_halo_kernel1_t2_40	update_halo_kernel1_t2
2111	0.000020278	430528	ops_par_loop_update_halo_kernel1_t1_41	update_halo_kernel1_t1
2112	0.000019036	123040	ops_par_loop_update_halo_kernel3_plus_4_a_62	update_halo_kernel3_plus_4_a
2113	0.000019066	123040	ops_par_loop_update_halo_kernel3_plus_2_a_63	update_halo_kernel3_plus_2_a
2114	0.000018385	123040	ops_par_loop_update_halo_kernel3_plus_4_b_64	update_halo_kernel3_plus_4_b
2115	0.000018034	123040	ops_par_loop_update_halo_kernel3_plus_2_b_65	update_halo_kernel3_plus_2_b
2116	0.000027291	553536	ops_par_loop_group_40	update_halo_kernel1_l2+update_halo_kernel3_minus_4_a
2117	0.000023715	553536	ops_par_loop_group_41	update_halo_kernel1_l1+update_halo_kernel3_minus_2_a
2118	0.000018716	123008	ops_par_loop_update_halo_kernel3_minus_4_b_68	update_halo_kernel3_minus_4_b
2119	0.000025108	553536	ops_par_loop_group_43	update_halo_kernel1_r2+update_halo_kernel3_minus_2_b
2120	0.000021541	430528	ops_par_loop_update_halo_kernel1_r1_45	update_halo_kernel1_r1
2121	0.000561496	591053440	ops_par_loop_advec_mom_kernel_x1_70	advec_mom_kernel_x1
2122	0.000193427	236236864	ops_par_loop_advec_mom_kernel_mass_flux_x_71	advec_mom_kernel_mass_flux_x
2123	0.000579049	590438520	ops_par_loop_advec_mom_kernel_post_pre_advec_x_72	advec_mom_kernel_post_pre_advec_x
2124	0.000882807	472258640	ops_par_loop_advec_mom_kernel1_x_nonvector_73	advec_mom_kernel1_x_nonvector
2125	0.000449714	590131240	ops_par_loop_advec_mom_kernel2_x_74	advec_mom_kernel2_x
2126	0.000561777	591053440	ops_par_loop_advec_mom_kernel_x1_75	advec_mom_kernel_x1
2127	0.000193668	236236864	ops_par_loop_advec_mom_kernel_mass_flux_x_76	advec_mom_kernel_mass_flux_x
2128	0.000575543	590438520	ops_par_loop_advec_mom_kernel_post_pre_advec_x_77	advec_mom_kernel_post_pre_advec_x
2129	0.000884459	472258640	ops_par_loop_advec_mom_kernel1_x_nonvector_78	advec_mom_kernel1_x_nonvector
2130	0.000454142	590131240	ops_par_loop_advec_mom_kernel2_x_79	advec_mom_kernel2_x
2131	0.000498467	472842752	ops_par_loop_advec_cell_kernel2_ydir_80	advec_cell_kernel2_ydir
2132	0.000789590	708203544	ops_par_loop_advec_cell_kernel3_ydir_81	advec_cell_kernel3_ydir
2133	0.001468899	1533542400	ops_par_loop_advec_cell_kernel4_ydir_82	advec_cell_kernel4_ydir
2134	0.000023124	553536	ops_par_loop_group_58	update_halo_kernel1_b2+update_halo_kernel4_minus_4_a
2135	0.000021712	553536	ops_par_loop_group_59	update_halo_kernel1_b1+update_halo_kernel4_minus_2_a
2136	0.000021230	369120	ops_par_loop_group_60	update_halo_kernel2_xvel_plus_4_a+update_halo_kernel2_yvel_minus_4_a+update_halo_kernel3_plus_4_a
2137	0.000020950	369120	ops_par_loop_group_61	update_halo_kernel2_xvel_plus_2_a+update_halo_kernel2_yvel_minus_2_a+update_halo_kernel3_plus_2_a
2138	0.000019687	246080	ops_par_loop_group_62	update_halo_kernel2_xvel_plus_4_b+update_halo_kernel2_yvel_minus_4_b
2139	0.000021020	369120	ops_par_loop_group_63	update_halo_kernel2_xvel_plus_2_b+update_halo_kernel2_yvel_minus_2_b+update_halo_kernel3_plus_4_b
2140	0.000021420	246080	ops_par_loop_group_64	update_halo_kernel2_xvel_minus_4_b+update_halo_kernel2_yvel_plus_4_b
2141	0.000019176	123040	ops_par_loop_update_halo_kernel3_plus_2_b_110	update_halo_kernel3_plus_2_b
2142	0.000018865	123008	ops_par_loop_update_halo_kernel3_minus_4_b_113	update_halo_kernel3_minus_4_b
2143	0.000017924	123008	ops_par_loop_update_halo_kernel4_minus_4_b_117	update_halo_kernel4_minus_4_b
2144	0.000020268	553536	ops_par_loop_group_68	update_halo_kernel1_t2+update_halo_kernel4_minus_2_b
2145	0.000019787	430528	ops_par_loop_update_halo_kernel1_t1_86	update_halo_kernel1_t1
2146	0.000026220	553536	ops_par_loop_group_70	update_halo_kernel1_l2+update_halo_kernel3_minus_4_a
2147	0.000023024	553536	ops_par_loop_group_71	update_halo_kernel1_l1+update_halo_kernel3_minus_2_a
2148	0.000023815	553536	ops_par_loop_group_72	update_halo_kernel1_r2+update_halo_kernel3_minus_2_b
2149	0.000020919	430528	ops_par_loop_update_halo_kernel1_r1_90	update_halo_kernel1_r1
2150	0.000028153	369120	ops_par_loop_group_74	update_halo_kernel2_xvel_minus_4_a+update_halo_kernel2_yvel_plus_4_a+update_halo_kernel4_plus_4_a
2151	0.000021781	369120	ops_par_loop_group_75	update_halo_kernel2_xvel_minus_2_a+update_halo_kernel2_yvel_plus_2_a+update_halo_kernel4_plus_2_a
2152	0.000023735	369120	ops_par_loop_group_76	update_halo_kernel2_xvel_minus_2_b+update_halo_kernel2_yvel_plus_2_b+update_halo_kernel4_plus_4_b
2153	0.000017824	123040	ops_par_loop_update_halo_kernel4_plus_2_b_122	update_halo_kernel4_plus_2_b
2154	0.001782184	1416561152	ops_par_loop_group_78	advec_mom_kernel_y2+reset_field_kernel1+ideal_gas_kernel
2155	0.000194369	236236864	ops_par_loop_advec_mom_kernel_mass_flux_y_124	advec_mom_kernel_mass_flux_y
2156	0.000531790	590438520	ops_par_loop_advec_mom_kernel_post_pre_advec_y_125	advec_mom_kernel_post_pre_advec_y
2157	0.000877877	472258640	ops_par_loop_advec_mom_kernel1_y_nonvector_126	advec_mom_kernel1_y_nonvector
2158	0.000453201	590131240	ops_par_loop_advec_mom_kernel2_y_127	advec_mom_kernel2_y
2159	0.000491383	472842752	ops_par_loop_advec_mom_kernel_y2_128	advec_mom_kernel_y2
2160	0.000191473	236236864	ops_par_loop_advec_mom_kernel_mass_flux_y_129	advec_mom_kernel_mass_flux_y
2161	0.000532602	590438520	ops_par_loop_advec_mom_kernel_post_pre_advec_y_130	advec_mom_kernel_post_pre_advec_y
2162	0.000876534	472258640	ops_par_loop_advec_mom_kernel1_y_nonvector_131	advec_mom_kernel1_y_nonvector
2163	0.000732971	1062236232	ops_par_loop_group_87	advec_mom_kernel2_y+reset_field_kernel2
2164	0.000020409	430304	ops_par_loop_update_halo_kernel1_b1_136	update_halo_kernel1_b1
2165	0.000019397	430304	ops_par_loop_update_halo_kernel1_t1_137	update_halo_kernel1_t1
2166	0.000024206	430304	ops_par_loop_update_halo_kernel1_l1_138	update_halo_kernel1_l1
2167	0.000023194	430304	ops_par_loop_update_halo_kernel1_r1_139	update_halo_kernel1_r1
2168	0.000019317	245952	ops_par_loop_group_92	update_halo_kernel2_xvel_plus_2_a+update_halo_kernel2_yvel_minus_2_a
2169	0.000018916	245952	ops_par_loop_group_93	update_halo_kernel2_xvel_plus_2_b+update_halo_kernel2_yvel_minus_2_b
2170	0.000019898	245952	ops_par_loop_group_94	update_halo_kernel2_xvel_minus_2_a+update_halo_kernel2_yvel_plus_2_a
2171	0.000021120	245952	ops_par_loop_group_95	update_halo_kernel2_xvel_minus_2_b+update_halo_kernel2_yvel_plus_2_b
2172	0.001736127	589885440	ops_par_loop_viscosity_kernel_148	viscosity_kernel
2173	0.000020629	430304	ops_par_loop_update_halo_kernel1_b1_149	update_halo_kernel1_b1
2174	0.000019567	430304	ops_par_loop_update_halo_kernel1_t1_150	update_halo_kernel1_t1
2175	0.000023775	430304	ops_par_loop_update_halo_kernel1_l1_151	update_halo_kernel1_l1
2176	0.000022382	430304	ops_par_loop_update_halo_kernel1_r1_152	update_halo_kernel1_r1
2177	0.000917652	1061744640	ops_par_loop_calc_dt_kernel_153	calc_dt_kernel
2178	0.001526699	1887436800	ops_par_loop_group_0	PdV_kernel_predict+ideal_gas_kernel
2179	0.000024076	430304	ops_par_loop_update_halo_kernel1_b1_2	update_halo_kernel1_b1
2180	0.000021430	430304	ops_par_loop_update_halo_kernel1_t1_3	update_halo_kernel1_t1
2181	0.000026841	430304	ops_par_loop_update_halo_kernel1_l1_4	update_halo_kernel1_l1
2182	0.000025830	430304	ops_par_loop_update_halo_kernel1_r1_5	update_halo_kernel1_r1
2183	0.001561675	1770147928	ops_par_loop_group_5	revert_kernel+accelerate_kernel
2184	0.001351837	1651507200	ops_par_loop_PdV_kernel_nopredict_8	PdV_kernel_nopredict
2185	0.000360825	471982080	ops_par_loop_flux_calc_kernelx_9	flux_calc_kernelx
2186	0.000356217	471982080	ops_par_loop_flux_calc_kernely_10	flux_calc_kernely
2187	0.000022212	553536	ops_par_loop_group_9	update_halo_kernel1_b2+update_halo_kernel4_minus_4_a
2188	0.000021160	553536	ops_par_loop_group_10	update_halo_kernel1_b1+update_halo_kernel4_minus_2_a
2189	0.000021301	369120	ops_par_loop_group_11	update_halo_kernel3_plus_4_a+update_halo_kernel2_xvel_plus_4_a+update_halo_kernel2_yvel_minus_4_a
2190	0.000020399	369120	ops_par_loop_group_12	update_halo_kernel3_plus_2_a+update_halo_kernel2_xvel_plus_2_a+update_halo_kernel2_yvel_minus_2_a
2191	0.000018725	123008	ops_par_loop_update_halo_kernel4_minus_4_b_29	update_halo_kernel4_minus_4_b
2192	0.000020579	553536	ops_par_loop_group_14	update_halo_kernel1_t2+update_halo_kernel4_minus_2_b
2193	0.000020479	430528	ops_par_loop_update_halo_kernel1_t1_14	update_halo_kernel1_t1
2194	0.000019858	246080	ops_par_loop_group_16	update_halo_kernel2_xvel_plus_4_b+update_halo_kernel2_yvel_minus_4_b
2195	0.000019577	369120	ops_par_loop_group_17	update_halo_kernel3_plus_4_b+update_halo_kernel2_xvel_plus_2_b+update_halo_kernel2_yvel_minus_2_b
2196	0.000019006	123040	ops_par_loop_update_halo_kernel3_plus_2_b_22	update_halo_kernel3_plus_2_b
2197	0.000025238	553536	ops_par_loop_group_19	update_halo_kernel1_l2+update_halo_kernel3_minus_4_a
2198	0.000022583	553536	ops_par_loop_group_20	update_halo_kernel1_l1+update_halo_kernel3_minus_2_a
2199	0.000019257	123008	ops_par_loop_update_halo_kernel3_minus_4_b_25	update_halo_kernel3_minus_4_b
2200	0.000023735	553536	ops_par_loop_group_22	update_halo_kernel1_r2+update_halo_kernel3_minus_2_b
2201	0.000020970	430528	ops_par_loop_update_halo_kernel1_r1_18	update_halo_kernel1_r1
2202	0.000022763	369120	ops_par_loop_group_24	update_halo_kernel4_plus_4_a+update_halo_kernel2_xvel_minus_4_a+update_halo_kernel2_yvel_plus_4_a
2203	0.000021971	369120	ops_par_loop_group_25	update_halo_kernel4_plus_2_a+update_halo_kernel2_xvel_minus_2_a+update_halo_kernel2_yvel_plus_2_a
2204	0.000020278	246080	ops_par_loop_group_26	update_halo_kernel2_xvel_minus_4_b+update_halo_kernel2_yvel_plus_4_b
2205	0.000022342	369120	ops_par_loop_group_27	update_halo_kernel4_plus_4_b+update_halo_kernel2_xvel_minus_2_b+update_halo_kernel2_yvel_plus_2_b
2206	0.000018365	123040	ops_par_loop_update_halo_kernel4_plus_2_b_34	update_halo_kernel4_plus_2_b
2207	0.000562568	591053440	ops_par_loop_advec_cell_kernel1_ydir_35	advec_cell_kernel1_ydir
2208	0.000788347	708203544	ops_par_loop_advec_cell_kernel3_ydir_36	advec_cell_kernel3_ydir
2209	0.001472927	1533542400	ops_par_loop_advec_cell_kernel4_ydir_37	advec_cell_kernel4_ydir
2210	0.000021802	553536	ops_par_loop_group_32	update_halo_kernel1_b2+update_halo_kernel4_minus_4_a
2211	0.000021300	553536	ops_par_loop_group_33	update_halo_kernel1_b1+update_halo_kernel4_minus_2_a
2212	0.000017593	123008	ops_par_loop_update_halo_kernel4_minus_4_b_64	update_halo_kernel4_minus_4_b
2213	0.000020719	553536	ops_par_loop_group_35	update_halo_kernel1_t2+update_halo_kernel4_minus_2_b
2214	0.000020118	430528	ops_par_loop_update_halo_kernel1_t1_41	update_halo_kernel1_t1
2215	0.000023104	430528	ops_par_loop_update_halo_kernel1_l2_42	update_halo_kernel1_l2
2216	0.000021390	430528	ops_par_loop_update_halo_kernel1_l1_43	update_halo_kernel1_l1
2217	0.000022643	430528	ops_par_loop_update_halo_kernel1_r2_44	update_halo_kernel1_r2
2218	0.000021611	430528	ops_par_loop_update_halo_kernel1_r1_45	update_halo_kernel1_r1
2219	0.000019617	123040	ops_par_loop_update_halo_kernel4_plus_4_a_66	update_halo_kernel4_plus_4_a
2220	0.000018505	123040	ops_par_loop_update_halo_kernel4_plus_2_a_67	update_halo_kernel4_plus_2_a
2221	0.000018174	123040	ops_par_loop_update_halo_kernel4_plus_4_b_68	update_halo_kernel4_plus_4_b
2222	0.000018706	123040	ops_par_loop_update_halo_kernel4_plus_2_b_69	update_halo_kernel4_plus_2_b
2223	0.000560465	591053440	ops_par_loop_advec_mom_kernel_y1_70	advec_mom_kernel_y1
2224	0.000191223	236236864	ops_par_loop_advec_mom_kernel_mass_flux_y_71	advec_mom_kernel_mass_flux_y
2225	0.000532732	590438520	ops_par_loop_advec_mom_kernel_post_pre_advec_y_72	advec_mom_kernel_post_pre_advec_y
2226	0.000878087	472258640	ops_par_loop_advec_mom_kernel1_y_nonvector_73	advec_mom_kernel1_y_nonvector
2227	0.000450055	590131240	ops_par_loop_advec_mom_kernel2_y_74	advec_mom_kernel2_y
2228	0.000560714	591053440	ops_par_loop_advec_mom_kernel_y1_75	advec_mom_kernel_y1
2229	0.000190902	236236864	ops_par_loop_advec_mom_kernel_mass_flux_y_76	advec_mom_kernel_mass_flux_y
2230	0.000534736	590438520	ops_par_loop_advec_mom_kernel_post_pre_advec_y_77	advec_mom_kernel_post_pre_advec_y
2231	0.000876374	472258640	ops_par_loop_advec_mom_kernel1_y_nonvector_78	advec_mom_kernel1_y_nonvector
2232	0.000450996	590131240	ops_par_loop_advec_mom_kernel2_y_79	advec_mom_kernel2_y
2233	0.000491453	472842752	ops_par_loop_advec_cell_kernel2_xdir_80	advec_cell_kernel2_xdir
2234	0.000775062	708203544	ops_par_loop_advec_cell_kernel3_xdir_81	advec_cell_kernel3_xdir
2235	0.001459632	1533542400	ops_par_loop_advec_cell_kernel4_xdir_82	advec_cell_kernel4_xdir
2236	0.000023154	553536	ops_par_loop_group_58	update_halo_kernel1_b2+update_halo_kernel4_minus_4_a
2237	0.000021531	553536	ops_par_loop_group_59	update_halo_kernel1_b1+update_halo_kernel4_minus_2_a
2238	0.000020720	369120	ops_par_loop_group_60	update_halo_kernel2_xvel_plus_4_a+update_halo_kernel2_yvel_minus_4_a+update_halo_kernel3_plus_4_a
2239	0.000021471	369120	ops_par_loop_group_61	update_halo_kernel2_xvel_plus_2_a+update_halo_kernel2_yvel_minus_2_a+update_halo_kernel3_plus_2_a
2240	0.000018896	246080	ops_par_loop_group_62	update_halo_kernel2_xvel_plus_4_b+update_halo_kernel2_yvel_minus_4_b
2241	0.000019928	369120	ops_par_loop_group_63	update_halo_kernel2_xvel_plus_2_b+update_halo_kernel2_yvel_minus_2_b+update_halo_kernel3_plus_4_b
2242	0.000020990	246080	ops_par_loop_group_64	update_halo_kernel2_xvel_minus_4_b+update_halo_kernel2_yvel_plus_4_b
2243	0.000019236	123040	ops_par_loop_update_halo_kernel3_plus_2_b_110	update_halo_kernel3_plus_2_b
2244	0.000019267	123008	ops_par_loop_update_halo_kernel3_minus_4_b_113	update_halo_kernel3_minus_4_b
2245	0.000018395	123008	ops_par_loop_update_halo_kernel4_minus_4_b_117	update_halo_kernel4_minus_4_b
2246	0.000020509	553536	ops_par_loop_group_68	update_halo_kernel1_t2+update_halo_kernel4_minus_2_b
2247	0.000020088	430528	ops_par_loop_update_halo_kernel1_t1_86	update_halo_kernel1_t1
2248	0.000027101	553536	ops_par_loop_group_70	update_halo_kernel1_l2+update_halo_kernel3_minus_4_a
2249	0.000023394	553536	ops_par_loop_group_71	update_halo_kernel1_l1+update_halo_kernel3_minus_2_a
2250	0.000024687	553536	ops_par_loop_group_72	update_halo_kernel1_r2+update_halo_kernel3_minus_2_b
2251	0.000021501	430528	ops_par_loop_update_halo_kernel1_r1_90	update_halo_kernel1_r1
2252	0.000023925	369120	ops_par_loop_group_74	update_halo_kernel2_xvel_minus_4_a+update_halo_kernel2_yvel_plus_4_a+update_halo_kernel4_plus_4_a
2253	0.000021261	369120	ops_par_loop_group_75	update_halo_kernel2_xvel_minus_2_a+update_halo_kernel2_yvel_plus_2_a+update_halo_kernel4_plus_2_a
2254	0.000022172	369120	ops_par_loop_group_76	update_halo_kernel2_xvel_minus_2_b+update_halo_kernel2_yvel_plus_2_b+update_halo_kernel4_plus_4_b
2255	0.000018254	123040	ops_par_loop_update_halo_kernel4_plus_2_b_122	update_halo_kernel4_plus_2_b
2256	0.001798977	1416561152	ops_par_loop_group_78	advec_mom_kernel_x2+reset_field_kernel1+ideal_gas_kernel
2257	0.000195982	236236864	ops_par_loop_advec_mom_kernel_mass_flux_x_124	advec_mom_kernel_mass_flux_x
2258	0.000577266	590438520	ops_par_loop_advec_mom_kernel_post_pre_advec_x_125	advec_mom_kernel_post_pre_advec_x
2259	0.000883858	472258640	ops_par_loop_advec_mom_kernel1_x_nonvector_126	advec_mom_kernel1_x_nonvector
2260	0.000441799	590131240	ops_par_loop_advec_mom_kernel2_x_127	advec_mom_kernel2_x
2261	0.000498136	472842752	ops_par_loop_advec_mom_kernel_x2_128	advec_mom_kernel_x2
2262	0.000193568	236236864	ops_par_loop_advec_mom_kernel_mass_flux_x_129	advec_mom_kernel_mass_flux_x
2263	0.000574551	590438520	ops_par_loop_advec_mom_kernel_post_pre_advec_x_130	advec_mom_kernel_post_pre_advec_x
2264	0.000884299	472258640	ops_par_loop_advec_mom_kernel1_x_nonvector_131	advec_mom_kernel1_x_nonvector
2265	0.000728824	1062236232	ops_par_loop_group_87	advec_mom_kernel2_x+reset_field_kernel2
2266	0.000021100	430304	ops_par_loop_update_halo_kernel1_b1_136	update_halo_kernel1_b1
2267	0.000020479	430304	ops_par_loop_update_halo_kernel1_t1_137	update_halo_kernel1_t1
2268	0.000023926	430304	ops_par_loop_update_halo_kernel1_l1_138	update_halo_kernel1_l1
2269	0.000023044	430304	ops_par_loop_update_halo_kernel1_r1_139	update_halo_kernel1_r1
2270	0.000018856	245952	ops_par_loop_group_92	update_halo_kernel2_xvel_plus_2_a+update_halo_kernel2_yvel_minus_2_a
2271	0.000019467	245952	ops_par_loop_group_93	update_halo_kernel2_xvel_plus_2_b+update_halo_kernel2_yvel_minus_2_b
2272	0.000020870	245952	ops_par_loop_group_94	update_halo_kernel2_xvel_minus_2_a+update_halo_kernel2_yvel_plus_2_a
2273	0.000021090	245952	ops_par_loop_group_95	update_halo_kernel2_xvel_minus_2_b+update_halo_kernel2_yvel_plus_2_b
2274	0.001738010	589885440	ops_par_loop_viscosity_kernel_148	viscosity_kernel
2275	0.000021461	430304	ops_par_loop_update_halo_kernel1_b1_149	update_halo_kernel1_b1
2276	0.000019908	430304	ops_par_loop_update_halo_kernel1_t1_150	update_halo_kernel1_t1
2277	0.000023214	430304	ops_par_loop_update_halo_kernel1_l1_151	update_halo_kernel1_l1
2278	0.000022693	430304	ops_par_loop_update_halo_kernel1_r1_152	update_halo_kernel1_r1
2279	0.000918044	1061744640	ops_par_loop_calc_dt_kernel_153	calc_dt_kernel
2280	0.001485010	1887436800	ops_par_loop_group_0	PdV_kernel_predict+ideal_gas_kernel
2281	0.000021511	430304	ops_par_loop_update_halo_kernel1_b1_2	update_halo_kernel1_b1
2282	0.000019327	430304	ops_par_loop_update_halo_kernel1_t1_3	update_halo_kernel1_t1
2283	0.000024517	430304	ops_par_loop_update_halo_kernel1_l1_4	update_halo_kernel1_l1
2284	0.000023205	430304	ops_par_loop_update_halo_kernel1_r1_5	update_halo_kernel1_r1
2285	0.001555193	1770147928	ops_par_loop_group_5	revert_kernel+accelerate_kernel
2286	0.001355845	1651507200	ops_par_loop_PdV_kernel_nopredict_8	PdV_kernel_nopredict
2287	0.000361777	471982080	ops_par_loop_flux_calc_kernelx_9	flux_calc_kernelx
2288	0.000358611	471982080	ops_par_loop_flux_calc_kernely_10	flux_calc_kernely
2289	0.000021581	553536	ops_par_loop_group_9	update_halo_kernel1_b2+update_halo_kernel4_minus_4_a
2290	0.000021180	553536	ops_par_loop_group_10	update_halo_kernel1_b1+update_halo_kernel4_minus_2_a
2291	0.000020929	369120	ops_par_loop_group_11	update_halo_kernel3_plus_4_a+update_halo_kernel2_xvel_plus_4_a+update_halo_kernel2_yvel_minus_4_a
2292	0.000026119	369120	ops_par_loop_group_12	update_halo_kernel3_plus_2_a+update_halo_kernel2_xvel_plus_2_a+update_halo_kernel2_yvel_minus_2_a
2293	0.000019287	123008	ops_par_loop_update_halo_kernel4_minus_4_b_29	update_halo_kernel4_minus_4_b
2294	0.000021160	553536	ops_par_loop_group_14	update_halo_kernel1_t2+update_halo_kernel4_minus_2_b
2295	0.000019958	430528	ops_par_loop_update_halo_kernel1_t1_14	update_halo_kernel1_t1
2296	0.000019326	246080	ops_par_loop_group_16	update_halo_kernel2_xvel_plus_4_b+update_halo_kernel2_yvel_minus_4_b
2297	0.000020208	369120	ops_par_loop_group_17	update_halo_kernel3_plus_4_b+update_halo_kernel2_xvel_plus_2_b+update_halo_kernel2_yvel_minus_2_b
2298	0.000018706	123040	ops_par_loop_update_halo_kernel3_plus_2_b_22	update_halo_kernel3_plus_2_b
2299	0.000025188	553536	ops_par_loop_group_19	update_halo_kernel1_l2+update_halo_kernel3_minus_4_a
2300	0.000023014	553536	ops_par_loop_group_20	update_halo_kernel1_l1+update_halo_kernel3_minus_2_a
2301	0.000019327	123008	ops_par_loop_update_halo_kernel3_minus_4_b_25	update_halo_kernel3_minus_4_b
2302	0.000024858	553536	ops_par_loop_group_22	update_halo_kernel1_r2+update_halo_kernel3_minus_2_b
2303	0.000021210	430528	ops_par_loop_update_halo_kernel1_r1_18	update_halo_kernel1_r1
2304	0.000023425	369120	ops_par_loop_group_24	update_halo_kernel4_plus_4_a+update_halo_kernel2_xvel_minus_4_a+update_halo_kernel2_yvel_plus_4_a
2305	0.000021701	369120	ops_par_loop_group_25	update_halo_kernel4_plus_2_a+update_halo_kernel2_xvel_minus_2_a+update_halo_kernel2_yvel_plus_2_a
2306	0.000020308	246080	ops_par_loop_group_26	update_halo_kernel2_xvel_minus_4_b+update_halo_kernel2_yvel_plus_4_b
2307	0.000022493	369120	ops_par_loop_group_27	update_halo_kernel4_plus_4_b+update_halo_kernel2_xvel_minus_2_b+update_halo_kernel2_yvel_plus_2_b
2308	0.000019026	123040	ops_par_loop_update_halo_kernel4_plus_2_b_34	update_halo_kernel4_plus_2_b
2309	0.000560845	591053440	ops_par_loop_advec_cell_kernel1_xdir_35	advec_cell_kernel1_xdir
2310	0.000773468	708203544	ops_par_loop_advec_cell_kernel3_xdir_36	advec_cell_kernel3_xdir
2311	0.001459962	1533542400	ops_par_loop_advec_cell_kernel4_xdir_37	advec_cell_kernel4_xdir
2312	0.000022593	430528	ops_par_loop_update_halo_kernel1_b2_38	update_halo_kernel1_b2
2313	0.000020649	430528	ops_par_loop_update_halo_kernel1_b1_39	update_halo_kernel1_b1
2314	0.000020689	430528	ops_par_loop_update_halo_kernel1_t2_40	update_halo_kernel1_t2
2315	0.000020770	430528	ops_par_loop_update_halo_kernel1_t1_41	update_halo_kernel1_t1
2316	0.000018435	123040	ops_par_loop_update_halo_kernel3_plus_4_a_62	update_halo_kernel3_plus_4_a
2317	0.000018225	123040	ops_par_loop_update_halo_kernel3_plus_2_a_63	update_halo_kernel3_plus_2_a
2318	0.000017934	123040	ops_par_loop_update_halo_kernel3_plus_4_b_64	update_halo_kernel3_plus_4_b
2319	0.000018385	123040	ops_par_loop_update_halo_kernel3_plus_2_b_65	update_halo_kernel3_plus_2_b
2320	0.000026571	553536	ops_par_loop_group_40	update_halo_kernel1_l2+update_halo_kernel3_minus_4_a
2321	0.000022983	553536	ops_par_loop_group_41	update_halo_kernel1_l1+update_halo_kernel3_minus_2_a
2322	0.000019647	123008	ops_par_loop_update_halo_kernel3_minus_4_b_68	update_halo_kernel3_minus_4_b
2323	0.000024256	553536	ops_par_loop_group_43	update_halo_kernel1_r2+update_halo_kernel3_minus_2_b
2324	0.000021521	430528	ops_par_loop_update_halo_kernel1_r1_45	update_halo_kernel1_r1
2325	0.000562258	591053440	ops_par_loop_advec_mom_kernel_x1_70	advec_mom_kernel_x1
2326	0.000193648	236236864	ops_par_loop_advec_mom_kernel_mass_flux_x_71	advec_mom_kernel_mass_flux_x
2327	0.000575263	590438520	ops_par_loop_advec_mom_kernel_post_pre_advec_x_72	advec_mom_kernel_post_pre_advec_x
2328	0.000883238	472258640	ops_par_loop_advec_mom_kernel1_x_nonvector_73	advec_mom_kernel1_x_nonvector
2329	0.000452971	590131240	ops_par_loop_advec_mom_kernel2_x_74	advec_mom_kernel2_x
2330	0.000562438	591053440	ops_par_loop_advec_mom_kernel_x1_75	advec_mom_kernel_x1
2331	0.000193588	236236864	ops_par_loop_advec_mom_kernel_mass_flux_x_76	advec_mom_kernel_mass_flux_x
2332	0.000573088	590438520	ops_par_loop_advec_mom_kernel_post_pre_advec_x_77	advec_mom_kernel_post_pre_advec_x
2333	0.000884008	472258640	ops_par_loop_advec_mom_kernel1_x_nonvector_78	advec_mom_kernel1_x_nonvector
2334	0.000445396	590131240	ops_par_loop_advec_mom_kernel2_x_79	advec_mom_kernel2_x
2335	0.000499078	472842752	ops_par_loop_advec_cell_kernel2_ydir_80	advec_cell_kernel2_ydir
2336	0.000789279	708203544	ops_par_loop_advec_cell_kernel3_ydir_81	advec_cell_kernel3_ydir
2337	0.001475522	1533542400	ops_par_loop_advec_cell_kernel4_ydir_82	advec_cell_kernel4_ydir
2338	0.000023154	553536	ops_par_loop_group_58	update_halo_kernel1_b2+update_halo_kernel4_minus_4_a
2339	0.000022603	553536	ops_par_loop_group_59	update_halo_kernel1_b1+update_halo_kernel4_minus_2_a
2340	0.000022563	369120	ops_par_loop_group_60	update_halo_kernel2_xvel_plus_4_a+update_halo_kernel2_yvel_minus_4_a+update_halo_kernel3_plus_4_a
2341	0.000020719	369120	ops_par_loop_group_61	update_halo_kernel2_xvel_plus_2_a+update_halo_kernel2_yvel_minus_2_a+update_halo_kernel3_plus_2_a
2342	0.000024527	246080	ops_par_loop_group_62	update_halo_kernel2_xvel_plus_4_b+update_halo_kernel2_yvel_minus_4_b
2343	0.000021571	369120	ops_par_loop_group_63	update_halo_kernel2_xvel_plus_2_b+update_halo_kernel2_yvel_minus_2_b+update_halo_kernel3_plus_4_b
2344	0.000021400	246080	ops_par_loop_group_64	update_halo_kernel2_xvel_minus_4_b+update_halo_kernel2_yvel_plus_4_b
2345	0.000019116	123040	ops_par_loop_update_halo_kernel3_plus_2_b_110	update_halo_kernel3_plus_2_b
2346	0.000019277	123008	ops_par_loop_update_halo_kernel3_minus_4_b_113	update_halo_kernel3_minus_4_b
2347	0.000017945	123008	ops_par_loop_update_halo_kernel4_minus_4_b_117	update_halo_kernel4_minus_4_b
2348	0.000020840	553536	ops_par_loop_group_68	update_halo_kernel1_t2+update_halo_kernel4_minus_2_b
2349	0.000020489	430528	ops_par_loop_update_halo_kernel1_t1_86	update_halo_kernel1_t1
2350	0.000025799	553536	ops_par_loop_group_70	update_halo_kernel1_l2+update_halo_kernel3_minus_4_a
2351	0.000023515	553536	ops_par_loop_group_71	update_halo_kernel1_l1+update_halo_kernel3_minus_2_a
2352	0.000024015	553536	ops_par_loop_group_72	update_halo_kernel1_r2+update_halo_kernel3_minus_2_b
2353	0.000021030	430528	ops_par_loop_update_halo_kernel1_r1_90	update_halo_kernel1_r1
2354	0.000023013	369120	ops_par_loop_group_74	update_halo_kernel2_xvel_minus_4_a+update_halo_kernel2_yvel_plus_4_a+update_halo_kernel4_plus_4_a
2355	0.000021201	369120	ops_par_loop_group_75	update_halo_kernel2_xvel_minus_2_a+update_halo_kernel2_yvel_plus_2_a+update_halo_kernel4_plus_2_a
2356	0.000022322	369120	ops_par_loop_group_76	update_halo_kernel2_xvel_minus_2_b+update_halo_kernel2_yvel_plus_2_b+update_halo_kernel4_plus_4_b
2357	0.000018445	123040	ops_par_loop_update_halo_kernel4_plus_2_b_122	update_halo_kernel4_plus_2_b
2358	0.001772406	1416561152	ops_par_loop_group_78	advec_mom_kernel_y2+reset_field_kernel1+ideal_gas_kernel
2359	0.000194420	236236864	ops_par_loop_advec_mom_kernel_mass_flux_y_124	advec_mom_kernel_mass_flux_y
2360	0.000532201	590438520	ops_par_loop_advec_mom_kernel_post_pre_advec_y_125	advec_mom_kernel_post_pre_advec_y
2361	0.000883998	472258640	ops_par_loop_advec_mom_kernel1_y_nonvector_126	advec_mom_kernel1_y_nonvector
2362	0.000446547	590131240	ops_par_loop_advec_mom_kernel2_y_127	advec_mom_kernel2_y
2363	0.000490882	472842752	ops_par_loop_advec_mom_kernel_y2_128	advec_mom_kernel_y2
2364	0.000194590	236236864	ops_par_loop_advec_mom_kernel_mass_flux_y_129	advec_mom_kernel_mass_flux_y
2365	0.000539635	590438520	ops_par_loop_advec_mom_kernel_post_pre_advec_y_130	advec_mom_kernel_post_pre_advec_y
2366	0.000879771	472258640	ops_par_loop_advec_mom_kernel1_y_nonvector_131	advec_mom_kernel1_y_nonvector
2367	0.000736108	1062236232	ops_par_loop_group_87	advec_mom_kernel2_y+reset_field_kernel2
2368	0.000023615	430304	ops_par_loop_update_halo_kernel1_b1_136	update_halo_kernel1_b1
2369	0.000023104	430304	ops_par_loop_update_halo_kernel1_t1_137	update_halo_kernel1_t1
2370	0.000025408	430304	ops_par_loop_update_halo_kernel1_l1_138	update_halo_kernel1_l1
2371	0.000024867	430304	ops_par_loop_update_halo_kernel1_r1_139	update_halo_kernel1_r1
2372	0.000021171	245952	ops_par_loop_group_92	update_halo_kernel2_xvel_plus_2_a+update_halo_kernel2_yvel_minus_2_a
2373	0.000020509	245952	ops_par_loop_group_93	update_halo_kernel2_xvel_plus_2_b+update_halo_kernel2_yvel_minus_2_b
2374	0.000022092	245952	ops_par_loop_group_94	update_halo_kernel2_xvel_minus_2_a+update_halo_kernel2_yvel_plus_2_a
2375	0.000022874	245952	ops_par_loop_group_95	update_halo_kernel2_xvel_minus_2_b+update_halo_kernel2_yvel_plus_2_b
2376	0.001737109	589885440	ops_par_loop_viscosity_kernel_148	viscosity_kernel
2377	0.000021641	430304	ops_par_loop_update_halo_kernel1_b1_149	update_halo_kernel1_b1
2378	0.000020700	430304	ops_par_loop_update_halo_kernel1_t1_150	update_halo_kernel1_t1
2379	0.000024126	430304	ops_par_loop_update_halo_kernel1_l1_151	update_halo_kernel1_l1
2380	0.000023645	430304	ops_par_loop_update_halo_kernel1_r1_152	update_halo_kernel1_r1
2381	0.000917472	1061744640	ops_par_loop_calc_dt_kernel_153	calc_dt_kernel
2382	0.001485180	1887436800	ops_par_loop_group_0	PdV_kernel_predict+ideal_gas_kernel
2383	0.000022372	430304	ops_par_loop_update_halo_kernel1_b1_2	update_halo_kernel1_b1
2384	0.000021010	430304	ops_par_loop_update_halo_kernel1_t1_3	update_halo_kernel1_t1
2385	0.000023545	430304	ops_par_loop_update_halo_kernel1_l1_4	update_halo_kernel1_l1
2386	0.000023284	430304	ops_par_loop_update_halo_kernel1_r1_5	update_halo_kernel1_r1
2387	0.001556846	1770147928	ops_par_loop_group_5	revert_kernel+accelerate_kernel
2388	0.001354021	1651507200	ops_par_loop_PdV_kernel_nopredict_8	PdV_kernel_nopredict
2389	0.000363190	471982080	ops_par_loop_flux_calc_kernelx_9	flux_calc_kernelx
2390	0.000359232	471982080	ops_par_loop_flux_calc_kernely_10	flux_calc_kernely
2391	0.000022263	553536	ops_par_loop_group_9	update_halo_kernel1_b2+update_halo_kernel4_minus_4_a
2392	0.000020649	553536	ops_par_loop_group_10	update_halo_kernel1_b1+update_halo_kernel4_minus_2_a
2393	0.000020860	369120	ops_par_loop_group_11	update_halo_kernel3_plus_4_a+update_halo_kernel2_xvel_plus_4_a+update_halo_kernel2_yvel_minus_4_a
2394	0.000020399	369120	ops_par_loop_group_12	update_halo_kernel3_plus_2_a+update_halo_kernel2_xvel_plus_2_a+update_halo_kernel2_yvel_minus_2_a
2395	0.000018355	123008	ops_par_loop_update_halo_kernel4_minus_4_b_29	update_halo_kernel4_minus_4_b
2396	0.000020629	553536	ops_par_loop_group_14	update_halo_kernel1_t2+update_halo_kernel4_minus_2_b
2397	0.000020599	430528	ops_par_loop_update_halo_kernel1_t1_14	update_halo_kernel1_t1
2398	0.000019707	246080	ops_par_loop_group_16	update_halo_kernel2_xvel_plus_4_b+update_halo_kernel2_yvel_minus_4_b
2399	0.000019908	369120	ops_par_loop_group_17	update_halo_kernel3_plus_4_b+update_halo_kernel2_xvel_plus_2_b+update_halo_kernel2_yvel_minus_2_b
2400	0.000018726	123040	ops_par_loop_update_halo_kernel3_plus_2_b_22	update_halo_kernel3_plus_2_b
2401	0.000025177	553536	ops_par_loop_group_19	update_halo_kernel1_l2+update_halo_kernel3_minus_4_a
2402	0.000022974	553536	ops_par_loop_group_20	update_halo_kernel1_l1+update_halo_kernel3_minus_2_a
2403	0.000018545	123008	ops_par_loop_update_halo_kernel3_minus_4_b_25	update_halo_kernel3_minus_4_b
2404	0.000024346	553536	ops_par_loop_group_22	update_halo_kernel1_r2+update_halo_kernel3_minus_2_b
2405	0.000021520	430528	ops_par_loop_update_halo_kernel1_r1_18	update_halo_kernel1_r1
2406	0.000023344	369120	ops_par_loop_group_24	update_halo_kernel4_plus_4_a+update_halo_kernel2_xvel_minus_4_a+update_halo_kernel2_yvel_plus_4_a
2407	0.000022513	369120	ops_par_loop_group_25	update_halo_kernel4_plus_2_a+update_halo_kernel2_xvel_minus_2_a+update_halo_kernel2_yvel_plus_2_a
2408	0.000020579	246080	ops_par_loop_group_26	update_halo_kernel2_xvel_minus_4_b+update_halo_kernel2_yvel_plus_4_b
2409	0.000022212	369120	ops_par_loop_group_27	update_halo_kernel4_plus_4_b+update_halo_kernel2_xvel_minus_2_b+update_halo_kernel2_yvel_plus_2_b
2410	0.000018405	123040	ops_par_loop_update_halo_kernel4_plus_2_b_34	update_halo_kernel4_plus_2_b
2411	0.000561026	591053440	ops_par_loop_advec_cell_kernel1_ydir_35	advec_cell_kernel1_ydir
2412	0.000789259	708203544	ops_par_loop_advec_cell_kernel3_ydir_36	advec_cell_kernel3_ydir
2413	0.001470773	1533542400	ops_par_loop_advec_cell_kernel4_ydir_37	advec_cell_kernel4_ydir
2414	0.000022012	553536	ops_par_loop_group_32	update_halo_kernel1_b2+update_halo_kernel4_minus_4_a
2415	0.000021692	553536	ops_par_loop_group_33	update_halo_kernel1_b1+update_halo_kernel4_minus_2_a
2416	0.000018164	123008	ops_par_loop_update_halo_kernel4_minus_4_b_64	update_halo_kernel4_minus_4_b
2417	0.000020319	553536	ops_par_loop_group_35	update_halo_kernel1_t2+update_halo_kernel4_minus_2_b
2418	0.000020119	430528	ops_par_loop_update_halo_kernel1_t1_41	update_halo_kernel1_t1
2419	0.000023214	430528	ops_par_loop_update_halo_kernel1_l2_42	update_halo_kernel1_l2
2420	0.000020869	430528	ops_par_loop_update_halo_kernel1_l1_43	update_halo_kernel1_l1
2421	0.000023074	430528	ops_par_loop_update_halo_kernel1_r2_44	update_halo_kernel1_r2
2422	0.000022152	430528	ops_par_loop_update_halo_kernel1_r1_45	update_halo_kernel1_r1
2423	0.000019456	123040	ops_par_loop_update_halo_kernel4_plus_4_a_66	update_halo_kernel4_plus_4_a
2424	0.000017844	123040	ops_par_loop_update_halo_kernel4_plus_2_a_67	update_halo_kernel4_plus_2_a
2425	0.000018415	123040	ops_par_loop_update_halo_kernel4_plus_4_b_68	update_halo_kernel4_plus_4_b
2426	0.000017974	123040	ops_par_loop_update_halo_kernel4_plus_2_b_69	update_halo_kernel4_plus_2_b
2427	0.000561186	591053440	ops_par_loop_advec_mom_kernel_y1_70	advec_mom_kernel_y1
2428	0.000191093	236236864	ops_par_loop_advec_mom_kernel_mass_flux_y_71	advec_mom_kernel_mass_flux_y
2429	0.000532912	590438520	ops_par_loop_advec_mom_kernel_post_pre_advec_y_72	advec_mom_kernel_post_pre_advec_y
2430	0.000878569	472258640	ops_par_loop_advec_mom_kernel1_y_nonvector_73	advec_mom_kernel1_y_nonvector
2431	0.000457689	590131240	ops_par_loop_advec_mom_kernel2_y_74	advec_mom_kernel2_y
2432	0.000562859	591053440	ops_par_loop_advec_mom_kernel_y1_75	advec_mom_kernel_y1
2433	0.000191203	236236864	ops_par_loop_advec_mom_kernel_mass_flux_y_76	advec_mom_kernel_mass_flux_y
2434	0.000533303	590438520	ops_par_loop_advec_mom_kernel_post_pre_advec_y_77	advec_mom_kernel_post_pre_advec_y
2435	0.000875954	472258640	ops_par_loop_advec_mom_kernel1_y_nonvector_78	advec_mom_kernel1_y_nonvector
2436	0.000452349	590131240	ops_par_loop_advec_mom_kernel2_y_79	advec_mom_kernel2_y
2437	0.000491684	472842752	ops_par_loop_advec_cell_kernel2_xdir_80	advec_cell_kernel2_xdir
2438	0.000773289	708203544	ops_par_loop_advec_cell_kernel3_xdir_81	advec_cell_kernel3_xdir
2439	0.001464451	1533542400	ops_par_loop_advec_cell_kernel4_xdir_82	advec_cell_kernel4_xdir
2440	0.000023154	553536	ops_par_loop_group_58	update_halo_kernel1_b2+update_halo_kernel4_minus_4_a
2441	0.000022472	553536	ops_par_loop_group_59	update_halo_kernel1_b1+update_halo_kernel4_minus_2_a
2442	0.000020950	369120	ops_par_loop_group_60	update_halo_kernel2_xvel_plus_4_a+update_halo_kernel2_yvel_minus_4_a+update_halo_kernel3_plus_4_a
2443	0.000021380	369120	ops_par_loop_group_61	update_halo_kernel2_xvel_plus_2_a+update_halo_kernel2_yvel_minus_2_a+update_halo_kernel3_plus_2_a
2444	0.000018856	246080	ops_par_loop_group_62	update_halo_kernel2_xvel_plus_4_b+update_halo_kernel2_yvel_minus_4_b
2445	0.000020729	369120	ops_par_loop_group_63	update_halo_kernel2_xvel_plus_2_b+update_halo_kernel2_yvel_minus_2_b+update_halo_kernel3_plus_4_b
2446	0.000021090	246080	ops_par_loop_group_64	update_halo_kernel2_xvel_minus_4_b+update_halo_kernel2_yvel_plus_4_b
2447	0.000020139	123040	ops_par_loop_update_halo_kernel3_plus_2_b_110	update_halo_kernel3_plus_2_b
2448	0.000019638	123008	ops_par_loop_update_halo_kernel3_minus_4_b_113	update_halo_kernel3_minus_4_b
2449	0.000017743	123008	ops_par_loop_update_halo_kernel4_minus_4_b_117	update_halo_kernel4_minus_4_b
2450	0.000020348	553536	ops_par_loop_group_68	update_halo_kernel1_t2+update_halo_kernel4_minus_2_b
2451	0.000020339	430528	ops_par_loop_update_halo_kernel1_t1_86	update_halo_kernel1_t1
2452	0.000026520	553536	ops_par_loop_group_70	update_halo_kernel1_l2+update_halo_kernel3_minus_4_a
2453	0.000022543	553536	ops_par_loop_group_71	update_halo_kernel1_l1+update_halo_kernel3_minus_2_a
2454	0.000024727	553536	ops_par_loop_group_72	update_halo_kernel1_r2+update_halo_kernel3_minus_2_b
2455	0.000021551	430528	ops_par_loop_update_halo_kernel1_r1_90	update_halo_kernel1_r1
2456	0.000022803	369120	ops_par_loop_group_74	update_halo_kernel2_xvel_minus_4_a+update_halo_kernel2_yvel_plus_4_a+update_halo_kernel4_plus_4_a
2457	0.000021871	369120	ops_par_loop_group_75	update_halo_kernel2_xvel_minus_2_a+update_halo_kernel2_yvel_plus_2_a+update_halo_kernel4_plus_2_a
2458	0.000023094	369120	ops_par_loop_group_76	update_halo_kernel2_xvel_minus_2_b+update_halo_kernel2_yvel_plus_2_b+update_halo_kernel4_plus_4_b
2459	0.000019346	123040	ops_par_loop_update_halo_kernel4_plus_2_b_122	update_halo_kernel4_plus_2_b
2460	0.001795129	1416561152	ops_par_loop_group_78	advec_mom_kernel_x2+reset_field_kernel1+ideal_gas_kernel
2461	0.000196684	236236864	ops_par_loop_advec_mom_kernel_mass_flux_x_124	advec_mom_kernel_mass_flux_x
2462	0.000574922	590438520	ops_par_loop_advec_mom_kernel_post_pre_advec_x_125	advec_mom_kernel_post_pre_advec_x
2463	0.000884981	472258640	ops_par_loop_advec_mom_kernel1_x_nonvector_126	advec_mom_kernel1_x_nonvector
2464	0.000451337	590131240	ops_par_loop_advec_mom_kernel2_x_127	advec_mom_kernel2_x
2465	0.000498937	472842752	ops_par_loop_advec_mom_kernel_x2_128	advec_mom_kernel_x2
2466	0.000194319	236236864	ops_par_loop_advec_mom_kernel_mass_flux_x_129	advec_mom_kernel_mass_flux_x
2467	0.000576314	590438520	ops_par_loop_advec_mom_kernel_post_pre_advec_x_130	advec_mom_kernel_post_pre_advec_x
2468	0.000884339	472258640	ops_par_loop_advec_mom_kernel1_x_nonvector_131	advec_mom_kernel1_x_nonvector
2469	0.000731940	1062236232	ops_par_loop_group_87	advec_mom_kernel2_x+reset_field_kernel2
2470	0.000022493	430304	ops_par_loop_update_halo_kernel1_b1_136	update_halo_kernel1_b1
2471	0.000020709	430304	ops_par_loop_update_halo_kernel1_t1_137	update_halo_kernel1_t1
2472	0.000023855	430304	ops_par_loop_update_halo_kernel1_l1_138	update_halo_kernel1_l1
2473	0.000024126	430304	ops_par_loop_update_halo_kernel1_r1_139	update_halo_kernel1_r1
2474	0.000020068	245952	ops_par_loop_group_92	update_halo_kernel2_xvel_plus_2_a+update_halo_kernel2_yvel_minus_2_a
2475	0.000019908	245952	ops_par_loop_group_93	update_halo_kernel2_xvel_plus_2_b+update_halo_kernel2_yvel_minus_2_b
2476	0.000021821	245952	ops_par_loop_group_94	update_halo_kernel2_xvel_minus_2_a+update_halo_kernel2_yvel_plus_2_a
2477	0.000020820	245952	ops_par_loop_group_95	update_halo_kernel2_xvel_minus_2_b+update_halo_kernel2_yvel_plus_2_b
2478	0.001736598	589885440	ops_par_loop_viscosity_kernel_148	viscosity_kernel
2479	0.000021661	430304	ops_par_loop_update_halo_kernel1_b1_149	update_halo_kernel1_b1
2480	0.000020449	430304	ops_par_loop_update_halo_kernel1_t1_150	update_halo_kernel1_t1
2481	0.000023595	430304	ops_par_loop_update_halo_kernel1_l1_151	update_halo_kernel1_l1
2482	0.000023354	430304	ops_par_loop_update_halo_kernel1_r1_152	update_halo_kernel1_r1
2483	0.000918674	1061744640	ops_par_loop_calc_dt_kernel_153	calc_dt_kernel
2484	0.001488276	1887436800	ops_par_loop_group_0	PdV_kernel_predict+ideal_gas_kernel
2485	0.000022202	430304	ops_par_loop_update_halo_kernel1_b1_2	update_halo_kernel1_b1
2486	0.000020159	430304	ops_par_loop_update_halo_kernel1_t1_3	update_halo_kernel1_t1
2487	0.000024526	430304	ops_par_loop_update_halo_kernel1_l1_4	update_halo_kernel1_l1
2488	0.000023535	430304	ops_par_loop_update_halo_kernel1_r1_5	update_halo_kernel1_r1
2489	0.001560072	1770147928	ops_par_loop_group_5	revert_kernel+accelerate_kernel
2490	0.001362186	1651507200	ops_par_loop_PdV_kernel_nopredict_8	PdV_kernel_nopredict
2491	0.000360815	471982080	ops_par_loop_flux_calc_kernelx_9	flux_calc_kernelx
2492	0.000359353	471982080	ops_par_loop_flux_calc_kernely_10	flux_calc_kernely
2493	0.000022193	553536	ops_par_loop_group_9	update_halo_kernel1_b2+update_halo_kernel4_minus_4_a
2494	0.000021311	553536	ops_par_loop_group_10	update_halo_kernel1_b1+update_halo_kernel4_minus_2_a
2495	0.000021721	369120	ops_par_loop_group_11	update_halo_kernel3_plus_4_a+update_halo_kernel2_xvel_plus_4_a+update_halo_kernel2_yvel_minus_4_a
2496	0.000021281	369120	ops_par_loop_group_12	update_halo_kernel3_plus_2_a+update_halo_kernel2_xvel_plus_2_a+update_halo_kernel2_yvel_minus_2_a
2497	0.000019717	123008	ops_par_loop_update_halo_kernel4_minus_4_b_29	update_halo_kernel4_minus_4_b
2498	0.000021181	553536	ops_par_loop_group_14	update_halo_kernel1_t2+update_halo_kernel4_minus_2_b
2499	0.000020569	430528	ops_par_loop_update_halo_kernel1_t1_14	update_halo_kernel1_t1
2500	0.000019487	246080	ops_par_loop_group_16	update_halo_kernel2_xvel_plus_4_b+update_halo_kernel2_yvel_minus_4_b
2501	0.000020358	369120	ops_par_loop_group_17	update_halo_kernel3_plus_4_b+update_halo_kernel2_xvel_plus_2_b+update_halo_kernel2_yvel_minus_2_b
2502	0.000018996	123040	ops_par_loop_update_halo_kernel3_plus_2_b_22	update_halo_kernel3_plus_2_b
2503	0.000026310	553536	ops_par_loop_group_19	update_halo_kernel1_l2+update_halo_kernel3_minus_4_a
2504	0.000023234	553536	ops_par_loop_group_20	update_halo_kernel1_l1+update_halo_kernel3_minus_2_a
2505	0.000019106	123008	ops_par_loop_update_halo_kernel3_minus_4_b_25	update_halo_kernel3_minus_4_b
2506	0.000023795	553536	ops_par_loop_group_22	update_halo_kernel1_r2+update_halo_kernel3_minus_2_b
2507	0.000021721	430528	ops_par_loop_update_halo_kernel1_r1_18	update_halo_kernel1_r1
2508	0.000023625	369120	ops_par_loop_group_24	update_halo_kernel4_plus_4_a+update_halo_kernel2_xvel_minus_4_a+update_halo_kernel2_yvel_plus_4_a
2509	0.000021661	369120	ops_par_loop_group_25	update_halo_kernel4_plus_2_a+update_halo_kernel2_xvel_minus_2_a+update_halo_kernel2_yvel_plus_2_a
2510	0.000020679	246080	ops_par_loop_group_26	update_halo_kernel2_xvel_minus_4_b+update_halo_kernel2_yvel_plus_4_b
2511	0.000022683	369120	ops_par_loop_group_27	update_halo_kernel4_plus_4_b+update_halo_kernel2_xvel_minus_2_b+update_halo_kernel2_yvel_plus_2_b
2512	0.000018275	123040	ops_par_loop_update_halo_kernel4_plus_2_b_34	update_halo_kernel4_plus_2_b
2513	0.000559172	591053440	ops_par_loop_advec_cell_kernel1_xdir_35	advec_cell_kernel1_xdir
2514	0.000773478	708203544	ops_par_loop_advec_cell_kernel3_xdir_36	advec_cell_kernel3_xdir
2515	0.001458460	1533542400	ops_par_loop_advec_cell_kernel4_xdir_37	advec_cell_kernel4_xdir
2516	0.000021751	430528	ops_par_loop_update_halo_kernel1_b2_38	update_halo_kernel1_b2
2517	0.000020319	430528	ops_par_loop_update_halo_kernel1_b1_39	update_halo_kernel1_b1
2518	0.000021000	430528	ops_par_loop_update_halo_kernel1_t2_40	update_halo_kernel1_t2
2519	0.000021260	430528	ops_par_loop_update_halo_kernel1_t1_41	update_halo_kernel1_t1
2520	0.000018495	123040	ops_par_loop_update_halo_kernel3_plus_4_a_62	update_halo_kernel3_plus_4_a
2521	0.000018615	123040	ops_par_loop_update_halo_kernel3_plus_2_a_63	update_halo_kernel3_plus_2_a
2522	0.000018716	123040	ops_par_loop_update_halo_kernel3_plus_4_b_64	update_halo_kernel3_plus_4_b
2523	0.000017944	123040	ops_par_loop_update_halo_kernel3_plus_2_b_65	update_halo_kernel3_plus_2_b
2524	0.000026530	553536	ops_par_loop_group_40	update_halo_kernel1_l2+update_halo_kernel3_minus_4_a
2525	0.000023294	553536	ops_par_loop_group_41	update_halo_kernel1_l1+update_halo_kernel3_minus_2_a
2526	0.000019557	123008	ops_par_loop_update_halo_kernel3_minus_4_b_68	update_halo_kernel3_minus_4_b
2527	0.000024427	553536	ops_par_loop_group_43	update_halo_kernel1_r2+update_halo_kernel3_minus_2_b
2528	0.000021822	430528	ops_par_loop_update_halo_kernel1_r1_45	update_halo_kernel1_r1
2529	0.000564292	591053440	ops_par_loop_advec_mom_kernel_x1_70	advec_mom_kernel_x1
2530	0.000193708	236236864	ops_par_loop_advec_mom_kernel_mass_flux_x_71	advec_mom_kernel_mass_flux_x
2531	0.000576004	590438520	ops_par_loop_advec_mom_kernel_post_pre_advec_x_72	advec_mom_kernel_post_pre_advec_x
2532	0.000883258	472258640	ops_par_loop_advec_mom_kernel1_x_nonvector_73	advec_mom_kernel1_x_nonvector
2533	0.000445466	590131240	ops_par_loop_advec_mom_kernel2_x_74	advec_mom_kernel2_x
2534	0.000562238	591053440	ops_par_loop_advec_mom_kernel_x1_75	advec_mom_kernel_x1
2535	0.000194279	236236864	ops_par_loop_advec_mom_kernel_mass_flux_x_76	advec_mom_kernel_mass_flux_x
2536	0.000575884	590438520	ops_par_loop_advec_mom_kernel_post_pre_advec_x_77	advec_mom_kernel_post_pre_advec_x
2537	0.000883788	472258640	ops_par_loop_advec_mom_kernel1_x_nonvector_78	advec_mom_kernel1_x_nonvector
2538	0.000449654	590131240	ops_par_loop_advec_mom_kernel2_x_79	advec_mom_kernel2_x
2539	0.000497985	472842752	ops_par_loop_advec_cell_kernel2_ydir_80	advec_cell_kernel2_ydir
2540	0.000789500	708203544	ops_par_loop_advec_cell_kernel3_ydir_81	advec_cell_kernel3_ydir
2541	0.001471455	1533542400	ops_par_loop_advec_cell_kernel4_ydir_82	advec_cell_kernel4_ydir
2542	0.000022633	553536	ops_par_loop_group_58	update_halo_kernel1_b2+update_halo_kernel4_minus_4_a
2543	0.000021591	553536	ops_par_loop_group_59	update_halo_kernel1_b1+update_halo_kernel4_minus_2_a
2544	0.000021221	369120	ops_par_loop_group_60	update_halo_kernel2_xvel_plus_4_a+update_halo_kernel2_yvel_minus_4_a+update_halo_kernel3_plus_4_a
2545	0.000021651	369120	ops_par_loop_group_61	update_halo_kernel2_xvel_plus_2_a+update_halo_kernel2_yvel_minus_2_a+update_halo_kernel3_plus_2_a
2546	0.000021210	246080	ops_par_loop_group_62	update_halo_kernel2_xvel_plus_4_b+update_halo_kernel2_yvel_minus_4_b
2547	0.000021180	369120	ops_par_loop_group_63	update_halo_kernel2_xvel_plus_2_b+update_halo_kernel2_yvel_minus_2_b+update_halo_kernel3_plus_4_b
2548	0.000021651	246080	ops_par_loop_group_64	update_halo_kernel2_xvel_minus_4_b+update_halo_kernel2_yvel_plus_4_b
2549	0.000019337	123040	ops_par_loop_update_halo_kernel3_plus_2_b_110	update_halo_kernel3_plus_2_b
2550	0.000018876	123008	ops_par_loop_update_halo_kernel3_minus_4_b_113	update_halo_kernel3_minus_4_b
2551	0.000017733	123008	ops_par_loop_update_halo_kernel4_minus_4_b_117	update_halo_kernel4_minus_4_b
2552	0.000020729	553536	ops_par_loop_group_68	update_halo_kernel1_t2+update_halo_kernel4_minus_2_b
2553	0.000020730	430528	ops_par_loop_update_halo_kernel1_t1_86	update_halo_kernel1_t1
2554	0.000026320	553536	ops_par_loop_group_70	update_halo_kernel1_l2+update_halo_kernel3_minus_4_a
2555	0.000022803	553536	ops_par_loop_group_71	update_halo_kernel1_l1+update_halo_kernel3_minus_2_a
2556	0.000024567	553536	ops_par_loop_group_72	update_halo_kernel1_r2+update_halo_kernel3_minus_2_b
2557	0.000021441	430528	ops_par_loop_update_halo_kernel1_r1_90	update_halo_kernel1_r1
2558	0.000022763	369120	ops_par_loop_group_74	update_halo_kernel2_xvel_minus_4_a+update_halo_kernel2_yvel_plus_4_a+update_halo_kernel4_plus_4_a
2559	0.000021731	369120	ops_par_loop_group_75	update_halo_kernel2_xvel_minus_2_a+update_halo_kernel2_yvel_plus_2_a+update_halo_kernel4_plus_2_a
2560	0.000022263	369120	ops_par_loop_group_76	update_halo_kernel2_xvel_minus_2_b+update_halo_kernel2_yvel_plus_2_b+update_halo_kernel4_plus_4_b
2561	0.000018094	123040	ops_par_loop_update_halo_kernel4_plus_2_b_122	update_halo_kernel4_plus_2_b
2562	0.001787033	1416561152	ops_par_loop_group_78	advec_mom_kernel_y2+reset_field_kernel1+ideal_gas_kernel
2563	0.000194780	236236864	ops_par_loop_advec_mom_kernel_mass_flux_y_124	advec_mom_kernel_mass_flux_y
2564	0.000532571	590438520	ops_par_loop_advec_mom_kernel_post_pre_advec_y_125	advec_mom_kernel_post_pre_advec_y
2565	0.000877957	472258640	ops_par_loop_advec_mom_kernel1_y_nonvector_126	advec_mom_kernel1_y_nonvector
2566	0.000450185	590131240	ops_par_loop_advec_mom_kernel2_y_127	advec_mom_kernel2_y
2567	0.000491874	472842752	ops_par_loop_advec_mom_kernel_y2_128	advec_mom_kernel_y2
2568	0.000192085	236236864	ops_par_loop_advec_mom_kernel_mass_flux_y_129	advec_mom_kernel_mass_flux_y
2569	0.000532181	590438520	ops_par_loop_advec_mom_kernel_post_pre_advec_y_130	advec_mom_kernel_post_pre_advec_y
2570	0.000876685	472258640	ops_par_loop_advec_mom_kernel1_y_nonvector_131	advec_mom_kernel1_y_nonvector
2571	0.000734665	1062236232	ops_par_loop_group_87	advec_mom_kernel2_y+reset_field_kernel2
2572	0.000021942	430304	ops_par_loop_update_halo_kernel1_b1_136	update_halo_kernel1_b1
2573	0.000020299	430304	ops_par_loop_update_halo_kernel1_t1_137	update_halo_kernel1_t1
2574	0.000023896	430304	ops_par_loop_update_halo_kernel1_l1_138	update_halo_kernel1_l1
2575	0.000024878	430304	ops_par_loop_update_halo_kernel1_r1_139	update_halo_kernel1_r1
2576	0.000019577	245952	ops_par_loop_group_92	update_halo_kernel2_xvel_plus_2_a+update_halo_kernel2_yvel_minus_2_a
2577	0.000019086	245952	ops_par_loop_group_93	update_halo_kernel2_xvel_plus_2_b+update_halo_kernel2_yvel_minus_2_b
2578	0.000020710	245952	ops_par_loop_group_94	update_halo_kernel2_xvel_minus_2_a+update_halo_kernel2_yvel_plus_2_a
2579	0.000021581	245952	ops_par_loop_group_95	update_halo_kernel2_xvel_minus_2_b+update_halo_kernel2_yvel_plus_2_b
2580	0.001736247	589885440	ops_par_loop_viscosity_kernel_148	viscosity_kernel
2581	0.000021962	430304	ops_par_loop_update_halo_kernel1_b1_149	update_halo_kernel1_b1
2582	0.000020629	430304	ops_par_loop_update_halo_kernel1_t1_150	update_halo_kernel1_t1
2583	0.000023816	430304	ops_par_loop_update_halo_kernel1_l1_151	update_halo_kernel1_l1
2584	0.000023886	430304	ops_par_loop_update_halo_kernel1_r1_152	update_halo_kernel1_r1
2585	0.000918354	1061744640	ops_par_loop_calc_dt_kernel_153	calc_dt_kernel
2586	0.001491452	1887436800	ops_par_loop_group_0	PdV_kernel_predict+ideal_gas_kernel
2587	0.000021981	430304	ops_par_loop_update_halo_kernel1_b1_2	update_halo_kernel1_b1
2588	0.000019547	430304	ops_par_loop_update_halo_kernel1_t1_3	update_halo_kernel1_t1
2589	0.000023645	430304	ops_par_loop_update_halo_kernel1_l1_4	update_halo_kernel1_l1
2590	0.000023104	430304	ops_par_loop_update_halo_kernel1_r1_5	update_halo_kernel1_r1
2591	0.001557558	1770147928	ops_par_loop_group_5	revert_kernel+accelerate_kernel
2592	0.001353059	1651507200	ops_par_loop_PdV_kernel_nopredict_8	PdV_kernel_nopredict
2593	0.000360735	471982080	ops_par_loop_flux_calc_kernelx_9	flux_calc_kernelx
2594	0.000358000	471982080	ops_par_loop_flux_calc_kernely_10	flux_calc_kernely
2595	0.000021371	553536	ops_par_loop_group_9	update_halo_kernel1_b2+update_halo_kernel4_minus_4_a
2596	0.000020509	553536	ops_par_loop_group_10	update_halo_kernel1_b1+update_halo_kernel4_minus_2_a
2597	0.000021712	369120	ops_par_loop_group_11	update_halo_kernel3_plus_4_a+update_halo_kernel2_xvel_plus_4_a+update_halo_kernel2_yvel_minus_4_a
2598	0.000020959	369120	ops_par_loop_group_12	update_halo_kernel3_plus_2_a+update_halo_kernel2_xvel_plus_2_a+update_halo_kernel2_yvel_minus_2_a
2599	0.000018425	123008	ops_par_loop_update_halo_kernel4_minus_4_b_29	update_halo_kernel4_minus_4_b
2600	0.000020840	553536	ops_par_loop_group_14	update_halo_kernel1_t2+update_halo_kernel4_minus_2_b
2601	0.000020790	430528	ops_par_loop_update_halo_kernel1_t1_14	update_halo_kernel1_t1
2602	0.000019447	246080	ops_par_loop_group_16	update_halo_kernel2_xvel_plus_4_b+update_halo_kernel2_yvel_minus_4_b
2603	0.000020348	369120	ops_par_loop_group_17	update_halo_kernel3_plus_4_b+update_halo_kernel2_xvel_plus_2_b+update_halo_kernel2_yvel_minus_2_b
2604	0.000018615	123040	ops_par_loop_update_halo_kernel3_plus_2_b_22	update_halo_kernel3_plus_2_b
2605	0.000025940	553536	ops_par_loop_group_19	update_halo_kernel1_l2+update_halo_kernel3_minus_4_a
2606	0.000022643	553536	ops_par_loop_group_20	update_halo_kernel1_l1+update_halo_kernel3_minus_2_a
2607	0.000019217	123008	ops_par_loop_update_halo_kernel3_minus_4_b_25	update_halo_kernel3_minus_4_b
2608	0.000023805	553536	ops_par_loop_group_22	update_halo_kernel1_r2+update_halo_kernel3_minus_2_b
2609	0.000020980	430528	ops_par_loop_update_halo_kernel1_r1_18	update_halo_kernel1_r1
2610	0.000022874	369120	ops_par_loop_group_24	update_halo_kernel4_plus_4_a+update_halo_kernel2_xvel_minus_4_a+update_halo_kernel2_yvel_plus_4_a
2611	0.000022002	369120	ops_par_loop_group_25	update_halo_kernel4_plus_2_a+update_halo_kernel2_xvel_minus_2_a+update_halo_kernel2_yvel_plus_2_a
2612	0.000020549	246080	ops_par_loop_group_26	update_halo_kernel2_xvel_minus_4_b+update_halo_kernel2_yvel_plus_4_b
2613	0.000021801	369120	ops_par_loop_group_27	update_halo_kernel4_plus_4_b+update_halo_kernel2_xvel_minus_2_b+update_halo_kernel2_yvel_plus_2_b
2614	0.000018606	123040	ops_par_loop_update_halo_kernel4_plus_2_b_34	update_halo_kernel4_plus_2_b
2615	0.000561917	591053440	ops_par_loop_advec_cell_kernel1_ydir_35	advec_cell_kernel1_ydir
2616	0.000788738	708203544	ops_par_loop_advec_cell_kernel3_ydir_36	advec_cell_kernel3_ydir
2617	0.001472958	1533542400	ops_par_loop_advec_cell_kernel4_ydir_37	advec_cell_kernel4_ydir
2618	0.000021891	553536	ops_par_loop_group_32	update_halo_kernel1_b2+update_halo_kernel4_minus_4_a
2619	0.000021040	553536	ops_par_loop_group_33	update_halo_kernel1_b1+update_halo_kernel4_minus_2_a
2620	0.000017964	123008	ops_par_loop_update_halo_kernel4_minus_4_b_64	update_halo_kernel4_minus_4_b
2621	0.000020228	553536	ops_par_loop_group_35	update_halo_kernel1_t2+update_halo_kernel4_minus_2_b
2622	0.000021090	430528	ops_par_loop_update_halo_kernel1_t1_41	update_halo_kernel1_t1
2623	0.000023795	430528	ops_par_loop_update_halo_kernel1_l2_42	update_halo_kernel1_l2
2624	0.000021621	430528	ops_par_loop_update_halo_kernel1_l1_43	update_halo_kernel1_l1
2625	0.000023335	430528	ops_par_loop_update_halo_kernel1_r2_44	update_halo_kernel1_r2
2626	0.000021070	430528	ops_par_loop_update_halo_kernel1_r1_45	update_halo_kernel1_r1
2627	0.000019156	123040	ops_par_loop_update_halo_kernel4_plus_4_a_66	update_halo_kernel4_plus_4_a
2628	0.000017444	123040	ops_par_loop_update_halo_kernel4_plus_2_a_67	update_halo_kernel4_plus_2_a
2629	0.000018566	123040	ops_par_loop_update_halo_kernel4_plus_4_b_68	update_halo_kernel4_plus_4_b
2630	0.000018155	123040	ops_par_loop_update_halo_kernel4_plus_2_b_69	update_halo_kernel4_plus_2_b
2631	0.000563340	591053440	ops_par_loop_advec_mom_kernel_y1_70	advec_mom_kernel_y1
2632	0.000191043	236236864	ops_par_loop_advec_mom_kernel_mass_flux_y_71	advec_mom_kernel_mass_flux_y
2633	0.000532131	590438520	ops_par_loop_advec_mom_kernel_post_pre_advec_y_72	advec_mom_kernel_post_pre_advec_y
2634	0.000878739	472258640	ops_par_loop_advec_mom_kernel1_y_nonvector_73	advec_mom_kernel1_y_nonvector
2635	0.000453210	590131240	ops_par_loop_advec_mom_kernel2_y_74	advec_mom_kernel2_y
2636	0.000561687	591053440	ops_par_loop_advec_mom_kernel_y1_75	advec_mom_kernel_y1
2637	0.000193307	236236864	ops_par_loop_advec_mom_kernel_mass_flux_y_76	advec_mom_kernel_mass_flux_y
2638	0.000534535	590438520	ops_par_loop_advec_mom_kernel_post_pre_advec_y_77	advec_mom_kernel_post_pre_advec_y
2639	0.000877216	472258640	ops_par_loop_advec_mom_kernel1_y_nonvector_78	advec_mom_kernel1_y_nonvector
2640	0.000443372	590131240	ops_par_loop_advec_mom_kernel2_y_79	advec_mom_kernel2_y
2641	0.000492706	472842752	ops_par_loop_advec_cell_kernel2_xdir_80	advec_cell_kernel2_xdir
2642	0.000778759	708203544	ops_par_loop_advec_cell_kernel3_xdir_81	advec_cell_kernel3_xdir
2643	0.001458520	1533542400	ops_par_loop_advec_cell_kernel4_xdir_82	advec_cell_kernel4_xdir
2644	0.000022733	553536	ops_par_loop_group_58	update_halo_kernel1_b2+update_halo_kernel4_minus_4_a
2645	0.000021000	553536	ops_par_loop_group_59	update_halo_kernel1_b1+update_halo_kernel4_minus_2_a
2646	0.000021831	369120	ops_par_loop_group_60	update_halo_kernel2_xvel_plus_4_a+update_halo_kernel2_yvel_minus_4_a+update_halo_kernel3_plus_4_a
2647	0.000021230	369120	ops_par_loop_group_61	update_halo_kernel2_xvel_plus_2_a+update_halo_kernel2_yvel_minus_2_a+update_halo_kernel3_plus_2_a
2648	0.000019216	246080	ops_par_loop_group_62	update_halo_kernel2_xvel_plus_4_b+update_halo_kernel2_yvel_minus_4_b
2649	0.000020098	369120	ops_par_loop_group_63	update_halo_kernel2_xvel_plus_2_b+update_halo_kernel2_yvel_minus_2_b+update_halo_kernel3_plus_4_b
2650	0.000020910	246080	ops_par_loop_group_64	update_halo_kernel2_xvel_minus_4_b+update_halo_kernel2_yvel_plus_4_b
2651	0.000020679	123040	ops_par_loop_update_halo_kernel3_plus_2_b_110	update_halo_kernel3_plus_2_b
2652	0.000019236	123008	ops_par_loop_update_halo_kernel3_minus_4_b_113	update_halo_kernel3_minus_4_b
2653	0.000018726	123008	ops_par_loop_update_halo_kernel4_minus_4_b_117	update_halo_kernel4_minus_4_b
2654	0.000020128	553536	ops_par_loop_group_68	update_halo_kernel1_t2+update_halo_kernel4_minus_2_b
2655	0.000021100	430528	ops_par_loop_update_halo_kernel1_t1_86	update_halo_kernel1_t1
2656	0.000026871	553536	ops_par_loop_group_70	update_halo_kernel1_l2+update_halo_kernel3_minus_4_a
2657	0.000022903	553536	ops_par_loop_group_71	update_halo_kernel1_l1+update_halo_kernel3_minus_2_a
2658	0.000024917	553536	ops_par_loop_group_72	update_halo_kernel1_r2+update_halo_kernel3_minus_2_b
2659	0.000021551	430528	ops_par_loop_update_halo_kernel1_r1_90	update_halo_kernel1_r1
2660	0.000022763	369120	ops_par_loop_group_74	update_halo_kernel2_xvel_minus_4_a+update_halo_kernel2_yvel_plus_4_a+update_halo_kernel4_plus_4_a
2661	0.000021661	369120	ops_par_loop_group_75	update_halo_kernel2_xvel_minus_2_a+update_halo_kernel2_yvel_plus_2_a+update_halo_kernel4_plus_2_a
2662	0.000021821	369120	ops_par_loop_group_76	update_halo_kernel2_xvel_minus_2_b+update_halo_kernel2_yvel_plus_2_b+update_halo_kernel4_plus_4_b
2663	0.000018735	123040	ops_par_loop_update_halo_kernel4_plus_2_b_122	update_halo_kernel4_plus_2_b
2664	0.001791091	1416561152	ops_par_loop_group_78	advec_mom_kernel_x2+reset_field_kernel1+ideal_gas_kernel
2665	0.000196013	236236864	ops_par_loop_advec_mom_kernel_mass_flux_x_124	advec_mom_kernel_mass_flux_x
2666	0.000574401	590438520	ops_par_loop_advec_mom_kernel_post_pre_advec_x_125	advec_mom_kernel_post_pre_advec_x
2667	0.000883829	472258640	ops_par_loop_advec_mom_kernel1_x_nonvector_126	advec_mom_kernel1_x_nonvector
2668	0.000449132	590131240	ops_par_loop_advec_mom_kernel2_x_127	advec_mom_kernel2_x
2669	0.000496824	472842752	ops_par_loop_advec_mom_kernel_x2_128	advec_mom_kernel_x2
2670	0.000194530	236236864	ops_par_loop_advec_mom_kernel_mass_flux_x_129	advec_mom_kernel_mass_flux_x
2671	0.000575343	590438520	ops_par_loop_advec_mom_kernel_post_pre_advec_x_130	advec_mom_kernel_post_pre_advec_x
2672	0.000883989	472258640	ops_par_loop_advec_mom_kernel1_x_nonvector_131	advec_mom_kernel1_x_nonvector
2673	0.000729135	1062236232	ops_par_loop_group_87	advec_mom_kernel2_x+reset_field_kernel2
2674	0.000022072	430304	ops_par_loop_update_halo_kernel1_b1_136	update_halo_kernel1_b1
2675	0.000019397	430304	ops_par_loop_update_halo_kernel1_t1_137	update_halo_kernel1_t1
2676	0.000023725	430304	ops_par_loop_update_halo_kernel1_l1_138	update_halo_kernel1_l1
2677	0.000023765	430304	ops_par_loop_update_halo_kernel1_r1_139	update_halo_kernel1_r1
2678	0.000019417	245952	ops_par_loop_group_92	update_halo_kernel2_xvel_plus_2_a+update_halo_kernel2_yvel_minus_2_a
2679	0.000019417	245952	ops_par_loop_group_93	update_halo_kernel2_xvel_plus_2_b+update_halo_kernel2_yvel_minus_2_b
2680	0.000021391	245952	ops_par_loop_group_94	update_halo_kernel2_xvel_minus_2_a+update_halo_kernel2_yvel_plus_2_a
2681	0.000021391	245952	ops_par_loop_group_95	update_halo_kernel2_xvel_minus_2_b+update_halo_kernel2_yvel_plus_2_b
2682	0.001736438	589885440	ops_par_loop_viscosity_kernel_148	viscosity_kernel
2683	0.000022533	430304	ops_par_loop_update_halo_kernel1_b1_149	update_halo_kernel1_b1
2684	0.000019788	430304	ops_par_loop_update_halo_kernel1_t1_150	update_halo_kernel1_t1
2685	0.000023735	430304	ops_par_loop_update_halo_kernel1_l1_151	update_halo_kernel1_l1
2686	0.000023815	430304	ops_par_loop_update_halo_kernel1_r1_152	update_halo_kernel1_r1
2687	0.000918985	1061744640	ops_par_loop_calc_dt_kernel_153	calc_dt_kernel
2688	0.001491071	1887436800	ops_par_loop_group_0	PdV_kernel_predict+ideal_gas_kernel
2689	0.000021701	430304	ops_par_loop_update_halo_kernel1_b1_2	update_halo_kernel1_b1
2690	0.000019417	430304	ops_par_loop_update_halo_kernel1_t1_3	update_halo_kernel1_t1
2691	0.000023905	430304	ops_par_loop_update_halo_kernel1_l1_4	update_halo_kernel1_l1
2692	0.000024015	430304	ops_par_loop_update_halo_kernel1_r1_5	update_halo_kernel1_r1
2693	0.001556286	1770147928	ops_par_loop_group_5	revert_kernel+accelerate_kernel
2694	0.001354833	1651507200	ops_par_loop_PdV_kernel_nopredict_8	PdV_kernel_nopredict
2695	0.000359593	471982080	ops_par_loop_flux_calc_kernelx_9	flux_calc_kernelx
2696	0.000357219	471982080	ops_par_loop_flux_calc_kernely_10	flux_calc_kernely
2697	0.000021782	553536	ops_par_loop_group_9	update_halo_kernel1_b2+update_halo_kernel4_minus_4_a
2698	0.000021020	553536	ops_par_loop_group_10	update_halo_kernel1_b1+update_halo_kernel4_minus_2_a
2699	0.000021702	369120	ops_par_loop_group_11	update_halo_kernel3_plus_4_a+update_halo_kernel2_xvel_plus_4_a+update_halo_kernel2_yvel_minus_4_a
2700	0.000020750	369120	ops_par_loop_group_12	update_halo_kernel3_plus_2_a+update_halo_kernel2_xvel_plus_2_a+update_halo_kernel2_yvel_minus_2_a
2701	0.000018625	123008	ops_par_loop_update_halo_kernel4_minus_4_b_29	update_halo_kernel4_minus_4_b
2702	0.000020790	553536	ops_par_loop_group_14	update_halo_kernel1_t2+update_halo_kernel4_minus_2_b
2703	0.000020899	430528	ops_par_loop_update_halo_kernel1_t1_14	update_halo_kernel1_t1
2704	0.000019618	246080	ops_par_loop_group_16	update_halo_kernel2_xvel_plus_4_b+update_halo_kernel2_yvel_minus_4_b
2705	0.000019878	369120	ops_par_loop_group_17	update_halo_kernel3_plus_4_b+update_halo_kernel2_xvel_plus_2_b+update_halo_kernel2_yvel_minus_2_b
2706	0.000018204	123040	ops_par_loop_update_halo_kernel3_plus_2_b_22	update_halo_kernel3_plus_2_b
2707	0.000025058	553536	ops_par_loop_group_19	update_halo_kernel1_l2+update_halo_kernel3_minus_4_a
2708	0.000022503	553536	ops_par_loop_group_20	update_halo_kernel1_l1+update_halo_kernel3_minus_2_a
2709	0.000019076	123008	ops_par_loop_update_halo_kernel3_minus_4_b_25	update_halo_kernel3_minus_4_b
2710	0.000024366	553536	ops_par_loop_group_22	update_halo_kernel1_r2+update_halo_kernel3_minus_2_b
2711	0.000021250	430528	ops_par_loop_update_halo_kernel1_r1_18	update_halo_kernel1_r1
2712	0.000023675	369120	ops_par_loop_group_24	update_halo_kernel4_plus_4_a+update_halo_kernel2_xvel_minus_4_a+update_halo_kernel2_yvel_plus_4_a
2713	0.000021581	369120	ops_par_loop_group_25	update_halo_kernel4_plus_2_a+update_halo_kernel2_xvel_minus_2_a+update_halo_kernel2_yvel_plus_2_a
2714	0.000020880	246080	ops_par_loop_group_26	update_halo_kernel2_xvel_minus_4_b+update_halo_kernel2_yvel_plus_4_b
2715	0.000022423	369120	ops_par_loop_group_27	update_halo_kernel4_plus_4_b+update_halo_kernel2_xvel_minus_2_b+update_halo_kernel2_yvel_plus_2_b
2716	0.000018475	123040	ops_par_loop_update_halo_kernel4_plus_2_b_34	update_halo_kernel4_plus_2_b
2717	0.000560905	591053440	ops_par_loop_advec_cell_kernel1_xdir_35	advec_cell_kernel1_xdir
2718	0.000773829	708203544	ops_par_loop_advec_cell_kernel3_xdir_36	advec_cell_kernel3_xdir
2719	0.001464250	1533542400	ops_par_loop_advec_cell_kernel4_xdir_37	advec_cell_kernel4_xdir
2720	0.000021350	430528	ops_par_loop_update_halo_kernel1_b2_38	update_halo_kernel1_b2
2721	0.000019758	430528	ops_par_loop_update_halo_kernel1_b1_39	update_halo_kernel1_b1
2722	0.000019767	430528	ops_par_loop_update_halo_kernel1_t2_40	update_halo_kernel1_t2
2723	0.000020359	430528	ops_par_loop_update_halo_kernel1_t1_41	update_halo_kernel1_t1
2724	0.000018245	123040	ops_par_loop_update_halo_kernel3_plus_4_a_62	update_halo_kernel3_plus_4_a
2725	0.000017934	123040	ops_par_loop_update_halo_kernel3_plus_2_a_63	update_halo_kernel3_plus_2_a
2726	0.000017864	123040	ops_par_loop_update_halo_kernel3_plus_4_b_64	update_halo_kernel3_plus_4_b
2727	0.000017894	123040	ops_par_loop_update_halo_kernel3_plus_2_b_65	update_halo_kernel3_plus_2_b
2728	0.000026480	553536	ops_par_loop_group_40	update_halo_kernel1_l2+update_halo_kernel3_minus_4_a
2729	0.000023815	553536	ops_par_loop_group_41	update_halo_kernel1_l1+update_halo_kernel3_minus_2_a
2730	0.000018966	123008	ops_par_loop_update_halo_kernel3_minus_4_b_68	update_halo_kernel3_minus_4_b
2731	0.000024266	553536	ops_par_loop_group_43	update_halo_kernel1_r2+update_halo_kernel3_minus_2_b
2732	0.000022192	430528	ops_par_loop_update_halo_kernel1_r1_45	update_halo_kernel1_r1
2733	0.000561857	591053440	ops_par_loop_advec_mom_kernel_x1_70	advec_mom_kernel_x1
2734	0.000193357	236236864	ops_par_loop_advec_mom_kernel_mass_flux_x_71	advec_mom_kernel_mass_flux_x
2735	0.000574290	590438520	ops_par_loop_advec_mom_kernel_post_pre_advec_x_72	advec_mom_kernel_post_pre_advec_x
2736	0.000883617	472258640	ops_par_loop_advec_mom_kernel1_x_nonvector_73	advec_mom_kernel1_x_nonvector
2737	0.000450255	590131240	ops_par_loop_advec_mom_kernel2_x_74	advec_mom_kernel2_x
2738	0.000563270	591053440	ops_par_loop_advec_mom_kernel_x1_75	advec_mom_kernel_x1
2739	0.000193958	236236864	ops_par_loop_advec_mom_kernel_mass_flux_x_76	advec_mom_kernel_mass_flux_x
2740	0.000571185	590438520	ops_par_loop_advec_mom_kernel_post_pre_advec_x_77	advec_mom_kernel_post_pre_advec_x
2741	0.000884390	472258640	ops_par_loop_advec_mom_kernel1_x_nonvector_78	advec_mom_kernel1_x_nonvector
2742	0.000450596	590131240	ops_par_loop_advec_mom_kernel2_x_79	advec_mom_kernel2_x
2743	0.000497184	472842752	ops_par_loop_advec_cell_kernel2_ydir_80	advec_cell_kernel2_ydir
2744	0.000789038	708203544	ops_par_loop_advec_cell_kernel3_ydir_81	advec_cell_kernel3_ydir
2745	0.001472055	1533542400	ops_par_loop_advec_cell_kernel4_ydir_82	advec_cell_kernel4_ydir
2746	0.000023014	553536	ops_par_loop_group_58	update_halo_kernel1_b2+update_halo_kernel4_minus_4_a
2747	0.000020999	553536	ops_par_loop_group_59	update_halo_kernel1_b1+update_halo_kernel4_minus_2_a
2748	0.000020969	369120	ops_par_loop_group_60	update_halo_kernel2_xvel_plus_4_a+update_halo_kernel2_yvel_minus_4_a+update_halo_kernel3_plus_4_a
2749	0.000020950	369120	ops_par_loop_group_61	update_halo_kernel2_xvel_plus_2_a+update_halo_kernel2_yvel_minus_2_a+update_halo_kernel3_plus_2_a
2750	0.000019657	246080	ops_par_loop_group_62	update_halo_kernel2_xvel_plus_4_b+update_halo_kernel2_yvel_minus_4_b
2751	0.000020990	369120	ops_par_loop_group_63	update_halo_kernel2_xvel_plus_2_b+update_halo_kernel2_yvel_minus_2_b+update_halo_kernel3_plus_4_b
2752	0.000020930	246080	ops_par_loop_group_64	update_halo_kernel2_xvel_minus_4_b+update_halo_kernel2_yvel_plus_4_b
2753	0.000018996	123040	ops_par_loop_update_halo_kernel3_plus_2_b_110	update_halo_kernel3_plus_2_b
2754	0.000018556	123008	ops_par_loop_update_halo_kernel3_minus_4_b_113	update_halo_kernel3_minus_4_b
2755	0.000018174	123008	ops_par_loop_update_halo_kernel4_minus_4_b_117	update_halo_kernel4_minus_4_b
2756	0.000021120	553536	ops_par_loop_group_68	update_halo_kernel1_t2+update_halo_kernel4_minus_2_b
2757	0.000020469	430528	ops_par_loop_update_halo_kernel1_t1_86	update_halo_kernel1_t1
2758	0.000027492	553536	ops_par_loop_group_70	update_halo_kernel1_l2+update_halo_kernel3_minus_4_a
2759	0.000023595	553536	ops_par_loop_group_71	update_halo_kernel1_l1+update_halo_kernel3_minus_2_a
2760	0.000024226	553536	ops_par_loop_group_72	update_halo_kernel1_r2+update_halo_kernel3_minus_2_b
2761	0.000021100	430528	ops_par_loop_update_halo_kernel1_r1_90	update_halo_kernel1_r1
2762	0.000023955	369120	ops_par_loop_group_74	update_halo_kernel2_xvel_minus_4_a+update_halo_kernel2_yvel_plus_4_a+update_halo_kernel4_plus_4_a
2763	0.000022543	369120	ops_par_loop_group_75	update_halo_kernel2_xvel_minus_2_a+update_halo_kernel2_yvel_plus_2_a+update_halo_kernel4_plus_2_a
2764	0.000023054	369120	ops_par_loop_group_76	update_halo_kernel2_xvel_minus_2_b+update_halo_kernel2_yvel_plus_2_b+update_halo_kernel4_plus_4_b
2765	0.000018755	123040	ops_par_loop_update_halo_kernel4_plus_2_b_122	update_halo_kernel4_plus_2_b
2766	0.001795730	1416561152	ops_par_loop_group_78	advec_mom_kernel_y2+reset_field_kernel1+ideal_gas_kernel
2767	0.000194650	236236864	ops_par_loop_advec_mom_kernel_mass_flux_y_124	advec_mom_kernel_mass_flux_y
2768	0.000534645	590438520	ops_par_loop_advec_mom_kernel_post_pre_advec_y_125	advec_mom_kernel_post_pre_advec_y
2769	0.000879410	472258640	ops_par_loop_advec_mom_kernel1_y_nonvector_126	advec_mom_kernel1_y_nonvector
2770	0.000452289	590131240	ops_par_loop_advec_mom_kernel2_y_127	advec_mom_kernel2_y
2771	0.000491624	472842752	ops_par_loop_advec_mom_kernel_y2_128	advec_mom_kernel_y2
2772	0.000191934	236236864	ops_par_loop_advec_mom_kernel_mass_flux_y_129	advec_mom_kernel_mass_flux_y
2773	0.000532361	590438520	ops_par_loop_advec_mom_kernel_post_pre_advec_y_130	advec_mom_kernel_post_pre_advec_y
2774	0.000877055	472258640	ops_par_loop_advec_mom_kernel1_y_nonvector_131	advec_mom_kernel1_y_nonvector
2775	0.000738232	1062236232	ops_par_loop_group_87	advec_mom_kernel2_y+reset_field_kernel2
2776	0.000038613	430304	ops_par_loop_update_halo_kernel1_b1_136	update_halo_kernel1_b1
2777	0.000033273	430304	ops_par_loop_update_halo_kernel1_t1_137	update_halo_kernel1_t1
2778	0.000035076	430304	ops_par_loop_update_halo_kernel1_l1_138	update_halo_kernel1_l1
2779	0.000028374	430304	ops_par_loop_update_halo_kernel1_r1_139	update_halo_kernel1_r1
2780	0.000023875	245952	ops_par_loop_group_92	update_halo_kernel2_xvel_plus_2_a+update_halo_kernel2_yvel_minus_2_a
2781	0.000027573	245952	ops_par_loop_group_93	update_halo_kernel2_xvel_plus_2_b+update_halo_kernel2_yvel_minus_2_b
2782	0.000032632	245952	ops_par_loop_group_94	update_halo_kernel2_xvel_minus_2_a+update_halo_kernel2_yvel_plus_2_a
2783	0.000023444	245952	ops_par_loop_group_95	update_halo_kernel2_xvel_minus_2_b+update_halo_kernel2_yvel_plus_2_b
2784	0.001737971	589885440	ops_par_loop_viscosity_kernel_148	viscosity_kernel
2785	0.000023164	430304	ops_par_loop_update_halo_kernel1_b1_149	update_halo_kernel1_b1
2786	0.000021481	430304	ops_par_loop_update_halo_kernel1_t1_150	update_halo_kernel1_t1
2787	0.000026150	430304	ops_par_loop_update_halo_kernel1_l1_151	update_halo_kernel1_l1
2788	0.000028343	430304	ops_par_loop_update_halo_kernel1_r1_152	update_halo_kernel1_r1
2789	0.000921630	1061744640	ops_par_loop_calc_dt_kernel_153	calc_dt_kernel
2790	0.001489248	1887436800	ops_par_loop_group_0	PdV_kernel_predict+ideal_gas_kernel
2791	0.000022072	430304	ops_par_loop_update_halo_kernel1_b1_2	update_halo_kernel1_b1
2792	0.000020068	430304	ops_par_loop_update_halo_kernel1_t1_3	update_halo_kernel1_t1
2793	0.000023334	430304	ops_par_loop_update_halo_kernel1_l1_4	update_halo_kernel1_l1
2794	0.000023434	430304	ops_par_loop_update_halo_kernel1_r1_5	update_halo_kernel1_r1
2795	0.001556235	1770147928	ops_par_loop_group_5	revert_kernel+accelerate_kernel
2796	0.001357207	1651507200	ops_par_loop_PdV_kernel_nopredict_8	PdV_kernel_nopredict
2797	0.000360204	471982080	ops_par_loop_flux_calc_kernelx_9	flux_calc_kernelx
2798	0.000357499	471982080	ops_par_loop_flux_calc_kernely_10	flux_calc_kernely
2799	0.000022012	553536	ops_par_loop_group_9	update_halo_kernel1_b2+update_halo_kernel4_minus_4_a
2800	0.000021060	553536	ops_par_loop_group_10	update_halo_kernel1_b1+update_halo_kernel4_minus_2_a
2801	0.000020168	369120	ops_par_loop_group_11	update_halo_kernel3_plus_4_a+update_halo_kernel2_xvel_plus_4_a+update_halo_kernel2_yvel_minus_4_a
2802	0.000020909	369120	ops_par_loop_group_12	update_halo_kernel3_plus_2_a+update_halo_kernel2_xvel_plus_2_a+update_halo_kernel2_yvel_minus_2_a
2803	0.000018726	123008	ops_par_loop_update_halo_kernel4_minus_4_b_29	update_halo_kernel4_minus_4_b
2804	0.000020529	553536	ops_par_loop_group_14	update_halo_kernel1_t2+update_halo_kernel4_minus_2_b
2805	0.000020128	430528	ops_par_loop_update_halo_kernel1_t1_14	update_halo_kernel1_t1
2806	0.000019627	246080	ops_par_loop_group_16	update_halo_kernel2_xvel_plus_4_b+update_halo_kernel2_yvel_minus_4_b
2807	0.000020569	369120	ops_par_loop_group_17	update_halo_kernel3_plus_4_b+update_halo_kernel2_xvel_plus_2_b+update_halo_kernel2_yvel_minus_2_b
2808	0.000018725	123040	ops_par_loop_update_halo_kernel3_plus_2_b_22	update_halo_kernel3_plus_2_b
2809	0.000025649	553536	ops_par_loop_group_19	update_halo_kernel1_l2+update_halo_kernel3_minus_4_a
2810	0.000023054	553536	ops_par_loop_group_20	update_halo_kernel1_l1+update_halo_kernel3_minus_2_a
2811	0.000018906	123008	ops_par_loop_update_halo_kernel3_minus_4_b_25	update_halo_kernel3_minus_4_b
2812	0.000024055	553536	ops_par_loop_group_22	update_halo_kernel1_r2+update_halo_kernel3_minus_2_b
2813	0.000021191	430528	ops_par_loop_update_halo_kernel1_r1_18	update_halo_kernel1_r1
2814	0.000023134	369120	ops_par_loop_group_24	update_halo_kernel4_plus_4_a+update_halo_kernel2_xvel_minus_4_a+update_halo_kernel2_yvel_plus_4_a
2815	0.000022052	369120	ops_par_loop_group_25	update_halo_kernel4_plus_2_a+update_halo_kernel2_xvel_minus_2_a+update_halo_kernel2_yvel_plus_2_a
2816	0.000020639	246080	ops_par_loop_group_26	update_halo_kernel2_xvel_minus_4_b+update_halo_kernel2_yvel_plus_4_b
2817	0.000021651	369120	ops_par_loop_group_27	update_halo_kernel4_plus_4_b+update_halo_kernel2_xvel_minus_2_b+update_halo_kernel2_yvel_plus_2_b
2818	0.000018375	123040	ops_par_loop_update_halo_kernel4_plus_2_b_34	update_halo_kernel4_plus_2_b
2819	0.000563390	591053440	ops_par_loop_advec_cell_kernel1_ydir_35	advec_cell_kernel1_ydir
2820	0.000788748	708203544	ops_par_loop_advec_cell_kernel3_ydir_36	advec_cell_kernel3_ydir
2821	0.001471013	1533542400	ops_par_loop_advec_cell_kernel4_ydir_37	advec_cell_kernel4_ydir
2822	0.000022463	553536	ops_par_loop_group_32	update_halo_kernel1_b2+update_halo_kernel4_minus_4_a
2823	0.000021401	553536	ops_par_loop_group_33	update_halo_kernel1_b1+update_halo_kernel4_minus_2_a
2824	0.000017863	123008	ops_par_loop_update_halo_kernel4_minus_4_b_64	update_halo_kernel4_minus_4_b
2825	0.000020499	553536	ops_par_loop_group_35	update_halo_kernel1_t2+update_halo_kernel4_minus_2_b
2826	0.000019948	430528	ops_par_loop_update_halo_kernel1_t1_41	update_halo_kernel1_t1
2827	0.000024036	430528	ops_par_loop_update_halo_kernel1_l2_42	update_halo_kernel1_l2
2828	0.000021721	430528	ops_par_loop_update_halo_kernel1_l1_43	update_halo_kernel1_l1
2829	0.000023374	430528	ops_par_loop_update_halo_kernel1_r2_44	update_halo_kernel1_r2
2830	0.000020919	430528	ops_par_loop_update_halo_kernel1_r1_45	update_halo_kernel1_r1
2831	0.000019708	123040	ops_par_loop_update_halo_kernel4_plus_4_a_66	update_halo_kernel4_plus_4_a
2832	0.000017534	123040	ops_par_loop_update_halo_kernel4_plus_2_a_67	update_halo_kernel4_plus_2_a
2833	0.000018926	123040	ops_par_loop_update_halo_kernel4_plus_4_b_68	update_halo_kernel4_plus_4_b
2834	0.000018395	123040	ops_par_loop_update_halo_kernel4_plus_2_b_69	update_halo_kernel4_plus_2_b
2835	0.000562077	591053440	ops_par_loop_advec_mom_kernel_y1_70	advec_mom_kernel_y1
2836	0.000191454	236236864	ops_par_loop_advec_mom_kernel_mass_flux_y_71	advec_mom_kernel_mass_flux_y
2837	0.000531619	590438520	ops_par_loop_advec_mom_kernel_post_pre_advec_y_72	advec_mom_kernel_post_pre_advec_y
2838	0.000878288	472258640	ops_par_loop_advec_mom_kernel1_y_nonvector_73	advec_mom_kernel1_y_nonvector
2839	0.000448362	590131240	ops_par_loop_advec_mom_kernel2_y_74	advec_mom_kernel2_y
2840	0.000560735	591053440	ops_par_loop_advec_mom_kernel_y1_75	advec_mom_kernel_y1
2841	0.000191454	236236864	ops_par_loop_advec_mom_kernel_mass_flux_y_76	advec_mom_kernel_mass_flux_y
2842	0.000531870	590438520	ops_par_loop_advec_mom_kernel_post_pre_advec_y_77	advec_mom_kernel_post_pre_advec_y
2843	0.000875744	472258640	ops_par_loop_advec_mom_kernel1_y_nonvector_78	advec_mom_kernel1_y_nonvector
2844	0.000450005	590131240	ops_par_loop_advec_mom_kernel2_y_79	advec_mom_kernel2_y
2845	0.000491433	472842752	ops_par_loop_advec_cell_kernel2_xdir_80	advec_cell_kernel2_xdir
2846	0.000773358	708203544	ops_par_loop_advec_cell_kernel3_xdir_81	advec_cell_kernel3_xdir
2847	0.001462116	1533542400	ops_par_loop_advec_cell_kernel4_xdir_82	advec_cell_kernel4_xdir
2848	0.000022283	553536	ops_par_loop_group_58	update_halo_kernel1_b2+update_halo_kernel4_minus_4_a
2849	0.000021751	553536	ops_par_loop_group_59	update_halo_kernel1_b1+update_halo_kernel4_minus_2_a
2850	0.000021551	369120	ops_par_loop_group_60	update_halo_kernel2_xvel_plus_4_a+update_halo_kernel2_yvel_minus_4_a+update_halo_kernel3_plus_4_a
2851	0.000021941	369120	ops_par_loop_group_61	update_halo_kernel2_xvel_plus_2_a+update_halo_kernel2_yvel_minus_2_a+update_halo_kernel3_plus_2_a
2852	0.000019026	246080	ops_par_loop_group_62	update_halo_kernel2_xvel_plus_4_b+update_halo_kernel2_yvel_minus_4_b
2853	0.000020228	369120	ops_par_loop_group_63	update_halo_kernel2_xvel_plus_2_b+update_halo_kernel2_yvel_minus_2_b+update_halo_kernel3_plus_4_b
2854	0.000022232	246080	ops_par_loop_group_64	update_halo_kernel2_xvel_minus_4_b+update_halo_kernel2_yvel_plus_4_b
2855	0.000019788	123040	ops_par_loop_update_halo_kernel3_plus_2_b_110	update_halo_kernel3_plus_2_b
2856	0.000019037	123008	ops_par_loop_update_halo_kernel3_minus_4_b_113	update_halo_kernel3_minus_4_b
2857	0.000018495	123008	ops_par_loop_update_halo_kernel4_minus_4_b_117	update_halo_kernel4_minus_4_b
2858	0.000021391	553536	ops_par_loop_group_68	update_halo_kernel1_t2+update_halo_kernel4_minus_2_b
2859	0.000020429	430528	ops_par_loop_update_halo_kernel1_t1_86	update_halo_kernel1_t1
2860	0.000026230	553536	ops_par_loop_group_70	update_halo_kernel1_l2+update_halo_kernel3_minus_4_a
2861	0.000022784	553536	ops_par_loop_group_71	update_halo_kernel1_l1+update_halo_kernel3_minus_2_a
2862	0.000025158	553536	ops_par_loop_group_72	update_halo_kernel1_r2+update_halo_kernel3_minus_2_b
2863	0.000021661	430528	ops_par_loop_update_halo_kernel1_r1_90	update_halo_kernel1_r1
2864	0.000023224	369120	ops_par_loop_group_74	update_halo_kernel2_xvel_minus_4_a+update_halo_kernel2_yvel_plus_4_a+update_halo_kernel4_plus_4_a
2865	0.000021460	369120	ops_par_loop_group_75	update_halo_kernel2_xvel_minus_2_a+update_halo_kernel2_yvel_plus_2_a+update_halo_kernel4_plus_2_a
2866	0.000022322	369120	ops_par_loop_group_76	update_halo_kernel2_xvel_minus_2_b+update_halo_kernel2_yvel_plus_2_b+update_halo_kernel4_plus_4_b
2867	0.000018836	123040	ops_par_loop_update_halo_kernel4_plus_2_b_122	update_halo_kernel4_plus_2_b
2868	0.001786863	1416561152	ops_par_loop_group_78	advec_mom_kernel_x2+reset_field_kernel1+ideal_gas_kernel
2869	0.000196113	236236864	ops_par_loop_advec_mom_kernel_mass_flux_x_124	advec_mom_kernel_mass_flux_x
2870	0.000574932	590438520	ops_par_loop_advec_mom_kernel_post_pre_advec_x_125	advec_mom_kernel_post_pre_advec_x
2871	0.000884069	472258640	ops_par_loop_advec_mom_kernel1_x_nonvector_126	advec_mom_kernel1_x_nonvector
2872	0.000443151	590131240	ops_par_loop_advec_mom_kernel2_x_127	advec_mom_kernel2_x
2873	0.000502664	472842752	ops_par_loop_advec_mom_kernel_x2_128	advec_mom_kernel_x2
2874	0.000194930	236236864	ops_par_loop_advec_mom_kernel_mass_flux_x_129	advec_mom_kernel_mass_flux_x
2875	0.000574681	590438520	ops_par_loop_advec_mom_kernel_post_pre_advec_x_130	advec_mom_kernel_post_pre_advec_x
2876	0.000883678	472258640	ops_par_loop_advec_mom_kernel1_x_nonvector_131	advec_mom_kernel1_x_nonvector
2877	0.000733153	1062236232	ops_par_loop_group_87	advec_mom_kernel2_x+reset_field_kernel2
2878	0.000021911	430304	ops_par_loop_update_halo_kernel1_b1_136	update_halo_kernel1_b1
2879	0.000020148	430304	ops_par_loop_update_halo_kernel1_t1_137	update_halo_kernel1_t1
2880	0.000023615	430304	ops_par_loop_update_halo_kernel1_l1_138	update_halo_kernel1_l1
2881	0.000022923	430304	ops_par_loop_update_halo_kernel1_r1_139	update_halo_kernel1_r1
2882	0.000019327	245952	ops_par_loop_group_92	update_halo_kernel2_xvel_plus_2_a+update_halo_kernel2_yvel_minus_2_a
2883	0.000019628	245952	ops_par_loop_group_93	update_halo_kernel2_xvel_plus_2_b+update_halo_kernel2_yvel_minus_2_b
2884	0.000021471	245952	ops_par_loop_group_94	update_halo_kernel2_xvel_minus_2_a+update_halo_kernel2_yvel_plus_2_a
2885	0.000021361	245952	ops_par_loop_group_95	update_halo_kernel2_xvel_minus_2_b+update_halo_kernel2_yvel_plus_2_b
2886	0.001736158	589885440	ops_par_loop_viscosity_kernel_148	viscosity_kernel
2887	0.000021611	430304	ops_par_loop_update_halo_kernel1_b1_149	update_halo_kernel1_b1
2888	0.000019457	430304	ops_par_loop_update_halo_kernel1_t1_150	update_halo_kernel1_t1
2889	0.000023344	430304	ops_par_loop_update_halo_kernel1_l1_151	update_halo_kernel1_l1
2890	0.000022724	430304	ops_par_loop_update_halo_kernel1_r1_152	update_halo_kernel1_r1
2891	0.000918053	1061744640	ops_par_loop_calc_dt_kernel_153	calc_dt_kernel
2892	0.001486093	1887436800	ops_par_loop_group_0	PdV_kernel_predict+ideal_gas_kernel
2893	0.000021140	430304	ops_par_loop_update_halo_kernel1_b1_2	update_halo_kernel1_b1
2894	0.000019888	430304	ops_par_loop_update_halo_kernel1_t1_3	update_halo_kernel1_t1
2895	0.000022763	430304	ops_par_loop_update_halo_kernel1_l1_4	update_halo_kernel1_l1
2896	0.000023605	430304	ops_par_loop_update_halo_kernel1_r1_5	update_halo_kernel1_r1
2897	0.001554792	1770147928	ops_par_loop_group_5	revert_kernel+accelerate_kernel
2898	0.001352358	1651507200	ops_par_loop_PdV_kernel_nopredict_8	PdV_kernel_nopredict
2899	0.000362889	471982080	ops_par_loop_flux_calc_kernelx_9	flux_calc_kernelx
2900	0.000358130	471982080	ops_par_loop_flux_calc_kernely_10	flux_calc_kernely
2901	0.000021160	553536	ops_par_loop_group_9	update_halo_kernel1_b2+update_halo_kernel4_minus_4_a
2902	0.000020378	553536	ops_par_loop_group_10	update_halo_kernel1_b1+update_halo_kernel4_minus_2_a
2903	0.000021170	369120	ops_par_loop_group_11	update_halo_kernel3_plus_4_a+update_halo_kernel2_xvel_plus_4_a+update_halo_kernel2_yvel_minus_4_a
2904	0.000020489	369120	ops_par_loop_group_12	update_halo_kernel3_plus_2_a+update_halo_kernel2_xvel_plus_2_a+update_halo_kernel2_yvel_minus_2_a
2905	0.000018816	123008	ops_par_loop_update_halo_kernel4_minus_4_b_29	update_halo_kernel4_minus_4_b
2906	0.000020980	553536	ops_par_loop_group_14	update_halo_kernel1_t2+update_halo_kernel4_minus_2_b
2907	0.000020469	430528	ops_par_loop_update_halo_kernel1_t1_14	update_halo_kernel1_t1
2908	0.000018675	246080	ops_par_loop_group_16	update_halo_kernel2_xvel_plus_4_b+update_halo_kernel2_yvel_minus_4_b
2909	0.000020038	369120	ops_par_loop_group_17	update_halo_kernel3_plus_4_b+update_halo_kernel2_xvel_plus_2_b+update_halo_kernel2_yvel_minus_2_b
2910	0.000018214	123040	ops_par_loop_update_halo_kernel3_plus_2_b_22	update_halo_kernel3_plus_2_b
2911	0.000025108	553536	ops_par_loop_group_19	update_halo_kernel1_l2+update_halo_kernel3_minus_4_a
2912	0.000022503	553536	ops_par_loop_group_20	update_halo_kernel1_l1+update_halo_kernel3_minus_2_a
2913	0.000019016	123008	ops_par_loop_update_halo_kernel3_minus_4_b_25	update_halo_kernel3_minus_4_b
2914	0.000023635	553536	ops_par_loop_group_22	update_halo_kernel1_r2+update_halo_kernel3_minus_2_b
2915	0.000021040	430528	ops_par_loop_update_halo_kernel1_r1_18	update_halo_kernel1_r1
2916	0.000022994	369120	ops_par_loop_group_24	update_halo_kernel4_plus_4_a+update_halo_kernel2_xvel_minus_4_a+update_halo_kernel2_yvel_plus_4_a
2917	0.000022061	369120	ops_par_loop_group_25	update_halo_kernel4_plus_2_a+update_halo_kernel2_xvel_minus_2_a+update_halo_kernel2_yvel_plus_2_a
2918	0.000019828	246080	ops_par_loop_group_26	update_halo_kernel2_xvel_minus_4_b+update_halo_kernel2_yvel_plus_4_b
2919	0.000022723	369120	ops_par_loop_group_27	update_halo_kernel4_plus_4_b+update_halo_kernel2_xvel_minus_2_b+update_halo_kernel2_yvel_plus_2_b
2920	0.000018595	123040	ops_par_loop_update_halo_kernel4_plus_2_b_34	update_halo_kernel4_plus_2_b
2921	0.000560975	591053440	ops_par_loop_advec_cell_kernel1_xdir_35	advec_cell_kernel1_xdir
2922	0.000775102	708203544	ops_par_loop_advec_cell_kernel3_xdir_36	advec_cell_kernel3_xdir
2923	0.001463038	1533542400	ops_par_loop_advec_cell_kernel4_xdir_37	advec_cell_kernel4_xdir
2924	0.000020569	430528	ops_par_loop_update_halo_kernel1_b2_38	update_halo_kernel1_b2
2925	0.000020329	430528	ops_par_loop_update_halo_kernel1_b1_39	update_halo_kernel1_b1
2926	0.000019728	430528	ops_par_loop_update_halo_kernel1_t2_40	update_halo_kernel1_t2
2927	0.000020349	430528	ops_par_loop_update_halo_kernel1_t1_41	update_halo_kernel1_t1
2928	0.000018164	123040	ops_par_loop_update_halo_kernel3_plus_4_a_62	update_halo_kernel3_plus_4_a
2929	0.000018034	123040	ops_par_loop_update_halo_kernel3_plus_2_a_63	update_halo_kernel3_plus_2_a
2930	0.000017192	123040	ops_par_loop_update_halo_kernel3_plus_4_b_64	update_halo_kernel3_plus_4_b
2931	0.000017524	123040	ops_par_loop_update_halo_kernel3_plus_2_b_65	update_halo_kernel3_plus_2_b
2932	0.000026440	553536	ops_par_loop_group_40	update_halo_kernel1_l2+update_halo_kernel3_minus_4_a
2933	0.000023244	553536	ops_par_loop_group_41	update_halo_kernel1_l1+update_halo_kernel3_minus_2_a
2934	0.000019998	123008	ops_par_loop_update_halo_kernel3_minus_4_b_68	update_halo_kernel3_minus_4_b
2935	0.000024467	553536	ops_par_loop_group_43	update_halo_kernel1_r2+update_halo_kernel3_minus_2_b
2936	0.000021641	430528	ops_par_loop_update_halo_kernel1_r1_45	update_halo_kernel1_r1
2937	0.000562869	591053440	ops_par_loop_advec_mom_kernel_x1_70	advec_mom_kernel_x1
2938	0.000193667	236236864	ops_par_loop_advec_mom_kernel_mass_flux_x_71	advec_mom_kernel_mass_flux_x
2939	0.000573990	590438520	ops_par_loop_advec_mom_kernel_post_pre_advec_x_72	advec_mom_kernel_post_pre_advec_x
2940	0.000882726	472258640	ops_par_loop_advec_mom_kernel1_x_nonvector_73	advec_mom_kernel1_x_nonvector
2941	0.000455655	590131240	ops_par_loop_advec_mom_kernel2_x_74	advec_mom_kernel2_x
2942	0.000561968	591053440	ops_par_loop_advec_mom_kernel_x1_75	advec_mom_kernel_x1
2943	0.000193668	236236864	ops_par_loop_advec_mom_kernel_mass_flux_x_76	advec_mom_kernel_mass_flux_x
2944	0.000571896	590438520	ops_par_loop_advec_mom_kernel_post_pre_advec_x_77	advec_mom_kernel_post_pre_advec_x
2945	0.000883949	472258640	ops_par_loop_advec_mom_kernel1_x_nonvector_78	advec_mom_kernel1_x_nonvector
2946	0.000445105	590131240	ops_par_loop_advec_mom_kernel2_x_79	advec_mom_kernel2_x
2947	0.000496914	472842752	ops_par_loop_advec_cell_kernel2_ydir_80	advec_cell_kernel2_ydir
2948	0.000788267	708203544	ops_par_loop_advec_cell_kernel3_ydir_81	advec_cell_kernel3_ydir
2949	0.001473919	1533542400	ops_par_loop_advec_cell_kernel4_ydir_82	advec_cell_kernel4_ydir
2950	0.000022593	553536	ops_par_loop_group_58	update_halo_kernel1_b2+update_halo_kernel4_minus_4_a
2951	0.000021381	553536	ops_par_loop_group_59	update_halo_kernel1_b1+update_halo_kernel4_minus_2_a
2952	0.000021030	369120	ops_par_loop_group_60	update_halo_kernel2_xvel_plus_4_a+update_halo_kernel2_yvel_minus_4_a+update_halo_kernel3_plus_4_a
2953	0.000019717	369120	ops_par_loop_group_61	update_halo_kernel2_xvel_plus_2_a+update_halo_kernel2_yvel_minus_2_a+update_halo_kernel3_plus_2_a
2954	0.000019817	246080	ops_par_loop_group_62	update_halo_kernel2_xvel_plus_4_b+update_halo_kernel2_yvel_minus_4_b
2955	0.000021371	369120	ops_par_loop_group_63	update_halo_kernel2_xvel_plus_2_b+update_halo_kernel2_yvel_minus_2_b+update_halo_kernel3_plus_4_b
2956	0.000021230	246080	ops_par_loop_group_64	update_halo_kernel2_xvel_minus_4_b+update_halo_kernel2_yvel_plus_4_b
2957	0.000019347	123040	ops_par_loop_update_halo_kernel3_plus_2_b_110	update_halo_kernel3_plus_2_b
2958	0.000018605	123008	ops_par_loop_update_halo_kernel3_minus_4_b_113	update_halo_kernel3_minus_4_b
2959	0.000018315	123008	ops_par_loop_update_halo_kernel4_minus_4_b_117	update_halo_kernel4_minus_4_b
2960	0.000019707	553536	ops_par_loop_group_68	update_halo_kernel1_t2+update_halo_kernel4_minus_2_b
2961	0.000020288	430528	ops_par_loop_update_halo_kernel1_t1_86	update_halo_kernel1_t1
2962	0.000025789	553536	ops_par_loop_group_70	update_halo_kernel1_l2+update_halo_kernel3_minus_4_a
2963	0.000022683	553536	ops_par_loop_group_71	update_halo_kernel1_l1+update_halo_kernel3_minus_2_a
2964	0.000024627	553536	ops_par_loop_group_72	update_halo_kernel1_r2+update_halo_kernel3_minus_2_b
2965	0.000021551	430528	ops_par_loop_update_halo_kernel1_r1_90	update_halo_kernel1_r1
2966	0.000023705	369120	ops_par_loop_group_74	update_halo_kernel2_xvel_minus_4_a+update_halo_kernel2_yvel_plus_4_a+update_halo_kernel4_plus_4_a
2967	0.000021240	369120	ops_par_loop_group_75	update_halo_kernel2_xvel_minus_2_a+update_halo_kernel2_yvel_plus_2_a+update_halo_kernel4_plus_2_a
2968	0.000022282	369120	ops_par_loop_group_76	update_halo_kernel2_xvel_minus_2_b+update_halo_kernel2_yvel_plus_2_b+update_halo_kernel4_plus_4_b
2969	0.000017864	123040	ops_par_loop_update_halo_kernel4_plus_2_b_122	update_halo_kernel4_plus_2_b
2970	0.001780260	1416561152	ops_par_loop_group_78	advec_mom_kernel_y2+reset_field_kernel1+ideal_gas_kernel
2971	0.000193768	236236864	ops_par_loop_advec_mom_kernel_mass_flux_y_124	advec_mom_kernel_mass_flux_y
2972	0.000531279	590438520	ops_par_loop_advec_mom_kernel_post_pre_advec_y_125	advec_mom_kernel_post_pre_advec_y
2973	0.000878208	472258640	ops_par_loop_advec_mom_kernel1_y_nonvector_126	advec_mom_kernel1_y_nonvector
2974	0.000446207	590131240	ops_par_loop_advec_mom_kernel2_y_127	advec_mom_kernel2_y
2975	0.000489009	472842752	ops_par_loop_advec_mom_kernel_y2_128	advec_mom_kernel_y2
2976	0.000192646	236236864	ops_par_loop_advec_mom_kernel_mass_flux_y_129	advec_mom_kernel_mass_flux_y
2977	0.000530547	590438520	ops_par_loop_advec_mom_kernel_post_pre_advec_y_130	advec_mom_kernel_post_pre_advec_y
2978	0.000875702	472258640	ops_par_loop_advec_mom_kernel1_y_nonvector_131	advec_mom_kernel1_y_nonvector
2979	0.000731069	1062236232	ops_par_loop_group_87	advec_mom_kernel2_y+reset_field_kernel2
2980	0.000021802	430304	ops_par_loop_update_halo_kernel1_b1_136	update_halo_kernel1_b1
2981	0.000019608	430304	ops_par_loop_update_halo_kernel1_t1_137	update_halo_kernel1_t1
2982	0.000023735	430304	ops_par_loop_update_halo_kernel1_l1_138	update_halo_kernel1_l1
2983	0.000024076	430304	ops_par_loop_update_halo_kernel1_r1_139	update_halo_kernel1_r1
2984	0.000019127	245952	ops_par_loop_group_92	update_halo_kernel2_xvel_plus_2_a+update_halo_kernel2_yvel_minus_2_a
2985	0.000018976	245952	ops_par_loop_group_93	update_halo_kernel2_xvel_plus_2_b+update_halo_kernel2_yvel_minus_2_b
2986	0.000021341	245952	ops_par_loop_group_94	update_halo_kernel2_xvel_minus_2_a+update_halo_kernel2_yvel_plus_2_a
2987	0.000021291	245952	ops_par_loop_group_95	update_halo_kernel2_xvel_minus_2_b+update_halo_kernel2_yvel_plus_2_b
2988	0.001736738	589885440	ops_par_loop_viscosity_kernel_148	viscosity_kernel
2989	0.000021070	430304	ops_par_loop_update_halo_kernel1_b1_149	update_halo_kernel1_b1
2990	0.000020970	430304	ops_par_loop_update_halo_kernel1_t1_150	update_halo_kernel1_t1
2991	0.000023014	430304	ops_par_loop_update_halo_kernel1_l1_151	update_halo_kernel1_l1
2992	0.000022333	430304	ops_par_loop_update_halo_kernel1_r1_152	update_halo_kernel1_r1
2993	0.000917212	1061744640	ops_par_loop_calc_dt_kernel_153	calc_dt_kernel
2994	0.001484880	1887436800	ops_par_loop_group_0	PdV_kernel_predict+ideal_gas_kernel
2995	0.000021891	430304	ops_par_loop_update_halo_kernel1_b1_2	update_halo_kernel1_b1
2996	0.000019687	430304	ops_par_loop_update_halo_kernel1_t1_3	update_halo_kernel1_t1
2997	0.000023555	430304	ops_par_loop_update_halo_kernel1_l1_4	update_halo_kernel1_l1
2998	0.000023445	430304	ops_par_loop_update_halo_kernel1_r1_5	update_halo_kernel1_r1
2999	0.001558300	1770147928	ops_par_loop_group_5	revert_kernel+accelerate_kernel
3000	0.001354803	1651507200	ops_par_loop_PdV_kernel_nopredict_8	PdV_kernel_nopredict
3001	0.000359543	471982080	ops_par_loop_flux_calc_kernelx_9	flux_calc_kernelx
3002	0.000356487	471982080	ops_par_loop_flux_calc_kernely_10	flux_calc_kernely
3003	0.000021681	553536	ops_par_loop_group_9	update_halo_kernel1_b2+update_halo_kernel4_minus_4_a
3004	0.000020689	553536	ops_par_loop_group_10	update_halo_kernel1_b1+update_halo_kernel4_minus_2_a
3005	0.000020068	369120	ops_par_loop_group_11	update_halo_kernel3_plus_4_a+update_halo_kernel2_xvel_plus_4_a+update_halo_kernel2_yvel_minus_4_a
3006	0.000020028	369120	ops_par_loop_group_12	update_halo_kernel3_plus_2_a+update_halo_kernel2_xvel_plus_2_a+update_halo_kernel2_yvel_minus_2_a
3007	0.000019247	123008	ops_par_loop_update_halo_kernel4_minus_4_b_29	update_halo_kernel4_minus_4_b
3008	0.000020449	553536	ops_par_loop_group_14	update_halo_kernel1_t2+update_halo_kernel4_minus_2_b
3009	0.000019547	430528	ops_par_loop_update_halo_kernel1_t1_14	update_halo_kernel1_t1
3010	0.000019667	246080	ops_par_loop_group_16	update_halo_kernel2_xvel_plus_4_b+update_halo_kernel2_yvel_minus_4_b
3011	0.000020249	369120	ops_par_loop_group_17	update_halo_kernel3_plus_4_b+update_halo_kernel2_xvel_plus_2_b+update_halo_kernel2_yvel_minus_2_b
3012	0.000018385	123040	ops_par_loop_update_halo_kernel3_plus_2_b_22	update_halo_kernel3_plus_2_b
3013	0.000025228	553536	ops_par_loop_group_19	update_halo_kernel1_l2+update_halo_kernel3_minus_4_a
3014	0.000022754	553536	ops_par_loop_group_20	update_halo_kernel1_l1+update_halo_kernel3_minus_2_a
3015	0.000018776	123008	ops_par_loop_update_halo_kernel3_minus_4_b_25	update_halo_kernel3_minus_4_b
3016	0.000023564	553536	ops_par_loop_group_22	update_halo_kernel1_r2+update_halo_kernel3_minus_2_b
3017	0.000021741	430528	ops_par_loop_update_halo_kernel1_r1_18	update_halo_kernel1_r1
3018	0.000023445	369120	ops_par_loop_group_24	update_halo_kernel4_plus_4_a+update_halo_kernel2_xvel_minus_4_a+update_halo_kernel2_yvel_plus_4_a
3019	0.000022492	369120	ops_par_loop_group_25	update_halo_kernel4_plus_2_a+update_halo_kernel2_xvel_minus_2_a+update_halo_kernel2_yvel_plus_2_a
3020	0.000020739	246080	ops_par_loop_group_26	update_halo_kernel2_xvel_minus_4_b+update_halo_kernel2_yvel_plus_4_b
3021	0.000022232	369120	ops_par_loop_group_27	update_halo_kernel4_plus_4_b+update_halo_kernel2_xvel_minus_2_b+update_halo_kernel2_yvel_plus_2_b
3022	0.000017774	123040	ops_par_loop_update_halo_kernel4_plus_2_b_34	update_halo_kernel4_plus_2_b
3023	0.000563049	591053440	ops_par_loop_advec_cell_kernel1_ydir_35	advec_cell_kernel1_ydir
3024	0.000788727	708203544	ops_par_loop_advec_cell_kernel3_ydir_36	advec_cell_kernel3_ydir
3025	0.001472536	1533542400	ops_par_loop_advec_cell_kernel4_ydir_37	advec_cell_kernel4_ydir
3026	0.000021972	553536	ops_par_loop_group_32	update_halo_kernel1_b2+update_halo_kernel4_minus_4_a
3027	0.000022021	553536	ops_par_loop_group_33	update_halo_kernel1_b1+update_halo_kernel4_minus_2_a
3028	0.000019086	123008	ops_par_loop_update_halo_kernel4_minus_4_b_64	update_halo_kernel4_minus_4_b
3029	0.000021180	553536	ops_par_loop_group_35	update_halo_kernel1_t2+update_halo_kernel4_minus_2_b
3030	0.000020038	430528	ops_par_loop_update_halo_kernel1_t1_41	update_halo_kernel1_t1
3031	0.000023585	430528	ops_par_loop_update_halo_kernel1_l2_42	update_halo_kernel1_l2
3032	0.000021881	430528	ops_par_loop_update_halo_kernel1_l1_43	update_halo_kernel1_l1
3033	0.000022713	430528	ops_par_loop_update_halo_kernel1_r2_44	update_halo_kernel1_r2
3034	0.000021270	430528	ops_par_loop_update_halo_kernel1_r1_45	update_halo_kernel1_r1
3035	0.000020438	123040	ops_par_loop_update_halo_kernel4_plus_4_a_66	update_halo_kernel4_plus_4_a
3036	0.000018185	123040	ops_par_loop_update_halo_kernel4_plus_2_a_67	update_halo_kernel4_plus_2_a
3037	0.000019247	123040	ops_par_loop_update_halo_kernel4_plus_4_b_68	update_halo_kernel4_plus_4_b
3038	0.000018045	123040	ops_par_loop_update_halo_kernel4_plus_2_b_69	update_halo_kernel4_plus_2_b
3039	0.000563891	591053440	ops_par_loop_advec_mom_kernel_y1_70	advec_mom_kernel_y1
3040	0.000192406	236236864	ops_par_loop_advec_mom_kernel_mass_flux_y_71	advec_mom_kernel_mass_flux_y
3041	0.000530307	590438520	ops_par_loop_advec_mom_kernel_post_pre_advec_y_72	advec_mom_kernel_post_pre_advec_y
3042	0.000878068	472258640	ops_par_loop_advec_mom_kernel1_y_nonvector_73	advec_mom_kernel1_y_nonvector
3043	0.000453431	590131240	ops_par_loop_advec_mom_kernel2_y_74	advec_mom_kernel2_y
3044	0.000562498	591053440	ops_par_loop_advec_mom_kernel_y1_75	advec_mom_kernel_y1
3045	0.000191363	236236864	ops_par_loop_advec_mom_kernel_mass_flux_y_76	advec_mom_kernel_mass_flux_y
3046	0.000532842	590438520	ops_par_loop_advec_mom_kernel_post_pre_advec_y_77	advec_mom_kernel_post_pre_advec_y
3047	0.000876264	472258640	ops_par_loop_advec_mom_kernel1_y_nonvector_78	advec_mom_kernel1_y_nonvector
3048	0.000454584	590131240	ops_par_loop_advec_mom_kernel2_y_79	advec_mom_kernel2_y
3049	0.000491053	472842752	ops_par_loop_advec_cell_kernel2_xdir_80	advec_cell_kernel2_xdir
3050	0.000773629	708203544	ops_par_loop_advec_cell_kernel3_xdir_81	advec_cell_kernel3_xdir
3051	0.001459732	1533542400	ops_par_loop_advec_cell_kernel4_xdir_82	advec_cell_kernel4_xdir
3052	0.000022583	553536	ops_par_loop_group_58	update_halo_kernel1_b2+update_halo_kernel4_minus_4_a
3053	0.000021531	553536	ops_par_loop_group_59	update_halo_kernel1_b1+update_halo_kernel4_minus_2_a
3054	0.000021291	369120	ops_par_loop_group_60	update_halo_kernel2_xvel_plus_4_a+update_halo_kernel2_yvel_minus_4_a+update_halo_kernel3_plus_4_a
3055	0.000020509	369120	ops_par_loop_group_61	update_halo_kernel2_xvel_plus_2_a+update_halo_kernel2_yvel_minus_2_a+update_halo_kernel3_plus_2_a
3056	0.000019838	246080	ops_par_loop_group_62	update_halo_kernel2_xvel_plus_4_b+update_halo_kernel2_yvel_minus_4_b
3057	0.000020719	369120	ops_par_loop_group_63	update_halo_kernel2_xvel_plus_2_b+update_halo_kernel2_yvel_minus_2_b+update_halo_kernel3_plus_4_b
3058	0.000021651	246080	ops_par_loop_group_64	update_halo_kernel2_xvel_minus_4_b+update_halo_kernel2_yvel_plus_4_b
3059	0.000018685	123040	ops_par_loop_update_halo_kernel3_plus_2_b_110	update_halo_kernel3_plus_2_b
3060	0.000018846	123008	ops_par_loop_update_halo_kernel3_minus_4_b_113	update_halo_kernel3_minus_4_b
3061	0.000017473	123008	ops_par_loop_update_halo_kernel4_minus_4_b_117	update_halo_kernel4_minus_4_b
3062	0.000025519	553536	ops_par_loop_group_68	update_halo_kernel1_t2+update_halo_kernel4_minus_2_b
3063	0.000021201	430528	ops_par_loop_update_halo_kernel1_t1_86	update_halo_kernel1_t1
3064	0.000027161	553536	ops_par_loop_group_70	update_halo_kernel1_l2+update_halo_kernel3_minus_4_a
3065	0.000022302	553536	ops_par_loop_group_71	update_halo_kernel1_l1+update_halo_kernel3_minus_2_a
3066	0.000024867	553536	ops_par_loop_group_72	update_halo_kernel1_r2+update_halo_kernel3_minus_2_b
3067	0.000021601	430528	ops_par_loop_update_halo_kernel1_r1_90	update_halo_kernel1_r1
3068	0.000022853	369120	ops_par_loop_group_74	update_halo_kernel2_xvel_minus_4_a+update_halo_kernel2_yvel_plus_4_a+update_halo_kernel4_plus_4_a
3069	0.000020950	369120	ops_par_loop_group_75	update_halo_kernel2_xvel_minus_2_a+update_halo_kernel2_yvel_plus_2_a+update_halo_kernel4_plus_2_a
3070	0.000022864	369120	ops_par_loop_group_76	update_halo_kernel2_xvel_minus_2_b+update_halo_kernel2_yvel_plus_2_b+update_halo_kernel4_plus_4_b
3071	0.000019627	123040	ops_par_loop_update_halo_kernel4_plus_2_b_122	update_halo_kernel4_plus_2_b
3072	0.001780901	1416561152	ops_par_loop_group_78	advec_mom_kernel_x2+reset_field_kernel1+ideal_gas_kernel
3073	0.000196814	236236864	ops_par_loop_advec_mom_kernel_mass_flux_x_124	advec_mom_kernel_mass_flux_x
3074	0.000572266	590438520	ops_par_loop_advec_mom_kernel_post_pre_advec_x_125	advec_mom_kernel_post_pre_advec_x
3075	0.000883247	472258640	ops_par_loop_advec_mom_kernel1_x_nonvector_126	advec_mom_kernel1_x_nonvector
3076	0.000444725	590131240	ops_par_loop_advec_mom_kernel2_x_127	advec_mom_kernel2_x
3077	0.000498707	472842752	ops_par_loop_advec_mom_kernel_x2_128	advec_mom_kernel_x2
3078	0.000194860	236236864	ops_par_loop_advec_mom_kernel_mass_flux_x_129	advec_mom_kernel_mass_flux_x
3079	0.000574381	590438520	ops_par_loop_advec_mom_kernel_post_pre_advec_x_130	advec_mom_kernel_post_pre_advec_x
3080	0.000884108	472258640	ops_par_loop_advec_mom_kernel1_x_nonvector_131	advec_mom_kernel1_x_nonvector
3081	0.000729164	1062236232	ops_par_loop_group_87	advec_mom_kernel2_x+reset_field_kernel2
3082	0.000487837	471859200	ops_par_loop_ideal_gas_kernel_0	ideal_gas_kernel
3083	0.000022182	430304	ops_par_loop_update_halo_kernel1_b1_1	update_halo_kernel1_b1
3084	0.000020219	430304	ops_par_loop_update_halo_kernel1_t1_2	update_halo_kernel1_t1
3085	0.000023855	430304	ops_par_loop_update_halo_kernel1_l1_3	update_halo_kernel1_l1
3086	0.000023565	430304	ops_par_loop_update_halo_kernel1_r1_4	update_halo_kernel1_r1
3087	0.000018696	245952	ops_par_loop_group_5	update_halo_kernel2_xvel_plus_2_a+update_halo_kernel2_yvel_minus_2_a
3088	0.000018675	245952	ops_par_loop_group_6	update_halo_kernel2_xvel_plus_2_b+update_halo_kernel2_yvel_minus_2_b
3089	0.000020248	245952	ops_par_loop_group_7	update_halo_kernel2_xvel_minus_2_a+update_halo_kernel2_yvel_plus_2_a
3090	0.000026190	245952	ops_par_loop_group_8	update_halo_kernel2_xvel_minus_2_b+update_halo_kernel2_yvel_plus_2_b
3091	0.001736908	589885440	ops_par_loop_viscosity_kernel_13	viscosity_kernel
3092	0.000021641	430304	ops_par_loop_update_halo_kernel1_b1_14	update_halo_kernel1_b1
3093	0.000019397	430304	ops_par_loop_update_halo_kernel1_t1_15	update_halo_kernel1_t1
3094	0.000022172	430304	ops_par_loop_update_halo_kernel1_l1_16	update_halo_kernel1_l1
3095	0.000022302	430304	ops_par_loop_update_halo_kernel1_r1_17	update_halo_kernel1_r1
3096	0.000917863	1061744640	ops_par_loop_calc_dt_kernel_18	calc_dt_kernel
3097	0.001490771	1887436800	ops_par_loop_group_0	PdV_kernel_predict+ideal_gas_kernel
3098	0.000022333	430304	ops_par_loop_update_halo_kernel1_b1_2	update_halo_kernel1_b1
3099	0.000019377	430304	ops_par_loop_update_halo_kernel1_t1_3	update_halo_kernel1_t1
3100	0.000023314	430304	ops_par_loop_update_halo_kernel1_l1_4	update_halo_kernel1_l1
3101	0.000023094	430304	ops_par_loop_update_halo_kernel1_r1_5	update_halo_kernel1_r1
3102	0.001556446	1770147928	ops_par_loop_group_5	revert_kernel+accelerate_kernel
3103	0.001353511	1651507200	ops_par_loop_PdV_kernel_nopredict_8	PdV_kernel_nopredict
3104	0.000360946	471982080	ops_par_loop_flux_calc_kernelx_9	flux_calc_kernelx
3105	0.000356597	471982080	ops_par_loop_flux_calc_kernely_10	flux_calc_kernely
3106	0.000021501	553536	ops_par_loop_group_9	update_halo_kernel1_b2+update_halo_kernel4_minus_4_a
3107	0.000021451	553536	ops_par_loop_group_10	update_halo_kernel1_b1+update_halo_kernel4_minus_2_a
3108	0.000021250	369120	ops_par_loop_group_11	update_halo_kernel3_plus_4_a+update_halo_kernel2_xvel_plus_4_a+update_halo_kernel2_yvel_minus_4_a
3109	0.000020098	369120	ops_par_loop_group_12	update_halo_kernel3_plus_2_a+update_halo_kernel2_xvel_plus_2_a+update_halo_kernel2_yvel_minus_2_a
3110	0.000018966	123008	ops_par_loop_update_halo_kernel4_minus_4_b_29	update_halo_kernel4_minus_4_b
3111	0.000021902	553536	ops_par_loop_group_14	update_halo_kernel1_t2+update_halo_kernel4_minus_2_b
3112	0.000021080	430528	ops_par_loop_update_halo_kernel1_t1_14	update_halo_kernel1_t1
3113	0.000019818	246080	ops_par_loop_group_16	update_halo_kernel2_xvel_plus_4_b+update_halo_kernel2_yvel_minus_4_b
3114	0.000019807	369120	ops_par_loop_group_17	update_halo_kernel3_plus_4_b+update_halo_kernel2_xvel_plus_2_b+update_halo_kernel2_yvel_minus_2_b
3115	0.000019547	123040	ops_par_loop_update_halo_kernel3_plus_2_b_22	update_halo_kernel3_plus_2_b
3116	0.000027352	553536	ops_par_loop_group_19	update_halo_kernel1_l2+update_halo_kernel3_minus_4_a
3117	0.000024617	553536	ops_par_loop_group_20	update_halo_kernel1_l1+update_halo_kernel3_minus_2_a
3118	0.000018675	123008	ops_par_loop_update_halo_kernel3_minus_4_b_25	update_halo_kernel3_minus_4_b
3119	0.000023795	553536	ops_par_loop_group_22	update_halo_kernel1_r2+update_halo_kernel3_minus_2_b
3120	0.000021671	430528	ops_par_loop_update_halo_kernel1_r1_18	update_halo_kernel1_r1
3121	0.000024988	369120	ops_par_loop_group_24	update_halo_kernel4_plus_4_a+update_halo_kernel2_xvel_minus_4_a+update_halo_kernel2_yvel_plus_4_a
3122	0.000022853	369120	ops_par_loop_group_25	update_halo_kernel4_plus_2_a+update_halo_kernel2_xvel_minus_2_a+update_halo_kernel2_yvel_plus_2_a
3123	0.000021441	246080	ops_par_loop_group_26	update_halo_kernel2_xvel_minus_4_b+update_halo_kernel2_yvel_plus_4_b
3124	0.000023645	369120	ops_par_loop_group_27	update_halo_kernel4_plus_4_b+update_halo_kernel2_xvel_minus_2_b+update_halo_kernel2_yvel_plus_2_b
3125	0.000019527	123040	ops_par_loop_update_halo_kernel4_plus_2_b_34	update_halo_kernel4_plus_2_b
3126	0.000564743	591053440	ops_par_loop_advec_cell_kernel1_xdir_35	advec_cell_kernel1_xdir
3127	0.000773909	708203544	ops_par_loop_advec_cell_kernel3_xdir_36	advec_cell_kernel3_xdir
3128	0.001464351	1533542400	ops_par_loop_advec_cell_kernel4_xdir_37	advec_cell_kernel4_xdir
3129	0.000022533	430528	ops_par_loop_update_halo_kernel1_b2_38	update_halo_kernel1_b2
3130	0.000021862	430528	ops_par_loop_update_halo_kernel1_b1_39	update_halo_kernel1_b1
3131	0.000021531	430528	ops_par_loop_update_halo_kernel1_t2_40	update_halo_kernel1_t2
3132	0.000020580	430528	ops_par_loop_update_halo_kernel1_t1_41	update_halo_kernel1_t1
3133	0.000019507	123040	ops_par_loop_update_halo_kernel3_plus_4_a_62	update_halo_kernel3_plus_4_a
3134	0.000018184	123040	ops_par_loop_update_halo_kernel3_plus_2_a_63	update_halo_kernel3_plus_2_a
3135	0.000018706	123040	ops_par_loop_update_halo_kernel3_plus_4_b_64	update_halo_kernel3_plus_4_b
3136	0.000017613	123040	ops_par_loop_update_halo_kernel3_plus_2_b_65	update_halo_kernel3_plus_2_b
3137	0.000026731	553536	ops_par_loop_group_40	update_halo_kernel1_l2+update_halo_kernel3_minus_4_a
3138	0.000023574	553536	ops_par_loop_group_41	update_halo_kernel1_l1+update_halo_kernel3_minus_2_a
3139	0.000021040	123008	ops_par_loop_update_halo_kernel3_minus_4_b_68	update_halo_kernel3_minus_4_b
3140	0.000024547	553536	ops_par_loop_group_43	update_halo_kernel1_r2+update_halo_kernel3_minus_2_b
3141	0.000021631	430528	ops_par_loop_update_halo_kernel1_r1_45	update_halo_kernel1_r1
3142	0.000562138	591053440	ops_par_loop_advec_mom_kernel_x1_70	advec_mom_kernel_x1
3143	0.000193408	236236864	ops_par_loop_advec_mom_kernel_mass_flux_x_71	advec_mom_kernel_mass_flux_x
3144	0.000574371	590438520	ops_par_loop_advec_mom_kernel_post_pre_advec_x_72	advec_mom_kernel_post_pre_advec_x
3145	0.000882846	472258640	ops_par_loop_advec_mom_kernel1_x_nonvector_73	advec_mom_kernel1_x_nonvector
3146	0.000451478	590131240	ops_par_loop_advec_mom_kernel2_x_74	advec_mom_kernel2_x
3147	0.000562028	591053440	ops_par_loop_advec_mom_kernel_x1_75	advec_mom_kernel_x1
3148	0.000193578	236236864	ops_par_loop_advec_mom_kernel_mass_flux_x_76	advec_mom_kernel_mass_flux_x
3149	0.000574050	590438520	ops_par_loop_advec_mom_kernel_post_pre_advec_x_77	advec_mom_kernel_post_pre_advec_x
3150	0.000883037	472258640	ops_par_loop_advec_mom_kernel1_x_nonvector_78	advec_mom_kernel1_x_nonvector
3151	0.000449244	590131240	ops_par_loop_advec_mom_kernel2_x_79	advec_mom_kernel2_x
3152	0.000497835	472842752	ops_par_loop_advec_cell_kernel2_ydir_80	advec_cell_kernel2_ydir
3153	0.000788888	708203544	ops_par_loop_advec_cell_kernel3_ydir_81	advec_cell_kernel3_ydir
3154	0.001478898	1533542400	ops_par_loop_advec_cell_kernel4_ydir_82	advec_cell_kernel4_ydir
3155	0.000023003	553536	ops_par_loop_group_58	update_halo_kernel1_b2+update_halo_kernel4_minus_4_a
3156	0.000021651	553536	ops_par_loop_group_59	update_halo_kernel1_b1+update_halo_kernel4_minus_2_a
3157	0.000021721	369120	ops_par_loop_group_60	update_halo_kernel2_xvel_plus_4_a+update_halo_kernel2_yvel_minus_4_a+update_halo_kernel3_plus_4_a
3158	0.000021561	369120	ops_par_loop_group_61	update_halo_kernel2_xvel_plus_2_a+update_halo_kernel2_yvel_minus_2_a+update_halo_kernel3_plus_2_a
3159	0.000019417	246080	ops_par_loop_group_62	update_halo_kernel2_xvel_plus_4_b+update_halo_kernel2_yvel_minus_4_b
3160	0.000021451	369120	ops_par_loop_group_63	update_halo_kernel2_xvel_plus_2_b+update_halo_kernel2_yvel_minus_2_b+update_halo_kernel3_plus_4_b
3161	0.000021531	246080	ops_par_loop_group_64	update_halo_kernel2_xvel_minus_4_b+update_halo_kernel2_yvel_plus_4_b
3162	0.000018966	123040	ops_par_loop_update_halo_kernel3_plus_2_b_110	update_halo_kernel3_plus_2_b
3163	0.000019728	123008	ops_par_loop_update_halo_kernel3_minus_4_b_113	update_halo_kernel3_minus_4_b
3164	0.000018976	123008	ops_par_loop_update_halo_kernel4_minus_4_b_117	update_halo_kernel4_minus_4_b
3165	0.000022282	553536	ops_par_loop_group_68	update_halo_kernel1_t2+update_halo_kernel4_minus_2_b
3166	0.000020960	430528	ops_par_loop_update_halo_kernel1_t1_86	update_halo_kernel1_t1
3167	0.000027341	553536	ops_par_loop_group_70	update_halo_kernel1_l2+update_halo_kernel3_minus_4_a
3168	0.000023274	553536	ops_par_loop_group_71	update_halo_kernel1_l1+update_halo_kernel3_minus_2_a
3169	0.000025378	553536	ops_par_loop_group_72	update_halo_kernel1_r2+update_halo_kernel3_minus_2_b
3170	0.000021702	430528	ops_par_loop_update_halo_kernel1_r1_90	update_halo_kernel1_r1
3171	0.000023965	369120	ops_par_loop_group_74	update_halo_kernel2_xvel_minus_4_a+update_halo_kernel2_yvel_plus_4_a+update_halo_kernel4_plus_4_a
3172	0.000021280	369120	ops_par_loop_group_75	update_halo_kernel2_xvel_minus_2_a+update_halo_kernel2_yvel_plus_2_a+update_halo_kernel4_plus_2_a
3173	0.000023254	369120	ops_par_loop_group_76	update_halo_kernel2_xvel_minus_2_b+update_halo_kernel2_yvel_plus_2_b+update_halo_kernel4_plus_4_b
3174	0.000018565	123040	ops_par_loop_update_halo_kernel4_plus_2_b_122	update_halo_kernel4_plus_2_b
3175	0.001794738	1416561152	ops_par_loop_group_78	advec_mom_kernel_y2+reset_field_kernel1+ideal_gas_kernel
3176	0.000194449	236236864	ops_par_loop_advec_mom_kernel_mass_flux_y_124	advec_mom_kernel_mass_flux_y
3177	0.000532781	590438520	ops_par_loop_advec_mom_kernel_post_pre_advec_y_125	advec_mom_kernel_post_pre_advec_y
3178	0.000879170	472258640	ops_par_loop_advec_mom_kernel1_y_nonvector_126	advec_mom_kernel1_y_nonvector
3179	0.000453562	590131240	ops_par_loop_advec_mom_kernel2_y_127	advec_mom_kernel2_y
3180	0.000491884	472842752	ops_par_loop_advec_mom_kernel_y2_128	advec_mom_kernel_y2
3181	0.000191994	236236864	ops_par_loop_advec_mom_kernel_mass_flux_y_129	advec_mom_kernel_mass_flux_y
3182	0.000532131	590438520	ops_par_loop_advec_mom_kernel_post_pre_advec_y_130	advec_mom_kernel_post_pre_advec_y
3183	0.000876224	472258640	ops_par_loop_advec_mom_kernel1_y_nonvector_131	advec_mom_kernel1_y_nonvector
3184	0.000733783	1062236232	ops_par_loop_group_87	advec_mom_kernel2_y+reset_field_kernel2
3185	0.000022252	430304	ops_par_loop_update_halo_kernel1_b1_136	update_halo_kernel1_b1
3186	0.000020569	430304	ops_par_loop_update_halo_kernel1_t1_137	update_halo_kernel1_t1
3187	0.000023645	430304	ops_par_loop_update_halo_kernel1_l1_138	update_halo_kernel1_l1
3188	0.000024386	430304	ops_par_loop_update_halo_kernel1_r1_139	update_halo_kernel1_r1
3189	0.000019808	245952	ops_par_loop_group_92	update_halo_kernel2_xvel_plus_2_a+update_halo_kernel2_yvel_minus_2_a
3190	0.000019567	245952	ops_par_loop_group_93	update_halo_kernel2_xvel_plus_2_b+update_halo_kernel2_yvel_minus_2_b
3191	0.000021782	245952	ops_par_loop_group_94	update_halo_kernel2_xvel_minus_2_a+update_halo_kernel2_yvel_plus_2_a
3192	0.000020619	245952	ops_par_loop_group_95	update_halo_kernel2_xvel_minus_2_b+update_halo_kernel2_yvel_plus_2_b
3193	0.001736207	589885440	ops_par_loop_viscosity_kernel_148	viscosity_kernel
3194	0.000020800	430304	ops_par_loop_update_halo_kernel1_b1_149	update_halo_kernel1_b1
3195	0.000019858	430304	ops_par_loop_update_halo_kernel1_t1_150	update_halo_kernel1_t1
3196	0.000023795	430304	ops_par_loop_update_halo_kernel1_l1_151	update_halo_kernel1_l1
3197	0.000022823	430304	ops_par_loop_update_halo_kernel1_r1_152	update_halo_kernel1_r1
3198	0.000917012	1061744640	ops_par_loop_calc_dt_kernel_153	calc_dt_kernel
3199	0.001484730	1887436800	ops_par_loop_group_0	PdV_kernel_predict+ideal_gas_kernel
3200	0.000022282	430304	ops_par_loop_update_halo_kernel1_b1_2	update_halo_kernel1_b1
3201	0.000019637	430304	ops_par_loop_update_halo_kernel1_t1_3	update_halo_kernel1_t1
3202	0.000023485	430304	ops_par_loop_update_halo_kernel1_l1_4	update_halo_kernel1_l1
3203	0.000024095	430304	ops_par_loop_update_halo_kernel1_r1_5	update_halo_kernel1_r1
3204	0.001558079	1770147928	ops_par_loop_group_5	revert_kernel+accelerate_kernel
3205	0.001353500	1651507200	ops_par_loop_PdV_kernel_nopredict_8	PdV_kernel_nopredict
3206	0.000360324	471982080	ops_par_loop_flux_calc_kernelx_9	flux_calc_kernelx
3207	0.000358551	471982080	ops_par_loop_flux_calc_kernely_10	flux_calc_kernely
3208	0.000022392	553536	ops_par_loop_group_9	update_halo_kernel1_b2+update_halo_kernel4_minus_4_a
3209	0.000020519	553536	ops_par_loop_group_10	update_halo_kernel1_b1+update_halo_kernel4_minus_2_a
3210	0.000020860	369120	ops_par_loop_group_11	update_halo_kernel3_plus_4_a+update_halo_kernel2_xvel_plus_4_a+update_halo_kernel2_yvel_minus_4_a
3211	0.000020218	369120	ops_par_loop_group_12	update_halo_kernel3_plus_2_a+update_halo_kernel2_xvel_plus_2_a+update_halo_kernel2_yvel_minus_2_a
3212	0.000017904	123008	ops_par_loop_update_halo_kernel4_minus_4_b_29	update_halo_kernel4_minus_4_b
3213	0.000020829	553536	ops_par_loop_group_14	update_halo_kernel1_t2+update_halo_kernel4_minus_2_b
3214	0.000019657	430528	ops_par_loop_update_halo_kernel1_t1_14	update_halo_kernel1_t1
3215	0.000019658	246080	ops_par_loop_group_16	update_halo_kernel2_xvel_plus_4_b+update_halo_kernel2_yvel_minus_4_b
3216	0.000020168	369120	ops_par_loop_group_17	update_halo_kernel3_plus_4_b+update_halo_kernel2_xvel_plus_2_b+update_halo_kernel2_yvel_minus_2_b
3217	0.000019868	123040	ops_par_loop_update_halo_kernel3_plus_2_b_22	update_halo_kernel3_plus_2_b
3218	0.000025829	553536	ops_par_loop_group_19	update_halo_kernel1_l2+update_halo_kernel3_minus_4_a
3219	0.000024066	553536	ops_par_loop_group_20	update_halo_kernel1_l1+update_halo_kernel3_minus_2_a
3220	0.000019006	123008	ops_par_loop_update_halo_kernel3_minus_4_b_25	update_halo_kernel3_minus_4_b
3221	0.000024436	553536	ops_par_loop_group_22	update_halo_kernel1_r2+update_halo_kernel3_minus_2_b
3222	0.000021270	430528	ops_par_loop_update_halo_kernel1_r1_18	update_halo_kernel1_r1
3223	0.000023344	369120	ops_par_loop_group_24	update_halo_kernel4_plus_4_a+update_halo_kernel2_xvel_minus_4_a+update_halo_kernel2_yvel_plus_4_a
3224	0.000021541	369120	ops_par_loop_group_25	update_halo_kernel4_plus_2_a+update_halo_kernel2_xvel_minus_2_a+update_halo_kernel2_yvel_plus_2_a
3225	0.000019837	246080	ops_par_loop_group_26	update_halo_kernel2_xvel_minus_4_b+update_halo_kernel2_yvel_plus_4_b
3226	0.000022112	369120	ops_par_loop_group_27	update_halo_kernel4_plus_4_b+update_halo_kernel2_xvel_minus_2_b+update_halo_kernel2_yvel_plus_2_b
3227	0.000018224	123040	ops_par_loop_update_halo_kernel4_plus_2_b_34	update_halo_kernel4_plus_2_b
3228	0.000564141	591053440	ops_par_loop_advec_cell_kernel1_ydir_35	advec_cell_kernel1_ydir
3229	0.000788357	708203544	ops_par_loop_advec_cell_kernel3_ydir_36	advec_cell_kernel3_ydir
3230	0.001469251	1533542400	ops_par_loop_advec_cell_kernel4_ydir_37	advec_cell_kernel4_ydir
3231	0.000022252	553536	ops_par_loop_group_32	update_halo_kernel1_b2+update_halo_kernel4_minus_4_a
3232	0.000020429	553536	ops_par_loop_group_33	update_halo_kernel1_b1+update_halo_kernel4_minus_2_a
3233	0.000018084	123008	ops_par_loop_update_halo_kernel4_minus_4_b_64	update_halo_kernel4_minus_4_b
3234	0.000020068	553536	ops_par_loop_group_35	update_halo_kernel1_t2+update_halo_kernel4_minus_2_b
3235	0.000019978	430528	ops_par_loop_update_halo_kernel1_t1_41	update_halo_kernel1_t1
3236	0.000023635	430528	ops_par_loop_update_halo_kernel1_l2_42	update_halo_kernel1_l2
3237	0.000020519	430528	ops_par_loop_update_halo_kernel1_l1_43	update_halo_kernel1_l1
3238	0.000022593	430528	ops_par_loop_update_halo_kernel1_r2_44	update_halo_kernel1_r2
3239	0.000021040	430528	ops_par_loop_update_halo_kernel1_r1_45	update_halo_kernel1_r1
3240	0.000019246	123040	ops_par_loop_update_halo_kernel4_plus_4_a_66	update_halo_kernel4_plus_4_a
3241	0.000017694	123040	ops_par_loop_update_halo_kernel4_plus_2_a_67	update_halo_kernel4_plus_2_a
3242	0.000019056	123040	ops_par_loop_update_halo_kernel4_plus_4_b_68	update_halo_kernel4_plus_4_b
3243	0.000018775	123040	ops_par_loop_update_halo_kernel4_plus_2_b_69	update_halo_kernel4_plus_2_b
3244	0.000563610	591053440	ops_par_loop_advec_mom_kernel_y1_70	advec_mom_kernel_y1
3245	0.000190972	236236864	ops_par_loop_advec_mom_kernel_mass_flux_y_71	advec_mom_kernel_mass_flux_y
3246	0.000534155	590438520	ops_par_loop_advec_mom_kernel_post_pre_advec_y_72	advec_mom_kernel_post_pre_advec_y
3247	0.000878018	472258640	ops_par_loop_advec_mom_kernel1_y_nonvector_73	advec_mom_kernel1_y_nonvector
3248	0.000449964	590131240	ops_par_loop_advec_mom_kernel2_y_74	advec_mom_kernel2_y
3249	0.000561847	591053440	ops_par_loop_advec_mom_kernel_y1_75	advec_mom_kernel_y1
3250	0.000191884	236236864	ops_par_loop_advec_mom_kernel_mass_flux_y_76	advec_mom_kernel_mass_flux_y
3251	0.000533714	590438520	ops_par_loop_advec_mom_kernel_post_pre_advec_y_77	advec_mom_kernel_post_pre_advec_y
3252	0.000875613	472258640	ops_par_loop_advec_mom_kernel1_y_nonvector_78	advec_mom_kernel1_y_nonvector
3253	0.000448922	590131240	ops_par_loop_advec_mom_kernel2_y_79	advec_mom_kernel2_y
3254	0.000490191	472842752	ops_par_loop_advec_cell_kernel2_xdir_80	advec_cell_kernel2_xdir
3255	0.000772888	708203544	ops_par_loop_advec_cell_kernel3_xdir_81	advec_cell_kernel3_xdir
3256	0.001463920	1533542400	ops_par_loop_advec_cell_kernel4_xdir_82	advec_cell_kernel4_xdir
3257	0.000023284	553536	ops_par_loop_group_58	update_halo_kernel1_b2+update_halo_kernel4_minus_4_a
3258	0.000021270	553536	ops_par_loop_group_59	update_halo_kernel1_b1+update_halo_kernel4_minus_2_a
3259	0.000020870	369120	ops_par_loop_group_60	update_halo_kernel2_xvel_plus_4_a+update_halo_kernel2_yvel_minus_4_a+update_halo_kernel3_plus_4_a
3260	0.000020719	369120	ops_par_loop_group_61	update_halo_kernel2_xvel_plus_2_a+update_halo_kernel2_yvel_minus_2_a+update_halo_kernel3_plus_2_a
3261	0.000018976	246080	ops_par_loop_group_62	update_halo_kernel2_xvel_plus_4_b+update_halo_kernel2_yvel_minus_4_b
3262	0.000020930	369120	ops_par_loop_group_63	update_halo_kernel2_xvel_plus_2_b+update_halo_kernel2_yvel_minus_2_b+update_halo_kernel3_plus_4_b
3263	0.000021841	246080	ops_par_loop_group_64	update_halo_kernel2_xvel_minus_4_b+update_halo_kernel2_yvel_plus_4_b
3264	0.000019136	123040	ops_par_loop_update_halo_kernel3_plus_2_b_110	update_halo_kernel3_plus_2_b
3265	0.000019287	123008	ops_par_loop_update_halo_kernel3_minus_4_b_113	update_halo_kernel3_minus_4_b
3266	0.000017894	123008	ops_par_loop_update_halo_kernel4_minus_4_b_117	update_halo_kernel4_minus_4_b
3267	0.000020028	553536	ops_par_loop_group_68	update_halo_kernel1_t2+update_halo_kernel4_minus_2_b
3268	0.000019637	430528	ops_par_loop_update_halo_kernel1_t1_86	update_halo_kernel1_t1
3269	0.000025188	553536	ops_par_loop_group_70	update_halo_kernel1_l2+update_halo_kernel3_minus_4_a
3270	0.000022222	553536	ops_par_loop_group_71	update_halo_kernel1_l1+update_halo_kernel3_minus_2_a
3271	0.000025468	553536	ops_par_loop_group_72	update_halo_kernel1_r2+update_halo_kernel3_minus_2_b
3272	0.000020650	430528	ops_par_loop_update_halo_kernel1_r1_90	update_halo_kernel1_r1
3273	0.000023354	369120	ops_par_loop_group_74	update_halo_kernel2_xvel_minus_4_a+update_halo_kernel2_yvel_plus_4_a+update_halo_kernel4_plus_4_a
3274	0.000021161	369120	ops_par_loop_group_75	update_halo_kernel2_xvel_minus_2_a+update_halo_kernel2_yvel_plus_2_a+update_halo_kernel4_plus_2_a
3275	0.000022493	369120	ops_par_loop_group_76	update_halo_kernel2_xvel_minus_2_b+update_halo_kernel2_yvel_plus_2_b+update_halo_kernel4_plus_4_b
3276	0.000018345	123040	ops_par_loop_update_halo_kernel4_plus_2_b_122	update_halo_kernel4_plus_2_b
3277	0.001778167	1416561152	ops_par_loop_group_78	advec_mom_kernel_x2+reset_field_kernel1+ideal_gas_kernel
3278	0.000196763	236236864	ops_par_loop_advec_mom_kernel_mass_flux_x_124	advec_mom_kernel_mass_flux_x
3279	0.000571625	590438520	ops_par_loop_advec_mom_kernel_post_pre_advec_x_125	advec_mom_kernel_post_pre_advec_x
3280	0.000883257	472258640	ops_par_loop_advec_mom_kernel1_x_nonvector_126	advec_mom_kernel1_x_nonvector
3281	0.000449263	590131240	ops_par_loop_advec_mom_kernel2_x_127	advec_mom_kernel2_x
3282	0.000497655	472842752	ops_par_loop_advec_mom_kernel_x2_128	advec_mom_kernel_x2
3283	0.000195081	236236864	ops_par_loop_advec_mom_kernel_mass_flux_x_129	advec_mom_kernel_mass_flux_x
3284	0.000572767	590438520	ops_par_loop_advec_mom_kernel_post_pre_advec_x_130	advec_mom_kernel_post_pre_advec_x
3285	0.000882907	472258640	ops_par_loop_advec_mom_kernel1_x_nonvector_131	advec_mom_kernel1_x_nonvector
3286	0.000730417	1062236232	ops_par_loop_group_87	advec_mom_kernel2_x+reset_field_kernel2
3287	0.000021621	430304	ops_par_loop_update_halo_kernel1_b1_136	update_halo_kernel1_b1
3288	0.000019948	430304	ops_par_loop_update_halo_kernel1_t1_137	update_halo_kernel1_t1
3289	0.000023524	430304	ops_par_loop_update_halo_kernel1_l1_138	update_halo_kernel1_l1
3290	0.000023695	430304	ops_par_loop_update_halo_kernel1_r1_139	update_halo_kernel1_r1
3291	0.000019466	245952	ops_par_loop_group_92	update_halo_kernel2_xvel_plus_2_a+update_halo_kernel2_yvel_minus_2_a
3292	0.000019427	245952	ops_par_loop_group_93	update_halo_kernel2_xvel_plus_2_b+update_halo_kernel2_yvel_minus_2_b
3293	0.000020259	245952	ops_par_loop_group_94	update_halo_kernel2_xvel_minus_2_a+update_halo_kernel2_yvel_plus_2_a
3294	0.000021050	245952	ops_par_loop_group_95	update_halo_kernel2_xvel_minus_2_b+update_halo_kernel2_yvel_plus_2_b
3295	0.001734914	589885440	ops_par_loop_viscosity_kernel_148	viscosity_kernel
3296	0.000021991	430304	ops_par_loop_update_halo_kernel1_b1_149	update_halo_kernel1_b1
3297	0.000021110	430304	ops_par_loop_update_halo_kernel1_t1_150	update_halo_kernel1_t1
3298	0.000025659	430304	ops_par_loop_update_halo_kernel1_l1_151	update_halo_kernel1_l1
3299	0.000024336	430304	ops_par_loop_update_halo_kernel1_r1_152	update_halo_kernel1_r1
3300	0.000917803	1061744640	ops_par_loop_calc_dt_kernel_153	calc_dt_kernel
3301	0.001483948	1887436800	ops_par_loop_group_0	PdV_kernel_predict+ideal_gas_kernel
3302	0.000022082	430304	ops_par_loop_update_halo_kernel1_b1_2	update_halo_kernel1_b1
3303	0.000019988	430304	ops_par_loop_update_halo_kernel1_t1_3	update_halo_kernel1_t1
3304	0.000024406	430304	ops_par_loop_update_halo_kernel1_l1_4	update_halo_kernel1_l1
3305	0.000023585	430304	ops_par_loop_update_halo_kernel1_r1_5	update_halo_kernel1_r1
3306	0.001558189	1770147928	ops_par_loop_group_5	revert_kernel+accelerate_kernel
3307	0.001357509	1651507200	ops_par_loop_PdV_kernel_nopredict_8	PdV_kernel_nopredict
3308	0.000364863	471982080	ops_par_loop_flux_calc_kernelx_9	flux_calc_kernelx
3309	0.000358361	471982080	ops_par_loop_flux_calc_kernely_10	flux_calc_kernely
3310	0.000021731	553536	ops_par_loop_group_9	update_halo_kernel1_b2+update_halo_kernel4_minus_4_a
3311	0.000021140	553536	ops_par_loop_group_10	update_halo_kernel1_b1+update_halo_kernel4_minus_2_a
3312	0.000022162	369120	ops_par_loop_group_11	update_halo_kernel3_plus_4_a+update_halo_kernel2_xvel_plus_4_a+update_halo_kernel2_yvel_minus_4_a
3313	0.000020930	369120	ops_par_loop_group_12	update_halo_kernel3_plus_2_a+update_halo_kernel2_xvel_plus_2_a+update_halo_kernel2_yvel_minus_2_a
3314	0.000018575	123008	ops_par_loop_update_halo_kernel4_minus_4_b_29	update_halo_kernel4_minus_4_b
3315	0.000020870	553536	ops_par_loop_group_14	update_halo_kernel1_t2+update_halo_kernel4_minus_2_b
3316	0.000020098	430528	ops_par_loop_update_halo_kernel1_t1_14	update_halo_kernel1_t1
3317	0.000019517	246080	ops_par_loop_group_16	update_halo_kernel2_xvel_plus_4_b+update_halo_kernel2_yvel_minus_4_b
3318	0.000020549	369120	ops_par_loop_group_17	update_halo_kernel3_plus_4_b+update_halo_kernel2_xvel_plus_2_b+update_halo_kernel2_yvel_minus_2_b
3319	0.000018856	123040	ops_par_loop_update_halo_kernel3_plus_2_b_22	update_halo_kernel3_plus_2_b
3320	0.000026160	553536	ops_par_loop_group_19	update_halo_kernel1_l2+update_halo_kernel3_minus_4_a
3321	0.000022653	553536	ops_par_loop_group_20	update_halo_kernel1_l1+update_halo_kernel3_minus_2_a
3322	0.000018775	123008	ops_par_loop_update_halo_kernel3_minus_4_b_25	update_halo_kernel3_minus_4_b
3323	0.000023855	553536	ops_par_loop_group_22	update_halo_kernel1_r2+update_halo_kernel3_minus_2_b
3324	0.000020990	430528	ops_par_loop_update_halo_kernel1_r1_18	update_halo_kernel1_r1
3325	0.000023434	369120	ops_par_loop_group_24	update_halo_kernel4_plus_4_a+update_halo_kernel2_xvel_minus_4_a+update_halo_kernel2_yvel_plus_4_a
3326	0.000021511	369120	ops_par_loop_group_25	update_halo_kernel4_plus_2_a+update_halo_kernel2_xvel_minus_2_a+update_halo_kernel2_yvel_plus_2_a
3327	0.000020599	246080	ops_par_loop_group_26	update_halo_kernel2_xvel_minus_4_b+update_halo_kernel2_yvel_plus_4_b
3328	0.000022423	369120	ops_par_loop_group_27	update_halo_kernel4_plus_4_b+update_halo_kernel2_xvel_minus_2_b+update_halo_kernel2_yvel_plus_2_b
3329	0.000018044	123040	ops_par_loop_update_halo_kernel4_plus_2_b_34	update_halo_kernel4_plus_2_b
3330	0.000562238	591053440	ops_par_loop_advec_cell_kernel1_xdir_35	advec_cell_kernel1_xdir
3331	0.000772266	708203544	ops_par_loop_advec_cell_kernel3_xdir_36	advec_cell_kernel3_xdir
3332	0.001461876	1533542400	ops_par_loop_advec_cell_kernel4_xdir_37	advec_cell_kernel4_xdir
3333	0.000022172	430528	ops_par_loop_update_halo_kernel1_b2_38	update_halo_kernel1_b2
3334	0.000020149	430528	ops_par_loop_update_halo_kernel1_b1_39	update_halo_kernel1_b1
3335	0.000021010	430528	ops_par_loop_update_halo_kernel1_t2_40	update_halo_kernel1_t2
3336	0.000019627	430528	ops_par_loop_update_halo_kernel1_t1_41	update_halo_kernel1_t1
3337	0.000017984	123040	ops_par_loop_update_halo_kernel3_plus_4_a_62	update_halo_kernel3_plus_4_a
3338	0.000017814	123040	ops_par_loop_update_halo_kernel3_plus_2_a_63	update_halo_kernel3_plus_2_a
3339	0.000018335	123040	ops_par_loop_update_halo_kernel3_plus_4_b_64	update_halo_kernel3_plus_4_b
3340	0.000018295	123040	ops_par_loop_update_halo_kernel3_plus_2_b_65	update_halo_kernel3_plus_2_b
3341	0.000026120	553536	ops_par_loop_group_40	update_halo_kernel1_l2+update_halo_kernel3_minus_4_a
3342	0.000023926	553536	ops_par_loop_group_41	update_halo_kernel1_l1+update_halo_kernel3_minus_2_a
3343	0.000018836	123008	ops_par_loop_update_halo_kernel3_minus_4_b_68	update_halo_kernel3_minus_4_b
3344	0.000024687	553536	ops_par_loop_group_43	update_halo_kernel1_r2+update_halo_kernel3_minus_2_b
3345	0.000021782	430528	ops_par_loop_update_halo_kernel1_r1_45	update_halo_kernel1_r1
3346	0.000564512	591053440	ops_par_loop_advec_mom_kernel_x1_70	advec_mom_kernel_x1
3347	0.000193818	236236864	ops_par_loop_advec_mom_kernel_mass_flux_x_71	advec_mom_kernel_mass_flux_x
3348	0.000571996	590438520	ops_par_loop_advec_mom_kernel_post_pre_advec_x_72	advec_mom_kernel_post_pre_advec_x
3349	0.000882416	472258640	ops_par_loop_advec_mom_kernel1_x_nonvector_73	advec_mom_kernel1_x_nonvector
3350	0.000448331	590131240	ops_par_loop_advec_mom_kernel2_x_74	advec_mom_kernel2_x
3351	0.000562568	591053440	ops_par_loop_advec_mom_kernel_x1_75	advec_mom_kernel_x1
3352	0.000193458	236236864	ops_par_loop_advec_mom_kernel_mass_flux_x_76	advec_mom_kernel_mass_flux_x
3353	0.000575593	590438520	ops_par_loop_advec_mom_kernel_post_pre_advec_x_77	advec_mom_kernel_post_pre_advec_x
3354	0.000883317	472258640	ops_par_loop_advec_mom_kernel1_x_nonvector_78	advec_mom_kernel1_x_nonvector
3355	0.000450956	590131240	ops_par_loop_advec_mom_kernel2_x_79	advec_mom_kernel2_x
3356	0.000498396	472842752	ops_par_loop_advec_cell_kernel2_ydir_80	advec_cell_kernel2_ydir
3357	0.000789038	708203544	ops_par_loop_advec_cell_kernel3_ydir_81	advec_cell_kernel3_ydir
3358	0.001478277	1533542400	ops_par_loop_advec_cell_kernel4_ydir_82	advec_cell_kernel4_ydir
3359	0.000027201	553536	ops_par_loop_group_58	update_halo_kernel1_b2+update_halo_kernel4_minus_4_a
3360	0.000022242	553536	ops_par_loop_group_59	update_halo_kernel1_b1+update_halo_kernel4_minus_2_a
3361	0.000020919	369120	ops_par_loop_group_60	update_halo_kernel2_xvel_plus_4_a+update_halo_kernel2_yvel_minus_4_a+update_halo_kernel3_plus_4_a
3362	0.000020319	369120	ops_par_loop_group_61	update_halo_kernel2_xvel_plus_2_a+update_halo_kernel2_yvel_minus_2_a+update_halo_kernel3_plus_2_a
3363	0.000019988	246080	ops_par_loop_group_62	update_halo_kernel2_xvel_plus_4_b+update_halo_kernel2_yvel_minus_4_b
3364	0.000021310	369120	ops_par_loop_group_63	update_halo_kernel2_xvel_plus_2_b+update_halo_kernel2_yvel_minus_2_b+update_halo_kernel3_plus_4_b
3365	0.000021351	246080	ops_par_loop_group_64	update_halo_kernel2_xvel_minus_4_b+update_halo_kernel2_yvel_plus_4_b
3366	0.000019517	123040	ops_par_loop_update_halo_kernel3_plus_2_b_110	update_halo_kernel3_plus_2_b
3367	0.000019557	123008	ops_par_loop_update_halo_kernel3_minus_4_b_113	update_halo_kernel3_minus_4_b
3368	0.000018194	123008	ops_par_loop_update_halo_kernel4_minus_4_b_117	update_halo_kernel4_minus_4_b
3369	0.000020749	553536	ops_par_loop_group_68	update_halo_kernel1_t2+update_halo_kernel4_minus_2_b
3370	0.000019647	430528	ops_par_loop_update_halo_kernel1_t1_86	update_halo_kernel1_t1
3371	0.000026451	553536	ops_par_loop_group_70	update_halo_kernel1_l2+update_halo_kernel3_minus_4_a
3372	0.000022863	553536	ops_par_loop_group_71	update_halo_kernel1_l1+update_halo_kernel3_minus_2_a
3373	0.000024517	553536	ops_par_loop_group_72	update_halo_kernel1_r2+update_halo_kernel3_minus_2_b
3374	0.000021511	430528	ops_par_loop_update_halo_kernel1_r1_90	update_halo_kernel1_r1
3375	0.000024236	369120	ops_par_loop_group_74	update_halo_kernel2_xvel_minus_4_a+update_halo_kernel2_yvel_plus_4_a+update_halo_kernel4_plus_4_a
3376	0.000021260	369120	ops_par_loop_group_75	update_halo_kernel2_xvel_minus_2_a+update_halo_kernel2_yvel_plus_2_a+update_halo_kernel4_plus_2_a
3377	0.000021812	369120	ops_par_loop_group_76	update_halo_kernel2_xvel_minus_2_b+update_halo_kernel2_yvel_plus_2_b+update_halo_kernel4_plus_4_b
3378	0.000018715	123040	ops_par_loop_update_halo_kernel4_plus_2_b_122	update_halo_kernel4_plus_2_b
3379	0.001772927	1416561152	ops_par_loop_group_78	advec_mom_kernel_y2+reset_field_kernel1+ideal_gas_kernel
3380	0.000195301	236236864	ops_par_loop_advec_mom_kernel_mass_flux_y_124	advec_mom_kernel_mass_flux_y
3381	0.000532622	590438520	ops_par_loop_advec_mom_kernel_post_pre_advec_y_125	advec_mom_kernel_post_pre_advec_y
3382	0.000878638	472258640	ops_par_loop_advec_mom_kernel1_y_nonvector_126	advec_mom_kernel1_y_nonvector
3383	0.000444344	590131240	ops_par_loop_advec_mom_kernel2_y_127	advec_mom_kernel2_y
3384	0.000493127	472842752	ops_par_loop_advec_mom_kernel_y2_128	advec_mom_kernel_y2
3385	0.000192566	236236864	ops_par_loop_advec_mom_kernel_mass_flux_y_129	advec_mom_kernel_mass_flux_y
3386	0.000531770	590438520	ops_par_loop_advec_mom_kernel_post_pre_advec_y_130	advec_mom_kernel_post_pre_advec_y
3387	0.000876936	472258640	ops_par_loop_advec_mom_kernel1_y_nonvector_131	advec_mom_kernel1_y_nonvector
3388	0.000730367	1062236232	ops_par_loop_group_87	advec_mom_kernel2_y+reset_field_kernel2
3389	0.000021932	430304	ops_par_loop_update_halo_kernel1_b1_136	update_halo_kernel1_b1
3390	0.000019808	430304	ops_par_loop_update_halo_kernel1_t1_137	update_halo_kernel1_t1
3391	0.000025308	430304	ops_par_loop_update_halo_kernel1_l1_138	update_halo_kernel1_l1
3392	0.000024136	430304	ops_par_loop_update_halo_kernel1_r1_139	update_halo_kernel1_r1
3393	0.000019296	245952	ops_par_loop_group_92	update_halo_kernel2_xvel_plus_2_a+update_halo_kernel2_yvel_minus_2_a
3394	0.000019156	245952	ops_par_loop_group_93	update_halo_kernel2_xvel_plus_2_b+update_halo_kernel2_yvel_minus_2_b
3395	0.000020479	245952	ops_par_loop_group_94	update_halo_kernel2_xvel_minus_2_a+update_halo_kernel2_yvel_plus_2_a
3396	0.000020950	245952	ops_par_loop_group_95	update_halo_kernel2_xvel_minus_2_b+update_halo_kernel2_yvel_plus_2_b
3397	0.001734624	589885440	ops_par_loop_viscosity_kernel_148	viscosity_kernel
3398	0.000021571	430304	ops_par_loop_update_halo_kernel1_b1_149	update_halo_kernel1_b1
3399	0.000021130	430304	ops_par_loop_update_halo_kernel1_t1_150	update_halo_kernel1_t1
3400	0.000024787	430304	ops_par_loop_update_halo_kernel1_l1_151	update_halo_kernel1_l1
3401	0.000024467	430304	ops_par_loop_update_halo_kernel1_r1_152	update_halo_kernel1_r1
3402	0.000918133	1061744640	ops_par_loop_calc_dt_kernel_153	calc_dt_kernel
3403	0.001488046	1887436800	ops_par_loop_group_0	PdV_kernel_predict+ideal_gas_kernel
3404	0.000022643	430304	ops_par_loop_update_halo_kernel1_b1_2	update_halo_kernel1_b1
3405	0.000020549	430304	ops_par_loop_update_halo_kernel1_t1_3	update_halo_kernel1_t1
3406	0.000023345	430304	ops_par_loop_update_halo_kernel1_l1_4	update_halo_kernel1_l1
3407	0.000024186	430304	ops_par_loop_update_halo_kernel1_r1_5	update_halo_kernel1_r1
3408	0.001556405	1770147928	ops_par_loop_group_5	revert_kernel+accelerate_kernel
3409	0.001357869	1651507200	ops_par_loop_PdV_kernel_nopredict_8	PdV_kernel_nopredict
3410	0.000361196	471982080	ops_par_loop_flux_calc_kernelx_9	flux_calc_kernelx
3411	0.000356827	471982080	ops_par_loop_flux_calc_kernely_10	flux_calc_kernely
3412	0.000023244	553536	ops_par_loop_group_9	update_halo_kernel1_b2+update_halo_kernel4_minus_4_a
3413	0.000020419	553536	ops_par_loop_group_10	update_halo_kernel1_b1+update_halo_kernel4_minus_2_a
3414	0.000023756	369120	ops_par_loop_group_11	update_halo_kernel3_plus_4_a+update_halo_kernel2_xvel_plus_4_a+update_halo_kernel2_yvel_minus_4_a
3415	0.000021350	369120	ops_par_loop_group_12	update_halo_kernel3_plus_2_a+update_halo_kernel2_xvel_plus_2_a+update_halo_kernel2_yvel_minus_2_a
3416	0.000018135	123008	ops_par_loop_update_halo_kernel4_minus_4_b_29	update_halo_kernel4_minus_4_b
3417	0.000021480	553536	ops_par_loop_group_14	update_halo_kernel1_t2+update_halo_kernel4_minus_2_b
3418	0.000019688	430528	ops_par_loop_update_halo_kernel1_t1_14	update_halo_kernel1_t1
3419	0.000019828	246080	ops_par_loop_group_16	update_halo_kernel2_xvel_plus_4_b+update_halo_kernel2_yvel_minus_4_b
3420	0.000020980	369120	ops_par_loop_group_17	update_halo_kernel3_plus_4_b+update_halo_kernel2_xvel_plus_2_b+update_halo_kernel2_yvel_minus_2_b
3421	0.000018745	123040	ops_par_loop_update_halo_kernel3_plus_2_b_22	update_halo_kernel3_plus_2_b
3422	0.000025719	553536	ops_par_loop_group_19	update_halo_kernel1_l2+update_halo_kernel3_minus_4_a
3423	0.000023365	553536	ops_par_loop_group_20	update_halo_kernel1_l1+update_halo_kernel3_minus_2_a
3424	0.000018796	123008	ops_par_loop_update_halo_kernel3_minus_4_b_25	update_halo_kernel3_minus_4_b
3425	0.000024256	553536	ops_par_loop_group_22	update_halo_kernel1_r2+update_halo_kernel3_minus_2_b
3426	0.000020689	430528	ops_par_loop_update_halo_kernel1_r1_18	update_halo_kernel1_r1
3427	0.000023434	369120	ops_par_loop_group_24	update_halo_kernel4_plus_4_a+update_halo_kernel2_xvel_minus_4_a+update_halo_kernel2_yvel_plus_4_a
3428	0.000021711	369120	ops_par_loop_group_25	update_halo_kernel4_plus_2_a+update_halo_kernel2_xvel_minus_2_a+update_halo_kernel2_yvel_plus_2_a
3429	0.000021010	246080	ops_par_loop_group_26	update_halo_kernel2_xvel_minus_4_b+update_halo_kernel2_yvel_plus_4_b
3430	0.000022152	369120	ops_par_loop_group_27	update_halo_kernel4_plus_4_b+update_halo_kernel2_xvel_minus_2_b+update_halo_kernel2_yvel_plus_2_b
3431	0.000018545	123040	ops_par_loop_update_halo_kernel4_plus_2_b_34	update_halo_kernel4_plus_2_b
3432	0.000562207	591053440	ops_par_loop_advec_cell_kernel1_ydir_35	advec_cell_kernel1_ydir
3433	0.000789379	708203544	ops_par_loop_advec_cell_kernel3_ydir_36	advec_cell_kernel3_ydir
3434	0.001468579	1533542400	ops_par_loop_advec_cell_kernel4_ydir_37	advec_cell_kernel4_ydir
3435	0.000022803	553536	ops_par_loop_group_32	update_halo_kernel1_b2+update_halo_kernel4_minus_4_a
3436	0.000021421	553536	ops_par_loop_group_33	update_halo_kernel1_b1+update_halo_kernel4_minus_2_a
3437	0.000018656	123008	ops_par_loop_update_halo_kernel4_minus_4_b_64	update_halo_kernel4_minus_4_b
3438	0.000020228	553536	ops_par_loop_group_35	update_halo_kernel1_t2+update_halo_kernel4_minus_2_b
3439	0.000020368	430528	ops_par_loop_update_halo_kernel1_t1_41	update_halo_kernel1_t1
3440	0.000023725	430528	ops_par_loop_update_halo_kernel1_l2_42	update_halo_kernel1_l2
3441	0.000021330	430528	ops_par_loop_update_halo_kernel1_l1_43	update_halo_kernel1_l1
3442	0.000022964	430528	ops_par_loop_update_halo_kernel1_r2_44	update_halo_kernel1_r2
3443	0.000022173	430528	ops_par_loop_update_halo_kernel1_r1_45	update_halo_kernel1_r1
3444	0.000019597	123040	ops_par_loop_update_halo_kernel4_plus_4_a_66	update_halo_kernel4_plus_4_a
3445	0.000018866	123040	ops_par_loop_update_halo_kernel4_plus_2_a_67	update_halo_kernel4_plus_2_a
3446	0.000018655	123040	ops_par_loop_update_halo_kernel4_plus_4_b_68	update_halo_kernel4_plus_4_b
3447	0.000018175	123040	ops_par_loop_update_halo_kernel4_plus_2_b_69	update_halo_kernel4_plus_2_b
3448	0.000562027	591053440	ops_par_loop_advec_mom_kernel_y1_70	advec_mom_kernel_y1
3449	0.000191584	236236864	ops_par_loop_advec_mom_kernel_mass_flux_y_71	advec_mom_kernel_mass_flux_y
3450	0.000534485	590438520	ops_par_loop_advec_mom_kernel_post_pre_advec_y_72	advec_mom_kernel_post_pre_advec_y
3451	0.000878789	472258640	ops_par_loop_advec_mom_kernel1_y_nonvector_73	advec_mom_kernel1_y_nonvector
3452	0.000444143	590131240	ops_par_loop_advec_mom_kernel2_y_74	advec_mom_kernel2_y
3453	0.000560294	591053440	ops_par_loop_advec_mom_kernel_y1_75	advec_mom_kernel_y1
3454	0.000191804	236236864	ops_par_loop_advec_mom_kernel_mass_flux_y_76	advec_mom_kernel_mass_flux_y
3455	0.000532752	590438520	ops_par_loop_advec_mom_kernel_post_pre_advec_y_77	advec_mom_kernel_post_pre_advec_y
3456	0.000875482	472258640	ops_par_loop_advec_mom_kernel1_y_nonvector_78	advec_mom_kernel1_y_nonvector
3457	0.000457790	590131240	ops_par_loop_advec_mom_kernel2_y_79	advec_mom_kernel2_y
3458	0.000514417	472842752	ops_par_loop_advec_cell_kernel2_xdir_80	advec_cell_kernel2_xdir
3459	0.000773388	708203544	ops_par_loop_advec_cell_kernel3_xdir_81	advec_cell_kernel3_xdir
3460	0.001458079	1533542400	ops_par_loop_advec_cell_kernel4_xdir_82	advec_cell_kernel4_xdir
3461	0.000022422	553536	ops_par_loop_group_58	update_halo_kernel1_b2+update_halo_kernel4_minus_4_a
3462	0.000021321	553536	ops_par_loop_group_59	update_halo_kernel1_b1+update_halo_kernel4_minus_2_a
3463	0.000021571	369120	ops_par_loop_group_60	update_halo_kernel2_xvel_plus_4_a+update_halo_kernel2_yvel_minus_4_a+update_halo_kernel3_plus_4_a
3464	0.000020619	369120	ops_par_loop_group_61	update_halo_kernel2_xvel_plus_2_a+update_halo_kernel2_yvel_minus_2_a+update_halo_kernel3_plus_2_a
3465	0.000019227	246080	ops_par_loop_group_62	update_halo_kernel2_xvel_plus_4_b+update_halo_kernel2_yvel_minus_4_b
3466	0.000020159	369120	ops_par_loop_group_63	update_halo_kernel2_xvel_plus_2_b+update_halo_kernel2_yvel_minus_2_b+update_halo_kernel3_plus_4_b
3467	0.000021341	246080	ops_par_loop_group_64	update_halo_kernel2_xvel_minus_4_b+update_halo_kernel2_yvel_plus_4_b
3468	0.000022363	123040	ops_par_loop_update_halo_kernel3_plus_2_b_110	update_halo_kernel3_plus_2_b
3469	0.000020419	123008	ops_par_loop_update_halo_kernel3_minus_4_b_113	update_halo_kernel3_minus_4_b
3470	0.000017844	123008	ops_par_loop_update_halo_kernel4_minus_4_b_117	update_halo_kernel4_minus_4_b
3471	0.000020810	553536	ops_par_loop_group_68	update_halo_kernel1_t2+update_halo_kernel4_minus_2_b
3472	0.000019798	430528	ops_par_loop_update_halo_kernel1_t1_86	update_halo_kernel1_t1
3473	0.000025699	553536	ops_par_loop_group_70	update_halo_kernel1_l2+update_halo_kernel3_minus_4_a
3474	0.000022833	553536	ops_par_loop_group_71	update_halo_kernel1_l1+update_halo_kernel3_minus_2_a
3475	0.000024577	553536	ops_par_loop_group_72	update_halo_kernel1_r2+update_halo_kernel3_minus_2_b
3476	0.000021270	430528	ops_par_loop_update_halo_kernel1_r1_90	update_halo_kernel1_r1
3477	0.000023164	369120	ops_par_loop_group_74	update_halo_kernel2_xvel_minus_4_a+update_halo_kernel2_yvel_plus_4_a+update_halo_kernel4_plus_4_a
3478	0.000021822	369120	ops_par_loop_group_75	update_halo_kernel2_xvel_minus_2_a+update_halo_kernel2_yvel_plus_2_a+update_halo_kernel4_plus_2_a
3479	0.000022743	369120	ops_par_loop_group_76	update_halo_kernel2_xvel_minus_2_b+update_halo_kernel2_yvel_plus_2_b+update_halo_kernel4_plus_4_b
3480	0.000018435	123040	ops_par_loop_update_halo_kernel4_plus_2_b_122	update_halo_kernel4_plus_2_b
3481	0.001795830	1416561152	ops_par_loop_group_78	advec_mom_kernel_x2+reset_field_kernel1+ideal_gas_kernel
3482	0.000196654	236236864	ops_par_loop_advec_mom_kernel_mass_flux_x_124	advec_mom_kernel_mass_flux_x
3483	0.000577266	590438520	ops_par_loop_advec_mom_kernel_post_pre_advec_x_125	advec_mom_kernel_post_pre_advec_x
3484	0.000883358	472258640	ops_par_loop_advec_mom_kernel1_x_nonvector_126	advec_mom_kernel1_x_nonvector
3485	0.000445146	590131240	ops_par_loop_advec_mom_kernel2_x_127	advec_mom_kernel2_x
3486	0.000499198	472842752	ops_par_loop_advec_mom_kernel_x2_128	advec_mom_kernel_x2
3487	0.000195551	236236864	ops_par_loop_advec_mom_kernel_mass_flux_x_129	advec_mom_kernel_mass_flux_x
3488	0.000574421	590438520	ops_par_loop_advec_mom_kernel_post_pre_advec_x_130	advec_mom_kernel_post_pre_advec_x
3489	0.000883748	472258640	ops_par_loop_advec_mom_kernel1_x_nonvector_131	advec_mom_kernel1_x_nonvector
3490	0.000730487	1062236232	ops_par_loop_group_87	advec_mom_kernel2_x+reset_field_kernel2
3491	0.000022042	430304	ops_par_loop_update_halo_kernel1_b1_136	update_halo_kernel1_b1
3492	0.000020309	430304	ops_par_loop_update_halo_kernel1_t1_137	update_halo_kernel1_t1
3493	0.000023594	430304	ops_par_loop_update_halo_kernel1_l1_138	update_halo_kernel1_l1
3494	0.000023615	430304	ops_par_loop_update_halo_kernel1_r1_139	update_halo_kernel1_r1
3495	0.000019697	245952	ops_par_loop_group_92	update_halo_kernel2_xvel_plus_2_a+update_halo_kernel2_yvel_minus_2_a
3496	0.000019507	245952	ops_par_loop_group_93	update_halo_kernel2_xvel_plus_2_b+update_halo_kernel2_yvel_minus_2_b
3497	0.000020829	245952	ops_par_loop_group_94	update_halo_kernel2_xvel_minus_2_a+update_halo_kernel2_yvel_plus_2_a
3498	0.000021551	245952	ops_par_loop_group_95	update_halo_kernel2_xvel_minus_2_b+update_halo_kernel2_yvel_plus_2_b
3499	0.001734243	589885440	ops_par_loop_viscosity_kernel_148	viscosity_kernel
3500	0.000022173	430304	ops_par_loop_update_halo_kernel1_b1_149	update_halo_kernel1_b1
3501	0.000020600	430304	ops_par_loop_update_halo_kernel1_t1_150	update_halo_kernel1_t1
3502	0.000024166	430304	ops_par_loop_update_halo_kernel1_l1_151	update_halo_kernel1_l1
3503	0.000023254	430304	ops_par_loop_update_halo_kernel1_r1_152	update_halo_kernel1_r1
3504	0.000916811	1061744640	ops_par_loop_calc_dt_kernel_153	calc_dt_kernel
3505	0.001489949	1887436800	ops_par_loop_group_0	PdV_kernel_predict+ideal_gas_kernel
3506	0.000022633	430304	ops_par_loop_update_halo_kernel1_b1_2	update_halo_kernel1_b1
3507	0.000019878	430304	ops_par_loop_update_halo_kernel1_t1_3	update_halo_kernel1_t1
3508	0.000023845	430304	ops_par_loop_update_halo_kernel1_l1_4	update_halo_kernel1_l1
3509	0.000023425	430304	ops_par_loop_update_halo_kernel1_r1_5	update_halo_kernel1_r1
3510	0.001560233	1770147928	ops_par_loop_group_5	revert_kernel+accelerate_kernel
3511	0.001351506	1651507200	ops_par_loop_PdV_kernel_nopredict_8	PdV_kernel_nopredict
3512	0.000361617	471982080	ops_par_loop_flux_calc_kernelx_9	flux_calc_kernelx
3513	0.000357880	471982080	ops_par_loop_flux_calc_kernely_10	flux_calc_kernely
3514	0.000021842	553536	ops_par_loop_group_9	update_halo_kernel1_b2+update_halo_kernel4_minus_4_a
3515	0.000021641	553536	ops_par_loop_group_10	update_halo_kernel1_b1+update_halo_kernel4_minus_2_a
3516	0.000020839	369120	ops_par_loop_group_11	update_halo_kernel3_plus_4_a+update_halo_kernel2_xvel_plus_4_a+update_halo_kernel2_yvel_minus_4_a
3517	0.000020529	369120	ops_par_loop_group_12	update_halo_kernel3_plus_2_a+update_halo_kernel2_xvel_plus_2_a+update_halo_kernel2_yvel_minus_2_a
3518	0.000018735	123008	ops_par_loop_update_halo_kernel4_minus_4_b_29	update_halo_kernel4_minus_4_b
3519	0.000020319	553536	ops_par_loop_group_14	update_halo_kernel1_t2+update_halo_kernel4_minus_2_b
3520	0.000020128	430528	ops_par_loop_update_halo_kernel1_t1_14	update_halo_kernel1_t1
3521	0.000019306	246080	ops_par_loop_group_16	update_halo_kernel2_xvel_plus_4_b+update_halo_kernel2_yvel_minus_4_b
3522	0.000020329	369120	ops_par_loop_group_17	update_halo_kernel3_plus_4_b+update_halo_kernel2_xvel_plus_2_b+update_halo_kernel2_yvel_minus_2_b
3523	0.000019046	123040	ops_par_loop_update_halo_kernel3_plus_2_b_22	update_halo_kernel3_plus_2_b
3524	0.000025990	553536	ops_par_loop_group_19	update_halo_kernel1_l2+update_halo_kernel3_minus_4_a
3525	0.000023154	553536	ops_par_loop_group_20	update_halo_kernel1_l1+update_halo_kernel3_minus_2_a
3526	0.000018956	123008	ops_par_loop_update_halo_kernel3_minus_4_b_25	update_halo_kernel3_minus_4_b
3527	0.000023816	553536	ops_par_loop_group_22	update_halo_kernel1_r2+update_halo_kernel3_minus_2_b
3528	0.000021030	430528	ops_par_loop_update_halo_kernel1_r1_18	update_halo_kernel1_r1
3529	0.000023064	369120	ops_par_loop_group_24	update_halo_kernel4_plus_4_a+update_halo_kernel2_xvel_minus_4_a+update_halo_kernel2_yvel_plus_4_a
3530	0.000021571	369120	ops_par_loop_group_25	update_halo_kernel4_plus_2_a+update_halo_kernel2_xvel_minus_2_a+update_halo_kernel2_yvel_plus_2_a
3531	0.000020589	246080	ops_par_loop_group_26	update_halo_kernel2_xvel_minus_4_b+update_halo_kernel2_yvel_plus_4_b
3532	0.000021951	369120	ops_par_loop_group_27	update_halo_kernel4_plus_4_b+update_halo_kernel2_xvel_minus_2_b+update_halo_kernel2_yvel_plus_2_b
3533	0.000018525	123040	ops_par_loop_update_halo_kernel4_plus_2_b_34	update_halo_kernel4_plus_2_b
3534	0.000564011	591053440	ops_par_loop_advec_cell_kernel1_xdir_35	advec_cell_kernel1_xdir
3535	0.000773298	708203544	ops_par_loop_advec_cell_kernel3_xdir_36	advec_cell_kernel3_xdir
3536	0.001460463	1533542400	ops_par_loop_advec_cell_kernel4_xdir_37	advec_cell_kernel4_xdir
3537	0.000022022	430528	ops_par_loop_update_halo_kernel1_b2_38	update_halo_kernel1_b2
3538	0.000020058	430528	ops_par_loop_update_halo_kernel1_b1_39	update_halo_kernel1_b1
3539	0.000020659	430528	ops_par_loop_update_halo_kernel1_t2_40	update_halo_kernel1_t2
3540	0.000019677	430528	ops_par_loop_update_halo_kernel1_t1_41	update_halo_kernel1_t1
3541	0.000018294	123040	ops_par_loop_update_halo_kernel3_plus_4_a_62	update_halo_kernel3_plus_4_a
3542	0.000018585	123040	ops_par_loop_update_halo_kernel3_plus_2_a_63	update_halo_kernel3_plus_2_a
3543	0.000018465	123040	ops_par_loop_update_halo_kernel3_plus_4_b_64	update_halo_kernel3_plus_4_b
3544	0.000018155	123040	ops_par_loop_update_halo_kernel3_plus_2_b_65	update_halo_kernel3_plus_2_b
3545	0.000025979	553536	ops_par_loop_group_40	update_halo_kernel1_l2+update_halo_kernel3_minus_4_a
3546	0.000022803	553536	ops_par_loop_group_41	update_halo_kernel1_l1+update_halo_kernel3_minus_2_a
3547	0.000019267	123008	ops_par_loop_update_halo_kernel3_minus_4_b_68	update_halo_kernel3_minus_4_b
3548	0.000024537	553536	ops_par_loop_group_43	update_halo_kernel1_r2+update_halo_kernel3_minus_2_b
3549	0.000021491	430528	ops_par_loop_update_halo_kernel1_r1_45	update_halo_kernel1_r1
3550	0.000561557	591053440	ops_par_loop_advec_mom_kernel_x1_70	advec_mom_kernel_x1
3551	0.000194149	236236864	ops_par_loop_advec_mom_kernel_mass_flux_x_71	advec_mom_kernel_mass_flux_x
3552	0.000573108	590438520	ops_par_loop_advec_mom_kernel_post_pre_advec_x_72	advec_mom_kernel_post_pre_advec_x
3553	0.000891143	472258640	ops_par_loop_advec_mom_kernel1_x_nonvector_73	advec_mom_kernel1_x_nonvector
3554	0.000447319	590131240	ops_par_loop_advec_mom_kernel2_x_74	advec_mom_kernel2_x
3555	0.000562248	591053440	ops_par_loop_advec_mom_kernel_x1_75	advec_mom_kernel_x1
3556	0.000195512	236236864	ops_par_loop_advec_mom_kernel_mass_flux_x_76	advec_mom_kernel_mass_flux_x
3557	0.000576044	590438520	ops_par_loop_advec_mom_kernel_post_pre_advec_x_77	advec_mom_kernel_post_pre_advec_x
3558	0.000884229	472258640	ops_par_loop_advec_mom_kernel1_x_nonvector_78	advec_mom_kernel1_x_nonvector
3559	0.000443772	590131240	ops_par_loop_advec_mom_kernel2_x_79	advec_mom_kernel2_x
3560	0.000498266	472842752	ops_par_loop_advec_cell_kernel2_ydir_80	advec_cell_kernel2_ydir
3561	0.000789339	708203544	ops_par_loop_advec_cell_kernel3_ydir_81	advec_cell_kernel3_ydir
3562	0.001471414	1533542400	ops_par_loop_advec_cell_kernel4_ydir_82	advec_cell_kernel4_ydir
3563	0.000022382	553536	ops_par_loop_group_58	update_halo_kernel1_b2+update_halo_kernel4_minus_4_a
3564	0.000021771	553536	ops_par_loop_group_59	update_halo_kernel1_b1+update_halo_kernel4_minus_2_a
3565	0.000021270	369120	ops_par_loop_group_60	update_halo_kernel2_xvel_plus_4_a+update_halo_kernel2_yvel_minus_4_a+update_halo_kernel3_plus_4_a
3566	0.000020519	369120	ops_par_loop_group_61	update_halo_kernel2_xvel_plus_2_a+update_halo_kernel2_yvel_minus_2_a+update_halo_kernel3_plus_2_a
3567	0.000019537	246080	ops_par_loop_group_62	update_halo_kernel2_xvel_plus_4_b+update_halo_kernel2_yvel_minus_4_b
3568	0.000020699	369120	ops_par_loop_group_63	update_halo_kernel2_xvel_plus_2_b+update_halo_kernel2_yvel_minus_2_b+update_halo_kernel3_plus_4_b
3569	0.000021090	246080	ops_par_loop_group_64	update_halo_kernel2_xvel_minus_4_b+update_halo_kernel2_yvel_plus_4_b
3570	0.000019076	123040	ops_par_loop_update_halo_kernel3_plus_2_b_110	update_halo_kernel3_plus_2_b
3571	0.000019477	123008	ops_par_loop_update_halo_kernel3_minus_4_b_113	update_halo_kernel3_minus_4_b
3572	0.000017944	123008	ops_par_loop_update_halo_kernel4_minus_4_b_117	update_halo_kernel4_minus_4_b
3573	0.000020749	553536	ops_par_loop_group_68	update_halo_kernel1_t2+update_halo_kernel4_minus_2_b
3574	0.000020279	430528	ops_par_loop_update_halo_kernel1_t1_86	update_halo_kernel1_t1
3575	0.000025939	553536	ops_par_loop_group_70	update_halo_kernel1_l2+update_halo_kernel3_minus_4_a
3576	0.000022743	553536	ops_par_loop_group_71	update_halo_kernel1_l1+update_halo_kernel3_minus_2_a
3577	0.000024226	553536	ops_par_loop_group_72	update_halo_kernel1_r2+update_halo_kernel3_minus_2_b
3578	0.000021511	430528	ops_par_loop_update_halo_kernel1_r1_90	update_halo_kernel1_r1
3579	0.000024086	369120	ops_par_loop_group_74	update_halo_kernel2_xvel_minus_4_a+update_halo_kernel2_yvel_plus_4_a+update_halo_kernel4_plus_4_a
3580	0.000021661	369120	ops_par_loop_group_75	update_halo_kernel2_xvel_minus_2_a+update_halo_kernel2_yvel_plus_2_a+update_halo_kernel4_plus_2_a
3581	0.000022653	369120	ops_par_loop_group_76	update_halo_kernel2_xvel_minus_2_b+update_halo_kernel2_yvel_plus_2_b+update_halo_kernel4_plus_4_b
3582	0.000018014	123040	ops_par_loop_update_halo_kernel4_plus_2_b_122	update_halo_kernel4_plus_2_b
3583	0.001784699	1416561152	ops_par_loop_group_78	advec_mom_kernel_y2+reset_field_kernel1+ideal_gas_kernel
3584	0.000195031	236236864	ops_par_loop_advec_mom_kernel_mass_flux_y_124	advec_mom_kernel_mass_flux_y
3585	0.000531820	590438520	ops_par_loop_advec_mom_kernel_post_pre_advec_y_125	advec_mom_kernel_post_pre_advec_y
3586	0.000878228	472258640	ops_par_loop_advec_mom_kernel1_y_nonvector_126	advec_mom_kernel1_y_nonvector
3587	0.000457328	590131240	ops_par_loop_advec_mom_kernel2_y_127	advec_mom_kernel2_y
3588	0.000490311	472842752	ops_par_loop_advec_mom_kernel_y2_128	advec_mom_kernel_y2
3589	0.000192135	236236864	ops_par_loop_advec_mom_kernel_mass_flux_y_129	advec_mom_kernel_mass_flux_y
3590	0.000534085	590438520	ops_par_loop_advec_mom_kernel_post_pre_advec_y_130	advec_mom_kernel_post_pre_advec_y
3591	0.000876074	472258640	ops_par_loop_advec_mom_kernel1_y_nonvector_131	advec_mom_kernel1_y_nonvector
3592	0.000736398	1062236232	ops_par_loop_group_87	advec_mom_kernel2_y+reset_field_kernel2
3593	0.000021952	430304	ops_par_loop_update_halo_kernel1_b1_136	update_halo_kernel1_b1
3594	0.000020819	430304	ops_par_loop_update_halo_kernel1_t1_137	update_halo_kernel1_t1
3595	0.000024165	430304	ops_par_loop_update_halo_kernel1_l1_138	update_halo_kernel1_l1
3596	0.000023474	430304	ops_par_loop_update_halo_kernel1_r1_139	update_halo_kernel1_r1
3597	0.000020108	245952	ops_par_loop_group_92	update_halo_kernel2_xvel_plus_2_a+update_halo_kernel2_yvel_minus_2_a
3598	0.000019317	245952	ops_par_loop_group_93	update_halo_kernel2_xvel_plus_2_b+update_halo_kernel2_yvel_minus_2_b
3599	0.000021842	245952	ops_par_loop_group_94	update_halo_kernel2_xvel_minus_2_a+update_halo_kernel2_yvel_plus_2_a
3600	0.000021812	245952	ops_par_loop_group_95	update_halo_kernel2_xvel_minus_2_b+update_halo_kernel2_yvel_plus_2_b
3601	0.001734634	589885440	ops_par_loop_viscosity_kernel_148	viscosity_kernel
3602	0.000022012	430304	ops_par_loop_update_halo_kernel1_b1_149	update_halo_kernel1_b1
3603	0.000020138	430304	ops_par_loop_update_halo_kernel1_t1_150	update_halo_kernel1_t1
3604	0.000023164	430304	ops_par_loop_update_halo_kernel1_l1_151	update_halo_kernel1_l1
3605	0.000023284	430304	ops_par_loop_update_halo_kernel1_r1_152	update_halo_kernel1_r1
3606	0.000918304	1061744640	ops_par_loop_calc_dt_kernel_153	calc_dt_kernel
3607	0.001482966	1887436800	ops_par_loop_group_0	PdV_kernel_predict+ideal_gas_kernel
3608	0.000023144	430304	ops_par_loop_update_halo_kernel1_b1_2	update_halo_kernel1_b1
3609	0.000020309	430304	ops_par_loop_update_halo_kernel1_t1_3	update_halo_kernel1_t1
3610	0.000023154	430304	ops_par_loop_update_halo_kernel1_l1_4	update_halo_kernel1_l1
3611	0.000024566	430304	ops_par_loop_update_halo_kernel1_r1_5	update_halo_kernel1_r1
3612	0.001556406	1770147928	ops_par_loop_group_5	revert_kernel+accelerate_kernel
3613	0.001358540	1651507200	ops_par_loop_PdV_kernel_nopredict_8	PdV_kernel_nopredict
3614	0.000362368	471982080	ops_par_loop_flux_calc_kernelx_9	flux_calc_kernelx
3615	0.000358300	471982080	ops_par_loop_flux_calc_kernely_10	flux_calc_kernely
3616	0.000021892	553536	ops_par_loop_group_9	update_halo_kernel1_b2+update_halo_kernel4_minus_4_a
3617	0.000019948	553536	ops_par_loop_group_10	update_halo_kernel1_b1+update_halo_kernel4_minus_2_a
3618	0.000021010	369120	ops_par_loop_group_11	update_halo_kernel3_plus_4_a+update_halo_kernel2_xvel_plus_4_a+update_halo_kernel2_yvel_minus_4_a
3619	0.000020198	369120	ops_par_loop_group_12	update_halo_kernel3_plus_2_a+update_halo_kernel2_xvel_plus_2_a+update_halo_kernel2_yvel_minus_2_a
3620	0.000018546	123008	ops_par_loop_update_halo_kernel4_minus_4_b_29	update_halo_kernel4_minus_4_b
3621	0.000020188	553536	ops_par_loop_group_14	update_halo_kernel1_t2+update_halo_kernel4_minus_2_b
3622	0.000019527	430528	ops_par_loop_update_halo_kernel1_t1_14	update_halo_kernel1_t1
3623	0.000020058	246080	ops_par_loop_group_16	update_halo_kernel2_xvel_plus_4_b+update_halo_kernel2_yvel_minus_4_b
3624	0.000020259	369120	ops_par_loop_group_17	update_halo_kernel3_plus_4_b+update_halo_kernel2_xvel_plus_2_b+update_halo_kernel2_yvel_minus_2_b
3625	0.000019127	123040	ops_par_loop_update_halo_kernel3_plus_2_b_22	update_halo_kernel3_plus_2_b
3626	0.000025869	553536	ops_par_loop_group_19	update_halo_kernel1_l2+update_halo_kernel3_minus_4_a
3627	0.000023325	553536	ops_par_loop_group_20	update_halo_kernel1_l1+update_halo_kernel3_minus_2_a
3628	0.000019256	123008	ops_par_loop_update_halo_kernel3_minus_4_b_25	update_halo_kernel3_minus_4_b
3629	0.000024306	553536	ops_par_loop_group_22	update_halo_kernel1_r2+update_halo_kernel3_minus_2_b
3630	0.000021471	430528	ops_par_loop_update_halo_kernel1_r1_18	update_halo_kernel1_r1
3631	0.000023094	369120	ops_par_loop_group_24	update_halo_kernel4_plus_4_a+update_halo_kernel2_xvel_minus_4_a+update_halo_kernel2_yvel_plus_4_a
3632	0.000021591	369120	ops_par_loop_group_25	update_halo_kernel4_plus_2_a+update_halo_kernel2_xvel_minus_2_a+update_halo_kernel2_yvel_plus_2_a
3633	0.000020829	246080	ops_par_loop_group_26	update_halo_kernel2_xvel_minus_4_b+update_halo_kernel2_yvel_plus_4_b
3634	0.000021881	369120	ops_par_loop_group_27	update_halo_kernel4_plus_4_b+update_halo_kernel2_xvel_minus_2_b+update_halo_kernel2_yvel_plus_2_b
3635	0.000018595	123040	ops_par_loop_update_halo_kernel4_plus_2_b_34	update_halo_kernel4_plus_2_b
3636	0.000562578	591053440	ops_par_loop_advec_cell_kernel1_ydir_35	advec_cell_kernel1_ydir
3637	0.000793376	708203544	ops_par_loop_advec_cell_kernel3_ydir_36	advec_cell_kernel3_ydir
3638	0.001470863	1533542400	ops_par_loop_advec_cell_kernel4_ydir_37	advec_cell_kernel4_ydir
3639	0.000023154	553536	ops_par_loop_group_32	update_halo_kernel1_b2+update_halo_kernel4_minus_4_a
3640	0.000021331	553536	ops_par_loop_group_33	update_halo_kernel1_b1+update_halo_kernel4_minus_2_a
3641	0.000017643	123008	ops_par_loop_update_halo_kernel4_minus_4_b_64	update_halo_kernel4_minus_4_b
3642	0.000020408	553536	ops_par_loop_group_35	update_halo_kernel1_t2+update_halo_kernel4_minus_2_b
3643	0.000020309	430528	ops_par_loop_update_halo_kernel1_t1_41	update_halo_kernel1_t1
3644	0.000023595	430528	ops_par_loop_update_halo_kernel1_l2_42	update_halo_kernel1_l2
3645	0.000020479	430528	ops_par_loop_update_halo_kernel1_l1_43	update_halo_kernel1_l1
3646	0.000022693	430528	ops_par_loop_update_halo_kernel1_r2_44	update_halo_kernel1_r2
3647	0.000021581	430528	ops_par_loop_update_halo_kernel1_r1_45	update_halo_kernel1_r1
3648	0.000019067	123040	ops_par_loop_update_halo_kernel4_plus_4_a_66	update_halo_kernel4_plus_4_a
3649	0.000017724	123040	ops_par_loop_update_halo_kernel4_plus_2_a_67	update_halo_kernel4_plus_2_a
3650	0.000018615	123040	ops_par_loop_update_halo_kernel4_plus_4_b_68	update_halo_kernel4_plus_4_b
3651	0.000018495	123040	ops_par_loop_update_halo_kernel4_plus_2_b_69	update_halo_kernel4_plus_2_b
3652	0.000562347	591053440	ops_par_loop_advec_mom_kernel_y1_70	advec_mom_kernel_y1
3653	0.000191343	236236864	ops_par_loop_advec_mom_kernel_mass_flux_y_71	advec_mom_kernel_mass_flux_y
3654	0.000533252	590438520	ops_par_loop_advec_mom_kernel_post_pre_advec_y_72	advec_mom_kernel_post_pre_advec_y
3655	0.000878278	472258640	ops_par_loop_advec_mom_kernel1_y_nonvector_73	advec_mom_kernel1_y_nonvector
3656	0.000456316	590131240	ops_par_loop_advec_mom_kernel2_y_74	advec_mom_kernel2_y
3657	0.000562679	591053440	ops_par_loop_advec_mom_kernel_y1_75	advec_mom_kernel_y1
3658	0.000193658	236236864	ops_par_loop_advec_mom_kernel_mass_flux_y_76	advec_mom_kernel_mass_flux_y
3659	0.000533262	590438520	ops_par_loop_advec_mom_kernel_post_pre_advec_y_77	advec_mom_kernel_post_pre_advec_y
3660	0.000875402	472258640	ops_par_loop_advec_mom_kernel1_y_nonvector_78	advec_mom_kernel1_y_nonvector
3661	0.000449434	590131240	ops_par_loop_advec_mom_kernel2_y_79	advec_mom_kernel2_y
3662	0.000491533	472842752	ops_par_loop_advec_cell_kernel2_xdir_80	advec_cell_kernel2_xdir
3663	0.000772678	708203544	ops_par_loop_advec_cell_kernel3_xdir_81	advec_cell_kernel3_xdir
3664	0.001464701	1533542400	ops_par_loop_advec_cell_kernel4_xdir_82	advec_cell_kernel4_xdir
3665	0.000022483	553536	ops_par_loop_group_58	update_halo_kernel1_b2+update_halo_kernel4_minus_4_a
3666	0.000021671	553536	ops_par_loop_group_59	update_halo_kernel1_b1+update_halo_kernel4_minus_2_a
3667	0.000021581	369120	ops_par_loop_group_60	update_halo_kernel2_xvel_plus_4_a+update_halo_kernel2_yvel_minus_4_a+update_halo_kernel3_plus_4_a
3668	0.000026360	369120	ops_par_loop_group_61	update_halo_kernel2_xvel_plus_2_a+update_halo_kernel2_yvel_minus_2_a+update_halo_kernel3_plus_2_a
3669	0.000018735	246080	ops_par_loop_group_62	update_halo_kernel2_xvel_plus_4_b+update_halo_kernel2_yvel_minus_4_b
3670	0.000022302	369120	ops_par_loop_group_63	update_halo_kernel2_xvel_plus_2_b+update_halo_kernel2_yvel_minus_2_b+update_halo_kernel3_plus_4_b
3671	0.000021681	246080	ops_par_loop_group_64	update_halo_kernel2_xvel_minus_4_b+update_halo_kernel2_yvel_plus_4_b
3672	0.000019888	123040	ops_par_loop_update_halo_kernel3_plus_2_b_110	update_halo_kernel3_plus_2_b
3673	0.000019798	123008	ops_par_loop_update_halo_kernel3_minus_4_b_113	update_halo_kernel3_minus_4_b
3674	0.000018645	123008	ops_par_loop_update_halo_kernel4_minus_4_b_117	update_halo_kernel4_minus_4_b
3675	0.000021110	553536	ops_par_loop_group_68	update_halo_kernel1_t2+update_halo_kernel4_minus_2_b
3676	0.000019868	430528	ops_par_loop_update_halo_kernel1_t1_86	update_halo_kernel1_t1
3677	0.000026340	553536	ops_par_loop_group_70	update_halo_kernel1_l2+update_halo_kernel3_minus_4_a
3678	0.000022643	553536	ops_par_loop_group_71	update_halo_kernel1_l1+update_halo_kernel3_minus_2_a
3679	0.000024827	553536	ops_par_loop_group_72	update_halo_kernel1_r2+update_halo_kernel3_minus_2_b
3680	0.000021902	430528	ops_par_loop_update_halo_kernel1_r1_90	update_halo_kernel1_r1
3681	0.000023295	369120	ops_par_loop_group_74	update_halo_kernel2_xvel_minus_4_a+update_halo_kernel2_yvel_plus_4_a+update_halo_kernel4_plus_4_a
3682	0.000021440	369120	ops_par_loop_group_75	update_halo_kernel2_xvel_minus_2_a+update_halo_kernel2_yvel_plus_2_a+update_halo_kernel4_plus_2_a
3683	0.000022834	369120	ops_par_loop_group_76	update_halo_kernel2_xvel_minus_2_b+update_halo_kernel2_yvel_plus_2_b+update_halo_kernel4_plus_4_b
3684	0.000018806	123040	ops_par_loop_update_halo_kernel4_plus_2_b_122	update_halo_kernel4_plus_2_b
3685	0.001794348	1416561152	ops_par_loop_group_78	advec_mom_kernel_x2+reset_field_kernel1+ideal_gas_kernel
3686	0.000196813	236236864	ops_par_loop_advec_mom_kernel_mass_flux_x_124	advec_mom_kernel_mass_flux_x
3687	0.000575423	590438520	ops_par_loop_advec_mom_kernel_post_pre_advec_x_125	advec_mom_kernel_post_pre_advec_x
3688	0.000882877	472258640	ops_par_loop_advec_mom_kernel1_x_nonvector_126	advec_mom_kernel1_x_nonvector
3689	0.000451969	590131240	ops_par_loop_advec_mom_kernel2_x_127	advec_mom_kernel2_x
3690	0.000498757	472842752	ops_par_loop_advec_mom_kernel_x2_128	advec_mom_kernel_x2
3691	0.000194961	236236864	ops_par_loop_advec_mom_kernel_mass_flux_x_129	advec_mom_kernel_mass_flux_x
3692	0.000573489	590438520	ops_par_loop_advec_mom_kernel_post_pre_advec_x_130	advec_mom_kernel_post_pre_advec_x
3693	0.000883648	472258640	ops_par_loop_advec_mom_kernel1_x_nonvector_131	advec_mom_kernel1_x_nonvector
3694	0.000731459	1062236232	ops_par_loop_group_87	advec_mom_kernel2_x+reset_field_kernel2
3695	0.000021671	430304	ops_par_loop_update_halo_kernel1_b1_136	update_halo_kernel1_b1
3696	0.000019627	430304	ops_par_loop_update_halo_kernel1_t1_137	update_halo_kernel1_t1
3697	0.000023194	430304	ops_par_loop_update_halo_kernel1_l1_138	update_halo_kernel1_l1
3698	0.000023605	430304	ops_par_loop_update_halo_kernel1_r1_139	update_halo_kernel1_r1
3699	0.000019136	245952	ops_par_loop_group_92	update_halo_kernel2_xvel_plus_2_a+update_halo_kernel2_yvel_minus_2_a
3700	0.000018775	245952	ops_par_loop_group_93	update_halo_kernel2_xvel_plus_2_b+update_halo_kernel2_yvel_minus_2_b
3701	0.000020660	245952	ops_par_loop_group_94	update_halo_kernel2_xvel_minus_2_a+update_halo_kernel2_yvel_plus_2_a
3702	0.000021581	245952	ops_par_loop_group_95	update_halo_kernel2_xvel_minus_2_b+update_halo_kernel2_yvel_plus_2_b
3703	0.001733993	589885440	ops_par_loop_viscosity_kernel_148	viscosity_kernel
3704	0.000021491	430304	ops_par_loop_update_halo_kernel1_b1_149	update_halo_kernel1_b1
3705	0.000021931	430304	ops_par_loop_update_halo_kernel1_t1_150	update_halo_kernel1_t1
3706	0.000024557	430304	ops_par_loop_update_halo_kernel1_l1_151	update_halo_kernel1_l1
3707	0.000023044	430304	ops_par_loop_update_halo_kernel1_r1_152	update_halo_kernel1_r1
3708	0.000917322	1061744640	ops_par_loop_calc_dt_kernel_153	calc_dt_kernel
3709	0.001483267	1887436800	ops_par_loop_group_0	PdV_kernel_predict+ideal_gas_kernel
3710	0.000021932	430304	ops_par_loop_update_halo_kernel1_b1_2	update_halo_kernel1_b1
3711	0.000019597	430304	ops_par_loop_update_halo_kernel1_t1_3	update_halo_kernel1_t1
3712	0.000023925	430304	ops_par_loop_update_halo_kernel1_l1_4	update_halo_kernel1_l1
3713	0.000023274	430304	ops_par_loop_update_halo_kernel1_r1_5	update_halo_kernel1_r1
3714	0.001555454	1770147928	ops_par_loop_group_5	revert_kernel+accelerate_kernel
3715	0.001353971	1651507200	ops_par_loop_PdV_kernel_nopredict_8	PdV_kernel_nopredict
3716	0.000364732	471982080	ops_par_loop_flux_calc_kernelx_9	flux_calc_kernelx
3717	0.000358771	471982080	ops_par_loop_flux_calc_kernely_10	flux_calc_kernely
3718	0.000021641	553536	ops_par_loop_group_9	update_halo_kernel1_b2+update_halo_kernel4_minus_4_a
3719	0.000021611	553536	ops_par_loop_group_10	update_halo_kernel1_b1+update_halo_kernel4_minus_2_a
3720	0.000021271	369120	ops_par_loop_group_11	update_halo_kernel3_plus_4_a+update_halo_kernel2_xvel_plus_4_a+update_halo_kernel2_yvel_minus_4_a
3721	0.000019607	369120	ops_par_loop_group_12	update_halo_kernel3_plus_2_a+update_halo_kernel2_xvel_plus_2_a+update_halo_kernel2_yvel_minus_2_a
3722	0.000018445	123008	ops_par_loop_update_halo_kernel4_minus_4_b_29	update_halo_kernel4_minus_4_b
3723	0.000021010	553536	ops_par_loop_group_14	update_halo_kernel1_t2+update_halo_kernel4_minus_2_b
3724	0.000033795	430528	ops_par_loop_update_halo_kernel1_t1_14	update_halo_kernel1_t1
3725	0.000020799	246080	ops_par_loop_group_16	update_halo_kernel2_xvel_plus_4_b+update_halo_kernel2_yvel_minus_4_b
3726	0.000020389	369120	ops_par_loop_group_17	update_halo_kernel3_plus_4_b+update_halo_kernel2_xvel_plus_2_b+update_halo_kernel2_yvel_minus_2_b
3727	0.000018865	123040	ops_par_loop_update_halo_kernel3_plus_2_b_22	update_halo_kernel3_plus_2_b
3728	0.000025368	553536	ops_par_loop_group_19	update_halo_kernel1_l2+update_halo_kernel3_minus_4_a
3729	0.000022783	553536	ops_par_loop_group_20	update_halo_kernel1_l1+update_halo_kernel3_minus_2_a
3730	0.000019317	123008	ops_par_loop_update_halo_kernel3_minus_4_b_25	update_halo_kernel3_minus_4_b
3731	0.000023895	553536	ops_par_loop_group_22	update_halo_kernel1_r2+update_halo_kernel3_minus_2_b
3732	0.000021250	430528	ops_par_loop_update_halo_kernel1_r1_18	update_halo_kernel1_r1
3733	0.000023474	369120	ops_par_loop_group_24	update_halo_kernel4_plus_4_a+update_halo_kernel2_xvel_minus_4_a+update_halo_kernel2_yvel_plus_4_a
3734	0.000021501	369120	ops_par_loop_group_25	update_halo_kernel4_plus_2_a+update_halo_kernel2_xvel_minus_2_a+update_halo_kernel2_yvel_plus_2_a
3735	0.000020229	246080	ops_par_loop_group_26	update_halo_kernel2_xvel_minus_4_b+update_halo_kernel2_yvel_plus_4_b
3736	0.000022072	369120	ops_par_loop_group_27	update_halo_kernel4_plus_4_b+update_halo_kernel2_xvel_minus_2_b+update_halo_kernel2_yvel_plus_2_b
3737	0.000018516	123040	ops_par_loop_update_halo_kernel4_plus_2_b_34	update_halo_kernel4_plus_2_b
3738	0.000563000	591053440	ops_par_loop_advec_cell_kernel1_xdir_35	advec_cell_kernel1_xdir
3739	0.000772897	708203544	ops_par_loop_advec_cell_kernel3_xdir_36	advec_cell_kernel3_xdir
3740	0.001464802	1533542400	ops_par_loop_advec_cell_kernel4_xdir_37	advec_cell_kernel4_xdir
3741	0.000021551	430528	ops_par_loop_update_halo_kernel1_b2_38	update_halo_kernel1_b2
3742	0.000020138	430528	ops_par_loop_update_halo_kernel1_b1_39	update_halo_kernel1_b1
3743	0.000020138	430528	ops_par_loop_update_halo_kernel1_t2_40	update_halo_kernel1_t2
3744	0.000020059	430528	ops_par_loop_update_halo_kernel1_t1_41	update_halo_kernel1_t1
3745	0.000018415	123040	ops_par_loop_update_halo_kernel3_plus_4_a_62	update_halo_kernel3_plus_4_a
3746	0.000018405	123040	ops_par_loop_update_halo_kernel3_plus_2_a_63	update_halo_kernel3_plus_2_a
3747	0.000017824	123040	ops_par_loop_update_halo_kernel3_plus_4_b_64	update_halo_kernel3_plus_4_b
3748	0.000017864	123040	ops_par_loop_update_halo_kernel3_plus_2_b_65	update_halo_kernel3_plus_2_b
3749	0.000025939	553536	ops_par_loop_group_40	update_halo_kernel1_l2+update_halo_kernel3_minus_4_a
3750	0.000023735	553536	ops_par_loop_group_41	update_halo_kernel1_l1+update_halo_kernel3_minus_2_a
3751	0.000018936	123008	ops_par_loop_update_halo_kernel3_minus_4_b_68	update_halo_kernel3_minus_4_b
3752	0.000024537	553536	ops_par_loop_group_43	update_halo_kernel1_r2+update_halo_kernel3_minus_2_b
3753	0.000021471	430528	ops_par_loop_update_halo_kernel1_r1_45	update_halo_kernel1_r1
3754	0.000561786	591053440	ops_par_loop_advec_mom_kernel_x1_70	advec_mom_kernel_x1
3755	0.000194469	236236864	ops_par_loop_advec_mom_kernel_mass_flux_x_71	advec_mom_kernel_mass_flux_x
3756	0.000576114	590438520	ops_par_loop_advec_mom_kernel_post_pre_advec_x_72	advec_mom_kernel_post_pre_advec_x
3757	0.000882065	472258640	ops_par_loop_advec_mom_kernel1_x_nonvector_73	advec_mom_kernel1_x_nonvector
3758	0.000448582	590131240	ops_par_loop_advec_mom_kernel2_x_74	advec_mom_kernel2_x
3759	0.000561596	591053440	ops_par_loop_advec_mom_kernel_x1_75	advec_mom_kernel_x1
3760	0.000193477	236236864	ops_par_loop_advec_mom_kernel_mass_flux_x_76	advec_mom_kernel_mass_flux_x
3761	0.000574982	590438520	ops_par_loop_advec_mom_kernel_post_pre_advec_x_77	advec_mom_kernel_post_pre_advec_x
3762	0.000883688	472258640	ops_par_loop_advec_mom_kernel1_x_nonvector_78	advec_mom_kernel1_x_nonvector
3763	0.000444874	590131240	ops_par_loop_advec_mom_kernel2_x_79	advec_mom_kernel2_x
3764	0.000501092	472842752	ops_par_loop_advec_cell_kernel2_ydir_80	advec_cell_kernel2_ydir
3765	0.000789108	708203544	ops_par_loop_advec_cell_kernel3_ydir_81	advec_cell_kernel3_ydir
3766	0.001475252	1533542400	ops_par_loop_advec_cell_kernel4_ydir_82	advec_cell_kernel4_ydir
3767	0.000022883	553536	ops_par_loop_group_58	update_halo_kernel1_b2+update_halo_kernel4_minus_4_a
3768	0.000021681	553536	ops_par_loop_group_59	update_halo_kernel1_b1+update_halo_kernel4_minus_2_a
3769	0.000021100	369120	ops_par_loop_group_60	update_halo_kernel2_xvel_plus_4_a+update_halo_kernel2_yvel_minus_4_a+update_halo_kernel3_plus_4_a
3770	0.000020739	369120	ops_par_loop_group_61	update_halo_kernel2_xvel_plus_2_a+update_halo_kernel2_yvel_minus_2_a+update_halo_kernel3_plus_2_a
3771	0.000019016	246080	ops_par_loop_group_62	update_halo_kernel2_xvel_plus_4_b+update_halo_kernel2_yvel_minus_4_b
3772	0.000020839	369120	ops_par_loop_group_63	update_halo_kernel2_xvel_plus_2_b+update_halo_kernel2_yvel_minus_2_b+update_halo_kernel3_plus_4_b
3773	0.000021731	246080	ops_par_loop_group_64	update_halo_kernel2_xvel_minus_4_b+update_halo_kernel2_yvel_plus_4_b
3774	0.000019026	123040	ops_par_loop_update_halo_kernel3_plus_2_b_110	update_halo_kernel3_plus_2_b
3775	0.000025078	123008	ops_par_loop_update_halo_kernel3_minus_4_b_113	update_halo_kernel3_minus_4_b
3776	0.000018115	123008	ops_par_loop_update_halo_kernel4_minus_4_b_117	update_halo_kernel4_minus_4_b
3777	0.000020629	553536	ops_par_loop_group_68	update_halo_kernel1_t2+update_halo_kernel4_minus_2_b
3778	0.000019818	430528	ops_par_loop_update_halo_kernel1_t1_86	update_halo_kernel1_t1
3779	0.000026270	553536	ops_par_loop_group_70	update_halo_kernel1_l2+update_halo_kernel3_minus_4_a
3780	0.000022523	553536	ops_par_loop_group_71	update_halo_kernel1_l1+update_halo_kernel3_minus_2_a
3781	0.000024156	553536	ops_par_loop_group_72	update_halo_kernel1_r2+update_halo_kernel3_minus_2_b
3782	0.000021060	430528	ops_par_loop_update_halo_kernel1_r1_90	update_halo_kernel1_r1
3783	0.000024096	369120	ops_par_loop_group_74	update_halo_kernel2_xvel_minus_4_a+update_halo_kernel2_yvel_plus_4_a+update_halo_kernel4_plus_4_a
3784	0.000020939	369120	ops_par_loop_group_75	update_halo_kernel2_xvel_minus_2_a+update_halo_kernel2_yvel_plus_2_a+update_halo_kernel4_plus_2_a
3785	0.000022663	369120	ops_par_loop_group_76	update_halo_kernel2_xvel_minus_2_b+update_halo_kernel2_yvel_plus_2_b+update_halo_kernel4_plus_4_b
3786	0.000018936	123040	ops_par_loop_update_halo_kernel4_plus_2_b_122	update_halo_kernel4_plus_2_b
3787	0.001788606	1416561152	ops_par_loop_group_78	advec_mom_kernel_y2+reset_field_kernel1+ideal_gas_kernel
3788	0.000194088	236236864	ops_par_loop_advec_mom_kernel_mass_flux_y_124	advec_mom_kernel_mass_flux_y
3789	0.000534165	590438520	ops_par_loop_advec_mom_kernel_post_pre_advec_y_125	advec_mom_kernel_post_pre_advec_y
3790	0.000878648	472258640	ops_par_loop_advec_mom_kernel1_y_nonvector_126	advec_mom_kernel1_y_nonvector
3791	0.000447420	590131240	ops_par_loop_advec_mom_kernel2_y_127	advec_mom_kernel2_y
3792	0.000490071	472842752	ops_par_loop_advec_mom_kernel_y2_128	advec_mom_kernel_y2
3793	0.000192256	236236864	ops_par_loop_advec_mom_kernel_mass_flux_y_129	advec_mom_kernel_mass_flux_y
3794	0.000532020	590438520	ops_par_loop_advec_mom_kernel_post_pre_advec_y_130	advec_mom_kernel_post_pre_advec_y
3795	0.000876785	472258640	ops_par_loop_advec_mom_kernel1_y_nonvector_131	advec_mom_kernel1_y_nonvector
3796	0.000730908	1062236232	ops_par_loop_group_87	advec_mom_kernel2_y+reset_field_kernel2
3797	0.000021441	430304	ops_par_loop_update_halo_kernel1_b1_136	update_halo_kernel1_b1
3798	0.000019978	430304	ops_par_loop_update_halo_kernel1_t1_137	update_halo_kernel1_t1
3799	0.000024386	430304	ops_par_loop_update_halo_kernel1_l1_138	update_halo_kernel1_l1
3800	0.000023504	430304	ops_par_loop_update_halo_kernel1_r1_139	update_halo_kernel1_r1
3801	0.000019427	245952	ops_par_loop_group_92	update_halo_kernel2_xvel_plus_2_a+update_halo_kernel2_yvel_minus_2_a
3802	0.000018555	245952	ops_par_loop_group_93	update_halo_kernel2_xvel_plus_2_b+update_halo_kernel2_yvel_minus_2_b
3803	0.000020959	245952	ops_par_loop_group_94	update_halo_kernel2_xvel_minus_2_a+update_halo_kernel2_yvel_plus_2_a
3804	0.000021010	245952	ops_par_loop_group_95	update_halo_kernel2_xvel_minus_2_b+update_halo_kernel2_yvel_plus_2_b
3805	0.001734213	589885440	ops_par_loop_viscosity_kernel_148	viscosity_kernel
3806	0.000021471	430304	ops_par_loop_update_halo_kernel1_b1_149	update_halo_kernel1_b1
3807	0.000020098	430304	ops_par_loop_update_halo_kernel1_t1_150	update_halo_kernel1_t1
3808	0.000023454	430304	ops_par_loop_update_halo_kernel1_l1_151	update_halo_kernel1_l1
3809	0.000022693	430304	ops_par_loop_update_halo_kernel1_r1_152	update_halo_kernel1_r1
3810	0.000916992	1061744640	ops_par_loop_calc_dt_kernel_153	calc_dt_kernel
3811	0.001489348	1887436800	ops_par_loop_group_0	PdV_kernel_predict+ideal_gas_kernel
3812	0.000022002	430304	ops_par_loop_update_halo_kernel1_b1_2	update_halo_kernel1_b1
3813	0.000020379	430304	ops_par_loop_update_halo_kernel1_t1_3	update_halo_kernel1_t1
3814	0.000023325	430304	ops_par_loop_update_halo_kernel1_l1_4	update_halo_kernel1_l1
3815	0.000023865	430304	ops_par_loop_update_halo_kernel1_r1_5	update_halo_kernel1_r1
3816	0.001558199	1770147928	ops_par_loop_group_5	revert_kernel+accelerate_kernel
3817	0.001353470	1651507200	ops_par_loop_PdV_kernel_nopredict_8	PdV_kernel_nopredict
3818	0.000361706	471982080	ops_par_loop_flux_calc_kernelx_9	flux_calc_kernelx
3819	0.000357069	471982080	ops_par_loop_flux_calc_kernely_10	flux_calc_kernely
3820	0.000022212	553536	ops_par_loop_group_9	update_halo_kernel1_b2+update_halo_kernel4_minus_4_a
3821	0.000020940	553536	ops_par_loop_group_10	update_halo_kernel1_b1+update_halo_kernel4_minus_2_a
3822	0.000021481	369120	ops_par_loop_group_11	update_halo_kernel3_plus_4_a+update_halo_kernel2_xvel_plus_4_a+update_halo_kernel2_yvel_minus_4_a
3823	0.000024066	369120	ops_par_loop_group_12	update_halo_kernel3_plus_2_a+update_halo_kernel2_xvel_plus_2_a+update_halo_kernel2_yvel_minus_2_a
3824	0.000018535	123008	ops_par_loop_update_halo_kernel4_minus_4_b_29	update_halo_kernel4_minus_4_b
3825	0.000020379	553536	ops_par_loop_group_14	update_halo_kernel1_t2+update_halo_kernel4_minus_2_b
3826	0.000020709	430528	ops_par_loop_update_halo_kernel1_t1_14	update_halo_kernel1_t1
3827	0.000020519	246080	ops_par_loop_group_16	update_halo_kernel2_xvel_plus_4_b+update_halo_kernel2_yvel_minus_4_b
3828	0.000020128	369120	ops_par_loop_group_17	update_halo_kernel3_plus_4_b+update_halo_kernel2_xvel_plus_2_b+update_halo_kernel2_yvel_minus_2_b
3829	0.000018485	123040	ops_par_loop_update_halo_kernel3_plus_2_b_22	update_halo_kernel3_plus_2_b
3830	0.000025438	553536	ops_par_loop_group_19	update_halo_kernel1_l2+update_halo_kernel3_minus_4_a
3831	0.000023014	553536	ops_par_loop_group_20	update_halo_kernel1_l1+update_halo_kernel3_minus_2_a
3832	0.000018736	123008	ops_par_loop_update_halo_kernel3_minus_4_b_25	update_halo_kernel3_minus_4_b
3833	0.000025007	553536	ops_par_loop_group_22	update_halo_kernel1_r2+update_halo_kernel3_minus_2_b
3834	0.000020950	430528	ops_par_loop_update_halo_kernel1_r1_18	update_halo_kernel1_r1
3835	0.000023335	369120	ops_par_loop_group_24	update_halo_kernel4_plus_4_a+update_halo_kernel2_xvel_minus_4_a+update_halo_kernel2_yvel_plus_4_a
3836	0.000021822	369120	ops_par_loop_group_25	update_halo_kernel4_plus_2_a+update_halo_kernel2_xvel_minus_2_a+update_halo_kernel2_yvel_plus_2_a
3837	0.000020599	246080	ops_par_loop_group_26	update_halo_kernel2_xvel_minus_4_b+update_halo_kernel2_yvel_plus_4_b
3838	0.000022122	369120	ops_par_loop_group_27	update_halo_kernel4_plus_4_b+update_halo_kernel2_xvel_minus_2_b+update_halo_kernel2_yvel_plus_2_b
3839	0.000019146	123040	ops_par_loop_update_halo_kernel4_plus_2_b_34	update_halo_kernel4_plus_2_b
3840	0.000562308	591053440	ops_par_loop_advec_cell_kernel1_ydir_35	advec_cell_kernel1_ydir
3841	0.000788398	708203544	ops_par_loop_advec_cell_kernel3_ydir_36	advec_cell_kernel3_ydir
3842	0.001475723	1533542400	ops_par_loop_advec_cell_kernel4_ydir_37	advec_cell_kernel4_ydir
3843	0.000022904	553536	ops_par_loop_group_32	update_halo_kernel1_b2+update_halo_kernel4_minus_4_a
3844	0.000020910	553536	ops_par_loop_group_33	update_halo_kernel1_b1+update_halo_kernel4_minus_2_a
3845	0.000018245	123008	ops_par_loop_update_halo_kernel4_minus_4_b_64	update_halo_kernel4_minus_4_b
3846	0.000020789	553536	ops_par_loop_group_35	update_halo_kernel1_t2+update_halo_kernel4_minus_2_b
3847	0.000020498	430528	ops_par_loop_update_halo_kernel1_t1_41	update_halo_kernel1_t1
3848	0.000023785	430528	ops_par_loop_update_halo_kernel1_l2_42	update_halo_kernel1_l2
3849	0.000021060	430528	ops_par_loop_update_halo_kernel1_l1_43	update_halo_kernel1_l1
3850	0.000023284	430528	ops_par_loop_update_halo_kernel1_r2_44	update_halo_kernel1_r2
3851	0.000021231	430528	ops_par_loop_update_halo_kernel1_r1_45	update_halo_kernel1_r1
3852	0.000019437	123040	ops_par_loop_update_halo_kernel4_plus_4_a_66	update_halo_kernel4_plus_4_a
3853	0.000018164	123040	ops_par_loop_update_halo_kernel4_plus_2_a_67	update_halo_kernel4_plus_2_a
3854	0.000018616	123040	ops_par_loop_update_halo_kernel4_plus_4_b_68	update_halo_kernel4_plus_4_b
3855	0.000018776	123040	ops_par_loop_update_halo_kernel4_plus_2_b_69	update_halo_kernel4_plus_2_b
3856	0.000562007	591053440	ops_par_loop_advec_mom_kernel_y1_70	advec_mom_kernel_y1
3857	0.000191664	236236864	ops_par_loop_advec_mom_kernel_mass_flux_y_71	advec_mom_kernel_mass_flux_y
3858	0.000531620	590438520	ops_par_loop_advec_mom_kernel_post_pre_advec_y_72	advec_mom_kernel_post_pre_advec_y
3859	0.000878018	472258640	ops_par_loop_advec_mom_kernel1_y_nonvector_73	advec_mom_kernel1_y_nonvector
3860	0.000449143	590131240	ops_par_loop_advec_mom_kernel2_y_74	advec_mom_kernel2_y
3861	0.000562849	591053440	ops_par_loop_advec_mom_kernel_y1_75	advec_mom_kernel_y1
3862	0.000191775	236236864	ops_par_loop_advec_mom_kernel_mass_flux_y_76	advec_mom_kernel_mass_flux_y
3863	0.000532021	590438520	ops_par_loop_advec_mom_kernel_post_pre_advec_y_77	advec_mom_kernel_post_pre_advec_y
3864	0.000874561	472258640	ops_par_loop_advec_mom_kernel1_y_nonvector_78	advec_mom_kernel1_y_nonvector
3865	0.000452980	590131240	ops_par_loop_advec_mom_kernel2_y_79	advec_mom_kernel2_y
3866	0.000495922	472842752	ops_par_loop_advec_cell_kernel2_xdir_80	advec_cell_kernel2_xdir
3867	0.000773448	708203544	ops_par_loop_advec_cell_kernel3_xdir_81	advec_cell_kernel3_xdir
3868	0.001462127	1533542400	ops_par_loop_advec_cell_kernel4_xdir_82	advec_cell_kernel4_xdir
3869	0.000022052	553536	ops_par_loop_group_58	update_halo_kernel1_b2+update_halo_kernel4_minus_4_a
3870	0.000022362	553536	ops_par_loop_group_59	update_halo_kernel1_b1+update_halo_kernel4_minus_2_a
3871	0.000022984	369120	ops_par_loop_group_60	update_halo_kernel2_xvel_plus_4_a+update_halo_kernel2_yvel_minus_4_a+update_halo_kernel3_plus_4_a
3872	0.000021411	369120	ops_par_loop_group_61	update_halo_kernel2_xvel_plus_2_a+update_halo_kernel2_yvel_minus_2_a+update_halo_kernel3_plus_2_a
3873	0.000019537	246080	ops_par_loop_group_62	update_halo_kernel2_xvel_plus_4_b+update_halo_kernel2_yvel_minus_4_b
3874	0.000020499	369120	ops_par_loop_group_63	update_halo_kernel2_xvel_plus_2_b+update_halo_kernel2_yvel_minus_2_b+update_halo_kernel3_plus_4_b
3875	0.000021070	246080	ops_par_loop_group_64	update_halo_kernel2_xvel_minus_4_b+update_halo_kernel2_yvel_plus_4_b
3876	0.000020729	123040	ops_par_loop_update_halo_kernel3_plus_2_b_110	update_halo_kernel3_plus_2_b
3877	0.000019657	123008	ops_par_loop_update_halo_kernel3_minus_4_b_113	update_halo_kernel3_minus_4_b
3878	0.000018205	123008	ops_par_loop_update_halo_kernel4_minus_4_b_117	update_halo_kernel4_minus_4_b
3879	0.000021902	553536	ops_par_loop_group_68	update_halo_kernel1_t2+update_halo_kernel4_minus_2_b
3880	0.000020038	430528	ops_par_loop_update_halo_kernel1_t1_86	update_halo_kernel1_t1
3881	0.000026530	553536	ops_par_loop_group_70	update_halo_kernel1_l2+update_halo_kernel3_minus_4_a
3882	0.000022343	553536	ops_par_loop_group_71	update_halo_kernel1_l1+update_halo_kernel3_minus_2_a
3883	0.000025228	553536	ops_par_loop_group_72	update_halo_kernel1_r2+update_halo_kernel3_minus_2_b
3884	0.000021411	430528	ops_par_loop_update_halo_kernel1_r1_90	update_halo_kernel1_r1
3885	0.000023484	369120	ops_par_loop_group_74	update_halo_kernel2_xvel_minus_4_a+update_halo_kernel2_yvel_plus_4_a+update_halo_kernel4_plus_4_a
3886	0.000022042	369120	ops_par_loop_group_75	update_halo_kernel2_xvel_minus_2_a+update_halo_kernel2_yvel_plus_2_a+update_halo_kernel4_plus_2_a
3887	0.000022713	369120	ops_par_loop_group_76	update_halo_kernel2_xvel_minus_2_b+update_halo_kernel2_yvel_plus_2_b+update_halo_kernel4_plus_4_b
3888	0.000018455	123040	ops_par_loop_update_halo_kernel4_plus_2_b_122	update_halo_kernel4_plus_2_b
3889	0.001793195	1416561152	ops_par_loop_group_78	advec_mom_kernel_x2+reset_field_kernel1+ideal_gas_kernel
3890	0.000195742	236236864	ops_par_loop_advec_mom_kernel_mass_flux_x_124	advec_mom_kernel_mass_flux_x
3891	0.000576635	590438520	ops_par_loop_advec_mom_kernel_post_pre_advec_x_125	advec_mom_kernel_post_pre_advec_x
3892	0.000882837	472258640	ops_par_loop_advec_mom_kernel1_x_nonvector_126	advec_mom_kernel1_x_nonvector
3893	0.000452389	590131240	ops_par_loop_advec_mom_kernel2_x_127	advec_mom_kernel2_x
3894	0.000495862	472842752	ops_par_loop_advec_mom_kernel_x2_128	advec_mom_kernel_x2
3895	0.000195061	236236864	ops_par_loop_advec_mom_kernel_mass_flux_x_129	advec_mom_kernel_mass_flux_x
3896	0.000573570	590438520	ops_par_loop_advec_mom_kernel_post_pre_advec_x_130	advec_mom_kernel_post_pre_advec_x
3897	0.000883417	472258640	ops_par_loop_advec_mom_kernel1_x_nonvector_131	advec_mom_kernel1_x_nonvector
3898	0.000727792	1062236232	ops_par_loop_group_87	advec_mom_kernel2_x+reset_field_kernel2
3899	0.000022503	430304	ops_par_loop_update_halo_kernel1_b1_136	update_halo_kernel1_b1
3900	0.000020169	430304	ops_par_loop_update_halo_kernel1_t1_137	update_halo_kernel1_t1
3901	0.000023625	430304	ops_par_loop_update_halo_kernel1_l1_138	update_halo_kernel1_l1
3902	0.000023875	430304	ops_par_loop_update_halo_kernel1_r1_139	update_halo_kernel1_r1
3903	0.000020108	245952	ops_par_loop_group_92	update_halo_kernel2_xvel_plus_2_a+update_halo_kernel2_yvel_minus_2_a
3904	0.000018786	245952	ops_par_loop_group_93	update_halo_kernel2_xvel_plus_2_b+update_halo_kernel2_yvel_minus_2_b
3905	0.000021771	245952	ops_par_loop_group_94	update_halo_kernel2_xvel_minus_2_a+update_halo_kernel2_yvel_plus_2_a
3906	0.000020709	245952	ops_par_loop_group_95	update_halo_kernel2_xvel_minus_2_b+update_halo_kernel2_yvel_plus_2_b
3907	0.001734925	589885440	ops_par_loop_viscosity_kernel_148	viscosity_kernel
3908	0.000021160	430304	ops_par_loop_update_halo_kernel1_b1_149	update_halo_kernel1_b1
3909	0.000019838	430304	ops_par_loop_update_halo_kernel1_t1_150	update_halo_kernel1_t1
3910	0.000022974	430304	ops_par_loop_update_halo_kernel1_l1_151	update_halo_kernel1_l1
3911	0.000023204	430304	ops_par_loop_update_halo_kernel1_r1_152	update_halo_kernel1_r1
3912	0.000916731	1061744640	ops_par_loop_calc_dt_kernel_153	calc_dt_kernel
3913	0.001485451	1887436800	ops_par_loop_group_0	PdV_kernel_predict+ideal_gas_kernel
3914	0.000022323	430304	ops_par_loop_update_halo_kernel1_b1_2	update_halo_kernel1_b1
3915	0.000019988	430304	ops_par_loop_update_halo_kernel1_t1_3	update_halo_kernel1_t1
3916	0.000023816	430304	ops_par_loop_update_halo_kernel1_l1_4	update_halo_kernel1_l1
3917	0.000023925	430304	ops_par_loop_update_halo_kernel1_r1_5	update_halo_kernel1_r1
3918	0.001557327	1770147928	ops_par_loop_group_5	revert_kernel+accelerate_kernel
3919	0.001354663	1651507200	ops_par_loop_PdV_kernel_nopredict_8	PdV_kernel_nopredict
3920	0.000361446	471982080	ops_par_loop_flux_calc_kernelx_9	flux_calc_kernelx
3921	0.000357830	471982080	ops_par_loop_flux_calc_kernely_10	flux_calc_kernely
3922	0.000022563	553536	ops_par_loop_group_9	update_halo_kernel1_b2+update_halo_kernel4_minus_4_a
3923	0.000022262	553536	ops_par_loop_group_10	update_halo_kernel1_b1+update_halo_kernel4_minus_2_a
3924	0.000021030	369120	ops_par_loop_group_11	update_halo_kernel3_plus_4_a+update_halo_kernel2_xvel_plus_4_a+update_halo_kernel2_yvel_minus_4_a
3925	0.000020569	369120	ops_par_loop_group_12	update_halo_kernel3_plus_2_a+update_halo_kernel2_xvel_plus_2_a+update_halo_kernel2_yvel_minus_2_a
3926	0.000019538	123008	ops_par_loop_update_halo_kernel4_minus_4_b_29	update_halo_kernel4_minus_4_b
3927	0.000020389	553536	ops_par_loop_group_14	update_halo_kernel1_t2+update_halo_kernel4_minus_2_b
3928	0.000019727	430528	ops_par_loop_update_halo_kernel1_t1_14	update_halo_kernel1_t1
3929	0.000019858	246080	ops_par_loop_group_16	update_halo_kernel2_xvel_plus_4_b+update_halo_kernel2_yvel_minus_4_b
3930	0.000020068	369120	ops_par_loop_group_17	update_halo_kernel3_plus_4_b+update_halo_kernel2_xvel_plus_2_b+update_halo_kernel2_yvel_minus_2_b
3931	0.000018736	123040	ops_par_loop_update_halo_kernel3_plus_2_b_22	update_halo_kernel3_plus_2_b
3932	0.000024837	553536	ops_par_loop_group_19	update_halo_kernel1_l2+update_halo_kernel3_minus_4_a
3933	0.000022984	553536	ops_par_loop_group_20	update_halo_kernel1_l1+update_halo_kernel3_minus_2_a
3934	0.000019738	123008	ops_par_loop_update_halo_kernel3_minus_4_b_25	update_halo_kernel3_minus_4_b
3935	0.000025188	553536	ops_par_loop_group_22	update_halo_kernel1_r2+update_halo_kernel3_minus_2_b
3936	0.000021822	430528	ops_par_loop_update_halo_kernel1_r1_18	update_halo_kernel1_r1
3937	0.000030127	369120	ops_par_loop_group_24	update_halo_kernel4_plus_4_a+update_halo_kernel2_xvel_minus_4_a+update_halo_kernel2_yvel_plus_4_a
3938	0.000022082	369120	ops_par_loop_group_25	update_halo_kernel4_plus_2_a+update_halo_kernel2_xvel_minus_2_a+update_halo_kernel2_yvel_plus_2_a
3939	0.000020459	246080	ops_par_loop_group_26	update_halo_kernel2_xvel_minus_4_b+update_halo_kernel2_yvel_plus_4_b
3940	0.000022423	369120	ops_par_loop_group_27	update_halo_kernel4_plus_4_b+update_halo_kernel2_xvel_minus_2_b+update_halo_kernel2_yvel_plus_2_b
3941	0.000019587	123040	ops_par_loop_update_halo_kernel4_plus_2_b_34	update_halo_kernel4_plus_2_b
3942	0.000563710	591053440	ops_par_loop_advec_cell_kernel1_xdir_35	advec_cell_kernel1_xdir
3943	0.000773358	708203544	ops_par_loop_advec_cell_kernel3_xdir_36	advec_cell_kernel3_xdir
3944	0.001459581	1533542400	ops_par_loop_advec_cell_kernel4_xdir_37	advec_cell_kernel4_xdir
3945	0.000021390	430528	ops_par_loop_update_halo_kernel1_b2_38	update_halo_kernel1_b2
3946	0.000021310	430528	ops_par_loop_update_halo_kernel1_b1_39	update_halo_kernel1_b1
3947	0.000021260	430528	ops_par_loop_update_halo_kernel1_t2_40	update_halo_kernel1_t2
3948	0.000020068	430528	ops_par_loop_update_halo_kernel1_t1_41	update_halo_kernel1_t1
3949	0.000019727	123040	ops_par_loop_update_halo_kernel3_plus_4_a_62	update_halo_kernel3_plus_4_a
3950	0.000018896	123040	ops_par_loop_update_halo_kernel3_plus_2_a_63	update_halo_kernel3_plus_2_a
3951	0.000019177	123040	ops_par_loop_update_halo_kernel3_plus_4_b_64	update_halo_kernel3_plus_4_b
3952	0.000018255	123040	ops_par_loop_update_halo_kernel3_plus_2_b_65	update_halo_kernel3_plus_2_b
3953	0.000026741	553536	ops_par_loop_group_40	update_halo_kernel1_l2+update_halo_kernel3_minus_4_a
3954	0.000023094	553536	ops_par_loop_group_41	update_halo_kernel1_l1+update_halo_kernel3_minus_2_a
3955	0.000019197	123008	ops_par_loop_update_halo_kernel3_minus_4_b_68	update_halo_kernel3_minus_4_b
3956	0.000025178	553536	ops_par_loop_group_43	update_halo_kernel1_r2+update_halo_kernel3_minus_2_b
3957	0.000021742	430528	ops_par_loop_update_halo_kernel1_r1_45	update_halo_kernel1_r1
3958	0.000563450	591053440	ops_par_loop_advec_mom_kernel_x1_70	advec_mom_kernel_x1
3959	0.000194910	236236864	ops_par_loop_advec_mom_kernel_mass_flux_x_71	advec_mom_kernel_mass_flux_x
3960	0.000575583	590438520	ops_par_loop_advec_mom_kernel_post_pre_advec_x_72	advec_mom_kernel_post_pre_advec_x
3961	0.000882346	472258640	ops_par_loop_advec_mom_kernel1_x_nonvector_73	advec_mom_kernel1_x_nonvector
3962	0.000447800	590131240	ops_par_loop_advec_mom_kernel2_x_74	advec_mom_kernel2_x
3963	0.000562108	591053440	ops_par_loop_advec_mom_kernel_x1_75	advec_mom_kernel_x1
3964	0.000193908	236236864	ops_par_loop_advec_mom_kernel_mass_flux_x_76	advec_mom_kernel_mass_flux_x
3965	0.000572127	590438520	ops_par_loop_advec_mom_kernel_post_pre_advec_x_77	advec_mom_kernel_post_pre_advec_x
3966	0.000883077	472258640	ops_par_loop_advec_mom_kernel1_x_nonvector_78	advec_mom_kernel1_x_nonvector
3967	0.000451017	590131240	ops_par_loop_advec_mom_kernel2_x_79	advec_mom_kernel2_x
3968	0.000496914	472842752	ops_par_loop_advec_cell_kernel2_ydir_80	advec_cell_kernel2_ydir
3969	0.000788758	708203544	ops_par_loop_advec_cell_kernel3_ydir_81	advec_cell_kernel3_ydir
3970	0.001472255	1533542400	ops_par_loop_advec_cell_kernel4_ydir_82	advec_cell_kernel4_ydir
3971	0.000023004	553536	ops_par_loop_group_58	update_halo_kernel1_b2+update_halo_kernel4_minus_4_a
3972	0.000021571	553536	ops_par_loop_group_59	update_halo_kernel1_b1+update_halo_kernel4_minus_2_a
3973	0.000020830	369120	ops_par_loop_group_60	update_halo_kernel2_xvel_plus_4_a+update_halo_kernel2_yvel_minus_4_a+update_halo_kernel3_plus_4_a
3974	0.000020058	369120	ops_par_loop_group_61	update_halo_kernel2_xvel_plus_2_a+update_halo_kernel2_yvel_minus_2_a+update_halo_kernel3_plus_2_a
3975	0.000019497	246080	ops_par_loop_group_62	update_halo_kernel2_xvel_plus_4_b+update_halo_kernel2_yvel_minus_4_b
3976	0.000020419	369120	ops_par_loop_group_63	update_halo_kernel2_xvel_plus_2_b+update_halo_kernel2_yvel_minus_2_b+update_halo_kernel3_plus_4_b
3977	0.000021311	246080	ops_par_loop_group_64	update_halo_kernel2_xvel_minus_4_b+update_halo_kernel2_yvel_plus_4_b
3978	0.000019076	123040	ops_par_loop_update_halo_kernel3_plus_2_b_110	update_halo_kernel3_plus_2_b
3979	0.000019167	123008	ops_par_loop_update_halo_kernel3_minus_4_b_113	update_halo_kernel3_minus_4_b
3980	0.000018365	123008	ops_par_loop_update_halo_kernel4_minus_4_b_117	update_halo_kernel4_minus_4_b
3981	0.000020649	553536	ops_par_loop_group_68	update_halo_kernel1_t2+update_halo_kernel4_minus_2_b
3982	0.000020018	430528	ops_par_loop_update_halo_kernel1_t1_86	update_halo_kernel1_t1
3983	0.000026420	553536	ops_par_loop_group_70	update_halo_kernel1_l2+update_halo_kernel3_minus_4_a
3984	0.000022132	553536	ops_par_loop_group_71	update_halo_kernel1_l1+update_halo_kernel3_minus_2_a
3985	0.000023755	553536	ops_par_loop_group_72	update_halo_kernel1_r2+update_halo_kernel3_minus_2_b
3986	0.000023756	430528	ops_par_loop_update_halo_kernel1_r1_90	update_halo_kernel1_r1
3987	0.000024066	369120	ops_par_loop_group_74	update_halo_kernel2_xvel_minus_4_a+update_halo_kernel2_yvel_plus_4_a+update_halo_kernel4_plus_4_a
3988	0.000020740	369120	ops_par_loop_group_75	update_halo_kernel2_xvel_minus_2_a+update_halo_kernel2_yvel_plus_2_a+update_halo_kernel4_plus_2_a
3989	0.000022472	369120	ops_par_loop_group_76	update_halo_kernel2_xvel_minus_2_b+update_halo_kernel2_yvel_plus_2_b+update_halo_kernel4_plus_4_b
3990	0.000018145	123040	ops_par_loop_update_halo_kernel4_plus_2_b_122	update_halo_kernel4_plus_2_b
3991	0.001791612	1416561152	ops_par_loop_group_78	advec_mom_kernel_y2+reset_field_kernel1+ideal_gas_kernel
3992	0.000194369	236236864	ops_par_loop_advec_mom_kernel_mass_flux_y_124	advec_mom_kernel_mass_flux_y
3993	0.000532721	590438520	ops_par_loop_advec_mom_kernel_post_pre_advec_y_125	advec_mom_kernel_post_pre_advec_y
3994	0.000877757	472258640	ops_par_loop_advec_mom_kernel1_y_nonvector_126	advec_mom_kernel1_y_nonvector
3995	0.000449754	590131240	ops_par_loop_advec_mom_kernel2_y_127	advec_mom_kernel2_y
3996	0.000490721	472842752	ops_par_loop_advec_mom_kernel_y2_128	advec_mom_kernel_y2
3997	0.000191924	236236864	ops_par_loop_advec_mom_kernel_mass_flux_y_129	advec_mom_kernel_mass_flux_y
3998	0.000530908	590438520	ops_par_loop_advec_mom_kernel_post_pre_advec_y_130	advec_mom_kernel_post_pre_advec_y
3999	0.000875844	472258640	ops_par_loop_advec_mom_kernel1_y_nonvector_131	advec_mom_kernel1_y_nonvector
4000	0.000731379	1062236232	ops_par_loop_group_87	advec_mom_kernel2_y+reset_field_kernel2
4001	0.000020659	430304	ops_par_loop_update_halo_kernel1_b1_136	update_halo_kernel1_b1
4002	0.000019858	430304	ops_par_loop_update_halo_kernel1_t1_137	update_halo_kernel1_t1
4003	0.000023625	430304	ops_par_loop_update_halo_kernel1_l1_138	update_halo_kernel1_l1
4004	0.000024026	430304	ops_par_loop_update_halo_kernel1_r1_139	update_halo_kernel1_r1
4005	0.000020809	245952	ops_par_loop_group_92	update_halo_kernel2_xvel_plus_2_a+update_halo_kernel2_yvel_minus_2_a
4006	0.000018435	245952	ops_par_loop_group_93	update_halo_kernel2_xvel_plus_2_b+update_halo_kernel2_yvel_minus_2_b
4007	0.000020710	245952	ops_par_loop_group_94	update_halo_kernel2_xvel_minus_2_a+update_halo_kernel2_yvel_plus_2_a
4008	0.000020930	245952	ops_par_loop_group_95	update_halo_kernel2_xvel_minus_2_b+update_halo_kernel2_yvel_plus_2_b
4009	0.001732991	589885440	ops_par_loop_viscosity_kernel_148	viscosity_kernel
4010	0.000021180	430304	ops_par_loop_update_halo_kernel1_b1_149	update_halo_kernel1_b1
4011	0.000019867	430304	ops_par_loop_update_halo_kernel1_t1_150	update_halo_kernel1_t1
4012	0.000023464	430304	ops_par_loop_update_halo_kernel1_l1_151	update_halo_kernel1_l1
4013	0.000023114	430304	ops_par_loop_update_halo_kernel1_r1_152	update_halo_kernel1_r1
4014	0.000916601	1061744640	ops_par_loop_calc_dt_kernel_153	calc_dt_kernel
4015	0.001490620	1887436800	ops_par_loop_group_0	PdV_kernel_predict+ideal_gas_kernel
4016	0.000022443	430304	ops_par_loop_update_halo_kernel1_b1_2	update_halo_kernel1_b1
4017	0.000021080	430304	ops_par_loop_update_halo_kernel1_t1_3	update_halo_kernel1_t1
4018	0.000024396	430304	ops_par_loop_update_halo_kernel1_l1_4	update_halo_kernel1_l1
4019	0.000023876	430304	ops_par_loop_update_halo_kernel1_r1_5	update_halo_kernel1_r1
4020	0.001555463	1770147928	ops_par_loop_group_5	revert_kernel+accelerate_kernel
4021	0.001355554	1651507200	ops_par_loop_PdV_kernel_nopredict_8	PdV_kernel_nopredict
4022	0.000362809	471982080	ops_par_loop_flux_calc_kernelx_9	flux_calc_kernelx
4023	0.000364052	471982080	ops_par_loop_flux_calc_kernely_10	flux_calc_kernely
4024	0.000022713	553536	ops_par_loop_group_9	update_halo_kernel1_b2+update_halo_kernel4_minus_4_a
4025	0.000021751	553536	ops_par_loop_group_10	update_halo_kernel1_b1+update_halo_kernel4_minus_2_a
4026	0.000021090	369120	ops_par_loop_group_11	update_halo_kernel3_plus_4_a+update_halo_kernel2_xvel_plus_4_a+update_halo_kernel2_yvel_minus_4_a
4027	0.000020499	369120	ops_par_loop_group_12	update_halo_kernel3_plus_2_a+update_halo_kernel2_xvel_plus_2_a+update_halo_kernel2_yvel_minus_2_a
4028	0.000018425	123008	ops_par_loop_update_halo_kernel4_minus_4_b_29	update_halo_kernel4_minus_4_b
4029	0.000021170	553536	ops_par_loop_group_14	update_halo_kernel1_t2+update_halo_kernel4_minus_2_b
4030	0.000020509	430528	ops_par_loop_update_halo_kernel1_t1_14	update_halo_kernel1_t1
4031	0.000020159	246080	ops_par_loop_group_16	update_halo_kernel2_xvel_plus_4_b+update_halo_kernel2_yvel_minus_4_b
4032	0.000020449	369120	ops_par_loop_group_17	update_halo_kernel3_plus_4_b+update_halo_kernel2_xvel_plus_2_b+update_halo_kernel2_yvel_minus_2_b
4033	0.000018395	123040	ops_par_loop_update_halo_kernel3_plus_2_b_22	update_halo_kernel3_plus_2_b
4034	0.000026400	553536	ops_par_loop_group_19	update_halo_kernel1_l2+update_halo_kernel3_minus_4_a
4035	0.000023074	553536	ops_par_loop_group_20	update_halo_kernel1_l1+update_halo_kernel3_minus_2_a
4036	0.000019196	123008	ops_par_loop_update_halo_kernel3_minus_4_b_25	update_halo_kernel3_minus_4_b
4037	0.000024136	553536	ops_par_loop_group_22	update_halo_kernel1_r2+update_halo_kernel3_minus_2_b
4038	0.000021731	430528	ops_par_loop_update_halo_kernel1_r1_18	update_halo_kernel1_r1
4039	0.000024607	369120	ops_par_loop_group_24	update_halo_kernel4_plus_4_a+update_halo_kernel2_xvel_minus_4_a+update_halo_kernel2_yvel_plus_4_a
4040	0.000021681	369120	ops_par_loop_group_25	update_halo_kernel4_plus_2_a+update_halo_kernel2_xvel_minus_2_a+update_halo_kernel2_yvel_plus_2_a
4041	0.000021380	246080	ops_par_loop_group_26	update_halo_kernel2_xvel_minus_4_b+update_halo_kernel2_yvel_plus_4_b
4042	0.000022433	369120	ops_par_loop_group_27	update_halo_kernel4_plus_4_b+update_halo_kernel2_xvel_minus_2_b+update_halo_kernel2_yvel_plus_2_b
4043	0.000018485	123040	ops_par_loop_update_halo_kernel4_plus_2_b_34	update_halo_kernel4_plus_2_b
4044	0.000563851	591053440	ops_par_loop_advec_cell_kernel1_ydir_35	advec_cell_kernel1_ydir
4045	0.000788878	708203544	ops_par_loop_advec_cell_kernel3_ydir_36	advec_cell_kernel3_ydir
4046	0.001474861	1533542400	ops_par_loop_advec_cell_kernel4_ydir_37	advec_cell_kernel4_ydir
4047	0.000022954	553536	ops_par_loop_group_32	update_halo_kernel1_b2+update_halo_kernel4_minus_4_a
4048	0.000021471	553536	ops_par_loop_group_33	update_halo_kernel1_b1+update_halo_kernel4_minus_2_a
4049	0.000018105	123008	ops_par_loop_update_halo_kernel4_minus_4_b_64	update_halo_kernel4_minus_4_b
4050	0.000021651	553536	ops_par_loop_group_35	update_halo_kernel1_t2+update_halo_kernel4_minus_2_b
4051	0.000021170	430528	ops_par_loop_update_halo_kernel1_t1_41	update_halo_kernel1_t1
4052	0.000024076	430528	ops_par_loop_update_halo_kernel1_l2_42	update_halo_kernel1_l2
4053	0.000022342	430528	ops_par_loop_update_halo_kernel1_l1_43	update_halo_kernel1_l1
4054	0.000024566	430528	ops_par_loop_update_halo_kernel1_r2_44	update_halo_kernel1_r2
4055	0.000022002	430528	ops_par_loop_update_halo_kernel1_r1_45	update_halo_kernel1_r1
4056	0.000019958	123040	ops_par_loop_update_halo_kernel4_plus_4_a_66	update_halo_kernel4_plus_4_a
4057	0.000018254	123040	ops_par_loop_update_halo_kernel4_plus_2_a_67	update_halo_kernel4_plus_2_a
4058	0.000019167	123040	ops_par_loop_update_halo_kernel4_plus_4_b_68	update_halo_kernel4_plus_4_b
4059	0.000018675	123040	ops_par_loop_update_halo_kernel4_plus_2_b_69	update_halo_kernel4_plus_2_b
4060	0.000562990	591053440	ops_par_loop_advec_mom_kernel_y1_70	advec_mom_kernel_y1
4061	0.000192014	236236864	ops_par_loop_advec_mom_kernel_mass_flux_y_71	advec_mom_kernel_mass_flux_y
4062	0.000531990	590438520	ops_par_loop_advec_mom_kernel_post_pre_advec_y_72	advec_mom_kernel_post_pre_advec_y
4063	0.000878708	472258640	ops_par_loop_advec_mom_kernel1_y_nonvector_73	advec_mom_kernel1_y_nonvector
4064	0.000448882	590131240	ops_par_loop_advec_mom_kernel2_y_74	advec_mom_kernel2_y
4065	0.000564151	591053440	ops_par_loop_advec_mom_kernel_y1_75	advec_mom_kernel_y1
4066	0.000193928	236236864	ops_par_loop_advec_mom_kernel_mass_flux_y_76	advec_mom_kernel_mass_flux_y
4067	0.000533723	590438520	ops_par_loop_advec_mom_kernel_post_pre_advec_y_77	advec_mom_kernel_post_pre_advec_y
4068	0.000877647	472258640	ops_par_loop_advec_mom_kernel1_y_nonvector_78	advec_mom_kernel1_y_nonvector
4069	0.000458020	590131240	ops_par_loop_advec_mom_kernel2_y_79	advec_mom_kernel2_y
4070	0.000492856	472842752	ops_par_loop_advec_cell_kernel2_xdir_80	advec_cell_kernel2_xdir
4071	0.000774030	708203544	ops_par_loop_advec_cell_kernel3_xdir_81	advec_cell_kernel3_xdir
4072	0.001468318	1533542400	ops_par_loop_advec_cell_kernel4_xdir_82	advec_cell_kernel4_xdir
4073	0.000023615	553536	ops_par_loop_group_58	update_halo_kernel1_b2+update_halo_kernel4_minus_4_a
4074	0.000021892	553536	ops_par_loop_group_59	update_halo_kernel1_b1+update_halo_kernel4_minus_2_a
4075	0.000022734	369120	ops_par_loop_group_60	update_halo_kernel2_xvel_plus_4_a+update_halo_kernel2_yvel_minus_4_a+update_halo_kernel3_plus_4_a
4076	0.000023294	369120	ops_par_loop_group_61	update_halo_kernel2_xvel_plus_2_a+update_halo_kernel2_yvel_minus_2_a+update_halo_kernel3_plus_2_a
4077	0.000021080	246080	ops_par_loop_group_62	update_halo_kernel2_xvel_plus_4_b+update_halo_kernel2_yvel_minus_4_b
4078	0.000021421	369120	ops_par_loop_group_63	update_halo_kernel2_xvel_plus_2_b+update_halo_kernel2_yvel_minus_2_b+update_halo_kernel3_plus_4_b
4079	0.000023143	246080	ops_par_loop_group_64	update_halo_kernel2_xvel_minus_4_b+update_halo_kernel2_yvel_plus_4_b
4080	0.000019738	123040	ops_par_loop_update_halo_kernel3_plus_2_b_110	update_halo_kernel3_plus_2_b
4081	0.000020008	123008	ops_par_loop_update_halo_kernel3_minus_4_b_113	update_halo_kernel3_minus_4_b
4082	0.000018405	123008	ops_par_loop_update_halo_kernel4_minus_4_b_117	update_halo_kernel4_minus_4_b
4083	0.000026280	553536	ops_par_loop_group_68	update_halo_kernel1_t2+update_halo_kernel4_minus_2_b
4084	0.000021811	430528	ops_par_loop_update_halo_kernel1_t1_86	update_halo_kernel1_t1
4085	0.000028064	553536	ops_par_loop_group_70	update_halo_kernel1_l2+update_halo_kernel3_minus_4_a
4086	0.000024716	553536	ops_par_loop_group_71	update_halo_kernel1_l1+update_halo_kernel3_minus_2_a
4087	0.000025549	553536	ops_par_loop_group_72	update_halo_kernel1_r2+update_halo_kernel3_minus_2_b
4088	0.000022302	430528	ops_par_loop_update_halo_kernel1_r1_90	update_halo_kernel1_r1
4089	0.000023946	369120	ops_par_loop_group_74	update_halo_kernel2_xvel_minus_4_a+update_halo_kernel2_yvel_plus_4_a+update_halo_kernel4_plus_4_a
4090	0.000021271	369120	ops_par_loop_group_75	update_halo_kernel2_xvel_minus_2_a+update_halo_kernel2_yvel_plus_2_a+update_halo_kernel4_plus_2_a
4091	0.000023635	369120	ops_par_loop_group_76	update_halo_kernel2_xvel_minus_2_b+update_halo_kernel2_yvel_plus_2_b+update_halo_kernel4_plus_4_b
4092	0.000020339	123040	ops_par_loop_update_halo_kernel4_plus_2_b_122	update_halo_kernel4_plus_2_b
4093	0.001784809	1416561152	ops_par_loop_group_78	advec_mom_kernel_x2+reset_field_kernel1+ideal_gas_kernel
4094	0.000196463	236236864	ops_par_loop_advec_mom_kernel_mass_flux_x_124	advec_mom_kernel_mass_flux_x
4095	0.000573268	590438520	ops_par_loop_advec_mom_kernel_post_pre_advec_x_125	advec_mom_kernel_post_pre_advec_x
4096	0.000883498	472258640	ops_par_loop_advec_mom_kernel1_x_nonvector_126	advec_mom_kernel1_x_nonvector
4097	0.000448772	590131240	ops_par_loop_advec_mom_kernel2_x_127	advec_mom_kernel2_x
4098	0.000497625	472842752	ops_par_loop_advec_mom_kernel_x2_128	advec_mom_kernel_x2
4099	0.000195341	236236864	ops_par_loop_advec_mom_kernel_mass_flux_x_129	advec_mom_kernel_mass_flux_x
4100	0.000572978	590438520	ops_par_loop_advec_mom_kernel_post_pre_advec_x_130	advec_mom_kernel_post_pre_advec_x
4101	0.000884149	472258640	ops_par_loop_advec_mom_kernel1_x_nonvector_131	advec_mom_kernel1_x_nonvector
4102	0.000733834	1062236232	ops_par_loop_group_87	advec_mom_kernel2_x+reset_field_kernel2
4103	0.000489359	471859200	ops_par_loop_ideal_gas_kernel_0	ideal_gas_kernel
4104	0.000022342	430304	ops_par_loop_update_halo_kernel1_b1_1	update_halo_kernel1_b1
4105	0.000020619	430304	ops_par_loop_update_halo_kernel1_t1_2	update_halo_kernel1_t1
4106	0.000023966	430304	ops_par_loop_update_halo_kernel1_l1_3	update_halo_kernel1_l1
4107	0.000023304	430304	ops_par_loop_update_halo_kernel1_r1_4	update_halo_kernel1_r1
4108	0.000019216	245952	ops_par_loop_group_5	update_halo_kernel2_xvel_plus_2_a+update_halo_kernel2_yvel_minus_2_a
4109	0.000018926	245952	ops_par_loop_group_6	update_halo_kernel2_xvel_plus_2_b+update_halo_kernel2_yvel_minus_2_b
4110	0.000021401	245952	ops_par_loop_group_7	update_halo_kernel2_xvel_minus_2_a+update_halo_kernel2_yvel_plus_2_a
4111	0.000020739	245952	ops_par_loop_group_8	update_halo_kernel2_xvel_minus_2_b+update_halo_kernel2_yvel_plus_2_b
4112	0.001733522	589885440	ops_par_loop_viscosity_kernel_13	viscosity_kernel
4113	0.000020990	430304	ops_par_loop_update_halo_kernel1_b1_14	update_halo_kernel1_b1
4114	0.000019307	430304	ops_par_loop_update_halo_kernel1_t1_15	update_halo_kernel1_t1
4115	0.000023174	430304	ops_par_loop_update_halo_kernel1_l1_16	update_halo_kernel1_l1
4116	0.000022873	430304	ops_par_loop_update_halo_kernel1_r1_17	update_halo_kernel1_r1
4117	0.000916821	1061744640	ops_par_loop_calc_dt_kernel_18	calc_dt_kernel
4118	0.001490390	1887436800	ops_par_loop_group_0	PdV_kernel_predict+ideal_gas_kernel
4119	0.000022703	430304	ops_par_loop_update_halo_kernel1_b1_2	update_halo_kernel1_b1
4120	0.000019307	430304	ops_par_loop_update_halo_kernel1_t1_3	update_halo_kernel1_t1
4121	0.000023084	430304	ops_par_loop_update_halo_kernel1_l1_4	update_halo_kernel1_l1
4122	0.000023544	430304	ops_par_loop_update_halo_kernel1_r1_5	update_halo_kernel1_r1
4123	0.001556425	1770147928	ops_par_loop_group_5	revert_kernel+accelerate_kernel
4124	0.001354342	1651507200	ops_par_loop_PdV_kernel_nopredict_8	PdV_kernel_nopredict
4125	0.000361787	471982080	ops_par_loop_flux_calc_kernelx_9	flux_calc_kernelx
4126	0.000358942	471982080	ops_par_loop_flux_calc_kernely_10	flux_calc_kernely
4127	0.000021711	553536	ops_par_loop_group_9	update_halo_kernel1_b2+update_halo_kernel4_minus_4_a
4128	0.000021671	553536	ops_par_loop_group_10	update_halo_kernel1_b1+update_halo_kernel4_minus_2_a
4129	0.000021410	369120	ops_par_loop_group_11	update_halo_kernel3_plus_4_a+update_halo_kernel2_xvel_plus_4_a+update_halo_kernel2_yvel_minus_4_a
4130	0.000020048	369120	ops_par_loop_group_12	update_halo_kernel3_plus_2_a+update_halo_kernel2_xvel_plus_2_a+update_halo_kernel2_yvel_minus_2_a
4131	0.000019196	123008	ops_par_loop_update_halo_kernel4_minus_4_b_29	update_halo_kernel4_minus_4_b
4132	0.000020248	553536	ops_par_loop_group_14	update_halo_kernel1_t2+update_halo_kernel4_minus_2_b
4133	0.000020078	430528	ops_par_loop_update_halo_kernel1_t1_14	update_halo_kernel1_t1
4134	0.000019487	246080	ops_par_loop_group_16	update_halo_kernel2_xvel_plus_4_b+update_halo_kernel2_yvel_minus_4_b
4135	0.000021191	369120	ops_par_loop_group_17	update_halo_kernel3_plus_4_b+update_halo_kernel2_xvel_plus_2_b+update_halo_kernel2_yvel_minus_2_b
4136	0.000018786	123040	ops_par_loop_update_halo_kernel3_plus_2_b_22	update_halo_kernel3_plus_2_b
4137	0.000024747	553536	ops_par_loop_group_19	update_halo_kernel1_l2+update_halo_kernel3_minus_4_a
4138	0.000023033	553536	ops_par_loop_group_20	update_halo_kernel1_l1+update_halo_kernel3_minus_2_a
4139	0.000019387	123008	ops_par_loop_update_halo_kernel3_minus_4_b_25	update_halo_kernel3_minus_4_b
4140	0.000023956	553536	ops_par_loop_group_22	update_halo_kernel1_r2+update_halo_kernel3_minus_2_b
4141	0.000021360	430528	ops_par_loop_update_halo_kernel1_r1_18	update_halo_kernel1_r1
4142	0.000023655	369120	ops_par_loop_group_24	update_halo_kernel4_plus_4_a+update_halo_kernel2_xvel_minus_4_a+update_halo_kernel2_yvel_plus_4_a
4143	0.000022202	369120	ops_par_loop_group_25	update_halo_kernel4_plus_2_a+update_halo_kernel2_xvel_minus_2_a+update_halo_kernel2_yvel_plus_2_a
4144	0.000021020	246080	ops_par_loop_group_26	update_halo_kernel2_xvel_minus_4_b+update_halo_kernel2_yvel_plus_4_b
4145	0.000022353	369120	ops_par_loop_group_27	update_halo_kernel4_plus_4_b+update_halo_kernel2_xvel_minus_2_b+update_halo_kernel2_yvel_plus_2_b
4146	0.000018436	123040	ops_par_loop_update_halo_kernel4_plus_2_b_34	update_halo_kernel4_plus_2_b
4147	0.000564933	591053440	ops_par_loop_advec_cell_kernel1_xdir_35	advec_cell_kernel1_xdir
4148	0.000772517	708203544	ops_par_loop_advec_cell_kernel3_xdir_36	advec_cell_kernel3_xdir
4149	0.001460684	1533542400	ops_par_loop_advec_cell_kernel4_xdir_37	advec_cell_kernel4_xdir
4150	0.000022092	430528	ops_par_loop_update_halo_kernel1_b2_38	update_halo_kernel1_b2
4151	0.000021200	430528	ops_par_loop_update_halo_kernel1_b1_39	update_halo_kernel1_b1
4152	0.000021120	430528	ops_par_loop_update_halo_kernel1_t2_40	update_halo_kernel1_t2
4153	0.000020779	430528	ops_par_loop_update_halo_kernel1_t1_41	update_halo_kernel1_t1
4154	0.000018575	123040	ops_par_loop_update_halo_kernel3_plus_4_a_62	update_halo_kernel3_plus_4_a
4155	0.000018595	123040	ops_par_loop_update_halo_kernel3_plus_2_a_63	update_halo_kernel3_plus_2_a
4156	0.000017964	123040	ops_par_loop_update_halo_kernel3_plus_4_b_64	update_halo_kernel3_plus_4_b
4157	0.000018064	123040	ops_par_loop_update_halo_kernel3_plus_2_b_65	update_halo_kernel3_plus_2_b
4158	0.000026139	553536	ops_par_loop_group_40	update_halo_kernel1_l2+update_halo_kernel3_minus_4_a
4159	0.000024126	553536	ops_par_loop_group_41	update_halo_kernel1_l1+update_halo_kernel3_minus_2_a
4160	0.000019768	123008	ops_par_loop_update_halo_kernel3_minus_4_b_68	update_halo_kernel3_minus_4_b
4161	0.000025569	553536	ops_par_loop_group_43	update_halo_kernel1_r2+update_halo_kernel3_minus_2_b
4162	0.000022282	430528	ops_par_loop_update_halo_kernel1_r1_45	update_halo_kernel1_r1
4163	0.000561006	591053440	ops_par_loop_advec_mom_kernel_x1_70	advec_mom_kernel_x1
4164	0.000194679	236236864	ops_par_loop_advec_mom_kernel_mass_flux_x_71	advec_mom_kernel_mass_flux_x
4165	0.000575854	590438520	ops_par_loop_advec_mom_kernel_post_pre_advec_x_72	advec_mom_kernel_post_pre_advec_x
4166	0.000882697	472258640	ops_par_loop_advec_mom_kernel1_x_nonvector_73	advec_mom_kernel1_x_nonvector
4167	0.000445456	590131240	ops_par_loop_advec_mom_kernel2_x_74	advec_mom_kernel2_x
4168	0.000562097	591053440	ops_par_loop_advec_mom_kernel_x1_75	advec_mom_kernel_x1
4169	0.000195361	236236864	ops_par_loop_advec_mom_kernel_mass_flux_x_76	advec_mom_kernel_mass_flux_x
4170	0.000574832	590438520	ops_par_loop_advec_mom_kernel_post_pre_advec_x_77	advec_mom_kernel_post_pre_advec_x
4171	0.000883188	472258640	ops_par_loop_advec_mom_kernel1_x_nonvector_78	advec_mom_kernel1_x_nonvector
4172	0.000448331	590131240	ops_par_loop_advec_mom_kernel2_x_79	advec_mom_kernel2_x
4173	0.000497244	472842752	ops_par_loop_advec_cell_kernel2_ydir_80	advec_cell_kernel2_ydir
4174	0.000788498	708203544	ops_par_loop_advec_cell_kernel3_ydir_81	advec_cell_kernel3_ydir
4175	0.001472466	1533542400	ops_par_loop_advec_cell_kernel4_ydir_82	advec_cell_kernel4_ydir
4176	0.000023134	553536	ops_par_loop_group_58	update_halo_kernel1_b2+update_halo_kernel4_minus_4_a
4177	0.000021802	553536	ops_par_loop_group_59	update_halo_kernel1_b1+update_halo_kernel4_minus_2_a
4178	0.000021701	369120	ops_par_loop_group_60	update_halo_kernel2_xvel_plus_4_a+update_halo_kernel2_yvel_minus_4_a+update_halo_kernel3_plus_4_a
4179	0.000020789	369120	ops_par_loop_group_61	update_halo_kernel2_xvel_plus_2_a+update_halo_kernel2_yvel_minus_2_a+update_halo_kernel3_plus_2_a
4180	0.000020239	246080	ops_par_loop_group_62	update_halo_kernel2_xvel_plus_4_b+update_halo_kernel2_yvel_minus_4_b
4181	0.000021101	369120	ops_par_loop_group_63	update_halo_kernel2_xvel_plus_2_b+update_halo_kernel2_yvel_minus_2_b+update_halo_kernel3_plus_4_b
4182	0.000021581	246080	ops_par_loop_group_64	update_halo_kernel2_xvel_minus_4_b+update_halo_kernel2_yvel_plus_4_b
4183	0.000019046	123040	ops_par_loop_update_halo_kernel3_plus_2_b_110	update_halo_kernel3_plus_2_b
4184	0.000019126	123008	ops_par_loop_update_halo_kernel3_minus_4_b_113	update_halo_kernel3_minus_4_b
4185	0.000018194	123008	ops_par_loop_update_halo_kernel4_minus_4_b_117	update_halo_kernel4_minus_4_b
4186	0.000021290	553536	ops_par_loop_group_68	update_halo_kernel1_t2+update_halo_kernel4_minus_2_b
4187	0.000020259	430528	ops_par_loop_update_halo_kernel1_t1_86	update_halo_kernel1_t1
4188	0.000027613	553536	ops_par_loop_group_70	update_halo_kernel1_l2+update_halo_kernel3_minus_4_a
4189	0.000022402	553536	ops_par_loop_group_71	update_halo_kernel1_l1+update_halo_kernel3_minus_2_a
4190	0.000025188	553536	ops_par_loop_group_72	update_halo_kernel1_r2+update_halo_kernel3_minus_2_b
4191	0.000021060	430528	ops_par_loop_update_halo_kernel1_r1_90	update_halo_kernel1_r1
4192	0.000023465	369120	ops_par_loop_group_74	update_halo_kernel2_xvel_minus_4_a+update_halo_kernel2_yvel_plus_4_a+update_halo_kernel4_plus_4_a
4193	0.000021230	369120	ops_par_loop_group_75	update_halo_kernel2_xvel_minus_2_a+update_halo_kernel2_yvel_plus_2_a+update_halo_kernel4_plus_2_a
4194	0.000022693	369120	ops_par_loop_group_76	update_halo_kernel2_xvel_minus_2_b+update_halo_kernel2_yvel_plus_2_b+update_halo_kernel4_plus_4_b
4195	0.000018956	123040	ops_par_loop_update_halo_kernel4_plus_2_b_122	update_halo_kernel4_plus_2_b
4196	0.001792163	1416561152	ops_par_loop_group_78	advec_mom_kernel_y2+reset_field_kernel1+ideal_gas_kernel
4197	0.000194389	236236864	ops_par_loop_advec_mom_kernel_mass_flux_y_124	advec_mom_kernel_mass_flux_y
4198	0.000533483	590438520	ops_par_loop_advec_mom_kernel_post_pre_advec_y_125	advec_mom_kernel_post_pre_advec_y
4199	0.000878147	472258640	ops_par_loop_advec_mom_kernel1_y_nonvector_126	advec_mom_kernel1_y_nonvector
4200	0.000447350	590131240	ops_par_loop_advec_mom_kernel2_y_127	advec_mom_kernel2_y
4201	0.000490661	472842752	ops_par_loop_advec_mom_kernel_y2_128	advec_mom_kernel_y2
4202	0.000195431	236236864	ops_par_loop_advec_mom_kernel_mass_flux_y_129	advec_mom_kernel_mass_flux_y
4203	0.000536479	590438520	ops_par_loop_advec_mom_kernel_post_pre_advec_y_130	advec_mom_kernel_post_pre_advec_y
4204	0.000877696	472258640	ops_par_loop_advec_mom_kernel1_y_nonvector_131	advec_mom_kernel1_y_nonvector
4205	0.000731049	1062236232	ops_par_loop_group_87	advec_mom_kernel2_y+reset_field_kernel2
4206	0.000022643	430304	ops_par_loop_update_halo_kernel1_b1_136	update_halo_kernel1_b1
4207	0.000021251	430304	ops_par_loop_update_halo_kernel1_t1_137	update_halo_kernel1_t1
4208	0.000025128	430304	ops_par_loop_update_halo_kernel1_l1_138	update_halo_kernel1_l1
4209	0.000024667	430304	ops_par_loop_update_halo_kernel1_r1_139	update_halo_kernel1_r1
4210	0.000020870	245952	ops_par_loop_group_92	update_halo_kernel2_xvel_plus_2_a+update_halo_kernel2_yvel_minus_2_a
4211	0.000020378	245952	ops_par_loop_group_93	update_halo_kernel2_xvel_plus_2_b+update_halo_kernel2_yvel_minus_2_b
4212	0.000020719	245952	ops_par_loop_group_94	update_halo_kernel2_xvel_minus_2_a+update_halo_kernel2_yvel_plus_2_a
4213	0.000021832	245952	ops_par_loop_group_95	update_halo_kernel2_xvel_minus_2_b+update_halo_kernel2_yvel_plus_2_b
4214	0.001735035	589885440	ops_par_loop_viscosity_kernel_148	viscosity_kernel
4215	0.000022983	430304	ops_par_loop_update_halo_kernel1_b1_149	update_halo_kernel1_b1
4216	0.000020519	430304	ops_par_loop_update_halo_kernel1_t1_150	update_halo_kernel1_t1
4217	0.000023905	430304	ops_par_loop_update_halo_kernel1_l1_151	update_halo_kernel1_l1
4218	0.000024486	430304	ops_par_loop_update_halo_kernel1_r1_152	update_halo_kernel1_r1
4219	0.000918244	1061744640	ops_par_loop_calc_dt_kernel_153	calc_dt_kernel
4220	0.001487124	1887436800	ops_par_loop_group_0	PdV_kernel_predict+ideal_gas_kernel
4221	0.000022272	430304	ops_par_loop_update_halo_kernel1_b1_2	update_halo_kernel1_b1
4222	0.000020529	430304	ops_par_loop_update_halo_kernel1_t1_3	update_halo_kernel1_t1
4223	0.000023645	430304	ops_par_loop_update_halo_kernel1_l1_4	update_halo_kernel1_l1
4224	0.000023645	430304	ops_par_loop_update_halo_kernel1_r1_5	update_halo_kernel1_r1
4225	0.001556345	1770147928	ops_par_loop_group_5	revert_kernel+accelerate_kernel
4226	0.001359251	1651507200	ops_par_loop_PdV_kernel_nopredict_8	PdV_kernel_nopredict
4227	0.000361336	471982080	ops_par_loop_flux_calc_kernelx_9	flux_calc_kernelx
4228	0.000357469	471982080	ops_par_loop_flux_calc_kernely_10	flux_calc_kernely
4229	0.000022132	553536	ops_par_loop_group_9	update_halo_kernel1_b2+update_halo_kernel4_minus_4_a
4230	0.000021090	553536	ops_par_loop_group_10	update_halo_kernel1_b1+update_halo_kernel4_minus_2_a
4231	0.000021441	369120	ops_par_loop_group_11	update_halo_kernel3_plus_4_a+update_halo_kernel2_xvel_plus_4_a+update_halo_kernel2_yvel_minus_4_a
4232	0.000020589	369120	ops_par_loop_group_12	update_halo_kernel3_plus_2_a+update_halo_kernel2_xvel_plus_2_a+update_halo_kernel2_yvel_minus_2_a
4233	0.000017934	123008	ops_par_loop_update_halo_kernel4_minus_4_b_29	update_halo_kernel4_minus_4_b
4234	0.000020399	553536	ops_par_loop_group_14	update_halo_kernel1_t2+update_halo_kernel4_minus_2_b
4235	0.000020759	430528	ops_par_loop_update_halo_kernel1_t1_14	update_halo_kernel1_t1
4236	0.000019677	246080	ops_par_loop_group_16	update_halo_kernel2_xvel_plus_4_b+update_halo_kernel2_yvel_minus_4_b
4237	0.000020448	369120	ops_par_loop_group_17	update_halo_kernel3_plus_4_b+update_halo_kernel2_xvel_plus_2_b+update_halo_kernel2_yvel_minus_2_b
4238	0.000018986	123040	ops_par_loop_update_halo_kernel3_plus_2_b_22	update_halo_kernel3_plus_2_b
4239	0.000025749	553536	ops_par_loop_group_19	update_halo_kernel1_l2+update_halo_kernel3_minus_4_a
4240	0.000023434	553536	ops_par_loop_group_20	update_halo_kernel1_l1+update_halo_kernel3_minus_2_a
4241	0.000018324	123008	ops_par_loop_update_halo_kernel3_minus_4_b_25	update_halo_kernel3_minus_4_b
4242	0.000023996	553536	ops_par_loop_group_22	update_halo_kernel1_r2+update_halo_kernel3_minus_2_b
4243	0.000021711	430528	ops_par_loop_update_halo_kernel1_r1_18	update_halo_kernel1_r1
4244	0.000023064	369120	ops_par_loop_group_24	update_halo_kernel4_plus_4_a+update_halo_kernel2_xvel_minus_4_a+update_halo_kernel2_yvel_plus_4_a
4245	0.000021981	369120	ops_par_loop_group_25	update_halo_kernel4_plus_2_a+update_halo_kernel2_xvel_minus_2_a+update_halo_kernel2_yvel_plus_2_a
4246	0.000020479	246080	ops_par_loop_group_26	update_halo_kernel2_xvel_minus_4_b+update_halo_kernel2_yvel_plus_4_b
4247	0.000022233	369120	ops_par_loop_group_27	update_halo_kernel4_plus_4_b+update_halo_kernel2_xvel_minus_2_b+update_halo_kernel2_yvel_plus_2_b
4248	0.000018705	123040	ops_par_loop_update_halo_kernel4_plus_2_b_34	update_halo_kernel4_plus_2_b
4249	0.000562929	591053440	ops_par_loop_advec_cell_kernel1_ydir_35	advec_cell_kernel1_ydir
4250	0.000787786	708203544	ops_par_loop_advec_cell_kernel3_ydir_36	advec_cell_kernel3_ydir
4251	0.001469190	1533542400	ops_par_loop_advec_cell_kernel4_ydir_37	advec_cell_kernel4_ydir
4252	0.000022913	553536	ops_par_loop_group_32	update_halo_kernel1_b2+update_halo_kernel4_minus_4_a
4253	0.000021381	553536	ops_par_loop_group_33	update_halo_kernel1_b1+update_halo_kernel4_minus_2_a
4254	0.000018265	123008	ops_par_loop_update_halo_kernel4_minus_4_b_64	update_halo_kernel4_minus_4_b
4255	0.000021110	553536	ops_par_loop_group_35	update_halo_kernel1_t2+update_halo_kernel4_minus_2_b
4256	0.000020560	430528	ops_par_loop_update_halo_kernel1_t1_41	update_halo_kernel1_t1
4257	0.000023495	430528	ops_par_loop_update_halo_kernel1_l2_42	update_halo_kernel1_l2
4258	0.000020840	430528	ops_par_loop_update_halo_kernel1_l1_43	update_halo_kernel1_l1
4259	0.000024196	430528	ops_par_loop_update_halo_kernel1_r2_44	update_halo_kernel1_r2
4260	0.000021521	430528	ops_par_loop_update_halo_kernel1_r1_45	update_halo_kernel1_r1
4261	0.000019437	123040	ops_par_loop_update_halo_kernel4_plus_4_a_66	update_halo_kernel4_plus_4_a
4262	0.000017944	123040	ops_par_loop_update_halo_kernel4_plus_2_a_67	update_halo_kernel4_plus_2_a
4263	0.000018686	123040	ops_par_loop_update_halo_kernel4_plus_4_b_68	update_halo_kernel4_plus_4_b
4264	0.000018825	123040	ops_par_loop_update_halo_kernel4_plus_2_b_69	update_halo_kernel4_plus_2_b
4265	0.000562028	591053440	ops_par_loop_advec_mom_kernel_y1_70	advec_mom_kernel_y1
4266	0.000191865	236236864	ops_par_loop_advec_mom_kernel_mass_flux_y_71	advec_mom_kernel_mass_flux_y
4267	0.000532952	590438520	ops_par_loop_advec_mom_kernel_post_pre_advec_y_72	advec_mom_kernel_post_pre_advec_y
4268	0.000877557	472258640	ops_par_loop_advec_mom_kernel1_y_nonvector_73	advec_mom_kernel1_y_nonvector
4269	0.000444264	590131240	ops_par_loop_advec_mom_kernel2_y_74	advec_mom_kernel2_y
4270	0.000562889	591053440	ops_par_loop_advec_mom_kernel_y1_75	advec_mom_kernel_y1
4271	0.000191623	236236864	ops_par_loop_advec_mom_kernel_mass_flux_y_76	advec_mom_kernel_mass_flux_y
4272	0.000532551	590438520	ops_par_loop_advec_mom_kernel_post_pre_advec_y_77	advec_mom_kernel_post_pre_advec_y
4273	0.000874891	472258640	ops_par_loop_advec_mom_kernel1_y_nonvector_78	advec_mom_kernel1_y_nonvector
4274	0.000457699	590131240	ops_par_loop_advec_mom_kernel2_y_79	advec_mom_kernel2_y
4275	0.000490472	472842752	ops_par_loop_advec_cell_kernel2_xdir_80	advec_cell_kernel2_xdir
4276	0.000773569	708203544	ops_par_loop_advec_cell_kernel3_xdir_81	advec_cell_kernel3_xdir
4277	0.001459612	1533542400	ops_par_loop_advec_cell_kernel4_xdir_82	advec_cell_kernel4_xdir
4278	0.000023234	553536	ops_par_loop_group_58	update_halo_kernel1_b2+update_halo_kernel4_minus_4_a
4279	0.000021641	553536	ops_par_loop_group_59	update_halo_kernel1_b1+update_halo_kernel4_minus_2_a
4280	0.000021230	369120	ops_par_loop_group_60	update_halo_kernel2_xvel_plus_4_a+update_halo_kernel2_yvel_minus_4_a+update_halo_kernel3_plus_4_a
4281	0.000021511	369120	ops_par_loop_group_61	update_halo_kernel2_xvel_plus_2_a+update_halo_kernel2_yvel_minus_2_a+update_halo_kernel3_plus_2_a
4282	0.000019187	246080	ops_par_loop_group_62	update_halo_kernel2_xvel_plus_4_b+update_halo_kernel2_yvel_minus_4_b
4283	0.000020950	369120	ops_par_loop_group_63	update_halo_kernel2_xvel_plus_2_b+update_halo_kernel2_yvel_minus_2_b+update_halo_kernel3_plus_4_b
4284	0.000020710	246080	ops_par_loop_group_64	update_halo_kernel2_xvel_minus_4_b+update_halo_kernel2_yvel_plus_4_b
4285	0.000019818	123040	ops_par_loop_update_halo_kernel3_plus_2_b_110	update_halo_kernel3_plus_2_b
4286	0.000019467	123008	ops_par_loop_update_halo_kernel3_minus_4_b_113	update_halo_kernel3_minus_4_b
4287	0.000018265	123008	ops_par_loop_update_halo_kernel4_minus_4_b_117	update_halo_kernel4_minus_4_b
4288	0.000020729	553536	ops_par_loop_group_68	update_halo_kernel1_t2+update_halo_kernel4_minus_2_b
4289	0.000020179	430528	ops_par_loop_update_halo_kernel1_t1_86	update_halo_kernel1_t1
4290	0.000025979	553536	ops_par_loop_group_70	update_halo_kernel1_l2+update_halo_kernel3_minus_4_a
4291	0.000022763	553536	ops_par_loop_group_71	update_halo_kernel1_l1+update_halo_kernel3_minus_2_a
4292	0.000025158	553536	ops_par_loop_group_72	update_halo_kernel1_r2+update_halo_kernel3_minus_2_b
4293	0.000022272	430528	ops_par_loop_update_halo_kernel1_r1_90	update_halo_kernel1_r1
4294	0.000023545	369120	ops_par_loop_group_74	update_halo_kernel2_xvel_minus_4_a+update_halo_kernel2_yvel_plus_4_a+update_halo_kernel4_plus_4_a
4295	0.000022543	369120	ops_par_loop_group_75	update_halo_kernel2_xvel_minus_2_a+update_halo_kernel2_yvel_plus_2_a+update_halo_kernel4_plus_2_a
4296	0.000027833	369120	ops_par_loop_group_76	update_halo_kernel2_xvel_minus_2_b+update_halo_kernel2_yvel_plus_2_b+update_halo_kernel4_plus_4_b
4297	0.000019407	123040	ops_par_loop_update_halo_kernel4_plus_2_b_122	update_halo_kernel4_plus_2_b
4298	0.001796843	1416561152	ops_par_loop_group_78	advec_mom_kernel_x2+reset_field_kernel1+ideal_gas_kernel
4299	0.000197435	236236864	ops_par_loop_advec_mom_kernel_mass_flux_x_124	advec_mom_kernel_mass_flux_x
4300	0.000576405	590438520	ops_par_loop_advec_mom_kernel_post_pre_advec_x_125	advec_mom_kernel_post_pre_advec_x
4301	0.000882756	472258640	ops_par_loop_advec_mom_kernel1_x_nonvector_126	advec_mom_kernel1_x_nonvector
4302	0.000445516	590131240	ops_par_loop_advec_mom_kernel2_x_127	advec_mom_kernel2_x
4303	0.000504828	472842752	ops_par_loop_advec_mom_kernel_x2_128	advec_mom_kernel_x2
4304	0.000194570	236236864	ops_par_loop_advec_mom_kernel_mass_flux_x_129	advec_mom_kernel_mass_flux_x
4305	0.000574581	590438520	ops_par_loop_advec_mom_kernel_post_pre_advec_x_130	advec_mom_kernel_post_pre_advec_x
4306	0.000884059	472258640	ops_par_loop_advec_mom_kernel1_x_nonvector_131	advec_mom_kernel1_x_nonvector
4307	0.000733202	1062236232	ops_par_loop_group_87	advec_mom_kernel2_x+reset_field_kernel2
4308	0.000021821	430304	ops_par_loop_update_halo_kernel1_b1_136	update_halo_kernel1_b1
4309	0.000019587	430304	ops_par_loop_update_halo_kernel1_t1_137	update_halo_kernel1_t1
4310	0.000024075	430304	ops_par_loop_update_halo_kernel1_l1_138	update_halo_kernel1_l1
4311	0.000024457	430304	ops_par_loop_update_halo_kernel1_r1_139	update_halo_kernel1_r1
4312	0.000019607	245952	ops_par_loop_group_92	update_halo_kernel2_xvel_plus_2_a+update_halo_kernel2_yvel_minus_2_a
4313	0.000020469	245952	ops_par_loop_group_93	update_halo_kernel2_xvel_plus_2_b+update_halo_kernel2_yvel_minus_2_b
4314	0.000021841	245952	ops_par_loop_group_94	update_halo_kernel2_xvel_minus_2_a+update_halo_kernel2_yvel_plus_2_a
4315	0.000022022	245952	ops_par_loop_group_95	update_halo_kernel2_xvel_minus_2_b+update_halo_kernel2_yvel_plus_2_b
4316	0.001733732	589885440	ops_par_loop_viscosity_kernel_148	viscosity_kernel
4317	0.000021791	430304	ops_par_loop_update_halo_kernel1_b1_149	update_halo_kernel1_b1
4318	0.000020479	430304	ops_par_loop_update_halo_kernel1_t1_150	update_halo_kernel1_t1
4319	0.000028434	430304	ops_par_loop_update_halo_kernel1_l1_151	update_halo_kernel1_l1
4320	0.000023404	430304	ops_par_loop_update_halo_kernel1_r1_152	update_halo_kernel1_r1
4321	0.000916861	1061744640	ops_par_loop_calc_dt_kernel_153	calc_dt_kernel
4322	0.001487574	1887436800	ops_par_loop_group_0	PdV_kernel_predict+ideal_gas_kernel
4323	0.000021731	430304	ops_par_loop_update_halo_kernel1_b1_2	update_halo_kernel1_b1
4324	0.000019397	430304	ops_par_loop_update_halo_kernel1_t1_3	update_halo_kernel1_t1
4325	0.000023004	430304	ops_par_loop_update_halo_kernel1_l1_4	update_halo_kernel1_l1
4326	0.000023564	430304	ops_par_loop_update_halo_kernel1_r1_5	update_halo_kernel1_r1
4327	0.001556215	1770147928	ops_par_loop_group_5	revert_kernel+accelerate_kernel
4328	0.001354031	1651507200	ops_par_loop_PdV_kernel_nopredict_8	PdV_kernel_nopredict
4329	0.000364532	471982080	ops_par_loop_flux_calc_kernelx_9	flux_calc_kernelx
4330	0.000359793	471982080	ops_par_loop_flux_calc_kernely_10	flux_calc_kernely
4331	0.000021821	553536	ops_par_loop_group_9	update_halo_kernel1_b2+update_halo_kernel4_minus_4_a
4332	0.000020739	553536	ops_par_loop_group_10	update_halo_kernel1_b1+update_halo_kernel4_minus_2_a
4333	0.000021280	369120	ops_par_loop_group_11	update_halo_kernel3_plus_4_a+update_halo_kernel2_xvel_plus_4_a+update_halo_kernel2_yvel_minus_4_a
4334	0.000020188	369120	ops_par_loop_group_12	update_halo_kernel3_plus_2_a+update_halo_kernel2_xvel_plus_2_a+update_halo_kernel2_yvel_minus_2_a
4335	0.000019217	123008	ops_par_loop_update_halo_kernel4_minus_4_b_29	update_halo_kernel4_minus_4_b
4336	0.000020359	553536	ops_par_loop_group_14	update_halo_kernel1_t2+update_halo_kernel4_minus_2_b
4337	0.000020318	430528	ops_par_loop_update_halo_kernel1_t1_14	update_halo_kernel1_t1
4338	0.000019136	246080	ops_par_loop_group_16	update_halo_kernel2_xvel_plus_4_b+update_halo_kernel2_yvel_minus_4_b
4339	0.000020309	369120	ops_par_loop_group_17	update_halo_kernel3_plus_4_b+update_halo_kernel2_xvel_plus_2_b+update_halo_kernel2_yvel_minus_2_b
4340	0.000018655	123040	ops_par_loop_update_halo_kernel3_plus_2_b_22	update_halo_kernel3_plus_2_b
4341	0.000024617	553536	ops_par_loop_group_19	update_halo_kernel1_l2+update_halo_kernel3_minus_4_a
4342	0.000022603	553536	ops_par_loop_group_20	update_halo_kernel1_l1+update_halo_kernel3_minus_2_a
4343	0.000018956	123008	ops_par_loop_update_halo_kernel3_minus_4_b_25	update_halo_kernel3_minus_4_b
4344	0.000023725	553536	ops_par_loop_group_22	update_halo_kernel1_r2+update_halo_kernel3_minus_2_b
4345	0.000020920	430528	ops_par_loop_update_halo_kernel1_r1_18	update_halo_kernel1_r1
4346	0.000023305	369120	ops_par_loop_group_24	update_halo_kernel4_plus_4_a+update_halo_kernel2_xvel_minus_4_a+update_halo_kernel2_yvel_plus_4_a
4347	0.000022002	369120	ops_par_loop_group_25	update_halo_kernel4_plus_2_a+update_halo_kernel2_xvel_minus_2_a+update_halo_kernel2_yvel_plus_2_a
4348	0.000020169	246080	ops_par_loop_group_26	update_halo_kernel2_xvel_minus_4_b+update_halo_kernel2_yvel_plus_4_b
4349	0.000027973	369120	ops_par_loop_group_27	update_halo_kernel4_plus_4_b+update_halo_kernel2_xvel_minus_2_b+update_halo_kernel2_yvel_plus_2_b
4350	0.000018635	123040	ops_par_loop_update_halo_kernel4_plus_2_b_34	update_halo_kernel4_plus_2_b
4351	0.000560445	591053440	ops_par_loop_advec_cell_kernel1_xdir_35	advec_cell_kernel1_xdir
4352	0.000772887	708203544	ops_par_loop_advec_cell_kernel3_xdir_36	advec_cell_kernel3_xdir
4353	0.001462076	1533542400	ops_par_loop_advec_cell_kernel4_xdir_37	advec_cell_kernel4_xdir
4354	0.000021942	430528	ops_par_loop_update_halo_kernel1_b2_38	update_halo_kernel1_b2
4355	0.000020139	430528	ops_par_loop_update_halo_kernel1_b1_39	update_halo_kernel1_b1
4356	0.000019998	430528	ops_par_loop_update_halo_kernel1_t2_40	update_halo_kernel1_t2
4357	0.000020570	430528	ops_par_loop_update_halo_kernel1_t1_41	update_halo_kernel1_t1
4358	0.000023715	123040	ops_par_loop_update_halo_kernel3_plus_4_a_62	update_halo_kernel3_plus_4_a
4359	0.000018465	123040	ops_par_loop_update_halo_kernel3_plus_2_a_63	update_halo_kernel3_plus_2_a
4360	0.000018184	123040	ops_par_loop_update_halo_kernel3_plus_4_b_64	update_halo_kernel3_plus_4_b
4361	0.000017303	123040	ops_par_loop_update_halo_kernel3_plus_2_b_65	update_halo_kernel3_plus_2_b
4362	0.000026801	553536	ops_par_loop_group_40	update_halo_kernel1_l2+update_halo_kernel3_minus_4_a
4363	0.000024035	553536	ops_par_loop_group_41	update_halo_kernel1_l1+update_halo_kernel3_minus_2_a
4364	0.000018635	123008	ops_par_loop_update_halo_kernel3_minus_4_b_68	update_halo_kernel3_minus_4_b
4365	0.000024957	553536	ops_par_loop_group_43	update_halo_kernel1_r2+update_halo_kernel3_minus_2_b
4366	0.000022282	430528	ops_par_loop_update_halo_kernel1_r1_45	update_halo_kernel1_r1
4367	0.000562649	591053440	ops_par_loop_advec_mom_kernel_x1_70	advec_mom_kernel_x1
4368	0.000193908	236236864	ops_par_loop_advec_mom_kernel_mass_flux_x_71	advec_mom_kernel_mass_flux_x
4369	0.000574220	590438520	ops_par_loop_advec_mom_kernel_post_pre_advec_x_72	advec_mom_kernel_post_pre_advec_x
4370	0.000881524	472258640	ops_par_loop_advec_mom_kernel1_x_nonvector_73	advec_mom_kernel1_x_nonvector
4371	0.000445205	590131240	ops_par_loop_advec_mom_kernel2_x_74	advec_mom_kernel2_x
4372	0.000560394	591053440	ops_par_loop_advec_mom_kernel_x1_75	advec_mom_kernel_x1
4373	0.000193768	236236864	ops_par_loop_advec_mom_kernel_mass_flux_x_76	advec_mom_kernel_mass_flux_x
4374	0.000575083	590438520	ops_par_loop_advec_mom_kernel_post_pre_advec_x_77	advec_mom_kernel_post_pre_advec_x
4375	0.000883768	472258640	ops_par_loop_advec_mom_kernel1_x_nonvector_78	advec_mom_kernel1_x_nonvector
4376	0.000449654	590131240	ops_par_loop_advec_mom_kernel2_x_79	advec_mom_kernel2_x
4377	0.000497324	472842752	ops_par_loop_advec_cell_kernel2_ydir_80	advec_cell_kernel2_ydir
4378	0.000788968	708203544	ops_par_loop_advec_cell_kernel3_ydir_81	advec_cell_kernel3_ydir
4379	0.001474229	1533542400	ops_par_loop_advec_cell_kernel4_ydir_82	advec_cell_kernel4_ydir
4380	0.000023985	553536	ops_par_loop_group_58	update_halo_kernel1_b2+update_halo_kernel4_minus_4_a
4381	0.000021100	553536	ops_par_loop_group_59	update_halo_kernel1_b1+update_halo_kernel4_minus_2_a
4382	0.000020999	369120	ops_par_loop_group_60	update_halo_kernel2_xvel_plus_4_a+update_halo_kernel2_yvel_minus_4_a+update_halo_kernel3_plus_4_a
4383	0.000020930	369120	ops_par_loop_group_61	update_halo_kernel2_xvel_plus_2_a+update_halo_kernel2_yvel_minus_2_a+update_halo_kernel3_plus_2_a
4384	0.000020139	246080	ops_par_loop_group_62	update_halo_kernel2_xvel_plus_4_b+update_halo_kernel2_yvel_minus_4_b
4385	0.000020800	369120	ops_par_loop_group_63	update_halo_kernel2_xvel_plus_2_b+update_halo_kernel2_yvel_minus_2_b+update_halo_kernel3_plus_4_b
4386	0.000021440	246080	ops_par_loop_group_64	update_halo_kernel2_xvel_minus_4_b+update_halo_kernel2_yvel_plus_4_b
4387	0.000019648	123040	ops_par_loop_update_halo_kernel3_plus_2_b_110	update_halo_kernel3_plus_2_b
4388	0.000019457	123008	ops_par_loop_update_halo_kernel3_minus_4_b_113	update_halo_kernel3_minus_4_b
4389	0.000018175	123008	ops_par_loop_update_halo_kernel4_minus_4_b_117	update_halo_kernel4_minus_4_b
4390	0.000020930	553536	ops_par_loop_group_68	update_halo_kernel1_t2+update_halo_kernel4_minus_2_b
4391	0.000020729	430528	ops_par_loop_update_halo_kernel1_t1_86	update_halo_kernel1_t1
4392	0.000026681	553536	ops_par_loop_group_70	update_halo_kernel1_l2+update_halo_kernel3_minus_4_a
4393	0.000023043	553536	ops_par_loop_group_71	update_halo_kernel1_l1+update_halo_kernel3_minus_2_a
4394	0.000024366	553536	ops_par_loop_group_72	update_halo_kernel1_r2+update_halo_kernel3_minus_2_b
4395	0.000021551	430528	ops_par_loop_update_halo_kernel1_r1_90	update_halo_kernel1_r1
4396	0.000023464	369120	ops_par_loop_group_74	update_halo_kernel2_xvel_minus_4_a+update_halo_kernel2_yvel_plus_4_a+update_halo_kernel4_plus_4_a
4397	0.000021641	369120	ops_par_loop_group_75	update_halo_kernel2_xvel_minus_2_a+update_halo_kernel2_yvel_plus_2_a+update_halo_kernel4_plus_2_a
4398	0.000023053	369120	ops_par_loop_group_76	update_halo_kernel2_xvel_minus_2_b+update_halo_kernel2_yvel_plus_2_b+update_halo_kernel4_plus_4_b
4399	0.000019477	123040	ops_par_loop_update_halo_kernel4_plus_2_b_122	update_halo_kernel4_plus_2_b
4400	0.001785501	1416561152	ops_par_loop_group_78	advec_mom_kernel_y2+reset_field_kernel1+ideal_gas_kernel
4401	0.000194108	236236864	ops_par_loop_advec_mom_kernel_mass_flux_y_124	advec_mom_kernel_mass_flux_y
4402	0.000531770	590438520	ops_par_loop_advec_mom_kernel_post_pre_advec_y_125	advec_mom_kernel_post_pre_advec_y
4403	0.000877075	472258640	ops_par_loop_advec_mom_kernel1_y_nonvector_126	advec_mom_kernel1_y_nonvector
4404	0.000445606	590131240	ops_par_loop_advec_mom_kernel2_y_127	advec_mom_kernel2_y
4405	0.000492936	472842752	ops_par_loop_advec_mom_kernel_y2_128	advec_mom_kernel_y2
4406	0.000192175	236236864	ops_par_loop_advec_mom_kernel_mass_flux_y_129	advec_mom_kernel_mass_flux_y
4407	0.000536008	590438520	ops_par_loop_advec_mom_kernel_post_pre_advec_y_130	advec_mom_kernel_post_pre_advec_y
4408	0.000874761	472258640	ops_par_loop_advec_mom_kernel1_y_nonvector_131	advec_mom_kernel1_y_nonvector
4409	0.000732040	1062236232	ops_par_loop_group_87	advec_mom_kernel2_y+reset_field_kernel2
4410	0.000021040	430304	ops_par_loop_update_halo_kernel1_b1_136	update_halo_kernel1_b1
4411	0.000020359	430304	ops_par_loop_update_halo_kernel1_t1_137	update_halo_kernel1_t1
4412	0.000023675	430304	ops_par_loop_update_halo_kernel1_l1_138	update_halo_kernel1_l1
4413	0.000023725	430304	ops_par_loop_update_halo_kernel1_r1_139	update_halo_kernel1_r1
4414	0.000020219	245952	ops_par_loop_group_92	update_halo_kernel2_xvel_plus_2_a+update_halo_kernel2_yvel_minus_2_a
4415	0.000019878	245952	ops_par_loop_group_93	update_halo_kernel2_xvel_plus_2_b+update_halo_kernel2_yvel_minus_2_b
4416	0.000021851	245952	ops_par_loop_group_94	update_halo_kernel2_xvel_minus_2_a+update_halo_kernel2_yvel_plus_2_a
4417	0.000021240	245952	ops_par_loop_group_95	update_halo_kernel2_xvel_minus_2_b+update_halo_kernel2_yvel_plus_2_b
4418	0.001734094	589885440	ops_par_loop_viscosity_kernel_148	viscosity_kernel
4419	0.000021701	430304	ops_par_loop_update_halo_kernel1_b1_149	update_halo_kernel1_b1
4420	0.000020429	430304	ops_par_loop_update_halo_kernel1_t1_150	update_halo_kernel1_t1
4421	0.000023495	430304	ops_par_loop_update_halo_kernel1_l1_151	update_halo_kernel1_l1
4422	0.000022994	430304	ops_par_loop_update_halo_kernel1_r1_152	update_halo_kernel1_r1
4423	0.000917442	1061744640	ops_par_loop_calc_dt_kernel_153	calc_dt_kernel
4424	0.001489919	1887436800	ops_par_loop_group_0	PdV_kernel_predict+ideal_gas_kernel
4425	0.000022543	430304	ops_par_loop_update_halo_kernel1_b1_2	update_halo_kernel1_b1
4426	0.000020850	430304	ops_par_loop_update_halo_kernel1_t1_3	update_halo_kernel1_t1
4427	0.000024396	430304	ops_par_loop_update_halo_kernel1_l1_4	update_halo_kernel1_l1
4428	0.000024407	430304	ops_par_loop_update_halo_kernel1_r1_5	update_halo_kernel1_r1
4429	0.001558279	1770147928	ops_par_loop_group_5	revert_kernel+accelerate_kernel
4430	0.001351326	1651507200	ops_par_loop_PdV_kernel_nopredict_8	PdV_kernel_nopredict
4431	0.000360985	471982080	ops_par_loop_flux_calc_kernelx_9	flux_calc_kernelx
4432	0.000358370	471982080	ops_par_loop_flux_calc_kernely_10	flux_calc_kernely
4433	0.000022643	553536	ops_par_loop_group_9	update_halo_kernel1_b2+update_halo_kernel4_minus_4_a
4434	0.000020709	553536	ops_par_loop_group_10	update_halo_kernel1_b1+update_halo_kernel4_minus_2_a
4435	0.000021190	369120	ops_par_loop_group_11	update_halo_kernel3_plus_4_a+update_halo_kernel2_xvel_plus_4_a+update_halo_kernel2_yvel_minus_4_a
4436	0.000020519	369120	ops_par_loop_group_12	update_halo_kernel3_plus_2_a+update_halo_kernel2_xvel_plus_2_a+update_halo_kernel2_yvel_minus_2_a
4437	0.000018946	123008	ops_par_loop_update_halo_kernel4_minus_4_b_29	update_halo_kernel4_minus_4_b
4438	0.000021561	553536	ops_par_loop_group_14	update_halo_kernel1_t2+update_halo_kernel4_minus_2_b
4439	0.000020208	430528	ops_par_loop_update_halo_kernel1_t1_14	update_halo_kernel1_t1
4440	0.000019668	246080	ops_par_loop_group_16	update_halo_kernel2_xvel_plus_4_b+update_halo_kernel2_yvel_minus_4_b
4441	0.000020599	369120	ops_par_loop_group_17	update_halo_kernel3_plus_4_b+update_halo_kernel2_xvel_plus_2_b+update_halo_kernel2_yvel_minus_2_b
4442	0.000019276	123040	ops_par_loop_update_halo_kernel3_plus_2_b_22	update_halo_kernel3_plus_2_b
4443	0.000026210	553536	ops_par_loop_group_19	update_halo_kernel1_l2+update_halo_kernel3_minus_4_a
4444	0.000022953	553536	ops_par_loop_group_20	update_halo_kernel1_l1+update_halo_kernel3_minus_2_a
4445	0.000019147	123008	ops_par_loop_update_halo_kernel3_minus_4_b_25	update_halo_kernel3_minus_4_b
4446	0.000024186	553536	ops_par_loop_group_22	update_halo_kernel1_r2+update_halo_kernel3_minus_2_b
4447	0.000021691	430528	ops_par_loop_update_halo_kernel1_r1_18	update_halo_kernel1_r1
4448	0.000023334	369120	ops_par_loop_group_24	update_halo_kernel4_plus_4_a+update_halo_kernel2_xvel_minus_4_a+update_halo_kernel2_yvel_plus_4_a
4449	0.000021241	369120	ops_par_loop_group_25	update_halo_kernel4_plus_2_a+update_halo_kernel2_xvel_minus_2_a+update_halo_kernel2_yvel_plus_2_a
4450	0.000021110	246080	ops_par_loop_group_26	update_halo_kernel2_xvel_minus_4_b+update_halo_kernel2_yvel_plus_4_b
4451	0.000022844	369120	ops_par_loop_group_27	update_halo_kernel4_plus_4_b+update_halo_kernel2_xvel_minus_2_b+update_halo_kernel2_yvel_plus_2_b
4452	0.000018795	123040	ops_par_loop_update_halo_kernel4_plus_2_b_34	update_halo_kernel4_plus_2_b
4453	0.000562238	591053440	ops_par_loop_advec_cell_kernel1_ydir_35	advec_cell_kernel1_ydir
4454	0.000788478	708203544	ops_par_loop_advec_cell_kernel3_ydir_36	advec_cell_kernel3_ydir
4455	0.001475482	1533542400	ops_par_loop_advec_cell_kernel4_ydir_37	advec_cell_kernel4_ydir
4456	0.000022472	553536	ops_par_loop_group_32	update_halo_kernel1_b2+update_halo_kernel4_minus_4_a
4457	0.000020880	553536	ops_par_loop_group_33	update_halo_kernel1_b1+update_halo_kernel4_minus_2_a
4458	0.000018536	123008	ops_par_loop_update_halo_kernel4_minus_4_b_64	update_halo_kernel4_minus_4_b
4459	0.000021571	553536	ops_par_loop_group_35	update_halo_kernel1_t2+update_halo_kernel4_minus_2_b
4460	0.000020199	430528	ops_par_loop_update_halo_kernel1_t1_41	update_halo_kernel1_t1
4461	0.000023544	430528	ops_par_loop_update_halo_kernel1_l2_42	update_halo_kernel1_l2
4462	0.000022152	430528	ops_par_loop_update_halo_kernel1_l1_43	update_halo_kernel1_l1
4463	0.000023565	430528	ops_par_loop_update_halo_kernel1_r2_44	update_halo_kernel1_r2
4464	0.000022453	430528	ops_par_loop_update_halo_kernel1_r1_45	update_halo_kernel1_r1
4465	0.000019447	123040	ops_par_loop_update_halo_kernel4_plus_4_a_66	update_halo_kernel4_plus_4_a
4466	0.000018676	123040	ops_par_loop_update_halo_kernel4_plus_2_a_67	update_halo_kernel4_plus_2_a
4467	0.000018906	123040	ops_par_loop_update_halo_kernel4_plus_4_b_68	update_halo_kernel4_plus_4_b
4468	0.000018686	123040	ops_par_loop_update_halo_kernel4_plus_2_b_69	update_halo_kernel4_plus_2_b
4469	0.000560404	591053440	ops_par_loop_advec_mom_kernel_y1_70	advec_mom_kernel_y1
4470	0.000191734	236236864	ops_par_loop_advec_mom_kernel_mass_flux_y_71	advec_mom_kernel_mass_flux_y
4471	0.000532391	590438520	ops_par_loop_advec_mom_kernel_post_pre_advec_y_72	advec_mom_kernel_post_pre_advec_y
4472	0.000878108	472258640	ops_par_loop_advec_mom_kernel1_y_nonvector_73	advec_mom_kernel1_y_nonvector
4473	0.000451597	590131240	ops_par_loop_advec_mom_kernel2_y_74	advec_mom_kernel2_y
4474	0.000562408	591053440	ops_par_loop_advec_mom_kernel_y1_75	advec_mom_kernel_y1
4475	0.000191594	236236864	ops_par_loop_advec_mom_kernel_mass_flux_y_76	advec_mom_kernel_mass_flux_y
4476	0.000531228	590438520	ops_par_loop_advec_mom_kernel_post_pre_advec_y_77	advec_mom_kernel_post_pre_advec_y
4477	0.000874601	472258640	ops_par_loop_advec_mom_kernel1_y_nonvector_78	advec_mom_kernel1_y_nonvector
4478	0.000451067	590131240	ops_par_loop_advec_mom_kernel2_y_79	advec_mom_kernel2_y
4479	0.000488988	472842752	ops_par_loop_advec_cell_kernel2_xdir_80	advec_cell_kernel2_xdir
4480	0.000772558	708203544	ops_par_loop_advec_cell_kernel3_xdir_81	advec_cell_kernel3_xdir
4481	0.001462146	1533542400	ops_par_loop_advec_cell_kernel4_xdir_82	advec_cell_kernel4_xdir
4482	0.000022262	553536	ops_par_loop_group_58	update_halo_kernel1_b2+update_halo_kernel4_minus_4_a
4483	0.000021851	553536	ops_par_loop_group_59	update_halo_kernel1_b1+update_halo_kernel4_minus_2_a
4484	0.000021932	369120	ops_par_loop_group_60	update_halo_kernel2_xvel_plus_4_a+update_halo_kernel2_yvel_minus_4_a+update_halo_kernel3_plus_4_a
4485	0.000021622	369120	ops_par_loop_group_61	update_halo_kernel2_xvel_plus_2_a+update_halo_kernel2_yvel_minus_2_a+update_halo_kernel3_plus_2_a
4486	0.000019387	246080	ops_par_loop_group_62	update_halo_kernel2_xvel_plus_4_b+update_halo_kernel2_yvel_minus_4_b
4487	0.000021591	369120	ops_par_loop_group_63	update_halo_kernel2_xvel_plus_2_b+update_halo_kernel2_yvel_minus_2_b+update_halo_kernel3_plus_4_b
4488	0.000021521	246080	ops_par_loop_group_64	update_halo_kernel2_xvel_minus_4_b+update_halo_kernel2_yvel_plus_4_b
4489	0.000020098	123040	ops_par_loop_update_halo_kernel3_plus_2_b_110	update_halo_kernel3_plus_2_b
4490	0.000019707	123008	ops_par_loop_update_halo_kernel3_minus_4_b_113	update_halo_kernel3_minus_4_b
4491	0.000018014	123008	ops_par_loop_update_halo_kernel4_minus_4_b_117	update_halo_kernel4_minus_4_b
4492	0.000020699	553536	ops_par_loop_group_68	update_halo_kernel1_t2+update_halo_kernel4_minus_2_b
4493	0.000020739	430528	ops_par_loop_update_halo_kernel1_t1_86	update_halo_kernel1_t1
4494	0.000026391	553536	ops_par_loop_group_70	update_halo_kernel1_l2+update_halo_kernel3_minus_4_a
4495	0.000023594	553536	ops_par_loop_group_71	update_halo_kernel1_l1+update_halo_kernel3_minus_2_a
4496	0.000025478	553536	ops_par_loop_group_72	update_halo_kernel1_r2+update_halo_kernel3_minus_2_b
4497	0.000021731	430528	ops_par_loop_update_halo_kernel1_r1_90	update_halo_kernel1_r1
4498	0.000024126	369120	ops_par_loop_group_74	update_halo_kernel2_xvel_minus_4_a+update_halo_kernel2_yvel_plus_4_a+update_halo_kernel4_plus_4_a
4499	0.000021291	369120	ops_par_loop_group_75	update_halo_kernel2_xvel_minus_2_a+update_halo_kernel2_yvel_plus_2_a+update_halo_kernel4_plus_2_a
4500	0.000022723	369120	ops_par_loop_group_76	update_halo_kernel2_xvel_minus_2_b+update_halo_kernel2_yvel_plus_2_b+update_halo_kernel4_plus_4_b
4501	0.000019527	123040	ops_par_loop_update_halo_kernel4_plus_2_b_122	update_halo_kernel4_plus_2_b
4502	0.001788707	1416561152	ops_par_loop_group_78	advec_mom_kernel_x2+reset_field_kernel1+ideal_gas_kernel
4503	0.000195982	236236864	ops_par_loop_advec_mom_kernel_mass_flux_x_124	advec_mom_kernel_mass_flux_x
4504	0.000574000	590438520	ops_par_loop_advec_mom_kernel_post_pre_advec_x_125	advec_mom_kernel_post_pre_advec_x
4505	0.000882085	472258640	ops_par_loop_advec_mom_kernel1_x_nonvector_126	advec_mom_kernel1_x_nonvector
4506	0.000451858	590131240	ops_par_loop_advec_mom_kernel2_x_127	advec_mom_kernel2_x
4507	0.000498617	472842752	ops_par_loop_advec_mom_kernel_x2_128	advec_mom_kernel_x2
4508	0.000194710	236236864	ops_par_loop_advec_mom_kernel_mass_flux_x_129	advec_mom_kernel_mass_flux_x
4509	0.000575593	590438520	ops_par_loop_advec_mom_kernel_post_pre_advec_x_130	advec_mom_kernel_post_pre_advec_x
4510	0.000884330	472258640	ops_par_loop_advec_mom_kernel1_x_nonvector_131	advec_mom_kernel1_x_nonvector
4511	0.000731329	1062236232	ops_par_loop_group_87	advec_mom_kernel2_x+reset_field_kernel2
4512	0.000021721	430304	ops_par_loop_update_halo_kernel1_b1_136	update_halo_kernel1_b1
4513	0.000019718	430304	ops_par_loop_update_halo_kernel1_t1_137	update_halo_kernel1_t1
4514	0.000023835	430304	ops_par_loop_update_halo_kernel1_l1_138	update_halo_kernel1_l1
4515	0.000024566	430304	ops_par_loop_update_halo_kernel1_r1_139	update_halo_kernel1_r1
4516	0.000019898	245952	ops_par_loop_group_92	update_halo_kernel2_xvel_plus_2_a+update_halo_kernel2_yvel_minus_2_a
4517	0.000019176	245952	ops_par_loop_group_93	update_halo_kernel2_xvel_plus_2_b+update_halo_kernel2_yvel_minus_2_b
4518	0.000020809	245952	ops_par_loop_group_94	update_halo_kernel2_xvel_minus_2_a+update_halo_kernel2_yvel_plus_2_a
4519	0.000021040	245952	ops_par_loop_group_95	update_halo_kernel2_xvel_minus_2_b+update_halo_kernel2_yvel_plus_2_b
4520	0.001733952	589885440	ops_par_loop_viscosity_kernel_148	viscosity_kernel
4521	0.000021891	430304	ops_par_loop_update_halo_kernel1_b1_149	update_halo_kernel1_b1
4522	0.000021240	430304	ops_par_loop_update_halo_kernel1_t1_150	update_halo_kernel1_t1
4523	0.000023224	430304	ops_par_loop_update_halo_kernel1_l1_151	update_halo_kernel1_l1
4524	0.000023174	430304	ops_par_loop_update_halo_kernel1_r1_152	update_halo_kernel1_r1
4525	0.000916600	1061744640	ops_par_loop_calc_dt_kernel_153	calc_dt_kernel
4526	0.001482816	1887436800	ops_par_loop_group_0	PdV_kernel_predict+ideal_gas_kernel
4527	0.000021812	430304	ops_par_loop_update_halo_kernel1_b1_2	update_halo_kernel1_b1
4528	0.000019607	430304	ops_par_loop_update_halo_kernel1_t1_3	update_halo_kernel1_t1
4529	0.000023194	430304	ops_par_loop_update_halo_kernel1_l1_4	update_halo_kernel1_l1
4530	0.000023806	430304	ops_par_loop_update_halo_kernel1_r1_5	update_halo_kernel1_r1
4531	0.001555183	1770147928	ops_par_loop_group_5	revert_kernel+accelerate_kernel
4532	0.001357458	1651507200	ops_par_loop_PdV_kernel_nopredict_8	PdV_kernel_nopredict
4533	0.000360504	471982080	ops_par_loop_flux_calc_kernelx_9	flux_calc_kernelx
4534	0.000358230	471982080	ops_par_loop_flux_calc_kernely_10	flux_calc_kernely
4535	0.000022212	553536	ops_par_loop_group_9	update_halo_kernel1_b2+update_halo_kernel4_minus_4_a
4536	0.000020549	553536	ops_par_loop_group_10	update_halo_kernel1_b1+update_halo_kernel4_minus_2_a
4537	0.000021981	369120	ops_par_loop_group_11	update_halo_kernel3_plus_4_a+update_halo_kernel2_xvel_plus_4_a+update_halo_kernel2_yvel_minus_4_a
4538	0.000020099	369120	ops_par_loop_group_12	update_halo_kernel3_plus_2_a+update_halo_kernel2_xvel_plus_2_a+update_halo_kernel2_yvel_minus_2_a
4539	0.000018565	123008	ops_par_loop_update_halo_kernel4_minus_4_b_29	update_halo_kernel4_minus_4_b
4540	0.000021381	553536	ops_par_loop_group_14	update_halo_kernel1_t2+update_halo_kernel4_minus_2_b
4541	0.000021100	430528	ops_par_loop_update_halo_kernel1_t1_14	update_halo_kernel1_t1
4542	0.000020779	246080	ops_par_loop_group_16	update_halo_kernel2_xvel_plus_4_b+update_halo_kernel2_yvel_minus_4_b
4543	0.000020589	369120	ops_par_loop_group_17	update_halo_kernel3_plus_4_b+update_halo_kernel2_xvel_plus_2_b+update_halo_kernel2_yvel_minus_2_b
4544	0.000018385	123040	ops_par_loop_update_halo_kernel3_plus_2_b_22	update_halo_kernel3_plus_2_b
4545	0.000025138	553536	ops_par_loop_group_19	update_halo_kernel1_l2+update_halo_kernel3_minus_4_a
4546	0.000022663	553536	ops_par_loop_group_20	update_halo_kernel1_l1+update_halo_kernel3_minus_2_a
4547	0.000019016	123008	ops_par_loop_update_halo_kernel3_minus_4_b_25	update_halo_kernel3_minus_4_b
4548	0.000024126	553536	ops_par_loop_group_22	update_halo_kernel1_r2+update_halo_kernel3_minus_2_b
4549	0.000020870	430528	ops_par_loop_update_halo_kernel1_r1_18	update_halo_kernel1_r1
4550	0.000023495	369120	ops_par_loop_group_24	update_halo_kernel4_plus_4_a+update_halo_kernel2_xvel_minus_4_a+update_halo_kernel2_yvel_plus_4_a
4551	0.000021370	369120	ops_par_loop_group_25	update_halo_kernel4_plus_2_a+update_halo_kernel2_xvel_minus_2_a+update_halo_kernel2_yvel_plus_2_a
4552	0.000024857	246080	ops_par_loop_group_26	update_halo_kernel2_xvel_minus_4_b+update_halo_kernel2_yvel_plus_4_b
4553	0.000021732	369120	ops_par_loop_group_27	update_halo_kernel4_plus_4_b+update_halo_kernel2_xvel_minus_2_b+update_halo_kernel2_yvel_plus_2_b
4554	0.000018415	123040	ops_par_loop_update_halo_kernel4_plus_2_b_34	update_halo_kernel4_plus_2_b
4555	0.000563049	591053440	ops_par_loop_advec_cell_kernel1_xdir_35	advec_cell_kernel1_xdir
4556	0.000772878	708203544	ops_par_loop_advec_cell_kernel3_xdir_36	advec_cell_kernel3_xdir
4557	0.001462357	1533542400	ops_par_loop_advec_cell_kernel4_xdir_37	advec_cell_kernel4_xdir
4558	0.000023455	430528	ops_par_loop_update_halo_kernel1_b2_38	update_halo_kernel1_b2
4559	0.000020990	430528	ops_par_loop_update_halo_kernel1_b1_39	update_halo_kernel1_b1
4560	0.000020970	430528	ops_par_loop_update_halo_kernel1_t2_40	update_halo_kernel1_t2
4561	0.000021521	430528	ops_par_loop_update_halo_kernel1_t1_41	update_halo_kernel1_t1
4562	0.000019307	123040	ops_par_loop_update_halo_kernel3_plus_4_a_62	update_halo_kernel3_plus_4_a
4563	0.000020599	123040	ops_par_loop_update_halo_kernel3_plus_2_a_63	update_halo_kernel3_plus_2_a
4564	0.000018665	123040	ops_par_loop_update_halo_kernel3_plus_4_b_64	update_halo_kernel3_plus_4_b
4565	0.000018575	123040	ops_par_loop_update_halo_kernel3_plus_2_b_65	update_halo_kernel3_plus_2_b
4566	0.000026360	553536	ops_par_loop_group_40	update_halo_kernel1_l2+update_halo_kernel3_minus_4_a
4567	0.000023154	553536	ops_par_loop_group_41	update_halo_kernel1_l1+update_halo_kernel3_minus_2_a
4568	0.000019116	123008	ops_par_loop_update_halo_kernel3_minus_4_b_68	update_halo_kernel3_minus_4_b
4569	0.000025979	553536	ops_par_loop_group_43	update_halo_kernel1_r2+update_halo_kernel3_minus_2_b
4570	0.000022363	430528	ops_par_loop_update_halo_kernel1_r1_45	update_halo_kernel1_r1
4571	0.000562769	591053440	ops_par_loop_advec_mom_kernel_x1_70	advec_mom_kernel_x1
4572	0.000195311	236236864	ops_par_loop_advec_mom_kernel_mass_flux_x_71	advec_mom_kernel_mass_flux_x
4573	0.000576044	590438520	ops_par_loop_advec_mom_kernel_post_pre_advec_x_72	advec_mom_kernel_post_pre_advec_x
4574	0.000883067	472258640	ops_par_loop_advec_mom_kernel1_x_nonvector_73	advec_mom_kernel1_x_nonvector
4575	0.000449674	590131240	ops_par_loop_advec_mom_kernel2_x_74	advec_mom_kernel2_x
4576	0.000562408	591053440	ops_par_loop_advec_mom_kernel_x1_75	advec_mom_kernel_x1
4577	0.000193979	236236864	ops_par_loop_advec_mom_kernel_mass_flux_x_76	advec_mom_kernel_mass_flux_x
4578	0.000574942	590438520	ops_par_loop_advec_mom_kernel_post_pre_advec_x_77	advec_mom_kernel_post_pre_advec_x
4579	0.000883328	472258640	ops_par_loop_advec_mom_kernel1_x_nonvector_78	advec_mom_kernel1_x_nonvector
4580	0.000448792	590131240	ops_par_loop_advec_mom_kernel2_x_79	advec_mom_kernel2_x
4581	0.000498106	472842752	ops_par_loop_advec_cell_kernel2_ydir_80	advec_cell_kernel2_ydir
4582	0.000788357	708203544	ops_par_loop_advec_cell_kernel3_ydir_81	advec_cell_kernel3_ydir
4583	0.001466785	1533542400	ops_par_loop_advec_cell_kernel4_ydir_82	advec_cell_kernel4_ydir
4584	0.000022583	553536	ops_par_loop_group_58	update_halo_kernel1_b2+update_halo_kernel4_minus_4_a
4585	0.000020800	553536	ops_par_loop_group_59	update_halo_kernel1_b1+update_halo_kernel4_minus_2_a
4586	0.000020950	369120	ops_par_loop_group_60	update_halo_kernel2_xvel_plus_4_a+update_halo_kernel2_yvel_minus_4_a+update_halo_kernel3_plus_4_a
4587	0.000020759	369120	ops_par_loop_group_61	update_halo_kernel2_xvel_plus_2_a+update_halo_kernel2_yvel_minus_2_a+update_halo_kernel3_plus_2_a
4588	0.000019477	246080	ops_par_loop_group_62	update_halo_kernel2_xvel_plus_4_b+update_halo_kernel2_yvel_minus_4_b
4589	0.000020970	369120	ops_par_loop_group_63	update_halo_kernel2_xvel_plus_2_b+update_halo_kernel2_yvel_minus_2_b+update_halo_kernel3_plus_4_b
4590	0.000021530	246080	ops_par_loop_group_64	update_halo_kernel2_xvel_minus_4_b+update_halo_kernel2_yvel_plus_4_b
4591	0.000018996	123040	ops_par_loop_update_halo_kernel3_plus_2_b_110	update_halo_kernel3_plus_2_b
4592	0.000018916	123008	ops_par_loop_update_halo_kernel3_minus_4_b_113	update_halo_kernel3_minus_4_b
4593	0.000017573	123008	ops_par_loop_update_halo_kernel4_minus_4_b_117	update_halo_kernel4_minus_4_b
4594	0.000020669	553536	ops_par_loop_group_68	update_halo_kernel1_t2+update_halo_kernel4_minus_2_b
4595	0.000019487	430528	ops_par_loop_update_halo_kernel1_t1_86	update_halo_kernel1_t1
4596	0.000026169	553536	ops_par_loop_group_70	update_halo_kernel1_l2+update_halo_kernel3_minus_4_a
4597	0.000023454	553536	ops_par_loop_group_71	update_halo_kernel1_l1+update_halo_kernel3_minus_2_a
4598	0.000024456	553536	ops_par_loop_group_72	update_halo_kernel1_r2+update_halo_kernel3_minus_2_b
4599	0.000021050	430528	ops_par_loop_update_halo_kernel1_r1_90	update_halo_kernel1_r1
4600	0.000023464	369120	ops_par_loop_group_74	update_halo_kernel2_xvel_minus_4_a+update_halo_kernel2_yvel_plus_4_a+update_halo_kernel4_plus_4_a
4601	0.000021271	369120	ops_par_loop_group_75	update_halo_kernel2_xvel_minus_2_a+update_halo_kernel2_yvel_plus_2_a+update_halo_kernel4_plus_2_a
4602	0.000024336	369120	ops_par_loop_group_76	update_halo_kernel2_xvel_minus_2_b+update_halo_kernel2_yvel_plus_2_b+update_halo_kernel4_plus_4_b
4603	0.000018676	123040	ops_par_loop_update_halo_kernel4_plus_2_b_122	update_halo_kernel4_plus_2_b
4604	0.001786904	1416561152	ops_par_loop_group_78	advec_mom_kernel_y2+reset_field_kernel1+ideal_gas_kernel
4605	0.000193798	236236864	ops_par_loop_advec_mom_kernel_mass_flux_y_124	advec_mom_kernel_mass_flux_y
4606	0.000533473	590438520	ops_par_loop_advec_mom_kernel_post_pre_advec_y_125	advec_mom_kernel_post_pre_advec_y
4607	0.000877617	472258640	ops_par_loop_advec_mom_kernel1_y_nonvector_126	advec_mom_kernel1_y_nonvector
4608	0.000444354	590131240	ops_par_loop_advec_mom_kernel2_y_127	advec_mom_kernel2_y
4609	0.000490732	472842752	ops_par_loop_advec_mom_kernel_y2_128	advec_mom_kernel_y2
4610	0.000191454	236236864	ops_par_loop_advec_mom_kernel_mass_flux_y_129	advec_mom_kernel_mass_flux_y
4611	0.000531199	590438520	ops_par_loop_advec_mom_kernel_post_pre_advec_y_130	advec_mom_kernel_post_pre_advec_y
4612	0.000874630	472258640	ops_par_loop_advec_mom_kernel1_y_nonvector_131	advec_mom_kernel1_y_nonvector
4613	0.000730057	1062236232	ops_par_loop_group_87	advec_mom_kernel2_y+reset_field_kernel2
4614	0.000020589	430304	ops_par_loop_update_halo_kernel1_b1_136	update_halo_kernel1_b1
4615	0.000020448	430304	ops_par_loop_update_halo_kernel1_t1_137	update_halo_kernel1_t1
4616	0.000023134	430304	ops_par_loop_update_halo_kernel1_l1_138	update_halo_kernel1_l1
4617	0.000023434	430304	ops_par_loop_update_halo_kernel1_r1_139	update_halo_kernel1_r1
4618	0.000019166	245952	ops_par_loop_group_92	update_halo_kernel2_xvel_plus_2_a+update_halo_kernel2_yvel_minus_2_a
4619	0.000018505	245952	ops_par_loop_group_93	update_halo_kernel2_xvel_plus_2_b+update_halo_kernel2_yvel_minus_2_b
4620	0.000020258	245952	ops_par_loop_group_94	update_halo_kernel2_xvel_minus_2_a+update_halo_kernel2_yvel_plus_2_a
4621	0.000021231	245952	ops_par_loop_group_95	update_halo_kernel2_xvel_minus_2_b+update_halo_kernel2_yvel_plus_2_b
4622	0.001738080	589885440	ops_par_loop_viscosity_kernel_148	viscosity_kernel
4623	0.000021050	430304	ops_par_loop_update_halo_kernel1_b1_149	update_halo_kernel1_b1
4624	0.000020089	430304	ops_par_loop_update_halo_kernel1_t1_150	update_halo_kernel1_t1
4625	0.000022933	430304	ops_par_loop_update_halo_kernel1_l1_151	update_halo_kernel1_l1
4626	0.000022844	430304	ops_par_loop_update_halo_kernel1_r1_152	update_halo_kernel1_r1
4627	0.000916611	1061744640	ops_par_loop_calc_dt_kernel_153	calc_dt_kernel
4628	0.001481684	1887436800	ops_par_loop_group_0	PdV_kernel_predict+ideal_gas_kernel
4629	0.000022172	430304	ops_par_loop_update_halo_kernel1_b1_2	update_halo_kernel1_b1
4630	0.000019407	430304	ops_par_loop_update_halo_kernel1_t1_3	update_halo_kernel1_t1
4631	0.000023966	430304	ops_par_loop_update_halo_kernel1_l1_4	update_halo_kernel1_l1
4632	0.000023625	430304	ops_par_loop_update_halo_kernel1_r1_5	update_halo_kernel1_r1
4633	0.001557798	1770147928	ops_par_loop_group_5	revert_kernel+accelerate_kernel
4634	0.001352849	1651507200	ops_par_loop_PdV_kernel_nopredict_8	PdV_kernel_nopredict
4635	0.000364282	471982080	ops_par_loop_flux_calc_kernelx_9	flux_calc_kernelx
4636	0.000356777	471982080	ops_par_loop_flux_calc_kernely_10	flux_calc_kernely
4637	0.000022142	553536	ops_par_loop_group_9	update_halo_kernel1_b2+update_halo_kernel4_minus_4_a
4638	0.000020669	553536	ops_par_loop_group_10	update_halo_kernel1_b1+update_halo_kernel4_minus_2_a
4639	0.000021291	369120	ops_par_loop_group_11	update_halo_kernel3_plus_4_a+update_halo_kernel2_xvel_plus_4_a+update_halo_kernel2_yvel_minus_4_a
4640	0.000020489	369120	ops_par_loop_group_12	update_halo_kernel3_plus_2_a+update_halo_kernel2_xvel_plus_2_a+update_halo_kernel2_yvel_minus_2_a
4641	0.000018015	123008	ops_par_loop_update_halo_kernel4_minus_4_b_29	update_halo_kernel4_minus_4_b
4642	0.000020739	553536	ops_par_loop_group_14	update_halo_kernel1_t2+update_halo_kernel4_minus_2_b
4643	0.000019888	430528	ops_par_loop_update_halo_kernel1_t1_14	update_halo_kernel1_t1
4644	0.000019417	246080	ops_par_loop_group_16	update_halo_kernel2_xvel_plus_4_b+update_halo_kernel2_yvel_minus_4_b
4645	0.000021170	369120	ops_par_loop_group_17	update_halo_kernel3_plus_4_b+update_halo_kernel2_xvel_plus_2_b+update_halo_kernel2_yvel_minus_2_b
4646	0.000019938	123040	ops_par_loop_update_halo_kernel3_plus_2_b_22	update_halo_kernel3_plus_2_b
4647	0.000026471	553536	ops_par_loop_group_19	update_halo_kernel1_l2+update_halo_kernel3_minus_4_a
4648	0.000022683	553536	ops_par_loop_group_20	update_halo_kernel1_l1+update_halo_kernel3_minus_2_a
4649	0.000017954	123008	ops_par_loop_update_halo_kernel3_minus_4_b_25	update_halo_kernel3_minus_4_b
4650	0.000025077	553536	ops_par_loop_group_22	update_halo_kernel1_r2+update_halo_kernel3_minus_2_b
4651	0.000021351	430528	ops_par_loop_update_halo_kernel1_r1_18	update_halo_kernel1_r1
4652	0.000022764	369120	ops_par_loop_group_24	update_halo_kernel4_plus_4_a+update_halo_kernel2_xvel_minus_4_a+update_halo_kernel2_yvel_plus_4_a
4653	0.000021631	369120	ops_par_loop_group_25	update_halo_kernel4_plus_2_a+update_halo_kernel2_xvel_minus_2_a+update_halo_kernel2_yvel_plus_2_a
4654	0.000020279	246080	ops_par_loop_group_26	update_halo_kernel2_xvel_minus_4_b+update_halo_kernel2_yvel_plus_4_b
4655	0.000022042	369120	ops_par_loop_group_27	update_halo_kernel4_plus_4_b+update_halo_kernel2_xvel_minus_2_b+update_halo_kernel2_yvel_plus_2_b
4656	0.000017884	123040	ops_par_loop_update_halo_kernel4_plus_2_b_34	update_halo_kernel4_plus_2_b
4657	0.000560925	591053440	ops_par_loop_advec_cell_kernel1_ydir_35	advec_cell_kernel1_ydir
4658	0.000787856	708203544	ops_par_loop_advec_cell_kernel3_ydir_36	advec_cell_kernel3_ydir
4659	0.001477436	1533542400	ops_par_loop_advec_cell_kernel4_ydir_37	advec_cell_kernel4_ydir
4660	0.000022863	553536	ops_par_loop_group_32	update_halo_kernel1_b2+update_halo_kernel4_minus_4_a
4661	0.000020849	553536	ops_par_loop_group_33	update_halo_kernel1_b1+update_halo_kernel4_minus_2_a
4662	0.000017984	123008	ops_par_loop_update_halo_kernel4_minus_4_b_64	update_halo_kernel4_minus_4_b
4663	0.000021050	553536	ops_par_loop_group_35	update_halo_kernel1_t2+update_halo_kernel4_minus_2_b
4664	0.000020730	430528	ops_par_loop_update_halo_kernel1_t1_41	update_halo_kernel1_t1
4665	0.000024176	430528	ops_par_loop_update_halo_kernel1_l2_42	update_halo_kernel1_l2
4666	0.000020429	430528	ops_par_loop_update_halo_kernel1_l1_43	update_halo_kernel1_l1
4667	0.000022733	430528	ops_par_loop_update_halo_kernel1_r2_44	update_halo_kernel1_r2
4668	0.000021380	430528	ops_par_loop_update_halo_kernel1_r1_45	update_halo_kernel1_r1
4669	0.000018836	123040	ops_par_loop_update_halo_kernel4_plus_4_a_66	update_halo_kernel4_plus_4_a
4670	0.000018025	123040	ops_par_loop_update_halo_kernel4_plus_2_a_67	update_halo_kernel4_plus_2_a
4671	0.000018775	123040	ops_par_loop_update_halo_kernel4_plus_4_b_68	update_halo_kernel4_plus_4_b
4672	0.000018195	123040	ops_par_loop_update_halo_kernel4_plus_2_b_69	update_halo_kernel4_plus_2_b
4673	0.000562788	591053440	ops_par_loop_advec_mom_kernel_y1_70	advec_mom_kernel_y1
4674	0.000190762	236236864	ops_par_loop_advec_mom_kernel_mass_flux_y_71	advec_mom_kernel_mass_flux_y
4675	0.000532301	590438520	ops_par_loop_advec_mom_kernel_post_pre_advec_y_72	advec_mom_kernel_post_pre_advec_y
4676	0.000878849	472258640	ops_par_loop_advec_mom_kernel1_y_nonvector_73	advec_mom_kernel1_y_nonvector
4677	0.000451958	590131240	ops_par_loop_advec_mom_kernel2_y_74	advec_mom_kernel2_y
4678	0.000561216	591053440	ops_par_loop_advec_mom_kernel_y1_75	advec_mom_kernel_y1
4679	0.000191354	236236864	ops_par_loop_advec_mom_kernel_mass_flux_y_76	advec_mom_kernel_mass_flux_y
4680	0.000531509	590438520	ops_par_loop_advec_mom_kernel_post_pre_advec_y_77	advec_mom_kernel_post_pre_advec_y
4681	0.000874911	472258640	ops_par_loop_advec_mom_kernel1_y_nonvector_78	advec_mom_kernel1_y_nonvector
4682	0.000447751	590131240	ops_par_loop_advec_mom_kernel2_y_79	advec_mom_kernel2_y
4683	0.000490652	472842752	ops_par_loop_advec_cell_kernel2_xdir_80	advec_cell_kernel2_xdir
4684	0.000772687	708203544	ops_par_loop_advec_cell_kernel3_xdir_81	advec_cell_kernel3_xdir
4685	0.001462117	1533542400	ops_par_loop_advec_cell_kernel4_xdir_82	advec_cell_kernel4_xdir
4686	0.000022402	553536	ops_par_loop_group_58	update_halo_kernel1_b2+update_halo_kernel4_minus_4_a
4687	0.000020919	553536	ops_par_loop_group_59	update_halo_kernel1_b1+update_halo_kernel4_minus_2_a
4688	0.000021020	369120	ops_par_loop_group_60	update_halo_kernel2_xvel_plus_4_a+update_halo_kernel2_yvel_minus_4_a+update_halo_kernel3_plus_4_a
4689	0.000020979	369120	ops_par_loop_group_61	update_halo_kernel2_xvel_plus_2_a+update_halo_kernel2_yvel_minus_2_a+update_halo_kernel3_plus_2_a
4690	0.000019116	246080	ops_par_loop_group_62	update_halo_kernel2_xvel_plus_4_b+update_halo_kernel2_yvel_minus_4_b
4691	0.000019777	369120	ops_par_loop_group_63	update_halo_kernel2_xvel_plus_2_b+update_halo_kernel2_yvel_minus_2_b+update_halo_kernel3_plus_4_b
4692	0.000020759	246080	ops_par_loop_group_64	update_halo_kernel2_xvel_minus_4_b+update_halo_kernel2_yvel_plus_4_b
4693	0.000019016	123040	ops_par_loop_update_halo_kernel3_plus_2_b_110	update_halo_kernel3_plus_2_b
4694	0.000019377	123008	ops_par_loop_update_halo_kernel3_minus_4_b_113	update_halo_kernel3_minus_4_b
4695	0.000017935	123008	ops_par_loop_update_halo_kernel4_minus_4_b_117	update_halo_kernel4_minus_4_b
4696	0.000020078	553536	ops_par_loop_group_68	update_halo_kernel1_t2+update_halo_kernel4_minus_2_b
4697	0.000019647	430528	ops_par_loop_update_halo_kernel1_t1_86	update_halo_kernel1_t1
4698	0.000025518	553536	ops_par_loop_group_70	update_halo_kernel1_l2+update_halo_kernel3_minus_4_a
4699	0.000022553	553536	ops_par_loop_group_71	update_halo_kernel1_l1+update_halo_kernel3_minus_2_a
4700	0.000024587	553536	ops_par_loop_group_72	update_halo_kernel1_r2+update_halo_kernel3_minus_2_b
4701	0.000021120	430528	ops_par_loop_update_halo_kernel1_r1_90	update_halo_kernel1_r1
4702	0.000028684	369120	ops_par_loop_group_74	update_halo_kernel2_xvel_minus_4_a+update_halo_kernel2_yvel_plus_4_a+update_halo_kernel4_plus_4_a
4703	0.000022082	369120	ops_par_loop_group_75	update_halo_kernel2_xvel_minus_2_a+update_halo_kernel2_yvel_plus_2_a+update_halo_kernel4_plus_2_a
4704	0.000022794	369120	ops_par_loop_group_76	update_halo_kernel2_xvel_minus_2_b+update_halo_kernel2_yvel_plus_2_b+update_halo_kernel4_plus_4_b
4705	0.000018795	123040	ops_par_loop_update_halo_kernel4_plus_2_b_122	update_halo_kernel4_plus_2_b
4706	0.001784218	1416561152	ops_par_loop_group_78	advec_mom_kernel_x2+reset_field_kernel1+ideal_gas_kernel
4707	0.000196564	236236864	ops_par_loop_advec_mom_kernel_mass_flux_x_124	advec_mom_kernel_mass_flux_x
4708	0.000574020	590438520	ops_par_loop_advec_mom_kernel_post_pre_advec_x_125	advec_mom_kernel_post_pre_advec_x
4709	0.000882286	472258640	ops_par_loop_advec_mom_kernel1_x_nonvector_126	advec_mom_kernel1_x_nonvector
4710	0.000447830	590131240	ops_par_loop_advec_mom_kernel2_x_127	advec_mom_kernel2_x
4711	0.000495982	472842752	ops_par_loop_advec_mom_kernel_x2_128	advec_mom_kernel_x2
4712	0.000194509	236236864	ops_par_loop_advec_mom_kernel_mass_flux_x_129	advec_mom_kernel_mass_flux_x
4713	0.000577757	590438520	ops_par_loop_advec_mom_kernel_post_pre_advec_x_130	advec_mom_kernel_post_pre_advec_x
4714	0.000883298	472258640	ops_par_loop_advec_mom_kernel1_x_nonvector_131	advec_mom_kernel1_x_nonvector
4715	0.000728844	1062236232	ops_par_loop_group_87	advec_mom_kernel2_x+reset_field_kernel2
4716	0.000023063	430304	ops_par_loop_update_halo_kernel1_b1_136	update_halo_kernel1_b1
4717	0.000019106	430304	ops_par_loop_update_halo_kernel1_t1_137	update_halo_kernel1_t1
4718	0.000023925	430304	ops_par_loop_update_halo_kernel1_l1_138	update_halo_kernel1_l1
4719	0.000025098	430304	ops_par_loop_update_halo_kernel1_r1_139	update_halo_kernel1_r1
4720	0.000018915	245952	ops_par_loop_group_92	update_halo_kernel2_xvel_plus_2_a+update_halo_kernel2_yvel_minus_2_a
4721	0.000019157	245952	ops_par_loop_group_93	update_halo_kernel2_xvel_plus_2_b+update_halo_kernel2_yvel_minus_2_b
4722	0.000020819	245952	ops_par_loop_group_94	update_halo_kernel2_xvel_minus_2_a+update_halo_kernel2_yvel_plus_2_a
4723	0.000021281	245952	ops_par_loop_group_95	update_halo_kernel2_xvel_minus_2_b+update_halo_kernel2_yvel_plus_2_b
4724	0.001734323	589885440	ops_par_loop_viscosity_kernel_148	viscosity_kernel
4725	0.000023635	430304	ops_par_loop_update_halo_kernel1_b1_149	update_halo_kernel1_b1
4726	0.000022152	430304	ops_par_loop_update_halo_kernel1_t1_150	update_halo_kernel1_t1
4727	0.000025348	430304	ops_par_loop_update_halo_kernel1_l1_151	update_halo_kernel1_l1
4728	0.000023956	430304	ops_par_loop_update_halo_kernel1_r1_152	update_halo_kernel1_r1
4729	0.000917643	1061744640	ops_par_loop_calc_dt_kernel_153	calc_dt_kernel
4730	0.001479600	1887436800	ops_par_loop_group_0	PdV_kernel_predict+ideal_gas_kernel
4731	0.000021832	430304	ops_par_loop_update_halo_kernel1_b1_2	update_halo_kernel1_b1
4732	0.000019266	430304	ops_par_loop_update_halo_kernel1_t1_3	update_halo_kernel1_t1
4733	0.000023194	430304	ops_par_loop_update_halo_kernel1_l1_4	update_halo_kernel1_l1
4734	0.000023465	430304	ops_par_loop_update_halo_kernel1_r1_5	update_halo_kernel1_r1
4735	0.001558159	1770147928	ops_par_loop_group_5	revert_kernel+accelerate_kernel
4736	0.001359512	1651507200	ops_par_loop_PdV_kernel_nopredict_8	PdV_kernel_nopredict
4737	0.000359202	471982080	ops_par_loop_flux_calc_kernelx_9	flux_calc_kernelx
4738	0.000356848	471982080	ops_par_loop_flux_calc_kernely_10	flux_calc_kernely
4739	0.000021672	553536	ops_par_loop_group_9	update_halo_kernel1_b2+update_halo_kernel4_minus_4_a
4740	0.000020640	553536	ops_par_loop_group_10	update_halo_kernel1_b1+update_halo_kernel4_minus_2_a
4741	0.000021140	369120	ops_par_loop_group_11	update_halo_kernel3_plus_4_a+update_halo_kernel2_xvel_plus_4_a+update_halo_kernel2_yvel_minus_4_a
4742	0.000020018	369120	ops_par_loop_group_12	update_halo_kernel3_plus_2_a+update_halo_kernel2_xvel_plus_2_a+update_halo_kernel2_yvel_minus_2_a
4743	0.000018906	123008	ops_par_loop_update_halo_kernel4_minus_4_b_29	update_halo_kernel4_minus_4_b
4744	0.000020008	553536	ops_par_loop_group_14	update_halo_kernel1_t2+update_halo_kernel4_minus_2_b
4745	0.000019988	430528	ops_par_loop_update_halo_kernel1_t1_14	update_halo_kernel1_t1
4746	0.000018976	246080	ops_par_loop_group_16	update_halo_kernel2_xvel_plus_4_b+update_halo_kernel2_yvel_minus_4_b
4747	0.000020078	369120	ops_par_loop_group_17	update_halo_kernel3_plus_4_b+update_halo_kernel2_xvel_plus_2_b+update_halo_kernel2_yvel_minus_2_b
4748	0.000018395	123040	ops_par_loop_update_halo_kernel3_plus_2_b_22	update_halo_kernel3_plus_2_b
4749	0.000024587	553536	ops_par_loop_group_19	update_halo_kernel1_l2+update_halo_kernel3_minus_4_a
4750	0.000022463	553536	ops_par_loop_group_20	update_halo_kernel1_l1+update_halo_kernel3_minus_2_a
4751	0.000019557	123008	ops_par_loop_update_halo_kernel3_minus_4_b_25	update_halo_kernel3_minus_4_b
4752	0.000024166	553536	ops_par_loop_group_22	update_halo_kernel1_r2+update_halo_kernel3_minus_2_b
4753	0.000020248	430528	ops_par_loop_update_halo_kernel1_r1_18	update_halo_kernel1_r1
4754	0.000024226	369120	ops_par_loop_group_24	update_halo_kernel4_plus_4_a+update_halo_kernel2_xvel_minus_4_a+update_halo_kernel2_yvel_plus_4_a
4755	0.000022092	369120	ops_par_loop_group_25	update_halo_kernel4_plus_2_a+update_halo_kernel2_xvel_minus_2_a+update_halo_kernel2_yvel_plus_2_a
4756	0.000019897	246080	ops_par_loop_group_26	update_halo_kernel2_xvel_minus_4_b+update_halo_kernel2_yvel_plus_4_b
4757	0.000022383	369120	ops_par_loop_group_27	update_halo_kernel4_plus_4_b+update_halo_kernel2_xvel_minus_2_b+update_halo_kernel2_yvel_plus_2_b
4758	0.000018615	123040	ops_par_loop_update_halo_kernel4_plus_2_b_34	update_halo_kernel4_plus_2_b
4759	0.000565173	591053440	ops_par_loop_advec_cell_kernel1_xdir_35	advec_cell_kernel1_xdir
4760	0.000772948	708203544	ops_par_loop_advec_cell_kernel3_xdir_36	advec_cell_kernel3_xdir
4761	0.001465854	1533542400	ops_par_loop_advec_cell_kernel4_xdir_37	advec_cell_kernel4_xdir
4762	0.000021971	430528	ops_par_loop_update_halo_kernel1_b2_38	update_halo_kernel1_b2
4763	0.000020509	430528	ops_par_loop_update_halo_kernel1_b1_39	update_halo_kernel1_b1
4764	0.000019888	430528	ops_par_loop_update_halo_kernel1_t2_40	update_halo_kernel1_t2
4765	0.000019798	430528	ops_par_loop_update_halo_kernel1_t1_41	update_halo_kernel1_t1
4766	0.000018455	123040	ops_par_loop_update_halo_kernel3_plus_4_a_62	update_halo_kernel3_plus_4_a
4767	0.000019016	123040	ops_par_loop_update_halo_kernel3_plus_2_a_63	update_halo_kernel3_plus_2_a
4768	0.000018014	123040	ops_par_loop_update_halo_kernel3_plus_4_b_64	update_halo_kernel3_plus_4_b
4769	0.000018164	123040	ops_par_loop_update_halo_kernel3_plus_2_b_65	update_halo_kernel3_plus_2_b
4770	0.000026300	553536	ops_par_loop_group_40	update_halo_kernel1_l2+update_halo_kernel3_minus_4_a
4771	0.000023225	553536	ops_par_loop_group_41	update_halo_kernel1_l1+update_halo_kernel3_minus_2_a
4772	0.000018385	123008	ops_par_loop_update_halo_kernel3_minus_4_b_68	update_halo_kernel3_minus_4_b
4773	0.000024607	553536	ops_par_loop_group_43	update_halo_kernel1_r2+update_halo_kernel3_minus_2_b
4774	0.000021241	430528	ops_par_loop_update_halo_kernel1_r1_45	update_halo_kernel1_r1
4775	0.000562158	591053440	ops_par_loop_advec_mom_kernel_x1_70	advec_mom_kernel_x1
4776	0.000194209	236236864	ops_par_loop_advec_mom_kernel_mass_flux_x_71	advec_mom_kernel_mass_flux_x
4777	0.000574310	590438520	ops_par_loop_advec_mom_kernel_post_pre_advec_x_72	advec_mom_kernel_post_pre_advec_x
4778	0.000882015	472258640	ops_par_loop_advec_mom_kernel1_x_nonvector_73	advec_mom_kernel1_x_nonvector
4779	0.000446668	590131240	ops_par_loop_advec_mom_kernel2_x_74	advec_mom_kernel2_x
4780	0.000560455	591053440	ops_par_loop_advec_mom_kernel_x1_75	advec_mom_kernel_x1
4781	0.000194509	236236864	ops_par_loop_advec_mom_kernel_mass_flux_x_76	advec_mom_kernel_mass_flux_x
4782	0.000572848	590438520	ops_par_loop_advec_mom_kernel_post_pre_advec_x_77	advec_mom_kernel_post_pre_advec_x
4783	0.000884160	472258640	ops_par_loop_advec_mom_kernel1_x_nonvector_78	advec_mom_kernel1_x_nonvector
4784	0.000446268	590131240	ops_par_loop_advec_mom_kernel2_x_79	advec_mom_kernel2_x
4785	0.000498496	472842752	ops_par_loop_advec_cell_kernel2_ydir_80	advec_cell_kernel2_ydir
4786	0.000788387	708203544	ops_par_loop_advec_cell_kernel3_ydir_81	advec_cell_kernel3_ydir
4787	0.001471685	1533542400	ops_par_loop_advec_cell_kernel4_ydir_82	advec_cell_kernel4_ydir
4788	0.000022913	553536	ops_par_loop_group_58	update_halo_kernel1_b2+update_halo_kernel4_minus_4_a
4789	0.000022132	553536	ops_par_loop_group_59	update_halo_kernel1_b1+update_halo_kernel4_minus_2_a
4790	0.000020980	369120	ops_par_loop_group_60	update_halo_kernel2_xvel_plus_4_a+update_halo_kernel2_yvel_minus_4_a+update_halo_kernel3_plus_4_a
4791	0.000020860	369120	ops_par_loop_group_61	update_halo_kernel2_xvel_plus_2_a+update_halo_kernel2_yvel_minus_2_a+update_halo_kernel3_plus_2_a
4792	0.000019157	246080	ops_par_loop_group_62	update_halo_kernel2_xvel_plus_4_b+update_halo_kernel2_yvel_minus_4_b
4793	0.000020449	369120	ops_par_loop_group_63	update_halo_kernel2_xvel_plus_2_b+update_halo_kernel2_yvel_minus_2_b+update_halo_kernel3_plus_4_b
4794	0.000021150	246080	ops_par_loop_group_64	update_halo_kernel2_xvel_minus_4_b+update_halo_kernel2_yvel_plus_4_b
4795	0.000019357	123040	ops_par_loop_update_halo_kernel3_plus_2_b_110	update_halo_kernel3_plus_2_b
4796	0.000019116	123008	ops_par_loop_update_halo_kernel3_minus_4_b_113	update_halo_kernel3_minus_4_b
4797	0.000018265	123008	ops_par_loop_update_halo_kernel4_minus_4_b_117	update_halo_kernel4_minus_4_b
4798	0.000021521	553536	ops_par_loop_group_68	update_halo_kernel1_t2+update_halo_kernel4_minus_2_b
4799	0.000020098	430528	ops_par_loop_update_halo_kernel1_t1_86	update_halo_kernel1_t1
4800	0.000026520	553536	ops_par_loop_group_70	update_halo_kernel1_l2+update_halo_kernel3_minus_4_a
4801	0.000023224	553536	ops_par_loop_group_71	update_halo_kernel1_l1+update_halo_kernel3_minus_2_a
4802	0.000023815	553536	ops_par_loop_group_72	update_halo_kernel1_r2+update_halo_kernel3_minus_2_b
4803	0.000021230	430528	ops_par_loop_update_halo_kernel1_r1_90	update_halo_kernel1_r1
4804	0.000023134	369120	ops_par_loop_group_74	update_halo_kernel2_xvel_minus_4_a+update_halo_kernel2_yvel_plus_4_a+update_halo_kernel4_plus_4_a
4805	0.000020599	369120	ops_par_loop_group_75	update_halo_kernel2_xvel_minus_2_a+update_halo_kernel2_yvel_plus_2_a+update_halo_kernel4_plus_2_a
4806	0.000022914	369120	ops_par_loop_group_76	update_halo_kernel2_xvel_minus_2_b+update_halo_kernel2_yvel_plus_2_b+update_halo_kernel4_plus_4_b
4807	0.000018445	123040	ops_par_loop_update_halo_kernel4_plus_2_b_122	update_halo_kernel4_plus_2_b
4808	0.001781794	1416561152	ops_par_loop_group_78	advec_mom_kernel_y2+reset_field_kernel1+ideal_gas_kernel
4809	0.000194459	236236864	ops_par_loop_advec_mom_kernel_mass_flux_y_124	advec_mom_kernel_mass_flux_y
4810	0.000534806	590438520	ops_par_loop_advec_mom_kernel_post_pre_advec_y_125	advec_mom_kernel_post_pre_advec_y
4811	0.000878549	472258640	ops_par_loop_advec_mom_kernel1_y_nonvector_126	advec_mom_kernel1_y_nonvector
4812	0.000445276	590131240	ops_par_loop_advec_mom_kernel2_y_127	advec_mom_kernel2_y
4813	0.000490932	472842752	ops_par_loop_advec_mom_kernel_y2_128	advec_mom_kernel_y2
4814	0.000196984	236236864	ops_par_loop_advec_mom_kernel_mass_flux_y_129	advec_mom_kernel_mass_flux_y
4815	0.000532492	590438520	ops_par_loop_advec_mom_kernel_post_pre_advec_y_130	advec_mom_kernel_post_pre_advec_y
4816	0.000874671	472258640	ops_par_loop_advec_mom_kernel1_y_nonvector_131	advec_mom_kernel1_y_nonvector
4817	0.000734214	1062236232	ops_par_loop_group_87	advec_mom_kernel2_y+reset_field_kernel2
4818	0.000021571	430304	ops_par_loop_update_halo_kernel1_b1_136	update_halo_kernel1_b1
4819	0.000020459	430304	ops_par_loop_update_halo_kernel1_t1_137	update_halo_kernel1_t1
4820	0.000023875	430304	ops_par_loop_update_halo_kernel1_l1_138	update_halo_kernel1_l1
4821	0.000023866	430304	ops_par_loop_update_halo_kernel1_r1_139	update_halo_kernel1_r1
4822	0.000019196	245952	ops_par_loop_group_92	update_halo_kernel2_xvel_plus_2_a+update_halo_kernel2_yvel_minus_2_a
4823	0.000019588	245952	ops_par_loop_group_93	update_halo_kernel2_xvel_plus_2_b+update_halo_kernel2_yvel_minus_2_b
4824	0.000020990	245952	ops_par_loop_group_94	update_halo_kernel2_xvel_minus_2_a+update_halo_kernel2_yvel_plus_2_a
4825	0.000021039	245952	ops_par_loop_group_95	update_halo_kernel2_xvel_minus_2_b+update_halo_kernel2_yvel_plus_2_b
4826	0.001734133	589885440	ops_par_loop_viscosity_kernel_148	viscosity_kernel
4827	0.000021230	430304	ops_par_loop_update_halo_kernel1_b1_149	update_halo_kernel1_b1
4828	0.000019958	430304	ops_par_loop_update_halo_kernel1_t1_150	update_halo_kernel1_t1
4829	0.000023164	430304	ops_par_loop_update_halo_kernel1_l1_151	update_halo_kernel1_l1
4830	0.000022432	430304	ops_par_loop_update_halo_kernel1_r1_152	update_halo_kernel1_r1
4831	0.000916751	1061744640	ops_par_loop_calc_dt_kernel_153	calc_dt_kernel
4832	0.001483718	1887436800	ops_par_loop_group_0	PdV_kernel_predict+ideal_gas_kernel
4833	0.000022172	430304	ops_par_loop_update_halo_kernel1_b1_2	update_halo_kernel1_b1
4834	0.000020659	430304	ops_par_loop_update_halo_kernel1_t1_3	update_halo_kernel1_t1
4835	0.000024747	430304	ops_par_loop_update_halo_kernel1_l1_4	update_halo_kernel1_l1
4836	0.000024747	430304	ops_par_loop_update_halo_kernel1_r1_5	update_halo_kernel1_r1
4837	0.001557999	1770147928	ops_par_loop_group_5	revert_kernel+accelerate_kernel
4838	0.001352859	1651507200	ops_par_loop_PdV_kernel_nopredict_8	PdV_kernel_nopredict
4839	0.000360705	471982080	ops_par_loop_flux_calc_kernelx_9	flux_calc_kernelx
4840	0.000359673	471982080	ops_par_loop_flux_calc_kernely_10	flux_calc_kernely
4841	0.000022343	553536	ops_par_loop_group_9	update_halo_kernel1_b2+update_halo_kernel4_minus_4_a
4842	0.000021511	553536	ops_par_loop_group_10	update_halo_kernel1_b1+update_halo_kernel4_minus_2_a
4843	0.000021691	369120	ops_par_loop_group_11	update_halo_kernel3_plus_4_a+update_halo_kernel2_xvel_plus_4_a+update_halo_kernel2_yvel_minus_4_a
4844	0.000020940	369120	ops_par_loop_group_12	update_halo_kernel3_plus_2_a+update_halo_kernel2_xvel_plus_2_a+update_halo_kernel2_yvel_minus_2_a
4845	0.000018234	123008	ops_par_loop_update_halo_kernel4_minus_4_b_29	update_halo_kernel4_minus_4_b
4846	0.000021160	553536	ops_par_loop_group_14	update_halo_kernel1_t2+update_halo_kernel4_minus_2_b
4847	0.000019728	430528	ops_par_loop_update_halo_kernel1_t1_14	update_halo_kernel1_t1
4848	0.000019447	246080	ops_par_loop_group_16	update_halo_kernel2_xvel_plus_4_b+update_halo_kernel2_yvel_minus_4_b
4849	0.000019808	369120	ops_par_loop_group_17	update_halo_kernel3_plus_4_b+update_halo_kernel2_xvel_plus_2_b+update_halo_kernel2_yvel_minus_2_b
4850	0.000019838	123040	ops_par_loop_update_halo_kernel3_plus_2_b_22	update_halo_kernel3_plus_2_b
4851	0.000027883	553536	ops_par_loop_group_19	update_halo_kernel1_l2+update_halo_kernel3_minus_4_a
4852	0.000024707	553536	ops_par_loop_group_20	update_halo_kernel1_l1+update_halo_kernel3_minus_2_a
4853	0.000019968	123008	ops_par_loop_update_halo_kernel3_minus_4_b_25	update_halo_kernel3_minus_4_b
4854	0.000024857	553536	ops_par_loop_group_22	update_halo_kernel1_r2+update_halo_kernel3_minus_2_b
4855	0.000022032	430528	ops_par_loop_update_halo_kernel1_r1_18	update_halo_kernel1_r1
4856	0.000024316	369120	ops_par_loop_group_24	update_halo_kernel4_plus_4_a+update_halo_kernel2_xvel_minus_4_a+update_halo_kernel2_yvel_plus_4_a
4857	0.000021501	369120	ops_par_loop_group_25	update_halo_kernel4_plus_2_a+update_halo_kernel2_xvel_minus_2_a+update_halo_kernel2_yvel_plus_2_a
4858	0.000021451	246080	ops_par_loop_group_26	update_halo_kernel2_xvel_minus_4_b+update_halo_kernel2_yvel_plus_4_b
4859	0.000022974	369120	ops_par_loop_group_27	update_halo_kernel4_plus_4_b+update_halo_kernel2_xvel_minus_2_b+update_halo_kernel2_yvel_plus_2_b
4860	0.000018475	123040	ops_par_loop_update_halo_kernel4_plus_2_b_34	update_halo_kernel4_plus_2_b
4861	0.000561296	591053440	ops_par_loop_advec_cell_kernel1_ydir_35	advec_cell_kernel1_ydir
4862	0.000787926	708203544	ops_par_loop_advec_cell_kernel3_ydir_36	advec_cell_kernel3_ydir
4863	0.001470052	1533542400	ops_par_loop_advec_cell_kernel4_ydir_37	advec_cell_kernel4_ydir
4864	0.000023624	553536	ops_par_loop_group_32	update_halo_kernel1_b2+update_halo_kernel4_minus_4_a
4865	0.000021251	553536	ops_par_loop_group_33	update_halo_kernel1_b1+update_halo_kernel4_minus_2_a
4866	0.000017763	123008	ops_par_loop_update_halo_kernel4_minus_4_b_64	update_halo_kernel4_minus_4_b
4867	0.000020599	553536	ops_par_loop_group_35	update_halo_kernel1_t2+update_halo_kernel4_minus_2_b
4868	0.000020199	430528	ops_par_loop_update_halo_kernel1_t1_41	update_halo_kernel1_t1
4869	0.000023154	430528	ops_par_loop_update_halo_kernel1_l2_42	update_halo_kernel1_l2
4870	0.000020849	430528	ops_par_loop_update_halo_kernel1_l1_43	update_halo_kernel1_l1
4871	0.000023144	430528	ops_par_loop_update_halo_kernel1_r2_44	update_halo_kernel1_r2
4872	0.000020699	430528	ops_par_loop_update_halo_kernel1_r1_45	update_halo_kernel1_r1
4873	0.000018796	123040	ops_par_loop_update_halo_kernel4_plus_4_a_66	update_halo_kernel4_plus_4_a
4874	0.000017763	123040	ops_par_loop_update_halo_kernel4_plus_2_a_67	update_halo_kernel4_plus_2_a
4875	0.000018956	123040	ops_par_loop_update_halo_kernel4_plus_4_b_68	update_halo_kernel4_plus_4_b
4876	0.000017894	123040	ops_par_loop_update_halo_kernel4_plus_2_b_69	update_halo_kernel4_plus_2_b
4877	0.000560915	591053440	ops_par_loop_advec_mom_kernel_y1_70	advec_mom_kernel_y1
4878	0.000190883	236236864	ops_par_loop_advec_mom_kernel_mass_flux_y_71	advec_mom_kernel_mass_flux_y
4879	0.000532421	590438520	ops_par_loop_advec_mom_kernel_post_pre_advec_y_72	advec_mom_kernel_post_pre_advec_y
4880	0.000877636	472258640	ops_par_loop_advec_mom_kernel1_y_nonvector_73	advec_mom_kernel1_y_nonvector
4881	0.000449244	590131240	ops_par_loop_advec_mom_kernel2_y_74	advec_mom_kernel2_y
4882	0.000561656	591053440	ops_par_loop_advec_mom_kernel_y1_75	advec_mom_kernel_y1
4883	0.000192085	236236864	ops_par_loop_advec_mom_kernel_mass_flux_y_76	advec_mom_kernel_mass_flux_y
4884	0.000532541	590438520	ops_par_loop_advec_mom_kernel_post_pre_advec_y_77	advec_mom_kernel_post_pre_advec_y
4885	0.000874341	472258640	ops_par_loop_advec_mom_kernel1_y_nonvector_78	advec_mom_kernel1_y_nonvector
4886	0.000447990	590131240	ops_par_loop_advec_mom_kernel2_y_79	advec_mom_kernel2_y
4887	0.000489269	472842752	ops_par_loop_advec_cell_kernel2_xdir_80	advec_cell_kernel2_xdir
4888	0.000773379	708203544	ops_par_loop_advec_cell_kernel3_xdir_81	advec_cell_kernel3_xdir
4889	0.001457488	1533542400	ops_par_loop_advec_cell_kernel4_xdir_82	advec_cell_kernel4_xdir
4890	0.000023344	553536	ops_par_loop_group_58	update_halo_kernel1_b2+update_halo_kernel4_minus_4_a
4891	0.000021932	553536	ops_par_loop_group_59	update_halo_kernel1_b1+update_halo_kernel4_minus_2_a
4892	0.000020749	369120	ops_par_loop_group_60	update_halo_kernel2_xvel_plus_4_a+update_halo_kernel2_yvel_minus_4_a+update_halo_kernel3_plus_4_a
4893	0.000020339	369120	ops_par_loop_group_61	update_halo_kernel2_xvel_plus_2_a+update_halo_kernel2_yvel_minus_2_a+update_halo_kernel3_plus_2_a
4894	0.000018555	246080	ops_par_loop_group_62	update_halo_kernel2_xvel_plus_4_b+update_halo_kernel2_yvel_minus_4_b
4895	0.000020459	369120	ops_par_loop_group_63	update_halo_kernel2_xvel_plus_2_b+update_halo_kernel2_yvel_minus_2_b+update_halo_kernel3_plus_4_b
4896	0.000021280	246080	ops_par_loop_group_64	update_halo_kernel2_xvel_minus_4_b+update_halo_kernel2_yvel_plus_4_b
4897	0.000019407	123040	ops_par_loop_update_halo_kernel3_plus_2_b_110	update_halo_kernel3_plus_2_b
4898	0.000019507	123008	ops_par_loop_update_halo_kernel3_minus_4_b_113	update_halo_kernel3_minus_4_b
4899	0.000018114	123008	ops_par_loop_update_halo_kernel4_minus_4_b_117	update_halo_kernel4_minus_4_b
4900	0.000020810	553536	ops_par_loop_group_68	update_halo_kernel1_t2+update_halo_kernel4_minus_2_b
4901	0.000019327	430528	ops_par_loop_update_halo_kernel1_t1_86	update_halo_kernel1_t1
4902	0.000025859	553536	ops_par_loop_group_70	update_halo_kernel1_l2+update_halo_kernel3_minus_4_a
4903	0.000023265	553536	ops_par_loop_group_71	update_halo_kernel1_l1+update_halo_kernel3_minus_2_a
4904	0.000024557	553536	ops_par_loop_group_72	update_halo_kernel1_r2+update_halo_kernel3_minus_2_b
4905	0.000021310	430528	ops_par_loop_update_halo_kernel1_r1_90	update_halo_kernel1_r1
4906	0.000024987	369120	ops_par_loop_group_74	update_halo_kernel2_xvel_minus_4_a+update_halo_kernel2_yvel_plus_4_a+update_halo_kernel4_plus_4_a
4907	0.000023545	369120	ops_par_loop_group_75	update_halo_kernel2_xvel_minus_2_a+update_halo_kernel2_yvel_plus_2_a+update_halo_kernel4_plus_2_a
4908	0.000023495	369120	ops_par_loop_group_76	update_halo_kernel2_xvel_minus_2_b+update_halo_kernel2_yvel_plus_2_b+update_halo_kernel4_plus_4_b
4909	0.000020639	123040	ops_par_loop_update_halo_kernel4_plus_2_b_122	update_halo_kernel4_plus_2_b
4910	0.001793627	1416561152	ops_par_loop_group_78	advec_mom_kernel_x2+reset_field_kernel1+ideal_gas_kernel
4911	0.000196824	236236864	ops_par_loop_advec_mom_kernel_mass_flux_x_124	advec_mom_kernel_mass_flux_x
4912	0.000574541	590438520	ops_par_loop_advec_mom_kernel_post_pre_advec_x_125	advec_mom_kernel_post_pre_advec_x
4913	0.000882676	472258640	ops_par_loop_advec_mom_kernel1_x_nonvector_126	advec_mom_kernel1_x_nonvector
4914	0.000447991	590131240	ops_par_loop_advec_mom_kernel2_x_127	advec_mom_kernel2_x
4915	0.000498857	472842752	ops_par_loop_advec_mom_kernel_x2_128	advec_mom_kernel_x2
4916	0.000194419	236236864	ops_par_loop_advec_mom_kernel_mass_flux_x_129	advec_mom_kernel_mass_flux_x
4917	0.000575032	590438520	ops_par_loop_advec_mom_kernel_post_pre_advec_x_130	advec_mom_kernel_post_pre_advec_x
4918	0.000883618	472258640	ops_par_loop_advec_mom_kernel1_x_nonvector_131	advec_mom_kernel1_x_nonvector
4919	0.000731179	1062236232	ops_par_loop_group_87	advec_mom_kernel2_x+reset_field_kernel2
4920	0.000021651	430304	ops_par_loop_update_halo_kernel1_b1_136	update_halo_kernel1_b1
4921	0.000019788	430304	ops_par_loop_update_halo_kernel1_t1_137	update_halo_kernel1_t1
4922	0.000024106	430304	ops_par_loop_update_halo_kernel1_l1_138	update_halo_kernel1_l1
4923	0.000024687	430304	ops_par_loop_update_halo_kernel1_r1_139	update_halo_kernel1_r1
4924	0.000019457	245952	ops_par_loop_group_92	update_halo_kernel2_xvel_plus_2_a+update_halo_kernel2_yvel_minus_2_a
4925	0.000019207	245952	ops_par_loop_group_93	update_halo_kernel2_xvel_plus_2_b+update_halo_kernel2_yvel_minus_2_b
4926	0.000021190	245952	ops_par_loop_group_94	update_halo_kernel2_xvel_minus_2_a+update_halo_kernel2_yvel_plus_2_a
4927	0.000021992	245952	ops_par_loop_group_95	update_halo_kernel2_xvel_minus_2_b+update_halo_kernel2_yvel_plus_2_b
4928	0.001732330	589885440	ops_par_loop_viscosity_kernel_148	viscosity_kernel
4929	0.000021801	430304	ops_par_loop_update_halo_kernel1_b1_149	update_halo_kernel1_b1
4930	0.000020760	430304	ops_par_loop_update_halo_kernel1_t1_150	update_halo_kernel1_t1
4931	0.000024497	430304	ops_par_loop_update_halo_kernel1_l1_151	update_halo_kernel1_l1
4932	0.000022453	430304	ops_par_loop_update_halo_kernel1_r1_152	update_halo_kernel1_r1
4933	0.000917242	1061744640	ops_par_loop_calc_dt_kernel_153	calc_dt_kernel
4934	0.001489028	1887436800	ops_par_loop_group_0	PdV_kernel_predict+ideal_gas_kernel
4935	0.000022102	430304	ops_par_loop_update_halo_kernel1_b1_2	update_halo_kernel1_b1
4936	0.000019637	430304	ops_par_loop_update_halo_kernel1_t1_3	update_halo_kernel1_t1
4937	0.000023485	430304	ops_par_loop_update_halo_kernel1_l1_4	update_halo_kernel1_l1
4938	0.000023705	430304	ops_par_loop_update_halo_kernel1_r1_5	update_halo_kernel1_r1
4939	0.001557337	1770147928	ops_par_loop_group_5	revert_kernel+accelerate_kernel
4940	0.001356356	1651507200	ops_par_loop_PdV_kernel_nopredict_8	PdV_kernel_nopredict
4941	0.000359543	471982080	ops_par_loop_flux_calc_kernelx_9	flux_calc_kernelx
4942	0.000357609	471982080	ops_par_loop_flux_calc_kernely_10	flux_calc_kernely
4943	0.000022112	553536	ops_par_loop_group_9	update_halo_kernel1_b2+update_halo_kernel4_minus_4_a
4944	0.000020710	553536	ops_par_loop_group_10	update_halo_kernel1_b1+update_halo_kernel4_minus_2_a
4945	0.000021501	369120	ops_par_loop_group_11	update_halo_kernel3_plus_4_a+update_halo_kernel2_xvel_plus_4_a+update_halo_kernel2_yvel_minus_4_a
4946	0.000020008	369120	ops_par_loop_group_12	update_halo_kernel3_plus_2_a+update_halo_kernel2_xvel_plus_2_a+update_halo_kernel2_yvel_minus_2_a
4947	0.000019096	123008	ops_par_loop_update_halo_kernel4_minus_4_b_29	update_halo_kernel4_minus_4_b
4948	0.000020248	553536	ops_par_loop_group_14	update_halo_kernel1_t2+update_halo_kernel4_minus_2_b
4949	0.000019728	430528	ops_par_loop_update_halo_kernel1_t1_14	update_halo_kernel1_t1
4950	0.000019206	246080	ops_par_loop_group_16	update_halo_kernel2_xvel_plus_4_b+update_halo_kernel2_yvel_minus_4_b
4951	0.000020399	369120	ops_par_loop_group_17	update_halo_kernel3_plus_4_b+update_halo_kernel2_xvel_plus_2_b+update_halo_kernel2_yvel_minus_2_b
4952	0.000018666	123040	ops_par_loop_update_halo_kernel3_plus_2_b_22	update_halo_kernel3_plus_2_b
4953	0.000024818	553536	ops_par_loop_group_19	update_halo_kernel1_l2+update_halo_kernel3_minus_4_a
4954	0.000022653	553536	ops_par_loop_group_20	update_halo_kernel1_l1+update_halo_kernel3_minus_2_a
4955	0.000019126	123008	ops_par_loop_update_halo_kernel3_minus_4_b_25	update_halo_kernel3_minus_4_b
4956	0.000024046	553536	ops_par_loop_group_22	update_halo_kernel1_r2+update_halo_kernel3_minus_2_b
4957	0.000020509	430528	ops_par_loop_update_halo_kernel1_r1_18	update_halo_kernel1_r1
4958	0.000023354	369120	ops_par_loop_group_24	update_halo_kernel4_plus_4_a+update_halo_kernel2_xvel_minus_4_a+update_halo_kernel2_yvel_plus_4_a
4959	0.000022292	369120	ops_par_loop_group_25	update_halo_kernel4_plus_2_a+update_halo_kernel2_xvel_minus_2_a+update_halo_kernel2_yvel_plus_2_a
4960	0.000020208	246080	ops_par_loop_group_26	update_halo_kernel2_xvel_minus_4_b+update_halo_kernel2_yvel_plus_4_b
4961	0.000022263	369120	ops_par_loop_group_27	update_halo_kernel4_plus_4_b+update_halo_kernel2_xvel_minus_2_b+update_halo_kernel2_yvel_plus_2_b
4962	0.000018705	123040	ops_par_loop_update_halo_kernel4_plus_2_b_34	update_halo_kernel4_plus_2_b
4963	0.000562188	591053440	ops_par_loop_advec_cell_kernel1_xdir_35	advec_cell_kernel1_xdir
4964	0.000772777	708203544	ops_par_loop_advec_cell_kernel3_xdir_36	advec_cell_kernel3_xdir
4965	0.001462066	1533542400	ops_par_loop_advec_cell_kernel4_xdir_37	advec_cell_kernel4_xdir
4966	0.000021772	430528	ops_par_loop_update_halo_kernel1_b2_38	update_halo_kernel1_b2
4967	0.000021120	430528	ops_par_loop_update_halo_kernel1_b1_39	update_halo_kernel1_b1
4968	0.000019787	430528	ops_par_loop_update_halo_kernel1_t2_40	update_halo_kernel1_t2
4969	0.000019948	430528	ops_par_loop_update_halo_kernel1_t1_41	update_halo_kernel1_t1
4970	0.000018836	123040	ops_par_loop_update_halo_kernel3_plus_4_a_62	update_halo_kernel3_plus_4_a
4971	0.000018575	123040	ops_par_loop_update_halo_kernel3_plus_2_a_63	update_halo_kernel3_plus_2_a
4972	0.000018495	123040	ops_par_loop_update_halo_kernel3_plus_4_b_64	update_halo_kernel3_plus_4_b
4973	0.000017803	123040	ops_par_loop_update_halo_kernel3_plus_2_b_65	update_halo_kernel3_plus_2_b
4974	0.000025649	553536	ops_par_loop_group_40	update_halo_kernel1_l2+update_halo_kernel3_minus_4_a
4975	0.000023114	553536	ops_par_loop_group_41	update_halo_kernel1_l1+update_halo_kernel3_minus_2_a
4976	0.000023806	123008	ops_par_loop_update_halo_kernel3_minus_4_b_68	update_halo_kernel3_minus_4_b
4977	0.000024697	553536	ops_par_loop_group_43	update_halo_kernel1_r2+update_halo_kernel3_minus_2_b
4978	0.000021421	430528	ops_par_loop_update_halo_kernel1_r1_45	update_halo_kernel1_r1
4979	0.000560564	591053440	ops_par_loop_advec_mom_kernel_x1_70	advec_mom_kernel_x1
4980	0.000193748	236236864	ops_par_loop_advec_mom_kernel_mass_flux_x_71	advec_mom_kernel_mass_flux_x
4981	0.000573689	590438520	ops_par_loop_advec_mom_kernel_post_pre_advec_x_72	advec_mom_kernel_post_pre_advec_x
4982	0.000882145	472258640	ops_par_loop_advec_mom_kernel1_x_nonvector_73	advec_mom_kernel1_x_nonvector
4983	0.000451067	590131240	ops_par_loop_advec_mom_kernel2_x_74	advec_mom_kernel2_x
4984	0.000565174	591053440	ops_par_loop_advec_mom_kernel_x1_75	advec_mom_kernel_x1
4985	0.000194199	236236864	ops_par_loop_advec_mom_kernel_mass_flux_x_76	advec_mom_kernel_mass_flux_x
4986	0.000575834	590438520	ops_par_loop_advec_mom_kernel_post_pre_advec_x_77	advec_mom_kernel_post_pre_advec_x
4987	0.000883378	472258640	ops_par_loop_advec_mom_kernel1_x_nonvector_78	advec_mom_kernel1_x_nonvector
4988	0.000450075	590131240	ops_par_loop_advec_mom_kernel2_x_79	advec_mom_kernel2_x
4989	0.000497535	472842752	ops_par_loop_advec_cell_kernel2_ydir_80	advec_cell_kernel2_ydir
4990	0.000793637	708203544	ops_par_loop_advec_cell_kernel3_ydir_81	advec_cell_kernel3_ydir
4991	0.001474901	1533542400	ops_par_loop_advec_cell_kernel4_ydir_82	advec_cell_kernel4_ydir
4992	0.000022703	553536	ops_par_loop_group_58	update_halo_kernel1_b2+update_halo_kernel4_minus_4_a
4993	0.000020710	553536	ops_par_loop_group_59	update_halo_kernel1_b1+update_halo_kernel4_minus_2_a
4994	0.000021160	369120	ops_par_loop_group_60	update_halo_kernel2_xvel_plus_4_a+update_halo_kernel2_yvel_minus_4_a+update_halo_kernel3_plus_4_a
4995	0.000020930	369120	ops_par_loop_group_61	update_halo_kernel2_xvel_plus_2_a+update_halo_kernel2_yvel_minus_2_a+update_halo_kernel3_plus_2_a
4996	0.000019257	246080	ops_par_loop_group_62	update_halo_kernel2_xvel_plus_4_b+update_halo_kernel2_yvel_minus_4_b
4997	0.000021130	369120	ops_par_loop_group_63	update_halo_kernel2_xvel_plus_2_b+update_halo_kernel2_yvel_minus_2_b+update_halo_kernel3_plus_4_b
4998	0.000021341	246080	ops_par_loop_group_64	update_halo_kernel2_xvel_minus_4_b+update_halo_kernel2_yvel_plus_4_b
4999	0.000019897	123040	ops_par_loop_update_halo_kernel3_plus_2_b_110	update_halo_kernel3_plus_2_b
5000	0.000018535	123008	ops_par_loop_update_halo_kernel3_minus_4_b_113	update_halo_kernel3_minus_4_b
5001	0.000018204	123008	ops_par_loop_update_halo_kernel4_minus_4_b_117	update_halo_kernel4_minus_4_b
5002	0.000021361	553536	ops_par_loop_group_68	update_halo_kernel1_t2+update_halo_kernel4_minus_2_b
5003	0.000020408	430528	ops_par_loop_update_halo_kernel1_t1_86	update_halo_kernel1_t1
5004	0.000026781	553536	ops_par_loop_group_70	update_halo_kernel1_l2+update_halo_kernel3_minus_4_a
5005	0.000023044	553536	ops_par_loop_group_71	update_halo_kernel1_l1+update_halo_kernel3_minus_2_a
5006	0.000026350	553536	ops_par_loop_group_72	update_halo_kernel1_r2+update_halo_kernel3_minus_2_b
5007	0.000022984	430528	ops_par_loop_update_halo_kernel1_r1_90	update_halo_kernel1_r1
5008	0.000024396	369120	ops_par_loop_group_74	update_halo_kernel2_xvel_minus_4_a+update_halo_kernel2_yvel_plus_4_a+update_halo_kernel4_plus_4_a
5009	0.000022172	369120	ops_par_loop_group_75	update_halo_kernel2_xvel_minus_2_a+update_halo_kernel2_yvel_plus_2_a+update_halo_kernel4_plus_2_a
5010	0.000023435	369120	ops_par_loop_group_76	update_halo_kernel2_xvel_minus_2_b+update_halo_kernel2_yvel_plus_2_b+update_halo_kernel4_plus_4_b
5011	0.000019417	123040	ops_par_loop_update_halo_kernel4_plus_2_b_122	update_halo_kernel4_plus_2_b
5012	0.001777666	1416561152	ops_par_loop_group_78	advec_mom_kernel_y2+reset_field_kernel1+ideal_gas_kernel
5013	0.000195631	236236864	ops_par_loop_advec_mom_kernel_mass_flux_y_124	advec_mom_kernel_mass_flux_y
5014	0.000532982	590438520	ops_par_loop_advec_mom_kernel_post_pre_advec_y_125	advec_mom_kernel_post_pre_advec_y
5015	0.000878318	472258640	ops_par_loop_advec_mom_kernel1_y_nonvector_126	advec_mom_kernel1_y_nonvector
5016	0.000454263	590131240	ops_par_loop_advec_mom_kernel2_y_127	advec_mom_kernel2_y
5017	0.000491454	472842752	ops_par_loop_advec_mom_kernel_y2_128	advec_mom_kernel_y2
5018	0.000193397	236236864	ops_par_loop_advec_mom_kernel_mass_flux_y_129	advec_mom_kernel_mass_flux_y
5019	0.000534545	590438520	ops_par_loop_advec_mom_kernel_post_pre_advec_y_130	advec_mom_kernel_post_pre_advec_y
5020	0.000875753	472258640	ops_par_loop_advec_mom_kernel1_y_nonvector_131	advec_mom_kernel1_y_nonvector
5021	0.000731879	1062236232	ops_par_loop_group_87	advec_mom_kernel2_y+reset_field_kernel2
5022	0.000022012	430304	ops_par_loop_update_halo_kernel1_b1_136	update_halo_kernel1_b1
5023	0.000020549	430304	ops_par_loop_update_halo_kernel1_t1_137	update_halo_kernel1_t1
5024	0.000024607	430304	ops_par_loop_update_halo_kernel1_l1_138	update_halo_kernel1_l1
5025	0.000024727	430304	ops_par_loop_update_halo_kernel1_r1_139	update_halo_kernel1_r1
5026	0.000019637	245952	ops_par_loop_group_92	update_halo_kernel2_xvel_plus_2_a+update_halo_kernel2_yvel_minus_2_a
5027	0.000019146	245952	ops_par_loop_group_93	update_halo_kernel2_xvel_plus_2_b+update_halo_kernel2_yvel_minus_2_b
5028	0.000021130	245952	ops_par_loop_group_94	update_halo_kernel2_xvel_minus_2_a+update_halo_kernel2_yvel_plus_2_a
5029	0.000020799	245952	ops_par_loop_group_95	update_halo_kernel2_xvel_minus_2_b+update_halo_kernel2_yvel_plus_2_b
5030	0.001733322	589885440	ops_par_loop_viscosity_kernel_148	viscosity_kernel
5031	0.000021230	430304	ops_par_loop_update_halo_kernel1_b1_149	update_halo_kernel1_b1
5032	0.000020279	430304	ops_par_loop_update_halo_kernel1_t1_150	update_halo_kernel1_t1
5033	0.000023144	430304	ops_par_loop_update_halo_kernel1_l1_151	update_halo_kernel1_l1
5034	0.000022783	430304	ops_par_loop_update_halo_kernel1_r1_152	update_halo_kernel1_r1
5035	0.000916781	1061744640	ops_par_loop_calc_dt_kernel_153	calc_dt_kernel
5036	0.001483377	1887436800	ops_par_loop_group_0	PdV_kernel_predict+ideal_gas_kernel
5037	0.000022072	430304	ops_par_loop_update_halo_kernel1_b1_2	update_halo_kernel1_b1
5038	0.000020479	430304	ops_par_loop_update_halo_kernel1_t1_3	update_halo_kernel1_t1
5039	0.000023655	430304	ops_par_loop_update_halo_kernel1_l1_4	update_halo_kernel1_l1
5040	0.000024036	430304	ops_par_loop_update_halo_kernel1_r1_5	update_halo_kernel1_r1
5041	0.001558230	1770147928	ops_par_loop_group_5	revert_kernel+accelerate_kernel
5042	0.001361015	1651507200	ops_par_loop_PdV_kernel_nopredict_8	PdV_kernel_nopredict
5043	0.000361587	471982080	ops_par_loop_flux_calc_kernelx_9	flux_calc_kernelx
5044	0.000357750	471982080	ops_par_loop_flux_calc_kernely_10	flux_calc_kernely
5045	0.000021761	553536	ops_par_loop_group_9	update_halo_kernel1_b2+update_halo_kernel4_minus_4_a
5046	0.000022031	553536	ops_par_loop_group_10	update_halo_kernel1_b1+update_halo_kernel4_minus_2_a
5047	0.000021040	369120	ops_par_loop_group_11	update_halo_kernel3_plus_4_a+update_halo_kernel2_xvel_plus_4_a+update_halo_kernel2_yvel_minus_4_a
5048	0.000020128	369120	ops_par_loop_group_12	update_halo_kernel3_plus_2_a+update_halo_kernel2_xvel_plus_2_a+update_halo_kernel2_yvel_minus_2_a
5049	0.000019427	123008	ops_par_loop_update_halo_kernel4_minus_4_b_29	update_halo_kernel4_minus_4_b
5050	0.000020509	553536	ops_par_loop_group_14	update_halo_kernel1_t2+update_halo_kernel4_minus_2_b
5051	0.000019617	430528	ops_par_loop_update_halo_kernel1_t1_14	update_halo_kernel1_t1
5052	0.000020359	246080	ops_par_loop_group_16	update_halo_kernel2_xvel_plus_4_b+update_halo_kernel2_yvel_minus_4_b
5053	0.000020108	369120	ops_par_loop_group_17	update_halo_kernel3_plus_4_b+update_halo_kernel2_xvel_plus_2_b+update_halo_kernel2_yvel_minus_2_b
5054	0.000019166	123040	ops_par_loop_update_halo_kernel3_plus_2_b_22	update_halo_kernel3_plus_2_b
5055	0.000025639	553536	ops_par_loop_group_19	update_halo_kernel1_l2+update_halo_kernel3_minus_4_a
5056	0.000022443	553536	ops_par_loop_group_20	update_halo_kernel1_l1+update_halo_kernel3_minus_2_a
5057	0.000018395	123008	ops_par_loop_update_halo_kernel3_minus_4_b_25	update_halo_kernel3_minus_4_b
5058	0.000023745	553536	ops_par_loop_group_22	update_halo_kernel1_r2+update_halo_kernel3_minus_2_b
5059	0.000021812	430528	ops_par_loop_update_halo_kernel1_r1_18	update_halo_kernel1_r1
5060	0.000024666	369120	ops_par_loop_group_24	update_halo_kernel4_plus_4_a+update_halo_kernel2_xvel_minus_4_a+update_halo_kernel2_yvel_plus_4_a
5061	0.000021421	369120	ops_par_loop_group_25	update_halo_kernel4_plus_2_a+update_halo_kernel2_xvel_minus_2_a+update_halo_kernel2_yvel_plus_2_a
5062	0.000021340	246080	ops_par_loop_group_26	update_halo_kernel2_xvel_minus_4_b+update_halo_kernel2_yvel_plus_4_b
5063	0.000022392	369120	ops_par_loop_group_27	update_halo_kernel4_plus_4_b+update_halo_kernel2_xvel_minus_2_b+update_halo_kernel2_yvel_plus_2_b
5064	0.000018405	123040	ops_par_loop_update_halo_kernel4_plus_2_b_34	update_halo_kernel4_plus_2_b
5065	0.000563441	591053440	ops_par_loop_advec_cell_kernel1_ydir_35	advec_cell_kernel1_ydir
5066	0.000790070	708203544	ops_par_loop_advec_cell_kernel3_ydir_36	advec_cell_kernel3_ydir
5067	0.001471765	1533542400	ops_par_loop_advec_cell_kernel4_ydir_37	advec_cell_kernel4_ydir
5068	0.000022312	553536	ops_par_loop_group_32	update_halo_kernel1_b2+update_halo_kernel4_minus_4_a
5069	0.000020659	553536	ops_par_loop_group_33	update_halo_kernel1_b1+update_halo_kernel4_minus_2_a
5070	0.000017683	123008	ops_par_loop_update_halo_kernel4_minus_4_b_64	update_halo_kernel4_minus_4_b
5071	0.000021861	553536	ops_par_loop_group_35	update_halo_kernel1_t2+update_halo_kernel4_minus_2_b
5072	0.000020308	430528	ops_par_loop_update_halo_kernel1_t1_41	update_halo_kernel1_t1
5073	0.000024246	430528	ops_par_loop_update_halo_kernel1_l2_42	update_halo_kernel1_l2
5074	0.000022082	430528	ops_par_loop_update_halo_kernel1_l1_43	update_halo_kernel1_l1
5075	0.000023945	430528	ops_par_loop_update_halo_kernel1_r2_44	update_halo_kernel1_r2
5076	0.000021220	430528	ops_par_loop_update_halo_kernel1_r1_45	update_halo_kernel1_r1
5077	0.000019857	123040	ops_par_loop_update_halo_kernel4_plus_4_a_66	update_halo_kernel4_plus_4_a
5078	0.000018505	123040	ops_par_loop_update_halo_kernel4_plus_2_a_67	update_halo_kernel4_plus_2_a
5079	0.000019597	123040	ops_par_loop_update_halo_kernel4_plus_4_b_68	update_halo_kernel4_plus_4_b
5080	0.000018726	123040	ops_par_loop_update_halo_kernel4_plus_2_b_69	update_halo_kernel4_plus_2_b
5081	0.000561045	591053440	ops_par_loop_advec_mom_kernel_y1_70	advec_mom_kernel_y1
5082	0.000191854	236236864	ops_par_loop_advec_mom_kernel_mass_flux_y_71	advec_mom_kernel_mass_flux_y
5083	0.000530848	590438520	ops_par_loop_advec_mom_kernel_post_pre_advec_y_72	advec_mom_kernel_post_pre_advec_y
5084	0.000878429	472258640	ops_par_loop_advec_mom_kernel1_y_nonvector_73	advec_mom_kernel1_y_nonvector
5085	0.000452429	590131240	ops_par_loop_advec_mom_kernel2_y_74	advec_mom_kernel2_y
5086	0.000562268	591053440	ops_par_loop_advec_mom_kernel_y1_75	advec_mom_kernel_y1
5087	0.000192656	236236864	ops_par_loop_advec_mom_kernel_mass_flux_y_76	advec_mom_kernel_mass_flux_y
5088	0.000531309	590438520	ops_par_loop_advec_mom_kernel_post_pre_advec_y_77	advec_mom_kernel_post_pre_advec_y
5089	0.000874761	472258640	ops_par_loop_advec_mom_kernel1_y_nonvector_78	advec_mom_kernel1_y_nonvector
5090	0.000449343	590131240	ops_par_loop_advec_mom_kernel2_y_79	advec_mom_kernel2_y
5091	0.000490852	472842752	ops_par_loop_advec_cell_kernel2_xdir_80	advec_cell_kernel2_xdir
5092	0.000773308	708203544	ops_par_loop_advec_cell_kernel3_xdir_81	advec_cell_kernel3_xdir
5093	0.001467106	1533542400	ops_par_loop_advec_cell_kernel4_xdir_82	advec_cell_kernel4_xdir
5094	0.000024857	553536	ops_par_loop_group_58	update_halo_kernel1_b2+update_halo_kernel4_minus_4_a
5095	0.000022763	553536	ops_par_loop_group_59	update_halo_kernel1_b1+update_halo_kernel4_minus_2_a
5096	0.000021561	369120	ops_par_loop_group_60	update_halo_kernel2_xvel_plus_4_a+update_halo_kernel2_yvel_minus_4_a+update_halo_kernel3_plus_4_a
5097	0.000022332	369120	ops_par_loop_group_61	update_halo_kernel2_xvel_plus_2_a+update_halo_kernel2_yvel_minus_2_a+update_halo_kernel3_plus_2_a
5098	0.000020559	246080	ops_par_loop_group_62	update_halo_kernel2_xvel_plus_4_b+update_halo_kernel2_yvel_minus_4_b
5099	0.000021190	369120	ops_par_loop_group_63	update_halo_kernel2_xvel_plus_2_b+update_halo_kernel2_yvel_minus_2_b+update_halo_kernel3_plus_4_b
5100	0.000021501	246080	ops_par_loop_group_64	update_halo_kernel2_xvel_minus_4_b+update_halo_kernel2_yvel_plus_4_b
5101	0.000019768	123040	ops_par_loop_update_halo_kernel3_plus_2_b_110	update_halo_kernel3_plus_2_b
5102	0.000019256	123008	ops_par_loop_update_halo_kernel3_minus_4_b_113	update_halo_kernel3_minus_4_b
5103	0.000017774	123008	ops_par_loop_update_halo_kernel4_minus_4_b_117	update_halo_kernel4_minus_4_b
5104	0.000025438	553536	ops_par_loop_group_68	update_halo_kernel1_t2+update_halo_kernel4_minus_2_b
5105	0.000021170	430528	ops_par_loop_update_halo_kernel1_t1_86	update_halo_kernel1_t1
5106	0.000026500	553536	ops_par_loop_group_70	update_halo_kernel1_l2+update_halo_kernel3_minus_4_a
5107	0.000023475	553536	ops_par_loop_group_71	update_halo_kernel1_l1+update_halo_kernel3_minus_2_a
5108	0.000025158	553536	ops_par_loop_group_72	update_halo_kernel1_r2+update_halo_kernel3_minus_2_b
5109	0.000021501	430528	ops_par_loop_update_halo_kernel1_r1_90	update_halo_kernel1_r1
5110	0.000023996	369120	ops_par_loop_group_74	update_halo_kernel2_xvel_minus_4_a+update_halo_kernel2_yvel_plus_4_a+update_halo_kernel4_plus_4_a
5111	0.000021591	369120	ops_par_loop_group_75	update_halo_kernel2_xvel_minus_2_a+update_halo_kernel2_yvel_plus_2_a+update_halo_kernel4_plus_2_a
5112	0.000022112	369120	ops_par_loop_group_76	update_halo_kernel2_xvel_minus_2_b+update_halo_kernel2_yvel_plus_2_b+update_halo_kernel4_plus_4_b
5113	0.000019187	123040	ops_par_loop_update_halo_kernel4_plus_2_b_122	update_halo_kernel4_plus_2_b
5114	0.001782785	1416561152	ops_par_loop_group_78	advec_mom_kernel_x2+reset_field_kernel1+ideal_gas_kernel
5115	0.000197796	236236864	ops_par_loop_advec_mom_kernel_mass_flux_x_124	advec_mom_kernel_mass_flux_x
5116	0.000575583	590438520	ops_par_loop_advec_mom_kernel_post_pre_advec_x_125	advec_mom_kernel_post_pre_advec_x
5117	0.000882746	472258640	ops_par_loop_advec_mom_kernel1_x_nonvector_126	advec_mom_kernel1_x_nonvector
5118	0.000442600	590131240	ops_par_loop_advec_mom_kernel2_x_127	advec_mom_kernel2_x
5119	0.000496583	472842752	ops_par_loop_advec_mom_kernel_x2_128	advec_mom_kernel_x2
5120	0.000197084	236236864	ops_par_loop_advec_mom_kernel_mass_flux_x_129	advec_mom_kernel_mass_flux_x
5121	0.000575152	590438520	ops_par_loop_advec_mom_kernel_post_pre_advec_x_130	advec_mom_kernel_post_pre_advec_x
5122	0.000884119	472258640	ops_par_loop_advec_mom_kernel1_x_nonvector_131	advec_mom_kernel1_x_nonvector
5123	0.000734986	1062236232	ops_par_loop_group_87	advec_mom_kernel2_x+reset_field_kernel2
5124	0.000487736	471859200	ops_par_loop_ideal_gas_kernel_0	ideal_gas_kernel
5125	0.000021340	430304	ops_par_loop_update_halo_kernel1_b1_1	update_halo_kernel1_b1
5126	0.000020579	430304	ops_par_loop_update_halo_kernel1_t1_2	update_halo_kernel1_t1
5127	0.000023865	430304	ops_par_loop_update_halo_kernel1_l1_3	update_halo_kernel1_l1
5128	0.000023384	430304	ops_par_loop_update_halo_kernel1_r1_4	update_halo_kernel1_r1
5129	0.000019336	245952	ops_par_loop_group_5	update_halo_kernel2_xvel_plus_2_a+update_halo_kernel2_yvel_minus_2_a
5130	0.000023244	245952	ops_par_loop_group_6	update_halo_kernel2_xvel_plus_2_b+update_halo_kernel2_yvel_minus_2_b
5131	0.000020900	245952	ops_par_loop_group_7	update_halo_kernel2_xvel_minus_2_a+update_halo_kernel2_yvel_plus_2_a
5132	0.000020579	245952	ops_par_loop_group_8	update_halo_kernel2_xvel_minus_2_b+update_halo_kernel2_yvel_plus_2_b
5133	0.001732961	589885440	ops_par_loop_viscosity_kernel_13	viscosity_kernel
5134	0.000020629	430304	ops_par_loop_update_halo_kernel1_b1_14	update_halo_kernel1_b1
5135	0.000019598	430304	ops_par_loop_update_halo_kernel1_t1_15	update_halo_kernel1_t1
5136	0.000022303	430304	ops_par_loop_update_halo_kernel1_l1_16	update_halo_kernel1_l1
5137	0.000022132	430304	ops_par_loop_update_halo_kernel1_r1_17	update_halo_kernel1_r1
5138	0.000915940	1061744640	ops_par_loop_calc_dt_kernel_18	calc_dt_kernel
5139	0.001485131	1887436800	ops_par_loop_group_0	PdV_kernel_predict+ideal_gas_kernel
5140	0.000022233	430304	ops_par_loop_update_halo_kernel1_b1_2	update_halo_kernel1_b1
5141	0.000019206	430304	ops_par_loop_update_halo_kernel1_t1_3	update_halo_kernel1_t1
5142	0.000023555	430304	ops_par_loop_update_halo_kernel1_l1_4	update_halo_kernel1_l1
5143	0.000023695	430304	ops_par_loop_update_halo_kernel1_r1_5	update_halo_kernel1_r1
5144	0.001556496	1770147928	ops_par_loop_group_5	revert_kernel+accelerate_kernel
5145	0.001355574	1651507200	ops_par_loop_PdV_kernel_nopredict_8	PdV_kernel_nopredict
5146	0.000361297	471982080	ops_par_loop_flux_calc_kernelx_9	flux_calc_kernelx
5147	0.000356818	471982080	ops_par_loop_flux_calc_kernely_10	flux_calc_kernely
5148	0.000026370	553536	ops_par_loop_group_9	update_halo_kernel1_b2+update_halo_kernel4_minus_4_a
5149	0.000020569	553536	ops_par_loop_group_10	update_halo_kernel1_b1+update_halo_kernel4_minus_2_a
5150	0.000021591	369120	ops_par_loop_group_11	update_halo_kernel3_plus_4_a+update_halo_kernel2_xvel_plus_4_a+update_halo_kernel2_yvel_minus_4_a
5151	0.000020438	369120	ops_par_loop_group_12	update_halo_kernel3_plus_2_a+update_halo_kernel2_xvel_plus_2_a+update_halo_kernel2_yvel_minus_2_a
5152	0.000018194	123008	ops_par_loop_update_halo_kernel4_minus_4_b_29	update_halo_kernel4_minus_4_b
5153	0.000019838	553536	ops_par_loop_group_14	update_halo_kernel1_t2+update_halo_kernel4_minus_2_b
5154	0.000019888	430528	ops_par_loop_update_halo_kernel1_t1_14	update_halo_kernel1_t1
5155	0.000019718	246080	ops_par_loop_group_16	update_halo_kernel2_xvel_plus_4_b+update_halo_kernel2_yvel_minus_4_b
5156	0.000020238	369120	ops_par_loop_group_17	update_halo_kernel3_plus_4_b+update_halo_kernel2_xvel_plus_2_b+update_halo_kernel2_yvel_minus_2_b
5157	0.000018635	123040	ops_par_loop_update_halo_kernel3_plus_2_b_22	update_halo_kernel3_plus_2_b
5158	0.000024547	553536	ops_par_loop_group_19	update_halo_kernel1_l2+update_halo_kernel3_minus_4_a
5159	0.000022693	553536	ops_par_loop_group_20	update_halo_kernel1_l1+update_halo_kernel3_minus_2_a
5160	0.000019117	123008	ops_par_loop_update_halo_kernel3_minus_4_b_25	update_halo_kernel3_minus_4_b
5161	0.000023625	553536	ops_par_loop_group_22	update_halo_kernel1_r2+update_halo_kernel3_minus_2_b
5162	0.000020449	430528	ops_par_loop_update_halo_kernel1_r1_18	update_halo_kernel1_r1
5163	0.000022723	369120	ops_par_loop_group_24	update_halo_kernel4_plus_4_a+update_halo_kernel2_xvel_minus_4_a+update_halo_kernel2_yvel_plus_4_a
5164	0.000020900	369120	ops_par_loop_group_25	update_halo_kernel4_plus_2_a+update_halo_kernel2_xvel_minus_2_a+update_halo_kernel2_yvel_plus_2_a
5165	0.000019918	246080	ops_par_loop_group_26	update_halo_kernel2_xvel_minus_4_b+update_halo_kernel2_yvel_plus_4_b
5166	0.000022032	369120	ops_par_loop_group_27	update_halo_kernel4_plus_4_b+update_halo_kernel2_xvel_minus_2_b+update_halo_kernel2_yvel_plus_2_b
5167	0.000018255	123040	ops_par_loop_update_halo_kernel4_plus_2_b_34	update_halo_kernel4_plus_2_b
5168	0.000561276	591053440	ops_par_loop_advec_cell_kernel1_xdir_35	advec_cell_kernel1_xdir
5169	0.000772376	708203544	ops_par_loop_advec_cell_kernel3_xdir_36	advec_cell_kernel3_xdir
5170	0.001461114	1533542400	ops_par_loop_advec_cell_kernel4_xdir_37	advec_cell_kernel4_xdir
5171	0.000020689	430528	ops_par_loop_update_halo_kernel1_b2_38	update_halo_kernel1_b2
5172	0.000019808	430528	ops_par_loop_update_halo_kernel1_b1_39	update_halo_kernel1_b1
5173	0.000020309	430528	ops_par_loop_update_halo_kernel1_t2_40	update_halo_kernel1_t2
5174	0.000019757	430528	ops_par_loop_update_halo_kernel1_t1_41	update_halo_kernel1_t1
5175	0.000018324	123040	ops_par_loop_update_halo_kernel3_plus_4_a_62	update_halo_kernel3_plus_4_a
5176	0.000018104	123040	ops_par_loop_update_halo_kernel3_plus_2_a_63	update_halo_kernel3_plus_2_a
5177	0.000018044	123040	ops_par_loop_update_halo_kernel3_plus_4_b_64	update_halo_kernel3_plus_4_b
5178	0.000017594	123040	ops_par_loop_update_halo_kernel3_plus_2_b_65	update_halo_kernel3_plus_2_b
5179	0.000026109	553536	ops_par_loop_group_40	update_halo_kernel1_l2+update_halo_kernel3_minus_4_a
5180	0.000022783	553536	ops_par_loop_group_41	update_halo_kernel1_l1+update_halo_kernel3_minus_2_a
5181	0.000019046	123008	ops_par_loop_update_halo_kernel3_minus_4_b_68	update_halo_kernel3_minus_4_b
5182	0.000024226	553536	ops_par_loop_group_43	update_halo_kernel1_r2+update_halo_kernel3_minus_2_b
5183	0.000021772	430528	ops_par_loop_update_halo_kernel1_r1_45	update_halo_kernel1_r1
5184	0.000561656	591053440	ops_par_loop_advec_mom_kernel_x1_70	advec_mom_kernel_x1
5185	0.000192776	236236864	ops_par_loop_advec_mom_kernel_mass_flux_x_71	advec_mom_kernel_mass_flux_x
5186	0.000572537	590438520	ops_par_loop_advec_mom_kernel_post_pre_advec_x_72	advec_mom_kernel_post_pre_advec_x
5187	0.000881174	472258640	ops_par_loop_advec_mom_kernel1_x_nonvector_73	advec_mom_kernel1_x_nonvector
5188	0.000443322	590131240	ops_par_loop_advec_mom_kernel2_x_74	advec_mom_kernel2_x
5189	0.000560785	591053440	ops_par_loop_advec_mom_kernel_x1_75	advec_mom_kernel_x1
5190	0.000193467	236236864	ops_par_loop_advec_mom_kernel_mass_flux_x_76	advec_mom_kernel_mass_flux_x
5191	0.000573149	590438520	ops_par_loop_advec_mom_kernel_post_pre_advec_x_77	advec_mom_kernel_post_pre_advec_x
5192	0.000882436	472258640	ops_par_loop_advec_mom_kernel1_x_nonvector_78	advec_mom_kernel1_x_nonvector
5193	0.000443502	590131240	ops_par_loop_advec_mom_kernel2_x_79	advec_mom_kernel2_x
5194	0.000496102	472842752	ops_par_loop_advec_cell_kernel2_ydir_80	advec_cell_kernel2_ydir
5195	0.000788016	708203544	ops_par_loop_advec_cell_kernel3_ydir_81	advec_cell_kernel3_ydir
5196	0.001472527	1533542400	ops_par_loop_advec_cell_kernel4_ydir_82	advec_cell_kernel4_ydir
5197	0.000021902	553536	ops_par_loop_group_58	update_halo_kernel1_b2+update_halo_kernel4_minus_4_a
5198	0.000020429	553536	ops_par_loop_group_59	update_halo_kernel1_b1+update_halo_kernel4_minus_2_a
5199	0.000020159	369120	ops_par_loop_group_60	update_halo_kernel2_xvel_plus_4_a+update_halo_kernel2_yvel_minus_4_a+update_halo_kernel3_plus_4_a
5200	0.000019968	369120	ops_par_loop_group_61	update_halo_kernel2_xvel_plus_2_a+update_halo_kernel2_yvel_minus_2_a+update_halo_kernel3_plus_2_a
5201	0.000018255	246080	ops_par_loop_group_62	update_halo_kernel2_xvel_plus_4_b+update_halo_kernel2_yvel_minus_4_b
5202	0.000030027	369120	ops_par_loop_group_63	update_halo_kernel2_xvel_plus_2_b+update_halo_kernel2_yvel_minus_2_b+update_halo_kernel3_plus_4_b
5203	0.000021391	246080	ops_par_loop_group_64	update_halo_kernel2_xvel_minus_4_b+update_halo_kernel2_yvel_plus_4_b
5204	0.000018906	123040	ops_par_loop_update_halo_kernel3_plus_2_b_110	update_halo_kernel3_plus_2_b
5205	0.000018245	123008	ops_par_loop_update_halo_kernel3_minus_4_b_113	update_halo_kernel3_minus_4_b
5206	0.000017393	123008	ops_par_loop_update_halo_kernel4_minus_4_b_117	update_halo_kernel4_minus_4_b
5207	0.000020389	553536	ops_par_loop_group_68	update_halo_kernel1_t2+update_halo_kernel4_minus_2_b
5208	0.000020278	430528	ops_par_loop_update_halo_kernel1_t1_86	update_halo_kernel1_t1
5209	0.000025979	553536	ops_par_loop_group_70	update_halo_kernel1_l2+update_halo_kernel3_minus_4_a
5210	0.000023214	553536	ops_par_loop_group_71	update_halo_kernel1_l1+update_halo_kernel3_minus_2_a
5211	0.000024677	553536	ops_par_loop_group_72	update_halo_kernel1_r2+update_halo_kernel3_minus_2_b
5212	0.000020839	430528	ops_par_loop_update_halo_kernel1_r1_90	update_halo_kernel1_r1
5213	0.000023214	369120	ops_par_loop_group_74	update_halo_kernel2_xvel_minus_4_a+update_halo_kernel2_yvel_plus_4_a+update_halo_kernel4_plus_4_a
5214	0.000021060	369120	ops_par_loop_group_75	update_halo_kernel2_xvel_minus_2_a+update_halo_kernel2_yvel_plus_2_a+update_halo_kernel4_plus_2_a
5215	0.000022553	369120	ops_par_loop_group_76	update_halo_kernel2_xvel_minus_2_b+update_halo_kernel2_yvel_plus_2_b+update_halo_kernel4_plus_4_b
5216	0.000017854	123040	ops_par_loop_update_halo_kernel4_plus_2_b_122	update_halo_kernel4_plus_2_b
5217	0.001780882	1416561152	ops_par_loop_group_78	advec_mom_kernel_y2+reset_field_kernel1+ideal_gas_kernel
5218	0.000194670	236236864	ops_par_loop_advec_mom_kernel_mass_flux_y_124	advec_mom_kernel_mass_flux_y
5219	0.000534585	590438520	ops_par_loop_advec_mom_kernel_post_pre_advec_y_125	advec_mom_kernel_post_pre_advec_y
5220	0.000877737	472258640	ops_par_loop_advec_mom_kernel1_y_nonvector_126	advec_mom_kernel1_y_nonvector
5221	0.000447630	590131240	ops_par_loop_advec_mom_kernel2_y_127	advec_mom_kernel2_y
5222	0.000491213	472842752	ops_par_loop_advec_mom_kernel_y2_128	advec_mom_kernel_y2
5223	0.000195150	236236864	ops_par_loop_advec_mom_kernel_mass_flux_y_129	advec_mom_kernel_mass_flux_y
5224	0.000531008	590438520	ops_par_loop_advec_mom_kernel_post_pre_advec_y_130	advec_mom_kernel_post_pre_advec_y
5225	0.000873739	472258640	ops_par_loop_advec_mom_kernel1_y_nonvector_131	advec_mom_kernel1_y_nonvector
5226	0.000730737	1062236232	ops_par_loop_group_87	advec_mom_kernel2_y+reset_field_kernel2
5227	0.000020710	430304	ops_par_loop_update_halo_kernel1_b1_136	update_halo_kernel1_b1
5228	0.000019437	430304	ops_par_loop_update_halo_kernel1_t1_137	update_halo_kernel1_t1
5229	0.000023585	430304	ops_par_loop_update_halo_kernel1_l1_138	update_halo_kernel1_l1
5230	0.000023726	430304	ops_par_loop_update_halo_kernel1_r1_139	update_halo_kernel1_r1
5231	0.000019847	245952	ops_par_loop_group_92	update_halo_kernel2_xvel_plus_2_a+update_halo_kernel2_yvel_minus_2_a
5232	0.000019067	245952	ops_par_loop_group_93	update_halo_kernel2_xvel_plus_2_b+update_halo_kernel2_yvel_minus_2_b
5233	0.000020869	245952	ops_par_loop_group_94	update_halo_kernel2_xvel_minus_2_a+update_halo_kernel2_yvel_plus_2_a
5234	0.000020298	245952	ops_par_loop_group_95	update_halo_kernel2_xvel_minus_2_b+update_halo_kernel2_yvel_plus_2_b
5235	0.001732700	589885440	ops_par_loop_viscosity_kernel_148	viscosity_kernel
5236	0.000020960	430304	ops_par_loop_update_halo_kernel1_b1_149	update_halo_kernel1_b1
5237	0.000019317	430304	ops_par_loop_update_halo_kernel1_t1_150	update_halo_kernel1_t1
5238	0.000022463	430304	ops_par_loop_update_halo_kernel1_l1_151	update_halo_kernel1_l1
5239	0.000022653	430304	ops_par_loop_update_halo_kernel1_r1_152	update_halo_kernel1_r1
5240	0.000915499	1061744640	ops_par_loop_calc_dt_kernel_153	calc_dt_kernel
5241	0.001489278	1887436800	ops_par_loop_group_0	PdV_kernel_predict+ideal_gas_kernel
5242	0.000022783	430304	ops_par_loop_update_halo_kernel1_b1_2	update_halo_kernel1_b1
5243	0.000020298	430304	ops_par_loop_update_halo_kernel1_t1_3	update_halo_kernel1_t1
5244	0.000023565	430304	ops_par_loop_update_halo_kernel1_l1_4	update_halo_kernel1_l1
5245	0.000023986	430304	ops_par_loop_update_halo_kernel1_r1_5	update_halo_kernel1_r1
5246	0.001554372	1770147928	ops_par_loop_group_5	revert_kernel+accelerate_kernel
5247	0.001355534	1651507200	ops_par_loop_PdV_kernel_nopredict_8	PdV_kernel_nopredict
5248	0.000360144	471982080	ops_par_loop_flux_calc_kernelx_9	flux_calc_kernelx
5249	0.000359091	471982080	ops_par_loop_flux_calc_kernely_10	flux_calc_kernely
5250	0.000022413	553536	ops_par_loop_group_9	update_halo_kernel1_b2+update_halo_kernel4_minus_4_a
5251	0.000020689	553536	ops_par_loop_group_10	update_halo_kernel1_b1+update_halo_kernel4_minus_2_a
5252	0.000021771	369120	ops_par_loop_group_11	update_halo_kernel3_plus_4_a+update_halo_kernel2_xvel_plus_4_a+update_halo_kernel2_yvel_minus_4_a
5253	0.000019837	369120	ops_par_loop_group_12	update_halo_kernel3_plus_2_a+update_halo_kernel2_xvel_plus_2_a+update_halo_kernel2_yvel_minus_2_a
5254	0.000018095	123008	ops_par_loop_update_halo_kernel4_minus_4_b_29	update_halo_kernel4_minus_4_b
5255	0.000020549	553536	ops_par_loop_group_14	update_halo_kernel1_t2+update_halo_kernel4_minus_2_b
5256	0.000019387	430528	ops_par_loop_update_halo_kernel1_t1_14	update_halo_kernel1_t1
5257	0.000019036	246080	ops_par_loop_group_16	update_halo_kernel2_xvel_plus_4_b+update_halo_kernel2_yvel_minus_4_b
5258	0.000019687	369120	ops_par_loop_group_17	update_halo_kernel3_plus_4_b+update_halo_kernel2_xvel_plus_2_b+update_halo_kernel2_yvel_minus_2_b
5259	0.000019277	123040	ops_par_loop_update_halo_kernel3_plus_2_b_22	update_halo_kernel3_plus_2_b
5260	0.000025318	553536	ops_par_loop_group_19	update_halo_kernel1_l2+update_halo_kernel3_minus_4_a
5261	0.000022823	553536	ops_par_loop_group_20	update_halo_kernel1_l1+update_halo_kernel3_minus_2_a
5262	0.000018545	123008	ops_par_loop_update_halo_kernel3_minus_4_b_25	update_halo_kernel3_minus_4_b
5263	0.000024256	553536	ops_par_loop_group_22	update_halo_kernel1_r2+update_halo_kernel3_minus_2_b
5264	0.000020549	430528	ops_par_loop_update_halo_kernel1_r1_18	update_halo_kernel1_r1
5265	0.000022963	369120	ops_par_loop_group_24	update_halo_kernel4_plus_4_a+update_halo_kernel2_xvel_minus_4_a+update_halo_kernel2_yvel_plus_4_a
5266	0.000021391	369120	ops_par_loop_group_25	update_halo_kernel4_plus_2_a+update_halo_kernel2_xvel_minus_2_a+update_halo_kernel2_yvel_plus_2_a
5267	0.000020369	246080	ops_par_loop_group_26	update_halo_kernel2_xvel_minus_4_b+update_halo_kernel2_yvel_plus_4_b
5268	0.000022182	369120	ops_par_loop_group_27	update_halo_kernel4_plus_4_b+update_halo_kernel2_xvel_minus_2_b+update_halo_kernel2_yvel_plus_2_b
5269	0.000018525	123040	ops_par_loop_update_halo_kernel4_plus_2_b_34	update_halo_kernel4_plus_2_b
5270	0.000564231	591053440	ops_par_loop_advec_cell_kernel1_ydir_35	advec_cell_kernel1_ydir
5271	0.000788036	708203544	ops_par_loop_advec_cell_kernel3_ydir_36	advec_cell_kernel3_ydir
5272	0.001472587	1533542400	ops_par_loop_advec_cell_kernel4_ydir_37	advec_cell_kernel4_ydir
5273	0.000021401	553536	ops_par_loop_group_32	update_halo_kernel1_b2+update_halo_kernel4_minus_4_a
5274	0.000020939	553536	ops_par_loop_group_33	update_halo_kernel1_b1+update_halo_kernel4_minus_2_a
5275	0.000018255	123008	ops_par_loop_update_halo_kernel4_minus_4_b_64	update_halo_kernel4_minus_4_b
5276	0.000020088	553536	ops_par_loop_group_35	update_halo_kernel1_t2+update_halo_kernel4_minus_2_b
5277	0.000019757	430528	ops_par_loop_update_halo_kernel1_t1_41	update_halo_kernel1_t1
5278	0.000022873	430528	ops_par_loop_update_halo_kernel1_l2_42	update_halo_kernel1_l2
5279	0.000021140	430528	ops_par_loop_update_halo_kernel1_l1_43	update_halo_kernel1_l1
5280	0.000022593	430528	ops_par_loop_update_halo_kernel1_r2_44	update_halo_kernel1_r2
5281	0.000021802	430528	ops_par_loop_update_halo_kernel1_r1_45	update_halo_kernel1_r1
5282	0.000019116	123040	ops_par_loop_update_halo_kernel4_plus_4_a_66	update_halo_kernel4_plus_4_a
5283	0.000017703	123040	ops_par_loop_update_halo_kernel4_plus_2_a_67	update_halo_kernel4_plus_2_a
5284	0.000018796	123040	ops_par_loop_update_halo_kernel4_plus_4_b_68	update_halo_kernel4_plus_4_b
5285	0.000018495	123040	ops_par_loop_update_halo_kernel4_plus_2_b_69	update_halo_kernel4_plus_2_b
5286	0.000561106	591053440	ops_par_loop_advec_mom_kernel_y1_70	advec_mom_kernel_y1
5287	0.000191033	236236864	ops_par_loop_advec_mom_kernel_mass_flux_y_71	advec_mom_kernel_mass_flux_y
5288	0.000530788	590438520	ops_par_loop_advec_mom_kernel_post_pre_advec_y_72	advec_mom_kernel_post_pre_advec_y
5289	0.000877215	472258640	ops_par_loop_advec_mom_kernel1_y_nonvector_73	advec_mom_kernel1_y_nonvector
5290	0.000454724	590131240	ops_par_loop_advec_mom_kernel2_y_74	advec_mom_kernel2_y
5291	0.000563881	591053440	ops_par_loop_advec_mom_kernel_y1_75	advec_mom_kernel_y1
5292	0.000192065	236236864	ops_par_loop_advec_mom_kernel_mass_flux_y_76	advec_mom_kernel_mass_flux_y
5293	0.000531850	590438520	ops_par_loop_advec_mom_kernel_post_pre_advec_y_77	advec_mom_kernel_post_pre_advec_y
5294	0.000873799	472258640	ops_par_loop_advec_mom_kernel1_y_nonvector_78	advec_mom_kernel1_y_nonvector
5295	0.000454854	590131240	ops_par_loop_advec_mom_kernel2_y_79	advec_mom_kernel2_y
5296	0.000490141	472842752	ops_par_loop_advec_cell_kernel2_xdir_80	advec_cell_kernel2_xdir
5297	0.000772517	708203544	ops_par_loop_advec_cell_kernel3_xdir_81	advec_cell_kernel3_xdir
5298	0.001462297	1533542400	ops_par_loop_advec_cell_kernel4_xdir_82	advec_cell_kernel4_xdir
5299	0.000022823	553536	ops_par_loop_group_58	update_halo_kernel1_b2+update_halo_kernel4_minus_4_a
5300	0.000021731	553536	ops_par_loop_group_59	update_halo_kernel1_b1+update_halo_kernel4_minus_2_a
5301	0.000020900	369120	ops_par_loop_group_60	update_halo_kernel2_xvel_plus_4_a+update_halo_kernel2_yvel_minus_4_a+update_halo_kernel3_plus_4_a
5302	0.000020519	369120	ops_par_loop_group_61	update_halo_kernel2_xvel_plus_2_a+update_halo_kernel2_yvel_minus_2_a+update_halo_kernel3_plus_2_a
5303	0.000019207	246080	ops_par_loop_group_62	update_halo_kernel2_xvel_plus_4_b+update_halo_kernel2_yvel_minus_4_b
5304	0.000019918	369120	ops_par_loop_group_63	update_halo_kernel2_xvel_plus_2_b+update_halo_kernel2_yvel_minus_2_b+update_halo_kernel3_plus_4_b
5305	0.000021110	246080	ops_par_loop_group_64	update_halo_kernel2_xvel_minus_4_b+update_halo_kernel2_yvel_plus_4_b
5306	0.000019948	123040	ops_par_loop_update_halo_kernel3_plus_2_b_110	update_halo_kernel3_plus_2_b
5307	0.000019577	123008	ops_par_loop_update_halo_kernel3_minus_4_b_113	update_halo_kernel3_minus_4_b
5308	0.000017743	123008	ops_par_loop_update_halo_kernel4_minus_4_b_117	update_halo_kernel4_minus_4_b
5309	0.000020319	553536	ops_par_loop_group_68	update_halo_kernel1_t2+update_halo_kernel4_minus_2_b
5310	0.000019748	430528	ops_par_loop_update_halo_kernel1_t1_86	update_halo_kernel1_t1
5311	0.000026140	553536	ops_par_loop_group_70	update_halo_kernel1_l2+update_halo_kernel3_minus_4_a
5312	0.000022633	553536	ops_par_loop_group_71	update_halo_kernel1_l1+update_halo_kernel3_minus_2_a
5313	0.000023975	553536	ops_par_loop_group_72	update_halo_kernel1_r2+update_halo_kernel3_minus_2_b
5314	0.000020499	430528	ops_par_loop_update_halo_kernel1_r1_90	update_halo_kernel1_r1
5315	0.000023614	369120	ops_par_loop_group_74	update_halo_kernel2_xvel_minus_4_a+update_halo_kernel2_yvel_plus_4_a+update_halo_kernel4_plus_4_a
5316	0.000021411	369120	ops_par_loop_group_75	update_halo_kernel2_xvel_minus_2_a+update_halo_kernel2_yvel_plus_2_a+update_halo_kernel4_plus_2_a
5317	0.000022793	369120	ops_par_loop_group_76	update_halo_kernel2_xvel_minus_2_b+update_halo_kernel2_yvel_plus_2_b+update_halo_kernel4_plus_4_b
5318	0.000018475	123040	ops_par_loop_update_halo_kernel4_plus_2_b_122	update_halo_kernel4_plus_2_b
5319	0.001806560	1416561152	ops_par_loop_group_78	advec_mom_kernel_x2+reset_field_kernel1+ideal_gas_kernel
5320	0.000196102	236236864	ops_par_loop_advec_mom_kernel_mass_flux_x_124	advec_mom_kernel_mass_flux_x
5321	0.000571014	590438520	ops_par_loop_advec_mom_kernel_post_pre_advec_x_125	advec_mom_kernel_post_pre_advec_x
5322	0.000881984	472258640	ops_par_loop_advec_mom_kernel1_x_nonvector_126	advec_mom_kernel1_x_nonvector
5323	0.000450225	590131240	ops_par_loop_advec_mom_kernel2_x_127	advec_mom_kernel2_x
5324	0.000496222	472842752	ops_par_loop_advec_mom_kernel_x2_128	advec_mom_kernel_x2
5325	0.000195160	236236864	ops_par_loop_advec_mom_kernel_mass_flux_x_129	advec_mom_kernel_mass_flux_x
5326	0.000573879	590438520	ops_par_loop_advec_mom_kernel_post_pre_advec_x_130	advec_mom_kernel_post_pre_advec_x
5327	0.000883007	472258640	ops_par_loop_advec_mom_kernel1_x_nonvector_131	advec_mom_kernel1_x_nonvector
5328	0.000727581	1062236232	ops_par_loop_group_87	advec_mom_kernel2_x+reset_field_kernel2
5329	0.000020469	430304	ops_par_loop_update_halo_kernel1_b1_136	update_halo_kernel1_b1
5330	0.000019466	430304	ops_par_loop_update_halo_kernel1_t1_137	update_halo_kernel1_t1
5331	0.000023555	430304	ops_par_loop_update_halo_kernel1_l1_138	update_halo_kernel1_l1
5332	0.000023535	430304	ops_par_loop_update_halo_kernel1_r1_139	update_halo_kernel1_r1
5333	0.000018245	245952	ops_par_loop_group_92	update_halo_kernel2_xvel_plus_2_a+update_halo_kernel2_yvel_minus_2_a
5334	0.000019176	245952	ops_par_loop_group_93	update_halo_kernel2_xvel_plus_2_b+update_halo_kernel2_yvel_minus_2_b
5335	0.000020448	245952	ops_par_loop_group_94	update_halo_kernel2_xvel_minus_2_a+update_halo_kernel2_yvel_plus_2_a
5336	0.000021781	245952	ops_par_loop_group_95	update_halo_kernel2_xvel_minus_2_b+update_halo_kernel2_yvel_plus_2_b
5337	0.001731879	589885440	ops_par_loop_viscosity_kernel_148	viscosity_kernel
5338	0.000020860	430304	ops_par_loop_update_halo_kernel1_b1_149	update_halo_kernel1_b1
5339	0.000020188	430304	ops_par_loop_update_halo_kernel1_t1_150	update_halo_kernel1_t1
5340	0.000023465	430304	ops_par_loop_update_halo_kernel1_l1_151	update_halo_kernel1_l1
5341	0.000022833	430304	ops_par_loop_update_halo_kernel1_r1_152	update_halo_kernel1_r1
5342	0.000915860	1061744640	ops_par_loop_calc_dt_kernel_153	calc_dt_kernel
5343	0.001484148	1887436800	ops_par_loop_group_0	PdV_kernel_predict+ideal_gas_kernel
5344	0.000022302	430304	ops_par_loop_update_halo_kernel1_b1_2	update_halo_kernel1_b1
5345	0.000019227	430304	ops_par_loop_update_halo_kernel1_t1_3	update_halo_kernel1_t1
5346	0.000023985	430304	ops_par_loop_update_halo_kernel1_l1_4	update_halo_kernel1_l1
5347	0.000024436	430304	ops_par_loop_update_halo_kernel1_r1_5	update_halo_kernel1_r1
5348	0.001557488	1770147928	ops_par_loop_group_5	revert_kernel+accelerate_kernel
5349	0.001356656	1651507200	ops_par_loop_PdV_kernel_nopredict_8	PdV_kernel_nopredict
5350	0.000365624	471982080	ops_par_loop_flux_calc_kernelx_9	flux_calc_kernelx
5351	0.000358260	471982080	ops_par_loop_flux_calc_kernely_10	flux_calc_kernely
5352	0.000022853	553536	ops_par_loop_group_9	update_halo_kernel1_b2+update_halo_kernel4_minus_4_a
5353	0.000021571	553536	ops_par_loop_group_10	update_halo_kernel1_b1+update_halo_kernel4_minus_2_a
5354	0.000021501	369120	ops_par_loop_group_11	update_halo_kernel3_plus_4_a+update_halo_kernel2_xvel_plus_4_a+update_halo_kernel2_yvel_minus_4_a
5355	0.000021701	369120	ops_par_loop_group_12	update_halo_kernel3_plus_2_a+update_halo_kernel2_xvel_plus_2_a+update_halo_kernel2_yvel_minus_2_a
5356	0.000019838	123008	ops_par_loop_update_halo_kernel4_minus_4_b_29	update_halo_kernel4_minus_4_b
5357	0.000020759	553536	ops_par_loop_group_14	update_halo_kernel1_t2+update_halo_kernel4_minus_2_b
5358	0.000020248	430528	ops_par_loop_update_halo_kernel1_t1_14	update_halo_kernel1_t1
5359	0.000019236	246080	ops_par_loop_group_16	update_halo_kernel2_xvel_plus_4_b+update_halo_kernel2_yvel_minus_4_b
5360	0.000020539	369120	ops_par_loop_group_17	update_halo_kernel3_plus_4_b+update_halo_kernel2_xvel_plus_2_b+update_halo_kernel2_yvel_minus_2_b
5361	0.000018245	123040	ops_par_loop_update_halo_kernel3_plus_2_b_22	update_halo_kernel3_plus_2_b
5362	0.000025057	553536	ops_par_loop_group_19	update_halo_kernel1_l2+update_halo_kernel3_minus_4_a
5363	0.000022743	553536	ops_par_loop_group_20	update_halo_kernel1_l1+update_halo_kernel3_minus_2_a
5364	0.000018315	123008	ops_par_loop_update_halo_kernel3_minus_4_b_25	update_halo_kernel3_minus_4_b
5365	0.000023555	553536	ops_par_loop_group_22	update_halo_kernel1_r2+update_halo_kernel3_minus_2_b
5366	0.000020589	430528	ops_par_loop_update_halo_kernel1_r1_18	update_halo_kernel1_r1
5367	0.000023375	369120	ops_par_loop_group_24	update_halo_kernel4_plus_4_a+update_halo_kernel2_xvel_minus_4_a+update_halo_kernel2_yvel_plus_4_a
5368	0.000021711	369120	ops_par_loop_group_25	update_halo_kernel4_plus_2_a+update_halo_kernel2_xvel_minus_2_a+update_halo_kernel2_yvel_plus_2_a
5369	0.000020369	246080	ops_par_loop_group_26	update_halo_kernel2_xvel_minus_4_b+update_halo_kernel2_yvel_plus_4_b
5370	0.000021481	369120	ops_par_loop_group_27	update_halo_kernel4_plus_4_b+update_halo_kernel2_xvel_minus_2_b+update_halo_kernel2_yvel_plus_2_b
5371	0.000019046	123040	ops_par_loop_update_halo_kernel4_plus_2_b_34	update_halo_kernel4_plus_2_b
5372	0.000561276	591053440	ops_par_loop_advec_cell_kernel1_xdir_35	advec_cell_kernel1_xdir
5373	0.000772537	708203544	ops_par_loop_advec_cell_kernel3_xdir_36	advec_cell_kernel3_xdir
5374	0.001463208	1533542400	ops_par_loop_advec_cell_kernel4_xdir_37	advec_cell_kernel4_xdir
5375	0.000020959	430528	ops_par_loop_update_halo_kernel1_b2_38	update_halo_kernel1_b2
5376	0.000019658	430528	ops_par_loop_update_halo_kernel1_b1_39	update_halo_kernel1_b1
5377	0.000019928	430528	ops_par_loop_update_halo_kernel1_t2_40	update_halo_kernel1_t2
5378	0.000020228	430528	ops_par_loop_update_halo_kernel1_t1_41	update_halo_kernel1_t1
5379	0.000018475	123040	ops_par_loop_update_halo_kernel3_plus_4_a_62	update_halo_kernel3_plus_4_a
5380	0.000017413	123040	ops_par_loop_update_halo_kernel3_plus_2_a_63	update_halo_kernel3_plus_2_a
5381	0.000017704	123040	ops_par_loop_update_halo_kernel3_plus_4_b_64	update_halo_kernel3_plus_4_b
5382	0.000018896	123040	ops_par_loop_update_halo_kernel3_plus_2_b_65	update_halo_kernel3_plus_2_b
5383	0.000026230	553536	ops_par_loop_group_40	update_halo_kernel1_l2+update_halo_kernel3_minus_4_a
5384	0.000023274	553536	ops_par_loop_group_41	update_halo_kernel1_l1+update_halo_kernel3_minus_2_a
5385	0.000018916	123008	ops_par_loop_update_halo_kernel3_minus_4_b_68	update_halo_kernel3_minus_4_b
5386	0.000024015	553536	ops_par_loop_group_43	update_halo_kernel1_r2+update_halo_kernel3_minus_2_b
5387	0.000021281	430528	ops_par_loop_update_halo_kernel1_r1_45	update_halo_kernel1_r1
5388	0.000562307	591053440	ops_par_loop_advec_mom_kernel_x1_70	advec_mom_kernel_x1
5389	0.000193988	236236864	ops_par_loop_advec_mom_kernel_mass_flux_x_71	advec_mom_kernel_mass_flux_x
5390	0.000573159	590438520	ops_par_loop_advec_mom_kernel_post_pre_advec_x_72	advec_mom_kernel_post_pre_advec_x
5391	0.000881925	472258640	ops_par_loop_advec_mom_kernel1_x_nonvector_73	advec_mom_kernel1_x_nonvector
5392	0.000442580	590131240	ops_par_loop_advec_mom_kernel2_x_74	advec_mom_kernel2_x
5393	0.000561286	591053440	ops_par_loop_advec_mom_kernel_x1_75	advec_mom_kernel_x1
5394	0.000193618	236236864	ops_par_loop_advec_mom_kernel_mass_flux_x_76	advec_mom_kernel_mass_flux_x
5395	0.000572397	590438520	ops_par_loop_advec_mom_kernel_post_pre_advec_x_77	advec_mom_kernel_post_pre_advec_x
5396	0.000883457	472258640	ops_par_loop_advec_mom_kernel1_x_nonvector_78	advec_mom_kernel1_x_nonvector
5397	0.000445877	590131240	ops_par_loop_advec_mom_kernel2_x_79	advec_mom_kernel2_x
5398	0.000498236	472842752	ops_par_loop_advec_cell_kernel2_ydir_80	advec_cell_kernel2_ydir
5399	0.000787435	708203544	ops_par_loop_advec_cell_kernel3_ydir_81	advec_cell_kernel3_ydir
5400	0.001473458	1533542400	ops_par_loop_advec_cell_kernel4_ydir_82	advec_cell_kernel4_ydir
5401	0.000022072	553536	ops_par_loop_group_58	update_halo_kernel1_b2+update_halo_kernel4_minus_4_a
5402	0.000021251	553536	ops_par_loop_group_59	update_halo_kernel1_b1+update_halo_kernel4_minus_2_a
5403	0.000021201	369120	ops_par_loop_group_60	update_halo_kernel2_xvel_plus_4_a+update_halo_kernel2_yvel_minus_4_a+update_halo_kernel3_plus_4_a
5404	0.000020840	369120	ops_par_loop_group_61	update_halo_kernel2_xvel_plus_2_a+update_halo_kernel2_yvel_minus_2_a+update_halo_kernel3_plus_2_a
5405	0.000018946	246080	ops_par_loop_group_62	update_halo_kernel2_xvel_plus_4_b+update_halo_kernel2_yvel_minus_4_b
5406	0.000019738	369120	ops_par_loop_group_63	update_halo_kernel2_xvel_plus_2_b+update_halo_kernel2_yvel_minus_2_b+update_halo_kernel3_plus_4_b
5407	0.000021701	246080	ops_par_loop_group_64	update_halo_kernel2_xvel_minus_4_b+update_halo_kernel2_yvel_plus_4_b
5408	0.000019196	123040	ops_par_loop_update_halo_kernel3_plus_2_b_110	update_halo_kernel3_plus_2_b
5409	0.000019617	123008	ops_par_loop_update_halo_kernel3_minus_4_b_113	update_halo_kernel3_minus_4_b
5410	0.000017262	123008	ops_par_loop_update_halo_kernel4_minus_4_b_117	update_halo_kernel4_minus_4_b
5411	0.000020149	553536	ops_par_loop_group_68	update_halo_kernel1_t2+update_halo_kernel4_minus_2_b
5412	0.000019547	430528	ops_par_loop_update_halo_kernel1_t1_86	update_halo_kernel1_t1
5413	0.000026951	553536	ops_par_loop_group_70	update_halo_kernel1_l2+update_halo_kernel3_minus_4_a
5414	0.000022523	553536	ops_par_loop_group_71	update_halo_kernel1_l1+update_halo_kernel3_minus_2_a
5415	0.000024607	553536	ops_par_loop_group_72	update_halo_kernel1_r2+update_halo_kernel3_minus_2_b
5416	0.000020710	430528	ops_par_loop_update_halo_kernel1_r1_90	update_halo_kernel1_r1
5417	0.000023415	369120	ops_par_loop_group_74	update_halo_kernel2_xvel_minus_4_a+update_halo_kernel2_yvel_plus_4_a+update_halo_kernel4_plus_4_a
5418	0.000020139	369120	ops_par_loop_group_75	update_halo_kernel2_xvel_minus_2_a+update_halo_kernel2_yvel_plus_2_a+update_halo_kernel4_plus_2_a
5419	0.000022132	369120	ops_par_loop_group_76	update_halo_kernel2_xvel_minus_2_b+update_halo_kernel2_yvel_plus_2_b+update_halo_kernel4_plus_4_b
5420	0.000018445	123040	ops_par_loop_update_halo_kernel4_plus_2_b_122	update_halo_kernel4_plus_2_b
5421	0.001775051	1416561152	ops_par_loop_group_78	advec_mom_kernel_y2+reset_field_kernel1+ideal_gas_kernel
5422	0.000194109	236236864	ops_par_loop_advec_mom_kernel_mass_flux_y_124	advec_mom_kernel_mass_flux_y
5423	0.000532762	590438520	ops_par_loop_advec_mom_kernel_post_pre_advec_y_125	advec_mom_kernel_post_pre_advec_y
5424	0.000876695	472258640	ops_par_loop_advec_mom_kernel1_y_nonvector_126	advec_mom_kernel1_y_nonvector
5425	0.000447039	590131240	ops_par_loop_advec_mom_kernel2_y_127	advec_mom_kernel2_y
5426	0.000490531	472842752	ops_par_loop_advec_mom_kernel_y2_128	advec_mom_kernel_y2
5427	0.000192225	236236864	ops_par_loop_advec_mom_kernel_mass_flux_y_129	advec_mom_kernel_mass_flux_y
5428	0.000533603	590438520	ops_par_loop_advec_mom_kernel_post_pre_advec_y_130	advec_mom_kernel_post_pre_advec_y
5429	0.000874000	472258640	ops_par_loop_advec_mom_kernel1_y_nonvector_131	advec_mom_kernel1_y_nonvector
5430	0.000731108	1062236232	ops_par_loop_group_87	advec_mom_kernel2_y+reset_field_kernel2
5431	0.000020930	430304	ops_par_loop_update_halo_kernel1_b1_136	update_halo_kernel1_b1
5432	0.000019867	430304	ops_par_loop_update_halo_kernel1_t1_137	update_halo_kernel1_t1
5433	0.000023384	430304	ops_par_loop_update_halo_kernel1_l1_138	update_halo_kernel1_l1
5434	0.000023785	430304	ops_par_loop_update_halo_kernel1_r1_139	update_halo_kernel1_r1
5435	0.000019066	245952	ops_par_loop_group_92	update_halo_kernel2_xvel_plus_2_a+update_halo_kernel2_yvel_minus_2_a
5436	0.000019157	245952	ops_par_loop_group_93	update_halo_kernel2_xvel_plus_2_b+update_halo_kernel2_yvel_minus_2_b
5437	0.000020659	245952	ops_par_loop_group_94	update_halo_kernel2_xvel_minus_2_a+update_halo_kernel2_yvel_plus_2_a
5438	0.000020399	245952	ops_par_loop_group_95	update_halo_kernel2_xvel_minus_2_b+update_halo_kernel2_yvel_plus_2_b
5439	0.001732520	589885440	ops_par_loop_viscosity_kernel_148	viscosity_kernel
5440	0.000021100	430304	ops_par_loop_update_halo_kernel1_b1_149	update_halo_kernel1_b1
5441	0.000019597	430304	ops_par_loop_update_halo_kernel1_t1_150	update_halo_kernel1_t1
5442	0.000023144	430304	ops_par_loop_update_halo_kernel1_l1_151	update_halo_kernel1_l1
5443	0.000022633	430304	ops_par_loop_update_halo_kernel1_r1_152	update_halo_kernel1_r1
5444	0.000915999	1061744640	ops_par_loop_calc_dt_kernel_153	calc_dt_kernel
5445	0.001485732	1887436800	ops_par_loop_group_0	PdV_kernel_predict+ideal_gas_kernel
5446	0.000021751	430304	ops_par_loop_update_halo_kernel1_b1_2	update_halo_kernel1_b1
5447	0.000019688	430304	ops_par_loop_update_halo_kernel1_t1_3	update_halo_kernel1_t1
5448	0.000023785	430304	ops_par_loop_update_halo_kernel1_l1_4	update_halo_kernel1_l1
5449	0.000023635	430304	ops_par_loop_update_halo_kernel1_r1_5	update_halo_kernel1_r1
5450	0.001558309	1770147928	ops_par_loop_group_5	revert_kernel+accelerate_kernel
5451	0.001356045	1651507200	ops_par_loop_PdV_kernel_nopredict_8	PdV_kernel_nopredict
5452	0.000360805	471982080	ops_par_loop_flux_calc_kernelx_9	flux_calc_kernelx
5453	0.000360354	471982080	ops_par_loop_flux_calc_kernely_10	flux_calc_kernely
5454	0.000022352	553536	ops_par_loop_group_9	update_halo_kernel1_b2+update_halo_kernel4_minus_4_a
5455	0.000021230	553536	ops_par_loop_group_10	update_halo_kernel1_b1+update_halo_kernel4_minus_2_a
5456	0.000020639	369120	ops_par_loop_group_11	update_halo_kernel3_plus_4_a+update_halo_kernel2_xvel_plus_4_a+update_halo_kernel2_yvel_minus_4_a
5457	0.000020028	369120	ops_par_loop_group_12	update_halo_kernel3_plus_2_a+update_halo_kernel2_xvel_plus_2_a+update_halo_kernel2_yvel_minus_2_a
5458	0.000017533	123008	ops_par_loop_update_halo_kernel4_minus_4_b_29	update_halo_kernel4_minus_4_b
5459	0.000020710	553536	ops_par_loop_group_14	update_halo_kernel1_t2+update_halo_kernel4_minus_2_b
5460	0.000019938	430528	ops_par_loop_update_halo_kernel1_t1_14	update_halo_kernel1_t1
5461	0.000019517	246080	ops_par_loop_group_16	update_halo_kernel2_xvel_plus_4_b+update_halo_kernel2_yvel_minus_4_b
5462	0.000019988	369120	ops_par_loop_group_17	update_halo_kernel3_plus_4_b+update_halo_kernel2_xvel_plus_2_b+update_halo_kernel2_yvel_minus_2_b
5463	0.000019126	123040	ops_par_loop_update_halo_kernel3_plus_2_b_22	update_halo_kernel3_plus_2_b
5464	0.000025839	553536	ops_par_loop_group_19	update_halo_kernel1_l2+update_halo_kernel3_minus_4_a
5465	0.000022613	553536	ops_par_loop_group_20	update_halo_kernel1_l1+update_halo_kernel3_minus_2_a
5466	0.000018766	123008	ops_par_loop_update_halo_kernel3_minus_4_b_25	update_halo_kernel3_minus_4_b
5467	0.000024887	553536	ops_par_loop_group_22	update_halo_kernel1_r2+update_halo_kernel3_minus_2_b
5468	0.000020469	430528	ops_par_loop_update_halo_kernel1_r1_18	update_halo_kernel1_r1
5469	0.000022693	369120	ops_par_loop_group_24	update_halo_kernel4_plus_4_a+update_halo_kernel2_xvel_minus_4_a+update_halo_kernel2_yvel_plus_4_a
5470	0.000021561	369120	ops_par_loop_group_25	update_halo_kernel4_plus_2_a+update_halo_kernel2_xvel_minus_2_a+update_halo_kernel2_yvel_plus_2_a
5471	0.000021100	246080	ops_par_loop_group_26	update_halo_kernel2_xvel_minus_4_b+update_halo_kernel2_yvel_plus_4_b
5472	0.000022142	369120	ops_par_loop_group_27	update_halo_kernel4_plus_4_b+update_halo_kernel2_xvel_minus_2_b+update_halo_kernel2_yvel_plus_2_b
5473	0.000018465	123040	ops_par_loop_update_halo_kernel4_plus_2_b_34	update_halo_kernel4_plus_2_b
5474	0.000562488	591053440	ops_par_loop_advec_cell_kernel1_ydir_35	advec_cell_kernel1_ydir
5475	0.000787386	708203544	ops_par_loop_advec_cell_kernel3_ydir_36	advec_cell_kernel3_ydir
5476	0.001472065	1533542400	ops_par_loop_advec_cell_kernel4_ydir_37	advec_cell_kernel4_ydir
5477	0.000022302	553536	ops_par_loop_group_32	update_halo_kernel1_b2+update_halo_kernel4_minus_4_a
5478	0.000021451	553536	ops_par_loop_group_33	update_halo_kernel1_b1+update_halo_kernel4_minus_2_a
5479	0.000017873	123008	ops_par_loop_update_halo_kernel4_minus_4_b_64	update_halo_kernel4_minus_4_b
5480	0.000020078	553536	ops_par_loop_group_35	update_halo_kernel1_t2+update_halo_kernel4_minus_2_b
5481	0.000019988	430528	ops_par_loop_update_halo_kernel1_t1_41	update_halo_kernel1_t1
5482	0.000023063	430528	ops_par_loop_update_halo_kernel1_l2_42	update_halo_kernel1_l2
5483	0.000021401	430528	ops_par_loop_update_halo_kernel1_l1_43	update_halo_kernel1_l1
5484	0.000022913	430528	ops_par_loop_update_halo_kernel1_r2_44	update_halo_kernel1_r2
5485	0.000021571	430528	ops_par_loop_update_halo_kernel1_r1_45	update_halo_kernel1_r1
5486	0.000019367	123040	ops_par_loop_update_halo_kernel4_plus_4_a_66	update_halo_kernel4_plus_4_a
5487	0.000017504	123040	ops_par_loop_update_halo_kernel4_plus_2_a_67	update_halo_kernel4_plus_2_a
5488	0.000018696	123040	ops_par_loop_update_halo_kernel4_plus_4_b_68	update_halo_kernel4_plus_4_b
5489	0.000018655	123040	ops_par_loop_update_halo_kernel4_plus_2_b_69	update_halo_kernel4_plus_2_b
5490	0.000563029	591053440	ops_par_loop_advec_mom_kernel_y1_70	advec_mom_kernel_y1
5491	0.000191013	236236864	ops_par_loop_advec_mom_kernel_mass_flux_y_71	advec_mom_kernel_mass_flux_y
5492	0.000530517	590438520	ops_par_loop_advec_mom_kernel_post_pre_advec_y_72	advec_mom_kernel_post_pre_advec_y
5493	0.000878107	472258640	ops_par_loop_advec_mom_kernel1_y_nonvector_73	advec_mom_kernel1_y_nonvector
5494	0.000445426	590131240	ops_par_loop_advec_mom_kernel2_y_74	advec_mom_kernel2_y
5495	0.000562188	591053440	ops_par_loop_advec_mom_kernel_y1_75	advec_mom_kernel_y1
5496	0.000191955	236236864	ops_par_loop_advec_mom_kernel_mass_flux_y_76	advec_mom_kernel_mass_flux_y
5497	0.000536148	590438520	ops_par_loop_advec_mom_kernel_post_pre_advec_y_77	advec_mom_kernel_post_pre_advec_y
5498	0.000874471	472258640	ops_par_loop_advec_mom_kernel1_y_nonvector_78	advec_mom_kernel1_y_nonvector
5499	0.000447119	590131240	ops_par_loop_advec_mom_kernel2_y_79	advec_mom_kernel2_y
5500	0.000490932	472842752	ops_par_loop_advec_cell_kernel2_xdir_80	advec_cell_kernel2_xdir
5501	0.000772988	708203544	ops_par_loop_advec_cell_kernel3_xdir_81	advec_cell_kernel3_xdir
5502	0.001463419	1533542400	ops_par_loop_advec_cell_kernel4_xdir_82	advec_cell_kernel4_xdir
5503	0.000023835	553536	ops_par_loop_group_58	update_halo_kernel1_b2+update_halo_kernel4_minus_4_a
5504	0.000021160	553536	ops_par_loop_group_59	update_halo_kernel1_b1+update_halo_kernel4_minus_2_a
5505	0.000020158	369120	ops_par_loop_group_60	update_halo_kernel2_xvel_plus_4_a+update_halo_kernel2_yvel_minus_4_a+update_halo_kernel3_plus_4_a
5506	0.000020018	369120	ops_par_loop_group_61	update_halo_kernel2_xvel_plus_2_a+update_halo_kernel2_yvel_minus_2_a+update_halo_kernel3_plus_2_a
5507	0.000019196	246080	ops_par_loop_group_62	update_halo_kernel2_xvel_plus_4_b+update_halo_kernel2_yvel_minus_4_b
5508	0.000020329	369120	ops_par_loop_group_63	update_halo_kernel2_xvel_plus_2_b+update_halo_kernel2_yvel_minus_2_b+update_halo_kernel3_plus_4_b
5509	0.000021200	246080	ops_par_loop_group_64	update_halo_kernel2_xvel_minus_4_b+update_halo_kernel2_yvel_plus_4_b
5510	0.000019336	123040	ops_par_loop_update_halo_kernel3_plus_2_b_110	update_halo_kernel3_plus_2_b
5511	0.000020109	123008	ops_par_loop_update_halo_kernel3_minus_4_b_113	update_halo_kernel3_minus_4_b
5512	0.000017603	123008	ops_par_loop_update_halo_kernel4_minus_4_b_117	update_halo_kernel4_minus_4_b
5513	0.000021150	553536	ops_par_loop_group_68	update_halo_kernel1_t2+update_halo_kernel4_minus_2_b
5514	0.000020619	430528	ops_par_loop_update_halo_kernel1_t1_86	update_halo_kernel1_t1
5515	0.000026480	553536	ops_par_loop_group_70	update_halo_kernel1_l2+update_halo_kernel3_minus_4_a
5516	0.000022673	553536	ops_par_loop_group_71	update_halo_kernel1_l1+update_halo_kernel3_minus_2_a
5517	0.000023986	553536	ops_par_loop_group_72	update_halo_kernel1_r2+update_halo_kernel3_minus_2_b
5518	0.000020990	430528	ops_par_loop_update_halo_kernel1_r1_90	update_halo_kernel1_r1
5519	0.000023414	369120	ops_par_loop_group_74	update_halo_kernel2_xvel_minus_4_a+update_halo_kernel2_yvel_plus_4_a+update_halo_kernel4_plus_4_a
5520	0.000021571	369120	ops_par_loop_group_75	update_halo_kernel2_xvel_minus_2_a+update_halo_kernel2_yvel_plus_2_a+update_halo_kernel4_plus_2_a
5521	0.000021651	369120	ops_par_loop_group_76	update_halo_kernel2_xvel_minus_2_b+update_halo_kernel2_yvel_plus_2_b+update_halo_kernel4_plus_4_b
5522	0.000018605	123040	ops_par_loop_update_halo_kernel4_plus_2_b_122	update_halo_kernel4_plus_2_b
5523	0.001788596	1416561152	ops_par_loop_group_78	advec_mom_kernel_x2+reset_field_kernel1+ideal_gas_kernel
5524	0.000195472	236236864	ops_par_loop_advec_mom_kernel_mass_flux_x_124	advec_mom_kernel_mass_flux_x
5525	0.000573469	590438520	ops_par_loop_advec_mom_kernel_post_pre_advec_x_125	advec_mom_kernel_post_pre_advec_x
5526	0.000882325	472258640	ops_par_loop_advec_mom_kernel1_x_nonvector_126	advec_mom_kernel1_x_nonvector
5527	0.000443963	590131240	ops_par_loop_advec_mom_kernel2_x_127	advec_mom_kernel2_x
5528	0.000496383	472842752	ops_par_loop_advec_mom_kernel_x2_128	advec_mom_kernel_x2
5529	0.000194309	236236864	ops_par_loop_advec_mom_kernel_mass_flux_x_129	advec_mom_kernel_mass_flux_x
5530	0.000573960	590438520	ops_par_loop_advec_mom_kernel_post_pre_advec_x_130	advec_mom_kernel_post_pre_advec_x
5531	0.000883017	472258640	ops_par_loop_advec_mom_kernel1_x_nonvector_131	advec_mom_kernel1_x_nonvector
5532	0.000734755	1062236232	ops_par_loop_group_87	advec_mom_kernel2_x+reset_field_kernel2
5533	0.000020879	430304	ops_par_loop_update_halo_kernel1_b1_136	update_halo_kernel1_b1
5534	0.000020209	430304	ops_par_loop_update_halo_kernel1_t1_137	update_halo_kernel1_t1
5535	0.000024085	430304	ops_par_loop_update_halo_kernel1_l1_138	update_halo_kernel1_l1
5536	0.000023424	430304	ops_par_loop_update_halo_kernel1_r1_139	update_halo_kernel1_r1
5537	0.000018786	245952	ops_par_loop_group_92	update_halo_kernel2_xvel_plus_2_a+update_halo_kernel2_yvel_minus_2_a
5538	0.000018836	245952	ops_par_loop_group_93	update_halo_kernel2_xvel_plus_2_b+update_halo_kernel2_yvel_minus_2_b
5539	0.000021090	245952	ops_par_loop_group_94	update_halo_kernel2_xvel_minus_2_a+update_halo_kernel2_yvel_plus_2_a
5540	0.000020519	245952	ops_par_loop_group_95	update_halo_kernel2_xvel_minus_2_b+update_halo_kernel2_yvel_plus_2_b
5541	0.001732079	589885440	ops_par_loop_viscosity_kernel_148	viscosity_kernel
5542	0.000022673	430304	ops_par_loop_update_halo_kernel1_b1_149	update_halo_kernel1_b1
5543	0.000020859	430304	ops_par_loop_update_halo_kernel1_t1_150	update_halo_kernel1_t1
5544	0.000024496	430304	ops_par_loop_update_halo_kernel1_l1_151	update_halo_kernel1_l1
5545	0.000024146	430304	ops_par_loop_update_halo_kernel1_r1_152	update_halo_kernel1_r1
5546	0.000917211	1061744640	ops_par_loop_calc_dt_kernel_153	calc_dt_kernel
5547	0.001484399	1887436800	ops_par_loop_group_0	PdV_kernel_predict+ideal_gas_kernel
5548	0.000022082	430304	ops_par_loop_update_halo_kernel1_b1_2	update_halo_kernel1_b1
5549	0.000019347	430304	ops_par_loop_update_halo_kernel1_t1_3	update_halo_kernel1_t1
5550	0.000023795	430304	ops_par_loop_update_halo_kernel1_l1_4	update_halo_kernel1_l1
5551	0.000023595	430304	ops_par_loop_update_halo_kernel1_r1_5	update_halo_kernel1_r1
5552	0.001560102	1770147928	ops_par_loop_group_5	revert_kernel+accelerate_kernel
5553	0.001352409	1651507200	ops_par_loop_PdV_kernel_nopredict_8	PdV_kernel_nopredict
5554	0.000360445	471982080	ops_par_loop_flux_calc_kernelx_9	flux_calc_kernelx
5555	0.000355956	471982080	ops_par_loop_flux_calc_kernely_10	flux_calc_kernely
5556	0.000022172	553536	ops_par_loop_group_9	update_halo_kernel1_b2+update_halo_kernel4_minus_4_a
5557	0.000021191	553536	ops_par_loop_group_10	update_halo_kernel1_b1+update_halo_kernel4_minus_2_a
5558	0.000020479	369120	ops_par_loop_group_11	update_halo_kernel3_plus_4_a+update_halo_kernel2_xvel_plus_4_a+update_halo_kernel2_yvel_minus_4_a
5559	0.000020589	369120	ops_par_loop_group_12	update_halo_kernel3_plus_2_a+update_halo_kernel2_xvel_plus_2_a+update_halo_kernel2_yvel_minus_2_a
5560	0.000018526	123008	ops_par_loop_update_halo_kernel4_minus_4_b_29	update_halo_kernel4_minus_4_b
5561	0.000019838	553536	ops_par_loop_group_14	update_halo_kernel1_t2+update_halo_kernel4_minus_2_b
5562	0.000019878	430528	ops_par_loop_update_halo_kernel1_t1_14	update_halo_kernel1_t1
5563	0.000019126	246080	ops_par_loop_group_16	update_halo_kernel2_xvel_plus_4_b+update_halo_kernel2_yvel_minus_4_b
5564	0.000020529	369120	ops_par_loop_group_17	update_halo_kernel3_plus_4_b+update_halo_kernel2_xvel_plus_2_b+update_halo_kernel2_yvel_minus_2_b
5565	0.000018525	123040	ops_par_loop_update_halo_kernel3_plus_2_b_22	update_halo_kernel3_plus_2_b
5566	0.000024968	553536	ops_par_loop_group_19	update_halo_kernel1_l2+update_halo_kernel3_minus_4_a
5567	0.000023214	553536	ops_par_loop_group_20	update_halo_kernel1_l1+update_halo_kernel3_minus_2_a
5568	0.000018736	123008	ops_par_loop_update_halo_kernel3_minus_4_b_25	update_halo_kernel3_minus_4_b
5569	0.000023846	553536	ops_par_loop_group_22	update_halo_kernel1_r2+update_halo_kernel3_minus_2_b
5570	0.000021190	430528	ops_par_loop_update_halo_kernel1_r1_18	update_halo_kernel1_r1
5571	0.000023134	369120	ops_par_loop_group_24	update_halo_kernel4_plus_4_a+update_halo_kernel2_xvel_minus_4_a+update_halo_kernel2_yvel_plus_4_a
5572	0.000021210	369120	ops_par_loop_group_25	update_halo_kernel4_plus_2_a+update_halo_kernel2_xvel_minus_2_a+update_halo_kernel2_yvel_plus_2_a
5573	0.000020729	246080	ops_par_loop_group_26	update_halo_kernel2_xvel_minus_4_b+update_halo_kernel2_yvel_plus_4_b
5574	0.000021742	369120	ops_par_loop_group_27	update_halo_kernel4_plus_4_b+update_halo_kernel2_xvel_minus_2_b+update_halo_kernel2_yvel_plus_2_b
5575	0.000019457	123040	ops_par_loop_update_halo_kernel4_plus_2_b_34	update_halo_kernel4_plus_2_b
5576	0.000560875	591053440	ops_par_loop_advec_cell_kernel1_xdir_35	advec_cell_kernel1_xdir
5577	0.000772327	708203544	ops_par_loop_advec_cell_kernel3_xdir_36	advec_cell_kernel3_xdir
5578	0.001460904	1533542400	ops_par_loop_advec_cell_kernel4_xdir_37	advec_cell_kernel4_xdir
5579	0.000021180	430528	ops_par_loop_update_halo_kernel1_b2_38	update_halo_kernel1_b2
5580	0.000019777	430528	ops_par_loop_update_halo_kernel1_b1_39	update_halo_kernel1_b1
5581	0.000020008	430528	ops_par_loop_update_halo_kernel1_t2_40	update_halo_kernel1_t2
5582	0.000020198	430528	ops_par_loop_update_halo_kernel1_t1_41	update_halo_kernel1_t1
5583	0.000018104	123040	ops_par_loop_update_halo_kernel3_plus_4_a_62	update_halo_kernel3_plus_4_a
5584	0.000017954	123040	ops_par_loop_update_halo_kernel3_plus_2_a_63	update_halo_kernel3_plus_2_a
5585	0.000018595	123040	ops_par_loop_update_halo_kernel3_plus_4_b_64	update_halo_kernel3_plus_4_b
5586	0.000018145	123040	ops_par_loop_update_halo_kernel3_plus_2_b_65	update_halo_kernel3_plus_2_b
5587	0.000026511	553536	ops_par_loop_group_40	update_halo_kernel1_l2+update_halo_kernel3_minus_4_a
5588	0.000023695	553536	ops_par_loop_group_41	update_halo_kernel1_l1+update_halo_kernel3_minus_2_a
5589	0.000018194	123008	ops_par_loop_update_halo_kernel3_minus_4_b_68	update_halo_kernel3_minus_4_b
5590	0.000024266	553536	ops_par_loop_group_43	update_halo_kernel1_r2+update_halo_kernel3_minus_2_b
5591	0.000021240	430528	ops_par_loop_update_halo_kernel1_r1_45	update_halo_kernel1_r1
5592	0.000562629	591053440	ops_par_loop_advec_mom_kernel_x1_70	advec_mom_kernel_x1
5593	0.000193497	236236864	ops_par_loop_advec_mom_kernel_mass_flux_x_71	advec_mom_kernel_mass_flux_x
5594	0.000570123	590438520	ops_par_loop_advec_mom_kernel_post_pre_advec_x_72	advec_mom_kernel_post_pre_advec_x
5595	0.000882205	472258640	ops_par_loop_advec_mom_kernel1_x_nonvector_73	advec_mom_kernel1_x_nonvector
5596	0.000450966	590131240	ops_par_loop_advec_mom_kernel2_x_74	advec_mom_kernel2_x
5597	0.000560815	591053440	ops_par_loop_advec_mom_kernel_x1_75	advec_mom_kernel_x1
5598	0.000193898	236236864	ops_par_loop_advec_mom_kernel_mass_flux_x_76	advec_mom_kernel_mass_flux_x
5599	0.000575874	590438520	ops_par_loop_advec_mom_kernel_post_pre_advec_x_77	advec_mom_kernel_post_pre_advec_x
5600	0.000883127	472258640	ops_par_loop_advec_mom_kernel1_x_nonvector_78	advec_mom_kernel1_x_nonvector
5601	0.000447890	590131240	ops_par_loop_advec_mom_kernel2_x_79	advec_mom_kernel2_x
5602	0.000499409	472842752	ops_par_loop_advec_cell_kernel2_ydir_80	advec_cell_kernel2_ydir
5603	0.000788668	708203544	ops_par_loop_advec_cell_kernel3_ydir_81	advec_cell_kernel3_ydir
5604	0.001472537	1533542400	ops_par_loop_advec_cell_kernel4_ydir_82	advec_cell_kernel4_ydir
5605	0.000022002	553536	ops_par_loop_group_58	update_halo_kernel1_b2+update_halo_kernel4_minus_4_a
5606	0.000020880	553536	ops_par_loop_group_59	update_halo_kernel1_b1+update_halo_kernel4_minus_2_a
5607	0.000021711	369120	ops_par_loop_group_60	update_halo_kernel2_xvel_plus_4_a+update_halo_kernel2_yvel_minus_4_a+update_halo_kernel3_plus_4_a
5608	0.000020369	369120	ops_par_loop_group_61	update_halo_kernel2_xvel_plus_2_a+update_halo_kernel2_yvel_minus_2_a+update_halo_kernel3_plus_2_a
5609	0.000019477	246080	ops_par_loop_group_62	update_halo_kernel2_xvel_plus_4_b+update_halo_kernel2_yvel_minus_4_b
5610	0.000020820	369120	ops_par_loop_group_63	update_halo_kernel2_xvel_plus_2_b+update_halo_kernel2_yvel_minus_2_b+update_halo_kernel3_plus_4_b
5611	0.000020669	246080	ops_par_loop_group_64	update_halo_kernel2_xvel_minus_4_b+update_halo_kernel2_yvel_plus_4_b
5612	0.000019467	123040	ops_par_loop_update_halo_kernel3_plus_2_b_110	update_halo_kernel3_plus_2_b
5613	0.000019176	123008	ops_par_loop_update_halo_kernel3_minus_4_b_113	update_halo_kernel3_minus_4_b
5614	0.000018255	123008	ops_par_loop_update_halo_kernel4_minus_4_b_117	update_halo_kernel4_minus_4_b
5615	0.000020940	553536	ops_par_loop_group_68	update_halo_kernel1_t2+update_halo_kernel4_minus_2_b
5616	0.000019968	430528	ops_par_loop_update_halo_kernel1_t1_86	update_halo_kernel1_t1
5617	0.000026390	553536	ops_par_loop_group_70	update_halo_kernel1_l2+update_halo_kernel3_minus_4_a
5618	0.000022503	553536	ops_par_loop_group_71	update_halo_kernel1_l1+update_halo_kernel3_minus_2_a
5619	0.000024226	553536	ops_par_loop_group_72	update_halo_kernel1_r2+update_halo_kernel3_minus_2_b
5620	0.000021360	430528	ops_par_loop_update_halo_kernel1_r1_90	update_halo_kernel1_r1
5621	0.000023284	369120	ops_par_loop_group_74	update_halo_kernel2_xvel_minus_4_a+update_halo_kernel2_yvel_plus_4_a+update_halo_kernel4_plus_4_a
5622	0.000020609	369120	ops_par_loop_group_75	update_halo_kernel2_xvel_minus_2_a+update_halo_kernel2_yvel_plus_2_a+update_halo_kernel4_plus_2_a
5623	0.000022383	369120	ops_par_loop_group_76	update_halo_kernel2_xvel_minus_2_b+update_halo_kernel2_yvel_plus_2_b+update_halo_kernel4_plus_4_b
5624	0.000018285	123040	ops_par_loop_update_halo_kernel4_plus_2_b_122	update_halo_kernel4_plus_2_b
5625	0.001790029	1416561152	ops_par_loop_group_78	advec_mom_kernel_y2+reset_field_kernel1+ideal_gas_kernel
5626	0.000193678	236236864	ops_par_loop_advec_mom_kernel_mass_flux_y_124	advec_mom_kernel_mass_flux_y
5627	0.000533964	590438520	ops_par_loop_advec_mom_kernel_post_pre_advec_y_125	advec_mom_kernel_post_pre_advec_y
5628	0.000881113	472258640	ops_par_loop_advec_mom_kernel1_y_nonvector_126	advec_mom_kernel1_y_nonvector
5629	0.000447009	590131240	ops_par_loop_advec_mom_kernel2_y_127	advec_mom_kernel2_y
5630	0.000489760	472842752	ops_par_loop_advec_mom_kernel_y2_128	advec_mom_kernel_y2
5631	0.000191815	236236864	ops_par_loop_advec_mom_kernel_mass_flux_y_129	advec_mom_kernel_mass_flux_y
5632	0.000534495	590438520	ops_par_loop_advec_mom_kernel_post_pre_advec_y_130	advec_mom_kernel_post_pre_advec_y
5633	0.000873720	472258640	ops_par_loop_advec_mom_kernel1_y_nonvector_131	advec_mom_kernel1_y_nonvector
5634	0.000730708	1062236232	ops_par_loop_group_87	advec_mom_kernel2_y+reset_field_kernel2
5635	0.000021220	430304	ops_par_loop_update_halo_kernel1_b1_136	update_halo_kernel1_b1
5636	0.000019737	430304	ops_par_loop_update_halo_kernel1_t1_137	update_halo_kernel1_t1
5637	0.000023986	430304	ops_par_loop_update_halo_kernel1_l1_138	update_halo_kernel1_l1
5638	0.000024136	430304	ops_par_loop_update_halo_kernel1_r1_139	update_halo_kernel1_r1
5639	0.000019517	245952	ops_par_loop_group_92	update_halo_kernel2_xvel_plus_2_a+update_halo_kernel2_yvel_minus_2_a
5640	0.000018295	245952	ops_par_loop_group_93	update_halo_kernel2_xvel_plus_2_b+update_halo_kernel2_yvel_minus_2_b
5641	0.000020298	245952	ops_par_loop_group_94	update_halo_kernel2_xvel_minus_2_a+update_halo_kernel2_yvel_plus_2_a
5642	0.000020418	245952	ops_par_loop_group_95	update_halo_kernel2_xvel_minus_2_b+update_halo_kernel2_yvel_plus_2_b
5643	0.001732250	589885440	ops_par_loop_viscosity_kernel_148	viscosity_kernel
5644	0.000021451	430304	ops_par_loop_update_halo_kernel1_b1_149	update_halo_kernel1_b1
5645	0.000020539	430304	ops_par_loop_update_halo_kernel1_t1_150	update_halo_kernel1_t1
5646	0.000022412	430304	ops_par_loop_update_halo_kernel1_l1_151	update_halo_kernel1_l1
5647	0.000023004	430304	ops_par_loop_update_halo_kernel1_r1_152	update_halo_kernel1_r1
5648	0.000915739	1061744640	ops_par_loop_calc_dt_kernel_153	calc_dt_kernel
5649	0.001486192	1887436800	ops_par_loop_group_0	PdV_kernel_predict+ideal_gas_kernel
5650	0.000023915	430304	ops_par_loop_update_halo_kernel1_b1_2	update_halo_kernel1_b1
5651	0.000022783	430304	ops_par_loop_update_halo_kernel1_t1_3	update_halo_kernel1_t1
5652	0.000024436	430304	ops_par_loop_update_halo_kernel1_l1_4	update_halo_kernel1_l1
5653	0.000027653	430304	ops_par_loop_update_halo_kernel1_r1_5	update_halo_kernel1_r1
5654	0.001555403	1770147928	ops_par_loop_group_5	revert_kernel+accelerate_kernel
5655	0.001358329	1651507200	ops_par_loop_PdV_kernel_nopredict_8	PdV_kernel_nopredict
5656	0.000360925	471982080	ops_par_loop_flux_calc_kernelx_9	flux_calc_kernelx
5657	0.000357549	471982080	ops_par_loop_flux_calc_kernely_10	flux_calc_kernely
5658	0.000021781	553536	ops_par_loop_group_9	update_halo_kernel1_b2+update_halo_kernel4_minus_4_a
5659	0.000021060	553536	ops_par_loop_group_10	update_halo_kernel1_b1+update_halo_kernel4_minus_2_a
5660	0.000020549	369120	ops_par_loop_group_11	update_halo_kernel3_plus_4_a+update_halo_kernel2_xvel_plus_4_a+update_halo_kernel2_yvel_minus_4_a
5661	0.000020699	369120	ops_par_loop_group_12	update_halo_kernel3_plus_2_a+update_halo_kernel2_xvel_plus_2_a+update_halo_kernel2_yvel_minus_2_a
5662	0.000018075	123008	ops_par_loop_update_halo_kernel4_minus_4_b_29	update_halo_kernel4_minus_4_b
5663	0.000020820	553536	ops_par_loop_group_14	update_halo_kernel1_t2+update_halo_kernel4_minus_2_b
5664	0.000019648	430528	ops_par_loop_update_halo_kernel1_t1_14	update_halo_kernel1_t1
5665	0.000019357	246080	ops_par_loop_group_16	update_halo_kernel2_xvel_plus_4_b+update_halo_kernel2_yvel_minus_4_b
5666	0.000019698	369120	ops_par_loop_group_17	update_halo_kernel3_plus_4_b+update_halo_kernel2_xvel_plus_2_b+update_halo_kernel2_yvel_minus_2_b
5667	0.000019237	123040	ops_par_loop_update_halo_kernel3_plus_2_b_22	update_halo_kernel3_plus_2_b
5668	0.000025529	553536	ops_par_loop_group_19	update_halo_kernel1_l2+update_halo_kernel3_minus_4_a
5669	0.000022784	553536	ops_par_loop_group_20	update_halo_kernel1_l1+update_halo_kernel3_minus_2_a
5670	0.000018646	123008	ops_par_loop_update_halo_kernel3_minus_4_b_25	update_halo_kernel3_minus_4_b
5671	0.000023966	553536	ops_par_loop_group_22	update_halo_kernel1_r2+update_halo_kernel3_minus_2_b
5672	0.000020869	430528	ops_par_loop_update_halo_kernel1_r1_18	update_halo_kernel1_r1
5673	0.000022803	369120	ops_par_loop_group_24	update_halo_kernel4_plus_4_a+update_halo_kernel2_xvel_minus_4_a+update_halo_kernel2_yvel_plus_4_a
5674	0.000021360	369120	ops_par_loop_group_25	update_halo_kernel4_plus_2_a+update_halo_kernel2_xvel_minus_2_a+update_halo_kernel2_yvel_plus_2_a
5675	0.000020589	246080	ops_par_loop_group_26	update_halo_kernel2_xvel_minus_4_b+update_halo_kernel2_yvel_plus_4_b
5676	0.000021721	369120	ops_par_loop_group_27	update_halo_kernel4_plus_4_b+update_halo_kernel2_xvel_minus_2_b+update_halo_kernel2_yvel_plus_2_b
5677	0.000018135	123040	ops_par_loop_update_halo_kernel4_plus_2_b_34	update_halo_kernel4_plus_2_b
5678	0.000560004	591053440	ops_par_loop_advec_cell_kernel1_ydir_35	advec_cell_kernel1_ydir
5679	0.000788136	708203544	ops_par_loop_advec_cell_kernel3_ydir_36	advec_cell_kernel3_ydir
5680	0.001470092	1533542400	ops_par_loop_advec_cell_kernel4_ydir_37	advec_cell_kernel4_ydir
5681	0.000022082	553536	ops_par_loop_group_32	update_halo_kernel1_b2+update_halo_kernel4_minus_4_a
5682	0.000020869	553536	ops_par_loop_group_33	update_halo_kernel1_b1+update_halo_kernel4_minus_2_a
5683	0.000018004	123008	ops_par_loop_update_halo_kernel4_minus_4_b_64	update_halo_kernel4_minus_4_b
5684	0.000020268	553536	ops_par_loop_group_35	update_halo_kernel1_t2+update_halo_kernel4_minus_2_b
5685	0.000019347	430528	ops_par_loop_update_halo_kernel1_t1_41	update_halo_kernel1_t1
5686	0.000023334	430528	ops_par_loop_update_halo_kernel1_l2_42	update_halo_kernel1_l2
5687	0.000021421	430528	ops_par_loop_update_halo_kernel1_l1_43	update_halo_kernel1_l1
5688	0.000022172	430528	ops_par_loop_update_halo_kernel1_r2_44	update_halo_kernel1_r2
5689	0.000021060	430528	ops_par_loop_update_halo_kernel1_r1_45	update_halo_kernel1_r1
5690	0.000019226	123040	ops_par_loop_update_halo_kernel4_plus_4_a_66	update_halo_kernel4_plus_4_a
5691	0.000017674	123040	ops_par_loop_update_halo_kernel4_plus_2_a_67	update_halo_kernel4_plus_2_a
5692	0.000018735	123040	ops_par_loop_update_halo_kernel4_plus_4_b_68	update_halo_kernel4_plus_4_b
5693	0.000017794	123040	ops_par_loop_update_halo_kernel4_plus_2_b_69	update_halo_kernel4_plus_2_b
5694	0.000561556	591053440	ops_par_loop_advec_mom_kernel_y1_70	advec_mom_kernel_y1
5695	0.000191253	236236864	ops_par_loop_advec_mom_kernel_mass_flux_y_71	advec_mom_kernel_mass_flux_y
5696	0.000531329	590438520	ops_par_loop_advec_mom_kernel_post_pre_advec_y_72	advec_mom_kernel_post_pre_advec_y
5697	0.000876815	472258640	ops_par_loop_advec_mom_kernel1_y_nonvector_73	advec_mom_kernel1_y_nonvector
5698	0.000452540	590131240	ops_par_loop_advec_mom_kernel2_y_74	advec_mom_kernel2_y
5699	0.000562328	591053440	ops_par_loop_advec_mom_kernel_y1_75	advec_mom_kernel_y1
5700	0.000191484	236236864	ops_par_loop_advec_mom_kernel_mass_flux_y_76	advec_mom_kernel_mass_flux_y
5701	0.000531790	590438520	ops_par_loop_advec_mom_kernel_post_pre_advec_y_77	advec_mom_kernel_post_pre_advec_y
5702	0.000873419	472258640	ops_par_loop_advec_mom_kernel1_y_nonvector_78	advec_mom_kernel1_y_nonvector
5703	0.000447199	590131240	ops_par_loop_advec_mom_kernel2_y_79	advec_mom_kernel2_y
5704	0.000489800	472842752	ops_par_loop_advec_cell_kernel2_xdir_80	advec_cell_kernel2_xdir
5705	0.000772988	708203544	ops_par_loop_advec_cell_kernel3_xdir_81	advec_cell_kernel3_xdir
5706	0.001461886	1533542400	ops_par_loop_advec_cell_kernel4_xdir_82	advec_cell_kernel4_xdir
5707	0.000022042	553536	ops_par_loop_group_58	update_halo_kernel1_b2+update_halo_kernel4_minus_4_a
5708	0.000020850	553536	ops_par_loop_group_59	update_halo_kernel1_b1+update_halo_kernel4_minus_2_a
5709	0.000020479	369120	ops_par_loop_group_60	update_halo_kernel2_xvel_plus_4_a+update_halo_kernel2_yvel_minus_4_a+update_halo_kernel3_plus_4_a
5710	0.000021100	369120	ops_par_loop_group_61	update_halo_kernel2_xvel_plus_2_a+update_halo_kernel2_yvel_minus_2_a+update_halo_kernel3_plus_2_a
5711	0.000018966	246080	ops_par_loop_group_62	update_halo_kernel2_xvel_plus_4_b+update_halo_kernel2_yvel_minus_4_b
5712	0.000019537	369120	ops_par_loop_group_63	update_halo_kernel2_xvel_plus_2_b+update_halo_kernel2_yvel_minus_2_b+update_halo_kernel3_plus_4_b
5713	0.000020930	246080	ops_par_loop_group_64	update_halo_kernel2_xvel_minus_4_b+update_halo_kernel2_yvel_plus_4_b
5714	0.000019247	123040	ops_par_loop_update_halo_kernel3_plus_2_b_110	update_halo_kernel3_plus_2_b
5715	0.000019237	123008	ops_par_loop_update_halo_kernel3_minus_4_b_113	update_halo_kernel3_minus_4_b
5716	0.000017824	123008	ops_par_loop_update_halo_kernel4_minus_4_b_117	update_halo_kernel4_minus_4_b
5717	0.000020199	553536	ops_par_loop_group_68	update_halo_kernel1_t2+update_halo_kernel4_minus_2_b
5718	0.000027182	430528	ops_par_loop_update_halo_kernel1_t1_86	update_halo_kernel1_t1
5719	0.000026881	553536	ops_par_loop_group_70	update_halo_kernel1_l2+update_halo_kernel3_minus_4_a
5720	0.000022703	553536	ops_par_loop_group_71	update_halo_kernel1_l1+update_halo_kernel3_minus_2_a
5721	0.000023956	553536	ops_par_loop_group_72	update_halo_kernel1_r2+update_halo_kernel3_minus_2_b
5722	0.000020759	430528	ops_par_loop_update_halo_kernel1_r1_90	update_halo_kernel1_r1
5723	0.000023054	369120	ops_par_loop_group_74	update_halo_kernel2_xvel_minus_4_a+update_halo_kernel2_yvel_plus_4_a+update_halo_kernel4_plus_4_a
5724	0.000021460	369120	ops_par_loop_group_75	update_halo_kernel2_xvel_minus_2_a+update_halo_kernel2_yvel_plus_2_a+update_halo_kernel4_plus_2_a
5725	0.000022082	369120	ops_par_loop_group_76	update_halo_kernel2_xvel_minus_2_b+update_halo_kernel2_yvel_plus_2_b+update_halo_kernel4_plus_4_b
5726	0.000018245	123040	ops_par_loop_update_halo_kernel4_plus_2_b_122	update_halo_kernel4_plus_2_b
5727	0.001778067	1416561152	ops_par_loop_group_78	advec_mom_kernel_x2+reset_field_kernel1+ideal_gas_kernel
5728	0.000196914	236236864	ops_par_loop_advec_mom_kernel_mass_flux_x_124	advec_mom_kernel_mass_flux_x
5729	0.000573339	590438520	ops_par_loop_advec_mom_kernel_post_pre_advec_x_125	advec_mom_kernel_post_pre_advec_x
5730	0.000881865	472258640	ops_par_loop_advec_mom_kernel1_x_nonvector_126	advec_mom_kernel1_x_nonvector
5731	0.000449583	590131240	ops_par_loop_advec_mom_kernel2_x_127	advec_mom_kernel2_x
5732	0.000496142	472842752	ops_par_loop_advec_mom_kernel_x2_128	advec_mom_kernel_x2
5733	0.000193818	236236864	ops_par_loop_advec_mom_kernel_mass_flux_x_129	advec_mom_kernel_mass_flux_x
5734	0.000575403	590438520	ops_par_loop_advec_mom_kernel_post_pre_advec_x_130	advec_mom_kernel_post_pre_advec_x
5735	0.000883147	472258640	ops_par_loop_advec_mom_kernel1_x_nonvector_131	advec_mom_kernel1_x_nonvector
5736	0.000731309	1062236232	ops_par_loop_group_87	advec_mom_kernel2_x+reset_field_kernel2
5737	0.000021541	430304	ops_par_loop_update_halo_kernel1_b1_136	update_halo_kernel1_b1
5738	0.000019687	430304	ops_par_loop_update_halo_kernel1_t1_137	update_halo_kernel1_t1
5739	0.000023965	430304	ops_par_loop_update_halo_kernel1_l1_138	update_halo_kernel1_l1
5740	0.000023164	430304	ops_par_loop_update_halo_kernel1_r1_139	update_halo_kernel1_r1
5741	0.000019126	245952	ops_par_loop_group_92	update_halo_kernel2_xvel_plus_2_a+update_halo_kernel2_yvel_minus_2_a
5742	0.000019237	245952	ops_par_loop_group_93	update_halo_kernel2_xvel_plus_2_b+update_halo_kernel2_yvel_minus_2_b
5743	0.000021310	245952	ops_par_loop_group_94	update_halo_kernel2_xvel_minus_2_a+update_halo_kernel2_yvel_plus_2_a
5744	0.000020358	245952	ops_par_loop_group_95	update_halo_kernel2_xvel_minus_2_b+update_halo_kernel2_yvel_plus_2_b
5745	0.001731839	589885440	ops_par_loop_viscosity_kernel_148	viscosity_kernel
5746	0.000020829	430304	ops_par_loop_update_halo_kernel1_b1_149	update_halo_kernel1_b1
5747	0.000019357	430304	ops_par_loop_update_halo_kernel1_t1_150	update_halo_kernel1_t1
5748	0.000022813	430304	ops_par_loop_update_halo_kernel1_l1_151	update_halo_kernel1_l1
5749	0.000022723	430304	ops_par_loop_update_halo_kernel1_r1_152	update_halo_kernel1_r1
5750	0.000915759	1061744640	ops_par_loop_calc_dt_kernel_153	calc_dt_kernel
5751	0.001495490	1887436800	ops_par_loop_group_0	PdV_kernel_predict+ideal_gas_kernel
5752	0.000022563	430304	ops_par_loop_update_halo_kernel1_b1_2	update_halo_kernel1_b1
5753	0.000018976	430304	ops_par_loop_update_halo_kernel1_t1_3	update_halo_kernel1_t1
5754	0.000023274	430304	ops_par_loop_update_halo_kernel1_l1_4	update_halo_kernel1_l1
5755	0.000023314	430304	ops_par_loop_update_halo_kernel1_r1_5	update_halo_kernel1_r1
5756	0.001557037	1770147928	ops_par_loop_group_5	revert_kernel+accelerate_kernel
5757	0.001358569	1651507200	ops_par_loop_PdV_kernel_nopredict_8	PdV_kernel_nopredict
5758	0.000360545	471982080	ops_par_loop_flux_calc_kernelx_9	flux_calc_kernelx
5759	0.000360855	471982080	ops_par_loop_flux_calc_kernely_10	flux_calc_kernely
5760	0.000021520	553536	ops_par_loop_group_9	update_halo_kernel1_b2+update_halo_kernel4_minus_4_a
5761	0.000020589	553536	ops_par_loop_group_10	update_halo_kernel1_b1+update_halo_kernel4_minus_2_a
5762	0.000020739	369120	ops_par_loop_group_11	update_halo_kernel3_plus_4_a+update_halo_kernel2_xvel_plus_4_a+update_halo_kernel2_yvel_minus_4_a
5763	0.000020879	369120	ops_par_loop_group_12	update_halo_kernel3_plus_2_a+update_halo_kernel2_xvel_plus_2_a+update_halo_kernel2_yvel_minus_2_a
5764	0.000017954	123008	ops_par_loop_update_halo_kernel4_minus_4_b_29	update_halo_kernel4_minus_4_b
5765	0.000020439	553536	ops_par_loop_group_14	update_halo_kernel1_t2+update_halo_kernel4_minus_2_b
5766	0.000019797	430528	ops_par_loop_update_halo_kernel1_t1_14	update_halo_kernel1_t1
5767	0.000019437	246080	ops_par_loop_group_16	update_halo_kernel2_xvel_plus_4_b+update_halo_kernel2_yvel_minus_4_b
5768	0.000019567	369120	ops_par_loop_group_17	update_halo_kernel3_plus_4_b+update_halo_kernel2_xvel_plus_2_b+update_halo_kernel2_yvel_minus_2_b
5769	0.000017884	123040	ops_par_loop_update_halo_kernel3_plus_2_b_22	update_halo_kernel3_plus_2_b
5770	0.000024747	553536	ops_par_loop_group_19	update_halo_kernel1_l2+update_halo_kernel3_minus_4_a
5771	0.000022693	553536	ops_par_loop_group_20	update_halo_kernel1_l1+update_halo_kernel3_minus_2_a
5772	0.000018786	123008	ops_par_loop_update_halo_kernel3_minus_4_b_25	update_halo_kernel3_minus_4_b
5773	0.000023655	553536	ops_par_loop_group_22	update_halo_kernel1_r2+update_halo_kernel3_minus_2_b
5774	0.000020839	430528	ops_par_loop_update_halo_kernel1_r1_18	update_halo_kernel1_r1
5775	0.000023845	369120	ops_par_loop_group_24	update_halo_kernel4_plus_4_a+update_halo_kernel2_xvel_minus_4_a+update_halo_kernel2_yvel_plus_4_a
5776	0.000021852	369120	ops_par_loop_group_25	update_halo_kernel4_plus_2_a+update_halo_kernel2_xvel_minus_2_a+update_halo_kernel2_yvel_plus_2_a
5777	0.000020399	246080	ops_par_loop_group_26	update_halo_kernel2_xvel_minus_4_b+update_halo_kernel2_yvel_plus_4_b
5778	0.000021871	369120	ops_par_loop_group_27	update_halo_kernel4_plus_4_b+update_halo_kernel2_xvel_minus_2_b+update_halo_kernel2_yvel_plus_2_b
5779	0.000018055	123040	ops_par_loop_update_halo_kernel4_plus_2_b_34	update_halo_kernel4_plus_2_b
5780	0.000562669	591053440	ops_par_loop_advec_cell_kernel1_xdir_35	advec_cell_kernel1_xdir
5781	0.000771886	708203544	ops_par_loop_advec_cell_kernel3_xdir_36	advec_cell_kernel3_xdir
5782	0.001497894	1533542400	ops_par_loop_advec_cell_kernel4_xdir_37	advec_cell_kernel4_xdir
5783	0.000020779	430528	ops_par_loop_update_halo_kernel1_b2_38	update_halo_kernel1_b2
5784	0.000019777	430528	ops_par_loop_update_halo_kernel1_b1_39	update_halo_kernel1_b1
5785	0.000019307	430528	ops_par_loop_update_halo_kernel1_t2_40	update_halo_kernel1_t2
5786	0.000020339	430528	ops_par_loop_update_halo_kernel1_t1_41	update_halo_kernel1_t1
5787	0.000019327	123040	ops_par_loop_update_halo_kernel3_plus_4_a_62	update_halo_kernel3_plus_4_a
5788	0.000017563	123040	ops_par_loop_update_halo_kernel3_plus_2_a_63	update_halo_kernel3_plus_2_a
5789	0.000018035	123040	ops_par_loop_update_halo_kernel3_plus_4_b_64	update_halo_kernel3_plus_4_b
5790	0.000018235	123040	ops_par_loop_update_halo_kernel3_plus_2_b_65	update_halo_kernel3_plus_2_b
5791	0.000026150	553536	ops_par_loop_group_40	update_halo_kernel1_l2+update_halo_kernel3_minus_4_a
5792	0.000022893	553536	ops_par_loop_group_41	update_halo_kernel1_l1+update_halo_kernel3_minus_2_a
5793	0.000019086	123008	ops_par_loop_update_halo_kernel3_minus_4_b_68	update_halo_kernel3_minus_4_b
5794	0.000024507	553536	ops_par_loop_group_43	update_halo_kernel1_r2+update_halo_kernel3_minus_2_b
5795	0.000020910	430528	ops_par_loop_update_halo_kernel1_r1_45	update_halo_kernel1_r1
5796	0.000563260	591053440	ops_par_loop_advec_mom_kernel_x1_70	advec_mom_kernel_x1
5797	0.000194099	236236864	ops_par_loop_advec_mom_kernel_mass_flux_x_71	advec_mom_kernel_mass_flux_x
5798	0.000572647	590438520	ops_par_loop_advec_mom_kernel_post_pre_advec_x_72	advec_mom_kernel_post_pre_advec_x
5799	0.000881294	472258640	ops_par_loop_advec_mom_kernel1_x_nonvector_73	advec_mom_kernel1_x_nonvector
5800	0.000445516	590131240	ops_par_loop_advec_mom_kernel2_x_74	advec_mom_kernel2_x
5801	0.000559773	591053440	ops_par_loop_advec_mom_kernel_x1_75	advec_mom_kernel_x1
5802	0.000194149	236236864	ops_par_loop_advec_mom_kernel_mass_flux_x_76	advec_mom_kernel_mass_flux_x
5803	0.000573249	590438520	ops_par_loop_advec_mom_kernel_post_pre_advec_x_77	advec_mom_kernel_post_pre_advec_x
5804	0.000882546	472258640	ops_par_loop_advec_mom_kernel1_x_nonvector_78	advec_mom_kernel1_x_nonvector
5805	0.000451408	590131240	ops_par_loop_advec_mom_kernel2_x_79	advec_mom_kernel2_x
5806	0.000498958	472842752	ops_par_loop_advec_cell_kernel2_ydir_80	advec_cell_kernel2_ydir
5807	0.000788868	708203544	ops_par_loop_advec_cell_kernel3_ydir_81	advec_cell_kernel3_ydir
5808	0.001471073	1533542400	ops_par_loop_advec_cell_kernel4_ydir_82	advec_cell_kernel4_ydir
5809	0.000022763	553536	ops_par_loop_group_58	update_halo_kernel1_b2+update_halo_kernel4_minus_4_a
5810	0.000022082	553536	ops_par_loop_group_59	update_halo_kernel1_b1+update_halo_kernel4_minus_2_a
5811	0.000021891	369120	ops_par_loop_group_60	update_halo_kernel2_xvel_plus_4_a+update_halo_kernel2_yvel_minus_4_a+update_halo_kernel3_plus_4_a
5812	0.000021440	369120	ops_par_loop_group_61	update_halo_kernel2_xvel_plus_2_a+update_halo_kernel2_yvel_minus_2_a+update_halo_kernel3_plus_2_a
5813	0.000019638	246080	ops_par_loop_group_62	update_halo_kernel2_xvel_plus_4_b+update_halo_kernel2_yvel_minus_4_b
5814	0.000021481	369120	ops_par_loop_group_63	update_halo_kernel2_xvel_plus_2_b+update_halo_kernel2_yvel_minus_2_b+update_halo_kernel3_plus_4_b
5815	0.000020930	246080	ops_par_loop_group_64	update_halo_kernel2_xvel_minus_4_b+update_halo_kernel2_yvel_plus_4_b
5816	0.000019637	123040	ops_par_loop_update_halo_kernel3_plus_2_b_110	update_halo_kernel3_plus_2_b
5817	0.000018656	123008	ops_par_loop_update_halo_kernel3_minus_4_b_113	update_halo_kernel3_minus_4_b
5818	0.000016943	123008	ops_par_loop_update_halo_kernel4_minus_4_b_117	update_halo_kernel4_minus_4_b
5819	0.000021301	553536	ops_par_loop_group_68	update_halo_kernel1_t2+update_halo_kernel4_minus_2_b
5820	0.000020409	430528	ops_par_loop_update_halo_kernel1_t1_86	update_halo_kernel1_t1
5821	0.000026511	553536	ops_par_loop_group_70	update_halo_kernel1_l2+update_halo_kernel3_minus_4_a
5822	0.000022643	553536	ops_par_loop_group_71	update_halo_kernel1_l1+update_halo_kernel3_minus_2_a
5823	0.000024316	553536	ops_par_loop_group_72	update_halo_kernel1_r2+update_halo_kernel3_minus_2_b
5824	0.000021210	430528	ops_par_loop_update_halo_kernel1_r1_90	update_halo_kernel1_r1
5825	0.000022453	369120	ops_par_loop_group_74	update_halo_kernel2_xvel_minus_4_a+update_halo_kernel2_yvel_plus_4_a+update_halo_kernel4_plus_4_a
5826	0.000021481	369120	ops_par_loop_group_75	update_halo_kernel2_xvel_minus_2_a+update_halo_kernel2_yvel_plus_2_a+update_halo_kernel4_plus_2_a
5827	0.000022332	369120	ops_par_loop_group_76	update_halo_kernel2_xvel_minus_2_b+update_halo_kernel2_yvel_plus_2_b+update_halo_kernel4_plus_4_b
5828	0.000018986	123040	ops_par_loop_update_halo_kernel4_plus_2_b_122	update_halo_kernel4_plus_2_b
5829	0.001779379	1416561152	ops_par_loop_group_78	advec_mom_kernel_y2+reset_field_kernel1+ideal_gas_kernel
5830	0.000194019	236236864	ops_par_loop_advec_mom_kernel_mass_flux_y_124	advec_mom_kernel_mass_flux_y
5831	0.000532311	590438520	ops_par_loop_advec_mom_kernel_post_pre_advec_y_125	advec_mom_kernel_post_pre_advec_y
5832	0.000876856	472258640	ops_par_loop_advec_mom_kernel1_y_nonvector_126	advec_mom_kernel1_y_nonvector
5833	0.000446147	590131240	ops_par_loop_advec_mom_kernel2_y_127	advec_mom_kernel2_y
5834	0.000490181	472842752	ops_par_loop_advec_mom_kernel_y2_128	advec_mom_kernel_y2
5835	0.000192065	236236864	ops_par_loop_advec_mom_kernel_mass_flux_y_129	advec_mom_kernel_mass_flux_y
5836	0.000531770	590438520	ops_par_loop_advec_mom_kernel_post_pre_advec_y_130	advec_mom_kernel_post_pre_advec_y
5837	0.000872748	472258640	ops_par_loop_advec_mom_kernel1_y_nonvector_131	advec_mom_kernel1_y_nonvector
5838	0.000729244	1062236232	ops_par_loop_group_87	advec_mom_kernel2_y+reset_field_kernel2
5839	0.000021090	430304	ops_par_loop_update_halo_kernel1_b1_136	update_halo_kernel1_b1
5840	0.000020108	430304	ops_par_loop_update_halo_kernel1_t1_137	update_halo_kernel1_t1
5841	0.000023755	430304	ops_par_loop_update_halo_kernel1_l1_138	update_halo_kernel1_l1
5842	0.000023144	430304	ops_par_loop_update_halo_kernel1_r1_139	update_halo_kernel1_r1
5843	0.000018905	245952	ops_par_loop_group_92	update_halo_kernel2_xvel_plus_2_a+update_halo_kernel2_yvel_minus_2_a
5844	0.000018505	245952	ops_par_loop_group_93	update_halo_kernel2_xvel_plus_2_b+update_halo_kernel2_yvel_minus_2_b
5845	0.000020539	245952	ops_par_loop_group_94	update_halo_kernel2_xvel_minus_2_a+update_halo_kernel2_yvel_plus_2_a
5846	0.000020169	245952	ops_par_loop_group_95	update_halo_kernel2_xvel_minus_2_b+update_halo_kernel2_yvel_plus_2_b
5847	0.001731879	589885440	ops_par_loop_viscosity_kernel_148	viscosity_kernel
5848	0.000021191	430304	ops_par_loop_update_halo_kernel1_b1_149	update_halo_kernel1_b1
5849	0.000019287	430304	ops_par_loop_update_halo_kernel1_t1_150	update_halo_kernel1_t1
5850	0.000022372	430304	ops_par_loop_update_halo_kernel1_l1_151	update_halo_kernel1_l1
5851	0.000022953	430304	ops_par_loop_update_halo_kernel1_r1_152	update_halo_kernel1_r1
5852	0.000915929	1061744640	ops_par_loop_calc_dt_kernel_153	calc_dt_kernel
5853	0.001489549	1887436800	ops_par_loop_group_0	PdV_kernel_predict+ideal_gas_kernel
5854	0.000021951	430304	ops_par_loop_update_halo_kernel1_b1_2	update_halo_kernel1_b1
5855	0.000020238	430304	ops_par_loop_update_halo_kernel1_t1_3	update_halo_kernel1_t1
5856	0.000022894	430304	ops_par_loop_update_halo_kernel1_l1_4	update_halo_kernel1_l1
5857	0.000023014	430304	ops_par_loop_update_halo_kernel1_r1_5	update_halo_kernel1_r1
5858	0.001557829	1770147928	ops_par_loop_group_5	revert_kernel+accelerate_kernel
5859	0.001358289	1651507200	ops_par_loop_PdV_kernel_nopredict_8	PdV_kernel_nopredict
5860	0.000361066	471982080	ops_par_loop_flux_calc_kernelx_9	flux_calc_kernelx
5861	0.000358821	471982080	ops_par_loop_flux_calc_kernely_10	flux_calc_kernely
5862	0.000021130	553536	ops_par_loop_group_9	update_halo_kernel1_b2+update_halo_kernel4_minus_4_a
5863	0.000020690	553536	ops_par_loop_group_10	update_halo_kernel1_b1+update_halo_kernel4_minus_2_a
5864	0.000020429	369120	ops_par_loop_group_11	update_halo_kernel3_plus_4_a+update_halo_kernel2_xvel_plus_4_a+update_halo_kernel2_yvel_minus_4_a
5865	0.000019637	369120	ops_par_loop_group_12	update_halo_kernel3_plus_2_a+update_halo_kernel2_xvel_plus_2_a+update_halo_kernel2_yvel_minus_2_a
5866	0.000017594	123008	ops_par_loop_update_halo_kernel4_minus_4_b_29	update_halo_kernel4_minus_4_b
5867	0.000020599	553536	ops_par_loop_group_14	update_halo_kernel1_t2+update_halo_kernel4_minus_2_b
5868	0.000019908	430528	ops_par_loop_update_halo_kernel1_t1_14	update_halo_kernel1_t1
5869	0.000019387	246080	ops_par_loop_group_16	update_halo_kernel2_xvel_plus_4_b+update_halo_kernel2_yvel_minus_4_b
5870	0.000019387	369120	ops_par_loop_group_17	update_halo_kernel3_plus_4_b+update_halo_kernel2_xvel_plus_2_b+update_halo_kernel2_yvel_minus_2_b
5871	0.000018305	123040	ops_par_loop_update_halo_kernel3_plus_2_b_22	update_halo_kernel3_plus_2_b
5872	0.000025779	553536	ops_par_loop_group_19	update_halo_kernel1_l2+update_halo_kernel3_minus_4_a
5873	0.000022122	553536	ops_par_loop_group_20	update_halo_kernel1_l1+update_halo_kernel3_minus_2_a
5874	0.000017754	123008	ops_par_loop_update_halo_kernel3_minus_4_b_25	update_halo_kernel3_minus_4_b
5875	0.000024166	553536	ops_par_loop_group_22	update_halo_kernel1_r2+update_halo_kernel3_minus_2_b
5876	0.000021421	430528	ops_par_loop_update_halo_kernel1_r1_18	update_halo_kernel1_r1
5877	0.000022132	369120	ops_par_loop_group_24	update_halo_kernel4_plus_4_a+update_halo_kernel2_xvel_minus_4_a+update_halo_kernel2_yvel_plus_4_a
5878	0.000020790	369120	ops_par_loop_group_25	update_halo_kernel4_plus_2_a+update_halo_kernel2_xvel_minus_2_a+update_halo_kernel2_yvel_plus_2_a
5879	0.000020189	246080	ops_par_loop_group_26	update_halo_kernel2_xvel_minus_4_b+update_halo_kernel2_yvel_plus_4_b
5880	0.000021721	369120	ops_par_loop_group_27	update_halo_kernel4_plus_4_b+update_halo_kernel2_xvel_minus_2_b+update_halo_kernel2_yvel_plus_2_b
5881	0.000017924	123040	ops_par_loop_update_halo_kernel4_plus_2_b_34	update_halo_kernel4_plus_2_b
5882	0.000643713	591053440	ops_par_loop_advec_cell_kernel1_ydir_35	advec_cell_kernel1_ydir
5883	0.000787025	708203544	ops_par_loop_advec_cell_kernel3_ydir_36	advec_cell_kernel3_ydir
5884	0.001467788	1533542400	ops_par_loop_advec_cell_kernel4_ydir_37	advec_cell_kernel4_ydir
5885	0.000021772	553536	ops_par_loop_group_32	update_halo_kernel1_b2+update_halo_kernel4_minus_4_a
5886	0.000020349	553536	ops_par_loop_group_33	update_halo_kernel1_b1+update_halo_kernel4_minus_2_a
5887	0.000017493	123008	ops_par_loop_update_halo_kernel4_minus_4_b_64	update_halo_kernel4_minus_4_b
5888	0.000019437	553536	ops_par_loop_group_35	update_halo_kernel1_t2+update_halo_kernel4_minus_2_b
5889	0.000019567	430528	ops_par_loop_update_halo_kernel1_t1_41	update_halo_kernel1_t1
5890	0.000022833	430528	ops_par_loop_update_halo_kernel1_l2_42	update_halo_kernel1_l2
5891	0.000020399	430528	ops_par_loop_update_halo_kernel1_l1_43	update_halo_kernel1_l1
5892	0.000022954	430528	ops_par_loop_update_halo_kernel1_r2_44	update_halo_kernel1_r2
5893	0.000020509	430528	ops_par_loop_update_halo_kernel1_r1_45	update_halo_kernel1_r1
5894	0.000018815	123040	ops_par_loop_update_halo_kernel4_plus_4_a_66	update_halo_kernel4_plus_4_a
5895	0.000017633	123040	ops_par_loop_update_halo_kernel4_plus_2_a_67	update_halo_kernel4_plus_2_a
5896	0.000018385	123040	ops_par_loop_update_halo_kernel4_plus_4_b_68	update_halo_kernel4_plus_4_b
5897	0.000018475	123040	ops_par_loop_update_halo_kernel4_plus_2_b_69	update_halo_kernel4_plus_2_b
5898	0.000567899	591053440	ops_par_loop_advec_mom_kernel_y1_70	advec_mom_kernel_y1
5899	0.000190421	236236864	ops_par_loop_advec_mom_kernel_mass_flux_y_71	advec_mom_kernel_mass_flux_y
5900	0.000532922	590438520	ops_par_loop_advec_mom_kernel_post_pre_advec_y_72	advec_mom_kernel_post_pre_advec_y
5901	0.000876975	472258640	ops_par_loop_advec_mom_kernel1_y_nonvector_73	advec_mom_kernel1_y_nonvector
5902	0.000444905	590131240	ops_par_loop_advec_mom_kernel2_y_74	advec_mom_kernel2_y
5903	0.000561627	591053440	ops_par_loop_advec_mom_kernel_y1_75	advec_mom_kernel_y1
5904	0.000191233	236236864	ops_par_loop_advec_mom_kernel_mass_flux_y_76	advec_mom_kernel_mass_flux_y
5905	0.000532100	590438520	ops_par_loop_advec_mom_kernel_post_pre_advec_y_77	advec_mom_kernel_post_pre_advec_y
5906	0.000872277	472258640	ops_par_loop_advec_mom_kernel1_y_nonvector_78	advec_mom_kernel1_y_nonvector
5907	0.000444464	590131240	ops_par_loop_advec_mom_kernel2_y_79	advec_mom_kernel2_y
5908	0.000490322	472842752	ops_par_loop_advec_cell_kernel2_xdir_80	advec_cell_kernel2_xdir
5909	0.000772257	708203544	ops_par_loop_advec_cell_kernel3_xdir_81	advec_cell_kernel3_xdir
5910	0.001460022	1533542400	ops_par_loop_advec_cell_kernel4_xdir_82	advec_cell_kernel4_xdir
5911	0.000021921	553536	ops_par_loop_group_58	update_halo_kernel1_b2+update_halo_kernel4_minus_4_a
5912	0.000021671	553536	ops_par_loop_group_59	update_halo_kernel1_b1+update_halo_kernel4_minus_2_a
5913	0.000020298	369120	ops_par_loop_group_60	update_halo_kernel2_xvel_plus_4_a+update_halo_kernel2_yvel_minus_4_a+update_halo_kernel3_plus_4_a
5914	0.000019928	369120	ops_par_loop_group_61	update_halo_kernel2_xvel_plus_2_a+update_halo_kernel2_yvel_minus_2_a+update_halo_kernel3_plus_2_a
5915	0.000018395	246080	ops_par_loop_group_62	update_halo_kernel2_xvel_plus_4_b+update_halo_kernel2_yvel_minus_4_b
5916	0.000019908	369120	ops_par_loop_group_63	update_halo_kernel2_xvel_plus_2_b+update_halo_kernel2_yvel_minus_2_b+update_halo_kernel3_plus_4_b
5917	0.000020589	246080	ops_par_loop_group_64	update_halo_kernel2_xvel_minus_4_b+update_halo_kernel2_yvel_plus_4_b
5918	0.000018956	123040	ops_par_loop_update_halo_kernel3_plus_2_b_110	update_halo_kernel3_plus_2_b
5919	0.000019868	123008	ops_par_loop_update_halo_kernel3_minus_4_b_113	update_halo_kernel3_minus_4_b
5920	0.000017694	123008	ops_par_loop_update_halo_kernel4_minus_4_b_117	update_halo_kernel4_minus_4_b
5921	0.000019387	553536	ops_par_loop_group_68	update_halo_kernel1_t2+update_halo_kernel4_minus_2_b
5922	0.000019517	430528	ops_par_loop_update_halo_kernel1_t1_86	update_halo_kernel1_t1
5923	0.000025709	553536	ops_par_loop_group_70	update_halo_kernel1_l2+update_halo_kernel3_minus_4_a
5924	0.000022533	553536	ops_par_loop_group_71	update_halo_kernel1_l1+update_halo_kernel3_minus_2_a
5925	0.000023745	553536	ops_par_loop_group_72	update_halo_kernel1_r2+update_halo_kernel3_minus_2_b
5926	0.000020659	430528	ops_par_loop_update_halo_kernel1_r1_90	update_halo_kernel1_r1
5927	0.000022693	369120	ops_par_loop_group_74	update_halo_kernel2_xvel_minus_4_a+update_halo_kernel2_yvel_plus_4_a+update_halo_kernel4_plus_4_a
5928	0.000021450	369120	ops_par_loop_group_75	update_halo_kernel2_xvel_minus_2_a+update_halo_kernel2_yvel_plus_2_a+update_halo_kernel4_plus_2_a
5929	0.000021461	369120	ops_par_loop_group_76	update_halo_kernel2_xvel_minus_2_b+update_halo_kernel2_yvel_plus_2_b+update_halo_kernel4_plus_4_b
5930	0.000017803	123040	ops_par_loop_update_halo_kernel4_plus_2_b_122	update_halo_kernel4_plus_2_b
5931	0.001779239	1416561152	ops_par_loop_group_78	advec_mom_kernel_x2+reset_field_kernel1+ideal_gas_kernel
5932	0.000195802	236236864	ops_par_loop_advec_mom_kernel_mass_flux_x_124	advec_mom_kernel_mass_flux_x
5933	0.000572918	590438520	ops_par_loop_advec_mom_kernel_post_pre_advec_x_125	advec_mom_kernel_post_pre_advec_x
5934	0.000881564	472258640	ops_par_loop_advec_mom_kernel1_x_nonvector_126	advec_mom_kernel1_x_nonvector
5935	0.000445456	590131240	ops_par_loop_advec_mom_kernel2_x_127	advec_mom_kernel2_x
5936	0.000497124	472842752	ops_par_loop_advec_mom_kernel_x2_128	advec_mom_kernel_x2
5937	0.000194510	236236864	ops_par_loop_advec_mom_kernel_mass_flux_x_129	advec_mom_kernel_mass_flux_x
5938	0.000573309	590438520	ops_par_loop_advec_mom_kernel_post_pre_advec_x_130	advec_mom_kernel_post_pre_advec_x
5939	0.000882646	472258640	ops_par_loop_advec_mom_kernel1_x_nonvector_131	advec_mom_kernel1_x_nonvector
5940	0.000731159	1062236232	ops_par_loop_group_87	advec_mom_kernel2_x+reset_field_kernel2
5941	0.000021371	430304	ops_par_loop_update_halo_kernel1_b1_136	update_halo_kernel1_b1
5942	0.000019377	430304	ops_par_loop_update_halo_kernel1_t1_137	update_halo_kernel1_t1
5943	0.000023855	430304	ops_par_loop_update_halo_kernel1_l1_138	update_halo_kernel1_l1
5944	0.000023625	430304	ops_par_loop_update_halo_kernel1_r1_139	update_halo_kernel1_r1
5945	0.000019497	245952	ops_par_loop_group_92	update_halo_kernel2_xvel_plus_2_a+update_halo_kernel2_yvel_minus_2_a
5946	0.000018304	245952	ops_par_loop_group_93	update_halo_kernel2_xvel_plus_2_b+update_halo_kernel2_yvel_minus_2_b
5947	0.000021290	245952	ops_par_loop_group_94	update_halo_kernel2_xvel_minus_2_a+update_halo_kernel2_yvel_plus_2_a
5948	0.000020859	245952	ops_par_loop_group_95	update_halo_kernel2_xvel_minus_2_b+update_halo_kernel2_yvel_plus_2_b
5949	0.001731208	589885440	ops_par_loop_viscosity_kernel_148	viscosity_kernel
5950	0.000020659	430304	ops_par_loop_update_halo_kernel1_b1_149	update_halo_kernel1_b1
5951	0.000019587	430304	ops_par_loop_update_halo_kernel1_t1_150	update_halo_kernel1_t1
5952	0.000023645	430304	ops_par_loop_update_halo_kernel1_l1_151	update_halo_kernel1_l1
5953	0.000022863	430304	ops_par_loop_update_halo_kernel1_r1_152	update_halo_kernel1_r1
5954	0.000915859	1061744640	ops_par_loop_calc_dt_kernel_153	calc_dt_kernel
5955	0.001488326	1887436800	ops_par_loop_group_0	PdV_kernel_predict+ideal_gas_kernel
5956	0.000022012	430304	ops_par_loop_update_halo_kernel1_b1_2	update_halo_kernel1_b1
5957	0.000019107	430304	ops_par_loop_update_halo_kernel1_t1_3	update_halo_kernel1_t1
5958	0.000023374	430304	ops_par_loop_update_halo_kernel1_l1_4	update_halo_kernel1_l1
5959	0.000023705	430304	ops_par_loop_update_halo_kernel1_r1_5	update_halo_kernel1_r1
5960	0.001557838	1770147928	ops_par_loop_group_5	revert_kernel+accelerate_kernel
5961	0.001353580	1651507200	ops_par_loop_PdV_kernel_nopredict_8	PdV_kernel_nopredict
5962	0.000359833	471982080	ops_par_loop_flux_calc_kernelx_9	flux_calc_kernelx
5963	0.000357679	471982080	ops_par_loop_flux_calc_kernely_10	flux_calc_kernely
5964	0.000023174	553536	ops_par_loop_group_9	update_halo_kernel1_b2+update_halo_kernel4_minus_4_a
5965	0.000020679	553536	ops_par_loop_group_10	update_halo_kernel1_b1+update_halo_kernel4_minus_2_a
5966	0.000021050	369120	ops_par_loop_group_11	update_halo_kernel3_plus_4_a+update_halo_kernel2_xvel_plus_4_a+update_halo_kernel2_yvel_minus_4_a
5967	0.000021130	369120	ops_par_loop_group_12	update_halo_kernel3_plus_2_a+update_halo_kernel2_xvel_plus_2_a+update_halo_kernel2_yvel_minus_2_a
5968	0.000018284	123008	ops_par_loop_update_halo_kernel4_minus_4_b_29	update_halo_kernel4_minus_4_b
5969	0.000020799	553536	ops_par_loop_group_14	update_halo_kernel1_t2+update_halo_kernel4_minus_2_b
5970	0.000019637	430528	ops_par_loop_update_halo_kernel1_t1_14	update_halo_kernel1_t1
5971	0.000019487	246080	ops_par_loop_group_16	update_halo_kernel2_xvel_plus_4_b+update_halo_kernel2_yvel_minus_4_b
5972	0.000020309	369120	ops_par_loop_group_17	update_halo_kernel3_plus_4_b+update_halo_kernel2_xvel_plus_2_b+update_halo_kernel2_yvel_minus_2_b
5973	0.000018565	123040	ops_par_loop_update_halo_kernel3_plus_2_b_22	update_halo_kernel3_plus_2_b
5974	0.000025468	553536	ops_par_loop_group_19	update_halo_kernel1_l2+update_halo_kernel3_minus_4_a
5975	0.000022502	553536	ops_par_loop_group_20	update_halo_kernel1_l1+update_halo_kernel3_minus_2_a
5976	0.000019256	123008	ops_par_loop_update_halo_kernel3_minus_4_b_25	update_halo_kernel3_minus_4_b
5977	0.000023936	553536	ops_par_loop_group_22	update_halo_kernel1_r2+update_halo_kernel3_minus_2_b
5978	0.000021421	430528	ops_par_loop_update_halo_kernel1_r1_18	update_halo_kernel1_r1
5979	0.000023284	369120	ops_par_loop_group_24	update_halo_kernel4_plus_4_a+update_halo_kernel2_xvel_minus_4_a+update_halo_kernel2_yvel_plus_4_a
5980	0.000021952	369120	ops_par_loop_group_25	update_halo_kernel4_plus_2_a+update_halo_kernel2_xvel_minus_2_a+update_halo_kernel2_yvel_plus_2_a
5981	0.000019988	246080	ops_par_loop_group_26	update_halo_kernel2_xvel_minus_4_b+update_halo_kernel2_yvel_plus_4_b
5982	0.000021632	369120	ops_par_loop_group_27	update_halo_kernel4_plus_4_b+update_halo_kernel2_xvel_minus_2_b+update_halo_kernel2_yvel_plus_2_b
5983	0.000018726	123040	ops_par_loop_update_halo_kernel4_plus_2_b_34	update_halo_kernel4_plus_2_b
5984	0.000561877	591053440	ops_par_loop_advec_cell_kernel1_xdir_35	advec_cell_kernel1_xdir
5985	0.000772277	708203544	ops_par_loop_advec_cell_kernel3_xdir_36	advec_cell_kernel3_xdir
5986	0.001459452	1533542400	ops_par_loop_advec_cell_kernel4_xdir_37	advec_cell_kernel4_xdir
5987	0.000021030	430528	ops_par_loop_update_halo_kernel1_b2_38	update_halo_kernel1_b2
5988	0.000019998	430528	ops_par_loop_update_halo_kernel1_b1_39	update_halo_kernel1_b1
5989	0.000020088	430528	ops_par_loop_update_halo_kernel1_t2_40	update_halo_kernel1_t2
5990	0.000020068	430528	ops_par_loop_update_halo_kernel1_t1_41	update_halo_kernel1_t1
5991	0.000018255	123040	ops_par_loop_update_halo_kernel3_plus_4_a_62	update_halo_kernel3_plus_4_a
5992	0.000018405	123040	ops_par_loop_update_halo_kernel3_plus_2_a_63	update_halo_kernel3_plus_2_a
5993	0.000018085	123040	ops_par_loop_update_halo_kernel3_plus_4_b_64	update_halo_kernel3_plus_4_b
5994	0.000018084	123040	ops_par_loop_update_halo_kernel3_plus_2_b_65	update_halo_kernel3_plus_2_b
5995	0.000026600	553536	ops_par_loop_group_40	update_halo_kernel1_l2+update_halo_kernel3_minus_4_a
5996	0.000023154	553536	ops_par_loop_group_41	update_halo_kernel1_l1+update_halo_kernel3_minus_2_a
5997	0.000018646	123008	ops_par_loop_update_halo_kernel3_minus_4_b_68	update_halo_kernel3_minus_4_b
5998	0.000024547	553536	ops_par_loop_group_43	update_halo_kernel1_r2+update_halo_kernel3_minus_2_b
5999	0.000021190	430528	ops_par_loop_update_halo_kernel1_r1_45	update_halo_kernel1_r1
6000	0.000560715	591053440	ops_par_loop_advec_mom_kernel_x1_70	advec_mom_kernel_x1
6001	0.000193678	236236864	ops_par_loop_advec_mom_kernel_mass_flux_x_71	advec_mom_kernel_mass_flux_x
6002	0.000572778	590438520	ops_par_loop_advec_mom_kernel_post_pre_advec_x_72	advec_mom_kernel_post_pre_advec_x
6003	0.000881444	472258640	ops_par_loop_advec_mom_kernel1_x_nonvector_73	advec_mom_kernel1_x_nonvector
6004	0.000447159	590131240	ops_par_loop_advec_mom_kernel2_x_74	advec_mom_kernel2_x
6005	0.000562088	591053440	ops_par_loop_advec_mom_kernel_x1_75	advec_mom_kernel_x1
6006	0.000194339	236236864	ops_par_loop_advec_mom_kernel_mass_flux_x_76	advec_mom_kernel_mass_flux_x
6007	0.000573780	590438520	ops_par_loop_advec_mom_kernel_post_pre_advec_x_77	advec_mom_kernel_post_pre_advec_x
6008	0.000883138	472258640	ops_par_loop_advec_mom_kernel1_x_nonvector_78	advec_mom_kernel1_x_nonvector
6009	0.000447810	590131240	ops_par_loop_advec_mom_kernel2_x_79	advec_mom_kernel2_x
6010	0.000498216	472842752	ops_par_loop_advec_cell_kernel2_ydir_80	advec_cell_kernel2_ydir
6011	0.000787977	708203544	ops_par_loop_advec_cell_kernel3_ydir_81	advec_cell_kernel3_ydir
6012	0.001474250	1533542400	ops_par_loop_advec_cell_kernel4_ydir_82	advec_cell_kernel4_ydir
6013	0.000022673	553536	ops_par_loop_group_58	update_halo_kernel1_b2+update_halo_kernel4_minus_4_a
6014	0.000022523	553536	ops_par_loop_group_59	update_halo_kernel1_b1+update_halo_kernel4_minus_2_a
6015	0.000021551	369120	ops_par_loop_group_60	update_halo_kernel2_xvel_plus_4_a+update_halo_kernel2_yvel_minus_4_a+update_halo_kernel3_plus_4_a
6016	0.000022202	369120	ops_par_loop_group_61	update_halo_kernel2_xvel_plus_2_a+update_halo_kernel2_yvel_minus_2_a+update_halo_kernel3_plus_2_a
6017	0.000019628	246080	ops_par_loop_group_62	update_halo_kernel2_xvel_plus_4_b+update_halo_kernel2_yvel_minus_4_b
6018	0.000021281	369120	ops_par_loop_group_63	update_halo_kernel2_xvel_plus_2_b+update_halo_kernel2_yvel_minus_2_b+update_halo_kernel3_plus_4_b
6019	0.000021360	246080	ops_par_loop_group_64	update_halo_kernel2_xvel_minus_4_b+update_halo_kernel2_yvel_plus_4_b
6020	0.000018986	123040	ops_par_loop_update_halo_kernel3_plus_2_b_110	update_halo_kernel3_plus_2_b
6021	0.000019247	123008	ops_par_loop_update_halo_kernel3_minus_4_b_113	update_halo_kernel3_minus_4_b
6022	0.000018174	123008	ops_par_loop_update_halo_kernel4_minus_4_b_117	update_halo_kernel4_minus_4_b
6023	0.000020579	553536	ops_par_loop_group_68	update_halo_kernel1_t2+update_halo_kernel4_minus_2_b
6024	0.000019988	430528	ops_par_loop_update_halo_kernel1_t1_86	update_halo_kernel1_t1
6025	0.000026932	553536	ops_par_loop_group_70	update_halo_kernel1_l2+update_halo_kernel3_minus_4_a
6026	0.000023254	553536	ops_par_loop_group_71	update_halo_kernel1_l1+update_halo_kernel3_minus_2_a
6027	0.000024437	553536	ops_par_loop_group_72	update_halo_kernel1_r2+update_halo_kernel3_minus_2_b
6028	0.000021070	430528	ops_par_loop_update_halo_kernel1_r1_90	update_halo_kernel1_r1
6029	0.000023485	369120	ops_par_loop_group_74	update_halo_kernel2_xvel_minus_4_a+update_halo_kernel2_yvel_plus_4_a+update_halo_kernel4_plus_4_a
6030	0.000021070	369120	ops_par_loop_group_75	update_halo_kernel2_xvel_minus_2_a+update_halo_kernel2_yvel_plus_2_a+update_halo_kernel4_plus_2_a
6031	0.000022232	369120	ops_par_loop_group_76	update_halo_kernel2_xvel_minus_2_b+update_halo_kernel2_yvel_plus_2_b+update_halo_kernel4_plus_4_b
6032	0.000018425	123040	ops_par_loop_update_halo_kernel4_plus_2_b_122	update_halo_kernel4_plus_2_b
6033	0.001780601	1416561152	ops_par_loop_group_78	advec_mom_kernel_y2+reset_field_kernel1+ideal_gas_kernel
6034	0.000194419	236236864	ops_par_loop_advec_mom_kernel_mass_flux_y_124	advec_mom_kernel_mass_flux_y
6035	0.000535447	590438520	ops_par_loop_advec_mom_kernel_post_pre_advec_y_125	advec_mom_kernel_post_pre_advec_y
6036	0.000876835	472258640	ops_par_loop_advec_mom_kernel1_y_nonvector_126	advec_mom_kernel1_y_nonvector
6037	0.000452039	590131240	ops_par_loop_advec_mom_kernel2_y_127	advec_mom_kernel2_y
6038	0.000489700	472842752	ops_par_loop_advec_mom_kernel_y2_128	advec_mom_kernel_y2
6039	0.000192135	236236864	ops_par_loop_advec_mom_kernel_mass_flux_y_129	advec_mom_kernel_mass_flux_y
6040	0.000532321	590438520	ops_par_loop_advec_mom_kernel_post_pre_advec_y_130	advec_mom_kernel_post_pre_advec_y
6041	0.000873388	472258640	ops_par_loop_advec_mom_kernel1_y_nonvector_131	advec_mom_kernel1_y_nonvector
6042	0.000737591	1062236232	ops_par_loop_group_87	advec_mom_kernel2_y+reset_field_kernel2
6043	0.000020969	430304	ops_par_loop_update_halo_kernel1_b1_136	update_halo_kernel1_b1
6044	0.000020068	430304	ops_par_loop_update_halo_kernel1_t1_137	update_halo_kernel1_t1
6045	0.000023805	430304	ops_par_loop_update_halo_kernel1_l1_138	update_halo_kernel1_l1
6046	0.000023795	430304	ops_par_loop_update_halo_kernel1_r1_139	update_halo_kernel1_r1
6047	0.000019877	245952	ops_par_loop_group_92	update_halo_kernel2_xvel_plus_2_a+update_halo_kernel2_yvel_minus_2_a
6048	0.000019076	245952	ops_par_loop_group_93	update_halo_kernel2_xvel_plus_2_b+update_halo_kernel2_yvel_minus_2_b
6049	0.000020890	245952	ops_par_loop_group_94	update_halo_kernel2_xvel_minus_2_a+update_halo_kernel2_yvel_plus_2_a
6050	0.000021480	245952	ops_par_loop_group_95	update_halo_kernel2_xvel_minus_2_b+update_halo_kernel2_yvel_plus_2_b
6051	0.001732339	589885440	ops_par_loop_viscosity_kernel_148	viscosity_kernel
6052	0.000021530	430304	ops_par_loop_update_halo_kernel1_b1_149	update_halo_kernel1_b1
6053	0.000020048	430304	ops_par_loop_update_halo_kernel1_t1_150	update_halo_kernel1_t1
6054	0.000023965	430304	ops_par_loop_update_halo_kernel1_l1_151	update_halo_kernel1_l1
6055	0.000023335	430304	ops_par_loop_update_halo_kernel1_r1_152	update_halo_kernel1_r1
6056	0.000916050	1061744640	ops_par_loop_calc_dt_kernel_153	calc_dt_kernel
6057	0.001484058	1887436800	ops_par_loop_group_0	PdV_kernel_predict+ideal_gas_kernel
6058	0.000023946	430304	ops_par_loop_update_halo_kernel1_b1_2	update_halo_kernel1_b1
6059	0.000020158	430304	ops_par_loop_update_halo_kernel1_t1_3	update_halo_kernel1_t1
6060	0.000024085	430304	ops_par_loop_update_halo_kernel1_l1_4	update_halo_kernel1_l1
6061	0.000023835	430304	ops_par_loop_update_halo_kernel1_r1_5	update_halo_kernel1_r1
6062	0.001561085	1770147928	ops_par_loop_group_5	revert_kernel+accelerate_kernel
6063	0.001357658	1651507200	ops_par_loop_PdV_kernel_nopredict_8	PdV_kernel_nopredict
6064	0.000369010	471982080	ops_par_loop_flux_calc_kernelx_9	flux_calc_kernelx
6065	0.000357700	471982080	ops_par_loop_flux_calc_kernely_10	flux_calc_kernely
6066	0.000022163	553536	ops_par_loop_group_9	update_halo_kernel1_b2+update_halo_kernel4_minus_4_a
6067	0.000021711	553536	ops_par_loop_group_10	update_halo_kernel1_b1+update_halo_kernel4_minus_2_a
6068	0.000020859	369120	ops_par_loop_group_11	update_halo_kernel3_plus_4_a+update_halo_kernel2_xvel_plus_4_a+update_halo_kernel2_yvel_minus_4_a
6069	0.000020169	369120	ops_par_loop_group_12	update_halo_kernel3_plus_2_a+update_halo_kernel2_xvel_plus_2_a+update_halo_kernel2_yvel_minus_2_a
6070	0.000019216	123008	ops_par_loop_update_halo_kernel4_minus_4_b_29	update_halo_kernel4_minus_4_b
6071	0.000021141	553536	ops_par_loop_group_14	update_halo_kernel1_t2+update_halo_kernel4_minus_2_b
6072	0.000019798	430528	ops_par_loop_update_halo_kernel1_t1_14	update_halo_kernel1_t1
6073	0.000018916	246080	ops_par_loop_group_16	update_halo_kernel2_xvel_plus_4_b+update_halo_kernel2_yvel_minus_4_b
6074	0.000020549	369120	ops_par_loop_group_17	update_halo_kernel3_plus_4_b+update_halo_kernel2_xvel_plus_2_b+update_halo_kernel2_yvel_minus_2_b
6075	0.000020399	123040	ops_par_loop_update_halo_kernel3_plus_2_b_22	update_halo_kernel3_plus_2_b
6076	0.000026189	553536	ops_par_loop_group_19	update_halo_kernel1_l2+update_halo_kernel3_minus_4_a
6077	0.000022914	553536	ops_par_loop_group_20	update_halo_kernel1_l1+update_halo_kernel3_minus_2_a
6078	0.000018836	123008	ops_par_loop_update_halo_kernel3_minus_4_b_25	update_halo_kernel3_minus_4_b
6079	0.000024827	553536	ops_par_loop_group_22	update_halo_kernel1_r2+update_halo_kernel3_minus_2_b
6080	0.000021621	430528	ops_par_loop_update_halo_kernel1_r1_18	update_halo_kernel1_r1
6081	0.000023294	369120	ops_par_loop_group_24	update_halo_kernel4_plus_4_a+update_halo_kernel2_xvel_minus_4_a+update_halo_kernel2_yvel_plus_4_a
6082	0.000021100	369120	ops_par_loop_group_25	update_halo_kernel4_plus_2_a+update_halo_kernel2_xvel_minus_2_a+update_halo_kernel2_yvel_plus_2_a
6083	0.000021441	246080	ops_par_loop_group_26	update_halo_kernel2_xvel_minus_4_b+update_halo_kernel2_yvel_plus_4_b
6084	0.000022503	369120	ops_par_loop_group_27	update_halo_kernel4_plus_4_b+update_halo_kernel2_xvel_minus_2_b+update_halo_kernel2_yvel_plus_2_b
6085	0.000018375	123040	ops_par_loop_update_halo_kernel4_plus_2_b_34	update_halo_kernel4_plus_2_b
6086	0.000563830	591053440	ops_par_loop_advec_cell_kernel1_ydir_35	advec_cell_kernel1_ydir
6087	0.000787736	708203544	ops_par_loop_advec_cell_kernel3_ydir_36	advec_cell_kernel3_ydir
6088	0.001471294	1533542400	ops_par_loop_advec_cell_kernel4_ydir_37	advec_cell_kernel4_ydir
6089	0.000022272	553536	ops_par_loop_group_32	update_halo_kernel1_b2+update_halo_kernel4_minus_4_a
6090	0.000021191	553536	ops_par_loop_group_33	update_halo_kernel1_b1+update_halo_kernel4_minus_2_a
6091	0.000018275	123008	ops_par_loop_update_halo_kernel4_minus_4_b_64	update_halo_kernel4_minus_4_b
6092	0.000021521	553536	ops_par_loop_group_35	update_halo_kernel1_t2+update_halo_kernel4_minus_2_b
6093	0.000021000	430528	ops_par_loop_update_halo_kernel1_t1_41	update_halo_kernel1_t1
6094	0.000024987	430528	ops_par_loop_update_halo_kernel1_l2_42	update_halo_kernel1_l2
6095	0.000022212	430528	ops_par_loop_update_halo_kernel1_l1_43	update_halo_kernel1_l1
6096	0.000023444	430528	ops_par_loop_update_halo_kernel1_r2_44	update_halo_kernel1_r2
6097	0.000024176	430528	ops_par_loop_update_halo_kernel1_r1_45	update_halo_kernel1_r1
6098	0.000019677	123040	ops_par_loop_update_halo_kernel4_plus_4_a_66	update_halo_kernel4_plus_4_a
6099	0.000019187	123040	ops_par_loop_update_halo_kernel4_plus_2_a_67	update_halo_kernel4_plus_2_a
6100	0.000018866	123040	ops_par_loop_update_halo_kernel4_plus_4_b_68	update_halo_kernel4_plus_4_b
6101	0.000021771	123040	ops_par_loop_update_halo_kernel4_plus_2_b_69	update_halo_kernel4_plus_2_b
6102	0.000562107	591053440	ops_par_loop_advec_mom_kernel_y1_70	advec_mom_kernel_y1
6103	0.000192125	236236864	ops_par_loop_advec_mom_kernel_mass_flux_y_71	advec_mom_kernel_mass_flux_y
6104	0.000534444	590438520	ops_par_loop_advec_mom_kernel_post_pre_advec_y_72	advec_mom_kernel_post_pre_advec_y
6105	0.000877667	472258640	ops_par_loop_advec_mom_kernel1_y_nonvector_73	advec_mom_kernel1_y_nonvector
6106	0.000446999	590131240	ops_par_loop_advec_mom_kernel2_y_74	advec_mom_kernel2_y
6107	0.000561767	591053440	ops_par_loop_advec_mom_kernel_y1_75	advec_mom_kernel_y1
6108	0.000191604	236236864	ops_par_loop_advec_mom_kernel_mass_flux_y_76	advec_mom_kernel_mass_flux_y
6109	0.000532682	590438520	ops_par_loop_advec_mom_kernel_post_pre_advec_y_77	advec_mom_kernel_post_pre_advec_y
6110	0.000873589	472258640	ops_par_loop_advec_mom_kernel1_y_nonvector_78	advec_mom_kernel1_y_nonvector
6111	0.000450215	590131240	ops_par_loop_advec_mom_kernel2_y_79	advec_mom_kernel2_y
6112	0.000490481	472842752	ops_par_loop_advec_cell_kernel2_xdir_80	advec_cell_kernel2_xdir
6113	0.000773349	708203544	ops_par_loop_advec_cell_kernel3_xdir_81	advec_cell_kernel3_xdir
6114	0.001464080	1533542400	ops_par_loop_advec_cell_kernel4_xdir_82	advec_cell_kernel4_xdir
6115	0.000022253	553536	ops_par_loop_group_58	update_halo_kernel1_b2+update_halo_kernel4_minus_4_a
6116	0.000022012	553536	ops_par_loop_group_59	update_halo_kernel1_b1+update_halo_kernel4_minus_2_a
6117	0.000021280	369120	ops_par_loop_group_60	update_halo_kernel2_xvel_plus_4_a+update_halo_kernel2_yvel_minus_4_a+update_halo_kernel3_plus_4_a
6118	0.000020700	369120	ops_par_loop_group_61	update_halo_kernel2_xvel_plus_2_a+update_halo_kernel2_yvel_minus_2_a+update_halo_kernel3_plus_2_a
6119	0.000019297	246080	ops_par_loop_group_62	update_halo_kernel2_xvel_plus_4_b+update_halo_kernel2_yvel_minus_4_b
6120	0.000020679	369120	ops_par_loop_group_63	update_halo_kernel2_xvel_plus_2_b+update_halo_kernel2_yvel_minus_2_b+update_halo_kernel3_plus_4_b
6121	0.000022132	246080	ops_par_loop_group_64	update_halo_kernel2_xvel_minus_4_b+update_halo_kernel2_yvel_plus_4_b
6122	0.000018825	123040	ops_par_loop_update_halo_kernel3_plus_2_b_110	update_halo_kernel3_plus_2_b
6123	0.000018745	123008	ops_par_loop_update_halo_kernel3_minus_4_b_113	update_halo_kernel3_minus_4_b
6124	0.000017804	123008	ops_par_loop_update_halo_kernel4_minus_4_b_117	update_halo_kernel4_minus_4_b
6125	0.000025618	553536	ops_par_loop_group_68	update_halo_kernel1_t2+update_halo_kernel4_minus_2_b
6126	0.000021231	430528	ops_par_loop_update_halo_kernel1_t1_86	update_halo_kernel1_t1
6127	0.000026440	553536	ops_par_loop_group_70	update_halo_kernel1_l2+update_halo_kernel3_minus_4_a
6128	0.000022923	553536	ops_par_loop_group_71	update_halo_kernel1_l1+update_halo_kernel3_minus_2_a
6129	0.000026280	553536	ops_par_loop_group_72	update_halo_kernel1_r2+update_halo_kernel3_minus_2_b
6130	0.000023014	430528	ops_par_loop_update_halo_kernel1_r1_90	update_halo_kernel1_r1
6131	0.000025118	369120	ops_par_loop_group_74	update_halo_kernel2_xvel_minus_4_a+update_halo_kernel2_yvel_plus_4_a+update_halo_kernel4_plus_4_a
6132	0.000022392	369120	ops_par_loop_group_75	update_halo_kernel2_xvel_minus_2_a+update_halo_kernel2_yvel_plus_2_a+update_halo_kernel4_plus_2_a
6133	0.000023033	369120	ops_par_loop_group_76	update_halo_kernel2_xvel_minus_2_b+update_halo_kernel2_yvel_plus_2_b+update_halo_kernel4_plus_4_b
6134	0.000019377	123040	ops_par_loop_update_halo_kernel4_plus_2_b_122	update_halo_kernel4_plus_2_b
6135	0.001781153	1416561152	ops_par_loop_group_78	advec_mom_kernel_x2+reset_field_kernel1+ideal_gas_kernel
6136	0.000196252	236236864	ops_par_loop_advec_mom_kernel_mass_flux_x_124	advec_mom_kernel_mass_flux_x
6137	0.000576876	590438520	ops_par_loop_advec_mom_kernel_post_pre_advec_x_125	advec_mom_kernel_post_pre_advec_x
6138	0.000882195	472258640	ops_par_loop_advec_mom_kernel1_x_nonvector_126	advec_mom_kernel1_x_nonvector
6139	0.000452970	590131240	ops_par_loop_advec_mom_kernel2_x_127	advec_mom_kernel2_x
6140	0.000498577	472842752	ops_par_loop_advec_mom_kernel_x2_128	advec_mom_kernel_x2
6141	0.000194319	236236864	ops_par_loop_advec_mom_kernel_mass_flux_x_129	advec_mom_kernel_mass_flux_x
6142	0.000576465	590438520	ops_par_loop_advec_mom_kernel_post_pre_advec_x_130	advec_mom_kernel_post_pre_advec_x
6143	0.000883718	472258640	ops_par_loop_advec_mom_kernel1_x_nonvector_131	advec_mom_kernel1_x_nonvector
6144	0.000735046	1062236232	ops_par_loop_group_87	advec_mom_kernel2_x+reset_field_kernel2
6145	0.000488578	471859200	ops_par_loop_ideal_gas_kernel_0	ideal_gas_kernel
6146	0.000022563	430304	ops_par_loop_update_halo_kernel1_b1_1	update_halo_kernel1_b1
6147	0.000021040	430304	ops_par_loop_update_halo_kernel1_t1_2	update_halo_kernel1_t1
6148	0.000023274	430304	ops_par_loop_update_halo_kernel1_l1_3	update_halo_kernel1_l1
6149	0.000023495	430304	ops_par_loop_update_halo_kernel1_r1_4	update_halo_kernel1_r1
6150	0.000019406	245952	ops_par_loop_group_5	update_halo_kernel2_xvel_plus_2_a+update_halo_kernel2_yvel_minus_2_a
6151	0.000019257	245952	ops_par_loop_group_6	update_halo_kernel2_xvel_plus_2_b+update_halo_kernel2_yvel_minus_2_b
6152	0.000020569	245952	ops_par_loop_group_7	update_halo_kernel2_xvel_minus_2_a+update_halo_kernel2_yvel_plus_2_a
6153	0.000021591	245952	ops_par_loop_group_8	update_halo_kernel2_xvel_minus_2_b+update_halo_kernel2_yvel_plus_2_b
6154	0.001731869	589885440	ops_par_loop_viscosity_kernel_13	viscosity_kernel
6155	0.000021331	430304	ops_par_loop_update_halo_kernel1_b1_14	update_halo_kernel1_b1
6156	0.000019127	430304	ops_par_loop_update_halo_kernel1_t1_15	update_halo_kernel1_t1
6157	0.000022914	430304	ops_par_loop_update_halo_kernel1_l1_16	update_halo_kernel1_l1
6158	0.000023154	430304	ops_par_loop_update_halo_kernel1_r1_17	update_halo_kernel1_r1
6159	0.000916581	1061744640	ops_par_loop_calc_dt_kernel_18	calc_dt_kernel
6160	0.001487515	1887436800	ops_par_loop_group_0	PdV_kernel_predict+ideal_gas_kernel
6161	0.000022412	430304	ops_par_loop_update_halo_kernel1_b1_2	update_halo_kernel1_b1
6162	0.000019417	430304	ops_par_loop_update_halo_kernel1_t1_3	update_halo_kernel1_t1
6163	0.000023525	430304	ops_par_loop_update_halo_kernel1_l1_4	update_halo_kernel1_l1
6164	0.000023585	430304	ops_par_loop_update_halo_kernel1_r1_5	update_halo_kernel1_r1
6165	0.001555223	1770147928	ops_par_loop_group_5	revert_kernel+accelerate_kernel
6166	0.001355995	1651507200	ops_par_loop_PdV_kernel_nopredict_8	PdV_kernel_nopredict
6167	0.000360164	471982080	ops_par_loop_flux_calc_kernelx_9	flux_calc_kernelx
6168	0.000357759	471982080	ops_par_loop_flux_calc_kernely_10	flux_calc_kernely
6169	0.000022021	553536	ops_par_loop_group_9	update_halo_kernel1_b2+update_halo_kernel4_minus_4_a
6170	0.000026199	553536	ops_par_loop_group_10	update_halo_kernel1_b1+update_halo_kernel4_minus_2_a
6171	0.000021280	369120	ops_par_loop_group_11	update_halo_kernel3_plus_4_a+update_halo_kernel2_xvel_plus_4_a+update_halo_kernel2_yvel_minus_4_a
6172	0.000020819	369120	ops_par_loop_group_12	update_halo_kernel3_plus_2_a+update_halo_kernel2_xvel_plus_2_a+update_halo_kernel2_yvel_minus_2_a
6173	0.000019637	123008	ops_par_loop_update_halo_kernel4_minus_4_b_29	update_halo_kernel4_minus_4_b
6174	0.000021010	553536	ops_par_loop_group_14	update_halo_kernel1_t2+update_halo_kernel4_minus_2_b
6175	0.000019658	430528	ops_par_loop_update_halo_kernel1_t1_14	update_halo_kernel1_t1
6176	0.000018936	246080	ops_par_loop_group_16	update_halo_kernel2_xvel_plus_4_b+update_halo_kernel2_yvel_minus_4_b
6177	0.000019607	369120	ops_par_loop_group_17	update_halo_kernel3_plus_4_b+update_halo_kernel2_xvel_plus_2_b+update_halo_kernel2_yvel_minus_2_b
6178	0.000017944	123040	ops_par_loop_update_halo_kernel3_plus_2_b_22	update_halo_kernel3_plus_2_b
6179	0.000025288	553536	ops_par_loop_group_19	update_halo_kernel1_l2+update_halo_kernel3_minus_4_a
6180	0.000022192	553536	ops_par_loop_group_20	update_halo_kernel1_l1+update_halo_kernel3_minus_2_a
6181	0.000019587	123008	ops_par_loop_update_halo_kernel3_minus_4_b_25	update_halo_kernel3_minus_4_b
6182	0.000024076	553536	ops_par_loop_group_22	update_halo_kernel1_r2+update_halo_kernel3_minus_2_b
6183	0.000021140	430528	ops_par_loop_update_halo_kernel1_r1_18	update_halo_kernel1_r1
6184	0.000022984	369120	ops_par_loop_group_24	update_halo_kernel4_plus_4_a+update_halo_kernel2_xvel_minus_4_a+update_halo_kernel2_yvel_plus_4_a
6185	0.000021481	369120	ops_par_loop_group_25	update_halo_kernel4_plus_2_a+update_halo_kernel2_xvel_minus_2_a+update_halo_kernel2_yvel_plus_2_a
6186	0.000020209	246080	ops_par_loop_group_26	update_halo_kernel2_xvel_minus_4_b+update_halo_kernel2_yvel_plus_4_b
6187	0.000022122	369120	ops_par_loop_group_27	update_halo_kernel4_plus_4_b+update_halo_kernel2_xvel_minus_2_b+update_halo_kernel2_yvel_plus_2_b
6188	0.000018315	123040	ops_par_loop_update_halo_kernel4_plus_2_b_34	update_halo_kernel4_plus_2_b
6189	0.000564412	591053440	ops_par_loop_advec_cell_kernel1_xdir_35	advec_cell_kernel1_xdir
6190	0.000772577	708203544	ops_par_loop_advec_cell_kernel3_xdir_36	advec_cell_kernel3_xdir
6191	0.001457668	1533542400	ops_par_loop_advec_cell_kernel4_xdir_37	advec_cell_kernel4_xdir
6192	0.000021902	430528	ops_par_loop_update_halo_kernel1_b2_38	update_halo_kernel1_b2
6193	0.000020028	430528	ops_par_loop_update_halo_kernel1_b1_39	update_halo_kernel1_b1
6194	0.000020029	430528	ops_par_loop_update_halo_kernel1_t2_40	update_halo_kernel1_t2
6195	0.000019937	430528	ops_par_loop_update_halo_kernel1_t1_41	update_halo_kernel1_t1
6196	0.000017914	123040	ops_par_loop_update_halo_kernel3_plus_4_a_62	update_halo_kernel3_plus_4_a
6197	0.000018174	123040	ops_par_loop_update_halo_kernel3_plus_2_a_63	update_halo_kernel3_plus_2_a
6198	0.000017824	123040	ops_par_loop_update_halo_kernel3_plus_4_b_64	update_halo_kernel3_plus_4_b
6199	0.000018095	123040	ops_par_loop_update_halo_kernel3_plus_2_b_65	update_halo_kernel3_plus_2_b
6200	0.000026531	553536	ops_par_loop_group_40	update_halo_kernel1_l2+update_halo_kernel3_minus_4_a
6201	0.000022873	553536	ops_par_loop_group_41	update_halo_kernel1_l1+update_halo_kernel3_minus_2_a
6202	0.000018555	123008	ops_par_loop_update_halo_kernel3_minus_4_b_68	update_halo_kernel3_minus_4_b
6203	0.000024226	553536	ops_par_loop_group_43	update_halo_kernel1_r2+update_halo_kernel3_minus_2_b
6204	0.000021060	430528	ops_par_loop_update_halo_kernel1_r1_45	update_halo_kernel1_r1
6205	0.000561386	591053440	ops_par_loop_advec_mom_kernel_x1_70	advec_mom_kernel_x1
6206	0.000193958	236236864	ops_par_loop_advec_mom_kernel_mass_flux_x_71	advec_mom_kernel_mass_flux_x
6207	0.000574722	590438520	ops_par_loop_advec_mom_kernel_post_pre_advec_x_72	advec_mom_kernel_post_pre_advec_x
6208	0.000882105	472258640	ops_par_loop_advec_mom_kernel1_x_nonvector_73	advec_mom_kernel1_x_nonvector
6209	0.000451046	590131240	ops_par_loop_advec_mom_kernel2_x_74	advec_mom_kernel2_x
6210	0.000561457	591053440	ops_par_loop_advec_mom_kernel_x1_75	advec_mom_kernel_x1
6211	0.000193968	236236864	ops_par_loop_advec_mom_kernel_mass_flux_x_76	advec_mom_kernel_mass_flux_x
6212	0.000574531	590438520	ops_par_loop_advec_mom_kernel_post_pre_advec_x_77	advec_mom_kernel_post_pre_advec_x
6213	0.000883648	472258640	ops_par_loop_advec_mom_kernel1_x_nonvector_78	advec_mom_kernel1_x_nonvector
6214	0.000450004	590131240	ops_par_loop_advec_mom_kernel2_x_79	advec_mom_kernel2_x
6215	0.000497585	472842752	ops_par_loop_advec_cell_kernel2_ydir_80	advec_cell_kernel2_ydir
6216	0.000787866	708203544	ops_par_loop_advec_cell_kernel3_ydir_81	advec_cell_kernel3_ydir
6217	0.001469891	1533542400	ops_par_loop_advec_cell_kernel4_ydir_82	advec_cell_kernel4_ydir
6218	0.000022222	553536	ops_par_loop_group_58	update_halo_kernel1_b2+update_halo_kernel4_minus_4_a
6219	0.000021571	553536	ops_par_loop_group_59	update_halo_kernel1_b1+update_halo_kernel4_minus_2_a
6220	0.000021611	369120	ops_par_loop_group_60	update_halo_kernel2_xvel_plus_4_a+update_halo_kernel2_yvel_minus_4_a+update_halo_kernel3_plus_4_a
6221	0.000023034	369120	ops_par_loop_group_61	update_halo_kernel2_xvel_plus_2_a+update_halo_kernel2_yvel_minus_2_a+update_halo_kernel3_plus_2_a
6222	0.000019527	246080	ops_par_loop_group_62	update_halo_kernel2_xvel_plus_4_b+update_halo_kernel2_yvel_minus_4_b
6223	0.000020900	369120	ops_par_loop_group_63	update_halo_kernel2_xvel_plus_2_b+update_halo_kernel2_yvel_minus_2_b+update_halo_kernel3_plus_4_b
6224	0.000022021	246080	ops_par_loop_group_64	update_halo_kernel2_xvel_minus_4_b+update_halo_kernel2_yvel_plus_4_b
6225	0.000019117	123040	ops_par_loop_update_halo_kernel3_plus_2_b_110	update_halo_kernel3_plus_2_b
6226	0.000018275	123008	ops_par_loop_update_halo_kernel3_minus_4_b_113	update_halo_kernel3_minus_4_b
6227	0.000017534	123008	ops_par_loop_update_halo_kernel4_minus_4_b_117	update_halo_kernel4_minus_4_b
6228	0.000021020	553536	ops_par_loop_group_68	update_halo_kernel1_t2+update_halo_kernel4_minus_2_b
6229	0.000020399	430528	ops_par_loop_update_halo_kernel1_t1_86	update_halo_kernel1_t1
6230	0.000026210	553536	ops_par_loop_group_70	update_halo_kernel1_l2+update_halo_kernel3_minus_4_a
6231	0.000023154	553536	ops_par_loop_group_71	update_halo_kernel1_l1+update_halo_kernel3_minus_2_a
6232	0.000024015	553536	ops_par_loop_group_72	update_halo_kernel1_r2+update_halo_kernel3_minus_2_b
6233	0.000020790	430528	ops_par_loop_update_halo_kernel1_r1_90	update_halo_kernel1_r1
6234	0.000022774	369120	ops_par_loop_group_74	update_halo_kernel2_xvel_minus_4_a+update_halo_kernel2_yvel_plus_4_a+update_halo_kernel4_plus_4_a
6235	0.000021210	369120	ops_par_loop_group_75	update_halo_kernel2_xvel_minus_2_a+update_halo_kernel2_yvel_plus_2_a+update_halo_kernel4_plus_2_a
6236	0.000022843	369120	ops_par_loop_group_76	update_halo_kernel2_xvel_minus_2_b+update_halo_kernel2_yvel_plus_2_b+update_halo_kernel4_plus_4_b
6237	0.000018325	123040	ops_par_loop_update_halo_kernel4_plus_2_b_122	update_halo_kernel4_plus_2_b
6238	0.001777626	1416561152	ops_par_loop_group_78	advec_mom_kernel_y2+reset_field_kernel1+ideal_gas_kernel
6239	0.000193998	236236864	ops_par_loop_advec_mom_kernel_mass_flux_y_124	advec_mom_kernel_mass_flux_y
6240	0.000531730	590438520	ops_par_loop_advec_mom_kernel_post_pre_advec_y_125	advec_mom_kernel_post_pre_advec_y
6241	0.000877366	472258640	ops_par_loop_advec_mom_kernel1_y_nonvector_126	advec_mom_kernel1_y_nonvector
6242	0.000447830	590131240	ops_par_loop_advec_mom_kernel2_y_127	advec_mom_kernel2_y
6243	0.000489800	472842752	ops_par_loop_advec_mom_kernel_y2_128	advec_mom_kernel_y2
6244	0.000191965	236236864	ops_par_loop_advec_mom_kernel_mass_flux_y_129	advec_mom_kernel_mass_flux_y
6245	0.000533152	590438520	ops_par_loop_advec_mom_kernel_post_pre_advec_y_130	advec_mom_kernel_post_pre_advec_y
6246	0.000873158	472258640	ops_par_loop_advec_mom_kernel1_y_nonvector_131	advec_mom_kernel1_y_nonvector
6247	0.000732291	1062236232	ops_par_loop_group_87	advec_mom_kernel2_y+reset_field_kernel2
6248	0.000021892	430304	ops_par_loop_update_halo_kernel1_b1_136	update_halo_kernel1_b1
6249	0.000020428	430304	ops_par_loop_update_halo_kernel1_t1_137	update_halo_kernel1_t1
6250	0.000024647	430304	ops_par_loop_update_halo_kernel1_l1_138	update_halo_kernel1_l1
6251	0.000024386	430304	ops_par_loop_update_halo_kernel1_r1_139	update_halo_kernel1_r1
6252	0.000019507	245952	ops_par_loop_group_92	update_halo_kernel2_xvel_plus_2_a+update_halo_kernel2_yvel_minus_2_a
6253	0.000019587	245952	ops_par_loop_group_93	update_halo_kernel2_xvel_plus_2_b+update_halo_kernel2_yvel_minus_2_b
6254	0.000020949	245952	ops_par_loop_group_94	update_halo_kernel2_xvel_minus_2_a+update_halo_kernel2_yvel_plus_2_a
6255	0.000020910	245952	ops_par_loop_group_95	update_halo_kernel2_xvel_minus_2_b+update_halo_kernel2_yvel_plus_2_b
6256	0.001732561	589885440	ops_par_loop_viscosity_kernel_148	viscosity_kernel
6257	0.000021110	430304	ops_par_loop_update_halo_kernel1_b1_149	update_halo_kernel1_b1
6258	0.000020418	430304	ops_par_loop_update_halo_kernel1_t1_150	update_halo_kernel1_t1
6259	0.000023325	430304	ops_par_loop_update_halo_kernel1_l1_151	update_halo_kernel1_l1
6260	0.000022894	430304	ops_par_loop_update_halo_kernel1_r1_152	update_halo_kernel1_r1
6261	0.000916280	1061744640	ops_par_loop_calc_dt_kernel_153	calc_dt_kernel
6262	0.001485150	1887436800	ops_par_loop_group_0	PdV_kernel_predict+ideal_gas_kernel
6263	0.000022473	430304	ops_par_loop_update_halo_kernel1_b1_2	update_halo_kernel1_b1
6264	0.000020259	430304	ops_par_loop_update_halo_kernel1_t1_3	update_halo_kernel1_t1
6265	0.000023474	430304	ops_par_loop_update_halo_kernel1_l1_4	update_halo_kernel1_l1
6266	0.000023484	430304	ops_par_loop_update_halo_kernel1_r1_5	update_halo_kernel1_r1
6267	0.001634524	1770147928	ops_par_loop_group_5	revert_kernel+accelerate_kernel
6268	0.001358159	1651507200	ops_par_loop_PdV_kernel_nopredict_8	PdV_kernel_nopredict
6269	0.000360044	471982080	ops_par_loop_flux_calc_kernelx_9	flux_calc_kernelx
6270	0.000357569	471982080	ops_par_loop_flux_calc_kernely_10	flux_calc_kernely
6271	0.000022773	553536	ops_par_loop_group_9	update_halo_kernel1_b2+update_halo_kernel4_minus_4_a
6272	0.000020489	553536	ops_par_loop_group_10	update_halo_kernel1_b1+update_halo_kernel4_minus_2_a
6273	0.000021541	369120	ops_par_loop_group_11	update_halo_kernel3_plus_4_a+update_halo_kernel2_xvel_plus_4_a+update_halo_kernel2_yvel_minus_4_a
6274	0.000020088	369120	ops_par_loop_group_12	update_halo_kernel3_plus_2_a+update_halo_kernel2_xvel_plus_2_a+update_halo_kernel2_yvel_minus_2_a
6275	0.000018054	123008	ops_par_loop_update_halo_kernel4_minus_4_b_29	update_halo_kernel4_minus_4_b
6276	0.000020319	553536	ops_par_loop_group_14	update_halo_kernel1_t2+update_halo_kernel4_minus_2_b
6277	0.000019828	430528	ops_par_loop_update_halo_kernel1_t1_14	update_halo_kernel1_t1
6278	0.000019547	246080	ops_par_loop_group_16	update_halo_kernel2_xvel_plus_4_b+update_halo_kernel2_yvel_minus_4_b
6279	0.000020499	369120	ops_par_loop_group_17	update_halo_kernel3_plus_4_b+update_halo_kernel2_xvel_plus_2_b+update_halo_kernel2_yvel_minus_2_b
6280	0.000019166	123040	ops_par_loop_update_halo_kernel3_plus_2_b_22	update_halo_kernel3_plus_2_b
6281	0.000026010	553536	ops_par_loop_group_19	update_halo_kernel1_l2+update_halo_kernel3_minus_4_a
6282	0.000023044	553536	ops_par_loop_group_20	update_halo_kernel1_l1+update_halo_kernel3_minus_2_a
6283	0.000019337	123008	ops_par_loop_update_halo_kernel3_minus_4_b_25	update_halo_kernel3_minus_4_b
6284	0.000024236	553536	ops_par_loop_group_22	update_halo_kernel1_r2+update_halo_kernel3_minus_2_b
6285	0.000020849	430528	ops_par_loop_update_halo_kernel1_r1_18	update_halo_kernel1_r1
6286	0.000022533	369120	ops_par_loop_group_24	update_halo_kernel4_plus_4_a+update_halo_kernel2_xvel_minus_4_a+update_halo_kernel2_yvel_plus_4_a
6287	0.000021281	369120	ops_par_loop_group_25	update_halo_kernel4_plus_2_a+update_halo_kernel2_xvel_minus_2_a+update_halo_kernel2_yvel_plus_2_a
6288	0.000020970	246080	ops_par_loop_group_26	update_halo_kernel2_xvel_minus_4_b+update_halo_kernel2_yvel_plus_4_b
6289	0.000022623	369120	ops_par_loop_group_27	update_halo_kernel4_plus_4_b+update_halo_kernel2_xvel_minus_2_b+update_halo_kernel2_yvel_plus_2_b
6290	0.000018695	123040	ops_par_loop_update_halo_kernel4_plus_2_b_34	update_halo_kernel4_plus_2_b
6291	0.000563941	591053440	ops_par_loop_advec_cell_kernel1_ydir_35	advec_cell_kernel1_ydir
6292	0.000788017	708203544	ops_par_loop_advec_cell_kernel3_ydir_36	advec_cell_kernel3_ydir
6293	0.001473238	1533542400	ops_par_loop_advec_cell_kernel4_ydir_37	advec_cell_kernel4_ydir
6294	0.000023575	553536	ops_par_loop_group_32	update_halo_kernel1_b2+update_halo_kernel4_minus_4_a
6295	0.000021230	553536	ops_par_loop_group_33	update_halo_kernel1_b1+update_halo_kernel4_minus_2_a
6296	0.000018014	123008	ops_par_loop_update_halo_kernel4_minus_4_b_64	update_halo_kernel4_minus_4_b
6297	0.000020879	553536	ops_par_loop_group_35	update_halo_kernel1_t2+update_halo_kernel4_minus_2_b
6298	0.000020910	430528	ops_par_loop_update_halo_kernel1_t1_41	update_halo_kernel1_t1
6299	0.000023365	430528	ops_par_loop_update_halo_kernel1_l2_42	update_halo_kernel1_l2
6300	0.000021060	430528	ops_par_loop_update_halo_kernel1_l1_43	update_halo_kernel1_l1
6301	0.000023084	430528	ops_par_loop_update_halo_kernel1_r2_44	update_halo_kernel1_r2
6302	0.000021681	430528	ops_par_loop_update_halo_kernel1_r1_45	update_halo_kernel1_r1
6303	0.000019227	123040	ops_par_loop_update_halo_kernel4_plus_4_a_66	update_halo_kernel4_plus_4_a
6304	0.000017894	123040	ops_par_loop_update_halo_kernel4_plus_2_a_67	update_halo_kernel4_plus_2_a
6305	0.000018144	123040	ops_par_loop_update_halo_kernel4_plus_4_b_68	update_halo_kernel4_plus_4_b
6306	0.000018284	123040	ops_par_loop_update_halo_kernel4_plus_2_b_69	update_halo_kernel4_plus_2_b
6307	0.000561186	591053440	ops_par_loop_advec_mom_kernel_y1_70	advec_mom_kernel_y1
6308	0.000190963	236236864	ops_par_loop_advec_mom_kernel_mass_flux_y_71	advec_mom_kernel_mass_flux_y
6309	0.000532942	590438520	ops_par_loop_advec_mom_kernel_post_pre_advec_y_72	advec_mom_kernel_post_pre_advec_y
6310	0.000877957	472258640	ops_par_loop_advec_mom_kernel1_y_nonvector_73	advec_mom_kernel1_y_nonvector
6311	0.000447700	590131240	ops_par_loop_advec_mom_kernel2_y_74	advec_mom_kernel2_y
6312	0.000562298	591053440	ops_par_loop_advec_mom_kernel_y1_75	advec_mom_kernel_y1
6313	0.000192135	236236864	ops_par_loop_advec_mom_kernel_mass_flux_y_76	advec_mom_kernel_mass_flux_y
6314	0.000531299	590438520	ops_par_loop_advec_mom_kernel_post_pre_advec_y_77	advec_mom_kernel_post_pre_advec_y
6315	0.000872877	472258640	ops_par_loop_advec_mom_kernel1_y_nonvector_78	advec_mom_kernel1_y_nonvector
6316	0.000452609	590131240	ops_par_loop_advec_mom_kernel2_y_79	advec_mom_kernel2_y
6317	0.000493427	472842752	ops_par_loop_advec_cell_kernel2_xdir_80	advec_cell_kernel2_xdir
6318	0.000774290	708203544	ops_par_loop_advec_cell_kernel3_xdir_81	advec_cell_kernel3_xdir
6319	0.001467617	1533542400	ops_par_loop_advec_cell_kernel4_xdir_82	advec_cell_kernel4_xdir
6320	0.000023595	553536	ops_par_loop_group_58	update_halo_kernel1_b2+update_halo_kernel4_minus_4_a
6321	0.000021992	553536	ops_par_loop_group_59	update_halo_kernel1_b1+update_halo_kernel4_minus_2_a
6322	0.000021982	369120	ops_par_loop_group_60	update_halo_kernel2_xvel_plus_4_a+update_halo_kernel2_yvel_minus_4_a+update_halo_kernel3_plus_4_a
6323	0.000021491	369120	ops_par_loop_group_61	update_halo_kernel2_xvel_plus_2_a+update_halo_kernel2_yvel_minus_2_a+update_halo_kernel3_plus_2_a
6324	0.000018796	246080	ops_par_loop_group_62	update_halo_kernel2_xvel_plus_4_b+update_halo_kernel2_yvel_minus_4_b
6325	0.000020829	369120	ops_par_loop_group_63	update_halo_kernel2_xvel_plus_2_b+update_halo_kernel2_yvel_minus_2_b+update_halo_kernel3_plus_4_b
6326	0.000022112	246080	ops_par_loop_group_64	update_halo_kernel2_xvel_minus_4_b+update_halo_kernel2_yvel_plus_4_b
6327	0.000019637	123040	ops_par_loop_update_halo_kernel3_plus_2_b_110	update_halo_kernel3_plus_2_b
6328	0.000018845	123008	ops_par_loop_update_halo_kernel3_minus_4_b_113	update_halo_kernel3_minus_4_b
6329	0.000018365	123008	ops_par_loop_update_halo_kernel4_minus_4_b_117	update_halo_kernel4_minus_4_b
6330	0.000020820	553536	ops_par_loop_group_68	update_halo_kernel1_t2+update_halo_kernel4_minus_2_b
6331	0.000020439	430528	ops_par_loop_update_halo_kernel1_t1_86	update_halo_kernel1_t1
6332	0.000026670	553536	ops_par_loop_group_70	update_halo_kernel1_l2+update_halo_kernel3_minus_4_a
6333	0.000022382	553536	ops_par_loop_group_71	update_halo_kernel1_l1+update_halo_kernel3_minus_2_a
6334	0.000025178	553536	ops_par_loop_group_72	update_halo_kernel1_r2+update_halo_kernel3_minus_2_b
6335	0.000022042	430528	ops_par_loop_update_halo_kernel1_r1_90	update_halo_kernel1_r1
6336	0.000022934	369120	ops_par_loop_group_74	update_halo_kernel2_xvel_minus_4_a+update_halo_kernel2_yvel_plus_4_a+update_halo_kernel4_plus_4_a
6337	0.000021521	369120	ops_par_loop_group_75	update_halo_kernel2_xvel_minus_2_a+update_halo_kernel2_yvel_plus_2_a+update_halo_kernel4_plus_2_a
6338	0.000022924	369120	ops_par_loop_group_76	update_halo_kernel2_xvel_minus_2_b+update_halo_kernel2_yvel_plus_2_b+update_halo_kernel4_plus_4_b
6339	0.000018966	123040	ops_par_loop_update_halo_kernel4_plus_2_b_122	update_halo_kernel4_plus_2_b
6340	0.001794247	1416561152	ops_par_loop_group_78	advec_mom_kernel_x2+reset_field_kernel1+ideal_gas_kernel
6341	0.000198296	236236864	ops_par_loop_advec_mom_kernel_mass_flux_x_124	advec_mom_kernel_mass_flux_x
6342	0.000577367	590438520	ops_par_loop_advec_mom_kernel_post_pre_advec_x_125	advec_mom_kernel_post_pre_advec_x
6343	0.000883277	472258640	ops_par_loop_advec_mom_kernel1_x_nonvector_126	advec_mom_kernel1_x_nonvector
6344	0.000449324	590131240	ops_par_loop_advec_mom_kernel2_x_127	advec_mom_kernel2_x
6345	0.000497615	472842752	ops_par_loop_advec_mom_kernel_x2_128	advec_mom_kernel_x2
6346	0.000195231	236236864	ops_par_loop_advec_mom_kernel_mass_flux_x_129	advec_mom_kernel_mass_flux_x
6347	0.000572828	590438520	ops_par_loop_advec_mom_kernel_post_pre_advec_x_130	advec_mom_kernel_post_pre_advec_x
6348	0.000883678	472258640	ops_par_loop_advec_mom_kernel1_x_nonvector_131	advec_mom_kernel1_x_nonvector
6349	0.000731699	1062236232	ops_par_loop_group_87	advec_mom_kernel2_x+reset_field_kernel2
6350	0.000021601	430304	ops_par_loop_update_halo_kernel1_b1_136	update_halo_kernel1_b1
6351	0.000020048	430304	ops_par_loop_update_halo_kernel1_t1_137	update_halo_kernel1_t1
6352	0.000023755	430304	ops_par_loop_update_halo_kernel1_l1_138	update_halo_kernel1_l1
6353	0.000023905	430304	ops_par_loop_update_halo_kernel1_r1_139	update_halo_kernel1_r1
6354	0.000019467	245952	ops_par_loop_group_92	update_halo_kernel2_xvel_plus_2_a+update_halo_kernel2_yvel_minus_2_a
6355	0.000019477	245952	ops_par_loop_group_93	update_halo_kernel2_xvel_plus_2_b+update_halo_kernel2_yvel_minus_2_b
6356	0.000021681	245952	ops_par_loop_group_94	update_halo_kernel2_xvel_minus_2_a+update_halo_kernel2_yvel_plus_2_a
6357	0.000022172	245952	ops_par_loop_group_95	update_halo_kernel2_xvel_minus_2_b+update_halo_kernel2_yvel_plus_2_b
6358	0.001731949	589885440	ops_par_loop_viscosity_kernel_148	viscosity_kernel
6359	0.000021271	430304	ops_par_loop_update_halo_kernel1_b1_149	update_halo_kernel1_b1
6360	0.000019948	430304	ops_par_loop_update_halo_kernel1_t1_150	update_halo_kernel1_t1
6361	0.000024226	430304	ops_par_loop_update_halo_kernel1_l1_151	update_halo_kernel1_l1
6362	0.000022933	430304	ops_par_loop_update_halo_kernel1_r1_152	update_halo_kernel1_r1
6363	0.000916601	1061744640	ops_par_loop_calc_dt_kernel_153	calc_dt_kernel
6364	0.001491582	1887436800	ops_par_loop_group_0	PdV_kernel_predict+ideal_gas_kernel
6365	0.000021652	430304	ops_par_loop_update_halo_kernel1_b1_2	update_halo_kernel1_b1
6366	0.000019257	430304	ops_par_loop_update_halo_kernel1_t1_3	update_halo_kernel1_t1
6367	0.000023624	430304	ops_par_loop_update_halo_kernel1_l1_4	update_halo_kernel1_l1
6368	0.000023815	430304	ops_par_loop_update_halo_kernel1_r1_5	update_halo_kernel1_r1
6369	0.001559402	1770147928	ops_par_loop_group_5	revert_kernel+accelerate_kernel
6370	0.001358550	1651507200	ops_par_loop_PdV_kernel_nopredict_8	PdV_kernel_nopredict
6371	0.000361436	471982080	ops_par_loop_flux_calc_kernelx_9	flux_calc_kernelx
6372	0.000357679	471982080	ops_par_loop_flux_calc_kernely_10	flux_calc_kernely
6373	0.000023164	553536	ops_par_loop_group_9	update_halo_kernel1_b2+update_halo_kernel4_minus_4_a
6374	0.000021901	553536	ops_par_loop_group_10	update_halo_kernel1_b1+update_halo_kernel4_minus_2_a
6375	0.000022273	369120	ops_par_loop_group_11	update_halo_kernel3_plus_4_a+update_halo_kernel2_xvel_plus_4_a+update_halo_kernel2_yvel_minus_4_a
6376	0.000020348	369120	ops_par_loop_group_12	update_halo_kernel3_plus_2_a+update_halo_kernel2_xvel_plus_2_a+update_halo_kernel2_yvel_minus_2_a
6377	0.000019056	123008	ops_par_loop_update_halo_kernel4_minus_4_b_29	update_halo_kernel4_minus_4_b
6378	0.000021251	553536	ops_par_loop_group_14	update_halo_kernel1_t2+update_halo_kernel4_minus_2_b
6379	0.000020739	430528	ops_par_loop_update_halo_kernel1_t1_14	update_halo_kernel1_t1
6380	0.000019628	246080	ops_par_loop_group_16	update_halo_kernel2_xvel_plus_4_b+update_halo_kernel2_yvel_minus_4_b
6381	0.000019948	369120	ops_par_loop_group_17	update_halo_kernel3_plus_4_b+update_halo_kernel2_xvel_plus_2_b+update_halo_kernel2_yvel_minus_2_b
6382	0.000018195	123040	ops_par_loop_update_halo_kernel3_plus_2_b_22	update_halo_kernel3_plus_2_b
6383	0.000024757	553536	ops_par_loop_group_19	update_halo_kernel1_l2+update_halo_kernel3_minus_4_a
6384	0.000023315	553536	ops_par_loop_group_20	update_halo_kernel1_l1+update_halo_kernel3_minus_2_a
6385	0.000019878	123008	ops_par_loop_update_halo_kernel3_minus_4_b_25	update_halo_kernel3_minus_4_b
6386	0.000023935	553536	ops_par_loop_group_22	update_halo_kernel1_r2+update_halo_kernel3_minus_2_b
6387	0.000021400	430528	ops_par_loop_update_halo_kernel1_r1_18	update_halo_kernel1_r1
6388	0.000023254	369120	ops_par_loop_group_24	update_halo_kernel4_plus_4_a+update_halo_kernel2_xvel_minus_4_a+update_halo_kernel2_yvel_plus_4_a
6389	0.000021912	369120	ops_par_loop_group_25	update_halo_kernel4_plus_2_a+update_halo_kernel2_xvel_minus_2_a+update_halo_kernel2_yvel_plus_2_a
6390	0.000021521	246080	ops_par_loop_group_26	update_halo_kernel2_xvel_minus_4_b+update_halo_kernel2_yvel_plus_4_b
6391	0.000022302	369120	ops_par_loop_group_27	update_halo_kernel4_plus_4_b+update_halo_kernel2_xvel_minus_2_b+update_halo_kernel2_yvel_plus_2_b
6392	0.000018185	123040	ops_par_loop_update_halo_kernel4_plus_2_b_34	update_halo_kernel4_plus_2_b
6393	0.000562268	591053440	ops_par_loop_advec_cell_kernel1_xdir_35	advec_cell_kernel1_xdir
6394	0.000772868	708203544	ops_par_loop_advec_cell_kernel3_xdir_36	advec_cell_kernel3_xdir
6395	0.001455253	1533542400	ops_par_loop_advec_cell_kernel4_xdir_37	advec_cell_kernel4_xdir
6396	0.000021651	430528	ops_par_loop_update_halo_kernel1_b2_38	update_halo_kernel1_b2
6397	0.000020579	430528	ops_par_loop_update_halo_kernel1_b1_39	update_halo_kernel1_b1
6398	0.000020299	430528	ops_par_loop_update_halo_kernel1_t2_40	update_halo_kernel1_t2
6399	0.000020900	430528	ops_par_loop_update_halo_kernel1_t1_41	update_halo_kernel1_t1
6400	0.000019257	123040	ops_par_loop_update_halo_kernel3_plus_4_a_62	update_halo_kernel3_plus_4_a
6401	0.000018495	123040	ops_par_loop_update_halo_kernel3_plus_2_a_63	update_halo_kernel3_plus_2_a
6402	0.000018475	123040	ops_par_loop_update_halo_kernel3_plus_4_b_64	update_halo_kernel3_plus_4_b
6403	0.000017924	123040	ops_par_loop_update_halo_kernel3_plus_2_b_65	update_halo_kernel3_plus_2_b
6404	0.000026781	553536	ops_par_loop_group_40	update_halo_kernel1_l2+update_halo_kernel3_minus_4_a
6405	0.000022984	553536	ops_par_loop_group_41	update_halo_kernel1_l1+update_halo_kernel3_minus_2_a
6406	0.000019337	123008	ops_par_loop_update_halo_kernel3_minus_4_b_68	update_halo_kernel3_minus_4_b
6407	0.000025118	553536	ops_par_loop_group_43	update_halo_kernel1_r2+update_halo_kernel3_minus_2_b
6408	0.000021030	430528	ops_par_loop_update_halo_kernel1_r1_45	update_halo_kernel1_r1
6409	0.000562307	591053440	ops_par_loop_advec_mom_kernel_x1_70	advec_mom_kernel_x1
6410	0.000194199	236236864	ops_par_loop_advec_mom_kernel_mass_flux_x_71	advec_mom_kernel_mass_flux_x
6411	0.000573409	590438520	ops_par_loop_advec_mom_kernel_post_pre_advec_x_72	advec_mom_kernel_post_pre_advec_x
6412	0.000881935	472258640	ops_par_loop_advec_mom_kernel1_x_nonvector_73	advec_mom_kernel1_x_nonvector
6413	0.000450255	590131240	ops_par_loop_advec_mom_kernel2_x_74	advec_mom_kernel2_x
6414	0.000562077	591053440	ops_par_loop_advec_mom_kernel_x1_75	advec_mom_kernel_x1
6415	0.000194169	236236864	ops_par_loop_advec_mom_kernel_mass_flux_x_76	advec_mom_kernel_mass_flux_x
6416	0.000576424	590438520	ops_par_loop_advec_mom_kernel_post_pre_advec_x_77	advec_mom_kernel_post_pre_advec_x
6417	0.000883338	472258640	ops_par_loop_advec_mom_kernel1_x_nonvector_78	advec_mom_kernel1_x_nonvector
6418	0.000448422	590131240	ops_par_loop_advec_mom_kernel2_x_79	advec_mom_kernel2_x
6419	0.000498927	472842752	ops_par_loop_advec_cell_kernel2_ydir_80	advec_cell_kernel2_ydir
6420	0.000788277	708203544	ops_par_loop_advec_cell_kernel3_ydir_81	advec_cell_kernel3_ydir
6421	0.001473488	1533542400	ops_par_loop_advec_cell_kernel4_ydir_82	advec_cell_kernel4_ydir
6422	0.000023174	553536	ops_par_loop_group_58	update_halo_kernel1_b2+update_halo_kernel4_minus_4_a
6423	0.000022112	553536	ops_par_loop_group_59	update_halo_kernel1_b1+update_halo_kernel4_minus_2_a
6424	0.000020910	369120	ops_par_loop_group_60	update_halo_kernel2_xvel_plus_4_a+update_halo_kernel2_yvel_minus_4_a+update_halo_kernel3_plus_4_a
6425	0.000021170	369120	ops_par_loop_group_61	update_halo_kernel2_xvel_plus_2_a+update_halo_kernel2_yvel_minus_2_a+update_halo_kernel3_plus_2_a
6426	0.000019266	246080	ops_par_loop_group_62	update_halo_kernel2_xvel_plus_4_b+update_halo_kernel2_yvel_minus_4_b
6427	0.000021711	369120	ops_par_loop_group_63	update_halo_kernel2_xvel_plus_2_b+update_halo_kernel2_yvel_minus_2_b+update_halo_kernel3_plus_4_b
6428	0.000021371	246080	ops_par_loop_group_64	update_halo_kernel2_xvel_minus_4_b+update_halo_kernel2_yvel_plus_4_b
6429	0.000019928	123040	ops_par_loop_update_halo_kernel3_plus_2_b_110	update_halo_kernel3_plus_2_b
6430	0.000018936	123008	ops_par_loop_update_halo_kernel3_minus_4_b_113	update_halo_kernel3_minus_4_b
6431	0.000018245	123008	ops_par_loop_update_halo_kernel4_minus_4_b_117	update_halo_kernel4_minus_4_b
6432	0.000021141	553536	ops_par_loop_group_68	update_halo_kernel1_t2+update_halo_kernel4_minus_2_b
6433	0.000020328	430528	ops_par_loop_update_halo_kernel1_t1_86	update_halo_kernel1_t1
6434	0.000026490	553536	ops_par_loop_group_70	update_halo_kernel1_l2+update_halo_kernel3_minus_4_a
6435	0.000023434	553536	ops_par_loop_group_71	update_halo_kernel1_l1+update_halo_kernel3_minus_2_a
6436	0.000024166	553536	ops_par_loop_group_72	update_halo_kernel1_r2+update_halo_kernel3_minus_2_b
6437	0.000021741	430528	ops_par_loop_update_halo_kernel1_r1_90	update_halo_kernel1_r1
6438	0.000023244	369120	ops_par_loop_group_74	update_halo_kernel2_xvel_minus_4_a+update_halo_kernel2_yvel_plus_4_a+update_halo_kernel4_plus_4_a
6439	0.000021581	369120	ops_par_loop_group_75	update_halo_kernel2_xvel_minus_2_a+update_halo_kernel2_yvel_plus_2_a+update_halo_kernel4_plus_2_a
6440	0.000022512	369120	ops_par_loop_group_76	update_halo_kernel2_xvel_minus_2_b+update_halo_kernel2_yvel_plus_2_b+update_halo_kernel4_plus_4_b
6441	0.000018395	123040	ops_par_loop_update_halo_kernel4_plus_2_b_122	update_halo_kernel4_plus_2_b
6442	0.001790430	1416561152	ops_par_loop_group_78	advec_mom_kernel_y2+reset_field_kernel1+ideal_gas_kernel
6443	0.000194549	236236864	ops_par_loop_advec_mom_kernel_mass_flux_y_124	advec_mom_kernel_mass_flux_y
6444	0.000531690	590438520	ops_par_loop_advec_mom_kernel_post_pre_advec_y_125	advec_mom_kernel_post_pre_advec_y
6445	0.000877947	472258640	ops_par_loop_advec_mom_kernel1_y_nonvector_126	advec_mom_kernel1_y_nonvector
6446	0.000455054	590131240	ops_par_loop_advec_mom_kernel2_y_127	advec_mom_kernel2_y
6447	0.000490572	472842752	ops_par_loop_advec_mom_kernel_y2_128	advec_mom_kernel_y2
6448	0.000191924	236236864	ops_par_loop_advec_mom_kernel_mass_flux_y_129	advec_mom_kernel_mass_flux_y
6449	0.000533473	590438520	ops_par_loop_advec_mom_kernel_post_pre_advec_y_130	advec_mom_kernel_post_pre_advec_y
6450	0.000873609	472258640	ops_par_loop_advec_mom_kernel1_y_nonvector_131	advec_mom_kernel1_y_nonvector
6451	0.000728664	1062236232	ops_par_loop_group_87	advec_mom_kernel2_y+reset_field_kernel2
6452	0.000021701	430304	ops_par_loop_update_halo_kernel1_b1_136	update_halo_kernel1_b1
6453	0.000020519	430304	ops_par_loop_update_halo_kernel1_t1_137	update_halo_kernel1_t1
6454	0.000023394	430304	ops_par_loop_update_halo_kernel1_l1_138	update_halo_kernel1_l1
6455	0.000024436	430304	ops_par_loop_update_halo_kernel1_r1_139	update_halo_kernel1_r1
6456	0.000018846	245952	ops_par_loop_group_92	update_halo_kernel2_xvel_plus_2_a+update_halo_kernel2_yvel_minus_2_a
6457	0.000018876	245952	ops_par_loop_group_93	update_halo_kernel2_xvel_plus_2_b+update_halo_kernel2_yvel_minus_2_b
6458	0.000021310	245952	ops_par_loop_group_94	update_halo_kernel2_xvel_minus_2_a+update_halo_kernel2_yvel_plus_2_a
6459	0.000021091	245952	ops_par_loop_group_95	update_halo_kernel2_xvel_minus_2_b+update_halo_kernel2_yvel_plus_2_b
6460	0.001732651	589885440	ops_par_loop_viscosity_kernel_148	viscosity_kernel
6461	0.000021521	430304	ops_par_loop_update_halo_kernel1_b1_149	update_halo_kernel1_b1
6462	0.000020209	430304	ops_par_loop_update_halo_kernel1_t1_150	update_halo_kernel1_t1
6463	0.000023535	430304	ops_par_loop_update_halo_kernel1_l1_151	update_halo_kernel1_l1
6464	0.000023004	430304	ops_par_loop_update_halo_kernel1_r1_152	update_halo_kernel1_r1
6465	0.000915629	1061744640	ops_par_loop_calc_dt_kernel_153	calc_dt_kernel
6466	0.001483477	1887436800	ops_par_loop_group_0	PdV_kernel_predict+ideal_gas_kernel
6467	0.000022452	430304	ops_par_loop_update_halo_kernel1_b1_2	update_halo_kernel1_b1
6468	0.000020839	430304	ops_par_loop_update_halo_kernel1_t1_3	update_halo_kernel1_t1
6469	0.000024076	430304	ops_par_loop_update_halo_kernel1_l1_4	update_halo_kernel1_l1
6470	0.000023765	430304	ops_par_loop_update_halo_kernel1_r1_5	update_halo_kernel1_r1
6471	0.001557247	1770147928	ops_par_loop_group_5	revert_kernel+accelerate_kernel
6472	0.001355644	1651507200	ops_par_loop_PdV_kernel_nopredict_8	PdV_kernel_nopredict
6473	0.000359513	471982080	ops_par_loop_flux_calc_kernelx_9	flux_calc_kernelx
6474	0.000358891	471982080	ops_par_loop_flux_calc_kernely_10	flux_calc_kernely
6475	0.000021861	553536	ops_par_loop_group_9	update_halo_kernel1_b2+update_halo_kernel4_minus_4_a
6476	0.000021070	553536	ops_par_loop_group_10	update_halo_kernel1_b1+update_halo_kernel4_minus_2_a
6477	0.000021271	369120	ops_par_loop_group_11	update_halo_kernel3_plus_4_a+update_halo_kernel2_xvel_plus_4_a+update_halo_kernel2_yvel_minus_4_a
6478	0.000021180	369120	ops_par_loop_group_12	update_halo_kernel3_plus_2_a+update_halo_kernel2_xvel_plus_2_a+update_halo_kernel2_yvel_minus_2_a
6479	0.000019386	123008	ops_par_loop_update_halo_kernel4_minus_4_b_29	update_halo_kernel4_minus_4_b
6480	0.000020950	553536	ops_par_loop_group_14	update_halo_kernel1_t2+update_halo_kernel4_minus_2_b
6481	0.000020028	430528	ops_par_loop_update_halo_kernel1_t1_14	update_halo_kernel1_t1
6482	0.000021150	246080	ops_par_loop_group_16	update_halo_kernel2_xvel_plus_4_b+update_halo_kernel2_yvel_minus_4_b
6483	0.000021080	369120	ops_par_loop_group_17	update_halo_kernel3_plus_4_b+update_halo_kernel2_xvel_plus_2_b+update_halo_kernel2_yvel_minus_2_b
6484	0.000019427	123040	ops_par_loop_update_halo_kernel3_plus_2_b_22	update_halo_kernel3_plus_2_b
6485	0.000025439	553536	ops_par_loop_group_19	update_halo_kernel1_l2+update_halo_kernel3_minus_4_a
6486	0.000023254	553536	ops_par_loop_group_20	update_halo_kernel1_l1+update_halo_kernel3_minus_2_a
6487	0.000018696	123008	ops_par_loop_update_halo_kernel3_minus_4_b_25	update_halo_kernel3_minus_4_b
6488	0.000024196	553536	ops_par_loop_group_22	update_halo_kernel1_r2+update_halo_kernel3_minus_2_b
6489	0.000022182	430528	ops_par_loop_update_halo_kernel1_r1_18	update_halo_kernel1_r1
6490	0.000023354	369120	ops_par_loop_group_24	update_halo_kernel4_plus_4_a+update_halo_kernel2_xvel_minus_4_a+update_halo_kernel2_yvel_plus_4_a
6491	0.000021621	369120	ops_par_loop_group_25	update_halo_kernel4_plus_2_a+update_halo_kernel2_xvel_minus_2_a+update_halo_kernel2_yvel_plus_2_a
6492	0.000020739	246080	ops_par_loop_group_26	update_halo_kernel2_xvel_minus_4_b+update_halo_kernel2_yvel_plus_4_b
6493	0.000022502	369120	ops_par_loop_group_27	update_halo_kernel4_plus_4_b+update_halo_kernel2_xvel_minus_2_b+update_halo_kernel2_yvel_plus_2_b
6494	0.000018415	123040	ops_par_loop_update_halo_kernel4_plus_2_b_34	update_halo_kernel4_plus_2_b
6495	0.000563369	591053440	ops_par_loop_advec_cell_kernel1_ydir_35	advec_cell_kernel1_ydir
6496	0.000787685	708203544	ops_par_loop_advec_cell_kernel3_ydir_36	advec_cell_kernel3_ydir
6497	0.001472065	1533542400	ops_par_loop_advec_cell_kernel4_ydir_37	advec_cell_kernel4_ydir
6498	0.000022663	553536	ops_par_loop_group_32	update_halo_kernel1_b2+update_halo_kernel4_minus_4_a
6499	0.000021481	553536	ops_par_loop_group_33	update_halo_kernel1_b1+update_halo_kernel4_minus_2_a
6500	0.000019257	123008	ops_par_loop_update_halo_kernel4_minus_4_b_64	update_halo_kernel4_minus_4_b
6501	0.000020569	553536	ops_par_loop_group_35	update_halo_kernel1_t2+update_halo_kernel4_minus_2_b
6502	0.000020278	430528	ops_par_loop_update_halo_kernel1_t1_41	update_halo_kernel1_t1
6503	0.000023955	430528	ops_par_loop_update_halo_kernel1_l2_42	update_halo_kernel1_l2
6504	0.000020970	430528	ops_par_loop_update_halo_kernel1_l1_43	update_halo_kernel1_l1
6505	0.000022743	430528	ops_par_loop_update_halo_kernel1_r2_44	update_halo_kernel1_r2
6506	0.000022112	430528	ops_par_loop_update_halo_kernel1_r1_45	update_halo_kernel1_r1
6507	0.000019818	123040	ops_par_loop_update_halo_kernel4_plus_4_a_66	update_halo_kernel4_plus_4_a
6508	0.000018355	123040	ops_par_loop_update_halo_kernel4_plus_2_a_67	update_halo_kernel4_plus_2_a
6509	0.000019406	123040	ops_par_loop_update_halo_kernel4_plus_4_b_68	update_halo_kernel4_plus_4_b
6510	0.000018455	123040	ops_par_loop_update_halo_kernel4_plus_2_b_69	update_halo_kernel4_plus_2_b
6511	0.000562037	591053440	ops_par_loop_advec_mom_kernel_y1_70	advec_mom_kernel_y1
6512	0.000191694	236236864	ops_par_loop_advec_mom_kernel_mass_flux_y_71	advec_mom_kernel_mass_flux_y
6513	0.000532060	590438520	ops_par_loop_advec_mom_kernel_post_pre_advec_y_72	advec_mom_kernel_post_pre_advec_y
6514	0.000877065	472258640	ops_par_loop_advec_mom_kernel1_y_nonvector_73	advec_mom_kernel1_y_nonvector
6515	0.000448963	590131240	ops_par_loop_advec_mom_kernel2_y_74	advec_mom_kernel2_y
6516	0.000561266	591053440	ops_par_loop_advec_mom_kernel_y1_75	advec_mom_kernel_y1
6517	0.000191424	236236864	ops_par_loop_advec_mom_kernel_mass_flux_y_76	advec_mom_kernel_mass_flux_y
6518	0.000535567	590438520	ops_par_loop_advec_mom_kernel_post_pre_advec_y_77	advec_mom_kernel_post_pre_advec_y
6519	0.000872737	472258640	ops_par_loop_advec_mom_kernel1_y_nonvector_78	advec_mom_kernel1_y_nonvector
6520	0.000444674	590131240	ops_par_loop_advec_mom_kernel2_y_79	advec_mom_kernel2_y
6521	0.000490852	472842752	ops_par_loop_advec_cell_kernel2_xdir_80	advec_cell_kernel2_xdir
6522	0.000772888	708203544	ops_par_loop_advec_cell_kernel3_xdir_81	advec_cell_kernel3_xdir
6523	0.001462307	1533542400	ops_par_loop_advec_cell_kernel4_xdir_82	advec_cell_kernel4_xdir
6524	0.000023184	553536	ops_par_loop_group_58	update_halo_kernel1_b2+update_halo_kernel4_minus_4_a
6525	0.000021221	553536	ops_par_loop_group_59	update_halo_kernel1_b1+update_halo_kernel4_minus_2_a
6526	0.000021430	369120	ops_par_loop_group_60	update_halo_kernel2_xvel_plus_4_a+update_halo_kernel2_yvel_minus_4_a+update_halo_kernel3_plus_4_a
6527	0.000021470	369120	ops_par_loop_group_61	update_halo_kernel2_xvel_plus_2_a+update_halo_kernel2_yvel_minus_2_a+update_halo_kernel3_plus_2_a
6528	0.000019076	246080	ops_par_loop_group_62	update_halo_kernel2_xvel_plus_4_b+update_halo_kernel2_yvel_minus_4_b
6529	0.000020719	369120	ops_par_loop_group_63	update_halo_kernel2_xvel_plus_2_b+update_halo_kernel2_yvel_minus_2_b+update_halo_kernel3_plus_4_b
6530	0.000021271	246080	ops_par_loop_group_64	update_halo_kernel2_xvel_minus_4_b+update_halo_kernel2_yvel_plus_4_b
6531	0.000021301	123040	ops_par_loop_update_halo_kernel3_plus_2_b_110	update_halo_kernel3_plus_2_b
6532	0.000019668	123008	ops_par_loop_update_halo_kernel3_minus_4_b_113	update_halo_kernel3_minus_4_b
6533	0.000018295	123008	ops_par_loop_update_halo_kernel4_minus_4_b_117	update_halo_kernel4_minus_4_b
6534	0.000021090	553536	ops_par_loop_group_68	update_halo_kernel1_t2+update_halo_kernel4_minus_2_b
6535	0.000021591	430528	ops_par_loop_update_halo_kernel1_t1_86	update_halo_kernel1_t1
6536	0.000026861	553536	ops_par_loop_group_70	update_halo_kernel1_l2+update_halo_kernel3_minus_4_a
6537	0.000023655	553536	ops_par_loop_group_71	update_halo_kernel1_l1+update_halo_kernel3_minus_2_a
6538	0.000024616	553536	ops_par_loop_group_72	update_halo_kernel1_r2+update_halo_kernel3_minus_2_b
6539	0.000021801	430528	ops_par_loop_update_halo_kernel1_r1_90	update_halo_kernel1_r1
6540	0.000023355	369120	ops_par_loop_group_74	update_halo_kernel2_xvel_minus_4_a+update_halo_kernel2_yvel_plus_4_a+update_halo_kernel4_plus_4_a
6541	0.000021791	369120	ops_par_loop_group_75	update_halo_kernel2_xvel_minus_2_a+update_halo_kernel2_yvel_plus_2_a+update_halo_kernel4_plus_2_a
6542	0.000022713	369120	ops_par_loop_group_76	update_halo_kernel2_xvel_minus_2_b+update_halo_kernel2_yvel_plus_2_b+update_halo_kernel4_plus_4_b
6543	0.000019097	123040	ops_par_loop_update_halo_kernel4_plus_2_b_122	update_halo_kernel4_plus_2_b
6544	0.001784469	1416561152	ops_par_loop_group_78	advec_mom_kernel_x2+reset_field_kernel1+ideal_gas_kernel
6545	0.000196693	236236864	ops_par_loop_advec_mom_kernel_mass_flux_x_124	advec_mom_kernel_mass_flux_x
6546	0.000575263	590438520	ops_par_loop_advec_mom_kernel_post_pre_advec_x_125	advec_mom_kernel_post_pre_advec_x
6547	0.000882656	472258640	ops_par_loop_advec_mom_kernel1_x_nonvector_126	advec_mom_kernel1_x_nonvector
6548	0.000447209	590131240	ops_par_loop_advec_mom_kernel2_x_127	advec_mom_kernel2_x
6549	0.000498526	472842752	ops_par_loop_advec_mom_kernel_x2_128	advec_mom_kernel_x2
6550	0.000194499	236236864	ops_par_loop_advec_mom_kernel_mass_flux_x_129	advec_mom_kernel_mass_flux_x
6551	0.000574621	590438520	ops_par_loop_advec_mom_kernel_post_pre_advec_x_130	advec_mom_kernel_post_pre_advec_x
6552	0.000883578	472258640	ops_par_loop_advec_mom_kernel1_x_nonvector_131	advec_mom_kernel1_x_nonvector
6553	0.000730457	1062236232	ops_par_loop_group_87	advec_mom_kernel2_x+reset_field_kernel2
6554	0.000021681	430304	ops_par_loop_update_halo_kernel1_b1_136	update_halo_kernel1_b1
6555	0.000020268	430304	ops_par_loop_update_halo_kernel1_t1_137	update_halo_kernel1_t1
6556	0.000024617	430304	ops_par_loop_update_halo_kernel1_l1_138	update_halo_kernel1_l1
6557	0.000023915	430304	ops_par_loop_update_halo_kernel1_r1_139	update_halo_kernel1_r1
6558	0.000020018	245952	ops_par_loop_group_92	update_halo_kernel2_xvel_plus_2_a+update_halo_kernel2_yvel_minus_2_a
6559	0.000019317	245952	ops_par_loop_group_93	update_halo_kernel2_xvel_plus_2_b+update_halo_kernel2_yvel_minus_2_b
6560	0.000021571	245952	ops_par_loop_group_94	update_halo_kernel2_xvel_minus_2_a+update_halo_kernel2_yvel_plus_2_a
6561	0.000020919	245952	ops_par_loop_group_95	update_halo_kernel2_xvel_minus_2_b+update_halo_kernel2_yvel_plus_2_b
6562	0.001732230	589885440	ops_par_loop_viscosity_kernel_148	viscosity_kernel
6563	0.000020900	430304	ops_par_loop_update_halo_kernel1_b1_149	update_halo_kernel1_b1
6564	0.000019878	430304	ops_par_loop_update_halo_kernel1_t1_150	update_halo_kernel1_t1
6565	0.000024045	430304	ops_par_loop_update_halo_kernel1_l1_151	update_halo_kernel1_l1
6566	0.000022853	430304	ops_par_loop_update_halo_kernel1_r1_152	update_halo_kernel1_r1
6567	0.000917202	1061744640	ops_par_loop_calc_dt_kernel_153	calc_dt_kernel
6568	0.001478888	1887436800	ops_par_loop_group_0	PdV_kernel_predict+ideal_gas_kernel
6569	0.000021902	430304	ops_par_loop_update_halo_kernel1_b1_2	update_halo_kernel1_b1
6570	0.000019708	430304	ops_par_loop_update_halo_kernel1_t1_3	update_halo_kernel1_t1
6571	0.000024416	430304	ops_par_loop_update_halo_kernel1_l1_4	update_halo_kernel1_l1
6572	0.000023444	430304	ops_par_loop_update_halo_kernel1_r1_5	update_halo_kernel1_r1
6573	0.001558259	1770147928	ops_par_loop_group_5	revert_kernel+accelerate_kernel
6574	0.001357478	1651507200	ops_par_loop_PdV_kernel_nopredict_8	PdV_kernel_nopredict
6575	0.000362398	471982080	ops_par_loop_flux_calc_kernelx_9	flux_calc_kernelx
6576	0.000357559	471982080	ops_par_loop_flux_calc_kernely_10	flux_calc_kernely
6577	0.000022392	553536	ops_par_loop_group_9	update_halo_kernel1_b2+update_halo_kernel4_minus_4_a
6578	0.000021521	553536	ops_par_loop_group_10	update_halo_kernel1_b1+update_halo_kernel4_minus_2_a
6579	0.000021851	369120	ops_par_loop_group_11	update_halo_kernel3_plus_4_a+update_halo_kernel2_xvel_plus_4_a+update_halo_kernel2_yvel_minus_4_a
6580	0.000021080	369120	ops_par_loop_group_12	update_halo_kernel3_plus_2_a+update_halo_kernel2_xvel_plus_2_a+update_halo_kernel2_yvel_minus_2_a
6581	0.000018635	123008	ops_par_loop_update_halo_kernel4_minus_4_b_29	update_halo_kernel4_minus_4_b
6582	0.000020319	553536	ops_par_loop_group_14	update_halo_kernel1_t2+update_halo_kernel4_minus_2_b
6583	0.000020158	430528	ops_par_loop_update_halo_kernel1_t1_14	update_halo_kernel1_t1
6584	0.000019868	246080	ops_par_loop_group_16	update_halo_kernel2_xvel_plus_4_b+update_halo_kernel2_yvel_minus_4_b
6585	0.000020038	369120	ops_par_loop_group_17	update_halo_kernel3_plus_4_b+update_halo_kernel2_xvel_plus_2_b+update_halo_kernel2_yvel_minus_2_b
6586	0.000018485	123040	ops_par_loop_update_halo_kernel3_plus_2_b_22	update_halo_kernel3_plus_2_b
6587	0.000025569	553536	ops_par_loop_group_19	update_halo_kernel1_l2+update_halo_kernel3_minus_4_a
6588	0.000023284	553536	ops_par_loop_group_20	update_halo_kernel1_l1+update_halo_kernel3_minus_2_a
6589	0.000019076	123008	ops_par_loop_update_halo_kernel3_minus_4_b_25	update_halo_kernel3_minus_4_b
6590	0.000024066	553536	ops_par_loop_group_22	update_halo_kernel1_r2+update_halo_kernel3_minus_2_b
6591	0.000022002	430528	ops_par_loop_update_halo_kernel1_r1_18	update_halo_kernel1_r1
6592	0.000023364	369120	ops_par_loop_group_24	update_halo_kernel4_plus_4_a+update_halo_kernel2_xvel_minus_4_a+update_halo_kernel2_yvel_plus_4_a
6593	0.000021491	369120	ops_par_loop_group_25	update_halo_kernel4_plus_2_a+update_halo_kernel2_xvel_minus_2_a+update_halo_kernel2_yvel_plus_2_a
6594	0.000020729	246080	ops_par_loop_group_26	update_halo_kernel2_xvel_minus_4_b+update_halo_kernel2_yvel_plus_4_b
6595	0.000022593	369120	ops_par_loop_group_27	update_halo_kernel4_plus_4_b+update_halo_kernel2_xvel_minus_2_b+update_halo_kernel2_yvel_plus_2_b
6596	0.000018785	123040	ops_par_loop_update_halo_kernel4_plus_2_b_34	update_halo_kernel4_plus_2_b
6597	0.000563089	591053440	ops_par_loop_advec_cell_kernel1_xdir_35	advec_cell_kernel1_xdir
6598	0.000773078	708203544	ops_par_loop_advec_cell_kernel3_xdir_36	advec_cell_kernel3_xdir
6599	0.001456445	1533542400	ops_par_loop_advec_cell_kernel4_xdir_37	advec_cell_kernel4_xdir
6600	0.000021141	430528	ops_par_loop_update_halo_kernel1_b2_38	update_halo_kernel1_b2
6601	0.000020178	430528	ops_par_loop_update_halo_kernel1_b1_39	update_halo_kernel1_b1
6602	0.000020098	430528	ops_par_loop_update_halo_kernel1_t2_40	update_halo_kernel1_t2
6603	0.000020318	430528	ops_par_loop_update_halo_kernel1_t1_41	update_halo_kernel1_t1
6604	0.000018616	123040	ops_par_loop_update_halo_kernel3_plus_4_a_62	update_halo_kernel3_plus_4_a
6605	0.000018485	123040	ops_par_loop_update_halo_kernel3_plus_2_a_63	update_halo_kernel3_plus_2_a
6606	0.000018265	123040	ops_par_loop_update_halo_kernel3_plus_4_b_64	update_halo_kernel3_plus_4_b
6607	0.000023695	123040	ops_par_loop_update_halo_kernel3_plus_2_b_65	update_halo_kernel3_plus_2_b
6608	0.000026740	553536	ops_par_loop_group_40	update_halo_kernel1_l2+update_halo_kernel3_minus_4_a
6609	0.000024136	553536	ops_par_loop_group_41	update_halo_kernel1_l1+update_halo_kernel3_minus_2_a
6610	0.000019367	123008	ops_par_loop_update_halo_kernel3_minus_4_b_68	update_halo_kernel3_minus_4_b
6611	0.000024346	553536	ops_par_loop_group_43	update_halo_kernel1_r2+update_halo_kernel3_minus_2_b
6612	0.000021420	430528	ops_par_loop_update_halo_kernel1_r1_45	update_halo_kernel1_r1
6613	0.000562408	591053440	ops_par_loop_advec_mom_kernel_x1_70	advec_mom_kernel_x1
6614	0.000193508	236236864	ops_par_loop_advec_mom_kernel_mass_flux_x_71	advec_mom_kernel_mass_flux_x
6615	0.000577487	590438520	ops_par_loop_advec_mom_kernel_post_pre_advec_x_72	advec_mom_kernel_post_pre_advec_x
6616	0.000881805	472258640	ops_par_loop_advec_mom_kernel1_x_nonvector_73	advec_mom_kernel1_x_nonvector
6617	0.000450916	590131240	ops_par_loop_advec_mom_kernel2_x_74	advec_mom_kernel2_x
6618	0.000561096	591053440	ops_par_loop_advec_mom_kernel_x1_75	advec_mom_kernel_x1
6619	0.000193668	236236864	ops_par_loop_advec_mom_kernel_mass_flux_x_76	advec_mom_kernel_mass_flux_x
6620	0.000574420	590438520	ops_par_loop_advec_mom_kernel_post_pre_advec_x_77	advec_mom_kernel_post_pre_advec_x
6621	0.000884890	472258640	ops_par_loop_advec_mom_kernel1_x_nonvector_78	advec_mom_kernel1_x_nonvector
6622	0.000450135	590131240	ops_par_loop_advec_mom_kernel2_x_79	advec_mom_kernel2_x
6623	0.000497154	472842752	ops_par_loop_advec_cell_kernel2_ydir_80	advec_cell_kernel2_ydir
6624	0.000792255	708203544	ops_par_loop_advec_cell_kernel3_ydir_81	advec_cell_kernel3_ydir
6625	0.001475001	1533542400	ops_par_loop_advec_cell_kernel4_ydir_82	advec_cell_kernel4_ydir
6626	0.000022533	553536	ops_par_loop_group_58	update_halo_kernel1_b2+update_halo_kernel4_minus_4_a
6627	0.000021892	553536	ops_par_loop_group_59	update_halo_kernel1_b1+update_halo_kernel4_minus_2_a
6628	0.000021801	369120	ops_par_loop_group_60	update_halo_kernel2_xvel_plus_4_a+update_halo_kernel2_yvel_minus_4_a+update_halo_kernel3_plus_4_a
6629	0.000021792	369120	ops_par_loop_group_61	update_halo_kernel2_xvel_plus_2_a+update_halo_kernel2_yvel_minus_2_a+update_halo_kernel3_plus_2_a
6630	0.000019397	246080	ops_par_loop_group_62	update_halo_kernel2_xvel_plus_4_b+update_halo_kernel2_yvel_minus_4_b
6631	0.000020939	369120	ops_par_loop_group_63	update_halo_kernel2_xvel_plus_2_b+update_halo_kernel2_yvel_minus_2_b+update_halo_kernel3_plus_4_b
6632	0.000021921	246080	ops_par_loop_group_64	update_halo_kernel2_xvel_minus_4_b+update_halo_kernel2_yvel_plus_4_b
6633	0.000019587	123040	ops_par_loop_update_halo_kernel3_plus_2_b_110	update_halo_kernel3_plus_2_b
6634	0.000019367	123008	ops_par_loop_update_halo_kernel3_minus_4_b_113	update_halo_kernel3_minus_4_b
6635	0.000018726	123008	ops_par_loop_update_halo_kernel4_minus_4_b_117	update_halo_kernel4_minus_4_b
6636	0.000021311	553536	ops_par_loop_group_68	update_halo_kernel1_t2+update_halo_kernel4_minus_2_b
6637	0.000020659	430528	ops_par_loop_update_halo_kernel1_t1_86	update_halo_kernel1_t1
6638	0.000026911	553536	ops_par_loop_group_70	update_halo_kernel1_l2+update_halo_kernel3_minus_4_a
6639	0.000023434	553536	ops_par_loop_group_71	update_halo_kernel1_l1+update_halo_kernel3_minus_2_a
6640	0.000024767	553536	ops_par_loop_group_72	update_halo_kernel1_r2+update_halo_kernel3_minus_2_b
6641	0.000021481	430528	ops_par_loop_update_halo_kernel1_r1_90	update_halo_kernel1_r1
6642	0.000023354	369120	ops_par_loop_group_74	update_halo_kernel2_xvel_minus_4_a+update_halo_kernel2_yvel_plus_4_a+update_halo_kernel4_plus_4_a
6643	0.000021421	369120	ops_par_loop_group_75	update_halo_kernel2_xvel_minus_2_a+update_halo_kernel2_yvel_plus_2_a+update_halo_kernel4_plus_2_a
6644	0.000023044	369120	ops_par_loop_group_76	update_halo_kernel2_xvel_minus_2_b+update_halo_kernel2_yvel_plus_2_b+update_halo_kernel4_plus_4_b
6645	0.000018666	123040	ops_par_loop_update_halo_kernel4_plus_2_b_122	update_halo_kernel4_plus_2_b
6646	0.001789208	1416561152	ops_par_loop_group_78	advec_mom_kernel_y2+reset_field_kernel1+ideal_gas_kernel
6647	0.000195331	236236864	ops_par_loop_advec_mom_kernel_mass_flux_y_124	advec_mom_kernel_mass_flux_y
6648	0.000538632	590438520	ops_par_loop_advec_mom_kernel_post_pre_advec_y_125	advec_mom_kernel_post_pre_advec_y
6649	0.000877467	472258640	ops_par_loop_advec_mom_kernel1_y_nonvector_126	advec_mom_kernel1_y_nonvector
6650	0.000449614	590131240	ops_par_loop_advec_mom_kernel2_y_127	advec_mom_kernel2_y
6651	0.000490862	472842752	ops_par_loop_advec_mom_kernel_y2_128	advec_mom_kernel_y2
6652	0.000192035	236236864	ops_par_loop_advec_mom_kernel_mass_flux_y_129	advec_mom_kernel_mass_flux_y
6653	0.000532612	590438520	ops_par_loop_advec_mom_kernel_post_pre_advec_y_130	advec_mom_kernel_post_pre_advec_y
6654	0.000873018	472258640	ops_par_loop_advec_mom_kernel1_y_nonvector_131	advec_mom_kernel1_y_nonvector
6655	0.000736298	1062236232	ops_par_loop_group_87	advec_mom_kernel2_y+reset_field_kernel2
6656	0.000021611	430304	ops_par_loop_update_halo_kernel1_b1_136	update_halo_kernel1_b1
6657	0.000020299	430304	ops_par_loop_update_halo_kernel1_t1_137	update_halo_kernel1_t1
6658	0.000024547	430304	ops_par_loop_update_halo_kernel1_l1_138	update_halo_kernel1_l1
6659	0.000023985	430304	ops_par_loop_update_halo_kernel1_r1_139	update_halo_kernel1_r1
6660	0.000019627	245952	ops_par_loop_group_92	update_halo_kernel2_xvel_plus_2_a+update_halo_kernel2_yvel_minus_2_a
6661	0.000019126	245952	ops_par_loop_group_93	update_halo_kernel2_xvel_plus_2_b+update_halo_kernel2_yvel_minus_2_b
6662	0.000021000	245952	ops_par_loop_group_94	update_halo_kernel2_xvel_minus_2_a+update_halo_kernel2_yvel_plus_2_a
6663	0.000021271	245952	ops_par_loop_group_95	update_halo_kernel2_xvel_minus_2_b+update_halo_kernel2_yvel_plus_2_b
6664	0.001731057	589885440	ops_par_loop_viscosity_kernel_148	viscosity_kernel
6665	0.000025298	430304	ops_par_loop_update_halo_kernel1_b1_149	update_halo_kernel1_b1
6666	0.000020870	430304	ops_par_loop_update_halo_kernel1_t1_150	update_halo_kernel1_t1
6667	0.000026250	430304	ops_par_loop_update_halo_kernel1_l1_151	update_halo_kernel1_l1
6668	0.000026921	430304	ops_par_loop_update_halo_kernel1_r1_152	update_halo_kernel1_r1
6669	0.000918615	1061744640	ops_par_loop_calc_dt_kernel_153	calc_dt_kernel
6670	0.001493777	1887436800	ops_par_loop_group_0	PdV_kernel_predict+ideal_gas_kernel
6671	0.000022333	430304	ops_par_loop_update_halo_kernel1_b1_2	update_halo_kernel1_b1
6672	0.000020499	430304	ops_par_loop_update_halo_kernel1_t1_3	update_halo_kernel1_t1
6673	0.000028374	430304	ops_par_loop_update_halo_kernel1_l1_4	update_halo_kernel1_l1
6674	0.000024276	430304	ops_par_loop_update_halo_kernel1_r1_5	update_halo_kernel1_r1
6675	0.001557848	1770147928	ops_par_loop_group_5	revert_kernel+accelerate_kernel
6676	0.001358660	1651507200	ops_par_loop_PdV_kernel_nopredict_8	PdV_kernel_nopredict
6677	0.000367909	471982080	ops_par_loop_flux_calc_kernelx_9	flux_calc_kernelx
6678	0.000357720	471982080	ops_par_loop_flux_calc_kernely_10	flux_calc_kernely
6679	0.000022102	553536	ops_par_loop_group_9	update_halo_kernel1_b2+update_halo_kernel4_minus_4_a
6680	0.000020269	553536	ops_par_loop_group_10	update_halo_kernel1_b1+update_halo_kernel4_minus_2_a
6681	0.000021330	369120	ops_par_loop_group_11	update_halo_kernel3_plus_4_a+update_halo_kernel2_xvel_plus_4_a+update_halo_kernel2_yvel_minus_4_a
6682	0.000020930	369120	ops_par_loop_group_12	update_halo_kernel3_plus_2_a+update_halo_kernel2_xvel_plus_2_a+update_halo_kernel2_yvel_minus_2_a
6683	0.000018515	123008	ops_par_loop_update_halo_kernel4_minus_4_b_29	update_halo_kernel4_minus_4_b
6684	0.000020939	553536	ops_par_loop_group_14	update_halo_kernel1_t2+update_halo_kernel4_minus_2_b
6685	0.000020639	430528	ops_par_loop_update_halo_kernel1_t1_14	update_halo_kernel1_t1
6686	0.000020248	246080	ops_par_loop_group_16	update_halo_kernel2_xvel_plus_4_b+update_halo_kernel2_yvel_minus_4_b
6687	0.000020569	369120	ops_par_loop_group_17	update_halo_kernel3_plus_4_b+update_halo_kernel2_xvel_plus_2_b+update_halo_kernel2_yvel_minus_2_b
6688	0.000021841	123040	ops_par_loop_update_halo_kernel3_plus_2_b_22	update_halo_kernel3_plus_2_b
6689	0.000026219	553536	ops_par_loop_group_19	update_halo_kernel1_l2+update_halo_kernel3_minus_4_a
6690	0.000023064	553536	ops_par_loop_group_20	update_halo_kernel1_l1+update_halo_kernel3_minus_2_a
6691	0.000019467	123008	ops_par_loop_update_halo_kernel3_minus_4_b_25	update_halo_kernel3_minus_4_b
6692	0.000024477	553536	ops_par_loop_group_22	update_halo_kernel1_r2+update_halo_kernel3_minus_2_b
6693	0.000021040	430528	ops_par_loop_update_halo_kernel1_r1_18	update_halo_kernel1_r1
6694	0.000023745	369120	ops_par_loop_group_24	update_halo_kernel4_plus_4_a+update_halo_kernel2_xvel_minus_4_a+update_halo_kernel2_yvel_plus_4_a
6695	0.000021501	369120	ops_par_loop_group_25	update_halo_kernel4_plus_2_a+update_halo_kernel2_xvel_minus_2_a+update_halo_kernel2_yvel_plus_2_a
6696	0.000020589	246080	ops_par_loop_group_26	update_halo_kernel2_xvel_minus_4_b+update_halo_kernel2_yvel_plus_4_b
6697	0.000021671	369120	ops_par_loop_group_27	update_halo_kernel4_plus_4_b+update_halo_kernel2_xvel_minus_2_b+update_halo_kernel2_yvel_plus_2_b
6698	0.000018856	123040	ops_par_loop_update_halo_kernel4_plus_2_b_34	update_halo_kernel4_plus_2_b
6699	0.000564032	591053440	ops_par_loop_advec_cell_kernel1_ydir_35	advec_cell_kernel1_ydir
6700	0.000787546	708203544	ops_par_loop_advec_cell_kernel3_ydir_36	advec_cell_kernel3_ydir
6701	0.001473969	1533542400	ops_par_loop_advec_cell_kernel4_ydir_37	advec_cell_kernel4_ydir
6702	0.000022663	553536	ops_par_loop_group_32	update_halo_kernel1_b2+update_halo_kernel4_minus_4_a
6703	0.000021110	553536	ops_par_loop_group_33	update_halo_kernel1_b1+update_halo_kernel4_minus_2_a
6704	0.000018215	123008	ops_par_loop_update_halo_kernel4_minus_4_b_64	update_halo_kernel4_minus_4_b
6705	0.000020849	553536	ops_par_loop_group_35	update_halo_kernel1_t2+update_halo_kernel4_minus_2_b
6706	0.000020248	430528	ops_par_loop_update_halo_kernel1_t1_41	update_halo_kernel1_t1
6707	0.000024136	430528	ops_par_loop_update_halo_kernel1_l2_42	update_halo_kernel1_l2
6708	0.000021130	430528	ops_par_loop_update_halo_kernel1_l1_43	update_halo_kernel1_l1
6709	0.000023204	430528	ops_par_loop_update_halo_kernel1_r2_44	update_halo_kernel1_r2
6710	0.000021441	430528	ops_par_loop_update_halo_kernel1_r1_45	update_halo_kernel1_r1
6711	0.000020459	123040	ops_par_loop_update_halo_kernel4_plus_4_a_66	update_halo_kernel4_plus_4_a
6712	0.000017764	123040	ops_par_loop_update_halo_kernel4_plus_2_a_67	update_halo_kernel4_plus_2_a
6713	0.000018816	123040	ops_par_loop_update_halo_kernel4_plus_4_b_68	update_halo_kernel4_plus_4_b
6714	0.000018555	123040	ops_par_loop_update_halo_kernel4_plus_2_b_69	update_halo_kernel4_plus_2_b
6715	0.000560875	591053440	ops_par_loop_advec_mom_kernel_y1_70	advec_mom_kernel_y1
6716	0.000191433	236236864	ops_par_loop_advec_mom_kernel_mass_flux_y_71	advec_mom_kernel_mass_flux_y
6717	0.000531369	590438520	ops_par_loop_advec_mom_kernel_post_pre_advec_y_72	advec_mom_kernel_post_pre_advec_y
6718	0.000876935	472258640	ops_par_loop_advec_mom_kernel1_y_nonvector_73	advec_mom_kernel1_y_nonvector
6719	0.000450906	590131240	ops_par_loop_advec_mom_kernel2_y_74	advec_mom_kernel2_y
6720	0.000560775	591053440	ops_par_loop_advec_mom_kernel_y1_75	advec_mom_kernel_y1
6721	0.000191033	236236864	ops_par_loop_advec_mom_kernel_mass_flux_y_76	advec_mom_kernel_mass_flux_y
6722	0.000531149	590438520	ops_par_loop_advec_mom_kernel_post_pre_advec_y_77	advec_mom_kernel_post_pre_advec_y
6723	0.000872657	472258640	ops_par_loop_advec_mom_kernel1_y_nonvector_78	advec_mom_kernel1_y_nonvector
6724	0.000453752	590131240	ops_par_loop_advec_mom_kernel2_y_79	advec_mom_kernel2_y
6725	0.000491604	472842752	ops_par_loop_advec_cell_kernel2_xdir_80	advec_cell_kernel2_xdir
6726	0.000775072	708203544	ops_par_loop_advec_cell_kernel3_xdir_81	advec_cell_kernel3_xdir
6727	0.001465693	1533542400	ops_par_loop_advec_cell_kernel4_xdir_82	advec_cell_kernel4_xdir
6728	0.000022342	553536	ops_par_loop_group_58	update_halo_kernel1_b2+update_halo_kernel4_minus_4_a
6729	0.000021771	553536	ops_par_loop_group_59	update_halo_kernel1_b1+update_halo_kernel4_minus_2_a
6730	0.000020800	369120	ops_par_loop_group_60	update_halo_kernel2_xvel_plus_4_a+update_halo_kernel2_yvel_minus_4_a+update_halo_kernel3_plus_4_a
6731	0.000020689	369120	ops_par_loop_group_61	update_halo_kernel2_xvel_plus_2_a+update_halo_kernel2_yvel_minus_2_a+update_halo_kernel3_plus_2_a
6732	0.000019667	246080	ops_par_loop_group_62	update_halo_kernel2_xvel_plus_4_b+update_halo_kernel2_yvel_minus_4_b
6733	0.000020359	369120	ops_par_loop_group_63	update_halo_kernel2_xvel_plus_2_b+update_halo_kernel2_yvel_minus_2_b+update_halo_kernel3_plus_4_b
6734	0.000022042	246080	ops_par_loop_group_64	update_halo_kernel2_xvel_minus_4_b+update_halo_kernel2_yvel_plus_4_b
6735	0.000019797	123040	ops_par_loop_update_halo_kernel3_plus_2_b_110	update_halo_kernel3_plus_2_b
6736	0.000019327	123008	ops_par_loop_update_halo_kernel3_minus_4_b_113	update_halo_kernel3_minus_4_b
6737	0.000018385	123008	ops_par_loop_update_halo_kernel4_minus_4_b_117	update_halo_kernel4_minus_4_b
6738	0.000021040	553536	ops_par_loop_group_68	update_halo_kernel1_t2+update_halo_kernel4_minus_2_b
6739	0.000020949	430528	ops_par_loop_update_halo_kernel1_t1_86	update_halo_kernel1_t1
6740	0.000026020	553536	ops_par_loop_group_70	update_halo_kernel1_l2+update_halo_kernel3_minus_4_a
6741	0.000023134	553536	ops_par_loop_group_71	update_halo_kernel1_l1+update_halo_kernel3_minus_2_a
6742	0.000025989	553536	ops_par_loop_group_72	update_halo_kernel1_r2+update_halo_kernel3_minus_2_b
6743	0.000022172	430528	ops_par_loop_update_halo_kernel1_r1_90	update_halo_kernel1_r1
6744	0.000022984	369120	ops_par_loop_group_74	update_halo_kernel2_xvel_minus_4_a+update_halo_kernel2_yvel_plus_4_a+update_halo_kernel4_plus_4_a
6745	0.000022072	369120	ops_par_loop_group_75	update_halo_kernel2_xvel_minus_2_a+update_halo_kernel2_yvel_plus_2_a+update_halo_kernel4_plus_2_a
6746	0.000021941	369120	ops_par_loop_group_76	update_halo_kernel2_xvel_minus_2_b+update_halo_kernel2_yvel_plus_2_b+update_halo_kernel4_plus_4_b
6747	0.000019467	123040	ops_par_loop_update_halo_kernel4_plus_2_b_122	update_halo_kernel4_plus_2_b
6748	0.001794869	1416561152	ops_par_loop_group_78	advec_mom_kernel_x2+reset_field_kernel1+ideal_gas_kernel
6749	0.000196453	236236864	ops_par_loop_advec_mom_kernel_mass_flux_x_124	advec_mom_kernel_mass_flux_x
6750	0.000574161	590438520	ops_par_loop_advec_mom_kernel_post_pre_advec_x_125	advec_mom_kernel_post_pre_advec_x
6751	0.000882746	472258640	ops_par_loop_advec_mom_kernel1_x_nonvector_126	advec_mom_kernel1_x_nonvector
6752	0.000447530	590131240	ops_par_loop_advec_mom_kernel2_x_127	advec_mom_kernel2_x
6753	0.000496282	472842752	ops_par_loop_advec_mom_kernel_x2_128	advec_mom_kernel_x2
6754	0.000194149	236236864	ops_par_loop_advec_mom_kernel_mass_flux_x_129	advec_mom_kernel_mass_flux_x
6755	0.000572998	590438520	ops_par_loop_advec_mom_kernel_post_pre_advec_x_130	advec_mom_kernel_post_pre_advec_x
6756	0.000883638	472258640	ops_par_loop_advec_mom_kernel1_x_nonvector_131	advec_mom_kernel1_x_nonvector
6757	0.000736328	1062236232	ops_par_loop_group_87	advec_mom_kernel2_x+reset_field_kernel2
6758	0.000022443	430304	ops_par_loop_update_halo_kernel1_b1_136	update_halo_kernel1_b1
6759	0.000020309	430304	ops_par_loop_update_halo_kernel1_t1_137	update_halo_kernel1_t1
6760	0.000024196	430304	ops_par_loop_update_halo_kernel1_l1_138	update_halo_kernel1_l1
6761	0.000023835	430304	ops_par_loop_update_halo_kernel1_r1_139	update_halo_kernel1_r1
6762	0.000019126	245952	ops_par_loop_group_92	update_halo_kernel2_xvel_plus_2_a+update_halo_kernel2_yvel_minus_2_a
6763	0.000019578	245952	ops_par_loop_group_93	update_halo_kernel2_xvel_plus_2_b+update_halo_kernel2_yvel_minus_2_b
6764	0.000021250	245952	ops_par_loop_group_94	update_halo_kernel2_xvel_minus_2_a+update_halo_kernel2_yvel_plus_2_a
6765	0.000021300	245952	ops_par_loop_group_95	update_halo_kernel2_xvel_minus_2_b+update_halo_kernel2_yvel_plus_2_b
6766	0.001732640	589885440	ops_par_loop_viscosity_kernel_148	viscosity_kernel
6767	0.000021621	430304	ops_par_loop_update_halo_kernel1_b1_149	update_halo_kernel1_b1
6768	0.000020329	430304	ops_par_loop_update_halo_kernel1_t1_150	update_halo_kernel1_t1
6769	0.000023315	430304	ops_par_loop_update_halo_kernel1_l1_151	update_halo_kernel1_l1
6770	0.000023384	430304	ops_par_loop_update_halo_kernel1_r1_152	update_halo_kernel1_r1
6771	0.000916451	1061744640	ops_par_loop_calc_dt_kernel_153	calc_dt_kernel
6772	0.001484349	1887436800	ops_par_loop_group_0	PdV_kernel_predict+ideal_gas_kernel
6773	0.000023034	430304	ops_par_loop_update_halo_kernel1_b1_2	update_halo_kernel1_b1
6774	0.000019937	430304	ops_par_loop_update_halo_kernel1_t1_3	update_halo_kernel1_t1
6775	0.000023675	430304	ops_par_loop_update_halo_kernel1_l1_4	update_halo_kernel1_l1
6776	0.000023705	430304	ops_par_loop_update_halo_kernel1_r1_5	update_halo_kernel1_r1
6777	0.001555474	1770147928	ops_par_loop_group_5	revert_kernel+accelerate_kernel
6778	0.001357458	1651507200	ops_par_loop_PdV_kernel_nopredict_8	PdV_kernel_nopredict
6779	0.000364422	471982080	ops_par_loop_flux_calc_kernelx_9	flux_calc_kernelx
6780	0.000358441	471982080	ops_par_loop_flux_calc_kernely_10	flux_calc_kernely
6781	0.000022032	553536	ops_par_loop_group_9	update_halo_kernel1_b2+update_halo_kernel4_minus_4_a
6782	0.000021371	553536	ops_par_loop_group_10	update_halo_kernel1_b1+update_halo_kernel4_minus_2_a
6783	0.000021320	369120	ops_par_loop_group_11	update_halo_kernel3_plus_4_a+update_halo_kernel2_xvel_plus_4_a+update_halo_kernel2_yvel_minus_4_a
6784	0.000020239	369120	ops_par_loop_group_12	update_halo_kernel3_plus_2_a+update_halo_kernel2_xvel_plus_2_a+update_halo_kernel2_yvel_minus_2_a
6785	0.000018735	123008	ops_par_loop_update_halo_kernel4_minus_4_b_29	update_halo_kernel4_minus_4_b
6786	0.000021090	553536	ops_par_loop_group_14	update_halo_kernel1_t2+update_halo_kernel4_minus_2_b
6787	0.000020038	430528	ops_par_loop_update_halo_kernel1_t1_14	update_halo_kernel1_t1
6788	0.000019306	246080	ops_par_loop_group_16	update_halo_kernel2_xvel_plus_4_b+update_halo_kernel2_yvel_minus_4_b
6789	0.000020349	369120	ops_par_loop_group_17	update_halo_kernel3_plus_4_b+update_halo_kernel2_xvel_plus_2_b+update_halo_kernel2_yvel_minus_2_b
6790	0.000019416	123040	ops_par_loop_update_halo_kernel3_plus_2_b_22	update_halo_kernel3_plus_2_b
6791	0.000025659	553536	ops_par_loop_group_19	update_halo_kernel1_l2+update_halo_kernel3_minus_4_a
6792	0.000023074	553536	ops_par_loop_group_20	update_halo_kernel1_l1+update_halo_kernel3_minus_2_a
6793	0.000019527	123008	ops_par_loop_update_halo_kernel3_minus_4_b_25	update_halo_kernel3_minus_4_b
6794	0.000024356	553536	ops_par_loop_group_22	update_halo_kernel1_r2+update_halo_kernel3_minus_2_b
6795	0.000021541	430528	ops_par_loop_update_halo_kernel1_r1_18	update_halo_kernel1_r1
6796	0.000023895	369120	ops_par_loop_group_24	update_halo_kernel4_plus_4_a+update_halo_kernel2_xvel_minus_4_a+update_halo_kernel2_yvel_plus_4_a
6797	0.000021972	369120	ops_par_loop_group_25	update_halo_kernel4_plus_2_a+update_halo_kernel2_xvel_minus_2_a+update_halo_kernel2_yvel_plus_2_a
6798	0.000021150	246080	ops_par_loop_group_26	update_halo_kernel2_xvel_minus_4_b+update_halo_kernel2_yvel_plus_4_b
6799	0.000022703	369120	ops_par_loop_group_27	update_halo_kernel4_plus_4_b+update_halo_kernel2_xvel_minus_2_b+update_halo_kernel2_yvel_plus_2_b
6800	0.000018205	123040	ops_par_loop_update_halo_kernel4_plus_2_b_34	update_halo_kernel4_plus_2_b
6801	0.000561035	591053440	ops_par_loop_advec_cell_kernel1_xdir_35	advec_cell_kernel1_xdir
6802	0.000772657	708203544	ops_par_loop_advec_cell_kernel3_xdir_36	advec_cell_kernel3_xdir
6803	0.001464030	1533542400	ops_par_loop_advec_cell_kernel4_xdir_37	advec_cell_kernel4_xdir
6804	0.000021050	430528	ops_par_loop_update_halo_kernel1_b2_38	update_halo_kernel1_b2
6805	0.000019918	430528	ops_par_loop_update_halo_kernel1_b1_39	update_halo_kernel1_b1
6806	0.000020499	430528	ops_par_loop_update_halo_kernel1_t2_40	update_halo_kernel1_t2
6807	0.000020349	430528	ops_par_loop_update_halo_kernel1_t1_41	update_halo_kernel1_t1
6808	0.000019708	123040	ops_par_loop_update_halo_kernel3_plus_4_a_62	update_halo_kernel3_plus_4_a
6809	0.000019737	123040	ops_par_loop_update_halo_kernel3_plus_2_a_63	update_halo_kernel3_plus_2_a
6810	0.000018084	123040	ops_par_loop_update_halo_kernel3_plus_4_b_64	update_halo_kernel3_plus_4_b
6811	0.000017934	123040	ops_par_loop_update_halo_kernel3_plus_2_b_65	update_halo_kernel3_plus_2_b
6812	0.000026080	553536	ops_par_loop_group_40	update_halo_kernel1_l2+update_halo_kernel3_minus_4_a
6813	0.000023304	553536	ops_par_loop_group_41	update_halo_kernel1_l1+update_halo_kernel3_minus_2_a
6814	0.000019096	123008	ops_par_loop_update_halo_kernel3_minus_4_b_68	update_halo_kernel3_minus_4_b
6815	0.000024897	553536	ops_par_loop_group_43	update_halo_kernel1_r2+update_halo_kernel3_minus_2_b
6816	0.000021872	430528	ops_par_loop_update_halo_kernel1_r1_45	update_halo_kernel1_r1
6817	0.000562668	591053440	ops_par_loop_advec_mom_kernel_x1_70	advec_mom_kernel_x1
6818	0.000193317	236236864	ops_par_loop_advec_mom_kernel_mass_flux_x_71	advec_mom_kernel_mass_flux_x
6819	0.000575463	590438520	ops_par_loop_advec_mom_kernel_post_pre_advec_x_72	advec_mom_kernel_post_pre_advec_x
6820	0.000881484	472258640	ops_par_loop_advec_mom_kernel1_x_nonvector_73	advec_mom_kernel1_x_nonvector
6821	0.000447761	590131240	ops_par_loop_advec_mom_kernel2_x_74	advec_mom_kernel2_x
6822	0.000561727	591053440	ops_par_loop_advec_mom_kernel_x1_75	advec_mom_kernel_x1
6823	0.000193658	236236864	ops_par_loop_advec_mom_kernel_mass_flux_x_76	advec_mom_kernel_mass_flux_x
6824	0.000574000	590438520	ops_par_loop_advec_mom_kernel_post_pre_advec_x_77	advec_mom_kernel_post_pre_advec_x
6825	0.000887114	472258640	ops_par_loop_advec_mom_kernel1_x_nonvector_78	advec_mom_kernel1_x_nonvector
6826	0.000442811	590131240	ops_par_loop_advec_mom_kernel2_x_79	advec_mom_kernel2_x
6827	0.000496703	472842752	ops_par_loop_advec_cell_kernel2_ydir_80	advec_cell_kernel2_ydir
6828	0.000787606	708203544	ops_par_loop_advec_cell_kernel3_ydir_81	advec_cell_kernel3_ydir
6829	0.001470443	1533542400	ops_par_loop_advec_cell_kernel4_ydir_82	advec_cell_kernel4_ydir
6830	0.000022833	553536	ops_par_loop_group_58	update_halo_kernel1_b2+update_halo_kernel4_minus_4_a
6831	0.000021782	553536	ops_par_loop_group_59	update_halo_kernel1_b1+update_halo_kernel4_minus_2_a
6832	0.000020930	369120	ops_par_loop_group_60	update_halo_kernel2_xvel_plus_4_a+update_halo_kernel2_yvel_minus_4_a+update_halo_kernel3_plus_4_a
6833	0.000021531	369120	ops_par_loop_group_61	update_halo_kernel2_xvel_plus_2_a+update_halo_kernel2_yvel_minus_2_a+update_halo_kernel3_plus_2_a
6834	0.000019898	246080	ops_par_loop_group_62	update_halo_kernel2_xvel_plus_4_b+update_halo_kernel2_yvel_minus_4_b
6835	0.000020449	369120	ops_par_loop_group_63	update_halo_kernel2_xvel_plus_2_b+update_halo_kernel2_yvel_minus_2_b+update_halo_kernel3_plus_4_b
6836	0.000021651	246080	ops_par_loop_group_64	update_halo_kernel2_xvel_minus_4_b+update_halo_kernel2_yvel_plus_4_b
6837	0.000019427	123040	ops_par_loop_update_halo_kernel3_plus_2_b_110	update_halo_kernel3_plus_2_b
6838	0.000019076	123008	ops_par_loop_update_halo_kernel3_minus_4_b_113	update_halo_kernel3_minus_4_b
6839	0.000018596	123008	ops_par_loop_update_halo_kernel4_minus_4_b_117	update_halo_kernel4_minus_4_b
6840	0.000021351	553536	ops_par_loop_group_68	update_halo_kernel1_t2+update_halo_kernel4_minus_2_b
6841	0.000019847	430528	ops_par_loop_update_halo_kernel1_t1_86	update_halo_kernel1_t1
6842	0.000026771	553536	ops_par_loop_group_70	update_halo_kernel1_l2+update_halo_kernel3_minus_4_a
6843	0.000022933	553536	ops_par_loop_group_71	update_halo_kernel1_l1+update_halo_kernel3_minus_2_a
6844	0.000024827	553536	ops_par_loop_group_72	update_halo_kernel1_r2+update_halo_kernel3_minus_2_b
6845	0.000020900	430528	ops_par_loop_update_halo_kernel1_r1_90	update_halo_kernel1_r1
6846	0.000023846	369120	ops_par_loop_group_74	update_halo_kernel2_xvel_minus_4_a+update_halo_kernel2_yvel_plus_4_a+update_halo_kernel4_plus_4_a
6847	0.000021471	369120	ops_par_loop_group_75	update_halo_kernel2_xvel_minus_2_a+update_halo_kernel2_yvel_plus_2_a+update_halo_kernel4_plus_2_a
6848	0.000022472	369120	ops_par_loop_group_76	update_halo_kernel2_xvel_minus_2_b+update_halo_kernel2_yvel_plus_2_b+update_halo_kernel4_plus_4_b
6849	0.000018075	123040	ops_par_loop_update_halo_kernel4_plus_2_b_122	update_halo_kernel4_plus_2_b
6850	0.001786442	1416561152	ops_par_loop_group_78	advec_mom_kernel_y2+reset_field_kernel1+ideal_gas_kernel
6851	0.000195170	236236864	ops_par_loop_advec_mom_kernel_mass_flux_y_124	advec_mom_kernel_mass_flux_y
6852	0.000531730	590438520	ops_par_loop_advec_mom_kernel_post_pre_advec_y_125	advec_mom_kernel_post_pre_advec_y
6853	0.000877125	472258640	ops_par_loop_advec_mom_kernel1_y_nonvector_126	advec_mom_kernel1_y_nonvector
6854	0.000453541	590131240	ops_par_loop_advec_mom_kernel2_y_127	advec_mom_kernel2_y
6855	0.000491774	472842752	ops_par_loop_advec_mom_kernel_y2_128	advec_mom_kernel_y2
6856	0.000192436	236236864	ops_par_loop_advec_mom_kernel_mass_flux_y_129	advec_mom_kernel_mass_flux_y
6857	0.000530757	590438520	ops_par_loop_advec_mom_kernel_post_pre_advec_y_130	advec_mom_kernel_post_pre_advec_y
6858	0.000873188	472258640	ops_par_loop_advec_mom_kernel1_y_nonvector_131	advec_mom_kernel1_y_nonvector
6859	0.000730718	1062236232	ops_par_loop_group_87	advec_mom_kernel2_y+reset_field_kernel2
6860	0.000021781	430304	ops_par_loop_update_halo_kernel1_b1_136	update_halo_kernel1_b1
6861	0.000020619	430304	ops_par_loop_update_halo_kernel1_t1_137	update_halo_kernel1_t1
6862	0.000024296	430304	ops_par_loop_update_halo_kernel1_l1_138	update_halo_kernel1_l1
6863	0.000024176	430304	ops_par_loop_update_halo_kernel1_r1_139	update_halo_kernel1_r1
6864	0.000019827	245952	ops_par_loop_group_92	update_halo_kernel2_xvel_plus_2_a+update_halo_kernel2_yvel_minus_2_a
6865	0.000018465	245952	ops_par_loop_group_93	update_halo_kernel2_xvel_plus_2_b+update_halo_kernel2_yvel_minus_2_b
6866	0.000020910	245952	ops_par_loop_group_94	update_halo_kernel2_xvel_minus_2_a+update_halo_kernel2_yvel_plus_2_a
6867	0.000021000	245952	ops_par_loop_group_95	update_halo_kernel2_xvel_minus_2_b+update_halo_kernel2_yvel_plus_2_b
6868	0.001731438	589885440	ops_par_loop_viscosity_kernel_148	viscosity_kernel
6869	0.000022202	430304	ops_par_loop_update_halo_kernel1_b1_149	update_halo_kernel1_b1
6870	0.000020008	430304	ops_par_loop_update_halo_kernel1_t1_150	update_halo_kernel1_t1
6871	0.000023635	430304	ops_par_loop_update_halo_kernel1_l1_151	update_halo_kernel1_l1
6872	0.000023494	430304	ops_par_loop_update_halo_kernel1_r1_152	update_halo_kernel1_r1
6873	0.000915759	1061744640	ops_par_loop_calc_dt_kernel_153	calc_dt_kernel
6874	0.001482415	1887436800	ops_par_loop_group_0	PdV_kernel_predict+ideal_gas_kernel
6875	0.000022071	430304	ops_par_loop_update_halo_kernel1_b1_2	update_halo_kernel1_b1
6876	0.000020620	430304	ops_par_loop_update_halo_kernel1_t1_3	update_halo_kernel1_t1
6877	0.000023184	430304	ops_par_loop_update_halo_kernel1_l1_4	update_halo_kernel1_l1
6878	0.000024326	430304	ops_par_loop_update_halo_kernel1_r1_5	update_halo_kernel1_r1
6879	0.001558890	1770147928	ops_par_loop_group_5	revert_kernel+accelerate_kernel
6880	0.001355293	1651507200	ops_par_loop_PdV_kernel_nopredict_8	PdV_kernel_nopredict
6881	0.000359703	471982080	ops_par_loop_flux_calc_kernelx_9	flux_calc_kernelx
6882	0.000357940	471982080	ops_par_loop_flux_calc_kernely_10	flux_calc_kernely
6883	0.000021802	553536	ops_par_loop_group_9	update_halo_kernel1_b2+update_halo_kernel4_minus_4_a
6884	0.000020810	553536	ops_par_loop_group_10	update_halo_kernel1_b1+update_halo_kernel4_minus_2_a
6885	0.000021170	369120	ops_par_loop_group_11	update_halo_kernel3_plus_4_a+update_halo_kernel2_xvel_plus_4_a+update_halo_kernel2_yvel_minus_4_a
6886	0.000020630	369120	ops_par_loop_group_12	update_halo_kernel3_plus_2_a+update_halo_kernel2_xvel_plus_2_a+update_halo_kernel2_yvel_minus_2_a
6887	0.000022894	123008	ops_par_loop_update_halo_kernel4_minus_4_b_29	update_halo_kernel4_minus_4_b
6888	0.000021251	553536	ops_par_loop_group_14	update_halo_kernel1_t2+update_halo_kernel4_minus_2_b
6889	0.000019567	430528	ops_par_loop_update_halo_kernel1_t1_14	update_halo_kernel1_t1
6890	0.000019787	246080	ops_par_loop_group_16	update_halo_kernel2_xvel_plus_4_b+update_halo_kernel2_yvel_minus_4_b
6891	0.000020810	369120	ops_par_loop_group_17	update_halo_kernel3_plus_4_b+update_halo_kernel2_xvel_plus_2_b+update_halo_kernel2_yvel_minus_2_b
6892	0.000019016	123040	ops_par_loop_update_halo_kernel3_plus_2_b_22	update_halo_kernel3_plus_2_b
6893	0.000025578	553536	ops_par_loop_group_19	update_halo_kernel1_l2+update_halo_kernel3_minus_4_a
6894	0.000022553	553536	ops_par_loop_group_20	update_halo_kernel1_l1+update_halo_kernel3_minus_2_a
6895	0.000019527	123008	ops_par_loop_update_halo_kernel3_minus_4_b_25	update_halo_kernel3_minus_4_b
6896	0.000024467	553536	ops_par_loop_group_22	update_halo_kernel1_r2+update_halo_kernel3_minus_2_b
6897	0.000021250	430528	ops_par_loop_update_halo_kernel1_r1_18	update_halo_kernel1_r1
6898	0.000023975	369120	ops_par_loop_group_24	update_halo_kernel4_plus_4_a+update_halo_kernel2_xvel_minus_4_a+update_halo_kernel2_yvel_plus_4_a
6899	0.000021290	369120	ops_par_loop_group_25	update_halo_kernel4_plus_2_a+update_halo_kernel2_xvel_minus_2_a+update_halo_kernel2_yvel_plus_2_a
6900	0.000020940	246080	ops_par_loop_group_26	update_halo_kernel2_xvel_minus_4_b+update_halo_kernel2_yvel_plus_4_b
6901	0.000021792	369120	ops_par_loop_group_27	update_halo_kernel4_plus_4_b+update_halo_kernel2_xvel_minus_2_b+update_halo_kernel2_yvel_plus_2_b
6902	0.000018675	123040	ops_par_loop_update_halo_kernel4_plus_2_b_34	update_halo_kernel4_plus_2_b
6903	0.000570754	591053440	ops_par_loop_advec_cell_kernel1_ydir_35	advec_cell_kernel1_ydir
6904	0.000787275	708203544	ops_par_loop_advec_cell_kernel3_ydir_36	advec_cell_kernel3_ydir
6905	0.001473818	1533542400	ops_par_loop_advec_cell_kernel4_ydir_37	advec_cell_kernel4_ydir
6906	0.000022493	553536	ops_par_loop_group_32	update_halo_kernel1_b2+update_halo_kernel4_minus_4_a
6907	0.000022051	553536	ops_par_loop_group_33	update_halo_kernel1_b1+update_halo_kernel4_minus_2_a
6908	0.000018175	123008	ops_par_loop_update_halo_kernel4_minus_4_b_64	update_halo_kernel4_minus_4_b
6909	0.000020488	553536	ops_par_loop_group_35	update_halo_kernel1_t2+update_halo_kernel4_minus_2_b
6910	0.000020429	430528	ops_par_loop_update_halo_kernel1_t1_41	update_halo_kernel1_t1
6911	0.000024597	430528	ops_par_loop_update_halo_kernel1_l2_42	update_halo_kernel1_l2
6912	0.000021341	430528	ops_par_loop_update_halo_kernel1_l1_43	update_halo_kernel1_l1
6913	0.000023394	430528	ops_par_loop_update_halo_kernel1_r2_44	update_halo_kernel1_r2
6914	0.000021511	430528	ops_par_loop_update_halo_kernel1_r1_45	update_halo_kernel1_r1
6915	0.000019397	123040	ops_par_loop_update_halo_kernel4_plus_4_a_66	update_halo_kernel4_plus_4_a
6916	0.000018124	123040	ops_par_loop_update_halo_kernel4_plus_2_a_67	update_halo_kernel4_plus_2_a
6917	0.000018926	123040	ops_par_loop_update_halo_kernel4_plus_4_b_68	update_halo_kernel4_plus_4_b
6918	0.000018485	123040	ops_par_loop_update_halo_kernel4_plus_2_b_69	update_halo_kernel4_plus_2_b
6919	0.000562398	591053440	ops_par_loop_advec_mom_kernel_y1_70	advec_mom_kernel_y1
6920	0.000191563	236236864	ops_par_loop_advec_mom_kernel_mass_flux_y_71	advec_mom_kernel_mass_flux_y
6921	0.000532601	590438520	ops_par_loop_advec_mom_kernel_post_pre_advec_y_72	advec_mom_kernel_post_pre_advec_y
6922	0.000877266	472258640	ops_par_loop_advec_mom_kernel1_y_nonvector_73	advec_mom_kernel1_y_nonvector
6923	0.000446147	590131240	ops_par_loop_advec_mom_kernel2_y_74	advec_mom_kernel2_y
6924	0.000561396	591053440	ops_par_loop_advec_mom_kernel_y1_75	advec_mom_kernel_y1
6925	0.000191844	236236864	ops_par_loop_advec_mom_kernel_mass_flux_y_76	advec_mom_kernel_mass_flux_y
6926	0.000531850	590438520	ops_par_loop_advec_mom_kernel_post_pre_advec_y_77	advec_mom_kernel_post_pre_advec_y
6927	0.000872617	472258640	ops_par_loop_advec_mom_kernel1_y_nonvector_78	advec_mom_kernel1_y_nonvector
6928	0.000447479	590131240	ops_par_loop_advec_mom_kernel2_y_79	advec_mom_kernel2_y
6929	0.000489610	472842752	ops_par_loop_advec_cell_kernel2_xdir_80	advec_cell_kernel2_xdir
6930	0.000773138	708203544	ops_par_loop_advec_cell_kernel3_xdir_81	advec_cell_kernel3_xdir
6931	0.001463399	1533542400	ops_par_loop_advec_cell_kernel4_xdir_82	advec_cell_kernel4_xdir
6932	0.000022022	553536	ops_par_loop_group_58	update_halo_kernel1_b2+update_halo_kernel4_minus_4_a
6933	0.000021901	553536	ops_par_loop_group_59	update_halo_kernel1_b1+update_halo_kernel4_minus_2_a
6934	0.000021651	369120	ops_par_loop_group_60	update_halo_kernel2_xvel_plus_4_a+update_halo_kernel2_yvel_minus_4_a+update_halo_kernel3_plus_4_a
6935	0.000021430	369120	ops_par_loop_group_61	update_halo_kernel2_xvel_plus_2_a+update_halo_kernel2_yvel_minus_2_a+update_halo_kernel3_plus_2_a
6936	0.000018956	246080	ops_par_loop_group_62	update_halo_kernel2_xvel_plus_4_b+update_halo_kernel2_yvel_minus_4_b
6937	0.000020629	369120	ops_par_loop_group_63	update_halo_kernel2_xvel_plus_2_b+update_halo_kernel2_yvel_minus_2_b+update_halo_kernel3_plus_4_b
6938	0.000022032	246080	ops_par_loop_group_64	update_halo_kernel2_xvel_minus_4_b+update_halo_kernel2_yvel_plus_4_b
6939	0.000019848	123040	ops_par_loop_update_halo_kernel3_plus_2_b_110	update_halo_kernel3_plus_2_b
6940	0.000019507	123008	ops_par_loop_update_halo_kernel3_minus_4_b_113	update_halo_kernel3_minus_4_b
6941	0.000018385	123008	ops_par_loop_update_halo_kernel4_minus_4_b_117	update_halo_kernel4_minus_4_b
6942	0.000048542	553536	ops_par_loop_group_68	update_halo_kernel1_t2+update_halo_kernel4_minus_2_b
6943	0.000021511	430528	ops_par_loop_update_halo_kernel1_t1_86	update_halo_kernel1_t1
6944	0.000026690	553536	ops_par_loop_group_70	update_halo_kernel1_l2+update_halo_kernel3_minus_4_a
6945	0.000023324	553536	ops_par_loop_group_71	update_halo_kernel1_l1+update_halo_kernel3_minus_2_a
6946	0.000024817	553536	ops_par_loop_group_72	update_halo_kernel1_r2+update_halo_kernel3_minus_2_b
6947	0.000022022	430528	ops_par_loop_update_halo_kernel1_r1_90	update_halo_kernel1_r1
6948	0.000023605	369120	ops_par_loop_group_74	update_halo_kernel2_xvel_minus_4_a+update_halo_kernel2_yvel_plus_4_a+update_halo_kernel4_plus_4_a
6949	0.000021821	369120	ops_par_loop_group_75	update_halo_kernel2_xvel_minus_2_a+update_halo_kernel2_yvel_plus_2_a+update_halo_kernel4_plus_2_a
6950	0.000022282	369120	ops_par_loop_group_76	update_halo_kernel2_xvel_minus_2_b+update_halo_kernel2_yvel_plus_2_b+update_halo_kernel4_plus_4_b
6951	0.000019157	123040	ops_par_loop_update_halo_kernel4_plus_2_b_122	update_halo_kernel4_plus_2_b
6952	0.001786353	1416561152	ops_par_loop_group_78	advec_mom_kernel_x2+reset_field_kernel1+ideal_gas_kernel
6953	0.000196614	236236864	ops_par_loop_advec_mom_kernel_mass_flux_x_124	advec_mom_kernel_mass_flux_x
6954	0.000574271	590438520	ops_par_loop_advec_mom_kernel_post_pre_advec_x_125	advec_mom_kernel_post_pre_advec_x
6955	0.000882315	472258640	ops_par_loop_advec_mom_kernel1_x_nonvector_126	advec_mom_kernel1_x_nonvector
6956	0.000447470	590131240	ops_par_loop_advec_mom_kernel2_x_127	advec_mom_kernel2_x
6957	0.000497775	472842752	ops_par_loop_advec_mom_kernel_x2_128	advec_mom_kernel_x2
6958	0.000194980	236236864	ops_par_loop_advec_mom_kernel_mass_flux_x_129	advec_mom_kernel_mass_flux_x
6959	0.000574130	590438520	ops_par_loop_advec_mom_kernel_post_pre_advec_x_130	advec_mom_kernel_post_pre_advec_x
6960	0.000883588	472258640	ops_par_loop_advec_mom_kernel1_x_nonvector_131	advec_mom_kernel1_x_nonvector
6961	0.000731378	1062236232	ops_par_loop_group_87	advec_mom_kernel2_x+reset_field_kernel2
6962	0.000021931	430304	ops_par_loop_update_halo_kernel1_b1_136	update_halo_kernel1_b1
6963	0.000019818	430304	ops_par_loop_update_halo_kernel1_t1_137	update_halo_kernel1_t1
6964	0.000024286	430304	ops_par_loop_update_halo_kernel1_l1_138	update_halo_kernel1_l1
6965	0.000024917	430304	ops_par_loop_update_halo_kernel1_r1_139	update_halo_kernel1_r1
6966	0.000019026	245952	ops_par_loop_group_92	update_halo_kernel2_xvel_plus_2_a+update_halo_kernel2_yvel_minus_2_a
6967	0.000019176	245952	ops_par_loop_group_93	update_halo_kernel2_xvel_plus_2_b+update_halo_kernel2_yvel_minus_2_b
6968	0.000020319	245952	ops_par_loop_group_94	update_halo_kernel2_xvel_minus_2_a+update_halo_kernel2_yvel_plus_2_a
6969	0.000021100	245952	ops_par_loop_group_95	update_halo_kernel2_xvel_minus_2_b+update_halo_kernel2_yvel_plus_2_b
6970	0.001731668	589885440	ops_par_loop_viscosity_kernel_148	viscosity_kernel
6971	0.000021370	430304	ops_par_loop_update_halo_kernel1_b1_149	update_halo_kernel1_b1
6972	0.000019718	430304	ops_par_loop_update_halo_kernel1_t1_150	update_halo_kernel1_t1
6973	0.000023585	430304	ops_par_loop_update_halo_kernel1_l1_151	update_halo_kernel1_l1
6974	0.000023625	430304	ops_par_loop_update_halo_kernel1_r1_152	update_halo_kernel1_r1
6975	0.000916501	1061744640	ops_par_loop_calc_dt_kernel_153	calc_dt_kernel
6976	0.001484960	1887436800	ops_par_loop_group_0	PdV_kernel_predict+ideal_gas_kernel
6977	0.000022332	430304	ops_par_loop_update_halo_kernel1_b1_2	update_halo_kernel1_b1
6978	0.000019487	430304	ops_par_loop_update_halo_kernel1_t1_3	update_halo_kernel1_t1
6979	0.000024226	430304	ops_par_loop_update_halo_kernel1_l1_4	update_halo_kernel1_l1
6980	0.000023334	430304	ops_par_loop_update_halo_kernel1_r1_5	update_halo_kernel1_r1
6981	0.001553991	1770147928	ops_par_loop_group_5	revert_kernel+accelerate_kernel
6982	0.001353570	1651507200	ops_par_loop_PdV_kernel_nopredict_8	PdV_kernel_nopredict
6983	0.000362489	471982080	ops_par_loop_flux_calc_kernelx_9	flux_calc_kernelx
6984	0.000358300	471982080	ops_par_loop_flux_calc_kernely_10	flux_calc_kernely
6985	0.000023034	553536	ops_par_loop_group_9	update_halo_kernel1_b2+update_halo_kernel4_minus_4_a
6986	0.000020669	553536	ops_par_loop_group_10	update_halo_kernel1_b1+update_halo_kernel4_minus_2_a
6987	0.000021771	369120	ops_par_loop_group_11	update_halo_kernel3_plus_4_a+update_halo_kernel2_xvel_plus_4_a+update_halo_kernel2_yvel_minus_4_a
6988	0.000020569	369120	ops_par_loop_group_12	update_halo_kernel3_plus_2_a+update_halo_kernel2_xvel_plus_2_a+update_halo_kernel2_yvel_minus_2_a
6989	0.000018796	123008	ops_par_loop_update_halo_kernel4_minus_4_b_29	update_halo_kernel4_minus_4_b
6990	0.000020519	553536	ops_par_loop_group_14	update_halo_kernel1_t2+update_halo_kernel4_minus_2_b
6991	0.000020409	430528	ops_par_loop_update_halo_kernel1_t1_14	update_halo_kernel1_t1
6992	0.000020459	246080	ops_par_loop_group_16	update_halo_kernel2_xvel_plus_4_b+update_halo_kernel2_yvel_minus_4_b
6993	0.000020639	369120	ops_par_loop_group_17	update_halo_kernel3_plus_4_b+update_halo_kernel2_xvel_plus_2_b+update_halo_kernel2_yvel_minus_2_b
6994	0.000018415	123040	ops_par_loop_update_halo_kernel3_plus_2_b_22	update_halo_kernel3_plus_2_b
6995	0.000025949	553536	ops_par_loop_group_19	update_halo_kernel1_l2+update_halo_kernel3_minus_4_a
6996	0.000023314	553536	ops_par_loop_group_20	update_halo_kernel1_l1+update_halo_kernel3_minus_2_a
6997	0.000019216	123008	ops_par_loop_update_halo_kernel3_minus_4_b_25	update_halo_kernel3_minus_4_b
6998	0.000024868	553536	ops_par_loop_group_22	update_halo_kernel1_r2+update_halo_kernel3_minus_2_b
6999	0.000021731	430528	ops_par_loop_update_halo_kernel1_r1_18	update_halo_kernel1_r1
7000	0.000024086	369120	ops_par_loop_group_24	update_halo_kernel4_plus_4_a+update_halo_kernel2_xvel_minus_4_a+update_halo_kernel2_yvel_plus_4_a
7001	0.000021210	369120	ops_par_loop_group_25	update_halo_kernel4_plus_2_a+update_halo_kernel2_xvel_minus_2_a+update_halo_kernel2_yvel_plus_2_a
7002	0.000021110	246080	ops_par_loop_group_26	update_halo_kernel2_xvel_minus_4_b+update_halo_kernel2_yvel_plus_4_b
7003	0.000022573	369120	ops_par_loop_group_27	update_halo_kernel4_plus_4_b+update_halo_kernel2_xvel_minus_2_b+update_halo_kernel2_yvel_plus_2_b
7004	0.000019196	123040	ops_par_loop_update_halo_kernel4_plus_2_b_34	update_halo_kernel4_plus_2_b
7005	0.000563941	591053440	ops_par_loop_advec_cell_kernel1_xdir_35	advec_cell_kernel1_xdir
7006	0.000772817	708203544	ops_par_loop_advec_cell_kernel3_xdir_36	advec_cell_kernel3_xdir
7007	0.001468238	1533542400	ops_par_loop_advec_cell_kernel4_xdir_37	advec_cell_kernel4_xdir
7008	0.000021541	430528	ops_par_loop_update_halo_kernel1_b2_38	update_halo_kernel1_b2
7009	0.000019868	430528	ops_par_loop_update_halo_kernel1_b1_39	update_halo_kernel1_b1
7010	0.000019717	430528	ops_par_loop_update_halo_kernel1_t2_40	update_halo_kernel1_t2
7011	0.000020439	430528	ops_par_loop_update_halo_kernel1_t1_41	update_halo_kernel1_t1
7012	0.000018956	123040	ops_par_loop_update_halo_kernel3_plus_4_a_62	update_halo_kernel3_plus_4_a
7013	0.000018575	123040	ops_par_loop_update_halo_kernel3_plus_2_a_63	update_halo_kernel3_plus_2_a
7014	0.000018395	123040	ops_par_loop_update_halo_kernel3_plus_4_b_64	update_halo_kernel3_plus_4_b
7015	0.000018756	123040	ops_par_loop_update_halo_kernel3_plus_2_b_65	update_halo_kernel3_plus_2_b
7016	0.000026130	553536	ops_par_loop_group_40	update_halo_kernel1_l2+update_halo_kernel3_minus_4_a
7017	0.000022993	553536	ops_par_loop_group_41	update_halo_kernel1_l1+update_halo_kernel3_minus_2_a
7018	0.000019177	123008	ops_par_loop_update_halo_kernel3_minus_4_b_68	update_halo_kernel3_minus_4_b
7019	0.000024637	553536	ops_par_loop_group_43	update_halo_kernel1_r2+update_halo_kernel3_minus_2_b
7020	0.000021411	430528	ops_par_loop_update_halo_kernel1_r1_45	update_halo_kernel1_r1
7021	0.000562578	591053440	ops_par_loop_advec_mom_kernel_x1_70	advec_mom_kernel_x1
7022	0.000194299	236236864	ops_par_loop_advec_mom_kernel_mass_flux_x_71	advec_mom_kernel_mass_flux_x
7023	0.000574190	590438520	ops_par_loop_advec_mom_kernel_post_pre_advec_x_72	advec_mom_kernel_post_pre_advec_x
7024	0.000881494	472258640	ops_par_loop_advec_mom_kernel1_x_nonvector_73	advec_mom_kernel1_x_nonvector
7025	0.000448893	590131240	ops_par_loop_advec_mom_kernel2_x_74	advec_mom_kernel2_x
7026	0.000561206	591053440	ops_par_loop_advec_mom_kernel_x1_75	advec_mom_kernel_x1
7027	0.000193707	236236864	ops_par_loop_advec_mom_kernel_mass_flux_x_76	advec_mom_kernel_mass_flux_x
7028	0.000573560	590438520	ops_par_loop_advec_mom_kernel_post_pre_advec_x_77	advec_mom_kernel_post_pre_advec_x
7029	0.000882786	472258640	ops_par_loop_advec_mom_kernel1_x_nonvector_78	advec_mom_kernel1_x_nonvector
7030	0.000447439	590131240	ops_par_loop_advec_mom_kernel2_x_79	advec_mom_kernel2_x
7031	0.000498287	472842752	ops_par_loop_advec_cell_kernel2_ydir_80	advec_cell_kernel2_ydir
7032	0.000787155	708203544	ops_par_loop_advec_cell_kernel3_ydir_81	advec_cell_kernel3_ydir
7033	0.001473879	1533542400	ops_par_loop_advec_cell_kernel4_ydir_82	advec_cell_kernel4_ydir
7034	0.000022022	553536	ops_par_loop_group_58	update_halo_kernel1_b2+update_halo_kernel4_minus_4_a
7035	0.000021321	553536	ops_par_loop_group_59	update_halo_kernel1_b1+update_halo_kernel4_minus_2_a
7036	0.000021741	369120	ops_par_loop_group_60	update_halo_kernel2_xvel_plus_4_a+update_halo_kernel2_yvel_minus_4_a+update_halo_kernel3_plus_4_a
7037	0.000021481	369120	ops_par_loop_group_61	update_halo_kernel2_xvel_plus_2_a+update_halo_kernel2_yvel_minus_2_a+update_halo_kernel3_plus_2_a
7038	0.000019377	246080	ops_par_loop_group_62	update_halo_kernel2_xvel_plus_4_b+update_halo_kernel2_yvel_minus_4_b
7039	0.000021350	369120	ops_par_loop_group_63	update_halo_kernel2_xvel_plus_2_b+update_halo_kernel2_yvel_minus_2_b+update_halo_kernel3_plus_4_b
7040	0.000021481	246080	ops_par_loop_group_64	update_halo_kernel2_xvel_minus_4_b+update_halo_kernel2_yvel_plus_4_b
7041	0.000019286	123040	ops_par_loop_update_halo_kernel3_plus_2_b_110	update_halo_kernel3_plus_2_b
7042	0.000019207	123008	ops_par_loop_update_halo_kernel3_minus_4_b_113	update_halo_kernel3_minus_4_b
7043	0.000018114	123008	ops_par_loop_update_halo_kernel4_minus_4_b_117	update_halo_kernel4_minus_4_b
7044	0.000020399	553536	ops_par_loop_group_68	update_halo_kernel1_t2+update_halo_kernel4_minus_2_b
7045	0.000020108	430528	ops_par_loop_update_halo_kernel1_t1_86	update_halo_kernel1_t1
7046	0.000026600	553536	ops_par_loop_group_70	update_halo_kernel1_l2+update_halo_kernel3_minus_4_a
7047	0.000023665	553536	ops_par_loop_group_71	update_halo_kernel1_l1+update_halo_kernel3_minus_2_a
7048	0.000024927	553536	ops_par_loop_group_72	update_halo_kernel1_r2+update_halo_kernel3_minus_2_b
7049	0.000021100	430528	ops_par_loop_update_halo_kernel1_r1_90	update_halo_kernel1_r1
7050	0.000024146	369120	ops_par_loop_group_74	update_halo_kernel2_xvel_minus_4_a+update_halo_kernel2_yvel_plus_4_a+update_halo_kernel4_plus_4_a
7051	0.000021451	369120	ops_par_loop_group_75	update_halo_kernel2_xvel_minus_2_a+update_halo_kernel2_yvel_plus_2_a+update_halo_kernel4_plus_2_a
7052	0.000022543	369120	ops_par_loop_group_76	update_halo_kernel2_xvel_minus_2_b+update_halo_kernel2_yvel_plus_2_b+update_halo_kernel4_plus_4_b
7053	0.000018395	123040	ops_par_loop_update_halo_kernel4_plus_2_b_122	update_halo_kernel4_plus_2_b
7054	0.001798385	1416561152	ops_par_loop_group_78	advec_mom_kernel_y2+reset_field_kernel1+ideal_gas_kernel
7055	0.000194881	236236864	ops_par_loop_advec_mom_kernel_mass_flux_y_124	advec_mom_kernel_mass_flux_y
7056	0.000532090	590438520	ops_par_loop_advec_mom_kernel_post_pre_advec_y_125	advec_mom_kernel_post_pre_advec_y
7057	0.000877005	472258640	ops_par_loop_advec_mom_kernel1_y_nonvector_126	advec_mom_kernel1_y_nonvector
7058	0.000449123	590131240	ops_par_loop_advec_mom_kernel2_y_127	advec_mom_kernel2_y
7059	0.000489920	472842752	ops_par_loop_advec_mom_kernel_y2_128	advec_mom_kernel_y2
7060	0.000191764	236236864	ops_par_loop_advec_mom_kernel_mass_flux_y_129	advec_mom_kernel_mass_flux_y
7061	0.000531970	590438520	ops_par_loop_advec_mom_kernel_post_pre_advec_y_130	advec_mom_kernel_post_pre_advec_y
7062	0.000871816	472258640	ops_par_loop_advec_mom_kernel1_y_nonvector_131	advec_mom_kernel1_y_nonvector
7063	0.000731629	1062236232	ops_par_loop_group_87	advec_mom_kernel2_y+reset_field_kernel2
7064	0.000021341	430304	ops_par_loop_update_halo_kernel1_b1_136	update_halo_kernel1_b1
7065	0.000020730	430304	ops_par_loop_update_halo_kernel1_t1_137	update_halo_kernel1_t1
7066	0.000023535	430304	ops_par_loop_update_halo_kernel1_l1_138	update_halo_kernel1_l1
7067	0.000024246	430304	ops_par_loop_update_halo_kernel1_r1_139	update_halo_kernel1_r1
7068	0.000019918	245952	ops_par_loop_group_92	update_halo_kernel2_xvel_plus_2_a+update_halo_kernel2_yvel_minus_2_a
7069	0.000019297	245952	ops_par_loop_group_93	update_halo_kernel2_xvel_plus_2_b+update_halo_kernel2_yvel_minus_2_b
7070	0.000021170	245952	ops_par_loop_group_94	update_halo_kernel2_xvel_minus_2_a+update_halo_kernel2_yvel_plus_2_a
7071	0.000021671	245952	ops_par_loop_group_95	update_halo_kernel2_xvel_minus_2_b+update_halo_kernel2_yvel_plus_2_b
7072	0.001731258	589885440	ops_par_loop_viscosity_kernel_148	viscosity_kernel
7073	0.000021711	430304	ops_par_loop_update_halo_kernel1_b1_149	update_halo_kernel1_b1
7074	0.000019747	430304	ops_par_loop_update_halo_kernel1_t1_150	update_halo_kernel1_t1
7075	0.000023324	430304	ops_par_loop_update_halo_kernel1_l1_151	update_halo_kernel1_l1
7076	0.000023525	430304	ops_par_loop_update_halo_kernel1_r1_152	update_halo_kernel1_r1
7077	0.000915739	1061744640	ops_par_loop_calc_dt_kernel_153	calc_dt_kernel
7078	0.001491512	1887436800	ops_par_loop_group_0	PdV_kernel_predict+ideal_gas_kernel
7079	0.000022974	430304	ops_par_loop_update_halo_kernel1_b1_2	update_halo_kernel1_b1
7080	0.000021350	430304	ops_par_loop_update_halo_kernel1_t1_3	update_halo_kernel1_t1
7081	0.000024126	430304	ops_par_loop_update_halo_kernel1_l1_4	update_halo_kernel1_l1
7082	0.000024076	430304	ops_par_loop_update_halo_kernel1_r1_5	update_halo_kernel1_r1
7083	0.001559562	1770147928	ops_par_loop_group_5	revert_kernel+accelerate_kernel
7084	0.001355374	1651507200	ops_par_loop_PdV_kernel_nopredict_8	PdV_kernel_nopredict
7085	0.000359503	471982080	ops_par_loop_flux_calc_kernelx_9	flux_calc_kernelx
7086	0.000359723	471982080	ops_par_loop_flux_calc_kernely_10	flux_calc_kernely
7087	0.000022523	553536	ops_par_loop_group_9	update_halo_kernel1_b2+update_halo_kernel4_minus_4_a
7088	0.000021721	553536	ops_par_loop_group_10	update_halo_kernel1_b1+update_halo_kernel4_minus_2_a
7089	0.000020870	369120	ops_par_loop_group_11	update_halo_kernel3_plus_4_a+update_halo_kernel2_xvel_plus_4_a+update_halo_kernel2_yvel_minus_4_a
7090	0.000021071	369120	ops_par_loop_group_12	update_halo_kernel3_plus_2_a+update_halo_kernel2_xvel_plus_2_a+update_halo_kernel2_yvel_minus_2_a
7091	0.000018756	123008	ops_par_loop_update_halo_kernel4_minus_4_b_29	update_halo_kernel4_minus_4_b
7092	0.000021230	553536	ops_par_loop_group_14	update_halo_kernel1_t2+update_halo_kernel4_minus_2_b
7093	0.000020018	430528	ops_par_loop_update_halo_kernel1_t1_14	update_halo_kernel1_t1
7094	0.000019277	246080	ops_par_loop_group_16	update_halo_kernel2_xvel_plus_4_b+update_halo_kernel2_yvel_minus_4_b
7095	0.000020649	369120	ops_par_loop_group_17	update_halo_kernel3_plus_4_b+update_halo_kernel2_xvel_plus_2_b+update_halo_kernel2_yvel_minus_2_b
7096	0.000018866	123040	ops_par_loop_update_halo_kernel3_plus_2_b_22	update_halo_kernel3_plus_2_b
7097	0.000025839	553536	ops_par_loop_group_19	update_halo_kernel1_l2+update_halo_kernel3_minus_4_a
7098	0.000022683	553536	ops_par_loop_group_20	update_halo_kernel1_l1+update_halo_kernel3_minus_2_a
7099	0.000019297	123008	ops_par_loop_update_halo_kernel3_minus_4_b_25	update_halo_kernel3_minus_4_b
7100	0.000024377	553536	ops_par_loop_group_22	update_halo_kernel1_r2+update_halo_kernel3_minus_2_b
7101	0.000021330	430528	ops_par_loop_update_halo_kernel1_r1_18	update_halo_kernel1_r1
7102	0.000023445	369120	ops_par_loop_group_24	update_halo_kernel4_plus_4_a+update_halo_kernel2_xvel_minus_4_a+update_halo_kernel2_yvel_plus_4_a
7103	0.000022041	369120	ops_par_loop_group_25	update_halo_kernel4_plus_2_a+update_halo_kernel2_xvel_minus_2_a+update_halo_kernel2_yvel_plus_2_a
7104	0.000020900	246080	ops_par_loop_group_26	update_halo_kernel2_xvel_minus_4_b+update_halo_kernel2_yvel_plus_4_b
7105	0.000022753	369120	ops_par_loop_group_27	update_halo_kernel4_plus_4_b+update_halo_kernel2_xvel_minus_2_b+update_halo_kernel2_yvel_plus_2_b
7106	0.000018245	123040	ops_par_loop_update_halo_kernel4_plus_2_b_34	update_halo_kernel4_plus_2_b
7107	0.000562398	591053440	ops_par_loop_advec_cell_kernel1_ydir_35	advec_cell_kernel1_ydir
7108	0.000787355	708203544	ops_par_loop_advec_cell_kernel3_ydir_36	advec_cell_kernel3_ydir
7109	0.001470232	1533542400	ops_par_loop_advec_cell_kernel4_ydir_37	advec_cell_kernel4_ydir
7110	0.000022382	553536	ops_par_loop_group_32	update_halo_kernel1_b2+update_halo_kernel4_minus_4_a
7111	0.000021942	553536	ops_par_loop_group_33	update_halo_kernel1_b1+update_halo_kernel4_minus_2_a
7112	0.000018495	123008	ops_par_loop_update_halo_kernel4_minus_4_b_64	update_halo_kernel4_minus_4_b
7113	0.000020940	553536	ops_par_loop_group_35	update_halo_kernel1_t2+update_halo_kernel4_minus_2_b
7114	0.000020008	430528	ops_par_loop_update_halo_kernel1_t1_41	update_halo_kernel1_t1
7115	0.000023644	430528	ops_par_loop_update_halo_kernel1_l2_42	update_halo_kernel1_l2
7116	0.000021692	430528	ops_par_loop_update_halo_kernel1_l1_43	update_halo_kernel1_l1
7117	0.000023645	430528	ops_par_loop_update_halo_kernel1_r2_44	update_halo_kernel1_r2
7118	0.000021461	430528	ops_par_loop_update_halo_kernel1_r1_45	update_halo_kernel1_r1
7119	0.000019748	123040	ops_par_loop_update_halo_kernel4_plus_4_a_66	update_halo_kernel4_plus_4_a
7120	0.000018545	123040	ops_par_loop_update_halo_kernel4_plus_2_a_67	update_halo_kernel4_plus_2_a
7121	0.000019216	123040	ops_par_loop_update_halo_kernel4_plus_4_b_68	update_halo_kernel4_plus_4_b
7122	0.000018595	123040	ops_par_loop_update_halo_kernel4_plus_2_b_69	update_halo_kernel4_plus_2_b
7123	0.000562829	591053440	ops_par_loop_advec_mom_kernel_y1_70	advec_mom_kernel_y1
7124	0.000191784	236236864	ops_par_loop_advec_mom_kernel_mass_flux_y_71	advec_mom_kernel_mass_flux_y
7125	0.000532952	590438520	ops_par_loop_advec_mom_kernel_post_pre_advec_y_72	advec_mom_kernel_post_pre_advec_y
7126	0.000877246	472258640	ops_par_loop_advec_mom_kernel1_y_nonvector_73	advec_mom_kernel1_y_nonvector
7127	0.000446658	590131240	ops_par_loop_advec_mom_kernel2_y_74	advec_mom_kernel2_y
7128	0.000561746	591053440	ops_par_loop_advec_mom_kernel_y1_75	advec_mom_kernel_y1
7129	0.000191734	236236864	ops_par_loop_advec_mom_kernel_mass_flux_y_76	advec_mom_kernel_mass_flux_y
7130	0.000533143	590438520	ops_par_loop_advec_mom_kernel_post_pre_advec_y_77	advec_mom_kernel_post_pre_advec_y
7131	0.000872747	472258640	ops_par_loop_advec_mom_kernel1_y_nonvector_78	advec_mom_kernel1_y_nonvector
7132	0.000452029	590131240	ops_par_loop_advec_mom_kernel2_y_79	advec_mom_kernel2_y
7133	0.000492415	472842752	ops_par_loop_advec_cell_kernel2_xdir_80	advec_cell_kernel2_xdir
7134	0.000773409	708203544	ops_par_loop_advec_cell_kernel3_xdir_81	advec_cell_kernel3_xdir
7135	0.001459211	1533542400	ops_par_loop_advec_cell_kernel4_xdir_82	advec_cell_kernel4_xdir
7136	0.000023024	553536	ops_par_loop_group_58	update_halo_kernel1_b2+update_halo_kernel4_minus_4_a
7137	0.000020849	553536	ops_par_loop_group_59	update_halo_kernel1_b1+update_halo_kernel4_minus_2_a
7138	0.000022393	369120	ops_par_loop_group_60	update_halo_kernel2_xvel_plus_4_a+update_halo_kernel2_yvel_minus_4_a+update_halo_kernel3_plus_4_a
7139	0.000021450	369120	ops_par_loop_group_61	update_halo_kernel2_xvel_plus_2_a+update_halo_kernel2_yvel_minus_2_a+update_halo_kernel3_plus_2_a
7140	0.000020008	246080	ops_par_loop_group_62	update_halo_kernel2_xvel_plus_4_b+update_halo_kernel2_yvel_minus_4_b
7141	0.000021300	369120	ops_par_loop_group_63	update_halo_kernel2_xvel_plus_2_b+update_halo_kernel2_yvel_minus_2_b+update_halo_kernel3_plus_4_b
7142	0.000021271	246080	ops_par_loop_group_64	update_halo_kernel2_xvel_minus_4_b+update_halo_kernel2_yvel_plus_4_b
7143	0.000019567	123040	ops_par_loop_update_halo_kernel3_plus_2_b_110	update_halo_kernel3_plus_2_b
7144	0.000019938	123008	ops_par_loop_update_halo_kernel3_minus_4_b_113	update_halo_kernel3_minus_4_b
7145	0.000018135	123008	ops_par_loop_update_halo_kernel4_minus_4_b_117	update_halo_kernel4_minus_4_b
7146	0.000026020	553536	ops_par_loop_group_68	update_halo_kernel1_t2+update_halo_kernel4_minus_2_b
7147	0.000021120	430528	ops_par_loop_update_halo_kernel1_t1_86	update_halo_kernel1_t1
7148	0.000026610	553536	ops_par_loop_group_70	update_halo_kernel1_l2+update_halo_kernel3_minus_4_a
7149	0.000022963	553536	ops_par_loop_group_71	update_halo_kernel1_l1+update_halo_kernel3_minus_2_a
7150	0.000024536	553536	ops_par_loop_group_72	update_halo_kernel1_r2+update_halo_kernel3_minus_2_b
7151	0.000021511	430528	ops_par_loop_update_halo_kernel1_r1_90	update_halo_kernel1_r1
7152	0.000023715	369120	ops_par_loop_group_74	update_halo_kernel2_xvel_minus_4_a+update_halo_kernel2_yvel_plus_4_a+update_halo_kernel4_plus_4_a
7153	0.000022022	369120	ops_par_loop_group_75	update_halo_kernel2_xvel_minus_2_a+update_halo_kernel2_yvel_plus_2_a+update_halo_kernel4_plus_2_a
7154	0.000022352	369120	ops_par_loop_group_76	update_halo_kernel2_xvel_minus_2_b+update_halo_kernel2_yvel_plus_2_b+update_halo_kernel4_plus_4_b
7155	0.000019357	123040	ops_par_loop_update_halo_kernel4_plus_2_b_122	update_halo_kernel4_plus_2_b
7156	0.001799026	1416561152	ops_par_loop_group_78	advec_mom_kernel_x2+reset_field_kernel1+ideal_gas_kernel
7157	0.000197094	236236864	ops_par_loop_advec_mom_kernel_mass_flux_x_124	advec_mom_kernel_mass_flux_x
7158	0.000575723	590438520	ops_par_loop_advec_mom_kernel_post_pre_advec_x_125	advec_mom_kernel_post_pre_advec_x
7159	0.000882416	472258640	ops_par_loop_advec_mom_kernel1_x_nonvector_126	advec_mom_kernel1_x_nonvector
7160	0.000451037	590131240	ops_par_loop_advec_mom_kernel2_x_127	advec_mom_kernel2_x
7161	0.000496683	472842752	ops_par_loop_advec_mom_kernel_x2_128	advec_mom_kernel_x2
7162	0.000194629	236236864	ops_par_loop_advec_mom_kernel_mass_flux_x_129	advec_mom_kernel_mass_flux_x
7163	0.000574952	590438520	ops_par_loop_advec_mom_kernel_post_pre_advec_x_130	advec_mom_kernel_post_pre_advec_x
7164	0.000883147	472258640	ops_par_loop_advec_mom_kernel1_x_nonvector_131	advec_mom_kernel1_x_nonvector
7165	0.000731990	1062236232	ops_par_loop_group_87	advec_mom_kernel2_x+reset_field_kernel2
7166	0.000494089	471859200	ops_par_loop_ideal_gas_kernel_0	ideal_gas_kernel
7167	0.000022563	430304	ops_par_loop_update_halo_kernel1_b1_1	update_halo_kernel1_b1
7168	0.000022122	430304	ops_par_loop_update_halo_kernel1_t1_2	update_halo_kernel1_t1
7169	0.000023795	430304	ops_par_loop_update_halo_kernel1_l1_3	update_halo_kernel1_l1
7170	0.000023595	430304	ops_par_loop_update_halo_kernel1_r1_4	update_halo_kernel1_r1
7171	0.000020298	245952	ops_par_loop_group_5	update_halo_kernel2_xvel_plus_2_a+update_halo_kernel2_yvel_minus_2_a
7172	0.000019607	245952	ops_par_loop_group_6	update_halo_kernel2_xvel_plus_2_b+update_halo_kernel2_yvel_minus_2_b
7173	0.000020940	245952	ops_par_loop_group_7	update_halo_kernel2_xvel_minus_2_a+update_halo_kernel2_yvel_plus_2_a
7174	0.000021691	245952	ops_par_loop_group_8	update_halo_kernel2_xvel_minus_2_b+update_halo_kernel2_yvel_plus_2_b
7175	0.001730817	589885440	ops_par_loop_viscosity_kernel_13	viscosity_kernel
7176	0.000025949	430304	ops_par_loop_update_halo_kernel1_b1_14	update_halo_kernel1_b1
7177	0.000019457	430304	ops_par_loop_update_halo_kernel1_t1_15	update_halo_kernel1_t1
7178	0.000023755	430304	ops_par_loop_update_halo_kernel1_l1_16	update_halo_kernel1_l1
7179	0.000023174	430304	ops_par_loop_update_halo_kernel1_r1_17	update_halo_kernel1_r1
7180	0.000915638	1061744640	ops_par_loop_calc_dt_kernel_18	calc_dt_kernel
7181	0.001486804	1887436800	ops_par_loop_group_0	PdV_kernel_predict+ideal_gas_kernel
7182	0.000028655	430304	ops_par_loop_update_halo_kernel1_b1_2	update_halo_kernel1_b1
7183	0.000020079	430304	ops_par_loop_update_halo_kernel1_t1_3	update_halo_kernel1_t1
7184	0.000024707	430304	ops_par_loop_update_halo_kernel1_l1_4	update_halo_kernel1_l1
7185	0.000025789	430304	ops_par_loop_update_halo_kernel1_r1_5	update_halo_kernel1_r1
7186	0.001561676	1770147928	ops_par_loop_group_5	revert_kernel+accelerate_kernel
7187	0.001355264	1651507200	ops_par_loop_PdV_kernel_nopredict_8	PdV_kernel_nopredict
7188	0.000371626	471982080	ops_par_loop_flux_calc_kernelx_9	flux_calc_kernelx
7189	0.000358530	471982080	ops_par_loop_flux_calc_kernely_10	flux_calc_kernely
7190	0.000022673	553536	ops_par_loop_group_9	update_halo_kernel1_b2+update_halo_kernel4_minus_4_a
7191	0.000022022	553536	ops_par_loop_group_10	update_halo_kernel1_b1+update_halo_kernel4_minus_2_a
7192	0.000021932	369120	ops_par_loop_group_11	update_halo_kernel3_plus_4_a+update_halo_kernel2_xvel_plus_4_a+update_halo_kernel2_yvel_minus_4_a
7193	0.000020038	369120	ops_par_loop_group_12	update_halo_kernel3_plus_2_a+update_halo_kernel2_xvel_plus_2_a+update_halo_kernel2_yvel_minus_2_a
7194	0.000018935	123008	ops_par_loop_update_halo_kernel4_minus_4_b_29	update_halo_kernel4_minus_4_b
7195	0.000021611	553536	ops_par_loop_group_14	update_halo_kernel1_t2+update_halo_kernel4_minus_2_b
7196	0.000025939	430528	ops_par_loop_update_halo_kernel1_t1_14	update_halo_kernel1_t1
7197	0.000020619	246080	ops_par_loop_group_16	update_halo_kernel2_xvel_plus_4_b+update_halo_kernel2_yvel_minus_4_b
7198	0.000020629	369120	ops_par_loop_group_17	update_halo_kernel3_plus_4_b+update_halo_kernel2_xvel_plus_2_b+update_halo_kernel2_yvel_minus_2_b
7199	0.000018996	123040	ops_par_loop_update_halo_kernel3_plus_2_b_22	update_halo_kernel3_plus_2_b
7200	0.000025799	553536	ops_par_loop_group_19	update_halo_kernel1_l2+update_halo_kernel3_minus_4_a
7201	0.000023094	553536	ops_par_loop_group_20	update_halo_kernel1_l1+update_halo_kernel3_minus_2_a
7202	0.000019747	123008	ops_par_loop_update_halo_kernel3_minus_4_b_25	update_halo_kernel3_minus_4_b
7203	0.000024667	553536	ops_par_loop_group_22	update_halo_kernel1_r2+update_halo_kernel3_minus_2_b
7204	0.000021771	430528	ops_par_loop_update_halo_kernel1_r1_18	update_halo_kernel1_r1
7205	0.000024136	369120	ops_par_loop_group_24	update_halo_kernel4_plus_4_a+update_halo_kernel2_xvel_minus_4_a+update_halo_kernel2_yvel_plus_4_a
7206	0.000022833	369120	ops_par_loop_group_25	update_halo_kernel4_plus_2_a+update_halo_kernel2_xvel_minus_2_a+update_halo_kernel2_yvel_plus_2_a
7207	0.000020990	246080	ops_par_loop_group_26	update_halo_kernel2_xvel_minus_4_b+update_halo_kernel2_yvel_plus_4_b
7208	0.000022513	369120	ops_par_loop_group_27	update_halo_kernel4_plus_4_b+update_halo_kernel2_xvel_minus_2_b+update_halo_kernel2_yvel_plus_2_b
7209	0.000018595	123040	ops_par_loop_update_halo_kernel4_plus_2_b_34	update_halo_kernel4_plus_2_b
7210	0.000562538	591053440	ops_par_loop_advec_cell_kernel1_xdir_35	advec_cell_kernel1_xdir
7211	0.000771795	708203544	ops_par_loop_advec_cell_kernel3_xdir_36	advec_cell_kernel3_xdir
7212	0.001462437	1533542400	ops_par_loop_advec_cell_kernel4_xdir_37	advec_cell_kernel4_xdir
7213	0.000022092	430528	ops_par_loop_update_halo_kernel1_b2_38	update_halo_kernel1_b2
7214	0.000020719	430528	ops_par_loop_update_halo_kernel1_b1_39	update_halo_kernel1_b1
7215	0.000020138	430528	ops_par_loop_update_halo_kernel1_t2_40	update_halo_kernel1_t2
7216	0.000019998	430528	ops_par_loop_update_halo_kernel1_t1_41	update_halo_kernel1_t1
7217	0.000018305	123040	ops_par_loop_update_halo_kernel3_plus_4_a_62	update_halo_kernel3_plus_4_a
7218	0.000018375	123040	ops_par_loop_update_halo_kernel3_plus_2_a_63	update_halo_kernel3_plus_2_a
7219	0.000018646	123040	ops_par_loop_update_halo_kernel3_plus_4_b_64	update_halo_kernel3_plus_4_b
7220	0.000018375	123040	ops_par_loop_update_halo_kernel3_plus_2_b_65	update_halo_kernel3_plus_2_b
7221	0.000027102	553536	ops_par_loop_group_40	update_halo_kernel1_l2+update_halo_kernel3_minus_4_a
7222	0.000023434	553536	ops_par_loop_group_41	update_halo_kernel1_l1+update_halo_kernel3_minus_2_a
7223	0.000019687	123008	ops_par_loop_update_halo_kernel3_minus_4_b_68	update_halo_kernel3_minus_4_b
7224	0.000024426	553536	ops_par_loop_group_43	update_halo_kernel1_r2+update_halo_kernel3_minus_2_b
7225	0.000020990	430528	ops_par_loop_update_halo_kernel1_r1_45	update_halo_kernel1_r1
7226	0.000562197	591053440	ops_par_loop_advec_mom_kernel_x1_70	advec_mom_kernel_x1
7227	0.000194309	236236864	ops_par_loop_advec_mom_kernel_mass_flux_x_71	advec_mom_kernel_mass_flux_x
7228	0.000576505	590438520	ops_par_loop_advec_mom_kernel_post_pre_advec_x_72	advec_mom_kernel_post_pre_advec_x
7229	0.000881224	472258640	ops_par_loop_advec_mom_kernel1_x_nonvector_73	advec_mom_kernel1_x_nonvector
7230	0.000447860	590131240	ops_par_loop_advec_mom_kernel2_x_74	advec_mom_kernel2_x
7231	0.000560414	591053440	ops_par_loop_advec_mom_kernel_x1_75	advec_mom_kernel_x1
7232	0.000194299	236236864	ops_par_loop_advec_mom_kernel_mass_flux_x_76	advec_mom_kernel_mass_flux_x
7233	0.000574601	590438520	ops_par_loop_advec_mom_kernel_post_pre_advec_x_77	advec_mom_kernel_post_pre_advec_x
7234	0.000883818	472258640	ops_par_loop_advec_mom_kernel1_x_nonvector_78	advec_mom_kernel1_x_nonvector
7235	0.000450846	590131240	ops_par_loop_advec_mom_kernel2_x_79	advec_mom_kernel2_x
7236	0.000496112	472842752	ops_par_loop_advec_cell_kernel2_ydir_80	advec_cell_kernel2_ydir
7237	0.000787706	708203544	ops_par_loop_advec_cell_kernel3_ydir_81	advec_cell_kernel3_ydir
7238	0.001472697	1533542400	ops_par_loop_advec_cell_kernel4_ydir_82	advec_cell_kernel4_ydir
7239	0.000023164	553536	ops_par_loop_group_58	update_halo_kernel1_b2+update_halo_kernel4_minus_4_a
7240	0.000021481	553536	ops_par_loop_group_59	update_halo_kernel1_b1+update_halo_kernel4_minus_2_a
7241	0.000020629	369120	ops_par_loop_group_60	update_halo_kernel2_xvel_plus_4_a+update_halo_kernel2_yvel_minus_4_a+update_halo_kernel3_plus_4_a
7242	0.000021551	369120	ops_par_loop_group_61	update_halo_kernel2_xvel_plus_2_a+update_halo_kernel2_yvel_minus_2_a+update_halo_kernel3_plus_2_a
7243	0.000019647	246080	ops_par_loop_group_62	update_halo_kernel2_xvel_plus_4_b+update_halo_kernel2_yvel_minus_4_b
7244	0.000021030	369120	ops_par_loop_group_63	update_halo_kernel2_xvel_plus_2_b+update_halo_kernel2_yvel_minus_2_b+update_halo_kernel3_plus_4_b
7245	0.000021541	246080	ops_par_loop_group_64	update_halo_kernel2_xvel_minus_4_b+update_halo_kernel2_yvel_plus_4_b
7246	0.000019537	123040	ops_par_loop_update_halo_kernel3_plus_2_b_110	update_halo_kernel3_plus_2_b
7247	0.000019577	123008	ops_par_loop_update_halo_kernel3_minus_4_b_113	update_halo_kernel3_minus_4_b
7248	0.000018486	123008	ops_par_loop_update_halo_kernel4_minus_4_b_117	update_halo_kernel4_minus_4_b
7249	0.000021430	553536	ops_par_loop_group_68	update_halo_kernel1_t2+update_halo_kernel4_minus_2_b
7250	0.000020760	430528	ops_par_loop_update_halo_kernel1_t1_86	update_halo_kernel1_t1
7251	0.000027312	553536	ops_par_loop_group_70	update_halo_kernel1_l2+update_halo_kernel3_minus_4_a
7252	0.000023925	553536	ops_par_loop_group_71	update_halo_kernel1_l1+update_halo_kernel3_minus_2_a
7253	0.000024386	553536	ops_par_loop_group_72	update_halo_kernel1_r2+update_halo_kernel3_minus_2_b
7254	0.000020940	430528	ops_par_loop_update_halo_kernel1_r1_90	update_halo_kernel1_r1
7255	0.000023735	369120	ops_par_loop_group_74	update_halo_kernel2_xvel_minus_4_a+update_halo_kernel2_yvel_plus_4_a+update_halo_kernel4_plus_4_a
7256	0.000021261	369120	ops_par_loop_group_75	update_halo_kernel2_xvel_minus_2_a+update_halo_kernel2_yvel_plus_2_a+update_halo_kernel4_plus_2_a
7257	0.000023144	369120	ops_par_loop_group_76	update_halo_kernel2_xvel_minus_2_b+update_halo_kernel2_yvel_plus_2_b+update_halo_kernel4_plus_4_b
7258	0.000018636	123040	ops_par_loop_update_halo_kernel4_plus_2_b_122	update_halo_kernel4_plus_2_b
7259	0.001790219	1416561152	ops_par_loop_group_78	advec_mom_kernel_y2+reset_field_kernel1+ideal_gas_kernel
7260	0.000196173	236236864	ops_par_loop_advec_mom_kernel_mass_flux_y_124	advec_mom_kernel_mass_flux_y
7261	0.000532190	590438520	ops_par_loop_advec_mom_kernel_post_pre_advec_y_125	advec_mom_kernel_post_pre_advec_y
7262	0.000877045	472258640	ops_par_loop_advec_mom_kernel1_y_nonvector_126	advec_mom_kernel1_y_nonvector
7263	0.000449483	590131240	ops_par_loop_advec_mom_kernel2_y_127	advec_mom_kernel2_y
7264	0.000491754	472842752	ops_par_loop_advec_mom_kernel_y2_128	advec_mom_kernel_y2
7265	0.000192876	236236864	ops_par_loop_advec_mom_kernel_mass_flux_y_129	advec_mom_kernel_mass_flux_y
7266	0.000533393	590438520	ops_par_loop_advec_mom_kernel_post_pre_advec_y_130	advec_mom_kernel_post_pre_advec_y
7267	0.000872257	472258640	ops_par_loop_advec_mom_kernel1_y_nonvector_131	advec_mom_kernel1_y_nonvector
7268	0.000734054	1062236232	ops_par_loop_group_87	advec_mom_kernel2_y+reset_field_kernel2
7269	0.000021861	430304	ops_par_loop_update_halo_kernel1_b1_136	update_halo_kernel1_b1
7270	0.000021561	430304	ops_par_loop_update_halo_kernel1_t1_137	update_halo_kernel1_t1
7271	0.000025168	430304	ops_par_loop_update_halo_kernel1_l1_138	update_halo_kernel1_l1
7272	0.000024176	430304	ops_par_loop_update_halo_kernel1_r1_139	update_halo_kernel1_r1
7273	0.000019528	245952	ops_par_loop_group_92	update_halo_kernel2_xvel_plus_2_a+update_halo_kernel2_yvel_minus_2_a
7274	0.000019457	245952	ops_par_loop_group_93	update_halo_kernel2_xvel_plus_2_b+update_halo_kernel2_yvel_minus_2_b
7275	0.000021521	245952	ops_par_loop_group_94	update_halo_kernel2_xvel_minus_2_a+update_halo_kernel2_yvel_plus_2_a
7276	0.000021030	245952	ops_par_loop_group_95	update_halo_kernel2_xvel_minus_2_b+update_halo_kernel2_yvel_plus_2_b
7277	0.001731117	589885440	ops_par_loop_viscosity_kernel_148	viscosity_kernel
7278	0.000020830	430304	ops_par_loop_update_halo_kernel1_b1_149	update_halo_kernel1_b1
7279	0.000020589	430304	ops_par_loop_update_halo_kernel1_t1_150	update_halo_kernel1_t1
7280	0.000023274	430304	ops_par_loop_update_halo_kernel1_l1_151	update_halo_kernel1_l1
7281	0.000022904	430304	ops_par_loop_update_halo_kernel1_r1_152	update_halo_kernel1_r1
7282	0.000915839	1061744640	ops_par_loop_calc_dt_kernel_153	calc_dt_kernel
7283	0.001491603	1887436800	ops_par_loop_group_0	PdV_kernel_predict+ideal_gas_kernel
7284	0.000025608	430304	ops_par_loop_update_halo_kernel1_b1_2	update_halo_kernel1_b1
7285	0.000020830	430304	ops_par_loop_update_halo_kernel1_t1_3	update_halo_kernel1_t1
7286	0.000024918	430304	ops_par_loop_update_halo_kernel1_l1_4	update_halo_kernel1_l1
7287	0.000025047	430304	ops_par_loop_update_halo_kernel1_r1_5	update_halo_kernel1_r1
7288	0.001559011	1770147928	ops_par_loop_group_5	revert_kernel+accelerate_kernel
7289	0.001355424	1651507200	ops_par_loop_PdV_kernel_nopredict_8	PdV_kernel_nopredict
7290	0.000364863	471982080	ops_par_loop_flux_calc_kernelx_9	flux_calc_kernelx
7291	0.000358371	471982080	ops_par_loop_flux_calc_kernely_10	flux_calc_kernely
7292	0.000022764	553536	ops_par_loop_group_9	update_halo_kernel1_b2+update_halo_kernel4_minus_4_a
7293	0.000021501	553536	ops_par_loop_group_10	update_halo_kernel1_b1+update_halo_kernel4_minus_2_a
7294	0.000021060	369120	ops_par_loop_group_11	update_halo_kernel3_plus_4_a+update_halo_kernel2_xvel_plus_4_a+update_halo_kernel2_yvel_minus_4_a
7295	0.000021190	369120	ops_par_loop_group_12	update_halo_kernel3_plus_2_a+update_halo_kernel2_xvel_plus_2_a+update_halo_kernel2_yvel_minus_2_a
7296	0.000018595	123008	ops_par_loop_update_halo_kernel4_minus_4_b_29	update_halo_kernel4_minus_4_b
7297	0.000020819	553536	ops_par_loop_group_14	update_halo_kernel1_t2+update_halo_kernel4_minus_2_b
7298	0.000020549	430528	ops_par_loop_update_halo_kernel1_t1_14	update_halo_kernel1_t1
7299	0.000020789	246080	ops_par_loop_group_16	update_halo_kernel2_xvel_plus_4_b+update_halo_kernel2_yvel_minus_4_b
7300	0.000021050	369120	ops_par_loop_group_17	update_halo_kernel3_plus_4_b+update_halo_kernel2_xvel_plus_2_b+update_halo_kernel2_yvel_minus_2_b
7301	0.000018866	123040	ops_par_loop_update_halo_kernel3_plus_2_b_22	update_halo_kernel3_plus_2_b
7302	0.000025649	553536	ops_par_loop_group_19	update_halo_kernel1_l2+update_halo_kernel3_minus_4_a
7303	0.000023364	553536	ops_par_loop_group_20	update_halo_kernel1_l1+update_halo_kernel3_minus_2_a
7304	0.000019797	123008	ops_par_loop_update_halo_kernel3_minus_4_b_25	update_halo_kernel3_minus_4_b
7305	0.000026350	553536	ops_par_loop_group_22	update_halo_kernel1_r2+update_halo_kernel3_minus_2_b
7306	0.000021852	430528	ops_par_loop_update_halo_kernel1_r1_18	update_halo_kernel1_r1
7307	0.000024437	369120	ops_par_loop_group_24	update_halo_kernel4_plus_4_a+update_halo_kernel2_xvel_minus_4_a+update_halo_kernel2_yvel_plus_4_a
7308	0.000022402	369120	ops_par_loop_group_25	update_halo_kernel4_plus_2_a+update_halo_kernel2_xvel_minus_2_a+update_halo_kernel2_yvel_plus_2_a
7309	0.000021340	246080	ops_par_loop_group_26	update_halo_kernel2_xvel_minus_4_b+update_halo_kernel2_yvel_plus_4_b
7310	0.000022112	369120	ops_par_loop_group_27	update_halo_kernel4_plus_4_b+update_halo_kernel2_xvel_minus_2_b+update_halo_kernel2_yvel_plus_2_b
7311	0.000019297	123040	ops_par_loop_update_halo_kernel4_plus_2_b_34	update_halo_kernel4_plus_2_b
7312	0.000560324	591053440	ops_par_loop_advec_cell_kernel1_ydir_35	advec_cell_kernel1_ydir
7313	0.000786734	708203544	ops_par_loop_advec_cell_kernel3_ydir_36	advec_cell_kernel3_ydir
7314	0.001471244	1533542400	ops_par_loop_advec_cell_kernel4_ydir_37	advec_cell_kernel4_ydir
7315	0.000022022	553536	ops_par_loop_group_32	update_halo_kernel1_b2+update_halo_kernel4_minus_4_a
7316	0.000021270	553536	ops_par_loop_group_33	update_halo_kernel1_b1+update_halo_kernel4_minus_2_a
7317	0.000018435	123008	ops_par_loop_update_halo_kernel4_minus_4_b_64	update_halo_kernel4_minus_4_b
7318	0.000021360	553536	ops_par_loop_group_35	update_halo_kernel1_t2+update_halo_kernel4_minus_2_b
7319	0.000020289	430528	ops_par_loop_update_halo_kernel1_t1_41	update_halo_kernel1_t1
7320	0.000023915	430528	ops_par_loop_update_halo_kernel1_l2_42	update_halo_kernel1_l2
7321	0.000021361	430528	ops_par_loop_update_halo_kernel1_l1_43	update_halo_kernel1_l1
7322	0.000023525	430528	ops_par_loop_update_halo_kernel1_r2_44	update_halo_kernel1_r2
7323	0.000022062	430528	ops_par_loop_update_halo_kernel1_r1_45	update_halo_kernel1_r1
7324	0.000019617	123040	ops_par_loop_update_halo_kernel4_plus_4_a_66	update_halo_kernel4_plus_4_a
7325	0.000018325	123040	ops_par_loop_update_halo_kernel4_plus_2_a_67	update_halo_kernel4_plus_2_a
7326	0.000018986	123040	ops_par_loop_update_halo_kernel4_plus_4_b_68	update_halo_kernel4_plus_4_b
7327	0.000019316	123040	ops_par_loop_update_halo_kernel4_plus_2_b_69	update_halo_kernel4_plus_2_b
7328	0.000563229	591053440	ops_par_loop_advec_mom_kernel_y1_70	advec_mom_kernel_y1
7329	0.000191313	236236864	ops_par_loop_advec_mom_kernel_mass_flux_y_71	advec_mom_kernel_mass_flux_y
7330	0.000532822	590438520	ops_par_loop_advec_mom_kernel_post_pre_advec_y_72	advec_mom_kernel_post_pre_advec_y
7331	0.000877676	472258640	ops_par_loop_advec_mom_kernel1_y_nonvector_73	advec_mom_kernel1_y_nonvector
7332	0.000444874	590131240	ops_par_loop_advec_mom_kernel2_y_74	advec_mom_kernel2_y
7333	0.000561907	591053440	ops_par_loop_advec_mom_kernel_y1_75	advec_mom_kernel_y1
7334	0.000191464	236236864	ops_par_loop_advec_mom_kernel_mass_flux_y_76	advec_mom_kernel_mass_flux_y
7335	0.000531349	590438520	ops_par_loop_advec_mom_kernel_post_pre_advec_y_77	advec_mom_kernel_post_pre_advec_y
7336	0.000872196	472258640	ops_par_loop_advec_mom_kernel1_y_nonvector_78	advec_mom_kernel1_y_nonvector
7337	0.000454363	590131240	ops_par_loop_advec_mom_kernel2_y_79	advec_mom_kernel2_y
7338	0.000492736	472842752	ops_par_loop_advec_cell_kernel2_xdir_80	advec_cell_kernel2_xdir
7339	0.000772918	708203544	ops_par_loop_advec_cell_kernel3_xdir_81	advec_cell_kernel3_xdir
7340	0.001468469	1533542400	ops_par_loop_advec_cell_kernel4_xdir_82	advec_cell_kernel4_xdir
7341	0.000024166	553536	ops_par_loop_group_58	update_halo_kernel1_b2+update_halo_kernel4_minus_4_a
7342	0.000021922	553536	ops_par_loop_group_59	update_halo_kernel1_b1+update_halo_kernel4_minus_2_a
7343	0.000022453	369120	ops_par_loop_group_60	update_halo_kernel2_xvel_plus_4_a+update_halo_kernel2_yvel_minus_4_a+update_halo_kernel3_plus_4_a
7344	0.000021421	369120	ops_par_loop_group_61	update_halo_kernel2_xvel_plus_2_a+update_halo_kernel2_yvel_minus_2_a+update_halo_kernel3_plus_2_a
7345	0.000018836	246080	ops_par_loop_group_62	update_halo_kernel2_xvel_plus_4_b+update_halo_kernel2_yvel_minus_4_b
7346	0.000020750	369120	ops_par_loop_group_63	update_halo_kernel2_xvel_plus_2_b+update_halo_kernel2_yvel_minus_2_b+update_halo_kernel3_plus_4_b
7347	0.000022132	246080	ops_par_loop_group_64	update_halo_kernel2_xvel_minus_4_b+update_halo_kernel2_yvel_plus_4_b
7348	0.000019347	123040	ops_par_loop_update_halo_kernel3_plus_2_b_110	update_halo_kernel3_plus_2_b
7349	0.000020048	123008	ops_par_loop_update_halo_kernel3_minus_4_b_113	update_halo_kernel3_minus_4_b
7350	0.000018355	123008	ops_par_loop_update_halo_kernel4_minus_4_b_117	update_halo_kernel4_minus_4_b
7351	0.000021541	553536	ops_par_loop_group_68	update_halo_kernel1_t2+update_halo_kernel4_minus_2_b
7352	0.000019798	430528	ops_par_loop_update_halo_kernel1_t1_86	update_halo_kernel1_t1
7353	0.000026610	553536	ops_par_loop_group_70	update_halo_kernel1_l2+update_halo_kernel3_minus_4_a
7354	0.000023575	553536	ops_par_loop_group_71	update_halo_kernel1_l1+update_halo_kernel3_minus_2_a
7355	0.000025508	553536	ops_par_loop_group_72	update_halo_kernel1_r2+update_halo_kernel3_minus_2_b
7356	0.000022223	430528	ops_par_loop_update_halo_kernel1_r1_90	update_halo_kernel1_r1
7357	0.000023795	369120	ops_par_loop_group_74	update_halo_kernel2_xvel_minus_4_a+update_halo_kernel2_yvel_plus_4_a+update_halo_kernel4_plus_4_a
7358	0.000022884	369120	ops_par_loop_group_75	update_halo_kernel2_xvel_minus_2_a+update_halo_kernel2_yvel_plus_2_a+update_halo_kernel4_plus_2_a
7359	0.000023555	369120	ops_par_loop_group_76	update_halo_kernel2_xvel_minus_2_b+update_halo_kernel2_yvel_plus_2_b+update_halo_kernel4_plus_4_b
7360	0.000018926	123040	ops_par_loop_update_halo_kernel4_plus_2_b_122	update_halo_kernel4_plus_2_b
7361	0.001788747	1416561152	ops_par_loop_group_78	advec_mom_kernel_x2+reset_field_kernel1+ideal_gas_kernel
7362	0.000196083	236236864	ops_par_loop_advec_mom_kernel_mass_flux_x_124	advec_mom_kernel_mass_flux_x
7363	0.000575082	590438520	ops_par_loop_advec_mom_kernel_post_pre_advec_x_125	advec_mom_kernel_post_pre_advec_x
7364	0.000881875	472258640	ops_par_loop_advec_mom_kernel1_x_nonvector_126	advec_mom_kernel1_x_nonvector
7365	0.000447459	590131240	ops_par_loop_advec_mom_kernel2_x_127	advec_mom_kernel2_x
7366	0.000499028	472842752	ops_par_loop_advec_mom_kernel_x2_128	advec_mom_kernel_x2
7367	0.000195541	236236864	ops_par_loop_advec_mom_kernel_mass_flux_x_129	advec_mom_kernel_mass_flux_x
7368	0.000576635	590438520	ops_par_loop_advec_mom_kernel_post_pre_advec_x_130	advec_mom_kernel_post_pre_advec_x
7369	0.000883207	472258640	ops_par_loop_advec_mom_kernel1_x_nonvector_131	advec_mom_kernel1_x_nonvector
7370	0.000731169	1062236232	ops_par_loop_group_87	advec_mom_kernel2_x+reset_field_kernel2
7371	0.000021681	430304	ops_par_loop_update_halo_kernel1_b1_136	update_halo_kernel1_b1
7372	0.000020088	430304	ops_par_loop_update_halo_kernel1_t1_137	update_halo_kernel1_t1
7373	0.000028935	430304	ops_par_loop_update_halo_kernel1_l1_138	update_halo_kernel1_l1
7374	0.000025218	430304	ops_par_loop_update_halo_kernel1_r1_139	update_halo_kernel1_r1
7375	0.000020599	245952	ops_par_loop_group_92	update_halo_kernel2_xvel_plus_2_a+update_halo_kernel2_yvel_minus_2_a
7376	0.000019436	245952	ops_par_loop_group_93	update_halo_kernel2_xvel_plus_2_b+update_halo_kernel2_yvel_minus_2_b
7377	0.000021802	245952	ops_par_loop_group_94	update_halo_kernel2_xvel_minus_2_a+update_halo_kernel2_yvel_plus_2_a
7378	0.000021541	245952	ops_par_loop_group_95	update_halo_kernel2_xvel_minus_2_b+update_halo_kernel2_yvel_plus_2_b
7379	0.001729835	589885440	ops_par_loop_viscosity_kernel_148	viscosity_kernel
7380	0.000021831	430304	ops_par_loop_update_halo_kernel1_b1_149	update_halo_kernel1_b1
7381	0.000020429	430304	ops_par_loop_update_halo_kernel1_t1_150	update_halo_kernel1_t1
7382	0.000028514	430304	ops_par_loop_update_halo_kernel1_l1_151	update_halo_kernel1_l1
7383	0.000023725	430304	ops_par_loop_update_halo_kernel1_r1_152	update_halo_kernel1_r1
7384	0.000915488	1061744640	ops_par_loop_calc_dt_kernel_153	calc_dt_kernel
7385	0.001497183	1887436800	ops_par_loop_group_0	PdV_kernel_predict+ideal_gas_kernel
7386	0.000022413	430304	ops_par_loop_update_halo_kernel1_b1_2	update_halo_kernel1_b1
7387	0.000019877	430304	ops_par_loop_update_halo_kernel1_t1_3	update_halo_kernel1_t1
7388	0.000023574	430304	ops_par_loop_update_halo_kernel1_l1_4	update_halo_kernel1_l1
7389	0.000023103	430304	ops_par_loop_update_halo_kernel1_r1_5	update_halo_kernel1_r1
7390	0.001555033	1770147928	ops_par_loop_group_5	revert_kernel+accelerate_kernel
7391	0.001359963	1651507200	ops_par_loop_PdV_kernel_nopredict_8	PdV_kernel_nopredict
7392	0.000366325	471982080	ops_par_loop_flux_calc_kernelx_9	flux_calc_kernelx
7393	0.000358712	471982080	ops_par_loop_flux_calc_kernely_10	flux_calc_kernely
7394	0.000022362	553536	ops_par_loop_group_9	update_halo_kernel1_b2+update_halo_kernel4_minus_4_a
7395	0.000021311	553536	ops_par_loop_group_10	update_halo_kernel1_b1+update_halo_kernel4_minus_2_a
7396	0.000021231	369120	ops_par_loop_group_11	update_halo_kernel3_plus_4_a+update_halo_kernel2_xvel_plus_4_a+update_halo_kernel2_yvel_minus_4_a
7397	0.000020619	369120	ops_par_loop_group_12	update_halo_kernel3_plus_2_a+update_halo_kernel2_xvel_plus_2_a+update_halo_kernel2_yvel_minus_2_a
7398	0.000019777	123008	ops_par_loop_update_halo_kernel4_minus_4_b_29	update_halo_kernel4_minus_4_b
7399	0.000021090	553536	ops_par_loop_group_14	update_halo_kernel1_t2+update_halo_kernel4_minus_2_b
7400	0.000020268	430528	ops_par_loop_update_halo_kernel1_t1_14	update_halo_kernel1_t1
7401	0.000019577	246080	ops_par_loop_group_16	update_halo_kernel2_xvel_plus_4_b+update_halo_kernel2_yvel_minus_4_b
7402	0.000020509	369120	ops_par_loop_group_17	update_halo_kernel3_plus_4_b+update_halo_kernel2_xvel_plus_2_b+update_halo_kernel2_yvel_minus_2_b
7403	0.000018936	123040	ops_par_loop_update_halo_kernel3_plus_2_b_22	update_halo_kernel3_plus_2_b
7404	0.000025599	553536	ops_par_loop_group_19	update_halo_kernel1_l2+update_halo_kernel3_minus_4_a
7405	0.000022913	553536	ops_par_loop_group_20	update_halo_kernel1_l1+update_halo_kernel3_minus_2_a
7406	0.000019467	123008	ops_par_loop_update_halo_kernel3_minus_4_b_25	update_halo_kernel3_minus_4_b
7407	0.000025358	553536	ops_par_loop_group_22	update_halo_kernel1_r2+update_halo_kernel3_minus_2_b
7408	0.000021300	430528	ops_par_loop_update_halo_kernel1_r1_18	update_halo_kernel1_r1
7409	0.000024105	369120	ops_par_loop_group_24	update_halo_kernel4_plus_4_a+update_halo_kernel2_xvel_minus_4_a+update_halo_kernel2_yvel_plus_4_a
7410	0.000021240	369120	ops_par_loop_group_25	update_halo_kernel4_plus_2_a+update_halo_kernel2_xvel_minus_2_a+update_halo_kernel2_yvel_plus_2_a
7411	0.000020769	246080	ops_par_loop_group_26	update_halo_kernel2_xvel_minus_4_b+update_halo_kernel2_yvel_plus_4_b
7412	0.000024196	369120	ops_par_loop_group_27	update_halo_kernel4_plus_4_b+update_halo_kernel2_xvel_minus_2_b+update_halo_kernel2_yvel_plus_2_b
7413	0.000019527	123040	ops_par_loop_update_halo_kernel4_plus_2_b_34	update_halo_kernel4_plus_2_b
7414	0.000564923	591053440	ops_par_loop_advec_cell_kernel1_xdir_35	advec_cell_kernel1_xdir
7415	0.000772667	708203544	ops_par_loop_advec_cell_kernel3_xdir_36	advec_cell_kernel3_xdir
7416	0.001465653	1533542400	ops_par_loop_advec_cell_kernel4_xdir_37	advec_cell_kernel4_xdir
7417	0.000021120	430528	ops_par_loop_update_halo_kernel1_b2_38	update_halo_kernel1_b2
7418	0.000019857	430528	ops_par_loop_update_halo_kernel1_b1_39	update_halo_kernel1_b1
7419	0.000020950	430528	ops_par_loop_update_halo_kernel1_t2_40	update_halo_kernel1_t2
7420	0.000020168	430528	ops_par_loop_update_halo_kernel1_t1_41	update_halo_kernel1_t1
7421	0.000018886	123040	ops_par_loop_update_halo_kernel3_plus_4_a_62	update_halo_kernel3_plus_4_a
7422	0.000018926	123040	ops_par_loop_update_halo_kernel3_plus_2_a_63	update_halo_kernel3_plus_2_a
7423	0.000018625	123040	ops_par_loop_update_halo_kernel3_plus_4_b_64	update_halo_kernel3_plus_4_b
7424	0.000017984	123040	ops_par_loop_update_halo_kernel3_plus_2_b_65	update_halo_kernel3_plus_2_b
7425	0.000026280	553536	ops_par_loop_group_40	update_halo_kernel1_l2+update_halo_kernel3_minus_4_a
7426	0.000023435	553536	ops_par_loop_group_41	update_halo_kernel1_l1+update_halo_kernel3_minus_2_a
7427	0.000024126	123008	ops_par_loop_update_halo_kernel3_minus_4_b_68	update_halo_kernel3_minus_4_b
7428	0.000024447	553536	ops_par_loop_group_43	update_halo_kernel1_r2+update_halo_kernel3_minus_2_b
7429	0.000021651	430528	ops_par_loop_update_halo_kernel1_r1_45	update_halo_kernel1_r1
7430	0.000562619	591053440	ops_par_loop_advec_mom_kernel_x1_70	advec_mom_kernel_x1
7431	0.000194069	236236864	ops_par_loop_advec_mom_kernel_mass_flux_x_71	advec_mom_kernel_mass_flux_x
7432	0.000574992	590438520	ops_par_loop_advec_mom_kernel_post_pre_advec_x_72	advec_mom_kernel_post_pre_advec_x
7433	0.000881013	472258640	ops_par_loop_advec_mom_kernel1_x_nonvector_73	advec_mom_kernel1_x_nonvector
7434	0.000445967	590131240	ops_par_loop_advec_mom_kernel2_x_74	advec_mom_kernel2_x
7435	0.000561546	591053440	ops_par_loop_advec_mom_kernel_x1_75	advec_mom_kernel_x1
7436	0.000194530	236236864	ops_par_loop_advec_mom_kernel_mass_flux_x_76	advec_mom_kernel_mass_flux_x
7437	0.000576265	590438520	ops_par_loop_advec_mom_kernel_post_pre_advec_x_77	advec_mom_kernel_post_pre_advec_x
7438	0.000884700	472258640	ops_par_loop_advec_mom_kernel1_x_nonvector_78	advec_mom_kernel1_x_nonvector
7439	0.000446769	590131240	ops_par_loop_advec_mom_kernel2_x_79	advec_mom_kernel2_x
7440	0.000497234	472842752	ops_par_loop_advec_cell_kernel2_ydir_80	advec_cell_kernel2_ydir
7441	0.000788196	708203544	ops_par_loop_advec_cell_kernel3_ydir_81	advec_cell_kernel3_ydir
7442	0.001470873	1533542400	ops_par_loop_advec_cell_kernel4_ydir_82	advec_cell_kernel4_ydir
7443	0.000023004	553536	ops_par_loop_group_58	update_halo_kernel1_b2+update_halo_kernel4_minus_4_a
7444	0.000021921	553536	ops_par_loop_group_59	update_halo_kernel1_b1+update_halo_kernel4_minus_2_a
7445	0.000021881	369120	ops_par_loop_group_60	update_halo_kernel2_xvel_plus_4_a+update_halo_kernel2_yvel_minus_4_a+update_halo_kernel3_plus_4_a
7446	0.000021571	369120	ops_par_loop_group_61	update_halo_kernel2_xvel_plus_2_a+update_halo_kernel2_yvel_minus_2_a+update_halo_kernel3_plus_2_a
7447	0.000019527	246080	ops_par_loop_group_62	update_halo_kernel2_xvel_plus_4_b+update_halo_kernel2_yvel_minus_4_b
7448	0.000021250	369120	ops_par_loop_group_63	update_halo_kernel2_xvel_plus_2_b+update_halo_kernel2_yvel_minus_2_b+update_halo_kernel3_plus_4_b
7449	0.000021481	246080	ops_par_loop_group_64	update_halo_kernel2_xvel_minus_4_b+update_halo_kernel2_yvel_plus_4_b
7450	0.000020068	123040	ops_par_loop_update_halo_kernel3_plus_2_b_110	update_halo_kernel3_plus_2_b
7451	0.000019908	123008	ops_par_loop_update_halo_kernel3_minus_4_b_113	update_halo_kernel3_minus_4_b
7452	0.000018104	123008	ops_par_loop_update_halo_kernel4_minus_4_b_117	update_halo_kernel4_minus_4_b
7453	0.000021191	553536	ops_par_loop_group_68	update_halo_kernel1_t2+update_halo_kernel4_minus_2_b
7454	0.000019807	430528	ops_par_loop_update_halo_kernel1_t1_86	update_halo_kernel1_t1
7455	0.000026701	553536	ops_par_loop_group_70	update_halo_kernel1_l2+update_halo_kernel3_minus_4_a
7456	0.000023084	553536	ops_par_loop_group_71	update_halo_kernel1_l1+update_halo_kernel3_minus_2_a
7457	0.000024086	553536	ops_par_loop_group_72	update_halo_kernel1_r2+update_halo_kernel3_minus_2_b
7458	0.000020820	430528	ops_par_loop_update_halo_kernel1_r1_90	update_halo_kernel1_r1
7459	0.000023906	369120	ops_par_loop_group_74	update_halo_kernel2_xvel_minus_4_a+update_halo_kernel2_yvel_plus_4_a+update_halo_kernel4_plus_4_a
7460	0.000021791	369120	ops_par_loop_group_75	update_halo_kernel2_xvel_minus_2_a+update_halo_kernel2_yvel_plus_2_a+update_halo_kernel4_plus_2_a
7461	0.000022423	369120	ops_par_loop_group_76	update_halo_kernel2_xvel_minus_2_b+update_halo_kernel2_yvel_plus_2_b+update_halo_kernel4_plus_4_b
7462	0.000018515	123040	ops_par_loop_update_halo_kernel4_plus_2_b_122	update_halo_kernel4_plus_2_b
7463	0.001792143	1416561152	ops_par_loop_group_78	advec_mom_kernel_y2+reset_field_kernel1+ideal_gas_kernel
7464	0.000193928	236236864	ops_par_loop_advec_mom_kernel_mass_flux_y_124	advec_mom_kernel_mass_flux_y
7465	0.000533363	590438520	ops_par_loop_advec_mom_kernel_post_pre_advec_y_125	advec_mom_kernel_post_pre_advec_y
7466	0.000877186	472258640	ops_par_loop_advec_mom_kernel1_y_nonvector_126	advec_mom_kernel1_y_nonvector
7467	0.000455024	590131240	ops_par_loop_advec_mom_kernel2_y_127	advec_mom_kernel2_y
7468	0.000489820	472842752	ops_par_loop_advec_mom_kernel_y2_128	advec_mom_kernel_y2
7469	0.000192937	236236864	ops_par_loop_advec_mom_kernel_mass_flux_y_129	advec_mom_kernel_mass_flux_y
7470	0.000532912	590438520	ops_par_loop_advec_mom_kernel_post_pre_advec_y_130	advec_mom_kernel_post_pre_advec_y
7471	0.000878698	472258640	ops_par_loop_advec_mom_kernel1_y_nonvector_131	advec_mom_kernel1_y_nonvector
7472	0.000731629	1062236232	ops_par_loop_group_87	advec_mom_kernel2_y+reset_field_kernel2
7473	0.000021380	430304	ops_par_loop_update_halo_kernel1_b1_136	update_halo_kernel1_b1
7474	0.000020358	430304	ops_par_loop_update_halo_kernel1_t1_137	update_halo_kernel1_t1
7475	0.000024556	430304	ops_par_loop_update_halo_kernel1_l1_138	update_halo_kernel1_l1
7476	0.000024176	430304	ops_par_loop_update_halo_kernel1_r1_139	update_halo_kernel1_r1
7477	0.000019968	245952	ops_par_loop_group_92	update_halo_kernel2_xvel_plus_2_a+update_halo_kernel2_yvel_minus_2_a
7478	0.000018966	245952	ops_par_loop_group_93	update_halo_kernel2_xvel_plus_2_b+update_halo_kernel2_yvel_minus_2_b
7479	0.000021090	245952	ops_par_loop_group_94	update_halo_kernel2_xvel_minus_2_a+update_halo_kernel2_yvel_plus_2_a
7480	0.000021431	245952	ops_par_loop_group_95	update_halo_kernel2_xvel_minus_2_b+update_halo_kernel2_yvel_plus_2_b
7481	0.001730006	589885440	ops_par_loop_viscosity_kernel_148	viscosity_kernel
7482	0.000020919	430304	ops_par_loop_update_halo_kernel1_b1_149	update_halo_kernel1_b1
7483	0.000020860	430304	ops_par_loop_update_halo_kernel1_t1_150	update_halo_kernel1_t1
7484	0.000023504	430304	ops_par_loop_update_halo_kernel1_l1_151	update_halo_kernel1_l1
7485	0.000023404	430304	ops_par_loop_update_halo_kernel1_r1_152	update_halo_kernel1_r1
7486	0.000916380	1061744640	ops_par_loop_calc_dt_kernel_153	calc_dt_kernel
7487	0.001493897	1887436800	ops_par_loop_group_0	PdV_kernel_predict+ideal_gas_kernel
7488	0.000027132	430304	ops_par_loop_update_halo_kernel1_b1_2	update_halo_kernel1_b1
7489	0.000021811	430304	ops_par_loop_update_halo_kernel1_t1_3	update_halo_kernel1_t1
7490	0.000025248	430304	ops_par_loop_update_halo_kernel1_l1_4	update_halo_kernel1_l1
7491	0.000026310	430304	ops_par_loop_update_halo_kernel1_r1_5	update_halo_kernel1_r1
7492	0.001561485	1770147928	ops_par_loop_group_5	revert_kernel+accelerate_kernel
7493	0.001360894	1651507200	ops_par_loop_PdV_kernel_nopredict_8	PdV_kernel_nopredict
7494	0.000364683	471982080	ops_par_loop_flux_calc_kernelx_9	flux_calc_kernelx
7495	0.000358702	471982080	ops_par_loop_flux_calc_kernely_10	flux_calc_kernely
7496	0.000022703	553536	ops_par_loop_group_9	update_halo_kernel1_b2+update_halo_kernel4_minus_4_a
7497	0.000020409	553536	ops_par_loop_group_10	update_halo_kernel1_b1+update_halo_kernel4_minus_2_a
7498	0.000021020	369120	ops_par_loop_group_11	update_halo_kernel3_plus_4_a+update_halo_kernel2_xvel_plus_4_a+update_halo_kernel2_yvel_minus_4_a
7499	0.000020119	369120	ops_par_loop_group_12	update_halo_kernel3_plus_2_a+update_halo_kernel2_xvel_plus_2_a+update_halo_kernel2_yvel_minus_2_a
7500	0.000018295	123008	ops_par_loop_update_halo_kernel4_minus_4_b_29	update_halo_kernel4_minus_4_b
7501	0.000020859	553536	ops_par_loop_group_14	update_halo_kernel1_t2+update_halo_kernel4_minus_2_b
7502	0.000020098	430528	ops_par_loop_update_halo_kernel1_t1_14	update_halo_kernel1_t1
7503	0.000020399	246080	ops_par_loop_group_16	update_halo_kernel2_xvel_plus_4_b+update_halo_kernel2_yvel_minus_4_b
7504	0.000020809	369120	ops_par_loop_group_17	update_halo_kernel3_plus_4_b+update_halo_kernel2_xvel_plus_2_b+update_halo_kernel2_yvel_minus_2_b
7505	0.000018605	123040	ops_par_loop_update_halo_kernel3_plus_2_b_22	update_halo_kernel3_plus_2_b
7506	0.000025859	553536	ops_par_loop_group_19	update_halo_kernel1_l2+update_halo_kernel3_minus_4_a
7507	0.000023635	553536	ops_par_loop_group_20	update_halo_kernel1_l1+update_halo_kernel3_minus_2_a
7508	0.000018275	123008	ops_par_loop_update_halo_kernel3_minus_4_b_25	update_halo_kernel3_minus_4_b
7509	0.000024386	553536	ops_par_loop_group_22	update_halo_kernel1_r2+update_halo_kernel3_minus_2_b
7510	0.000021761	430528	ops_par_loop_update_halo_kernel1_r1_18	update_halo_kernel1_r1
7511	0.000022653	369120	ops_par_loop_group_24	update_halo_kernel4_plus_4_a+update_halo_kernel2_xvel_minus_4_a+update_halo_kernel2_yvel_plus_4_a
7512	0.000023254	369120	ops_par_loop_group_25	update_halo_kernel4_plus_2_a+update_halo_kernel2_xvel_minus_2_a+update_halo_kernel2_yvel_plus_2_a
7513	0.000021601	246080	ops_par_loop_group_26	update_halo_kernel2_xvel_minus_4_b+update_halo_kernel2_yvel_plus_4_b
7514	0.000024376	369120	ops_par_loop_group_27	update_halo_kernel4_plus_4_b+update_halo_kernel2_xvel_minus_2_b+update_halo_kernel2_yvel_plus_2_b
7515	0.000019077	123040	ops_par_loop_update_halo_kernel4_plus_2_b_34	update_halo_kernel4_plus_2_b
7516	0.000563650	591053440	ops_par_loop_advec_cell_kernel1_ydir_35	advec_cell_kernel1_ydir
7517	0.000786744	708203544	ops_par_loop_advec_cell_kernel3_ydir_36	advec_cell_kernel3_ydir
7518	0.001469651	1533542400	ops_par_loop_advec_cell_kernel4_ydir_37	advec_cell_kernel4_ydir
7519	0.000022784	553536	ops_par_loop_group_32	update_halo_kernel1_b2+update_halo_kernel4_minus_4_a
7520	0.000020830	553536	ops_par_loop_group_33	update_halo_kernel1_b1+update_halo_kernel4_minus_2_a
7521	0.000018124	123008	ops_par_loop_update_halo_kernel4_minus_4_b_64	update_halo_kernel4_minus_4_b
7522	0.000021050	553536	ops_par_loop_group_35	update_halo_kernel1_t2+update_halo_kernel4_minus_2_b
7523	0.000020740	430528	ops_par_loop_update_halo_kernel1_t1_41	update_halo_kernel1_t1
7524	0.000023915	430528	ops_par_loop_update_halo_kernel1_l2_42	update_halo_kernel1_l2
7525	0.000020859	430528	ops_par_loop_update_halo_kernel1_l1_43	update_halo_kernel1_l1
7526	0.000022743	430528	ops_par_loop_update_halo_kernel1_r2_44	update_halo_kernel1_r2
7527	0.000022373	430528	ops_par_loop_update_halo_kernel1_r1_45	update_halo_kernel1_r1
7528	0.000019877	123040	ops_par_loop_update_halo_kernel4_plus_4_a_66	update_halo_kernel4_plus_4_a
7529	0.000017433	123040	ops_par_loop_update_halo_kernel4_plus_2_a_67	update_halo_kernel4_plus_2_a
7530	0.000018334	123040	ops_par_loop_update_halo_kernel4_plus_4_b_68	update_halo_kernel4_plus_4_b
7531	0.000018766	123040	ops_par_loop_update_halo_kernel4_plus_2_b_69	update_halo_kernel4_plus_2_b
7532	0.000560805	591053440	ops_par_loop_advec_mom_kernel_y1_70	advec_mom_kernel_y1
7533	0.000191514	236236864	ops_par_loop_advec_mom_kernel_mass_flux_y_71	advec_mom_kernel_mass_flux_y
7534	0.000532561	590438520	ops_par_loop_advec_mom_kernel_post_pre_advec_y_72	advec_mom_kernel_post_pre_advec_y
7535	0.000877957	472258640	ops_par_loop_advec_mom_kernel1_y_nonvector_73	advec_mom_kernel1_y_nonvector
7536	0.000446768	590131240	ops_par_loop_advec_mom_kernel2_y_74	advec_mom_kernel2_y
7537	0.000561275	591053440	ops_par_loop_advec_mom_kernel_y1_75	advec_mom_kernel_y1
7538	0.000190912	236236864	ops_par_loop_advec_mom_kernel_mass_flux_y_76	advec_mom_kernel_mass_flux_y
7539	0.000532672	590438520	ops_par_loop_advec_mom_kernel_post_pre_advec_y_77	advec_mom_kernel_post_pre_advec_y
7540	0.000871826	472258640	ops_par_loop_advec_mom_kernel1_y_nonvector_78	advec_mom_kernel1_y_nonvector
7541	0.000448972	590131240	ops_par_loop_advec_mom_kernel2_y_79	advec_mom_kernel2_y
7542	0.000492675	472842752	ops_par_loop_advec_cell_kernel2_xdir_80	advec_cell_kernel2_xdir
7543	0.000772517	708203544	ops_par_loop_advec_cell_kernel3_xdir_81	advec_cell_kernel3_xdir
7544	0.001461686	1533542400	ops_par_loop_advec_cell_kernel4_xdir_82	advec_cell_kernel4_xdir
7545	0.000022142	553536	ops_par_loop_group_58	update_halo_kernel1_b2+update_halo_kernel4_minus_4_a
7546	0.000021311	553536	ops_par_loop_group_59	update_halo_kernel1_b1+update_halo_kernel4_minus_2_a
7547	0.000021290	369120	ops_par_loop_group_60	update_halo_kernel2_xvel_plus_4_a+update_halo_kernel2_yvel_minus_4_a+update_halo_kernel3_plus_4_a
7548	0.000021341	369120	ops_par_loop_group_61	update_halo_kernel2_xvel_plus_2_a+update_halo_kernel2_yvel_minus_2_a+update_halo_kernel3_plus_2_a
7549	0.000018976	246080	ops_par_loop_group_62	update_halo_kernel2_xvel_plus_4_b+update_halo_kernel2_yvel_minus_4_b
7550	0.000020759	369120	ops_par_loop_group_63	update_halo_kernel2_xvel_plus_2_b+update_halo_kernel2_yvel_minus_2_b+update_halo_kernel3_plus_4_b
7551	0.000021281	246080	ops_par_loop_group_64	update_halo_kernel2_xvel_minus_4_b+update_halo_kernel2_yvel_plus_4_b
7552	0.000019407	123040	ops_par_loop_update_halo_kernel3_plus_2_b_110	update_halo_kernel3_plus_2_b
7553	0.000020229	123008	ops_par_loop_update_halo_kernel3_minus_4_b_113	update_halo_kernel3_minus_4_b
7554	0.000017924	123008	ops_par_loop_update_halo_kernel4_minus_4_b_117	update_halo_kernel4_minus_4_b
7555	0.000020719	553536	ops_par_loop_group_68	update_halo_kernel1_t2+update_halo_kernel4_minus_2_b
7556	0.000019467	430528	ops_par_loop_update_halo_kernel1_t1_86	update_halo_kernel1_t1
7557	0.000030809	553536	ops_par_loop_group_70	update_halo_kernel1_l2+update_halo_kernel3_minus_4_a
7558	0.000023164	553536	ops_par_loop_group_71	update_halo_kernel1_l1+update_halo_kernel3_minus_2_a
7559	0.000024627	553536	ops_par_loop_group_72	update_halo_kernel1_r2+update_halo_kernel3_minus_2_b
7560	0.000021530	430528	ops_par_loop_update_halo_kernel1_r1_90	update_halo_kernel1_r1
7561	0.000022733	369120	ops_par_loop_group_74	update_halo_kernel2_xvel_minus_4_a+update_halo_kernel2_yvel_plus_4_a+update_halo_kernel4_plus_4_a
7562	0.000023194	369120	ops_par_loop_group_75	update_halo_kernel2_xvel_minus_2_a+update_halo_kernel2_yvel_plus_2_a+update_halo_kernel4_plus_2_a
7563	0.000022162	369120	ops_par_loop_group_76	update_halo_kernel2_xvel_minus_2_b+update_halo_kernel2_yvel_plus_2_b+update_halo_kernel4_plus_4_b
7564	0.000018695	123040	ops_par_loop_update_halo_kernel4_plus_2_b_122	update_halo_kernel4_plus_2_b
7565	0.001790591	1416561152	ops_par_loop_group_78	advec_mom_kernel_x2+reset_field_kernel1+ideal_gas_kernel
7566	0.000196614	236236864	ops_par_loop_advec_mom_kernel_mass_flux_x_124	advec_mom_kernel_mass_flux_x
7567	0.000576013	590438520	ops_par_loop_advec_mom_kernel_post_pre_advec_x_125	advec_mom_kernel_post_pre_advec_x
7568	0.000880933	472258640	ops_par_loop_advec_mom_kernel1_x_nonvector_126	advec_mom_kernel1_x_nonvector
7569	0.000448562	590131240	ops_par_loop_advec_mom_kernel2_x_127	advec_mom_kernel2_x
7570	0.000497224	472842752	ops_par_loop_advec_mom_kernel_x2_128	advec_mom_kernel_x2
7571	0.000194479	236236864	ops_par_loop_advec_mom_kernel_mass_flux_x_129	advec_mom_kernel_mass_flux_x
7572	0.000577066	590438520	ops_par_loop_advec_mom_kernel_post_pre_advec_x_130	advec_mom_kernel_post_pre_advec_x
7573	0.000883207	472258640	ops_par_loop_advec_mom_kernel1_x_nonvector_131	advec_mom_kernel1_x_nonvector
7574	0.000729726	1062236232	ops_par_loop_group_87	advec_mom_kernel2_x+reset_field_kernel2
7575	0.000022052	430304	ops_par_loop_update_halo_kernel1_b1_136	update_halo_kernel1_b1
7576	0.000020148	430304	ops_par_loop_update_halo_kernel1_t1_137	update_halo_kernel1_t1
7577	0.000024266	430304	ops_par_loop_update_halo_kernel1_l1_138	update_halo_kernel1_l1
7578	0.000024136	430304	ops_par_loop_update_halo_kernel1_r1_139	update_halo_kernel1_r1
7579	0.000019767	245952	ops_par_loop_group_92	update_halo_kernel2_xvel_plus_2_a+update_halo_kernel2_yvel_minus_2_a
7580	0.000019567	245952	ops_par_loop_group_93	update_halo_kernel2_xvel_plus_2_b+update_halo_kernel2_yvel_minus_2_b
7581	0.000021862	245952	ops_par_loop_group_94	update_halo_kernel2_xvel_minus_2_a+update_halo_kernel2_yvel_plus_2_a
7582	0.000021561	245952	ops_par_loop_group_95	update_halo_kernel2_xvel_minus_2_b+update_halo_kernel2_yvel_plus_2_b
7583	0.001729435	589885440	ops_par_loop_viscosity_kernel_148	viscosity_kernel
7584	0.000021551	430304	ops_par_loop_update_halo_kernel1_b1_149	update_halo_kernel1_b1
7585	0.000019317	430304	ops_par_loop_update_halo_kernel1_t1_150	update_halo_kernel1_t1
7586	0.000023755	430304	ops_par_loop_update_halo_kernel1_l1_151	update_halo_kernel1_l1
7587	0.000023545	430304	ops_par_loop_update_halo_kernel1_r1_152	update_halo_kernel1_r1
7588	0.000915178	1061744640	ops_par_loop_calc_dt_kernel_153	calc_dt_kernel
7589	0.001485090	1887436800	ops_par_loop_group_0	PdV_kernel_predict+ideal_gas_kernel
7590	0.000022333	430304	ops_par_loop_update_halo_kernel1_b1_2	update_halo_kernel1_b1
7591	0.000019918	430304	ops_par_loop_update_halo_kernel1_t1_3	update_halo_kernel1_t1
7592	0.000023654	430304	ops_par_loop_update_halo_kernel1_l1_4	update_halo_kernel1_l1
7593	0.000022613	430304	ops_par_loop_update_halo_kernel1_r1_5	update_halo_kernel1_r1
7594	0.001561986	1770147928	ops_par_loop_group_5	revert_kernel+accelerate_kernel
7595	0.001355234	1651507200	ops_par_loop_PdV_kernel_nopredict_8	PdV_kernel_nopredict
7596	0.000361587	471982080	ops_par_loop_flux_calc_kernelx_9	flux_calc_kernelx
7597	0.000359062	471982080	ops_par_loop_flux_calc_kernely_10	flux_calc_kernely
7598	0.000022623	553536	ops_par_loop_group_9	update_halo_kernel1_b2+update_halo_kernel4_minus_4_a
7599	0.000023745	553536	ops_par_loop_group_10	update_halo_kernel1_b1+update_halo_kernel4_minus_2_a
7600	0.000023234	369120	ops_par_loop_group_11	update_halo_kernel3_plus_4_a+update_halo_kernel2_xvel_plus_4_a+update_halo_kernel2_yvel_minus_4_a
7601	0.000021130	369120	ops_par_loop_group_12	update_halo_kernel3_plus_2_a+update_halo_kernel2_xvel_plus_2_a+update_halo_kernel2_yvel_minus_2_a
7602	0.000020118	123008	ops_par_loop_update_halo_kernel4_minus_4_b_29	update_halo_kernel4_minus_4_b
7603	0.000022343	553536	ops_par_loop_group_14	update_halo_kernel1_t2+update_halo_kernel4_minus_2_b
7604	0.000020448	430528	ops_par_loop_update_halo_kernel1_t1_14	update_halo_kernel1_t1
7605	0.000021451	246080	ops_par_loop_group_16	update_halo_kernel2_xvel_plus_4_b+update_halo_kernel2_yvel_minus_4_b
7606	0.000022393	369120	ops_par_loop_group_17	update_halo_kernel3_plus_4_b+update_halo_kernel2_xvel_plus_2_b+update_halo_kernel2_yvel_minus_2_b
7607	0.000020429	123040	ops_par_loop_update_halo_kernel3_plus_2_b_22	update_halo_kernel3_plus_2_b
7608	0.000025930	553536	ops_par_loop_group_19	update_halo_kernel1_l2+update_halo_kernel3_minus_4_a
7609	0.000025658	553536	ops_par_loop_group_20	update_halo_kernel1_l1+update_halo_kernel3_minus_2_a
7610	0.000021621	123008	ops_par_loop_update_halo_kernel3_minus_4_b_25	update_halo_kernel3_minus_4_b
7611	0.000028013	553536	ops_par_loop_group_22	update_halo_kernel1_r2+update_halo_kernel3_minus_2_b
7612	0.000022883	430528	ops_par_loop_update_halo_kernel1_r1_18	update_halo_kernel1_r1
7613	0.000025528	369120	ops_par_loop_group_24	update_halo_kernel4_plus_4_a+update_halo_kernel2_xvel_minus_4_a+update_halo_kernel2_yvel_plus_4_a
7614	0.000023775	369120	ops_par_loop_group_25	update_halo_kernel4_plus_2_a+update_halo_kernel2_xvel_minus_2_a+update_halo_kernel2_yvel_plus_2_a
7615	0.000023124	246080	ops_par_loop_group_26	update_halo_kernel2_xvel_minus_4_b+update_halo_kernel2_yvel_plus_4_b
7616	0.000023635	369120	ops_par_loop_group_27	update_halo_kernel4_plus_4_b+update_halo_kernel2_xvel_minus_2_b+update_halo_kernel2_yvel_plus_2_b
7617	0.000021030	123040	ops_par_loop_update_halo_kernel4_plus_2_b_34	update_halo_kernel4_plus_2_b
7618	0.000564031	591053440	ops_par_loop_advec_cell_kernel1_xdir_35	advec_cell_kernel1_xdir
7619	0.000775652	708203544	ops_par_loop_advec_cell_kernel3_xdir_36	advec_cell_kernel3_xdir
7620	0.001467347	1533542400	ops_par_loop_advec_cell_kernel4_xdir_37	advec_cell_kernel4_xdir
7621	0.000023615	430528	ops_par_loop_update_halo_kernel1_b2_38	update_halo_kernel1_b2
7622	0.000021831	430528	ops_par_loop_update_halo_kernel1_b1_39	update_halo_kernel1_b1
7623	0.000021872	430528	ops_par_loop_update_halo_kernel1_t2_40	update_halo_kernel1_t2
7624	0.000022042	430528	ops_par_loop_update_halo_kernel1_t1_41	update_halo_kernel1_t1
7625	0.000019747	123040	ops_par_loop_update_halo_kernel3_plus_4_a_62	update_halo_kernel3_plus_4_a
7626	0.000018746	123040	ops_par_loop_update_halo_kernel3_plus_2_a_63	update_halo_kernel3_plus_2_a
7627	0.000019537	123040	ops_par_loop_update_halo_kernel3_plus_4_b_64	update_halo_kernel3_plus_4_b
7628	0.000019828	123040	ops_par_loop_update_halo_kernel3_plus_2_b_65	update_halo_kernel3_plus_2_b
7629	0.000027332	553536	ops_par_loop_group_40	update_halo_kernel1_l2+update_halo_kernel3_minus_4_a
7630	0.000024256	553536	ops_par_loop_group_41	update_halo_kernel1_l1+update_halo_kernel3_minus_2_a
7631	0.000020218	123008	ops_par_loop_update_halo_kernel3_minus_4_b_68	update_halo_kernel3_minus_4_b
7632	0.000024968	553536	ops_par_loop_group_43	update_halo_kernel1_r2+update_halo_kernel3_minus_2_b
7633	0.000021722	430528	ops_par_loop_update_halo_kernel1_r1_45	update_halo_kernel1_r1
7634	0.000561286	591053440	ops_par_loop_advec_mom_kernel_x1_70	advec_mom_kernel_x1
7635	0.000194779	236236864	ops_par_loop_advec_mom_kernel_mass_flux_x_71	advec_mom_kernel_mass_flux_x
7636	0.000574170	590438520	ops_par_loop_advec_mom_kernel_post_pre_advec_x_72	advec_mom_kernel_post_pre_advec_x
7637	0.000880582	472258640	ops_par_loop_advec_mom_kernel1_x_nonvector_73	advec_mom_kernel1_x_nonvector
7638	0.000453531	590131240	ops_par_loop_advec_mom_kernel2_x_74	advec_mom_kernel2_x
7639	0.000560324	591053440	ops_par_loop_advec_mom_kernel_x1_75	advec_mom_kernel_x1
7640	0.000194309	236236864	ops_par_loop_advec_mom_kernel_mass_flux_x_76	advec_mom_kernel_mass_flux_x
7641	0.000583758	590438520	ops_par_loop_advec_mom_kernel_post_pre_advec_x_77	advec_mom_kernel_post_pre_advec_x
7642	0.000883017	472258640	ops_par_loop_advec_mom_kernel1_x_nonvector_78	advec_mom_kernel1_x_nonvector
7643	0.000444634	590131240	ops_par_loop_advec_mom_kernel2_x_79	advec_mom_kernel2_x
7644	0.000497856	472842752	ops_par_loop_advec_cell_kernel2_ydir_80	advec_cell_kernel2_ydir
7645	0.000787866	708203544	ops_par_loop_advec_cell_kernel3_ydir_81	advec_cell_kernel3_ydir
7646	0.001473147	1533542400	ops_par_loop_advec_cell_kernel4_ydir_82	advec_cell_kernel4_ydir
7647	0.000023755	553536	ops_par_loop_group_58	update_halo_kernel1_b2+update_halo_kernel4_minus_4_a
7648	0.000021822	553536	ops_par_loop_group_59	update_halo_kernel1_b1+update_halo_kernel4_minus_2_a
7649	0.000021190	369120	ops_par_loop_group_60	update_halo_kernel2_xvel_plus_4_a+update_halo_kernel2_yvel_minus_4_a+update_halo_kernel3_plus_4_a
7650	0.000021380	369120	ops_par_loop_group_61	update_halo_kernel2_xvel_plus_2_a+update_halo_kernel2_yvel_minus_2_a+update_halo_kernel3_plus_2_a
7651	0.000019838	246080	ops_par_loop_group_62	update_halo_kernel2_xvel_plus_4_b+update_halo_kernel2_yvel_minus_4_b
7652	0.000022062	369120	ops_par_loop_group_63	update_halo_kernel2_xvel_plus_2_b+update_halo_kernel2_yvel_minus_2_b+update_halo_kernel3_plus_4_b
7653	0.000021611	246080	ops_par_loop_group_64	update_halo_kernel2_xvel_minus_4_b+update_halo_kernel2_yvel_plus_4_b
7654	0.000019467	123040	ops_par_loop_update_halo_kernel3_plus_2_b_110	update_halo_kernel3_plus_2_b
7655	0.000019487	123008	ops_par_loop_update_halo_kernel3_minus_4_b_113	update_halo_kernel3_minus_4_b
7656	0.000017894	123008	ops_par_loop_update_halo_kernel4_minus_4_b_117	update_halo_kernel4_minus_4_b
7657	0.000021330	553536	ops_par_loop_group_68	update_halo_kernel1_t2+update_halo_kernel4_minus_2_b
7658	0.000020739	430528	ops_par_loop_update_halo_kernel1_t1_86	update_halo_kernel1_t1
7659	0.000026491	553536	ops_par_loop_group_70	update_halo_kernel1_l2+update_halo_kernel3_minus_4_a
7660	0.000023665	553536	ops_par_loop_group_71	update_halo_kernel1_l1+update_halo_kernel3_minus_2_a
7661	0.000024817	553536	ops_par_loop_group_72	update_halo_kernel1_r2+update_halo_kernel3_minus_2_b
7662	0.000022122	430528	ops_par_loop_update_halo_kernel1_r1_90	update_halo_kernel1_r1
7663	0.000023705	369120	ops_par_loop_group_74	update_halo_kernel2_xvel_minus_4_a+update_halo_kernel2_yvel_plus_4_a+update_halo_kernel4_plus_4_a
7664	0.000021832	369120	ops_par_loop_group_75	update_halo_kernel2_xvel_minus_2_a+update_halo_kernel2_yvel_plus_2_a+update_halo_kernel4_plus_2_a
7665	0.000023375	369120	ops_par_loop_group_76	update_halo_kernel2_xvel_minus_2_b+update_halo_kernel2_yvel_plus_2_b+update_halo_kernel4_plus_4_b
7666	0.000018616	123040	ops_par_loop_update_halo_kernel4_plus_2_b_122	update_halo_kernel4_plus_2_b
7667	0.001787624	1416561152	ops_par_loop_group_78	advec_mom_kernel_y2+reset_field_kernel1+ideal_gas_kernel
7668	0.000195631	236236864	ops_par_loop_advec_mom_kernel_mass_flux_y_124	advec_mom_kernel_mass_flux_y
7669	0.000535738	590438520	ops_par_loop_advec_mom_kernel_post_pre_advec_y_125	advec_mom_kernel_post_pre_advec_y
7670	0.000878909	472258640	ops_par_loop_advec_mom_kernel1_y_nonvector_126	advec_mom_kernel1_y_nonvector
7671	0.000454372	590131240	ops_par_loop_advec_mom_kernel2_y_127	advec_mom_kernel2_y
7672	0.000490501	472842752	ops_par_loop_advec_mom_kernel_y2_128	advec_mom_kernel_y2
7673	0.000194850	236236864	ops_par_loop_advec_mom_kernel_mass_flux_y_129	advec_mom_kernel_mass_flux_y
7674	0.000563480	590438520	ops_par_loop_advec_mom_kernel_post_pre_advec_y_130	advec_mom_kernel_post_pre_advec_y
7675	0.000873148	472258640	ops_par_loop_advec_mom_kernel1_y_nonvector_131	advec_mom_kernel1_y_nonvector
7676	0.000731168	1062236232	ops_par_loop_group_87	advec_mom_kernel2_y+reset_field_kernel2
7677	0.000021821	430304	ops_par_loop_update_halo_kernel1_b1_136	update_halo_kernel1_b1
7678	0.000021110	430304	ops_par_loop_update_halo_kernel1_t1_137	update_halo_kernel1_t1
7679	0.000023775	430304	ops_par_loop_update_halo_kernel1_l1_138	update_halo_kernel1_l1
7680	0.000024166	430304	ops_par_loop_update_halo_kernel1_r1_139	update_halo_kernel1_r1
7681	0.000019437	245952	ops_par_loop_group_92	update_halo_kernel2_xvel_plus_2_a+update_halo_kernel2_yvel_minus_2_a
7682	0.000018976	245952	ops_par_loop_group_93	update_halo_kernel2_xvel_plus_2_b+update_halo_kernel2_yvel_minus_2_b
7683	0.000020819	245952	ops_par_loop_group_94	update_halo_kernel2_xvel_minus_2_a+update_halo_kernel2_yvel_plus_2_a
7684	0.000020800	245952	ops_par_loop_group_95	update_halo_kernel2_xvel_minus_2_b+update_halo_kernel2_yvel_plus_2_b
7685	0.001729975	589885440	ops_par_loop_viscosity_kernel_148	viscosity_kernel
7686	0.000022412	430304	ops_par_loop_update_halo_kernel1_b1_149	update_halo_kernel1_b1
7687	0.000021391	430304	ops_par_loop_update_halo_kernel1_t1_150	update_halo_kernel1_t1
7688	0.000023905	430304	ops_par_loop_update_halo_kernel1_l1_151	update_halo_kernel1_l1
7689	0.000023604	430304	ops_par_loop_update_halo_kernel1_r1_152	update_halo_kernel1_r1
7690	0.000916040	1061744640	ops_par_loop_calc_dt_kernel_153	calc_dt_kernel
7691	0.001482816	1887436800	ops_par_loop_group_0	PdV_kernel_predict+ideal_gas_kernel
7692	0.000022523	430304	ops_par_loop_update_halo_kernel1_b1_2	update_halo_kernel1_b1
7693	0.000020138	430304	ops_par_loop_update_halo_kernel1_t1_3	update_halo_kernel1_t1
7694	0.000023795	430304	ops_par_loop_update_halo_kernel1_l1_4	update_halo_kernel1_l1
7695	0.000023785	430304	ops_par_loop_update_halo_kernel1_r1_5	update_halo_kernel1_r1
7696	0.001553661	1770147928	ops_par_loop_group_5	revert_kernel+accelerate_kernel
7697	0.001354693	1651507200	ops_par_loop_PdV_kernel_nopredict_8	PdV_kernel_nopredict
7698	0.000360103	471982080	ops_par_loop_flux_calc_kernelx_9	flux_calc_kernelx
7699	0.000358310	471982080	ops_par_loop_flux_calc_kernely_10	flux_calc_kernely
7700	0.000022302	553536	ops_par_loop_group_9	update_halo_kernel1_b2+update_halo_kernel4_minus_4_a
7701	0.000021211	553536	ops_par_loop_group_10	update_halo_kernel1_b1+update_halo_kernel4_minus_2_a
7702	0.000020499	369120	ops_par_loop_group_11	update_halo_kernel3_plus_4_a+update_halo_kernel2_xvel_plus_4_a+update_halo_kernel2_yvel_minus_4_a
7703	0.000020398	369120	ops_par_loop_group_12	update_halo_kernel3_plus_2_a+update_halo_kernel2_xvel_plus_2_a+update_halo_kernel2_yvel_minus_2_a
7704	0.000018425	123008	ops_par_loop_update_halo_kernel4_minus_4_b_29	update_halo_kernel4_minus_4_b
7705	0.000020840	553536	ops_par_loop_group_14	update_halo_kernel1_t2+update_halo_kernel4_minus_2_b
7706	0.000020348	430528	ops_par_loop_update_halo_kernel1_t1_14	update_halo_kernel1_t1
7707	0.000019767	246080	ops_par_loop_group_16	update_halo_kernel2_xvel_plus_4_b+update_halo_kernel2_yvel_minus_4_b
7708	0.000019738	369120	ops_par_loop_group_17	update_halo_kernel3_plus_4_b+update_halo_kernel2_xvel_plus_2_b+update_halo_kernel2_yvel_minus_2_b
7709	0.000019046	123040	ops_par_loop_update_halo_kernel3_plus_2_b_22	update_halo_kernel3_plus_2_b
7710	0.000026260	553536	ops_par_loop_group_19	update_halo_kernel1_l2+update_halo_kernel3_minus_4_a
7711	0.000022823	553536	ops_par_loop_group_20	update_halo_kernel1_l1+update_halo_kernel3_minus_2_a
7712	0.000018344	123008	ops_par_loop_update_halo_kernel3_minus_4_b_25	update_halo_kernel3_minus_4_b
7713	0.000024467	553536	ops_par_loop_group_22	update_halo_kernel1_r2+update_halo_kernel3_minus_2_b
7714	0.000021250	430528	ops_par_loop_update_halo_kernel1_r1_18	update_halo_kernel1_r1
7715	0.000023324	369120	ops_par_loop_group_24	update_halo_kernel4_plus_4_a+update_halo_kernel2_xvel_minus_4_a+update_halo_kernel2_yvel_plus_4_a
7716	0.000021401	369120	ops_par_loop_group_25	update_halo_kernel4_plus_2_a+update_halo_kernel2_xvel_minus_2_a+update_halo_kernel2_yvel_plus_2_a
7717	0.000020790	246080	ops_par_loop_group_26	update_halo_kernel2_xvel_minus_4_b+update_halo_kernel2_yvel_plus_4_b
7718	0.000021441	369120	ops_par_loop_group_27	update_halo_kernel4_plus_4_b+update_halo_kernel2_xvel_minus_2_b+update_halo_kernel2_yvel_plus_2_b
7719	0.000018324	123040	ops_par_loop_update_halo_kernel4_plus_2_b_34	update_halo_kernel4_plus_2_b
7720	0.000565373	591053440	ops_par_loop_advec_cell_kernel1_ydir_35	advec_cell_kernel1_ydir
7721	0.000786944	708203544	ops_par_loop_advec_cell_kernel3_ydir_36	advec_cell_kernel3_ydir
7722	0.001474059	1533542400	ops_par_loop_advec_cell_kernel4_ydir_37	advec_cell_kernel4_ydir
7723	0.000022883	553536	ops_par_loop_group_32	update_halo_kernel1_b2+update_halo_kernel4_minus_4_a
7724	0.000021410	553536	ops_par_loop_group_33	update_halo_kernel1_b1+update_halo_kernel4_minus_2_a
7725	0.000019487	123008	ops_par_loop_update_halo_kernel4_minus_4_b_64	update_halo_kernel4_minus_4_b
7726	0.000021561	553536	ops_par_loop_group_35	update_halo_kernel1_t2+update_halo_kernel4_minus_2_b
7727	0.000020720	430528	ops_par_loop_update_halo_kernel1_t1_41	update_halo_kernel1_t1
7728	0.000023244	430528	ops_par_loop_update_halo_kernel1_l2_42	update_halo_kernel1_l2
7729	0.000021400	430528	ops_par_loop_update_halo_kernel1_l1_43	update_halo_kernel1_l1
7730	0.000022643	430528	ops_par_loop_update_halo_kernel1_r2_44	update_halo_kernel1_r2
7731	0.000021370	430528	ops_par_loop_update_halo_kernel1_r1_45	update_halo_kernel1_r1
7732	0.000019537	123040	ops_par_loop_update_halo_kernel4_plus_4_a_66	update_halo_kernel4_plus_4_a
7733	0.000018876	123040	ops_par_loop_update_halo_kernel4_plus_2_a_67	update_halo_kernel4_plus_2_a
7734	0.000018776	123040	ops_par_loop_update_halo_kernel4_plus_4_b_68	update_halo_kernel4_plus_4_b
7735	0.000018826	123040	ops_par_loop_update_halo_kernel4_plus_2_b_69	update_halo_kernel4_plus_2_b
7736	0.000561747	591053440	ops_par_loop_advec_mom_kernel_y1_70	advec_mom_kernel_y1
7737	0.000190672	236236864	ops_par_loop_advec_mom_kernel_mass_flux_y_71	advec_mom_kernel_mass_flux_y
7738	0.000533233	590438520	ops_par_loop_advec_mom_kernel_post_pre_advec_y_72	advec_mom_kernel_post_pre_advec_y
7739	0.000877216	472258640	ops_par_loop_advec_mom_kernel1_y_nonvector_73	advec_mom_kernel1_y_nonvector
7740	0.000451718	590131240	ops_par_loop_advec_mom_kernel2_y_74	advec_mom_kernel2_y
7741	0.000564352	591053440	ops_par_loop_advec_mom_kernel_y1_75	advec_mom_kernel_y1
7742	0.000191814	236236864	ops_par_loop_advec_mom_kernel_mass_flux_y_76	advec_mom_kernel_mass_flux_y
7743	0.000535708	590438520	ops_par_loop_advec_mom_kernel_post_pre_advec_y_77	advec_mom_kernel_post_pre_advec_y
7744	0.000872116	472258640	ops_par_loop_advec_mom_kernel1_y_nonvector_78	advec_mom_kernel1_y_nonvector
7745	0.000445215	590131240	ops_par_loop_advec_mom_kernel2_y_79	advec_mom_kernel2_y
7746	0.000492215	472842752	ops_par_loop_advec_cell_kernel2_xdir_80	advec_cell_kernel2_xdir
7747	0.000772637	708203544	ops_par_loop_advec_cell_kernel3_xdir_81	advec_cell_kernel3_xdir
7748	0.001461145	1533542400	ops_par_loop_advec_cell_kernel4_xdir_82	advec_cell_kernel4_xdir
7749	0.000026561	553536	ops_par_loop_group_58	update_halo_kernel1_b2+update_halo_kernel4_minus_4_a
7750	0.000024707	553536	ops_par_loop_group_59	update_halo_kernel1_b1+update_halo_kernel4_minus_2_a
7751	0.000023875	369120	ops_par_loop_group_60	update_halo_kernel2_xvel_plus_4_a+update_halo_kernel2_yvel_minus_4_a+update_halo_kernel3_plus_4_a
7752	0.000023956	369120	ops_par_loop_group_61	update_halo_kernel2_xvel_plus_2_a+update_halo_kernel2_yvel_minus_2_a+update_halo_kernel3_plus_2_a
7753	0.000021080	246080	ops_par_loop_group_62	update_halo_kernel2_xvel_plus_4_b+update_halo_kernel2_yvel_minus_4_b
7754	0.000024135	369120	ops_par_loop_group_63	update_halo_kernel2_xvel_plus_2_b+update_halo_kernel2_yvel_minus_2_b+update_halo_kernel3_plus_4_b
7755	0.000025889	246080	ops_par_loop_group_64	update_halo_kernel2_xvel_minus_4_b+update_halo_kernel2_yvel_plus_4_b
7756	0.000021050	123040	ops_par_loop_update_halo_kernel3_plus_2_b_110	update_halo_kernel3_plus_2_b
7757	0.000021712	123008	ops_par_loop_update_halo_kernel3_minus_4_b_113	update_halo_kernel3_minus_4_b
7758	0.000019597	123008	ops_par_loop_update_halo_kernel4_minus_4_b_117	update_halo_kernel4_minus_4_b
7759	0.000022794	553536	ops_par_loop_group_68	update_halo_kernel1_t2+update_halo_kernel4_minus_2_b
7760	0.000020689	430528	ops_par_loop_update_halo_kernel1_t1_86	update_halo_kernel1_t1
7761	0.000026120	553536	ops_par_loop_group_70	update_halo_kernel1_l2+update_halo_kernel3_minus_4_a
7762	0.000024226	553536	ops_par_loop_group_71	update_halo_kernel1_l1+update_halo_kernel3_minus_2_a
7763	0.000025228	553536	ops_par_loop_group_72	update_halo_kernel1_r2+update_halo_kernel3_minus_2_b
7764	0.000021491	430528	ops_par_loop_update_halo_kernel1_r1_90	update_halo_kernel1_r1
7765	0.000023384	369120	ops_par_loop_group_74	update_halo_kernel2_xvel_minus_4_a+update_halo_kernel2_yvel_plus_4_a+update_halo_kernel4_plus_4_a
7766	0.000022924	369120	ops_par_loop_group_75	update_halo_kernel2_xvel_minus_2_a+update_halo_kernel2_yvel_plus_2_a+update_halo_kernel4_plus_2_a
7767	0.000023395	369120	ops_par_loop_group_76	update_halo_kernel2_xvel_minus_2_b+update_halo_kernel2_yvel_plus_2_b+update_halo_kernel4_plus_4_b
7768	0.000018686	123040	ops_par_loop_update_halo_kernel4_plus_2_b_122	update_halo_kernel4_plus_2_b
7769	0.001796312	1416561152	ops_par_loop_group_78	advec_mom_kernel_x2+reset_field_kernel1+ideal_gas_kernel
7770	0.000195952	236236864	ops_par_loop_advec_mom_kernel_mass_flux_x_124	advec_mom_kernel_mass_flux_x
7771	0.000573609	590438520	ops_par_loop_advec_mom_kernel_post_pre_advec_x_125	advec_mom_kernel_post_pre_advec_x
7772	0.000880732	472258640	ops_par_loop_advec_mom_kernel1_x_nonvector_126	advec_mom_kernel1_x_nonvector
7773	0.000454753	590131240	ops_par_loop_advec_mom_kernel2_x_127	advec_mom_kernel2_x
7774	0.000498877	472842752	ops_par_loop_advec_mom_kernel_x2_128	advec_mom_kernel_x2
7775	0.000194289	236236864	ops_par_loop_advec_mom_kernel_mass_flux_x_129	advec_mom_kernel_mass_flux_x
7776	0.000574811	590438520	ops_par_loop_advec_mom_kernel_post_pre_advec_x_130	advec_mom_kernel_post_pre_advec_x
7777	0.000883097	472258640	ops_par_loop_advec_mom_kernel1_x_nonvector_131	advec_mom_kernel1_x_nonvector
7778	0.000731960	1062236232	ops_par_loop_group_87	advec_mom_kernel2_x+reset_field_kernel2
7779	0.000021551	430304	ops_par_loop_update_halo_kernel1_b1_136	update_halo_kernel1_b1
7780	0.000027001	430304	ops_par_loop_update_halo_kernel1_t1_137	update_halo_kernel1_t1
7781	0.000024086	430304	ops_par_loop_update_halo_kernel1_l1_138	update_halo_kernel1_l1
7782	0.000025058	430304	ops_par_loop_update_halo_kernel1_r1_139	update_halo_kernel1_r1
7783	0.000019947	245952	ops_par_loop_group_92	update_halo_kernel2_xvel_plus_2_a+update_halo_kernel2_yvel_minus_2_a
7784	0.000018826	245952	ops_par_loop_group_93	update_halo_kernel2_xvel_plus_2_b+update_halo_kernel2_yvel_minus_2_b
7785	0.000021571	245952	ops_par_loop_group_94	update_halo_kernel2_xvel_minus_2_a+update_halo_kernel2_yvel_plus_2_a
7786	0.000021652	245952	ops_par_loop_group_95	update_halo_kernel2_xvel_minus_2_b+update_halo_kernel2_yvel_plus_2_b
7787	0.001729615	589885440	ops_par_loop_viscosity_kernel_148	viscosity_kernel
7788	0.000020810	430304	ops_par_loop_update_halo_kernel1_b1_149	update_halo_kernel1_b1
7789	0.000028724	430304	ops_par_loop_update_halo_kernel1_t1_150	update_halo_kernel1_t1
7790	0.000024266	430304	ops_par_loop_update_halo_kernel1_l1_151	update_halo_kernel1_l1
7791	0.000022713	430304	ops_par_loop_update_halo_kernel1_r1_152	update_halo_kernel1_r1
7792	0.000914687	1061744640	ops_par_loop_calc_dt_kernel_153	calc_dt_kernel
7793	0.001489037	1887436800	ops_par_loop_group_0	PdV_kernel_predict+ideal_gas_kernel
7794	0.000022352	430304	ops_par_loop_update_halo_kernel1_b1_2	update_halo_kernel1_b1
7795	0.000019127	430304	ops_par_loop_update_halo_kernel1_t1_3	update_halo_kernel1_t1
7796	0.000023424	430304	ops_par_loop_update_halo_kernel1_l1_4	update_halo_kernel1_l1
7797	0.000023916	430304	ops_par_loop_update_halo_kernel1_r1_5	update_halo_kernel1_r1
7798	0.001558179	1770147928	ops_par_loop_group_5	revert_kernel+accelerate_kernel
7799	0.001355123	1651507200	ops_par_loop_PdV_kernel_nopredict_8	PdV_kernel_nopredict
7800	0.000363240	471982080	ops_par_loop_flux_calc_kernelx_9	flux_calc_kernelx
7801	0.000360114	471982080	ops_par_loop_flux_calc_kernely_10	flux_calc_kernely
7802	0.000021020	553536	ops_par_loop_group_9	update_halo_kernel1_b2+update_halo_kernel4_minus_4_a
7803	0.000020389	553536	ops_par_loop_group_10	update_halo_kernel1_b1+update_halo_kernel4_minus_2_a
7804	0.000020630	369120	ops_par_loop_group_11	update_halo_kernel3_plus_4_a+update_halo_kernel2_xvel_plus_4_a+update_halo_kernel2_yvel_minus_4_a
7805	0.000020940	369120	ops_par_loop_group_12	update_halo_kernel3_plus_2_a+update_halo_kernel2_xvel_plus_2_a+update_halo_kernel2_yvel_minus_2_a
7806	0.000018875	123008	ops_par_loop_update_halo_kernel4_minus_4_b_29	update_halo_kernel4_minus_4_b
7807	0.000020639	553536	ops_par_loop_group_14	update_halo_kernel1_t2+update_halo_kernel4_minus_2_b
7808	0.000019728	430528	ops_par_loop_update_halo_kernel1_t1_14	update_halo_kernel1_t1
7809	0.000018535	246080	ops_par_loop_group_16	update_halo_kernel2_xvel_plus_4_b+update_halo_kernel2_yvel_minus_4_b
7810	0.000019497	369120	ops_par_loop_group_17	update_halo_kernel3_plus_4_b+update_halo_kernel2_xvel_plus_2_b+update_halo_kernel2_yvel_minus_2_b
7811	0.000018816	123040	ops_par_loop_update_halo_kernel3_plus_2_b_22	update_halo_kernel3_plus_2_b
7812	0.000024827	553536	ops_par_loop_group_19	update_halo_kernel1_l2+update_halo_kernel3_minus_4_a
7813	0.000028043	553536	ops_par_loop_group_20	update_halo_kernel1_l1+update_halo_kernel3_minus_2_a
7814	0.000019046	123008	ops_par_loop_update_halo_kernel3_minus_4_b_25	update_halo_kernel3_minus_4_b
7815	0.000024306	553536	ops_par_loop_group_22	update_halo_kernel1_r2+update_halo_kernel3_minus_2_b
7816	0.000021260	430528	ops_par_loop_update_halo_kernel1_r1_18	update_halo_kernel1_r1
7817	0.000022573	369120	ops_par_loop_group_24	update_halo_kernel4_plus_4_a+update_halo_kernel2_xvel_minus_4_a+update_halo_kernel2_yvel_plus_4_a
7818	0.000021231	369120	ops_par_loop_group_25	update_halo_kernel4_plus_2_a+update_halo_kernel2_xvel_minus_2_a+update_halo_kernel2_yvel_plus_2_a
7819	0.000020259	246080	ops_par_loop_group_26	update_halo_kernel2_xvel_minus_4_b+update_halo_kernel2_yvel_plus_4_b
7820	0.000021460	369120	ops_par_loop_group_27	update_halo_kernel4_plus_4_b+update_halo_kernel2_xvel_minus_2_b+update_halo_kernel2_yvel_plus_2_b
7821	0.000017844	123040	ops_par_loop_update_halo_kernel4_plus_2_b_34	update_halo_kernel4_plus_2_b
7822	0.000562568	591053440	ops_par_loop_advec_cell_kernel1_xdir_35	advec_cell_kernel1_xdir
7823	0.000771835	708203544	ops_par_loop_advec_cell_kernel3_xdir_36	advec_cell_kernel3_xdir
7824	0.001461355	1533542400	ops_par_loop_advec_cell_kernel4_xdir_37	advec_cell_kernel4_xdir
7825	0.000021551	430528	ops_par_loop_update_halo_kernel1_b2_38	update_halo_kernel1_b2
7826	0.000022913	430528	ops_par_loop_update_halo_kernel1_b1_39	update_halo_kernel1_b1
7827	0.000020188	430528	ops_par_loop_update_halo_kernel1_t2_40	update_halo_kernel1_t2
7828	0.000020599	430528	ops_par_loop_update_halo_kernel1_t1_41	update_halo_kernel1_t1
7829	0.000018675	123040	ops_par_loop_update_halo_kernel3_plus_4_a_62	update_halo_kernel3_plus_4_a
7830	0.000019647	123040	ops_par_loop_update_halo_kernel3_plus_2_a_63	update_halo_kernel3_plus_2_a
7831	0.000018896	123040	ops_par_loop_update_halo_kernel3_plus_4_b_64	update_halo_kernel3_plus_4_b
7832	0.000017573	123040	ops_par_loop_update_halo_kernel3_plus_2_b_65	update_halo_kernel3_plus_2_b
7833	0.000026049	553536	ops_par_loop_group_40	update_halo_kernel1_l2+update_halo_kernel3_minus_4_a
7834	0.000022723	553536	ops_par_loop_group_41	update_halo_kernel1_l1+update_halo_kernel3_minus_2_a
7835	0.000019116	123008	ops_par_loop_update_halo_kernel3_minus_4_b_68	update_halo_kernel3_minus_4_b
7836	0.000024296	553536	ops_par_loop_group_43	update_halo_kernel1_r2+update_halo_kernel3_minus_2_b
7837	0.000020839	430528	ops_par_loop_update_halo_kernel1_r1_45	update_halo_kernel1_r1
7838	0.000560495	591053440	ops_par_loop_advec_mom_kernel_x1_70	advec_mom_kernel_x1
7839	0.000193568	236236864	ops_par_loop_advec_mom_kernel_mass_flux_x_71	advec_mom_kernel_mass_flux_x
7840	0.000574922	590438520	ops_par_loop_advec_mom_kernel_post_pre_advec_x_72	advec_mom_kernel_post_pre_advec_x
7841	0.000880632	472258640	ops_par_loop_advec_mom_kernel1_x_nonvector_73	advec_mom_kernel1_x_nonvector
7842	0.000446959	590131240	ops_par_loop_advec_mom_kernel2_x_74	advec_mom_kernel2_x
7843	0.000562528	591053440	ops_par_loop_advec_mom_kernel_x1_75	advec_mom_kernel_x1
7844	0.000194379	236236864	ops_par_loop_advec_mom_kernel_mass_flux_x_76	advec_mom_kernel_mass_flux_x
7845	0.000575153	590438520	ops_par_loop_advec_mom_kernel_post_pre_advec_x_77	advec_mom_kernel_post_pre_advec_x
7846	0.000883017	472258640	ops_par_loop_advec_mom_kernel1_x_nonvector_78	advec_mom_kernel1_x_nonvector
7847	0.000455114	590131240	ops_par_loop_advec_mom_kernel2_x_79	advec_mom_kernel2_x
7848	0.000497274	472842752	ops_par_loop_advec_cell_kernel2_ydir_80	advec_cell_kernel2_ydir
7849	0.000787486	708203544	ops_par_loop_advec_cell_kernel3_ydir_81	advec_cell_kernel3_ydir
7850	0.001475703	1533542400	ops_par_loop_advec_cell_kernel4_ydir_82	advec_cell_kernel4_ydir
7851	0.000021741	553536	ops_par_loop_group_58	update_halo_kernel1_b2+update_halo_kernel4_minus_4_a
7852	0.000020539	553536	ops_par_loop_group_59	update_halo_kernel1_b1+update_halo_kernel4_minus_2_a
7853	0.000021060	369120	ops_par_loop_group_60	update_halo_kernel2_xvel_plus_4_a+update_halo_kernel2_yvel_minus_4_a+update_halo_kernel3_plus_4_a
7854	0.000023294	369120	ops_par_loop_group_61	update_halo_kernel2_xvel_plus_2_a+update_halo_kernel2_yvel_minus_2_a+update_halo_kernel3_plus_2_a
7855	0.000019798	246080	ops_par_loop_group_62	update_halo_kernel2_xvel_plus_4_b+update_halo_kernel2_yvel_minus_4_b
7856	0.000021762	369120	ops_par_loop_group_63	update_halo_kernel2_xvel_plus_2_b+update_halo_kernel2_yvel_minus_2_b+update_halo_kernel3_plus_4_b
7857	0.000022252	246080	ops_par_loop_group_64	update_halo_kernel2_xvel_minus_4_b+update_halo_kernel2_yvel_plus_4_b
7858	0.000018906	123040	ops_par_loop_update_halo_kernel3_plus_2_b_110	update_halo_kernel3_plus_2_b
7859	0.000019057	123008	ops_par_loop_update_halo_kernel3_minus_4_b_113	update_halo_kernel3_minus_4_b
7860	0.000017534	123008	ops_par_loop_update_halo_kernel4_minus_4_b_117	update_halo_kernel4_minus_4_b
7861	0.000020419	553536	ops_par_loop_group_68	update_halo_kernel1_t2+update_halo_kernel4_minus_2_b
7862	0.000020158	430528	ops_par_loop_update_halo_kernel1_t1_86	update_halo_kernel1_t1
7863	0.000025970	553536	ops_par_loop_group_70	update_halo_kernel1_l2+update_halo_kernel3_minus_4_a
7864	0.000023114	553536	ops_par_loop_group_71	update_halo_kernel1_l1+update_halo_kernel3_minus_2_a
7865	0.000024086	553536	ops_par_loop_group_72	update_halo_kernel1_r2+update_halo_kernel3_minus_2_b
7866	0.000021280	430528	ops_par_loop_update_halo_kernel1_r1_90	update_halo_kernel1_r1
7867	0.000022714	369120	ops_par_loop_group_74	update_halo_kernel2_xvel_minus_4_a+update_halo_kernel2_yvel_plus_4_a+update_halo_kernel4_plus_4_a
7868	0.000021160	369120	ops_par_loop_group_75	update_halo_kernel2_xvel_minus_2_a+update_halo_kernel2_yvel_plus_2_a+update_halo_kernel4_plus_2_a
7869	0.000022824	369120	ops_par_loop_group_76	update_halo_kernel2_xvel_minus_2_b+update_halo_kernel2_yvel_plus_2_b+update_halo_kernel4_plus_4_b
7870	0.000018636	123040	ops_par_loop_update_halo_kernel4_plus_2_b_122	update_halo_kernel4_plus_2_b
7871	0.001790680	1416561152	ops_par_loop_group_78	advec_mom_kernel_y2+reset_field_kernel1+ideal_gas_kernel
7872	0.000194639	236236864	ops_par_loop_advec_mom_kernel_mass_flux_y_124	advec_mom_kernel_mass_flux_y
7873	0.000533353	590438520	ops_par_loop_advec_mom_kernel_post_pre_advec_y_125	advec_mom_kernel_post_pre_advec_y
7874	0.000877617	472258640	ops_par_loop_advec_mom_kernel1_y_nonvector_126	advec_mom_kernel1_y_nonvector
7875	0.000452539	590131240	ops_par_loop_advec_mom_kernel2_y_127	advec_mom_kernel2_y
7876	0.000488457	472842752	ops_par_loop_advec_mom_kernel_y2_128	advec_mom_kernel_y2
7877	0.000191634	236236864	ops_par_loop_advec_mom_kernel_mass_flux_y_129	advec_mom_kernel_mass_flux_y
7878	0.000532291	590438520	ops_par_loop_advec_mom_kernel_post_pre_advec_y_130	advec_mom_kernel_post_pre_advec_y
7879	0.000871706	472258640	ops_par_loop_advec_mom_kernel1_y_nonvector_131	advec_mom_kernel1_y_nonvector
7880	0.000731499	1062236232	ops_par_loop_group_87	advec_mom_kernel2_y+reset_field_kernel2
7881	0.000021571	430304	ops_par_loop_update_halo_kernel1_b1_136	update_halo_kernel1_b1
7882	0.000019527	430304	ops_par_loop_update_halo_kernel1_t1_137	update_halo_kernel1_t1
7883	0.000024727	430304	ops_par_loop_update_halo_kernel1_l1_138	update_halo_kernel1_l1
7884	0.000024266	430304	ops_par_loop_update_halo_kernel1_r1_139	update_halo_kernel1_r1
7885	0.000019577	245952	ops_par_loop_group_92	update_halo_kernel2_xvel_plus_2_a+update_halo_kernel2_yvel_minus_2_a
7886	0.000018536	245952	ops_par_loop_group_93	update_halo_kernel2_xvel_plus_2_b+update_halo_kernel2_yvel_minus_2_b
7887	0.000020309	245952	ops_par_loop_group_94	update_halo_kernel2_xvel_minus_2_a+update_halo_kernel2_yvel_plus_2_a
7888	0.000020319	245952	ops_par_loop_group_95	update_halo_kernel2_xvel_minus_2_b+update_halo_kernel2_yvel_plus_2_b
7889	0.001728943	589885440	ops_par_loop_viscosity_kernel_148	viscosity_kernel
7890	0.000020650	430304	ops_par_loop_update_halo_kernel1_b1_149	update_halo_kernel1_b1
7891	0.000019477	430304	ops_par_loop_update_halo_kernel1_t1_150	update_halo_kernel1_t1
7892	0.000023144	430304	ops_par_loop_update_halo_kernel1_l1_151	update_halo_kernel1_l1
7893	0.000023305	430304	ops_par_loop_update_halo_kernel1_r1_152	update_halo_kernel1_r1
7894	0.000914307	1061744640	ops_par_loop_calc_dt_kernel_153	calc_dt_kernel
7895	0.001491141	1887436800	ops_par_loop_group_0	PdV_kernel_predict+ideal_gas_kernel
7896	0.000021621	430304	ops_par_loop_update_halo_kernel1_b1_2	update_halo_kernel1_b1
7897	0.000019607	430304	ops_par_loop_update_halo_kernel1_t1_3	update_halo_kernel1_t1
7898	0.000023624	430304	ops_par_loop_update_halo_kernel1_l1_4	update_halo_kernel1_l1
7899	0.000023895	430304	ops_par_loop_update_halo_kernel1_r1_5	update_halo_kernel1_r1
7900	0.001558419	1770147928	ops_par_loop_group_5	revert_kernel+accelerate_kernel
7901	0.001352970	1651507200	ops_par_loop_PdV_kernel_nopredict_8	PdV_kernel_nopredict
7902	0.000360164	471982080	ops_par_loop_flux_calc_kernelx_9	flux_calc_kernelx
7903	0.000358090	471982080	ops_par_loop_flux_calc_kernely_10	flux_calc_kernely
7904	0.000021992	553536	ops_par_loop_group_9	update_halo_kernel1_b2+update_halo_kernel4_minus_4_a
7905	0.000020649	553536	ops_par_loop_group_10	update_halo_kernel1_b1+update_halo_kernel4_minus_2_a
7906	0.000020949	369120	ops_par_loop_group_11	update_halo_kernel3_plus_4_a+update_halo_kernel2_xvel_plus_4_a+update_halo_kernel2_yvel_minus_4_a
7907	0.000020158	369120	ops_par_loop_group_12	update_halo_kernel3_plus_2_a+update_halo_kernel2_xvel_plus_2_a+update_halo_kernel2_yvel_minus_2_a
7908	0.000017964	123008	ops_par_loop_update_halo_kernel4_minus_4_b_29	update_halo_kernel4_minus_4_b
7909	0.000019908	553536	ops_par_loop_group_14	update_halo_kernel1_t2+update_halo_kernel4_minus_2_b
7910	0.000019938	430528	ops_par_loop_update_halo_kernel1_t1_14	update_halo_kernel1_t1
7911	0.000020028	246080	ops_par_loop_group_16	update_halo_kernel2_xvel_plus_4_b+update_halo_kernel2_yvel_minus_4_b
7912	0.000020109	369120	ops_par_loop_group_17	update_halo_kernel3_plus_4_b+update_halo_kernel2_xvel_plus_2_b+update_halo_kernel2_yvel_minus_2_b
7913	0.000019136	123040	ops_par_loop_update_halo_kernel3_plus_2_b_22	update_halo_kernel3_plus_2_b
7914	0.000025629	553536	ops_par_loop_group_19	update_halo_kernel1_l2+update_halo_kernel3_minus_4_a
7915	0.000022573	553536	ops_par_loop_group_20	update_halo_kernel1_l1+update_halo_kernel3_minus_2_a
7916	0.000018365	123008	ops_par_loop_update_halo_kernel3_minus_4_b_25	update_halo_kernel3_minus_4_b
7917	0.000023916	553536	ops_par_loop_group_22	update_halo_kernel1_r2+update_halo_kernel3_minus_2_b
7918	0.000027473	430528	ops_par_loop_update_halo_kernel1_r1_18	update_halo_kernel1_r1
7919	0.000023214	369120	ops_par_loop_group_24	update_halo_kernel4_plus_4_a+update_halo_kernel2_xvel_minus_4_a+update_halo_kernel2_yvel_plus_4_a
7920	0.000020950	369120	ops_par_loop_group_25	update_halo_kernel4_plus_2_a+update_halo_kernel2_xvel_minus_2_a+update_halo_kernel2_yvel_plus_2_a
7921	0.000020429	246080	ops_par_loop_group_26	update_halo_kernel2_xvel_minus_4_b+update_halo_kernel2_yvel_plus_4_b
7922	0.000022903	369120	ops_par_loop_group_27	update_halo_kernel4_plus_4_b+update_halo_kernel2_xvel_minus_2_b+update_halo_kernel2_yvel_plus_2_b
7923	0.000018044	123040	ops_par_loop_update_halo_kernel4_plus_2_b_34	update_halo_kernel4_plus_2_b
7924	0.000562318	591053440	ops_par_loop_advec_cell_kernel1_ydir_35	advec_cell_kernel1_ydir
7925	0.000786995	708203544	ops_par_loop_advec_cell_kernel3_ydir_36	advec_cell_kernel3_ydir
7926	0.001469871	1533542400	ops_par_loop_advec_cell_kernel4_ydir_37	advec_cell_kernel4_ydir
7927	0.000022522	553536	ops_par_loop_group_32	update_halo_kernel1_b2+update_halo_kernel4_minus_4_a
7928	0.000021250	553536	ops_par_loop_group_33	update_halo_kernel1_b1+update_halo_kernel4_minus_2_a
7929	0.000018565	123008	ops_par_loop_update_halo_kernel4_minus_4_b_64	update_halo_kernel4_minus_4_b
7930	0.000020058	553536	ops_par_loop_group_35	update_halo_kernel1_t2+update_halo_kernel4_minus_2_b
7931	0.000019697	430528	ops_par_loop_update_halo_kernel1_t1_41	update_halo_kernel1_t1
7932	0.000023505	430528	ops_par_loop_update_halo_kernel1_l2_42	update_halo_kernel1_l2
7933	0.000021000	430528	ops_par_loop_update_halo_kernel1_l1_43	update_halo_kernel1_l1
7934	0.000022503	430528	ops_par_loop_update_halo_kernel1_r2_44	update_halo_kernel1_r2
7935	0.000021290	430528	ops_par_loop_update_halo_kernel1_r1_45	update_halo_kernel1_r1
7936	0.000018625	123040	ops_par_loop_update_halo_kernel4_plus_4_a_66	update_halo_kernel4_plus_4_a
7937	0.000017463	123040	ops_par_loop_update_halo_kernel4_plus_2_a_67	update_halo_kernel4_plus_2_a
7938	0.000018445	123040	ops_par_loop_update_halo_kernel4_plus_4_b_68	update_halo_kernel4_plus_4_b
7939	0.000018144	123040	ops_par_loop_update_halo_kernel4_plus_2_b_69	update_halo_kernel4_plus_2_b
7940	0.000562068	591053440	ops_par_loop_advec_mom_kernel_y1_70	advec_mom_kernel_y1
7941	0.000193047	236236864	ops_par_loop_advec_mom_kernel_mass_flux_y_71	advec_mom_kernel_mass_flux_y
7942	0.000530548	590438520	ops_par_loop_advec_mom_kernel_post_pre_advec_y_72	advec_mom_kernel_post_pre_advec_y
7943	0.000876715	472258640	ops_par_loop_advec_mom_kernel1_y_nonvector_73	advec_mom_kernel1_y_nonvector
7944	0.000451738	590131240	ops_par_loop_advec_mom_kernel2_y_74	advec_mom_kernel2_y
7945	0.000563710	591053440	ops_par_loop_advec_mom_kernel_y1_75	advec_mom_kernel_y1
7946	0.000191533	236236864	ops_par_loop_advec_mom_kernel_mass_flux_y_76	advec_mom_kernel_mass_flux_y
7947	0.000532280	590438520	ops_par_loop_advec_mom_kernel_post_pre_advec_y_77	advec_mom_kernel_post_pre_advec_y
7948	0.000871475	472258640	ops_par_loop_advec_mom_kernel1_y_nonvector_78	advec_mom_kernel1_y_nonvector
7949	0.000447239	590131240	ops_par_loop_advec_mom_kernel2_y_79	advec_mom_kernel2_y
7950	0.000492135	472842752	ops_par_loop_advec_cell_kernel2_xdir_80	advec_cell_kernel2_xdir
7951	0.000771765	708203544	ops_par_loop_advec_cell_kernel3_xdir_81	advec_cell_kernel3_xdir
7952	0.001459361	1533542400	ops_par_loop_advec_cell_kernel4_xdir_82	advec_cell_kernel4_xdir
7953	0.000021661	553536	ops_par_loop_group_58	update_halo_kernel1_b2+update_halo_kernel4_minus_4_a
7954	0.000021190	553536	ops_par_loop_group_59	update_halo_kernel1_b1+update_halo_kernel4_minus_2_a
7955	0.000021952	369120	ops_par_loop_group_60	update_halo_kernel2_xvel_plus_4_a+update_halo_kernel2_yvel_minus_4_a+update_halo_kernel3_plus_4_a
7956	0.000020870	369120	ops_par_loop_group_61	update_halo_kernel2_xvel_plus_2_a+update_halo_kernel2_yvel_minus_2_a+update_halo_kernel3_plus_2_a
7957	0.000019146	246080	ops_par_loop_group_62	update_halo_kernel2_xvel_plus_4_b+update_halo_kernel2_yvel_minus_4_b
7958	0.000020289	369120	ops_par_loop_group_63	update_halo_kernel2_xvel_plus_2_b+update_halo_kernel2_yvel_minus_2_b+update_halo_kernel3_plus_4_b
7959	0.000021471	246080	ops_par_loop_group_64	update_halo_kernel2_xvel_minus_4_b+update_halo_kernel2_yvel_plus_4_b
7960	0.000019277	123040	ops_par_loop_update_halo_kernel3_plus_2_b_110	update_halo_kernel3_plus_2_b
7961	0.000018585	123008	ops_par_loop_update_halo_kernel3_minus_4_b_113	update_halo_kernel3_minus_4_b
7962	0.000017604	123008	ops_par_loop_update_halo_kernel4_minus_4_b_117	update_halo_kernel4_minus_4_b
7963	0.000021060	553536	ops_par_loop_group_68	update_halo_kernel1_t2+update_halo_kernel4_minus_2_b
7964	0.000019627	430528	ops_par_loop_update_halo_kernel1_t1_86	update_halo_kernel1_t1
7965	0.000025980	553536	ops_par_loop_group_70	update_halo_kernel1_l2+update_halo_kernel3_minus_4_a
7966	0.000022202	553536	ops_par_loop_group_71	update_halo_kernel1_l1+update_halo_kernel3_minus_2_a
7967	0.000024727	553536	ops_par_loop_group_72	update_halo_kernel1_r2+update_halo_kernel3_minus_2_b
7968	0.000021391	430528	ops_par_loop_update_halo_kernel1_r1_90	update_halo_kernel1_r1
7969	0.000022803	369120	ops_par_loop_group_74	update_halo_kernel2_xvel_minus_4_a+update_halo_kernel2_yvel_plus_4_a+update_halo_kernel4_plus_4_a
7970	0.000021281	369120	ops_par_loop_group_75	update_halo_kernel2_xvel_minus_2_a+update_halo_kernel2_yvel_plus_2_a+update_halo_kernel4_plus_2_a
7971	0.000022724	369120	ops_par_loop_group_76	update_halo_kernel2_xvel_minus_2_b+update_halo_kernel2_yvel_plus_2_b+update_halo_kernel4_plus_4_b
7972	0.000023855	123040	ops_par_loop_update_halo_kernel4_plus_2_b_122	update_halo_kernel4_plus_2_b
7973	0.001793887	1416561152	ops_par_loop_group_78	advec_mom_kernel_x2+reset_field_kernel1+ideal_gas_kernel
7974	0.000195812	236236864	ops_par_loop_advec_mom_kernel_mass_flux_x_124	advec_mom_kernel_mass_flux_x
7975	0.000575292	590438520	ops_par_loop_advec_mom_kernel_post_pre_advec_x_125	advec_mom_kernel_post_pre_advec_x
7976	0.000880562	472258640	ops_par_loop_advec_mom_kernel1_x_nonvector_126	advec_mom_kernel1_x_nonvector
7977	0.000444133	590131240	ops_par_loop_advec_mom_kernel2_x_127	advec_mom_kernel2_x
7978	0.000497875	472842752	ops_par_loop_advec_mom_kernel_x2_128	advec_mom_kernel_x2
7979	0.000194078	236236864	ops_par_loop_advec_mom_kernel_mass_flux_x_129	advec_mom_kernel_mass_flux_x
7980	0.000573209	590438520	ops_par_loop_advec_mom_kernel_post_pre_advec_x_130	advec_mom_kernel_post_pre_advec_x
7981	0.000882526	472258640	ops_par_loop_advec_mom_kernel1_x_nonvector_131	advec_mom_kernel1_x_nonvector
7982	0.000732842	1062236232	ops_par_loop_group_87	advec_mom_kernel2_x+reset_field_kernel2
7983	0.000020820	430304	ops_par_loop_update_halo_kernel1_b1_136	update_halo_kernel1_b1
7984	0.000019567	430304	ops_par_loop_update_halo_kernel1_t1_137	update_halo_kernel1_t1
7985	0.000023574	430304	ops_par_loop_update_halo_kernel1_l1_138	update_halo_kernel1_l1
7986	0.000023405	430304	ops_par_loop_update_halo_kernel1_r1_139	update_halo_kernel1_r1
7987	0.000024717	245952	ops_par_loop_group_92	update_halo_kernel2_xvel_plus_2_a+update_halo_kernel2_yvel_minus_2_a
7988	0.000020058	245952	ops_par_loop_group_93	update_halo_kernel2_xvel_plus_2_b+update_halo_kernel2_yvel_minus_2_b
7989	0.000021410	245952	ops_par_loop_group_94	update_halo_kernel2_xvel_minus_2_a+update_halo_kernel2_yvel_plus_2_a
7990	0.000020869	245952	ops_par_loop_group_95	update_halo_kernel2_xvel_minus_2_b+update_halo_kernel2_yvel_plus_2_b
7991	0.001729504	589885440	ops_par_loop_viscosity_kernel_148	viscosity_kernel
7992	0.000020669	430304	ops_par_loop_update_halo_kernel1_b1_149	update_halo_kernel1_b1
7993	0.000019507	430304	ops_par_loop_update_halo_kernel1_t1_150	update_halo_kernel1_t1
7994	0.000022713	430304	ops_par_loop_update_halo_kernel1_l1_151	update_halo_kernel1_l1
7995	0.000023094	430304	ops_par_loop_update_halo_kernel1_r1_152	update_halo_kernel1_r1
7996	0.000914447	1061744640	ops_par_loop_calc_dt_kernel_153	calc_dt_kernel
7997	0.001490020	1887436800	ops_par_loop_group_0	PdV_kernel_predict+ideal_gas_kernel
7998	0.000022372	430304	ops_par_loop_update_halo_kernel1_b1_2	update_halo_kernel1_b1
7999	0.000019497	430304	ops_par_loop_update_halo_kernel1_t1_3	update_halo_kernel1_t1
8000	0.000023815	430304	ops_par_loop_update_halo_kernel1_l1_4	update_halo_kernel1_l1
8001	0.000022974	430304	ops_par_loop_update_halo_kernel1_r1_5	update_halo_kernel1_r1
8002	0.001555564	1770147928	ops_par_loop_group_5	revert_kernel+accelerate_kernel
8003	0.001360113	1651507200	ops_par_loop_PdV_kernel_nopredict_8	PdV_kernel_nopredict
8004	0.000363761	471982080	ops_par_loop_flux_calc_kernelx_9	flux_calc_kernelx
8005	0.000359182	471982080	ops_par_loop_flux_calc_kernely_10	flux_calc_kernely
8006	0.000021942	553536	ops_par_loop_group_9	update_halo_kernel1_b2+update_halo_kernel4_minus_4_a
8007	0.000021511	553536	ops_par_loop_group_10	update_halo_kernel1_b1+update_halo_kernel4_minus_2_a
8008	0.000020850	369120	ops_par_loop_group_11	update_halo_kernel3_plus_4_a+update_halo_kernel2_xvel_plus_4_a+update_halo_kernel2_yvel_minus_4_a
8009	0.000020519	369120	ops_par_loop_group_12	update_halo_kernel3_plus_2_a+update_halo_kernel2_xvel_plus_2_a+update_halo_kernel2_yvel_minus_2_a
8010	0.000017964	123008	ops_par_loop_update_halo_kernel4_minus_4_b_29	update_halo_kernel4_minus_4_b
8011	0.000020048	553536	ops_par_loop_group_14	update_halo_kernel1_t2+update_halo_kernel4_minus_2_b
8012	0.000019687	430528	ops_par_loop_update_halo_kernel1_t1_14	update_halo_kernel1_t1
8013	0.000018976	246080	ops_par_loop_group_16	update_halo_kernel2_xvel_plus_4_b+update_halo_kernel2_yvel_minus_4_b
8014	0.000020218	369120	ops_par_loop_group_17	update_halo_kernel3_plus_4_b+update_halo_kernel2_xvel_plus_2_b+update_halo_kernel2_yvel_minus_2_b
8015	0.000018135	123040	ops_par_loop_update_halo_kernel3_plus_2_b_22	update_halo_kernel3_plus_2_b
8016	0.000024417	553536	ops_par_loop_group_19	update_halo_kernel1_l2+update_halo_kernel3_minus_4_a
8017	0.000022543	553536	ops_par_loop_group_20	update_halo_kernel1_l1+update_halo_kernel3_minus_2_a
8018	0.000018575	123008	ops_par_loop_update_halo_kernel3_minus_4_b_25	update_halo_kernel3_minus_4_b
8019	0.000024046	553536	ops_par_loop_group_22	update_halo_kernel1_r2+update_halo_kernel3_minus_2_b
8020	0.000021401	430528	ops_par_loop_update_halo_kernel1_r1_18	update_halo_kernel1_r1
8021	0.000023194	369120	ops_par_loop_group_24	update_halo_kernel4_plus_4_a+update_halo_kernel2_xvel_minus_4_a+update_halo_kernel2_yvel_plus_4_a
8022	0.000022673	369120	ops_par_loop_group_25	update_halo_kernel4_plus_2_a+update_halo_kernel2_xvel_minus_2_a+update_halo_kernel2_yvel_plus_2_a
8023	0.000020619	246080	ops_par_loop_group_26	update_halo_kernel2_xvel_minus_4_b+update_halo_kernel2_yvel_plus_4_b
8024	0.000021400	369120	ops_par_loop_group_27	update_halo_kernel4_plus_4_b+update_halo_kernel2_xvel_minus_2_b+update_halo_kernel2_yvel_plus_2_b
8025	0.000018385	123040	ops_par_loop_update_halo_kernel4_plus_2_b_34	update_halo_kernel4_plus_2_b
8026	0.000561907	591053440	ops_par_loop_advec_cell_kernel1_xdir_35	advec_cell_kernel1_xdir
8027	0.000772307	708203544	ops_par_loop_advec_cell_kernel3_xdir_36	advec_cell_kernel3_xdir
8028	0.001457037	1533542400	ops_par_loop_advec_cell_kernel4_xdir_37	advec_cell_kernel4_xdir
8029	0.000021721	430528	ops_par_loop_update_halo_kernel1_b2_38	update_halo_kernel1_b2
8030	0.000020178	430528	ops_par_loop_update_halo_kernel1_b1_39	update_halo_kernel1_b1
8031	0.000023214	430528	ops_par_loop_update_halo_kernel1_t2_40	update_halo_kernel1_t2
8032	0.000021150	430528	ops_par_loop_update_halo_kernel1_t1_41	update_halo_kernel1_t1
8033	0.000021230	123040	ops_par_loop_update_halo_kernel3_plus_4_a_62	update_halo_kernel3_plus_4_a
8034	0.000018916	123040	ops_par_loop_update_halo_kernel3_plus_2_a_63	update_halo_kernel3_plus_2_a
8035	0.000018926	123040	ops_par_loop_update_halo_kernel3_plus_4_b_64	update_halo_kernel3_plus_4_b
8036	0.000018144	123040	ops_par_loop_update_halo_kernel3_plus_2_b_65	update_halo_kernel3_plus_2_b
8037	0.000026410	553536	ops_par_loop_group_40	update_halo_kernel1_l2+update_halo_kernel3_minus_4_a
8038	0.000024327	553536	ops_par_loop_group_41	update_halo_kernel1_l1+update_halo_kernel3_minus_2_a
8039	0.000019837	123008	ops_par_loop_update_halo_kernel3_minus_4_b_68	update_halo_kernel3_minus_4_b
8040	0.000024977	553536	ops_par_loop_group_43	update_halo_kernel1_r2+update_halo_kernel3_minus_2_b
8041	0.000022252	430528	ops_par_loop_update_halo_kernel1_r1_45	update_halo_kernel1_r1
8042	0.000563309	591053440	ops_par_loop_advec_mom_kernel_x1_70	advec_mom_kernel_x1
8043	0.000194439	236236864	ops_par_loop_advec_mom_kernel_mass_flux_x_71	advec_mom_kernel_mass_flux_x
8044	0.000575002	590438520	ops_par_loop_advec_mom_kernel_post_pre_advec_x_72	advec_mom_kernel_post_pre_advec_x
8045	0.000879801	472258640	ops_par_loop_advec_mom_kernel1_x_nonvector_73	advec_mom_kernel1_x_nonvector
8046	0.000449684	590131240	ops_par_loop_advec_mom_kernel2_x_74	advec_mom_kernel2_x
8047	0.000567358	591053440	ops_par_loop_advec_mom_kernel_x1_75	advec_mom_kernel_x1
8048	0.000194219	236236864	ops_par_loop_advec_mom_kernel_mass_flux_x_76	advec_mom_kernel_mass_flux_x
8049	0.000573178	590438520	ops_par_loop_advec_mom_kernel_post_pre_advec_x_77	advec_mom_kernel_post_pre_advec_x
8050	0.000882516	472258640	ops_par_loop_advec_mom_kernel1_x_nonvector_78	advec_mom_kernel1_x_nonvector
8051	0.000444113	590131240	ops_par_loop_advec_mom_kernel2_x_79	advec_mom_kernel2_x
8052	0.000497615	472842752	ops_par_loop_advec_cell_kernel2_ydir_80	advec_cell_kernel2_ydir
8053	0.000787766	708203544	ops_par_loop_advec_cell_kernel3_ydir_81	advec_cell_kernel3_ydir
8054	0.001474400	1533542400	ops_par_loop_advec_cell_kernel4_ydir_82	advec_cell_kernel4_ydir
8055	0.000021971	553536	ops_par_loop_group_58	update_halo_kernel1_b2+update_halo_kernel4_minus_4_a
8056	0.000021761	553536	ops_par_loop_group_59	update_halo_kernel1_b1+update_halo_kernel4_minus_2_a
8057	0.000020849	369120	ops_par_loop_group_60	update_halo_kernel2_xvel_plus_4_a+update_halo_kernel2_yvel_minus_4_a+update_halo_kernel3_plus_4_a
8058	0.000021651	369120	ops_par_loop_group_61	update_halo_kernel2_xvel_plus_2_a+update_halo_kernel2_yvel_minus_2_a+update_halo_kernel3_plus_2_a
8059	0.000018896	246080	ops_par_loop_group_62	update_halo_kernel2_xvel_plus_4_b+update_halo_kernel2_yvel_minus_4_b
8060	0.000020119	369120	ops_par_loop_group_63	update_halo_kernel2_xvel_plus_2_b+update_halo_kernel2_yvel_minus_2_b+update_halo_kernel3_plus_4_b
8061	0.000020990	246080	ops_par_loop_group_64	update_halo_kernel2_xvel_minus_4_b+update_halo_kernel2_yvel_plus_4_b
8062	0.000019157	123040	ops_par_loop_update_halo_kernel3_plus_2_b_110	update_halo_kernel3_plus_2_b
8063	0.000019287	123008	ops_par_loop_update_halo_kernel3_minus_4_b_113	update_halo_kernel3_minus_4_b
8064	0.000017283	123008	ops_par_loop_update_halo_kernel4_minus_4_b_117	update_halo_kernel4_minus_4_b
8065	0.000020088	553536	ops_par_loop_group_68	update_halo_kernel1_t2+update_halo_kernel4_minus_2_b
8066	0.000020348	430528	ops_par_loop_update_halo_kernel1_t1_86	update_halo_kernel1_t1
8067	0.000026561	553536	ops_par_loop_group_70	update_halo_kernel1_l2+update_halo_kernel3_minus_4_a
8068	0.000022512	553536	ops_par_loop_group_71	update_halo_kernel1_l1+update_halo_kernel3_minus_2_a
8069	0.000024036	553536	ops_par_loop_group_72	update_halo_kernel1_r2+update_halo_kernel3_minus_2_b
8070	0.000021160	430528	ops_par_loop_update_halo_kernel1_r1_90	update_halo_kernel1_r1
8071	0.000023305	369120	ops_par_loop_group_74	update_halo_kernel2_xvel_minus_4_a+update_halo_kernel2_yvel_plus_4_a+update_halo_kernel4_plus_4_a
8072	0.000025118	369120	ops_par_loop_group_75	update_halo_kernel2_xvel_minus_2_a+update_halo_kernel2_yvel_plus_2_a+update_halo_kernel4_plus_2_a
8073	0.000022613	369120	ops_par_loop_group_76	update_halo_kernel2_xvel_minus_2_b+update_halo_kernel2_yvel_plus_2_b+update_halo_kernel4_plus_4_b
8074	0.000017974	123040	ops_par_loop_update_halo_kernel4_plus_2_b_122	update_halo_kernel4_plus_2_b
8075	0.001789078	1416561152	ops_par_loop_group_78	advec_mom_kernel_y2+reset_field_kernel1+ideal_gas_kernel
8076	0.000195011	236236864	ops_par_loop_advec_mom_kernel_mass_flux_y_124	advec_mom_kernel_mass_flux_y
8077	0.000535797	590438520	ops_par_loop_advec_mom_kernel_post_pre_advec_y_125	advec_mom_kernel_post_pre_advec_y
8078	0.000876474	472258640	ops_par_loop_advec_mom_kernel1_y_nonvector_126	advec_mom_kernel1_y_nonvector
8079	0.000449143	590131240	ops_par_loop_advec_mom_kernel2_y_127	advec_mom_kernel2_y
8080	0.000490291	472842752	ops_par_loop_advec_mom_kernel_y2_128	advec_mom_kernel_y2
8081	0.000191985	236236864	ops_par_loop_advec_mom_kernel_mass_flux_y_129	advec_mom_kernel_mass_flux_y
8082	0.000531018	590438520	ops_par_loop_advec_mom_kernel_post_pre_advec_y_130	advec_mom_kernel_post_pre_advec_y
8083	0.000871315	472258640	ops_par_loop_advec_mom_kernel1_y_nonvector_131	advec_mom_kernel1_y_nonvector
8084	0.000732842	1062236232	ops_par_loop_group_87	advec_mom_kernel2_y+reset_field_kernel2
8085	0.000020970	430304	ops_par_loop_update_halo_kernel1_b1_136	update_halo_kernel1_b1
8086	0.000020028	430304	ops_par_loop_update_halo_kernel1_t1_137	update_halo_kernel1_t1
8087	0.000023384	430304	ops_par_loop_update_halo_kernel1_l1_138	update_halo_kernel1_l1
8088	0.000023634	430304	ops_par_loop_update_halo_kernel1_r1_139	update_halo_kernel1_r1
8089	0.000018825	245952	ops_par_loop_group_92	update_halo_kernel2_xvel_plus_2_a+update_halo_kernel2_yvel_minus_2_a
8090	0.000018866	245952	ops_par_loop_group_93	update_halo_kernel2_xvel_plus_2_b+update_halo_kernel2_yvel_minus_2_b
8091	0.000020579	245952	ops_par_loop_group_94	update_halo_kernel2_xvel_minus_2_a+update_halo_kernel2_yvel_plus_2_a
8092	0.000020639	245952	ops_par_loop_group_95	update_halo_kernel2_xvel_minus_2_b+update_halo_kernel2_yvel_plus_2_b
8093	0.001729194	589885440	ops_par_loop_viscosity_kernel_148	viscosity_kernel
8094	0.000021551	430304	ops_par_loop_update_halo_kernel1_b1_149	update_halo_kernel1_b1
8095	0.000020870	430304	ops_par_loop_update_halo_kernel1_t1_150	update_halo_kernel1_t1
8096	0.000022994	430304	ops_par_loop_update_halo_kernel1_l1_151	update_halo_kernel1_l1
8097	0.000023054	430304	ops_par_loop_update_halo_kernel1_r1_152	update_halo_kernel1_r1
8098	0.000915839	1061744640	ops_par_loop_calc_dt_kernel_153	calc_dt_kernel
8099	0.001507192	1887436800	ops_par_loop_group_0	PdV_kernel_predict+ideal_gas_kernel
8100	0.000021521	430304	ops_par_loop_update_halo_kernel1_b1_2	update_halo_kernel1_b1
8101	0.000020058	430304	ops_par_loop_update_halo_kernel1_t1_3	update_halo_kernel1_t1
8102	0.000024818	430304	ops_par_loop_update_halo_kernel1_l1_4	update_halo_kernel1_l1
8103	0.000024216	430304	ops_par_loop_update_halo_kernel1_r1_5	update_halo_kernel1_r1
8104	0.001558940	1770147928	ops_par_loop_group_5	revert_kernel+accelerate_kernel
8105	0.001356787	1651507200	ops_par_loop_PdV_kernel_nopredict_8	PdV_kernel_nopredict
8106	0.000360334	471982080	ops_par_loop_flux_calc_kernelx_9	flux_calc_kernelx
8107	0.000359362	471982080	ops_par_loop_flux_calc_kernely_10	flux_calc_kernely
8108	0.000023294	553536	ops_par_loop_group_9	update_halo_kernel1_b2+update_halo_kernel4_minus_4_a
8109	0.000021181	553536	ops_par_loop_group_10	update_halo_kernel1_b1+update_halo_kernel4_minus_2_a
8110	0.000020820	369120	ops_par_loop_group_11	update_halo_kernel3_plus_4_a+update_halo_kernel2_xvel_plus_4_a+update_halo_kernel2_yvel_minus_4_a
8111	0.000020098	369120	ops_par_loop_group_12	update_halo_kernel3_plus_2_a+update_halo_kernel2_xvel_plus_2_a+update_halo_kernel2_yvel_minus_2_a
8112	0.000018836	123008	ops_par_loop_update_halo_kernel4_minus_4_b_29	update_halo_kernel4_minus_4_b
8113	0.000021220	553536	ops_par_loop_group_14	update_halo_kernel1_t2+update_halo_kernel4_minus_2_b
8114	0.000020559	430528	ops_par_loop_update_halo_kernel1_t1_14	update_halo_kernel1_t1
8115	0.000020018	246080	ops_par_loop_group_16	update_halo_kernel2_xvel_plus_4_b+update_halo_kernel2_yvel_minus_4_b
8116	0.000020369	369120	ops_par_loop_group_17	update_halo_kernel3_plus_4_b+update_halo_kernel2_xvel_plus_2_b+update_halo_kernel2_yvel_minus_2_b
8117	0.000018716	123040	ops_par_loop_update_halo_kernel3_plus_2_b_22	update_halo_kernel3_plus_2_b
8118	0.000025809	553536	ops_par_loop_group_19	update_halo_kernel1_l2+update_halo_kernel3_minus_4_a
8119	0.000022813	553536	ops_par_loop_group_20	update_halo_kernel1_l1+update_halo_kernel3_minus_2_a
8120	0.000018204	123008	ops_par_loop_update_halo_kernel3_minus_4_b_25	update_halo_kernel3_minus_4_b
8121	0.000024346	553536	ops_par_loop_group_22	update_halo_kernel1_r2+update_halo_kernel3_minus_2_b
8122	0.000021190	430528	ops_par_loop_update_halo_kernel1_r1_18	update_halo_kernel1_r1
8123	0.000023624	369120	ops_par_loop_group_24	update_halo_kernel4_plus_4_a+update_halo_kernel2_xvel_minus_4_a+update_halo_kernel2_yvel_plus_4_a
8124	0.000021251	369120	ops_par_loop_group_25	update_halo_kernel4_plus_2_a+update_halo_kernel2_xvel_minus_2_a+update_halo_kernel2_yvel_plus_2_a
8125	0.000020299	246080	ops_par_loop_group_26	update_halo_kernel2_xvel_minus_4_b+update_halo_kernel2_yvel_plus_4_b
8126	0.000022332	369120	ops_par_loop_group_27	update_halo_kernel4_plus_4_b+update_halo_kernel2_xvel_minus_2_b+update_halo_kernel2_yvel_plus_2_b
8127	0.000019186	123040	ops_par_loop_update_halo_kernel4_plus_2_b_34	update_halo_kernel4_plus_2_b
8128	0.000564102	591053440	ops_par_loop_advec_cell_kernel1_ydir_35	advec_cell_kernel1_ydir
8129	0.000787265	708203544	ops_par_loop_advec_cell_kernel3_ydir_36	advec_cell_kernel3_ydir
8130	0.001479359	1533542400	ops_par_loop_advec_cell_kernel4_ydir_37	advec_cell_kernel4_ydir
8131	0.000022512	553536	ops_par_loop_group_32	update_halo_kernel1_b2+update_halo_kernel4_minus_4_a
8132	0.000021901	553536	ops_par_loop_group_33	update_halo_kernel1_b1+update_halo_kernel4_minus_2_a
8133	0.000018716	123008	ops_par_loop_update_halo_kernel4_minus_4_b_64	update_halo_kernel4_minus_4_b
8134	0.000021000	553536	ops_par_loop_group_35	update_halo_kernel1_t2+update_halo_kernel4_minus_2_b
8135	0.000020529	430528	ops_par_loop_update_halo_kernel1_t1_41	update_halo_kernel1_t1
8136	0.000024216	430528	ops_par_loop_update_halo_kernel1_l2_42	update_halo_kernel1_l2
8137	0.000021251	430528	ops_par_loop_update_halo_kernel1_l1_43	update_halo_kernel1_l1
8138	0.000022533	430528	ops_par_loop_update_halo_kernel1_r2_44	update_halo_kernel1_r2
8139	0.000021260	430528	ops_par_loop_update_halo_kernel1_r1_45	update_halo_kernel1_r1
8140	0.000018826	123040	ops_par_loop_update_halo_kernel4_plus_4_a_66	update_halo_kernel4_plus_4_a
8141	0.000017954	123040	ops_par_loop_update_halo_kernel4_plus_2_a_67	update_halo_kernel4_plus_2_a
8142	0.000024868	123040	ops_par_loop_update_halo_kernel4_plus_4_b_68	update_halo_kernel4_plus_4_b
8143	0.000019006	123040	ops_par_loop_update_halo_kernel4_plus_2_b_69	update_halo_kernel4_plus_2_b
8144	0.000563350	591053440	ops_par_loop_advec_mom_kernel_y1_70	advec_mom_kernel_y1
8145	0.000191053	236236864	ops_par_loop_advec_mom_kernel_mass_flux_y_71	advec_mom_kernel_mass_flux_y
8146	0.000533423	590438520	ops_par_loop_advec_mom_kernel_post_pre_advec_y_72	advec_mom_kernel_post_pre_advec_y
8147	0.000877125	472258640	ops_par_loop_advec_mom_kernel1_y_nonvector_73	advec_mom_kernel1_y_nonvector
8148	0.000447861	590131240	ops_par_loop_advec_mom_kernel2_y_74	advec_mom_kernel2_y
8149	0.000563240	591053440	ops_par_loop_advec_mom_kernel_y1_75	advec_mom_kernel_y1
8150	0.000192326	236236864	ops_par_loop_advec_mom_kernel_mass_flux_y_76	advec_mom_kernel_mass_flux_y
8151	0.000534706	590438520	ops_par_loop_advec_mom_kernel_post_pre_advec_y_77	advec_mom_kernel_post_pre_advec_y
8152	0.000876765	472258640	ops_par_loop_advec_mom_kernel1_y_nonvector_78	advec_mom_kernel1_y_nonvector
8153	0.000450215	590131240	ops_par_loop_advec_mom_kernel2_y_79	advec_mom_kernel2_y
8154	0.000492496	472842752	ops_par_loop_advec_cell_kernel2_xdir_80	advec_cell_kernel2_xdir
8155	0.000773640	708203544	ops_par_loop_advec_cell_kernel3_xdir_81	advec_cell_kernel3_xdir
8156	0.001460864	1533542400	ops_par_loop_advec_cell_kernel4_xdir_82	advec_cell_kernel4_xdir
8157	0.000023084	553536	ops_par_loop_group_58	update_halo_kernel1_b2+update_halo_kernel4_minus_4_a
8158	0.000022382	553536	ops_par_loop_group_59	update_halo_kernel1_b1+update_halo_kernel4_minus_2_a
8159	0.000022452	369120	ops_par_loop_group_60	update_halo_kernel2_xvel_plus_4_a+update_halo_kernel2_yvel_minus_4_a+update_halo_kernel3_plus_4_a
8160	0.000021270	369120	ops_par_loop_group_61	update_halo_kernel2_xvel_plus_2_a+update_halo_kernel2_yvel_minus_2_a+update_halo_kernel3_plus_2_a
8161	0.000020379	246080	ops_par_loop_group_62	update_halo_kernel2_xvel_plus_4_b+update_halo_kernel2_yvel_minus_4_b
8162	0.000021541	369120	ops_par_loop_group_63	update_halo_kernel2_xvel_plus_2_b+update_halo_kernel2_yvel_minus_2_b+update_halo_kernel3_plus_4_b
8163	0.000021581	246080	ops_par_loop_group_64	update_halo_kernel2_xvel_minus_4_b+update_halo_kernel2_yvel_plus_4_b
8164	0.000020038	123040	ops_par_loop_update_halo_kernel3_plus_2_b_110	update_halo_kernel3_plus_2_b
8165	0.000019628	123008	ops_par_loop_update_halo_kernel3_minus_4_b_113	update_halo_kernel3_minus_4_b
8166	0.000018154	123008	ops_par_loop_update_halo_kernel4_minus_4_b_117	update_halo_kernel4_minus_4_b
8167	0.000029245	553536	ops_par_loop_group_68	update_halo_kernel1_t2+update_halo_kernel4_minus_2_b
8168	0.000021451	430528	ops_par_loop_update_halo_kernel1_t1_86	update_halo_kernel1_t1
8169	0.000027752	553536	ops_par_loop_group_70	update_halo_kernel1_l2+update_halo_kernel3_minus_4_a
8170	0.000024216	553536	ops_par_loop_group_71	update_halo_kernel1_l1+update_halo_kernel3_minus_2_a
8171	0.000024887	553536	ops_par_loop_group_72	update_halo_kernel1_r2+update_halo_kernel3_minus_2_b
8172	0.000021311	430528	ops_par_loop_update_halo_kernel1_r1_90	update_halo_kernel1_r1
8173	0.000023315	369120	ops_par_loop_group_74	update_halo_kernel2_xvel_minus_4_a+update_halo_kernel2_yvel_plus_4_a+update_halo_kernel4_plus_4_a
8174	0.000021862	369120	ops_par_loop_group_75	update_halo_kernel2_xvel_minus_2_a+update_halo_kernel2_yvel_plus_2_a+update_halo_kernel4_plus_2_a
8175	0.000022172	369120	ops_par_loop_group_76	update_halo_kernel2_xvel_minus_2_b+update_halo_kernel2_yvel_plus_2_b+update_halo_kernel4_plus_4_b
8176	0.000018825	123040	ops_par_loop_update_halo_kernel4_plus_2_b_122	update_halo_kernel4_plus_2_b
8177	0.001782736	1416561152	ops_par_loop_group_78	advec_mom_kernel_x2+reset_field_kernel1+ideal_gas_kernel
8178	0.000229025	236236864	ops_par_loop_advec_mom_kernel_mass_flux_x_124	advec_mom_kernel_mass_flux_x
8179	0.000572527	590438520	ops_par_loop_advec_mom_kernel_post_pre_advec_x_125	advec_mom_kernel_post_pre_advec_x
8180	0.000880181	472258640	ops_par_loop_advec_mom_kernel1_x_nonvector_126	advec_mom_kernel1_x_nonvector
8181	0.000456167	590131240	ops_par_loop_advec_mom_kernel2_x_127	advec_mom_kernel2_x
8182	0.000499449	472842752	ops_par_loop_advec_mom_kernel_x2_128	advec_mom_kernel_x2
8183	0.000194670	236236864	ops_par_loop_advec_mom_kernel_mass_flux_x_129	advec_mom_kernel_mass_flux_x
8184	0.000575673	590438520	ops_par_loop_advec_mom_kernel_post_pre_advec_x_130	advec_mom_kernel_post_pre_advec_x
8185	0.000883298	472258640	ops_par_loop_advec_mom_kernel1_x_nonvector_131	advec_mom_kernel1_x_nonvector
8186	0.000730667	1062236232	ops_par_loop_group_87	advec_mom_kernel2_x+reset_field_kernel2
8187	0.000499037	471859200	ops_par_loop_ideal_gas_kernel_0	ideal_gas_kernel
8188	0.000025208	430304	ops_par_loop_update_halo_kernel1_b1_1	update_halo_kernel1_b1
8189	0.000021501	430304	ops_par_loop_update_halo_kernel1_t1_2	update_halo_kernel1_t1
8190	0.000025048	430304	ops_par_loop_update_halo_kernel1_l1_3	update_halo_kernel1_l1
8191	0.000024347	430304	ops_par_loop_update_halo_kernel1_r1_4	update_halo_kernel1_r1
8192	0.000019137	245952	ops_par_loop_group_5	update_halo_kernel2_xvel_plus_2_a+update_halo_kernel2_yvel_minus_2_a
8193	0.000020679	245952	ops_par_loop_group_6	update_halo_kernel2_xvel_plus_2_b+update_halo_kernel2_yvel_minus_2_b
8194	0.000022854	245952	ops_par_loop_group_7	update_halo_kernel2_xvel_minus_2_a+update_halo_kernel2_yvel_plus_2_a
8195	0.000021020	245952	ops_par_loop_group_8	update_halo_kernel2_xvel_minus_2_b+update_halo_kernel2_yvel_plus_2_b
8196	0.001728943	589885440	ops_par_loop_viscosity_kernel_13	viscosity_kernel
8197	0.000022483	430304	ops_par_loop_update_halo_kernel1_b1_14	update_halo_kernel1_b1
8198	0.000020079	430304	ops_par_loop_update_halo_kernel1_t1_15	update_halo_kernel1_t1
8199	0.000023234	430304	ops_par_loop_update_halo_kernel1_l1_16	update_halo_kernel1_l1
8200	0.000022843	430304	ops_par_loop_update_halo_kernel1_r1_17	update_halo_kernel1_r1
8201	0.000915900	1061744640	ops_par_loop_calc_dt_kernel_18	calc_dt_kernel
8202	0.001484359	1887436800	ops_par_loop_group_0	PdV_kernel_predict+ideal_gas_kernel
8203	0.000022493	430304	ops_par_loop_update_halo_kernel1_b1_2	update_halo_kernel1_b1
8204	0.000019708	430304	ops_par_loop_update_halo_kernel1_t1_3	update_halo_kernel1_t1
8205	0.000025037	430304	ops_par_loop_update_halo_kernel1_l1_4	update_halo_kernel1_l1
8206	0.000024466	430304	ops_par_loop_update_halo_kernel1_r1_5	update_halo_kernel1_r1
8207	0.001555013	1770147928	ops_par_loop_group_5	revert_kernel+accelerate_kernel
8208	0.001361285	1651507200	ops_par_loop_PdV_kernel_nopredict_8	PdV_kernel_nopredict
8209	0.000360434	471982080	ops_par_loop_flux_calc_kernelx_9	flux_calc_kernelx
8210	0.000360034	471982080	ops_par_loop_flux_calc_kernely_10	flux_calc_kernely
8211	0.000022833	553536	ops_par_loop_group_9	update_halo_kernel1_b2+update_halo_kernel4_minus_4_a
8212	0.000021421	553536	ops_par_loop_group_10	update_halo_kernel1_b1+update_halo_kernel4_minus_2_a
8213	0.000022233	369120	ops_par_loop_group_11	update_halo_kernel3_plus_4_a+update_halo_kernel2_xvel_plus_4_a+update_halo_kernel2_yvel_minus_4_a
8214	0.000022002	369120	ops_par_loop_group_12	update_halo_kernel3_plus_2_a+update_halo_kernel2_xvel_plus_2_a+update_halo_kernel2_yvel_minus_2_a
8215	0.000019176	123008	ops_par_loop_update_halo_kernel4_minus_4_b_29	update_halo_kernel4_minus_4_b
8216	0.000020269	553536	ops_par_loop_group_14	update_halo_kernel1_t2+update_halo_kernel4_minus_2_b
8217	0.000020559	430528	ops_par_loop_update_halo_kernel1_t1_14	update_halo_kernel1_t1
8218	0.000019658	246080	ops_par_loop_group_16	update_halo_kernel2_xvel_plus_4_b+update_halo_kernel2_yvel_minus_4_b
8219	0.000020198	369120	ops_par_loop_group_17	update_halo_kernel3_plus_4_b+update_halo_kernel2_xvel_plus_2_b+update_halo_kernel2_yvel_minus_2_b
8220	0.000018585	123040	ops_par_loop_update_halo_kernel3_plus_2_b_22	update_halo_kernel3_plus_2_b
8221	0.000025328	553536	ops_par_loop_group_19	update_halo_kernel1_l2+update_halo_kernel3_minus_4_a
8222	0.000022643	553536	ops_par_loop_group_20	update_halo_kernel1_l1+update_halo_kernel3_minus_2_a
8223	0.000019547	123008	ops_par_loop_update_halo_kernel3_minus_4_b_25	update_halo_kernel3_minus_4_b
8224	0.000024426	553536	ops_par_loop_group_22	update_halo_kernel1_r2+update_halo_kernel3_minus_2_b
8225	0.000021029	430528	ops_par_loop_update_halo_kernel1_r1_18	update_halo_kernel1_r1
8226	0.000023545	369120	ops_par_loop_group_24	update_halo_kernel4_plus_4_a+update_halo_kernel2_xvel_minus_4_a+update_halo_kernel2_yvel_plus_4_a
8227	0.000021210	369120	ops_par_loop_group_25	update_halo_kernel4_plus_2_a+update_halo_kernel2_xvel_minus_2_a+update_halo_kernel2_yvel_plus_2_a
8228	0.000020559	246080	ops_par_loop_group_26	update_halo_kernel2_xvel_minus_4_b+update_halo_kernel2_yvel_plus_4_b
8229	0.000022112	369120	ops_par_loop_group_27	update_halo_kernel4_plus_4_b+update_halo_kernel2_xvel_minus_2_b+update_halo_kernel2_yvel_plus_2_b
8230	0.000018646	123040	ops_par_loop_update_halo_kernel4_plus_2_b_34	update_halo_kernel4_plus_2_b
8231	0.000562418	591053440	ops_par_loop_advec_cell_kernel1_xdir_35	advec_cell_kernel1_xdir
8232	0.000773008	708203544	ops_par_loop_advec_cell_kernel3_xdir_36	advec_cell_kernel3_xdir
8233	0.001460243	1533542400	ops_par_loop_advec_cell_kernel4_xdir_37	advec_cell_kernel4_xdir
8234	0.000021380	430528	ops_par_loop_update_halo_kernel1_b2_38	update_halo_kernel1_b2
8235	0.000019908	430528	ops_par_loop_update_halo_kernel1_b1_39	update_halo_kernel1_b1
8236	0.000019958	430528	ops_par_loop_update_halo_kernel1_t2_40	update_halo_kernel1_t2
8237	0.000020349	430528	ops_par_loop_update_halo_kernel1_t1_41	update_halo_kernel1_t1
8238	0.000018395	123040	ops_par_loop_update_halo_kernel3_plus_4_a_62	update_halo_kernel3_plus_4_a
8239	0.000018906	123040	ops_par_loop_update_halo_kernel3_plus_2_a_63	update_halo_kernel3_plus_2_a
8240	0.000018325	123040	ops_par_loop_update_halo_kernel3_plus_4_b_64	update_halo_kernel3_plus_4_b
8241	0.000017874	123040	ops_par_loop_update_halo_kernel3_plus_2_b_65	update_halo_kernel3_plus_2_b
8242	0.000026500	553536	ops_par_loop_group_40	update_halo_kernel1_l2+update_halo_kernel3_minus_4_a
8243	0.000023685	553536	ops_par_loop_group_41	update_halo_kernel1_l1+update_halo_kernel3_minus_2_a
8244	0.000019597	123008	ops_par_loop_update_halo_kernel3_minus_4_b_68	update_halo_kernel3_minus_4_b
8245	0.000024206	553536	ops_par_loop_group_43	update_halo_kernel1_r2+update_halo_kernel3_minus_2_b
8246	0.000021441	430528	ops_par_loop_update_halo_kernel1_r1_45	update_halo_kernel1_r1
8247	0.000561497	591053440	ops_par_loop_advec_mom_kernel_x1_70	advec_mom_kernel_x1
8248	0.000193498	236236864	ops_par_loop_advec_mom_kernel_mass_flux_x_71	advec_mom_kernel_mass_flux_x
8249	0.000572938	590438520	ops_par_loop_advec_mom_kernel_post_pre_advec_x_72	advec_mom_kernel_post_pre_advec_x
8250	0.000880903	472258640	ops_par_loop_advec_mom_kernel1_x_nonvector_73	advec_mom_kernel1_x_nonvector
8251	0.000449274	590131240	ops_par_loop_advec_mom_kernel2_x_74	advec_mom_kernel2_x
8252	0.000562568	591053440	ops_par_loop_advec_mom_kernel_x1_75	advec_mom_kernel_x1
8253	0.000194179	236236864	ops_par_loop_advec_mom_kernel_mass_flux_x_76	advec_mom_kernel_mass_flux_x
8254	0.000574141	590438520	ops_par_loop_advec_mom_kernel_post_pre_advec_x_77	advec_mom_kernel_post_pre_advec_x
8255	0.000882566	472258640	ops_par_loop_advec_mom_kernel1_x_nonvector_78	advec_mom_kernel1_x_nonvector
8256	0.000448752	590131240	ops_par_loop_advec_mom_kernel2_x_79	advec_mom_kernel2_x
8257	0.000497795	472842752	ops_par_loop_advec_cell_kernel2_ydir_80	advec_cell_kernel2_ydir
8258	0.000787656	708203544	ops_par_loop_advec_cell_kernel3_ydir_81	advec_cell_kernel3_ydir
8259	0.001474851	1533542400	ops_par_loop_advec_cell_kernel4_ydir_82	advec_cell_kernel4_ydir
8260	0.000027221	553536	ops_par_loop_group_58	update_halo_kernel1_b2+update_halo_kernel4_minus_4_a
8261	0.000022242	553536	ops_par_loop_group_59	update_halo_kernel1_b1+update_halo_kernel4_minus_2_a
8262	0.000021009	369120	ops_par_loop_group_60	update_halo_kernel2_xvel_plus_4_a+update_halo_kernel2_yvel_minus_4_a+update_halo_kernel3_plus_4_a
8263	0.000020449	369120	ops_par_loop_group_61	update_halo_kernel2_xvel_plus_2_a+update_halo_kernel2_yvel_minus_2_a+update_halo_kernel3_plus_2_a
8264	0.000019477	246080	ops_par_loop_group_62	update_halo_kernel2_xvel_plus_4_b+update_halo_kernel2_yvel_minus_4_b
8265	0.000019877	369120	ops_par_loop_group_63	update_halo_kernel2_xvel_plus_2_b+update_halo_kernel2_yvel_minus_2_b+update_halo_kernel3_plus_4_b
8266	0.000022744	246080	ops_par_loop_group_64	update_halo_kernel2_xvel_minus_4_b+update_halo_kernel2_yvel_plus_4_b
8267	0.000020339	123040	ops_par_loop_update_halo_kernel3_plus_2_b_110	update_halo_kernel3_plus_2_b
8268	0.000019396	123008	ops_par_loop_update_halo_kernel3_minus_4_b_113	update_halo_kernel3_minus_4_b
8269	0.000017844	123008	ops_par_loop_update_halo_kernel4_minus_4_b_117	update_halo_kernel4_minus_4_b
8270	0.000020809	553536	ops_par_loop_group_68	update_halo_kernel1_t2+update_halo_kernel4_minus_2_b
8271	0.000020379	430528	ops_par_loop_update_halo_kernel1_t1_86	update_halo_kernel1_t1
8272	0.000027302	553536	ops_par_loop_group_70	update_halo_kernel1_l2+update_halo_kernel3_minus_4_a
8273	0.000022943	553536	ops_par_loop_group_71	update_halo_kernel1_l1+update_halo_kernel3_minus_2_a
8274	0.000024627	553536	ops_par_loop_group_72	update_halo_kernel1_r2+update_halo_kernel3_minus_2_b
8275	0.000021932	430528	ops_par_loop_update_halo_kernel1_r1_90	update_halo_kernel1_r1
8276	0.000024146	369120	ops_par_loop_group_74	update_halo_kernel2_xvel_minus_4_a+update_halo_kernel2_yvel_plus_4_a+update_halo_kernel4_plus_4_a
8277	0.000020920	369120	ops_par_loop_group_75	update_halo_kernel2_xvel_minus_2_a+update_halo_kernel2_yvel_plus_2_a+update_halo_kernel4_plus_2_a
8278	0.000022773	369120	ops_par_loop_group_76	update_halo_kernel2_xvel_minus_2_b+update_halo_kernel2_yvel_plus_2_b+update_halo_kernel4_plus_4_b
8279	0.000018936	123040	ops_par_loop_update_halo_kernel4_plus_2_b_122	update_halo_kernel4_plus_2_b
8280	0.001790169	1416561152	ops_par_loop_group_78	advec_mom_kernel_y2+reset_field_kernel1+ideal_gas_kernel
8281	0.000194590	236236864	ops_par_loop_advec_mom_kernel_mass_flux_y_124	advec_mom_kernel_mass_flux_y
8282	0.000531189	590438520	ops_par_loop_advec_mom_kernel_post_pre_advec_y_125	advec_mom_kernel_post_pre_advec_y
8283	0.000876134	472258640	ops_par_loop_advec_mom_kernel1_y_nonvector_126	advec_mom_kernel1_y_nonvector
8284	0.000446629	590131240	ops_par_loop_advec_mom_kernel2_y_127	advec_mom_kernel2_y
8285	0.000491373	472842752	ops_par_loop_advec_mom_kernel_y2_128	advec_mom_kernel_y2
8286	0.000192415	236236864	ops_par_loop_advec_mom_kernel_mass_flux_y_129	advec_mom_kernel_mass_flux_y
8287	0.000530357	590438520	ops_par_loop_advec_mom_kernel_post_pre_advec_y_130	advec_mom_kernel_post_pre_advec_y
8288	0.000871865	472258640	ops_par_loop_advec_mom_kernel1_y_nonvector_131	advec_mom_kernel1_y_nonvector
8289	0.000731118	1062236232	ops_par_loop_group_87	advec_mom_kernel2_y+reset_field_kernel2
8290	0.000021511	430304	ops_par_loop_update_halo_kernel1_b1_136	update_halo_kernel1_b1
8291	0.000020970	430304	ops_par_loop_update_halo_kernel1_t1_137	update_halo_kernel1_t1
8292	0.000023445	430304	ops_par_loop_update_halo_kernel1_l1_138	update_halo_kernel1_l1
8293	0.000024487	430304	ops_par_loop_update_halo_kernel1_r1_139	update_halo_kernel1_r1
8294	0.000019908	245952	ops_par_loop_group_92	update_halo_kernel2_xvel_plus_2_a+update_halo_kernel2_yvel_minus_2_a
8295	0.000019617	245952	ops_par_loop_group_93	update_halo_kernel2_xvel_plus_2_b+update_halo_kernel2_yvel_minus_2_b
8296	0.000021160	245952	ops_par_loop_group_94	update_halo_kernel2_xvel_minus_2_a+update_halo_kernel2_yvel_plus_2_a
8297	0.000021020	245952	ops_par_loop_group_95	update_halo_kernel2_xvel_minus_2_b+update_halo_kernel2_yvel_plus_2_b
8298	0.001729073	589885440	ops_par_loop_viscosity_kernel_148	viscosity_kernel
8299	0.000021421	430304	ops_par_loop_update_halo_kernel1_b1_149	update_halo_kernel1_b1
8300	0.000020509	430304	ops_par_loop_update_halo_kernel1_t1_150	update_halo_kernel1_t1
8301	0.000022914	430304	ops_par_loop_update_halo_kernel1_l1_151	update_halo_kernel1_l1
8302	0.000023545	430304	ops_par_loop_update_halo_kernel1_r1_152	update_halo_kernel1_r1
8303	0.000915338	1061744640	ops_par_loop_calc_dt_kernel_153	calc_dt_kernel
8304	0.001487946	1887436800	ops_par_loop_group_0	PdV_kernel_predict+ideal_gas_kernel
8305	0.000021481	430304	ops_par_loop_update_halo_kernel1_b1_2	update_halo_kernel1_b1
8306	0.000019818	430304	ops_par_loop_update_halo_kernel1_t1_3	update_halo_kernel1_t1
8307	0.000029085	430304	ops_par_loop_update_halo_kernel1_l1_4	update_halo_kernel1_l1
8308	0.000023685	430304	ops_par_loop_update_halo_kernel1_r1_5	update_halo_kernel1_r1
8309	0.001558519	1770147928	ops_par_loop_group_5	revert_kernel+accelerate_kernel
8310	0.001355905	1651507200	ops_par_loop_PdV_kernel_nopredict_8	PdV_kernel_nopredict
8311	0.000361106	471982080	ops_par_loop_flux_calc_kernelx_9	flux_calc_kernelx
8312	0.000358691	471982080	ops_par_loop_flux_calc_kernely_10	flux_calc_kernely
8313	0.000022052	553536	ops_par_loop_group_9	update_halo_kernel1_b2+update_halo_kernel4_minus_4_a
8314	0.000020790	553536	ops_par_loop_group_10	update_halo_kernel1_b1+update_halo_kernel4_minus_2_a
8315	0.000021491	369120	ops_par_loop_group_11	update_halo_kernel3_plus_4_a+update_halo_kernel2_xvel_plus_4_a+update_halo_kernel2_yvel_minus_4_a
8316	0.000020860	369120	ops_par_loop_group_12	update_halo_kernel3_plus_2_a+update_halo_kernel2_xvel_plus_2_a+update_halo_kernel2_yvel_minus_2_a
8317	0.000018225	123008	ops_par_loop_update_halo_kernel4_minus_4_b_29	update_halo_kernel4_minus_4_b
8318	0.000020459	553536	ops_par_loop_group_14	update_halo_kernel1_t2+update_halo_kernel4_minus_2_b
8319	0.000020249	430528	ops_par_loop_update_halo_kernel1_t1_14	update_halo_kernel1_t1
8320	0.000019607	246080	ops_par_loop_group_16	update_halo_kernel2_xvel_plus_4_b+update_halo_kernel2_yvel_minus_4_b
8321	0.000020018	369120	ops_par_loop_group_17	update_halo_kernel3_plus_4_b+update_halo_kernel2_xvel_plus_2_b+update_halo_kernel2_yvel_minus_2_b
8322	0.000019006	123040	ops_par_loop_update_halo_kernel3_plus_2_b_22	update_halo_kernel3_plus_2_b
8323	0.000025899	553536	ops_par_loop_group_19	update_halo_kernel1_l2+update_halo_kernel3_minus_4_a
8324	0.000023004	553536	ops_par_loop_group_20	update_halo_kernel1_l1+update_halo_kernel3_minus_2_a
8325	0.000019117	123008	ops_par_loop_update_halo_kernel3_minus_4_b_25	update_halo_kernel3_minus_4_b
8326	0.000024917	553536	ops_par_loop_group_22	update_halo_kernel1_r2+update_halo_kernel3_minus_2_b
8327	0.000021311	430528	ops_par_loop_update_halo_kernel1_r1_18	update_halo_kernel1_r1
8328	0.000023305	369120	ops_par_loop_group_24	update_halo_kernel4_plus_4_a+update_halo_kernel2_xvel_minus_4_a+update_halo_kernel2_yvel_plus_4_a
8329	0.000022122	369120	ops_par_loop_group_25	update_halo_kernel4_plus_2_a+update_halo_kernel2_xvel_minus_2_a+update_halo_kernel2_yvel_plus_2_a
8330	0.000020970	246080	ops_par_loop_group_26	update_halo_kernel2_xvel_minus_4_b+update_halo_kernel2_yvel_plus_4_b
8331	0.000022443	369120	ops_par_loop_group_27	update_halo_kernel4_plus_4_b+update_halo_kernel2_xvel_minus_2_b+update_halo_kernel2_yvel_plus_2_b
8332	0.000018506	123040	ops_par_loop_update_halo_kernel4_plus_2_b_34	update_halo_kernel4_plus_2_b
8333	0.000562829	591053440	ops_par_loop_advec_cell_kernel1_ydir_35	advec_cell_kernel1_ydir
8334	0.000786413	708203544	ops_par_loop_advec_cell_kernel3_ydir_36	advec_cell_kernel3_ydir
8335	0.001476183	1533542400	ops_par_loop_advec_cell_kernel4_ydir_37	advec_cell_kernel4_ydir
8336	0.000022382	553536	ops_par_loop_group_32	update_halo_kernel1_b2+update_halo_kernel4_minus_4_a
8337	0.000020850	553536	ops_par_loop_group_33	update_halo_kernel1_b1+update_halo_kernel4_minus_2_a
8338	0.000018535	123008	ops_par_loop_update_halo_kernel4_minus_4_b_64	update_halo_kernel4_minus_4_b
8339	0.000020650	553536	ops_par_loop_group_35	update_halo_kernel1_t2+update_halo_kernel4_minus_2_b
8340	0.000020419	430528	ops_par_loop_update_halo_kernel1_t1_41	update_halo_kernel1_t1
8341	0.000023355	430528	ops_par_loop_update_halo_kernel1_l2_42	update_halo_kernel1_l2
8342	0.000021291	430528	ops_par_loop_update_halo_kernel1_l1_43	update_halo_kernel1_l1
8343	0.000023014	430528	ops_par_loop_update_halo_kernel1_r2_44	update_halo_kernel1_r2
8344	0.000022002	430528	ops_par_loop_update_halo_kernel1_r1_45	update_halo_kernel1_r1
8345	0.000019497	123040	ops_par_loop_update_halo_kernel4_plus_4_a_66	update_halo_kernel4_plus_4_a
8346	0.000018064	123040	ops_par_loop_update_halo_kernel4_plus_2_a_67	update_halo_kernel4_plus_2_a
8347	0.000018775	123040	ops_par_loop_update_halo_kernel4_plus_4_b_68	update_halo_kernel4_plus_4_b
8348	0.000018726	123040	ops_par_loop_update_halo_kernel4_plus_2_b_69	update_halo_kernel4_plus_2_b
8349	0.000560965	591053440	ops_par_loop_advec_mom_kernel_y1_70	advec_mom_kernel_y1
8350	0.000191283	236236864	ops_par_loop_advec_mom_kernel_mass_flux_y_71	advec_mom_kernel_mass_flux_y
8351	0.000533463	590438520	ops_par_loop_advec_mom_kernel_post_pre_advec_y_72	advec_mom_kernel_post_pre_advec_y
8352	0.000876624	472258640	ops_par_loop_advec_mom_kernel1_y_nonvector_73	advec_mom_kernel1_y_nonvector
8353	0.000448252	590131240	ops_par_loop_advec_mom_kernel2_y_74	advec_mom_kernel2_y
8354	0.000561727	591053440	ops_par_loop_advec_mom_kernel_y1_75	advec_mom_kernel_y1
8355	0.000191704	236236864	ops_par_loop_advec_mom_kernel_mass_flux_y_76	advec_mom_kernel_mass_flux_y
8356	0.000533523	590438520	ops_par_loop_advec_mom_kernel_post_pre_advec_y_77	advec_mom_kernel_post_pre_advec_y
8357	0.000870884	472258640	ops_par_loop_advec_mom_kernel1_y_nonvector_78	advec_mom_kernel1_y_nonvector
8358	0.000455615	590131240	ops_par_loop_advec_mom_kernel2_y_79	advec_mom_kernel2_y
8359	0.000492265	472842752	ops_par_loop_advec_cell_kernel2_xdir_80	advec_cell_kernel2_xdir
8360	0.000772527	708203544	ops_par_loop_advec_cell_kernel3_xdir_81	advec_cell_kernel3_xdir
8361	0.001456506	1533542400	ops_par_loop_advec_cell_kernel4_xdir_82	advec_cell_kernel4_xdir
8362	0.000022343	553536	ops_par_loop_group_58	update_halo_kernel1_b2+update_halo_kernel4_minus_4_a
8363	0.000021972	553536	ops_par_loop_group_59	update_halo_kernel1_b1+update_halo_kernel4_minus_2_a
8364	0.000022102	369120	ops_par_loop_group_60	update_halo_kernel2_xvel_plus_4_a+update_halo_kernel2_yvel_minus_4_a+update_halo_kernel3_plus_4_a
8365	0.000021391	369120	ops_par_loop_group_61	update_halo_kernel2_xvel_plus_2_a+update_halo_kernel2_yvel_minus_2_a+update_halo_kernel3_plus_2_a
8366	0.000020068	246080	ops_par_loop_group_62	update_halo_kernel2_xvel_plus_4_b+update_halo_kernel2_yvel_minus_4_b
8367	0.000021170	369120	ops_par_loop_group_63	update_halo_kernel2_xvel_plus_2_b+update_halo_kernel2_yvel_minus_2_b+update_halo_kernel3_plus_4_b
8368	0.000021200	246080	ops_par_loop_group_64	update_halo_kernel2_xvel_minus_4_b+update_halo_kernel2_yvel_plus_4_b
8369	0.000020318	123040	ops_par_loop_update_halo_kernel3_plus_2_b_110	update_halo_kernel3_plus_2_b
8370	0.000019738	123008	ops_par_loop_update_halo_kernel3_minus_4_b_113	update_halo_kernel3_minus_4_b
8371	0.000019147	123008	ops_par_loop_update_halo_kernel4_minus_4_b_117	update_halo_kernel4_minus_4_b
8372	0.000020820	553536	ops_par_loop_group_68	update_halo_kernel1_t2+update_halo_kernel4_minus_2_b
8373	0.000019807	430528	ops_par_loop_update_halo_kernel1_t1_86	update_halo_kernel1_t1
8374	0.000026070	553536	ops_par_loop_group_70	update_halo_kernel1_l2+update_halo_kernel3_minus_4_a
8375	0.000022934	553536	ops_par_loop_group_71	update_halo_kernel1_l1+update_halo_kernel3_minus_2_a
8376	0.000025588	553536	ops_par_loop_group_72	update_halo_kernel1_r2+update_halo_kernel3_minus_2_b
8377	0.000021080	430528	ops_par_loop_update_halo_kernel1_r1_90	update_halo_kernel1_r1
8378	0.000023765	369120	ops_par_loop_group_74	update_halo_kernel2_xvel_minus_4_a+update_halo_kernel2_yvel_plus_4_a+update_halo_kernel4_plus_4_a
8379	0.000022312	369120	ops_par_loop_group_75	update_halo_kernel2_xvel_minus_2_a+update_halo_kernel2_yvel_plus_2_a+update_halo_kernel4_plus_2_a
8380	0.000022543	369120	ops_par_loop_group_76	update_halo_kernel2_xvel_minus_2_b+update_halo_kernel2_yvel_plus_2_b+update_halo_kernel4_plus_4_b
8381	0.000018876	123040	ops_par_loop_update_halo_kernel4_plus_2_b_122	update_halo_kernel4_plus_2_b
8382	0.001792194	1416561152	ops_par_loop_group_78	advec_mom_kernel_x2+reset_field_kernel1+ideal_gas_kernel
8383	0.000196283	236236864	ops_par_loop_advec_mom_kernel_mass_flux_x_124	advec_mom_kernel_mass_flux_x
8384	0.000573649	590438520	ops_par_loop_advec_mom_kernel_post_pre_advec_x_125	advec_mom_kernel_post_pre_advec_x
8385	0.000881043	472258640	ops_par_loop_advec_mom_kernel1_x_nonvector_126	advec_mom_kernel1_x_nonvector
8386	0.000453271	590131240	ops_par_loop_advec_mom_kernel2_x_127	advec_mom_kernel2_x
8387	0.000499007	472842752	ops_par_loop_advec_mom_kernel_x2_128	advec_mom_kernel_x2
8388	0.000193668	236236864	ops_par_loop_advec_mom_kernel_mass_flux_x_129	advec_mom_kernel_mass_flux_x
8389	0.000573379	590438520	ops_par_loop_advec_mom_kernel_post_pre_advec_x_130	advec_mom_kernel_post_pre_advec_x
8390	0.000882947	472258640	ops_par_loop_advec_mom_kernel1_x_nonvector_131	advec_mom_kernel1_x_nonvector
8391	0.000731470	1062236232	ops_par_loop_group_87	advec_mom_kernel2_x+reset_field_kernel2
8392	0.000022844	430304	ops_par_loop_update_halo_kernel1_b1_136	update_halo_kernel1_b1
8393	0.000020369	430304	ops_par_loop_update_halo_kernel1_t1_137	update_halo_kernel1_t1
8394	0.000024517	430304	ops_par_loop_update_halo_kernel1_l1_138	update_halo_kernel1_l1
8395	0.000024036	430304	ops_par_loop_update_halo_kernel1_r1_139	update_halo_kernel1_r1
8396	0.000019798	245952	ops_par_loop_group_92	update_halo_kernel2_xvel_plus_2_a+update_halo_kernel2_yvel_minus_2_a
8397	0.000019027	245952	ops_par_loop_group_93	update_halo_kernel2_xvel_plus_2_b+update_halo_kernel2_yvel_minus_2_b
8398	0.000021551	245952	ops_par_loop_group_94	update_halo_kernel2_xvel_minus_2_a+update_halo_kernel2_yvel_plus_2_a
8399	0.000021831	245952	ops_par_loop_group_95	update_halo_kernel2_xvel_minus_2_b+update_halo_kernel2_yvel_plus_2_b
8400	0.001729093	589885440	ops_par_loop_viscosity_kernel_148	viscosity_kernel
8401	0.000021551	430304	ops_par_loop_update_halo_kernel1_b1_149	update_halo_kernel1_b1
8402	0.000019757	430304	ops_par_loop_update_halo_kernel1_t1_150	update_halo_kernel1_t1
8403	0.000024376	430304	ops_par_loop_update_halo_kernel1_l1_151	update_halo_kernel1_l1
8404	0.000023394	430304	ops_par_loop_update_halo_kernel1_r1_152	update_halo_kernel1_r1
8405	0.000915358	1061744640	ops_par_loop_calc_dt_kernel_153	calc_dt_kernel
8406	0.001490571	1887436800	ops_par_loop_group_0	PdV_kernel_predict+ideal_gas_kernel
8407	0.000021631	430304	ops_par_loop_update_halo_kernel1_b1_2	update_halo_kernel1_b1
8408	0.000019607	430304	ops_par_loop_update_halo_kernel1_t1_3	update_halo_kernel1_t1
8409	0.000023434	430304	ops_par_loop_update_halo_kernel1_l1_4	update_halo_kernel1_l1
8410	0.000023585	430304	ops_par_loop_update_halo_kernel1_r1_5	update_halo_kernel1_r1
8411	0.001556516	1770147928	ops_par_loop_group_5	revert_kernel+accelerate_kernel
8412	0.001355975	1651507200	ops_par_loop_PdV_kernel_nopredict_8	PdV_kernel_nopredict
8413	0.000360675	471982080	ops_par_loop_flux_calc_kernelx_9	flux_calc_kernelx
8414	0.000357669	471982080	ops_par_loop_flux_calc_kernely_10	flux_calc_kernely
8415	0.000027161	553536	ops_par_loop_group_9	update_halo_kernel1_b2+update_halo_kernel4_minus_4_a
8416	0.000020218	553536	ops_par_loop_group_10	update_halo_kernel1_b1+update_halo_kernel4_minus_2_a
8417	0.000020378	369120	ops_par_loop_group_11	update_halo_kernel3_plus_4_a+update_halo_kernel2_xvel_plus_4_a+update_halo_kernel2_yvel_minus_4_a
8418	0.000020389	369120	ops_par_loop_group_12	update_halo_kernel3_plus_2_a+update_halo_kernel2_xvel_plus_2_a+update_halo_kernel2_yvel_minus_2_a
8419	0.000018586	123008	ops_par_loop_update_halo_kernel4_minus_4_b_29	update_halo_kernel4_minus_4_b
8420	0.000020438	553536	ops_par_loop_group_14	update_halo_kernel1_t2+update_halo_kernel4_minus_2_b
8421	0.000019828	430528	ops_par_loop_update_halo_kernel1_t1_14	update_halo_kernel1_t1
8422	0.000019517	246080	ops_par_loop_group_16	update_halo_kernel2_xvel_plus_4_b+update_halo_kernel2_yvel_minus_4_b
8423	0.000019758	369120	ops_par_loop_group_17	update_halo_kernel3_plus_4_b+update_halo_kernel2_xvel_plus_2_b+update_halo_kernel2_yvel_minus_2_b
8424	0.000018706	123040	ops_par_loop_update_halo_kernel3_plus_2_b_22	update_halo_kernel3_plus_2_b
8425	0.000024997	553536	ops_par_loop_group_19	update_halo_kernel1_l2+update_halo_kernel3_minus_4_a
8426	0.000022212	553536	ops_par_loop_group_20	update_halo_kernel1_l1+update_halo_kernel3_minus_2_a
8427	0.000019567	123008	ops_par_loop_update_halo_kernel3_minus_4_b_25	update_halo_kernel3_minus_4_b
8428	0.000023695	553536	ops_par_loop_group_22	update_halo_kernel1_r2+update_halo_kernel3_minus_2_b
8429	0.000020910	430528	ops_par_loop_update_halo_kernel1_r1_18	update_halo_kernel1_r1
8430	0.000024176	369120	ops_par_loop_group_24	update_halo_kernel4_plus_4_a+update_halo_kernel2_xvel_minus_4_a+update_halo_kernel2_yvel_plus_4_a
8431	0.000021972	369120	ops_par_loop_group_25	update_halo_kernel4_plus_2_a+update_halo_kernel2_xvel_minus_2_a+update_halo_kernel2_yvel_plus_2_a
8432	0.000020379	246080	ops_par_loop_group_26	update_halo_kernel2_xvel_minus_4_b+update_halo_kernel2_yvel_plus_4_b
8433	0.000021822	369120	ops_par_loop_group_27	update_halo_kernel4_plus_4_b+update_halo_kernel2_xvel_minus_2_b+update_halo_kernel2_yvel_plus_2_b
8434	0.000017995	123040	ops_par_loop_update_halo_kernel4_plus_2_b_34	update_halo_kernel4_plus_2_b
8435	0.000562207	591053440	ops_par_loop_advec_cell_kernel1_xdir_35	advec_cell_kernel1_xdir
8436	0.000772507	708203544	ops_par_loop_advec_cell_kernel3_xdir_36	advec_cell_kernel3_xdir
8437	0.001460433	1533542400	ops_par_loop_advec_cell_kernel4_xdir_37	advec_cell_kernel4_xdir
8438	0.000021480	430528	ops_par_loop_update_halo_kernel1_b2_38	update_halo_kernel1_b2
8439	0.000020719	430528	ops_par_loop_update_halo_kernel1_b1_39	update_halo_kernel1_b1
8440	0.000020398	430528	ops_par_loop_update_halo_kernel1_t2_40	update_halo_kernel1_t2
8441	0.000019958	430528	ops_par_loop_update_halo_kernel1_t1_41	update_halo_kernel1_t1
8442	0.000018275	123040	ops_par_loop_update_halo_kernel3_plus_4_a_62	update_halo_kernel3_plus_4_a
8443	0.000019166	123040	ops_par_loop_update_halo_kernel3_plus_2_a_63	update_halo_kernel3_plus_2_a
8444	0.000017813	123040	ops_par_loop_update_halo_kernel3_plus_4_b_64	update_halo_kernel3_plus_4_b
8445	0.000018314	123040	ops_par_loop_update_halo_kernel3_plus_2_b_65	update_halo_kernel3_plus_2_b
8446	0.000026640	553536	ops_par_loop_group_40	update_halo_kernel1_l2+update_halo_kernel3_minus_4_a
8447	0.000023274	553536	ops_par_loop_group_41	update_halo_kernel1_l1+update_halo_kernel3_minus_2_a
8448	0.000019106	123008	ops_par_loop_update_halo_kernel3_minus_4_b_68	update_halo_kernel3_minus_4_b
8449	0.000023996	553536	ops_par_loop_group_43	update_halo_kernel1_r2+update_halo_kernel3_minus_2_b
8450	0.000021892	430528	ops_par_loop_update_halo_kernel1_r1_45	update_halo_kernel1_r1
8451	0.000562287	591053440	ops_par_loop_advec_mom_kernel_x1_70	advec_mom_kernel_x1
8452	0.000194109	236236864	ops_par_loop_advec_mom_kernel_mass_flux_x_71	advec_mom_kernel_mass_flux_x
8453	0.000574191	590438520	ops_par_loop_advec_mom_kernel_post_pre_advec_x_72	advec_mom_kernel_post_pre_advec_x
8454	0.000880873	472258640	ops_par_loop_advec_mom_kernel1_x_nonvector_73	advec_mom_kernel1_x_nonvector
8455	0.000451758	590131240	ops_par_loop_advec_mom_kernel2_x_74	advec_mom_kernel2_x
8456	0.000562489	591053440	ops_par_loop_advec_mom_kernel_x1_75	advec_mom_kernel_x1
8457	0.000199439	236236864	ops_par_loop_advec_mom_kernel_mass_flux_x_76	advec_mom_kernel_mass_flux_x
8458	0.000573659	590438520	ops_par_loop_advec_mom_kernel_post_pre_advec_x_77	advec_mom_kernel_post_pre_advec_x
8459	0.000882226	472258640	ops_par_loop_advec_mom_kernel1_x_nonvector_78	advec_mom_kernel1_x_nonvector
8460	0.000447360	590131240	ops_par_loop_advec_mom_kernel2_x_79	advec_mom_kernel2_x
8461	0.000500510	472842752	ops_par_loop_advec_cell_kernel2_ydir_80	advec_cell_kernel2_ydir
8462	0.000786543	708203544	ops_par_loop_advec_cell_kernel3_ydir_81	advec_cell_kernel3_ydir
8463	0.001471203	1533542400	ops_par_loop_advec_cell_kernel4_ydir_82	advec_cell_kernel4_ydir
8464	0.000022122	553536	ops_par_loop_group_58	update_halo_kernel1_b2+update_halo_kernel4_minus_4_a
8465	0.000021211	553536	ops_par_loop_group_59	update_halo_kernel1_b1+update_halo_kernel4_minus_2_a
8466	0.000020890	369120	ops_par_loop_group_60	update_halo_kernel2_xvel_plus_4_a+update_halo_kernel2_yvel_minus_4_a+update_halo_kernel3_plus_4_a
8467	0.000021751	369120	ops_par_loop_group_61	update_halo_kernel2_xvel_plus_2_a+update_halo_kernel2_yvel_minus_2_a+update_halo_kernel3_plus_2_a
8468	0.000018616	246080	ops_par_loop_group_62	update_halo_kernel2_xvel_plus_4_b+update_halo_kernel2_yvel_minus_4_b
8469	0.000020639	369120	ops_par_loop_group_63	update_halo_kernel2_xvel_plus_2_b+update_halo_kernel2_yvel_minus_2_b+update_halo_kernel3_plus_4_b
8470	0.000021321	246080	ops_par_loop_group_64	update_halo_kernel2_xvel_minus_4_b+update_halo_kernel2_yvel_plus_4_b
8471	0.000019277	123040	ops_par_loop_update_halo_kernel3_plus_2_b_110	update_halo_kernel3_plus_2_b
8472	0.000018906	123008	ops_par_loop_update_halo_kernel3_minus_4_b_113	update_halo_kernel3_minus_4_b
8473	0.000017493	123008	ops_par_loop_update_halo_kernel4_minus_4_b_117	update_halo_kernel4_minus_4_b
8474	0.000021180	553536	ops_par_loop_group_68	update_halo_kernel1_t2+update_halo_kernel4_minus_2_b
8475	0.000019698	430528	ops_par_loop_update_halo_kernel1_t1_86	update_halo_kernel1_t1
8476	0.000026280	553536	ops_par_loop_group_70	update_halo_kernel1_l2+update_halo_kernel3_minus_4_a
8477	0.000022553	553536	ops_par_loop_group_71	update_halo_kernel1_l1+update_halo_kernel3_minus_2_a
8478	0.000024407	553536	ops_par_loop_group_72	update_halo_kernel1_r2+update_halo_kernel3_minus_2_b
8479	0.000021100	430528	ops_par_loop_update_halo_kernel1_r1_90	update_halo_kernel1_r1
8480	0.000023335	369120	ops_par_loop_group_74	update_halo_kernel2_xvel_minus_4_a+update_halo_kernel2_yvel_plus_4_a+update_halo_kernel4_plus_4_a
8481	0.000021191	369120	ops_par_loop_group_75	update_halo_kernel2_xvel_minus_2_a+update_halo_kernel2_yvel_plus_2_a+update_halo_kernel4_plus_2_a
8482	0.000022563	369120	ops_par_loop_group_76	update_halo_kernel2_xvel_minus_2_b+update_halo_kernel2_yvel_plus_2_b+update_halo_kernel4_plus_4_b
8483	0.000018295	123040	ops_par_loop_update_halo_kernel4_plus_2_b_122	update_halo_kernel4_plus_2_b
8484	0.001785601	1416561152	ops_par_loop_group_78	advec_mom_kernel_y2+reset_field_kernel1+ideal_gas_kernel
8485	0.000194099	236236864	ops_par_loop_advec_mom_kernel_mass_flux_y_124	advec_mom_kernel_mass_flux_y
8486	0.000533443	590438520	ops_par_loop_advec_mom_kernel_post_pre_advec_y_125	advec_mom_kernel_post_pre_advec_y
8487	0.000875843	472258640	ops_par_loop_advec_mom_kernel1_y_nonvector_126	advec_mom_kernel1_y_nonvector
8488	0.000446448	590131240	ops_par_loop_advec_mom_kernel2_y_127	advec_mom_kernel2_y
8489	0.000490301	472842752	ops_par_loop_advec_mom_kernel_y2_128	advec_mom_kernel_y2
8490	0.000193107	236236864	ops_par_loop_advec_mom_kernel_mass_flux_y_129	advec_mom_kernel_mass_flux_y
8491	0.000531880	590438520	ops_par_loop_advec_mom_kernel_post_pre_advec_y_130	advec_mom_kernel_post_pre_advec_y
8492	0.000872317	472258640	ops_par_loop_advec_mom_kernel1_y_nonvector_131	advec_mom_kernel1_y_nonvector
8493	0.000732331	1062236232	ops_par_loop_group_87	advec_mom_kernel2_y+reset_field_kernel2
8494	0.000021501	430304	ops_par_loop_update_halo_kernel1_b1_136	update_halo_kernel1_b1
8495	0.000019908	430304	ops_par_loop_update_halo_kernel1_t1_137	update_halo_kernel1_t1
8496	0.000023745	430304	ops_par_loop_update_halo_kernel1_l1_138	update_halo_kernel1_l1
8497	0.000024105	430304	ops_par_loop_update_halo_kernel1_r1_139	update_halo_kernel1_r1
8498	0.000019857	245952	ops_par_loop_group_92	update_halo_kernel2_xvel_plus_2_a+update_halo_kernel2_yvel_minus_2_a
8499	0.000019617	245952	ops_par_loop_group_93	update_halo_kernel2_xvel_plus_2_b+update_halo_kernel2_yvel_minus_2_b
8500	0.000020950	245952	ops_par_loop_group_94	update_halo_kernel2_xvel_minus_2_a+update_halo_kernel2_yvel_plus_2_a
8501	0.000020829	245952	ops_par_loop_group_95	update_halo_kernel2_xvel_minus_2_b+update_halo_kernel2_yvel_plus_2_b
8502	0.001728924	589885440	ops_par_loop_viscosity_kernel_148	viscosity_kernel
8503	0.000021481	430304	ops_par_loop_update_halo_kernel1_b1_149	update_halo_kernel1_b1
8504	0.000020208	430304	ops_par_loop_update_halo_kernel1_t1_150	update_halo_kernel1_t1
8505	0.000023034	430304	ops_par_loop_update_halo_kernel1_l1_151	update_halo_kernel1_l1
8506	0.000022783	430304	ops_par_loop_update_halo_kernel1_r1_152	update_halo_kernel1_r1
8507	0.000914857	1061744640	ops_par_loop_calc_dt_kernel_153	calc_dt_kernel
8508	0.001482746	1887436800	ops_par_loop_group_0	PdV_kernel_predict+ideal_gas_kernel
8509	0.000022383	430304	ops_par_loop_update_halo_kernel1_b1_2	update_halo_kernel1_b1
8510	0.000019477	430304	ops_par_loop_update_halo_kernel1_t1_3	update_halo_kernel1_t1
8511	0.000023695	430304	ops_par_loop_update_halo_kernel1_l1_4	update_halo_kernel1_l1
8512	0.000023395	430304	ops_par_loop_update_halo_kernel1_r1_5	update_halo_kernel1_r1
8513	0.001558250	1770147928	ops_par_loop_group_5	revert_kernel+accelerate_kernel
8514	0.001354352	1651507200	ops_par_loop_PdV_kernel_nopredict_8	PdV_kernel_nopredict
8515	0.000360395	471982080	ops_par_loop_flux_calc_kernelx_9	flux_calc_kernelx
8516	0.000362298	471982080	ops_par_loop_flux_calc_kernely_10	flux_calc_kernely
8517	0.000022362	553536	ops_par_loop_group_9	update_halo_kernel1_b2+update_halo_kernel4_minus_4_a
8518	0.000020609	553536	ops_par_loop_group_10	update_halo_kernel1_b1+update_halo_kernel4_minus_2_a
8519	0.000021140	369120	ops_par_loop_group_11	update_halo_kernel3_plus_4_a+update_halo_kernel2_xvel_plus_4_a+update_halo_kernel2_yvel_minus_4_a
8520	0.000021081	369120	ops_par_loop_group_12	update_halo_kernel3_plus_2_a+update_halo_kernel2_xvel_plus_2_a+update_halo_kernel2_yvel_minus_2_a
8521	0.000018525	123008	ops_par_loop_update_halo_kernel4_minus_4_b_29	update_halo_kernel4_minus_4_b
8522	0.000020579	553536	ops_par_loop_group_14	update_halo_kernel1_t2+update_halo_kernel4_minus_2_b
8523	0.000020920	430528	ops_par_loop_update_halo_kernel1_t1_14	update_halo_kernel1_t1
8524	0.000020198	246080	ops_par_loop_group_16	update_halo_kernel2_xvel_plus_4_b+update_halo_kernel2_yvel_minus_4_b
8525	0.000020318	369120	ops_par_loop_group_17	update_halo_kernel3_plus_4_b+update_halo_kernel2_xvel_plus_2_b+update_halo_kernel2_yvel_minus_2_b
8526	0.000019016	123040	ops_par_loop_update_halo_kernel3_plus_2_b_22	update_halo_kernel3_plus_2_b
8527	0.000026380	553536	ops_par_loop_group_19	update_halo_kernel1_l2+update_halo_kernel3_minus_4_a
8528	0.000022883	553536	ops_par_loop_group_20	update_halo_kernel1_l1+update_halo_kernel3_minus_2_a
8529	0.000018996	123008	ops_par_loop_update_halo_kernel3_minus_4_b_25	update_halo_kernel3_minus_4_b
8530	0.000024967	553536	ops_par_loop_group_22	update_halo_kernel1_r2+update_halo_kernel3_minus_2_b
8531	0.000021270	430528	ops_par_loop_update_halo_kernel1_r1_18	update_halo_kernel1_r1
8532	0.000022913	369120	ops_par_loop_group_24	update_halo_kernel4_plus_4_a+update_halo_kernel2_xvel_minus_4_a+update_halo_kernel2_yvel_plus_4_a
8533	0.000021902	369120	ops_par_loop_group_25	update_halo_kernel4_plus_2_a+update_halo_kernel2_xvel_minus_2_a+update_halo_kernel2_yvel_plus_2_a
8534	0.000021531	246080	ops_par_loop_group_26	update_halo_kernel2_xvel_minus_4_b+update_halo_kernel2_yvel_plus_4_b
8535	0.000023204	369120	ops_par_loop_group_27	update_halo_kernel4_plus_4_b+update_halo_kernel2_xvel_minus_2_b+update_halo_kernel2_yvel_plus_2_b
8536	0.000018685	123040	ops_par_loop_update_halo_kernel4_plus_2_b_34	update_halo_kernel4_plus_2_b
8537	0.000563921	591053440	ops_par_loop_advec_cell_kernel1_ydir_35	advec_cell_kernel1_ydir
8538	0.000787435	708203544	ops_par_loop_advec_cell_kernel3_ydir_36	advec_cell_kernel3_ydir
8539	0.001474920	1533542400	ops_par_loop_advec_cell_kernel4_ydir_37	advec_cell_kernel4_ydir
8540	0.000022783	553536	ops_par_loop_group_32	update_halo_kernel1_b2+update_halo_kernel4_minus_4_a
8541	0.000020699	553536	ops_par_loop_group_33	update_halo_kernel1_b1+update_halo_kernel4_minus_2_a
8542	0.000018364	123008	ops_par_loop_update_halo_kernel4_minus_4_b_64	update_halo_kernel4_minus_4_b
8543	0.000021270	553536	ops_par_loop_group_35	update_halo_kernel1_t2+update_halo_kernel4_minus_2_b
8544	0.000020199	430528	ops_par_loop_update_halo_kernel1_t1_41	update_halo_kernel1_t1
8545	0.000023715	430528	ops_par_loop_update_halo_kernel1_l2_42	update_halo_kernel1_l2
8546	0.000021100	430528	ops_par_loop_update_halo_kernel1_l1_43	update_halo_kernel1_l1
8547	0.000023174	430528	ops_par_loop_update_halo_kernel1_r2_44	update_halo_kernel1_r2
8548	0.000021962	430528	ops_par_loop_update_halo_kernel1_r1_45	update_halo_kernel1_r1
8549	0.000019708	123040	ops_par_loop_update_halo_kernel4_plus_4_a_66	update_halo_kernel4_plus_4_a
8550	0.000018234	123040	ops_par_loop_update_halo_kernel4_plus_2_a_67	update_halo_kernel4_plus_2_a
8551	0.000019317	123040	ops_par_loop_update_halo_kernel4_plus_4_b_68	update_halo_kernel4_plus_4_b
8552	0.000018135	123040	ops_par_loop_update_halo_kernel4_plus_2_b_69	update_halo_kernel4_plus_2_b
8553	0.000561917	591053440	ops_par_loop_advec_mom_kernel_y1_70	advec_mom_kernel_y1
8554	0.000191524	236236864	ops_par_loop_advec_mom_kernel_mass_flux_y_71	advec_mom_kernel_mass_flux_y
8555	0.000531109	590438520	ops_par_loop_advec_mom_kernel_post_pre_advec_y_72	advec_mom_kernel_post_pre_advec_y
8556	0.000876916	472258640	ops_par_loop_advec_mom_kernel1_y_nonvector_73	advec_mom_kernel1_y_nonvector
8557	0.000449002	590131240	ops_par_loop_advec_mom_kernel2_y_74	advec_mom_kernel2_y
8558	0.000562668	591053440	ops_par_loop_advec_mom_kernel_y1_75	advec_mom_kernel_y1
8559	0.000192075	236236864	ops_par_loop_advec_mom_kernel_mass_flux_y_76	advec_mom_kernel_mass_flux_y
8560	0.000532882	590438520	ops_par_loop_advec_mom_kernel_post_pre_advec_y_77	advec_mom_kernel_post_pre_advec_y
8561	0.000870433	472258640	ops_par_loop_advec_mom_kernel1_y_nonvector_78	advec_mom_kernel1_y_nonvector
8562	0.000450746	590131240	ops_par_loop_advec_mom_kernel2_y_79	advec_mom_kernel2_y
8563	0.000491393	472842752	ops_par_loop_advec_cell_kernel2_xdir_80	advec_cell_kernel2_xdir
8564	0.000772277	708203544	ops_par_loop_advec_cell_kernel3_xdir_81	advec_cell_kernel3_xdir
8565	0.001459862	1533542400	ops_par_loop_advec_cell_kernel4_xdir_82	advec_cell_kernel4_xdir
8566	0.000024086	553536	ops_par_loop_group_58	update_halo_kernel1_b2+update_halo_kernel4_minus_4_a
8567	0.000021281	553536	ops_par_loop_group_59	update_halo_kernel1_b1+update_halo_kernel4_minus_2_a
8568	0.000022803	369120	ops_par_loop_group_60	update_halo_kernel2_xvel_plus_4_a+update_halo_kernel2_yvel_minus_4_a+update_halo_kernel3_plus_4_a
8569	0.000021421	369120	ops_par_loop_group_61	update_halo_kernel2_xvel_plus_2_a+update_halo_kernel2_yvel_minus_2_a+update_halo_kernel3_plus_2_a
8570	0.000018916	246080	ops_par_loop_group_62	update_halo_kernel2_xvel_plus_4_b+update_halo_kernel2_yvel_minus_4_b
8571	0.000020549	369120	ops_par_loop_group_63	update_halo_kernel2_xvel_plus_2_b+update_halo_kernel2_yvel_minus_2_b+update_halo_kernel3_plus_4_b
8572	0.000022703	246080	ops_par_loop_group_64	update_halo_kernel2_xvel_minus_4_b+update_halo_kernel2_yvel_plus_4_b
8573	0.000019948	123040	ops_par_loop_update_halo_kernel3_plus_2_b_110	update_halo_kernel3_plus_2_b
8574	0.000021181	123008	ops_par_loop_update_halo_kernel3_minus_4_b_113	update_halo_kernel3_minus_4_b
8575	0.000018745	123008	ops_par_loop_update_halo_kernel4_minus_4_b_117	update_halo_kernel4_minus_4_b
8576	0.000021330	553536	ops_par_loop_group_68	update_halo_kernel1_t2+update_halo_kernel4_minus_2_b
8577	0.000020248	430528	ops_par_loop_update_halo_kernel1_t1_86	update_halo_kernel1_t1
8578	0.000026771	553536	ops_par_loop_group_70	update_halo_kernel1_l2+update_halo_kernel3_minus_4_a
8579	0.000022893	553536	ops_par_loop_group_71	update_halo_kernel1_l1+update_halo_kernel3_minus_2_a
8580	0.000025258	553536	ops_par_loop_group_72	update_halo_kernel1_r2+update_halo_kernel3_minus_2_b
8581	0.000021751	430528	ops_par_loop_update_halo_kernel1_r1_90	update_halo_kernel1_r1
8582	0.000023174	369120	ops_par_loop_group_74	update_halo_kernel2_xvel_minus_4_a+update_halo_kernel2_yvel_plus_4_a+update_halo_kernel4_plus_4_a
8583	0.000021842	369120	ops_par_loop_group_75	update_halo_kernel2_xvel_minus_2_a+update_halo_kernel2_yvel_plus_2_a+update_halo_kernel4_plus_2_a
8584	0.000022282	369120	ops_par_loop_group_76	update_halo_kernel2_xvel_minus_2_b+update_halo_kernel2_yvel_plus_2_b+update_halo_kernel4_plus_4_b
8585	0.000022052	123040	ops_par_loop_update_halo_kernel4_plus_2_b_122	update_halo_kernel4_plus_2_b
8586	0.001801010	1416561152	ops_par_loop_group_78	advec_mom_kernel_x2+reset_field_kernel1+ideal_gas_kernel
8587	0.000197024	236236864	ops_par_loop_advec_mom_kernel_mass_flux_x_124	advec_mom_kernel_mass_flux_x
8588	0.000577056	590438520	ops_par_loop_advec_mom_kernel_post_pre_advec_x_125	advec_mom_kernel_post_pre_advec_x
8589	0.000881554	472258640	ops_par_loop_advec_mom_kernel1_x_nonvector_126	advec_mom_kernel1_x_nonvector
8590	0.000448843	590131240	ops_par_loop_advec_mom_kernel2_x_127	advec_mom_kernel2_x
8591	0.000497334	472842752	ops_par_loop_advec_mom_kernel_x2_128	advec_mom_kernel_x2
8592	0.000194880	236236864	ops_par_loop_advec_mom_kernel_mass_flux_x_129	advec_mom_kernel_mass_flux_x
8593	0.000575242	590438520	ops_par_loop_advec_mom_kernel_post_pre_advec_x_130	advec_mom_kernel_post_pre_advec_x
8594	0.000884229	472258640	ops_par_loop_advec_mom_kernel1_x_nonvector_131	advec_mom_kernel1_x_nonvector
8595	0.000732381	1062236232	ops_par_loop_group_87	advec_mom_kernel2_x+reset_field_kernel2
8596	0.000022663	430304	ops_par_loop_update_halo_kernel1_b1_136	update_halo_kernel1_b1
8597	0.000020248	430304	ops_par_loop_update_halo_kernel1_t1_137	update_halo_kernel1_t1
8598	0.000024136	430304	ops_par_loop_update_halo_kernel1_l1_138	update_halo_kernel1_l1
8599	0.000023865	430304	ops_par_loop_update_halo_kernel1_r1_139	update_halo_kernel1_r1
8600	0.000019367	245952	ops_par_loop_group_92	update_halo_kernel2_xvel_plus_2_a+update_halo_kernel2_yvel_minus_2_a
8601	0.000019437	245952	ops_par_loop_group_93	update_halo_kernel2_xvel_plus_2_b+update_halo_kernel2_yvel_minus_2_b
8602	0.000021060	245952	ops_par_loop_group_94	update_halo_kernel2_xvel_minus_2_a+update_halo_kernel2_yvel_plus_2_a
8603	0.000021090	245952	ops_par_loop_group_95	update_halo_kernel2_xvel_minus_2_b+update_halo_kernel2_yvel_plus_2_b
8604	0.001728743	589885440	ops_par_loop_viscosity_kernel_148	viscosity_kernel
8605	0.000021391	430304	ops_par_loop_update_halo_kernel1_b1_149	update_halo_kernel1_b1
8606	0.000020419	430304	ops_par_loop_update_halo_kernel1_t1_150	update_halo_kernel1_t1
8607	0.000023925	430304	ops_par_loop_update_halo_kernel1_l1_151	update_halo_kernel1_l1
8608	0.000023274	430304	ops_par_loop_update_halo_kernel1_r1_152	update_halo_kernel1_r1
8609	0.000915018	1061744640	ops_par_loop_calc_dt_kernel_153	calc_dt_kernel
8610	0.001482986	1887436800	ops_par_loop_group_0	PdV_kernel_predict+ideal_gas_kernel
8611	0.000022423	430304	ops_par_loop_update_halo_kernel1_b1_2	update_halo_kernel1_b1
8612	0.000019417	430304	ops_par_loop_update_halo_kernel1_t1_3	update_halo_kernel1_t1
8613	0.000023124	430304	ops_par_loop_update_halo_kernel1_l1_4	update_halo_kernel1_l1
8614	0.000023074	430304	ops_par_loop_update_halo_kernel1_r1_5	update_halo_kernel1_r1
8615	0.001562186	1770147928	ops_par_loop_group_5	revert_kernel+accelerate_kernel
8616	0.001351847	1651507200	ops_par_loop_PdV_kernel_nopredict_8	PdV_kernel_nopredict
8617	0.000363410	471982080	ops_par_loop_flux_calc_kernelx_9	flux_calc_kernelx
8618	0.000357739	471982080	ops_par_loop_flux_calc_kernely_10	flux_calc_kernely
8619	0.000021280	553536	ops_par_loop_group_9	update_halo_kernel1_b2+update_halo_kernel4_minus_4_a
8620	0.000020810	553536	ops_par_loop_group_10	update_halo_kernel1_b1+update_halo_kernel4_minus_2_a
8621	0.000020309	369120	ops_par_loop_group_11	update_halo_kernel3_plus_4_a+update_halo_kernel2_xvel_plus_4_a+update_halo_kernel2_yvel_minus_4_a
8622	0.000019687	369120	ops_par_loop_group_12	update_halo_kernel3_plus_2_a+update_halo_kernel2_xvel_plus_2_a+update_halo_kernel2_yvel_minus_2_a
8623	0.000019577	123008	ops_par_loop_update_halo_kernel4_minus_4_b_29	update_halo_kernel4_minus_4_b
8624	0.000020599	553536	ops_par_loop_group_14	update_halo_kernel1_t2+update_halo_kernel4_minus_2_b
8625	0.000019658	430528	ops_par_loop_update_halo_kernel1_t1_14	update_halo_kernel1_t1
8626	0.000019787	246080	ops_par_loop_group_16	update_halo_kernel2_xvel_plus_4_b+update_halo_kernel2_yvel_minus_4_b
8627	0.000020169	369120	ops_par_loop_group_17	update_halo_kernel3_plus_4_b+update_halo_kernel2_xvel_plus_2_b+update_halo_kernel2_yvel_minus_2_b
8628	0.000018836	123040	ops_par_loop_update_halo_kernel3_plus_2_b_22	update_halo_kernel3_plus_2_b
8629	0.000024937	553536	ops_par_loop_group_19	update_halo_kernel1_l2+update_halo_kernel3_minus_4_a
8630	0.000022703	553536	ops_par_loop_group_20	update_halo_kernel1_l1+update_halo_kernel3_minus_2_a
8631	0.000019126	123008	ops_par_loop_update_halo_kernel3_minus_4_b_25	update_halo_kernel3_minus_4_b
8632	0.000024046	553536	ops_par_loop_group_22	update_halo_kernel1_r2+update_halo_kernel3_minus_2_b
8633	0.000020680	430528	ops_par_loop_update_halo_kernel1_r1_18	update_halo_kernel1_r1
8634	0.000022463	369120	ops_par_loop_group_24	update_halo_kernel4_plus_4_a+update_halo_kernel2_xvel_minus_4_a+update_halo_kernel2_yvel_plus_4_a
8635	0.000021291	369120	ops_par_loop_group_25	update_halo_kernel4_plus_2_a+update_halo_kernel2_xvel_minus_2_a+update_halo_kernel2_yvel_plus_2_a
8636	0.000020178	246080	ops_par_loop_group_26	update_halo_kernel2_xvel_minus_4_b+update_halo_kernel2_yvel_plus_4_b
8637	0.000021952	369120	ops_par_loop_group_27	update_halo_kernel4_plus_4_b+update_halo_kernel2_xvel_minus_2_b+update_halo_kernel2_yvel_plus_2_b
8638	0.000018956	123040	ops_par_loop_update_halo_kernel4_plus_2_b_34	update_halo_kernel4_plus_2_b
8639	0.000560875	591053440	ops_par_loop_advec_cell_kernel1_xdir_35	advec_cell_kernel1_xdir
8640	0.000771124	708203544	ops_par_loop_advec_cell_kernel3_xdir_36	advec_cell_kernel3_xdir
8641	0.001462397	1533542400	ops_par_loop_advec_cell_kernel4_xdir_37	advec_cell_kernel4_xdir
8642	0.000020980	430528	ops_par_loop_update_halo_kernel1_b2_38	update_halo_kernel1_b2
8643	0.000019908	430528	ops_par_loop_update_halo_kernel1_b1_39	update_halo_kernel1_b1
8644	0.000019187	430528	ops_par_loop_update_halo_kernel1_t2_40	update_halo_kernel1_t2
8645	0.000019768	430528	ops_par_loop_update_halo_kernel1_t1_41	update_halo_kernel1_t1
8646	0.000018245	123040	ops_par_loop_update_halo_kernel3_plus_4_a_62	update_halo_kernel3_plus_4_a
8647	0.000018876	123040	ops_par_loop_update_halo_kernel3_plus_2_a_63	update_halo_kernel3_plus_2_a
8648	0.000018435	123040	ops_par_loop_update_halo_kernel3_plus_4_b_64	update_halo_kernel3_plus_4_b
8649	0.000017744	123040	ops_par_loop_update_halo_kernel3_plus_2_b_65	update_halo_kernel3_plus_2_b
8650	0.000026200	553536	ops_par_loop_group_40	update_halo_kernel1_l2+update_halo_kernel3_minus_4_a
8651	0.000023926	553536	ops_par_loop_group_41	update_halo_kernel1_l1+update_halo_kernel3_minus_2_a
8652	0.000018756	123008	ops_par_loop_update_halo_kernel3_minus_4_b_68	update_halo_kernel3_minus_4_b
8653	0.000023695	553536	ops_par_loop_group_43	update_halo_kernel1_r2+update_halo_kernel3_minus_2_b
8654	0.000021421	430528	ops_par_loop_update_halo_kernel1_r1_45	update_halo_kernel1_r1
8655	0.000562298	591053440	ops_par_loop_advec_mom_kernel_x1_70	advec_mom_kernel_x1
8656	0.000193979	236236864	ops_par_loop_advec_mom_kernel_mass_flux_x_71	advec_mom_kernel_mass_flux_x
8657	0.000576826	590438520	ops_par_loop_advec_mom_kernel_post_pre_advec_x_72	advec_mom_kernel_post_pre_advec_x
8658	0.000879831	472258640	ops_par_loop_advec_mom_kernel1_x_nonvector_73	advec_mom_kernel1_x_nonvector
8659	0.000450355	590131240	ops_par_loop_advec_mom_kernel2_x_74	advec_mom_kernel2_x
8660	0.000563420	591053440	ops_par_loop_advec_mom_kernel_x1_75	advec_mom_kernel_x1
8661	0.000194840	236236864	ops_par_loop_advec_mom_kernel_mass_flux_x_76	advec_mom_kernel_mass_flux_x
8662	0.000573590	590438520	ops_par_loop_advec_mom_kernel_post_pre_advec_x_77	advec_mom_kernel_post_pre_advec_x
8663	0.000882626	472258640	ops_par_loop_advec_mom_kernel1_x_nonvector_78	advec_mom_kernel1_x_nonvector
8664	0.000443312	590131240	ops_par_loop_advec_mom_kernel2_x_79	advec_mom_kernel2_x
8665	0.000496663	472842752	ops_par_loop_advec_cell_kernel2_ydir_80	advec_cell_kernel2_ydir
8666	0.000787556	708203544	ops_par_loop_advec_cell_kernel3_ydir_81	advec_cell_kernel3_ydir
8667	0.001471935	1533542400	ops_par_loop_advec_cell_kernel4_ydir_82	advec_cell_kernel4_ydir
8668	0.000023304	553536	ops_par_loop_group_58	update_halo_kernel1_b2+update_halo_kernel4_minus_4_a
8669	0.000021471	553536	ops_par_loop_group_59	update_halo_kernel1_b1+update_halo_kernel4_minus_2_a
8670	0.000020919	369120	ops_par_loop_group_60	update_halo_kernel2_xvel_plus_4_a+update_halo_kernel2_yvel_minus_4_a+update_halo_kernel3_plus_4_a
8671	0.000020810	369120	ops_par_loop_group_61	update_halo_kernel2_xvel_plus_2_a+update_halo_kernel2_yvel_minus_2_a+update_halo_kernel3_plus_2_a
8672	0.000019517	246080	ops_par_loop_group_62	update_halo_kernel2_xvel_plus_4_b+update_halo_kernel2_yvel_minus_4_b
8673	0.000020169	369120	ops_par_loop_group_63	update_halo_kernel2_xvel_plus_2_b+update_halo_kernel2_yvel_minus_2_b+update_halo_kernel3_plus_4_b
8674	0.000021571	246080	ops_par_loop_group_64	update_halo_kernel2_xvel_minus_4_b+update_halo_kernel2_yvel_plus_4_b
8675	0.000018835	123040	ops_par_loop_update_halo_kernel3_plus_2_b_110	update_halo_kernel3_plus_2_b
8676	0.000018976	123008	ops_par_loop_update_halo_kernel3_minus_4_b_113	update_halo_kernel3_minus_4_b
8677	0.000017543	123008	ops_par_loop_update_halo_kernel4_minus_4_b_117	update_halo_kernel4_minus_4_b
8678	0.000020429	553536	ops_par_loop_group_68	update_halo_kernel1_t2+update_halo_kernel4_minus_2_b
8679	0.000020389	430528	ops_par_loop_update_halo_kernel1_t1_86	update_halo_kernel1_t1
8680	0.000025819	553536	ops_par_loop_group_70	update_halo_kernel1_l2+update_halo_kernel3_minus_4_a
8681	0.000023494	553536	ops_par_loop_group_71	update_halo_kernel1_l1+update_halo_kernel3_minus_2_a
8682	0.000023835	553536	ops_par_loop_group_72	update_halo_kernel1_r2+update_halo_kernel3_minus_2_b
8683	0.000021150	430528	ops_par_loop_update_halo_kernel1_r1_90	update_halo_kernel1_r1
8684	0.000023975	369120	ops_par_loop_group_74	update_halo_kernel2_xvel_minus_4_a+update_halo_kernel2_yvel_plus_4_a+update_halo_kernel4_plus_4_a
8685	0.000020689	369120	ops_par_loop_group_75	update_halo_kernel2_xvel_minus_2_a+update_halo_kernel2_yvel_plus_2_a+update_halo_kernel4_plus_2_a
8686	0.000022583	369120	ops_par_loop_group_76	update_halo_kernel2_xvel_minus_2_b+update_halo_kernel2_yvel_plus_2_b+update_halo_kernel4_plus_4_b
8687	0.000018295	123040	ops_par_loop_update_halo_kernel4_plus_2_b_122	update_halo_kernel4_plus_2_b
8688	0.001797523	1416561152	ops_par_loop_group_78	advec_mom_kernel_y2+reset_field_kernel1+ideal_gas_kernel
8689	0.000194610	236236864	ops_par_loop_advec_mom_kernel_mass_flux_y_124	advec_mom_kernel_mass_flux_y
8690	0.000531610	590438520	ops_par_loop_advec_mom_kernel_post_pre_advec_y_125	advec_mom_kernel_post_pre_advec_y
8691	0.000876695	472258640	ops_par_loop_advec_mom_kernel1_y_nonvector_126	advec_mom_kernel1_y_nonvector
8692	0.000458360	590131240	ops_par_loop_advec_mom_kernel2_y_127	advec_mom_kernel2_y
8693	0.000489821	472842752	ops_par_loop_advec_mom_kernel_y2_128	advec_mom_kernel_y2
8694	0.000191905	236236864	ops_par_loop_advec_mom_kernel_mass_flux_y_129	advec_mom_kernel_mass_flux_y
8695	0.000531188	590438520	ops_par_loop_advec_mom_kernel_post_pre_advec_y_130	advec_mom_kernel_post_pre_advec_y
8696	0.000871074	472258640	ops_par_loop_advec_mom_kernel1_y_nonvector_131	advec_mom_kernel1_y_nonvector
8697	0.000736578	1062236232	ops_par_loop_group_87	advec_mom_kernel2_y+reset_field_kernel2
8698	0.000020870	430304	ops_par_loop_update_halo_kernel1_b1_136	update_halo_kernel1_b1
8699	0.000019637	430304	ops_par_loop_update_halo_kernel1_t1_137	update_halo_kernel1_t1
8700	0.000023645	430304	ops_par_loop_update_halo_kernel1_l1_138	update_halo_kernel1_l1
8701	0.000023996	430304	ops_par_loop_update_halo_kernel1_r1_139	update_halo_kernel1_r1
8702	0.000019707	245952	ops_par_loop_group_92	update_halo_kernel2_xvel_plus_2_a+update_halo_kernel2_yvel_minus_2_a
8703	0.000018836	245952	ops_par_loop_group_93	update_halo_kernel2_xvel_plus_2_b+update_halo_kernel2_yvel_minus_2_b
8704	0.000020929	245952	ops_par_loop_group_94	update_halo_kernel2_xvel_minus_2_a+update_halo_kernel2_yvel_plus_2_a
8705	0.000020309	245952	ops_par_loop_group_95	update_halo_kernel2_xvel_minus_2_b+update_halo_kernel2_yvel_plus_2_b
8706	0.001728723	589885440	ops_par_loop_viscosity_kernel_148	viscosity_kernel
8707	0.000020849	430304	ops_par_loop_update_halo_kernel1_b1_149	update_halo_kernel1_b1
8708	0.000020168	430304	ops_par_loop_update_halo_kernel1_t1_150	update_halo_kernel1_t1
8709	0.000023364	430304	ops_par_loop_update_halo_kernel1_l1_151	update_halo_kernel1_l1
8710	0.000022873	430304	ops_par_loop_update_halo_kernel1_r1_152	update_halo_kernel1_r1
8711	0.000914567	1061744640	ops_par_loop_calc_dt_kernel_153	calc_dt_kernel
8712	0.001490761	1887436800	ops_par_loop_group_0	PdV_kernel_predict+ideal_gas_kernel
8713	0.000021480	430304	ops_par_loop_update_halo_kernel1_b1_2	update_halo_kernel1_b1
8714	0.000019778	430304	ops_par_loop_update_halo_kernel1_t1_3	update_halo_kernel1_t1
8715	0.000023806	430304	ops_par_loop_update_halo_kernel1_l1_4	update_halo_kernel1_l1
8716	0.000023985	430304	ops_par_loop_update_halo_kernel1_r1_5	update_halo_kernel1_r1
8717	0.001557227	1770147928	ops_par_loop_group_5	revert_kernel+accelerate_kernel
8718	0.001357979	1651507200	ops_par_loop_PdV_kernel_nopredict_8	PdV_kernel_nopredict
8719	0.000363270	471982080	ops_par_loop_flux_calc_kernelx_9	flux_calc_kernelx
8720	0.000358511	471982080	ops_par_loop_flux_calc_kernely_10	flux_calc_kernely
8721	0.000022172	553536	ops_par_loop_group_9	update_halo_kernel1_b2+update_halo_kernel4_minus_4_a
8722	0.000021110	553536	ops_par_loop_group_10	update_halo_kernel1_b1+update_halo_kernel4_minus_2_a
8723	0.000021310	369120	ops_par_loop_group_11	update_halo_kernel3_plus_4_a+update_halo_kernel2_xvel_plus_4_a+update_halo_kernel2_yvel_minus_4_a
8724	0.000020078	369120	ops_par_loop_group_12	update_halo_kernel3_plus_2_a+update_halo_kernel2_xvel_plus_2_a+update_halo_kernel2_yvel_minus_2_a
8725	0.000018315	123008	ops_par_loop_update_halo_kernel4_minus_4_b_29	update_halo_kernel4_minus_4_b
8726	0.000021000	553536	ops_par_loop_group_14	update_halo_kernel1_t2+update_halo_kernel4_minus_2_b
8727	0.000020770	430528	ops_par_loop_update_halo_kernel1_t1_14	update_halo_kernel1_t1
8728	0.000019617	246080	ops_par_loop_group_16	update_halo_kernel2_xvel_plus_4_b+update_halo_kernel2_yvel_minus_4_b
8729	0.000021080	369120	ops_par_loop_group_17	update_halo_kernel3_plus_4_b+update_halo_kernel2_xvel_plus_2_b+update_halo_kernel2_yvel_minus_2_b
8730	0.000018936	123040	ops_par_loop_update_halo_kernel3_plus_2_b_22	update_halo_kernel3_plus_2_b
8731	0.000026530	553536	ops_par_loop_group_19	update_halo_kernel1_l2+update_halo_kernel3_minus_4_a
8732	0.000022923	553536	ops_par_loop_group_20	update_halo_kernel1_l1+update_halo_kernel3_minus_2_a
8733	0.000019076	123008	ops_par_loop_update_halo_kernel3_minus_4_b_25	update_halo_kernel3_minus_4_b
8734	0.000024226	553536	ops_par_loop_group_22	update_halo_kernel1_r2+update_halo_kernel3_minus_2_b
8735	0.000021331	430528	ops_par_loop_update_halo_kernel1_r1_18	update_halo_kernel1_r1
8736	0.000022673	369120	ops_par_loop_group_24	update_halo_kernel4_plus_4_a+update_halo_kernel2_xvel_minus_4_a+update_halo_kernel2_yvel_plus_4_a
8737	0.000021581	369120	ops_par_loop_group_25	update_halo_kernel4_plus_2_a+update_halo_kernel2_xvel_minus_2_a+update_halo_kernel2_yvel_plus_2_a
8738	0.000021090	246080	ops_par_loop_group_26	update_halo_kernel2_xvel_minus_4_b+update_halo_kernel2_yvel_plus_4_b
8739	0.000022633	369120	ops_par_loop_group_27	update_halo_kernel4_plus_4_b+update_halo_kernel2_xvel_minus_2_b+update_halo_kernel2_yvel_plus_2_b
8740	0.000018335	123040	ops_par_loop_update_halo_kernel4_plus_2_b_34	update_halo_kernel4_plus_2_b
8741	0.000564211	591053440	ops_par_loop_advec_cell_kernel1_ydir_35	advec_cell_kernel1_ydir
8742	0.000787024	708203544	ops_par_loop_advec_cell_kernel3_ydir_36	advec_cell_kernel3_ydir
8743	0.001471154	1533542400	ops_par_loop_advec_cell_kernel4_ydir_37	advec_cell_kernel4_ydir
8744	0.000022543	553536	ops_par_loop_group_32	update_halo_kernel1_b2+update_halo_kernel4_minus_4_a
8745	0.000021290	553536	ops_par_loop_group_33	update_halo_kernel1_b1+update_halo_kernel4_minus_2_a
8746	0.000017934	123008	ops_par_loop_update_halo_kernel4_minus_4_b_64	update_halo_kernel4_minus_4_b
8747	0.000020378	553536	ops_par_loop_group_35	update_halo_kernel1_t2+update_halo_kernel4_minus_2_b
8748	0.000020409	430528	ops_par_loop_update_halo_kernel1_t1_41	update_halo_kernel1_t1
8749	0.000023104	430528	ops_par_loop_update_halo_kernel1_l2_42	update_halo_kernel1_l2
8750	0.000020519	430528	ops_par_loop_update_halo_kernel1_l1_43	update_halo_kernel1_l1
8751	0.000022813	430528	ops_par_loop_update_halo_kernel1_r2_44	update_halo_kernel1_r2
8752	0.000021431	430528	ops_par_loop_update_halo_kernel1_r1_45	update_halo_kernel1_r1
8753	0.000018876	123040	ops_par_loop_update_halo_kernel4_plus_4_a_66	update_halo_kernel4_plus_4_a
8754	0.000017623	123040	ops_par_loop_update_halo_kernel4_plus_2_a_67	update_halo_kernel4_plus_2_a
8755	0.000018505	123040	ops_par_loop_update_halo_kernel4_plus_4_b_68	update_halo_kernel4_plus_4_b
8756	0.000018164	123040	ops_par_loop_update_halo_kernel4_plus_2_b_69	update_halo_kernel4_plus_2_b
8757	0.000561416	591053440	ops_par_loop_advec_mom_kernel_y1_70	advec_mom_kernel_y1
8758	0.000190923	236236864	ops_par_loop_advec_mom_kernel_mass_flux_y_71	advec_mom_kernel_mass_flux_y
8759	0.000531179	590438520	ops_par_loop_advec_mom_kernel_post_pre_advec_y_72	advec_mom_kernel_post_pre_advec_y
8760	0.000876003	472258640	ops_par_loop_advec_mom_kernel1_y_nonvector_73	advec_mom_kernel1_y_nonvector
8761	0.000447390	590131240	ops_par_loop_advec_mom_kernel2_y_74	advec_mom_kernel2_y
8762	0.000560825	591053440	ops_par_loop_advec_mom_kernel_y1_75	advec_mom_kernel_y1
8763	0.000190521	236236864	ops_par_loop_advec_mom_kernel_mass_flux_y_76	advec_mom_kernel_mass_flux_y
8764	0.000533113	590438520	ops_par_loop_advec_mom_kernel_post_pre_advec_y_77	advec_mom_kernel_post_pre_advec_y
8765	0.000871294	472258640	ops_par_loop_advec_mom_kernel1_y_nonvector_78	advec_mom_kernel1_y_nonvector
8766	0.000451458	590131240	ops_par_loop_advec_mom_kernel2_y_79	advec_mom_kernel2_y
8767	0.000489620	472842752	ops_par_loop_advec_cell_kernel2_xdir_80	advec_cell_kernel2_xdir
8768	0.000772026	708203544	ops_par_loop_advec_cell_kernel3_xdir_81	advec_cell_kernel3_xdir
8769	0.001457578	1533542400	ops_par_loop_advec_cell_kernel4_xdir_82	advec_cell_kernel4_xdir
8770	0.000022502	553536	ops_par_loop_group_58	update_halo_kernel1_b2+update_halo_kernel4_minus_4_a
8771	0.000021060	553536	ops_par_loop_group_59	update_halo_kernel1_b1+update_halo_kernel4_minus_2_a
8772	0.000021220	369120	ops_par_loop_group_60	update_halo_kernel2_xvel_plus_4_a+update_halo_kernel2_yvel_minus_4_a+update_halo_kernel3_plus_4_a
8773	0.000021180	369120	ops_par_loop_group_61	update_halo_kernel2_xvel_plus_2_a+update_halo_kernel2_yvel_minus_2_a+update_halo_kernel3_plus_2_a
8774	0.000019156	246080	ops_par_loop_group_62	update_halo_kernel2_xvel_plus_4_b+update_halo_kernel2_yvel_minus_4_b
8775	0.000020489	369120	ops_par_loop_group_63	update_halo_kernel2_xvel_plus_2_b+update_halo_kernel2_yvel_minus_2_b+update_halo_kernel3_plus_4_b
8776	0.000021281	246080	ops_par_loop_group_64	update_halo_kernel2_xvel_minus_4_b+update_halo_kernel2_yvel_plus_4_b
8777	0.000020098	123040	ops_par_loop_update_halo_kernel3_plus_2_b_110	update_halo_kernel3_plus_2_b
8778	0.000019236	123008	ops_par_loop_update_halo_kernel3_minus_4_b_113	update_halo_kernel3_minus_4_b
8779	0.000017683	123008	ops_par_loop_update_halo_kernel4_minus_4_b_117	update_halo_kernel4_minus_4_b
8780	0.000020820	553536	ops_par_loop_group_68	update_halo_kernel1_t2+update_halo_kernel4_minus_2_b
8781	0.000020309	430528	ops_par_loop_update_halo_kernel1_t1_86	update_halo_kernel1_t1
8782	0.000025458	553536	ops_par_loop_group_70	update_halo_kernel1_l2+update_halo_kernel3_minus_4_a
8783	0.000022823	553536	ops_par_loop_group_71	update_halo_kernel1_l1+update_halo_kernel3_minus_2_a
8784	0.000024166	553536	ops_par_loop_group_72	update_halo_kernel1_r2+update_halo_kernel3_minus_2_b
8785	0.000021080	430528	ops_par_loop_update_halo_kernel1_r1_90	update_halo_kernel1_r1
8786	0.000027913	369120	ops_par_loop_group_74	update_halo_kernel2_xvel_minus_4_a+update_halo_kernel2_yvel_plus_4_a+update_halo_kernel4_plus_4_a
8787	0.000022132	369120	ops_par_loop_group_75	update_halo_kernel2_xvel_minus_2_a+update_halo_kernel2_yvel_plus_2_a+update_halo_kernel4_plus_2_a
8788	0.000022162	369120	ops_par_loop_group_76	update_halo_kernel2_xvel_minus_2_b+update_halo_kernel2_yvel_plus_2_b+update_halo_kernel4_plus_4_b
8789	0.000018144	123040	ops_par_loop_update_halo_kernel4_plus_2_b_122	update_halo_kernel4_plus_2_b
8790	0.001778527	1416561152	ops_par_loop_group_78	advec_mom_kernel_x2+reset_field_kernel1+ideal_gas_kernel
8791	0.000197726	236236864	ops_par_loop_advec_mom_kernel_mass_flux_x_124	advec_mom_kernel_mass_flux_x
8792	0.000576144	590438520	ops_par_loop_advec_mom_kernel_post_pre_advec_x_125	advec_mom_kernel_post_pre_advec_x
8793	0.000880803	472258640	ops_par_loop_advec_mom_kernel1_x_nonvector_126	advec_mom_kernel1_x_nonvector
8794	0.000445606	590131240	ops_par_loop_advec_mom_kernel2_x_127	advec_mom_kernel2_x
8795	0.000497444	472842752	ops_par_loop_advec_mom_kernel_x2_128	advec_mom_kernel_x2
8796	0.000194570	236236864	ops_par_loop_advec_mom_kernel_mass_flux_x_129	advec_mom_kernel_mass_flux_x
8797	0.000572097	590438520	ops_par_loop_advec_mom_kernel_post_pre_advec_x_130	advec_mom_kernel_post_pre_advec_x
8798	0.000882495	472258640	ops_par_loop_advec_mom_kernel1_x_nonvector_131	advec_mom_kernel1_x_nonvector
8799	0.000731079	1062236232	ops_par_loop_group_87	advec_mom_kernel2_x+reset_field_kernel2
8800	0.000021130	430304	ops_par_loop_update_halo_kernel1_b1_136	update_halo_kernel1_b1
8801	0.000019737	430304	ops_par_loop_update_halo_kernel1_t1_137	update_halo_kernel1_t1
8802	0.000023445	430304	ops_par_loop_update_halo_kernel1_l1_138	update_halo_kernel1_l1
8803	0.000025699	430304	ops_par_loop_update_halo_kernel1_r1_139	update_halo_kernel1_r1
8804	0.000019417	245952	ops_par_loop_group_92	update_halo_kernel2_xvel_plus_2_a+update_halo_kernel2_yvel_minus_2_a
8805	0.000019226	245952	ops_par_loop_group_93	update_halo_kernel2_xvel_plus_2_b+update_halo_kernel2_yvel_minus_2_b
8806	0.000021200	245952	ops_par_loop_group_94	update_halo_kernel2_xvel_minus_2_a+update_halo_kernel2_yvel_plus_2_a
8807	0.000020779	245952	ops_par_loop_group_95	update_halo_kernel2_xvel_minus_2_b+update_halo_kernel2_yvel_plus_2_b
8808	0.001728372	589885440	ops_par_loop_viscosity_kernel_148	viscosity_kernel
8809	0.000020830	430304	ops_par_loop_update_halo_kernel1_b1_149	update_halo_kernel1_b1
8810	0.000019637	430304	ops_par_loop_update_halo_kernel1_t1_150	update_halo_kernel1_t1
8811	0.000023715	430304	ops_par_loop_update_halo_kernel1_l1_151	update_halo_kernel1_l1
8812	0.000023394	430304	ops_par_loop_update_halo_kernel1_r1_152	update_halo_kernel1_r1
8813	0.000914376	1061744640	ops_par_loop_calc_dt_kernel_153	calc_dt_kernel
8814	1.072021165	1887436800	ops_par_loop_group_0	PdV_kernel_predict+ideal_gas_kernel
8815	0.000039294	430304	ops_par_loop_update_halo_kernel1_b1_2	update_halo_kernel1_b1
8816	0.000031460	430304	ops_par_loop_update_halo_kernel1_t1_3	update_halo_kernel1_t1
8817	0.000036740	430304	ops_par_loop_update_halo_kernel1_l1_4	update_halo_kernel1_l1
8818	0.000035267	430304	ops_par_loop_update_halo_kernel1_r1_5	update_halo_kernel1_r1
8819	0.001569391	1770147928	ops_par_loop_group_5	revert_kernel+accelerate_kernel
8820	0.001370573	1651507200	ops_par_loop_PdV_kernel_nopredict_8	PdV_kernel_nopredict
8821	0.000384350	471982080	ops_par_loop_flux_calc_kernelx_9	flux_calc_kernelx
8822	0.000370543	471982080	ops_par_loop_flux_calc_kernely_10	flux_calc_kernely
8823	0.000036760	553536	ops_par_loop_group_9	update_halo_kernel1_b2+update_halo_kernel4_minus_4_a
8824	0.000033003	553536	ops_par_loop_group_10	update_halo_kernel1_b1+update_halo_kernel4_minus_2_a
8825	0.000033574	369120	ops_par_loop_group_11	update_halo_kernel3_plus_4_a+update_halo_kernel2_xvel_plus_4_a+update_halo_kernel2_yvel_minus_4_a
8826	0.000032291	369120	ops_par_loop_group_12	update_halo_kernel3_plus_2_a+update_halo_kernel2_xvel_plus_2_a+update_halo_kernel2_yvel_minus_2_a
8827	0.000029907	123008	ops_par_loop_update_halo_kernel4_minus_4_b_29	update_halo_kernel4_minus_4_b
8828	0.000036740	553536	ops_par_loop_group_14	update_halo_kernel1_t2+update_halo_kernel4_minus_2_b
8829	0.000032972	430528	ops_par_loop_update_halo_kernel1_t1_14	update_halo_kernel1_t1
8830	0.000032151	246080	ops_par_loop_group_16	update_halo_kernel2_xvel_plus_4_b+update_halo_kernel2_yvel_minus_4_b
8831	0.000031170	369120	ops_par_loop_group_17	update_halo_kernel3_plus_4_b+update_halo_kernel2_xvel_plus_2_b+update_halo_kernel2_yvel_minus_2_b
8832	0.000031259	123040	ops_par_loop_update_halo_kernel3_plus_2_b_22	update_halo_kernel3_plus_2_b
8833	0.000037471	553536	ops_par_loop_group_19	update_halo_kernel1_l2+update_halo_kernel3_minus_4_a
8834	0.000034385	553536	ops_par_loop_group_20	update_halo_kernel1_l1+update_halo_kernel3_minus_2_a
8835	0.000030678	123008	ops_par_loop_update_halo_kernel3_minus_4_b_25	update_halo_kernel3_minus_4_b
8836	0.000288067	553536	ops_par_loop_group_22	update_halo_kernel1_r2+update_halo_kernel3_minus_2_b
8837	0.000037622	430528	ops_par_loop_update_halo_kernel1_r1_18	update_halo_kernel1_r1
8838	0.000035697	369120	ops_par_loop_group_24	update_halo_kernel4_plus_4_a+update_halo_kernel2_xvel_minus_4_a+update_halo_kernel2_yvel_plus_4_a
8839	0.000032752	369120	ops_par_loop_group_25	update_halo_kernel4_plus_2_a+update_halo_kernel2_xvel_minus_2_a+update_halo_kernel2_yvel_plus_2_a
8840	0.000032612	246080	ops_par_loop_group_26	update_halo_kernel2_xvel_minus_4_b+update_halo_kernel2_yvel_plus_4_b
8841	0.000034285	369120	ops_par_loop_group_27	update_halo_kernel4_plus_4_b+update_halo_kernel2_xvel_minus_2_b+update_halo_kernel2_yvel_plus_2_b
8842	0.000030999	123040	ops_par_loop_update_halo_kernel4_plus_2_b_34	update_halo_kernel4_plus_2_b
8843	0.000574801	591053440	ops_par_loop_advec_cell_kernel1_xdir_35	advec_cell_kernel1_xdir
8844	0.000804638	708203544	ops_par_loop_advec_cell_kernel3_xdir_36	advec_cell_kernel3_xdir
8845	0.001477315	1533542400	ops_par_loop_advec_cell_kernel4_xdir_37	advec_cell_kernel4_xdir
8846	0.000036770	430528	ops_par_loop_update_halo_kernel1_b2_38	update_halo_kernel1_b2
8847	0.000033824	430528	ops_par_loop_update_halo_kernel1_b1_39	update_halo_kernel1_b1
8848	0.000032071	430528	ops_par_loop_update_halo_kernel1_t2_40	update_halo_kernel1_t2
8849	0.000031460	430528	ops_par_loop_update_halo_kernel1_t1_41	update_halo_kernel1_t1
8850	0.000031510	123040	ops_par_loop_update_halo_kernel3_plus_4_a_62	update_halo_kernel3_plus_4_a
8851	0.000029967	123040	ops_par_loop_update_halo_kernel3_plus_2_a_63	update_halo_kernel3_plus_2_a
8852	0.000035747	123040	ops_par_loop_update_halo_kernel3_plus_4_b_64	update_halo_kernel3_plus_4_b
8853	0.000029967	123040	ops_par_loop_update_halo_kernel3_plus_2_b_65	update_halo_kernel3_plus_2_b
8854	0.000038643	553536	ops_par_loop_group_40	update_halo_kernel1_l2+update_halo_kernel3_minus_4_a
8855	0.000035096	553536	ops_par_loop_group_41	update_halo_kernel1_l1+update_halo_kernel3_minus_2_a
8856	0.000030007	123008	ops_par_loop_update_halo_kernel3_minus_4_b_68	update_halo_kernel3_minus_4_b
8857	0.000036739	553536	ops_par_loop_group_43	update_halo_kernel1_r2+update_halo_kernel3_minus_2_b
8858	0.000032972	430528	ops_par_loop_update_halo_kernel1_r1_45	update_halo_kernel1_r1
8859	0.000575253	591053440	ops_par_loop_advec_mom_kernel_x1_70	advec_mom_kernel_x1
8860	0.000207684	236236864	ops_par_loop_advec_mom_kernel_mass_flux_x_71	advec_mom_kernel_mass_flux_x
8861	0.000588909	590438520	ops_par_loop_advec_mom_kernel_post_pre_advec_x_72	advec_mom_kernel_post_pre_advec_x
8862	0.000896964	472258640	ops_par_loop_advec_mom_kernel1_x_nonvector_73	advec_mom_kernel1_x_nonvector
8863	0.000462328	590131240	ops_par_loop_advec_mom_kernel2_x_74	advec_mom_kernel2_x
8864	0.000577597	591053440	ops_par_loop_advec_mom_kernel_x1_75	advec_mom_kernel_x1
8865	0.000207213	236236864	ops_par_loop_advec_mom_kernel_mass_flux_x_76	advec_mom_kernel_mass_flux_x
8866	0.000588377	590438520	ops_par_loop_advec_mom_kernel_post_pre_advec_x_77	advec_mom_kernel_post_pre_advec_x
8867	0.000897093	472258640	ops_par_loop_advec_mom_kernel1_x_nonvector_78	advec_mom_kernel1_x_nonvector
8868	0.000458701	590131240	ops_par_loop_advec_mom_kernel2_x_79	advec_mom_kernel2_x
8869	0.000511321	472842752	ops_par_loop_advec_cell_kernel2_ydir_80	advec_cell_kernel2_ydir
8870	0.000819597	708203544	ops_par_loop_advec_cell_kernel3_ydir_81	advec_cell_kernel3_ydir
8871	0.001492134	1533542400	ops_par_loop_advec_cell_kernel4_ydir_82	advec_cell_kernel4_ydir
8872	0.000037240	553536	ops_par_loop_group_58	update_halo_kernel1_b2+update_halo_kernel4_minus_4_a
8873	0.000033745	553536	ops_par_loop_group_59	update_halo_kernel1_b1+update_halo_kernel4_minus_2_a
8874	0.000033453	369120	ops_par_loop_group_60	update_halo_kernel2_xvel_plus_4_a+update_halo_kernel2_yvel_minus_4_a+update_halo_kernel3_plus_4_a
8875	0.000032893	369120	ops_par_loop_group_61	update_halo_kernel2_xvel_plus_2_a+update_halo_kernel2_yvel_minus_2_a+update_halo_kernel3_plus_2_a
8876	0.000031470	246080	ops_par_loop_group_62	update_halo_kernel2_xvel_plus_4_b+update_halo_kernel2_yvel_minus_4_b
8877	0.000032041	369120	ops_par_loop_group_63	update_halo_kernel2_xvel_plus_2_b+update_halo_kernel2_yvel_minus_2_b+update_halo_kernel3_plus_4_b
8878	0.000033193	246080	ops_par_loop_group_64	update_halo_kernel2_xvel_minus_4_b+update_halo_kernel2_yvel_plus_4_b
8879	0.000038573	123040	ops_par_loop_update_halo_kernel3_plus_2_b_110	update_halo_kernel3_plus_2_b
8880	0.000030959	123008	ops_par_loop_update_halo_kernel3_minus_4_b_113	update_halo_kernel3_minus_4_b
8881	0.000029326	123008	ops_par_loop_update_halo_kernel4_minus_4_b_117	update_halo_kernel4_minus_4_b
8882	0.000033874	553536	ops_par_loop_group_68	update_halo_kernel1_t2+update_halo_kernel4_minus_2_b
8883	0.000032171	430528	ops_par_loop_update_halo_kernel1_t1_86	update_halo_kernel1_t1
8884	0.000039375	553536	ops_par_loop_group_70	update_halo_kernel1_l2+update_halo_kernel3_minus_4_a
8885	0.000035176	553536	ops_par_loop_group_71	update_halo_kernel1_l1+update_halo_kernel3_minus_2_a
8886	0.000036500	553536	ops_par_loop_group_72	update_halo_kernel1_r2+update_halo_kernel3_minus_2_b
8887	0.000034055	430528	ops_par_loop_update_halo_kernel1_r1_90	update_halo_kernel1_r1
8888	0.000035427	369120	ops_par_loop_group_74	update_halo_kernel2_xvel_minus_4_a+update_halo_kernel2_yvel_plus_4_a+update_halo_kernel4_plus_4_a
8889	0.000033775	369120	ops_par_loop_group_75	update_halo_kernel2_xvel_minus_2_a+update_halo_kernel2_yvel_plus_2_a+update_halo_kernel4_plus_2_a
8890	0.000034095	369120	ops_par_loop_group_76	update_halo_kernel2_xvel_minus_2_b+update_halo_kernel2_yvel_plus_2_b+update_halo_kernel4_plus_4_b
8891	0.000030679	123040	ops_par_loop_update_halo_kernel4_plus_2_b_122	update_halo_kernel4_plus_2_b
8892	0.001809426	1416561152	ops_par_loop_group_78	advec_mom_kernel_y2+reset_field_kernel1+ideal_gas_kernel
8893	0.000209418	236236864	ops_par_loop_advec_mom_kernel_mass_flux_y_124	advec_mom_kernel_mass_flux_y
8894	0.000546457	590438520	ops_par_loop_advec_mom_kernel_post_pre_advec_y_125	advec_mom_kernel_post_pre_advec_y
8895	0.000891272	472258640	ops_par_loop_advec_mom_kernel1_y_nonvector_126	advec_mom_kernel1_y_nonvector
8896	0.000466215	590131240	ops_par_loop_advec_mom_kernel2_y_127	advec_mom_kernel2_y
8897	0.000503767	472842752	ops_par_loop_advec_mom_kernel_y2_128	advec_mom_kernel_y2
8898	0.000210029	236236864	ops_par_loop_advec_mom_kernel_mass_flux_y_129	advec_mom_kernel_mass_flux_y
8899	0.000544734	590438520	ops_par_loop_advec_mom_kernel_post_pre_advec_y_130	advec_mom_kernel_post_pre_advec_y
8900	0.000885312	472258640	ops_par_loop_advec_mom_kernel1_y_nonvector_131	advec_mom_kernel1_y_nonvector
8901	0.000749954	1062236232	ops_par_loop_group_87	advec_mom_kernel2_y+reset_field_kernel2
