0	0.013888621	354693568	ops_par_loop_initialise_chunk_kernel_volume_0	initialise_chunk_kernel_volume
1	0.249919133	471859200	ops_par_loop_ideal_gas_kernel_0	ideal_gas_kernel
2	0.000116631	430528	ops_par_loop_update_halo_kernel1_b2_1	update_halo_kernel1_b2
3	0.000037121	430528	ops_par_loop_update_halo_kernel1_b1_2	update_halo_kernel1_b1
4	0.000034545	430528	ops_par_loop_update_halo_kernel1_t2_3	update_halo_kernel1_t2
5	0.000031419	430528	ops_par_loop_update_halo_kernel1_t1_4	update_halo_kernel1_t1
6	0.000036640	430528	ops_par_loop_update_halo_kernel1_l2_5	update_halo_kernel1_l2
7	0.000033734	430528	ops_par_loop_update_halo_kernel1_l1_6	update_halo_kernel1_l1
8	0.000034345	430528	ops_par_loop_update_halo_kernel1_r2_7	update_halo_kernel1_r2
9	0.000031560	430528	ops_par_loop_update_halo_kernel1_r1_8	update_halo_kernel1_r1
10	0.000113235	246080	ops_par_loop_group_9	update_halo_kernel2_xvel_plus_4_a+update_halo_kernel2_yvel_minus_4_a
11	0.000035307	246080	ops_par_loop_group_10	update_halo_kernel2_xvel_plus_2_a+update_halo_kernel2_yvel_minus_2_a
12	0.000030848	246080	ops_par_loop_group_11	update_halo_kernel2_xvel_plus_4_b+update_halo_kernel2_yvel_minus_4_b
13	0.000028785	246080	ops_par_loop_group_12	update_halo_kernel2_xvel_plus_2_b+update_halo_kernel2_yvel_minus_2_b
14	0.000034605	246080	ops_par_loop_group_13	update_halo_kernel2_xvel_minus_4_a+update_halo_kernel2_yvel_plus_4_a
15	0.000030218	246080	ops_par_loop_group_14	update_halo_kernel2_xvel_minus_2_a+update_halo_kernel2_yvel_plus_2_a
16	0.000030959	246080	ops_par_loop_group_15	update_halo_kernel2_xvel_minus_4_b+update_halo_kernel2_yvel_plus_4_b
17	0.000031680	246080	ops_par_loop_group_16	update_halo_kernel2_xvel_minus_2_b+update_halo_kernel2_yvel_plus_2_b
18	0.000471144	471859200	ops_par_loop_ideal_gas_kernel_25	ideal_gas_kernel
19	0.183737195	471859200	ops_par_loop_ideal_gas_kernel_0	ideal_gas_kernel
20	0.000035748	430304	ops_par_loop_update_halo_kernel1_b1_1	update_halo_kernel1_b1
21	0.000030388	430304	ops_par_loop_update_halo_kernel1_t1_2	update_halo_kernel1_t1
22	0.000042280	430304	ops_par_loop_update_halo_kernel1_l1_3	update_halo_kernel1_l1
23	0.000034015	430304	ops_par_loop_update_halo_kernel1_r1_4	update_halo_kernel1_r1
24	0.000029165	245952	ops_par_loop_group_5	update_halo_kernel2_xvel_plus_2_a+update_halo_kernel2_yvel_minus_2_a
25	0.000028023	245952	ops_par_loop_group_6	update_halo_kernel2_xvel_plus_2_b+update_halo_kernel2_yvel_minus_2_b
26	0.000030377	245952	ops_par_loop_group_7	update_halo_kernel2_xvel_minus_2_a+update_halo_kernel2_yvel_plus_2_a
27	0.000030057	245952	ops_par_loop_group_8	update_halo_kernel2_xvel_minus_2_b+update_halo_kernel2_yvel_plus_2_b
28	0.001758791	589885440	ops_par_loop_viscosity_kernel_13	viscosity_kernel
29	0.000032843	430304	ops_par_loop_update_halo_kernel1_b1_14	update_halo_kernel1_b1
30	0.000029767	430304	ops_par_loop_update_halo_kernel1_t1_15	update_halo_kernel1_t1
31	0.000032742	430304	ops_par_loop_update_halo_kernel1_l1_16	update_halo_kernel1_l1
32	0.000031850	430304	ops_par_loop_update_halo_kernel1_r1_17	update_halo_kernel1_r1
33	0.001011221	1061744640	ops_par_loop_calc_dt_kernel_18	calc_dt_kernel
34	1.249498249	1887436800	ops_par_loop_group_0	PdV_kernel_predict+ideal_gas_kernel
35	0.000040747	430304	ops_par_loop_update_halo_kernel1_b1_2	update_halo_kernel1_b1
36	0.000032332	430304	ops_par_loop_update_halo_kernel1_t1_3	update_halo_kernel1_t1
37	0.000037181	430304	ops_par_loop_update_halo_kernel1_l1_4	update_halo_kernel1_l1
38	0.000034295	430304	ops_par_loop_update_halo_kernel1_r1_5	update_halo_kernel1_r1
39	0.001573529	1770147928	ops_par_loop_group_5	revert_kernel+accelerate_kernel
40	0.001375853	1651507200	ops_par_loop_PdV_kernel_nopredict_8	PdV_kernel_nopredict
41	0.000454213	471982080	ops_par_loop_flux_calc_kernelx_9	flux_calc_kernelx
42	0.000447480	471982080	ops_par_loop_flux_calc_kernely_10	flux_calc_kernely
43	0.000111913	553536	ops_par_loop_group_9	update_halo_kernel1_b2+update_halo_kernel4_minus_4_a
44	0.000039445	553536	ops_par_loop_group_10	update_halo_kernel1_b1+update_halo_kernel4_minus_2_a
45	0.000108056	246080	ops_par_loop_group_11	update_halo_kernel3_plus_4_a+update_halo_kernel2_xvel_plus_4_a
46	0.000034265	246080	ops_par_loop_group_12	update_halo_kernel3_plus_2_a+update_halo_kernel2_xvel_plus_2_a
47	0.000033644	123008	ops_par_loop_update_halo_kernel4_minus_4_b_29	update_halo_kernel4_minus_4_b
48	0.000035758	553536	ops_par_loop_group_14	update_halo_kernel1_t2+update_halo_kernel4_minus_2_b
49	0.000034375	430528	ops_par_loop_update_halo_kernel1_t1_14	update_halo_kernel1_t1
50	0.000032421	246080	ops_par_loop_group_16	update_halo_kernel2_xvel_plus_4_b+update_halo_kernel2_yvel_minus_4_b
51	0.000038583	246080	ops_par_loop_group_17	update_halo_kernel3_plus_4_b+update_halo_kernel2_xvel_plus_2_b
52	0.000032612	123040	ops_par_loop_update_halo_kernel3_plus_2_b_22	update_halo_kernel3_plus_2_b
53	0.000041429	553536	ops_par_loop_group_19	update_halo_kernel1_l2+update_halo_kernel3_minus_4_a
54	0.000036500	553536	ops_par_loop_group_20	update_halo_kernel1_l1+update_halo_kernel3_minus_2_a
55	0.000030508	123008	ops_par_loop_update_halo_kernel3_minus_4_b_25	update_halo_kernel3_minus_4_b
56	0.000036750	553536	ops_par_loop_group_22	update_halo_kernel1_r2+update_halo_kernel3_minus_2_b
57	0.000033193	430528	ops_par_loop_update_halo_kernel1_r1_18	update_halo_kernel1_r1
58	0.000033033	246080	ops_par_loop_group_24	update_halo_kernel4_plus_4_a+update_halo_kernel2_xvel_minus_4_a
59	0.000031049	246080	ops_par_loop_group_25	update_halo_kernel4_plus_2_a+update_halo_kernel2_xvel_minus_2_a
60	0.000031940	123040	ops_par_loop_update_halo_kernel2_yvel_minus_4_a_54	update_halo_kernel2_yvel_minus_4_a
61	0.000029576	123040	ops_par_loop_update_halo_kernel2_yvel_minus_2_a_55	update_halo_kernel2_yvel_minus_2_a
62	0.000029146	123040	ops_par_loop_update_halo_kernel2_yvel_minus_2_b_57	update_halo_kernel2_yvel_minus_2_b
63	0.000032722	246080	ops_par_loop_group_29	update_halo_kernel2_xvel_minus_4_b+update_halo_kernel2_yvel_plus_4_b
64	0.000032722	246080	ops_par_loop_group_30	update_halo_kernel4_plus_4_b+update_halo_kernel2_xvel_minus_2_b
65	0.000028785	123040	ops_par_loop_update_halo_kernel4_plus_2_b_34	update_halo_kernel4_plus_2_b
66	0.000655165	591053440	ops_par_loop_advec_cell_kernel1_xdir_35	advec_cell_kernel1_xdir
67	0.000884100	708203544	ops_par_loop_advec_cell_kernel3_xdir_36	advec_cell_kernel3_xdir
68	0.001593287	1533542400	ops_par_loop_advec_cell_kernel4_xdir_37	advec_cell_kernel4_xdir
69	0.000042421	430528	ops_par_loop_update_halo_kernel1_b2_38	update_halo_kernel1_b2
70	0.000036970	430528	ops_par_loop_update_halo_kernel1_b1_39	update_halo_kernel1_b1
71	0.000033674	430528	ops_par_loop_update_halo_kernel1_t2_40	update_halo_kernel1_t2
72	0.000033834	430528	ops_par_loop_update_halo_kernel1_t1_41	update_halo_kernel1_t1
73	0.000034596	123040	ops_par_loop_update_halo_kernel3_plus_4_a_62	update_halo_kernel3_plus_4_a
74	0.000031079	123040	ops_par_loop_update_halo_kernel3_plus_2_a_63	update_halo_kernel3_plus_2_a
75	0.000030778	123040	ops_par_loop_update_halo_kernel3_plus_4_b_64	update_halo_kernel3_plus_4_b
76	0.000028965	123040	ops_par_loop_update_halo_kernel3_plus_2_b_65	update_halo_kernel3_plus_2_b
77	0.000041940	553536	ops_par_loop_group_43	update_halo_kernel1_l2+update_halo_kernel3_minus_4_a
78	0.000036339	553536	ops_par_loop_group_44	update_halo_kernel1_l1+update_halo_kernel3_minus_2_a
79	0.000031970	123008	ops_par_loop_update_halo_kernel3_minus_4_b_68	update_halo_kernel3_minus_4_b
80	0.000038012	553536	ops_par_loop_group_46	update_halo_kernel1_r2+update_halo_kernel3_minus_2_b
81	0.000034906	430528	ops_par_loop_update_halo_kernel1_r1_45	update_halo_kernel1_r1
82	0.000574371	591053440	ops_par_loop_advec_mom_kernel_x1_70	advec_mom_kernel_x1
83	0.000208276	236236864	ops_par_loop_advec_mom_kernel_mass_flux_x_71	advec_mom_kernel_mass_flux_x
84	0.000585062	590438520	ops_par_loop_advec_mom_kernel_post_pre_advec_x_72	advec_mom_kernel_post_pre_advec_x
85	0.000901302	472258640	ops_par_loop_advec_mom_kernel1_x_nonvector_73	advec_mom_kernel1_x_nonvector
86	0.000461868	590131240	ops_par_loop_advec_mom_kernel2_x_74	advec_mom_kernel2_x
87	0.000573860	591053440	ops_par_loop_advec_mom_kernel_x1_75	advec_mom_kernel_x1
88	0.000207735	236236864	ops_par_loop_advec_mom_kernel_mass_flux_x_76	advec_mom_kernel_mass_flux_x
89	0.000584981	590438520	ops_par_loop_advec_mom_kernel_post_pre_advec_x_77	advec_mom_kernel_post_pre_advec_x
90	0.000033223	246080	ops_par_loop_group_56	update_halo_kernel2_xvel_plus_4_a+update_halo_kernel3_plus_4_a
91	0.000030387	246080	ops_par_loop_group_57	update_halo_kernel2_xvel_plus_2_a+update_halo_kernel3_plus_2_a
92	0.000029456	123040	ops_par_loop_update_halo_kernel2_xvel_plus_4_b_93	update_halo_kernel2_xvel_plus_4_b
93	0.000032542	246080	ops_par_loop_group_59	update_halo_kernel2_xvel_plus_2_b+update_halo_kernel3_plus_4_b
94	0.000038513	246080	ops_par_loop_group_60	update_halo_kernel2_yvel_plus_4_a+update_halo_kernel2_xvel_minus_4_a
95	0.000031249	246080	ops_par_loop_group_61	update_halo_kernel2_yvel_plus_2_a+update_halo_kernel2_xvel_minus_2_a
96	0.000030468	123040	ops_par_loop_update_halo_kernel2_xvel_minus_4_b_97	update_halo_kernel2_xvel_minus_4_b
97	0.000032101	246080	ops_par_loop_group_63	update_halo_kernel2_yvel_plus_2_b+update_halo_kernel2_xvel_minus_2_b
98	0.000896132	472258640	ops_par_loop_advec_mom_kernel1_x_nonvector_78	advec_mom_kernel1_x_nonvector
99	0.000462268	590131240	ops_par_loop_advec_mom_kernel2_x_79	advec_mom_kernel2_x
100	0.000513285	472842752	ops_par_loop_advec_cell_kernel2_ydir_80	advec_cell_kernel2_ydir
101	0.000896673	708203544	ops_par_loop_advec_cell_kernel3_ydir_81	advec_cell_kernel3_ydir
102	0.001487356	1533542400	ops_par_loop_advec_cell_kernel4_ydir_82	advec_cell_kernel4_ydir
103	0.000039625	553536	ops_par_loop_group_69	update_halo_kernel1_b2+update_halo_kernel4_minus_4_a
104	0.000033764	553536	ops_par_loop_group_70	update_halo_kernel1_b1+update_halo_kernel4_minus_2_a
105	0.000032561	123040	ops_par_loop_update_halo_kernel2_yvel_minus_4_a_99	update_halo_kernel2_yvel_minus_4_a
106	0.000029256	123040	ops_par_loop_update_halo_kernel2_yvel_minus_2_a_100	update_halo_kernel2_yvel_minus_2_a
107	0.000029786	123040	ops_par_loop_update_halo_kernel2_yvel_minus_4_b_101	update_halo_kernel2_yvel_minus_4_b
108	0.000029997	123040	ops_par_loop_update_halo_kernel2_yvel_minus_2_b_102	update_halo_kernel2_yvel_minus_2_b
109	0.000031560	123040	ops_par_loop_update_halo_kernel2_yvel_plus_4_b_105	update_halo_kernel2_yvel_plus_4_b
110	0.000030007	123040	ops_par_loop_update_halo_kernel3_plus_2_b_110	update_halo_kernel3_plus_2_b
111	0.000030798	123008	ops_par_loop_update_halo_kernel3_minus_4_b_113	update_halo_kernel3_minus_4_b
112	0.000029105	123008	ops_par_loop_update_halo_kernel4_minus_4_b_117	update_halo_kernel4_minus_4_b
113	0.000032862	553536	ops_par_loop_group_79	update_halo_kernel1_t2+update_halo_kernel4_minus_2_b
114	0.000033334	430528	ops_par_loop_update_halo_kernel1_t1_86	update_halo_kernel1_t1
115	0.000038874	553536	ops_par_loop_group_81	update_halo_kernel1_l2+update_halo_kernel3_minus_4_a
116	0.000035438	553536	ops_par_loop_group_82	update_halo_kernel1_l1+update_halo_kernel3_minus_2_a
117	0.000036539	553536	ops_par_loop_group_83	update_halo_kernel1_r2+update_halo_kernel3_minus_2_b
118	0.000033874	430528	ops_par_loop_update_halo_kernel1_r1_90	update_halo_kernel1_r1
119	0.000032712	246080	ops_par_loop_group_85	update_halo_kernel2_yvel_plus_4_a+update_halo_kernel4_plus_4_a
120	0.000030959	246080	ops_par_loop_group_86	update_halo_kernel2_yvel_plus_2_a+update_halo_kernel4_plus_2_a
121	0.000031790	246080	ops_par_loop_group_87	update_halo_kernel2_yvel_plus_2_b+update_halo_kernel4_plus_4_b
122	0.000030007	123040	ops_par_loop_update_halo_kernel4_plus_2_b_122	update_halo_kernel4_plus_2_b
123	0.001209097	944701952	ops_par_loop_group_89	advec_mom_kernel_y2+reset_field_kernel1
124	0.000760344	708096064	ops_par_loop_group_90	advec_mom_kernel_mass_flux_y+ideal_gas_kernel
125	0.000544344	590438520	ops_par_loop_advec_mom_kernel_post_pre_advec_y_125	advec_mom_kernel_post_pre_advec_y
126	0.000896022	472258640	ops_par_loop_advec_mom_kernel1_y_nonvector_126	advec_mom_kernel1_y_nonvector
127	0.000464111	590131240	ops_par_loop_advec_mom_kernel2_y_127	advec_mom_kernel2_y
128	0.000500982	472842752	ops_par_loop_advec_mom_kernel_y2_128	advec_mom_kernel_y2
129	0.000207815	236236864	ops_par_loop_advec_mom_kernel_mass_flux_y_129	advec_mom_kernel_mass_flux_y
130	0.000548842	590438520	ops_par_loop_advec_mom_kernel_post_pre_advec_y_130	advec_mom_kernel_post_pre_advec_y
131	0.000895120	472258640	ops_par_loop_advec_mom_kernel1_y_nonvector_131	advec_mom_kernel1_y_nonvector
132	0.000750957	1062236232	ops_par_loop_group_98	advec_mom_kernel2_y+reset_field_kernel2
133	0.000036870	430304	ops_par_loop_update_halo_kernel1_b1_136	update_halo_kernel1_b1
134	0.000033253	430304	ops_par_loop_update_halo_kernel1_t1_137	update_halo_kernel1_t1
135	0.000037611	430304	ops_par_loop_update_halo_kernel1_l1_138	update_halo_kernel1_l1
136	0.000036649	430304	ops_par_loop_update_halo_kernel1_r1_139	update_halo_kernel1_r1
137	0.000033744	245952	ops_par_loop_group_103	update_halo_kernel2_xvel_plus_2_a+update_halo_kernel2_yvel_minus_2_a
138	0.000031610	245952	ops_par_loop_group_104	update_halo_kernel2_xvel_plus_2_b+update_halo_kernel2_yvel_minus_2_b
139	0.000034826	245952	ops_par_loop_group_105	update_halo_kernel2_xvel_minus_2_a+update_halo_kernel2_yvel_plus_2_a
140	0.000032882	245952	ops_par_loop_group_106	update_halo_kernel2_xvel_minus_2_b+update_halo_kernel2_yvel_plus_2_b
141	0.001765062	589885440	ops_par_loop_viscosity_kernel_148	viscosity_kernel
142	0.000036069	430304	ops_par_loop_update_halo_kernel1_b1_149	update_halo_kernel1_b1
143	0.000033865	430304	ops_par_loop_update_halo_kernel1_t1_150	update_halo_kernel1_t1
144	0.000037632	430304	ops_par_loop_update_halo_kernel1_l1_151	update_halo_kernel1_l1
145	0.000035337	430304	ops_par_loop_update_halo_kernel1_r1_152	update_halo_kernel1_r1
146	0.000937200	1061744640	ops_par_loop_calc_dt_kernel_153	calc_dt_kernel
147	1.222766187	1887436800	ops_par_loop_group_0	PdV_kernel_predict+ideal_gas_kernel
148	0.000039906	430304	ops_par_loop_update_halo_kernel1_b1_2	update_halo_kernel1_b1
149	0.000032442	430304	ops_par_loop_update_halo_kernel1_t1_3	update_halo_kernel1_t1
150	0.000036089	430304	ops_par_loop_update_halo_kernel1_l1_4	update_halo_kernel1_l1
151	0.000035607	430304	ops_par_loop_update_halo_kernel1_r1_5	update_halo_kernel1_r1
152	0.001569721	1770147928	ops_par_loop_group_5	revert_kernel+accelerate_kernel
153	0.001374571	1651507200	ops_par_loop_PdV_kernel_nopredict_8	PdV_kernel_nopredict
154	0.000376345	471982080	ops_par_loop_flux_calc_kernelx_9	flux_calc_kernelx
155	0.000373399	471982080	ops_par_loop_flux_calc_kernely_10	flux_calc_kernely
156	0.000039014	553536	ops_par_loop_group_9	update_halo_kernel1_b2+update_halo_kernel4_minus_4_a
157	0.000034225	553536	ops_par_loop_group_10	update_halo_kernel1_b1+update_halo_kernel4_minus_2_a
158	0.000032041	246080	ops_par_loop_group_11	update_halo_kernel3_plus_4_a+update_halo_kernel2_xvel_plus_4_a
159	0.000031600	246080	ops_par_loop_group_12	update_halo_kernel3_plus_2_a+update_halo_kernel2_xvel_plus_2_a
160	0.000031409	123008	ops_par_loop_update_halo_kernel4_minus_4_b_29	update_halo_kernel4_minus_4_b
161	0.000034726	553536	ops_par_loop_group_14	update_halo_kernel1_t2+update_halo_kernel4_minus_2_b
162	0.000032743	430528	ops_par_loop_update_halo_kernel1_t1_14	update_halo_kernel1_t1
163	0.000032271	246080	ops_par_loop_group_16	update_halo_kernel2_xvel_plus_4_b+update_halo_kernel2_yvel_minus_4_b
164	0.000031339	246080	ops_par_loop_group_17	update_halo_kernel3_plus_4_b+update_halo_kernel2_xvel_plus_2_b
165	0.000031320	123040	ops_par_loop_update_halo_kernel3_plus_2_b_22	update_halo_kernel3_plus_2_b
166	0.000046729	553536	ops_par_loop_group_19	update_halo_kernel1_l2+update_halo_kernel3_minus_4_a
167	0.000039114	553536	ops_par_loop_group_20	update_halo_kernel1_l1+update_halo_kernel3_minus_2_a
168	0.000030879	123008	ops_par_loop_update_halo_kernel3_minus_4_b_25	update_halo_kernel3_minus_4_b
169	0.000037832	553536	ops_par_loop_group_22	update_halo_kernel1_r2+update_halo_kernel3_minus_2_b
170	0.000034726	430528	ops_par_loop_update_halo_kernel1_r1_18	update_halo_kernel1_r1
171	0.000033844	246080	ops_par_loop_group_24	update_halo_kernel4_plus_4_a+update_halo_kernel2_xvel_minus_4_a
172	0.000031540	246080	ops_par_loop_group_25	update_halo_kernel4_plus_2_a+update_halo_kernel2_xvel_minus_2_a
173	0.000032131	123040	ops_par_loop_update_halo_kernel2_yvel_minus_4_a_54	update_halo_kernel2_yvel_minus_4_a
174	0.000029977	123040	ops_par_loop_update_halo_kernel2_yvel_minus_2_a_55	update_halo_kernel2_yvel_minus_2_a
175	0.000028925	123040	ops_par_loop_update_halo_kernel2_yvel_minus_2_b_57	update_halo_kernel2_yvel_minus_2_b
176	0.000031931	246080	ops_par_loop_group_29	update_halo_kernel2_xvel_minus_4_b+update_halo_kernel2_yvel_plus_4_b
177	0.000033544	246080	ops_par_loop_group_30	update_halo_kernel4_plus_4_b+update_halo_kernel2_xvel_minus_2_b
178	0.000029676	123040	ops_par_loop_update_halo_kernel4_plus_2_b_34	update_halo_kernel4_plus_2_b
179	0.000575212	591053440	ops_par_loop_advec_cell_kernel1_ydir_35	advec_cell_kernel1_ydir
180	0.000819537	708203544	ops_par_loop_advec_cell_kernel3_ydir_36	advec_cell_kernel3_ydir
181	0.001494188	1533542400	ops_par_loop_advec_cell_kernel4_ydir_37	advec_cell_kernel4_ydir
182	0.000038373	553536	ops_par_loop_group_35	update_halo_kernel1_b2+update_halo_kernel4_minus_4_a
183	0.000035418	553536	ops_par_loop_group_36	update_halo_kernel1_b1+update_halo_kernel4_minus_2_a
184	0.000033093	123008	ops_par_loop_update_halo_kernel4_minus_4_b_64	update_halo_kernel4_minus_4_b
185	0.000036680	553536	ops_par_loop_group_38	update_halo_kernel1_t2+update_halo_kernel4_minus_2_b
186	0.000038052	430528	ops_par_loop_update_halo_kernel1_t1_41	update_halo_kernel1_t1
187	0.000040447	430528	ops_par_loop_update_halo_kernel1_l2_42	update_halo_kernel1_l2
188	0.000039605	430528	ops_par_loop_update_halo_kernel1_l1_43	update_halo_kernel1_l1
189	0.000038433	430528	ops_par_loop_update_halo_kernel1_r2_44	update_halo_kernel1_r2
190	0.000037822	430528	ops_par_loop_update_halo_kernel1_r1_45	update_halo_kernel1_r1
191	0.000036990	246080	ops_par_loop_group_44	update_halo_kernel2_yvel_plus_4_a+update_halo_kernel4_plus_4_a
192	0.000032963	246080	ops_par_loop_group_45	update_halo_kernel2_yvel_plus_2_a+update_halo_kernel4_plus_2_a
193	0.000041209	246080	ops_par_loop_group_46	update_halo_kernel2_yvel_plus_2_b+update_halo_kernel4_plus_4_b
194	0.000033404	123040	ops_par_loop_update_halo_kernel4_plus_2_b_69	update_halo_kernel4_plus_2_b
195	0.000573459	591053440	ops_par_loop_advec_mom_kernel_y1_70	advec_mom_kernel_y1
196	0.000207153	236236864	ops_par_loop_advec_mom_kernel_mass_flux_y_71	advec_mom_kernel_mass_flux_y
197	0.000546057	590438520	ops_par_loop_advec_mom_kernel_post_pre_advec_y_72	advec_mom_kernel_post_pre_advec_y
198	0.000896072	472258640	ops_par_loop_advec_mom_kernel1_y_nonvector_73	advec_mom_kernel1_y_nonvector
199	0.000466406	590131240	ops_par_loop_advec_mom_kernel2_y_74	advec_mom_kernel2_y
200	0.000575483	591053440	ops_par_loop_advec_mom_kernel_y1_75	advec_mom_kernel_y1
201	0.000206302	236236864	ops_par_loop_advec_mom_kernel_mass_flux_y_76	advec_mom_kernel_mass_flux_y
202	0.000546979	590438520	ops_par_loop_advec_mom_kernel_post_pre_advec_y_77	advec_mom_kernel_post_pre_advec_y
203	0.000893847	472258640	ops_par_loop_advec_mom_kernel1_y_nonvector_78	advec_mom_kernel1_y_nonvector
204	0.000461597	590131240	ops_par_loop_advec_mom_kernel2_y_79	advec_mom_kernel2_y
205	0.000504989	472842752	ops_par_loop_advec_cell_kernel2_xdir_80	advec_cell_kernel2_xdir
206	0.000804498	708203544	ops_par_loop_advec_cell_kernel3_xdir_81	advec_cell_kernel3_xdir
207	0.001477987	1533542400	ops_par_loop_advec_cell_kernel4_xdir_82	advec_cell_kernel4_xdir
208	0.000037702	553536	ops_par_loop_group_61	update_halo_kernel1_b2+update_halo_kernel4_minus_4_a
209	0.000035537	553536	ops_par_loop_group_62	update_halo_kernel1_b1+update_halo_kernel4_minus_2_a
210	0.000033453	246080	ops_par_loop_group_63	update_halo_kernel2_xvel_plus_4_a+update_halo_kernel2_yvel_minus_4_a
211	0.000036068	246080	ops_par_loop_group_64	update_halo_kernel2_xvel_plus_2_a+update_halo_kernel2_yvel_minus_2_a
212	0.000032622	246080	ops_par_loop_group_65	update_halo_kernel2_xvel_plus_4_b+update_halo_kernel2_yvel_minus_4_b
213	0.000031179	246080	ops_par_loop_group_66	update_halo_kernel2_xvel_plus_2_b+update_halo_kernel2_yvel_minus_2_b
214	0.000035277	246080	ops_par_loop_group_67	update_halo_kernel2_xvel_minus_4_a+update_halo_kernel2_yvel_plus_4_a
215	0.000034585	246080	ops_par_loop_group_68	update_halo_kernel2_xvel_minus_2_a+update_halo_kernel2_yvel_plus_2_a
216	0.000033674	246080	ops_par_loop_group_69	update_halo_kernel2_xvel_minus_4_b+update_halo_kernel2_yvel_plus_4_b
217	0.000031610	246080	ops_par_loop_group_70	update_halo_kernel2_xvel_minus_2_b+update_halo_kernel2_yvel_plus_2_b
218	0.000032903	123040	ops_par_loop_update_halo_kernel3_plus_4_a_107	update_halo_kernel3_plus_4_a
219	0.000030518	123040	ops_par_loop_update_halo_kernel3_plus_2_a_108	update_halo_kernel3_plus_2_a
220	0.000030127	123040	ops_par_loop_update_halo_kernel3_plus_4_b_109	update_halo_kernel3_plus_4_b
221	0.000029346	123040	ops_par_loop_update_halo_kernel3_plus_2_b_110	update_halo_kernel3_plus_2_b
222	0.000031099	123008	ops_par_loop_update_halo_kernel3_minus_4_b_113	update_halo_kernel3_minus_4_b
223	0.000029586	123008	ops_par_loop_update_halo_kernel4_minus_4_b_117	update_halo_kernel4_minus_4_b
224	0.000035908	553536	ops_par_loop_group_77	update_halo_kernel1_t2+update_halo_kernel4_minus_2_b
225	0.000033283	430528	ops_par_loop_update_halo_kernel1_t1_86	update_halo_kernel1_t1
226	0.000040126	553536	ops_par_loop_group_79	update_halo_kernel1_l2+update_halo_kernel3_minus_4_a
227	0.000037602	553536	ops_par_loop_group_80	update_halo_kernel1_l1+update_halo_kernel3_minus_2_a
228	0.000038844	553536	ops_par_loop_group_81	update_halo_kernel1_r2+update_halo_kernel3_minus_2_b
229	0.000034646	430528	ops_par_loop_update_halo_kernel1_r1_90	update_halo_kernel1_r1
230	0.000031370	123040	ops_par_loop_update_halo_kernel4_plus_4_a_119	update_halo_kernel4_plus_4_a
231	0.000029897	123040	ops_par_loop_update_halo_kernel4_plus_2_a_120	update_halo_kernel4_plus_2_a
232	0.000030738	123040	ops_par_loop_update_halo_kernel4_plus_4_b_121	update_halo_kernel4_plus_4_b
233	0.000029105	123040	ops_par_loop_update_halo_kernel4_plus_2_b_122	update_halo_kernel4_plus_2_b
234	0.001215599	944701952	ops_par_loop_group_87	advec_mom_kernel_x2+reset_field_kernel1
235	0.000826230	708096064	ops_par_loop_group_88	advec_mom_kernel_mass_flux_x+ideal_gas_kernel
236	0.000592395	590438520	ops_par_loop_advec_mom_kernel_post_pre_advec_x_125	advec_mom_kernel_post_pre_advec_x
237	0.000901873	472258640	ops_par_loop_advec_mom_kernel1_x_nonvector_126	advec_mom_kernel1_x_nonvector
238	0.000467768	590131240	ops_par_loop_advec_mom_kernel2_x_127	advec_mom_kernel2_x
239	0.000513305	472842752	ops_par_loop_advec_mom_kernel_x2_128	advec_mom_kernel_x2
240	0.000209157	236236864	ops_par_loop_advec_mom_kernel_mass_flux_x_129	advec_mom_kernel_mass_flux_x
241	0.000588027	590438520	ops_par_loop_advec_mom_kernel_post_pre_advec_x_130	advec_mom_kernel_post_pre_advec_x
242	0.000899338	472258640	ops_par_loop_advec_mom_kernel1_x_nonvector_131	advec_mom_kernel1_x_nonvector
243	0.000751037	1062236232	ops_par_loop_group_96	advec_mom_kernel2_x+reset_field_kernel2
244	0.000035958	430304	ops_par_loop_update_halo_kernel1_b1_136	update_halo_kernel1_b1
245	0.000032452	430304	ops_par_loop_update_halo_kernel1_t1_137	update_halo_kernel1_t1
246	0.000037571	430304	ops_par_loop_update_halo_kernel1_l1_138	update_halo_kernel1_l1
247	0.000037371	430304	ops_par_loop_update_halo_kernel1_r1_139	update_halo_kernel1_r1
248	0.000033042	245952	ops_par_loop_group_101	update_halo_kernel2_xvel_plus_2_a+update_halo_kernel2_yvel_minus_2_a
249	0.000031369	245952	ops_par_loop_group_102	update_halo_kernel2_xvel_plus_2_b+update_halo_kernel2_yvel_minus_2_b
250	0.000033885	245952	ops_par_loop_group_103	update_halo_kernel2_xvel_minus_2_a+update_halo_kernel2_yvel_plus_2_a
251	0.000033324	245952	ops_par_loop_group_104	update_halo_kernel2_xvel_minus_2_b+update_halo_kernel2_yvel_plus_2_b
252	0.001767107	589885440	ops_par_loop_viscosity_kernel_148	viscosity_kernel
253	0.000036419	430304	ops_par_loop_update_halo_kernel1_b1_149	update_halo_kernel1_b1
254	0.000032191	430304	ops_par_loop_update_halo_kernel1_t1_150	update_halo_kernel1_t1
255	0.000038242	430304	ops_par_loop_update_halo_kernel1_l1_151	update_halo_kernel1_l1
256	0.000036389	430304	ops_par_loop_update_halo_kernel1_r1_152	update_halo_kernel1_r1
257	0.000936388	1061744640	ops_par_loop_calc_dt_kernel_153	calc_dt_kernel
258	0.001487125	1887436800	ops_par_loop_group_0	PdV_kernel_predict+ideal_gas_kernel
259	0.000023484	430304	ops_par_loop_update_halo_kernel1_b1_2	update_halo_kernel1_b1
260	0.000020649	430304	ops_par_loop_update_halo_kernel1_t1_3	update_halo_kernel1_t1
261	0.000023966	430304	ops_par_loop_update_halo_kernel1_l1_4	update_halo_kernel1_l1
262	0.000023274	430304	ops_par_loop_update_halo_kernel1_r1_5	update_halo_kernel1_r1
263	0.001556776	1770147928	ops_par_loop_group_5	revert_kernel+accelerate_kernel
264	0.001357598	1651507200	ops_par_loop_PdV_kernel_nopredict_8	PdV_kernel_nopredict
265	0.000361226	471982080	ops_par_loop_flux_calc_kernelx_9	flux_calc_kernelx
266	0.000359673	471982080	ops_par_loop_flux_calc_kernely_10	flux_calc_kernely
267	0.000022322	553536	ops_par_loop_group_9	update_halo_kernel1_b2+update_halo_kernel4_minus_4_a
268	0.000020840	553536	ops_par_loop_group_10	update_halo_kernel1_b1+update_halo_kernel4_minus_2_a
269	0.000020429	246080	ops_par_loop_group_11	update_halo_kernel3_plus_4_a+update_halo_kernel2_xvel_plus_4_a
270	0.000018786	246080	ops_par_loop_group_12	update_halo_kernel3_plus_2_a+update_halo_kernel2_xvel_plus_2_a
271	0.000018916	123008	ops_par_loop_update_halo_kernel4_minus_4_b_29	update_halo_kernel4_minus_4_b
272	0.000021170	553536	ops_par_loop_group_14	update_halo_kernel1_t2+update_halo_kernel4_minus_2_b
273	0.000020198	430528	ops_par_loop_update_halo_kernel1_t1_14	update_halo_kernel1_t1
274	0.000019697	246080	ops_par_loop_group_16	update_halo_kernel2_xvel_plus_4_b+update_halo_kernel2_yvel_minus_4_b
275	0.000019517	246080	ops_par_loop_group_17	update_halo_kernel3_plus_4_b+update_halo_kernel2_xvel_plus_2_b
276	0.000018636	123040	ops_par_loop_update_halo_kernel3_plus_2_b_22	update_halo_kernel3_plus_2_b
277	0.000026220	553536	ops_par_loop_group_19	update_halo_kernel1_l2+update_halo_kernel3_minus_4_a
278	0.000023785	553536	ops_par_loop_group_20	update_halo_kernel1_l1+update_halo_kernel3_minus_2_a
279	0.000021160	123008	ops_par_loop_update_halo_kernel3_minus_4_b_25	update_halo_kernel3_minus_4_b
280	0.000026210	553536	ops_par_loop_group_22	update_halo_kernel1_r2+update_halo_kernel3_minus_2_b
281	0.000021561	430528	ops_par_loop_update_halo_kernel1_r1_18	update_halo_kernel1_r1
282	0.000020970	246080	ops_par_loop_group_24	update_halo_kernel4_plus_4_a+update_halo_kernel2_xvel_minus_4_a
283	0.000021470	246080	ops_par_loop_group_25	update_halo_kernel4_plus_2_a+update_halo_kernel2_xvel_minus_2_a
284	0.000020379	123040	ops_par_loop_update_halo_kernel2_yvel_minus_4_a_54	update_halo_kernel2_yvel_minus_4_a
285	0.000018595	123040	ops_par_loop_update_halo_kernel2_yvel_minus_2_a_55	update_halo_kernel2_yvel_minus_2_a
286	0.000020489	123040	ops_par_loop_update_halo_kernel2_yvel_minus_2_b_57	update_halo_kernel2_yvel_minus_2_b
287	0.000021141	246080	ops_par_loop_group_29	update_halo_kernel2_xvel_minus_4_b+update_halo_kernel2_yvel_plus_4_b
288	0.000020469	246080	ops_par_loop_group_30	update_halo_kernel4_plus_4_b+update_halo_kernel2_xvel_minus_2_b
289	0.000019808	123040	ops_par_loop_update_halo_kernel4_plus_2_b_34	update_halo_kernel4_plus_2_b
290	0.000564913	591053440	ops_par_loop_advec_cell_kernel1_xdir_35	advec_cell_kernel1_xdir
291	0.000774281	708203544	ops_par_loop_advec_cell_kernel3_xdir_36	advec_cell_kernel3_xdir
292	0.001458340	1533542400	ops_par_loop_advec_cell_kernel4_xdir_37	advec_cell_kernel4_xdir
293	0.000022753	430528	ops_par_loop_update_halo_kernel1_b2_38	update_halo_kernel1_b2
294	0.000021210	430528	ops_par_loop_update_halo_kernel1_b1_39	update_halo_kernel1_b1
295	0.000020368	430528	ops_par_loop_update_halo_kernel1_t2_40	update_halo_kernel1_t2
296	0.000020919	430528	ops_par_loop_update_halo_kernel1_t1_41	update_halo_kernel1_t1
297	0.000019197	123040	ops_par_loop_update_halo_kernel3_plus_4_a_62	update_halo_kernel3_plus_4_a
298	0.000019938	123040	ops_par_loop_update_halo_kernel3_plus_2_a_63	update_halo_kernel3_plus_2_a
299	0.000018816	123040	ops_par_loop_update_halo_kernel3_plus_4_b_64	update_halo_kernel3_plus_4_b
300	0.000018776	123040	ops_par_loop_update_halo_kernel3_plus_2_b_65	update_halo_kernel3_plus_2_b
301	0.000027012	553536	ops_par_loop_group_43	update_halo_kernel1_l2+update_halo_kernel3_minus_4_a
302	0.000023876	553536	ops_par_loop_group_44	update_halo_kernel1_l1+update_halo_kernel3_minus_2_a
303	0.000020098	123008	ops_par_loop_update_halo_kernel3_minus_4_b_68	update_halo_kernel3_minus_4_b
304	0.000025218	553536	ops_par_loop_group_46	update_halo_kernel1_r2+update_halo_kernel3_minus_2_b
305	0.000021862	430528	ops_par_loop_update_halo_kernel1_r1_45	update_halo_kernel1_r1
306	0.000640206	591053440	ops_par_loop_advec_mom_kernel_x1_70	advec_mom_kernel_x1
307	0.000193708	236236864	ops_par_loop_advec_mom_kernel_mass_flux_x_71	advec_mom_kernel_mass_flux_x
308	0.000572858	590438520	ops_par_loop_advec_mom_kernel_post_pre_advec_x_72	advec_mom_kernel_post_pre_advec_x
309	0.000885201	472258640	ops_par_loop_advec_mom_kernel1_x_nonvector_73	advec_mom_kernel1_x_nonvector
310	0.000446368	590131240	ops_par_loop_advec_mom_kernel2_x_74	advec_mom_kernel2_x
311	0.000562749	591053440	ops_par_loop_advec_mom_kernel_x1_75	advec_mom_kernel_x1
312	0.000194780	236236864	ops_par_loop_advec_mom_kernel_mass_flux_x_76	advec_mom_kernel_mass_flux_x
313	0.000575884	590438520	ops_par_loop_advec_mom_kernel_post_pre_advec_x_77	advec_mom_kernel_post_pre_advec_x
314	0.000021130	246080	ops_par_loop_group_56	update_halo_kernel2_xvel_plus_4_a+update_halo_kernel3_plus_4_a
315	0.000019036	246080	ops_par_loop_group_57	update_halo_kernel2_xvel_plus_2_a+update_halo_kernel3_plus_2_a
316	0.000018335	123040	ops_par_loop_update_halo_kernel2_xvel_plus_4_b_93	update_halo_kernel2_xvel_plus_4_b
317	0.000020108	246080	ops_par_loop_group_59	update_halo_kernel2_xvel_plus_2_b+update_halo_kernel3_plus_4_b
318	0.000021762	246080	ops_par_loop_group_60	update_halo_kernel2_yvel_plus_4_a+update_halo_kernel2_xvel_minus_4_a
319	0.000020078	246080	ops_par_loop_group_61	update_halo_kernel2_yvel_plus_2_a+update_halo_kernel2_xvel_minus_2_a
320	0.000019617	123040	ops_par_loop_update_halo_kernel2_xvel_minus_4_b_97	update_halo_kernel2_xvel_minus_4_b
321	0.000021421	246080	ops_par_loop_group_63	update_halo_kernel2_yvel_plus_2_b+update_halo_kernel2_xvel_minus_2_b
322	0.000882826	472258640	ops_par_loop_advec_mom_kernel1_x_nonvector_78	advec_mom_kernel1_x_nonvector
323	0.000446698	590131240	ops_par_loop_advec_mom_kernel2_x_79	advec_mom_kernel2_x
324	0.000499329	472842752	ops_par_loop_advec_cell_kernel2_ydir_80	advec_cell_kernel2_ydir
325	0.000790502	708203544	ops_par_loop_advec_cell_kernel3_ydir_81	advec_cell_kernel3_ydir
326	0.001471765	1533542400	ops_par_loop_advec_cell_kernel4_ydir_82	advec_cell_kernel4_ydir
327	0.000024757	553536	ops_par_loop_group_69	update_halo_kernel1_b2+update_halo_kernel4_minus_4_a
328	0.000022473	553536	ops_par_loop_group_70	update_halo_kernel1_b1+update_halo_kernel4_minus_2_a
329	0.000019397	123040	ops_par_loop_update_halo_kernel2_yvel_minus_4_a_99	update_halo_kernel2_yvel_minus_4_a
330	0.000018024	123040	ops_par_loop_update_halo_kernel2_yvel_minus_2_a_100	update_halo_kernel2_yvel_minus_2_a
331	0.000017934	123040	ops_par_loop_update_halo_kernel2_yvel_minus_4_b_101	update_halo_kernel2_yvel_minus_4_b
332	0.000018195	123040	ops_par_loop_update_halo_kernel2_yvel_minus_2_b_102	update_halo_kernel2_yvel_minus_2_b
333	0.000019096	123040	ops_par_loop_update_halo_kernel2_yvel_plus_4_b_105	update_halo_kernel2_yvel_plus_4_b
334	0.000019237	123040	ops_par_loop_update_halo_kernel3_plus_2_b_110	update_halo_kernel3_plus_2_b
335	0.000019938	123008	ops_par_loop_update_halo_kernel3_minus_4_b_113	update_halo_kernel3_minus_4_b
336	0.000017834	123008	ops_par_loop_update_halo_kernel4_minus_4_b_117	update_halo_kernel4_minus_4_b
337	0.000022413	553536	ops_par_loop_group_79	update_halo_kernel1_t2+update_halo_kernel4_minus_2_b
338	0.000020289	430528	ops_par_loop_update_halo_kernel1_t1_86	update_halo_kernel1_t1
339	0.000027603	553536	ops_par_loop_group_81	update_halo_kernel1_l2+update_halo_kernel3_minus_4_a
340	0.000023354	553536	ops_par_loop_group_82	update_halo_kernel1_l1+update_halo_kernel3_minus_2_a
341	0.000025699	553536	ops_par_loop_group_83	update_halo_kernel1_r2+update_halo_kernel3_minus_2_b
342	0.000021391	430528	ops_par_loop_update_halo_kernel1_r1_90	update_halo_kernel1_r1
343	0.000021972	246080	ops_par_loop_group_85	update_halo_kernel2_yvel_plus_4_a+update_halo_kernel4_plus_4_a
344	0.000020008	246080	ops_par_loop_group_86	update_halo_kernel2_yvel_plus_2_a+update_halo_kernel4_plus_2_a
345	0.000020018	246080	ops_par_loop_group_87	update_halo_kernel2_yvel_plus_2_b+update_halo_kernel4_plus_4_b
346	0.000019057	123040	ops_par_loop_update_halo_kernel4_plus_2_b_122	update_halo_kernel4_plus_2_b
347	0.001195851	944701952	ops_par_loop_group_89	advec_mom_kernel_y2+reset_field_kernel1
348	0.000737420	708096064	ops_par_loop_group_90	advec_mom_kernel_mass_flux_y+ideal_gas_kernel
349	0.000532441	590438520	ops_par_loop_advec_mom_kernel_post_pre_advec_y_125	advec_mom_kernel_post_pre_advec_y
350	0.000879891	472258640	ops_par_loop_advec_mom_kernel1_y_nonvector_126	advec_mom_kernel1_y_nonvector
351	0.000446789	590131240	ops_par_loop_advec_mom_kernel2_y_127	advec_mom_kernel2_y
352	0.000490592	472842752	ops_par_loop_advec_mom_kernel_y2_128	advec_mom_kernel_y2
353	0.000192395	236236864	ops_par_loop_advec_mom_kernel_mass_flux_y_129	advec_mom_kernel_mass_flux_y
354	0.000534715	590438520	ops_par_loop_advec_mom_kernel_post_pre_advec_y_130	advec_mom_kernel_post_pre_advec_y
355	0.000879110	472258640	ops_par_loop_advec_mom_kernel1_y_nonvector_131	advec_mom_kernel1_y_nonvector
356	0.000734875	1062236232	ops_par_loop_group_98	advec_mom_kernel2_y+reset_field_kernel2
357	0.000022002	430304	ops_par_loop_update_halo_kernel1_b1_136	update_halo_kernel1_b1
358	0.000020730	430304	ops_par_loop_update_halo_kernel1_t1_137	update_halo_kernel1_t1
359	0.000024597	430304	ops_par_loop_update_halo_kernel1_l1_138	update_halo_kernel1_l1
360	0.000024086	430304	ops_par_loop_update_halo_kernel1_r1_139	update_halo_kernel1_r1
361	0.000019357	245952	ops_par_loop_group_103	update_halo_kernel2_xvel_plus_2_a+update_halo_kernel2_yvel_minus_2_a
362	0.000019728	245952	ops_par_loop_group_104	update_halo_kernel2_xvel_plus_2_b+update_halo_kernel2_yvel_minus_2_b
363	0.000021090	245952	ops_par_loop_group_105	update_halo_kernel2_xvel_minus_2_a+update_halo_kernel2_yvel_plus_2_a
364	0.000021931	245952	ops_par_loop_group_106	update_halo_kernel2_xvel_minus_2_b+update_halo_kernel2_yvel_plus_2_b
365	0.001737972	589885440	ops_par_loop_viscosity_kernel_148	viscosity_kernel
366	0.000022132	430304	ops_par_loop_update_halo_kernel1_b1_149	update_halo_kernel1_b1
367	0.000021451	430304	ops_par_loop_update_halo_kernel1_t1_150	update_halo_kernel1_t1
368	0.000022933	430304	ops_par_loop_update_halo_kernel1_l1_151	update_halo_kernel1_l1
369	0.000024236	430304	ops_par_loop_update_halo_kernel1_r1_152	update_halo_kernel1_r1
370	0.000918876	1061744640	ops_par_loop_calc_dt_kernel_153	calc_dt_kernel
371	0.001485451	1887436800	ops_par_loop_group_0	PdV_kernel_predict+ideal_gas_kernel
372	0.000023204	430304	ops_par_loop_update_halo_kernel1_b1_2	update_halo_kernel1_b1
373	0.000021531	430304	ops_par_loop_update_halo_kernel1_t1_3	update_halo_kernel1_t1
374	0.000025077	430304	ops_par_loop_update_halo_kernel1_l1_4	update_halo_kernel1_l1
375	0.000024416	430304	ops_par_loop_update_halo_kernel1_r1_5	update_halo_kernel1_r1
376	0.001557659	1770147928	ops_par_loop_group_5	revert_kernel+accelerate_kernel
377	0.001355455	1651507200	ops_par_loop_PdV_kernel_nopredict_8	PdV_kernel_nopredict
378	0.000361267	471982080	ops_par_loop_flux_calc_kernelx_9	flux_calc_kernelx
379	0.000357769	471982080	ops_par_loop_flux_calc_kernely_10	flux_calc_kernely
380	0.000023345	553536	ops_par_loop_group_9	update_halo_kernel1_b2+update_halo_kernel4_minus_4_a
381	0.000022333	553536	ops_par_loop_group_10	update_halo_kernel1_b1+update_halo_kernel4_minus_2_a
382	0.000021441	246080	ops_par_loop_group_11	update_halo_kernel3_plus_4_a+update_halo_kernel2_xvel_plus_4_a
383	0.000019627	246080	ops_par_loop_group_12	update_halo_kernel3_plus_2_a+update_halo_kernel2_xvel_plus_2_a
384	0.000018244	123008	ops_par_loop_update_halo_kernel4_minus_4_b_29	update_halo_kernel4_minus_4_b
385	0.000022523	553536	ops_par_loop_group_14	update_halo_kernel1_t2+update_halo_kernel4_minus_2_b
386	0.000020479	430528	ops_par_loop_update_halo_kernel1_t1_14	update_halo_kernel1_t1
387	0.000019477	246080	ops_par_loop_group_16	update_halo_kernel2_xvel_plus_4_b+update_halo_kernel2_yvel_minus_4_b
388	0.000019988	246080	ops_par_loop_group_17	update_halo_kernel3_plus_4_b+update_halo_kernel2_xvel_plus_2_b
389	0.000019016	123040	ops_par_loop_update_halo_kernel3_plus_2_b_22	update_halo_kernel3_plus_2_b
390	0.000025839	553536	ops_par_loop_group_19	update_halo_kernel1_l2+update_halo_kernel3_minus_4_a
391	0.000023825	553536	ops_par_loop_group_20	update_halo_kernel1_l1+update_halo_kernel3_minus_2_a
392	0.000019347	123008	ops_par_loop_update_halo_kernel3_minus_4_b_25	update_halo_kernel3_minus_4_b
393	0.000025298	553536	ops_par_loop_group_22	update_halo_kernel1_r2+update_halo_kernel3_minus_2_b
394	0.000022152	430528	ops_par_loop_update_halo_kernel1_r1_18	update_halo_kernel1_r1
395	0.000021371	246080	ops_par_loop_group_24	update_halo_kernel4_plus_4_a+update_halo_kernel2_xvel_minus_4_a
396	0.000020478	246080	ops_par_loop_group_25	update_halo_kernel4_plus_2_a+update_halo_kernel2_xvel_minus_2_a
397	0.000018956	123040	ops_par_loop_update_halo_kernel2_yvel_minus_4_a_54	update_halo_kernel2_yvel_minus_4_a
398	0.000018284	123040	ops_par_loop_update_halo_kernel2_yvel_minus_2_a_55	update_halo_kernel2_yvel_minus_2_a
399	0.000018145	123040	ops_par_loop_update_halo_kernel2_yvel_minus_2_b_57	update_halo_kernel2_yvel_minus_2_b
400	0.000020720	246080	ops_par_loop_group_29	update_halo_kernel2_xvel_minus_4_b+update_halo_kernel2_yvel_plus_4_b
401	0.000020499	246080	ops_par_loop_group_30	update_halo_kernel4_plus_4_b+update_halo_kernel2_xvel_minus_2_b
402	0.000018916	123040	ops_par_loop_update_halo_kernel4_plus_2_b_34	update_halo_kernel4_plus_2_b
403	0.000561176	591053440	ops_par_loop_advec_cell_kernel1_ydir_35	advec_cell_kernel1_ydir
404	0.000790191	708203544	ops_par_loop_advec_cell_kernel3_ydir_36	advec_cell_kernel3_ydir
405	0.001476775	1533542400	ops_par_loop_advec_cell_kernel4_ydir_37	advec_cell_kernel4_ydir
406	0.000022392	553536	ops_par_loop_group_35	update_halo_kernel1_b2+update_halo_kernel4_minus_4_a
407	0.000021381	553536	ops_par_loop_group_36	update_halo_kernel1_b1+update_halo_kernel4_minus_2_a
408	0.000019167	123008	ops_par_loop_update_halo_kernel4_minus_4_b_64	update_halo_kernel4_minus_4_b
409	0.000021060	553536	ops_par_loop_group_38	update_halo_kernel1_t2+update_halo_kernel4_minus_2_b
410	0.000021511	430528	ops_par_loop_update_halo_kernel1_t1_41	update_halo_kernel1_t1
411	0.000023815	430528	ops_par_loop_update_halo_kernel1_l2_42	update_halo_kernel1_l2
412	0.000020870	430528	ops_par_loop_update_halo_kernel1_l1_43	update_halo_kernel1_l1
413	0.000023004	430528	ops_par_loop_update_halo_kernel1_r2_44	update_halo_kernel1_r2
414	0.000021100	430528	ops_par_loop_update_halo_kernel1_r1_45	update_halo_kernel1_r1
415	0.000021521	246080	ops_par_loop_group_44	update_halo_kernel2_yvel_plus_4_a+update_halo_kernel4_plus_4_a
416	0.000019366	246080	ops_par_loop_group_45	update_halo_kernel2_yvel_plus_2_a+update_halo_kernel4_plus_2_a
417	0.000021060	246080	ops_par_loop_group_46	update_halo_kernel2_yvel_plus_2_b+update_halo_kernel4_plus_4_b
418	0.000018515	123040	ops_par_loop_update_halo_kernel4_plus_2_b_69	update_halo_kernel4_plus_2_b
419	0.000562048	591053440	ops_par_loop_advec_mom_kernel_y1_70	advec_mom_kernel_y1
420	0.000191423	236236864	ops_par_loop_advec_mom_kernel_mass_flux_y_71	advec_mom_kernel_mass_flux_y
421	0.000531770	590438520	ops_par_loop_advec_mom_kernel_post_pre_advec_y_72	advec_mom_kernel_post_pre_advec_y
422	0.000879140	472258640	ops_par_loop_advec_mom_kernel1_y_nonvector_73	advec_mom_kernel1_y_nonvector
423	0.000450195	590131240	ops_par_loop_advec_mom_kernel2_y_74	advec_mom_kernel2_y
424	0.000564091	591053440	ops_par_loop_advec_mom_kernel_y1_75	advec_mom_kernel_y1
425	0.000191814	236236864	ops_par_loop_advec_mom_kernel_mass_flux_y_76	advec_mom_kernel_mass_flux_y
426	0.000532141	590438520	ops_par_loop_advec_mom_kernel_post_pre_advec_y_77	advec_mom_kernel_post_pre_advec_y
427	0.000879070	472258640	ops_par_loop_advec_mom_kernel1_y_nonvector_78	advec_mom_kernel1_y_nonvector
428	0.000449604	590131240	ops_par_loop_advec_mom_kernel2_y_79	advec_mom_kernel2_y
429	0.000492896	472842752	ops_par_loop_advec_cell_kernel2_xdir_80	advec_cell_kernel2_xdir
430	0.000774512	708203544	ops_par_loop_advec_cell_kernel3_xdir_81	advec_cell_kernel3_xdir
431	0.001459632	1533542400	ops_par_loop_advec_cell_kernel4_xdir_82	advec_cell_kernel4_xdir
432	0.000022282	553536	ops_par_loop_group_61	update_halo_kernel1_b2+update_halo_kernel4_minus_4_a
433	0.000022092	553536	ops_par_loop_group_62	update_halo_kernel1_b1+update_halo_kernel4_minus_2_a
434	0.000020820	246080	ops_par_loop_group_63	update_halo_kernel2_xvel_plus_4_a+update_halo_kernel2_yvel_minus_4_a
435	0.000020279	246080	ops_par_loop_group_64	update_halo_kernel2_xvel_plus_2_a+update_halo_kernel2_yvel_minus_2_a
436	0.000019517	246080	ops_par_loop_group_65	update_halo_kernel2_xvel_plus_4_b+update_halo_kernel2_yvel_minus_4_b
437	0.000019417	246080	ops_par_loop_group_66	update_halo_kernel2_xvel_plus_2_b+update_halo_kernel2_yvel_minus_2_b
438	0.000021651	246080	ops_par_loop_group_67	update_halo_kernel2_xvel_minus_4_a+update_halo_kernel2_yvel_plus_4_a
439	0.000020098	246080	ops_par_loop_group_68	update_halo_kernel2_xvel_minus_2_a+update_halo_kernel2_yvel_plus_2_a
440	0.000025859	246080	ops_par_loop_group_69	update_halo_kernel2_xvel_minus_4_b+update_halo_kernel2_yvel_plus_4_b
441	0.000020519	246080	ops_par_loop_group_70	update_halo_kernel2_xvel_minus_2_b+update_halo_kernel2_yvel_plus_2_b
442	0.000019036	123040	ops_par_loop_update_halo_kernel3_plus_4_a_107	update_halo_kernel3_plus_4_a
443	0.000019156	123040	ops_par_loop_update_halo_kernel3_plus_2_a_108	update_halo_kernel3_plus_2_a
444	0.000018275	123040	ops_par_loop_update_halo_kernel3_plus_4_b_109	update_halo_kernel3_plus_4_b
445	0.000018275	123040	ops_par_loop_update_halo_kernel3_plus_2_b_110	update_halo_kernel3_plus_2_b
446	0.000019477	123008	ops_par_loop_update_halo_kernel3_minus_4_b_113	update_halo_kernel3_minus_4_b
447	0.000018144	123008	ops_par_loop_update_halo_kernel4_minus_4_b_117	update_halo_kernel4_minus_4_b
448	0.000020870	553536	ops_par_loop_group_77	update_halo_kernel1_t2+update_halo_kernel4_minus_2_b
449	0.000020299	430528	ops_par_loop_update_halo_kernel1_t1_86	update_halo_kernel1_t1
450	0.000026480	553536	ops_par_loop_group_79	update_halo_kernel1_l2+update_halo_kernel3_minus_4_a
451	0.000023955	553536	ops_par_loop_group_80	update_halo_kernel1_l1+update_halo_kernel3_minus_2_a
452	0.000024948	553536	ops_par_loop_group_81	update_halo_kernel1_r2+update_halo_kernel3_minus_2_b
453	0.000021982	430528	ops_par_loop_update_halo_kernel1_r1_90	update_halo_kernel1_r1
454	0.000019817	123040	ops_par_loop_update_halo_kernel4_plus_4_a_119	update_halo_kernel4_plus_4_a
455	0.000019347	123040	ops_par_loop_update_halo_kernel4_plus_2_a_120	update_halo_kernel4_plus_2_a
456	0.000019337	123040	ops_par_loop_update_halo_kernel4_plus_4_b_121	update_halo_kernel4_plus_4_b
457	0.000018344	123040	ops_par_loop_update_halo_kernel4_plus_2_b_122	update_halo_kernel4_plus_2_b
458	0.001204858	944701952	ops_par_loop_group_87	advec_mom_kernel_x2+reset_field_kernel1
459	0.000802404	708096064	ops_par_loop_group_88	advec_mom_kernel_mass_flux_x+ideal_gas_kernel
460	0.000574502	590438520	ops_par_loop_advec_mom_kernel_post_pre_advec_x_125	advec_mom_kernel_post_pre_advec_x
461	0.000884360	472258640	ops_par_loop_advec_mom_kernel1_x_nonvector_126	advec_mom_kernel1_x_nonvector
462	0.000459943	590131240	ops_par_loop_advec_mom_kernel2_x_127	advec_mom_kernel2_x
463	0.000499389	472842752	ops_par_loop_advec_mom_kernel_x2_128	advec_mom_kernel_x2
464	0.000194970	236236864	ops_par_loop_advec_mom_kernel_mass_flux_x_129	advec_mom_kernel_mass_flux_x
465	0.000575804	590438520	ops_par_loop_advec_mom_kernel_post_pre_advec_x_130	advec_mom_kernel_post_pre_advec_x
466	0.000885392	472258640	ops_par_loop_advec_mom_kernel1_x_nonvector_131	advec_mom_kernel1_x_nonvector
467	0.000820478	1062236232	ops_par_loop_group_96	advec_mom_kernel2_x+reset_field_kernel2
468	0.000021912	430304	ops_par_loop_update_halo_kernel1_b1_136	update_halo_kernel1_b1
469	0.000020489	430304	ops_par_loop_update_halo_kernel1_t1_137	update_halo_kernel1_t1
470	0.000025088	430304	ops_par_loop_update_halo_kernel1_l1_138	update_halo_kernel1_l1
471	0.000024747	430304	ops_par_loop_update_halo_kernel1_r1_139	update_halo_kernel1_r1
472	0.000019537	245952	ops_par_loop_group_101	update_halo_kernel2_xvel_plus_2_a+update_halo_kernel2_yvel_minus_2_a
473	0.000019166	245952	ops_par_loop_group_102	update_halo_kernel2_xvel_plus_2_b+update_halo_kernel2_yvel_minus_2_b
474	0.000021450	245952	ops_par_loop_group_103	update_halo_kernel2_xvel_minus_2_a+update_halo_kernel2_yvel_plus_2_a
475	0.000021671	245952	ops_par_loop_group_104	update_halo_kernel2_xvel_minus_2_b+update_halo_kernel2_yvel_plus_2_b
476	0.001738712	589885440	ops_par_loop_viscosity_kernel_148	viscosity_kernel
477	0.000022102	430304	ops_par_loop_update_halo_kernel1_b1_149	update_halo_kernel1_b1
478	0.000020529	430304	ops_par_loop_update_halo_kernel1_t1_150	update_halo_kernel1_t1
479	0.000023084	430304	ops_par_loop_update_halo_kernel1_l1_151	update_halo_kernel1_l1
480	0.000022663	430304	ops_par_loop_update_halo_kernel1_r1_152	update_halo_kernel1_r1
481	0.000918846	1061744640	ops_par_loop_calc_dt_kernel_153	calc_dt_kernel
482	0.001492595	1887436800	ops_par_loop_group_0	PdV_kernel_predict+ideal_gas_kernel
483	0.000023555	430304	ops_par_loop_update_halo_kernel1_b1_2	update_halo_kernel1_b1
484	0.000019928	430304	ops_par_loop_update_halo_kernel1_t1_3	update_halo_kernel1_t1
485	0.000023314	430304	ops_par_loop_update_halo_kernel1_l1_4	update_halo_kernel1_l1
486	0.000023976	430304	ops_par_loop_update_halo_kernel1_r1_5	update_halo_kernel1_r1
487	0.001559523	1770147928	ops_par_loop_group_5	revert_kernel+accelerate_kernel
488	0.001357619	1651507200	ops_par_loop_PdV_kernel_nopredict_8	PdV_kernel_nopredict
489	0.000363290	471982080	ops_par_loop_flux_calc_kernelx_9	flux_calc_kernelx
490	0.000361938	471982080	ops_par_loop_flux_calc_kernely_10	flux_calc_kernely
491	0.000022312	553536	ops_par_loop_group_9	update_halo_kernel1_b2+update_halo_kernel4_minus_4_a
492	0.000020990	553536	ops_par_loop_group_10	update_halo_kernel1_b1+update_halo_kernel4_minus_2_a
493	0.000020338	246080	ops_par_loop_group_11	update_halo_kernel3_plus_4_a+update_halo_kernel2_xvel_plus_4_a
494	0.000019136	246080	ops_par_loop_group_12	update_halo_kernel3_plus_2_a+update_halo_kernel2_xvel_plus_2_a
495	0.000019146	123008	ops_par_loop_update_halo_kernel4_minus_4_b_29	update_halo_kernel4_minus_4_b
496	0.000020369	553536	ops_par_loop_group_14	update_halo_kernel1_t2+update_halo_kernel4_minus_2_b
497	0.000020258	430528	ops_par_loop_update_halo_kernel1_t1_14	update_halo_kernel1_t1
498	0.000019888	246080	ops_par_loop_group_16	update_halo_kernel2_xvel_plus_4_b+update_halo_kernel2_yvel_minus_4_b
499	0.000018926	246080	ops_par_loop_group_17	update_halo_kernel3_plus_4_b+update_halo_kernel2_xvel_plus_2_b
500	0.000018435	123040	ops_par_loop_update_halo_kernel3_plus_2_b_22	update_halo_kernel3_plus_2_b
501	0.000026029	553536	ops_par_loop_group_19	update_halo_kernel1_l2+update_halo_kernel3_minus_4_a
502	0.000023204	553536	ops_par_loop_group_20	update_halo_kernel1_l1+update_halo_kernel3_minus_2_a
503	0.000019897	123008	ops_par_loop_update_halo_kernel3_minus_4_b_25	update_halo_kernel3_minus_4_b
504	0.000025218	553536	ops_par_loop_group_22	update_halo_kernel1_r2+update_halo_kernel3_minus_2_b
505	0.000020970	430528	ops_par_loop_update_halo_kernel1_r1_18	update_halo_kernel1_r1
506	0.000021772	246080	ops_par_loop_group_24	update_halo_kernel4_plus_4_a+update_halo_kernel2_xvel_minus_4_a
507	0.000020148	246080	ops_par_loop_group_25	update_halo_kernel4_plus_2_a+update_halo_kernel2_xvel_minus_2_a
508	0.000019708	123040	ops_par_loop_update_halo_kernel2_yvel_minus_4_a_54	update_halo_kernel2_yvel_minus_4_a
509	0.000018936	123040	ops_par_loop_update_halo_kernel2_yvel_minus_2_a_55	update_halo_kernel2_yvel_minus_2_a
510	0.000018635	123040	ops_par_loop_update_halo_kernel2_yvel_minus_2_b_57	update_halo_kernel2_yvel_minus_2_b
511	0.000021241	246080	ops_par_loop_group_29	update_halo_kernel2_xvel_minus_4_b+update_halo_kernel2_yvel_plus_4_b
512	0.000020449	246080	ops_par_loop_group_30	update_halo_kernel4_plus_4_b+update_halo_kernel2_xvel_minus_2_b
513	0.000018716	123040	ops_par_loop_update_halo_kernel4_plus_2_b_34	update_halo_kernel4_plus_2_b
514	0.000565164	591053440	ops_par_loop_advec_cell_kernel1_xdir_35	advec_cell_kernel1_xdir
515	0.000773680	708203544	ops_par_loop_advec_cell_kernel3_xdir_36	advec_cell_kernel3_xdir
516	0.001461376	1533542400	ops_par_loop_advec_cell_kernel4_xdir_37	advec_cell_kernel4_xdir
517	0.000021471	430528	ops_par_loop_update_halo_kernel1_b2_38	update_halo_kernel1_b2
518	0.000020539	430528	ops_par_loop_update_halo_kernel1_b1_39	update_halo_kernel1_b1
519	0.000021180	430528	ops_par_loop_update_halo_kernel1_t2_40	update_halo_kernel1_t2
520	0.000020179	430528	ops_par_loop_update_halo_kernel1_t1_41	update_halo_kernel1_t1
521	0.000019376	123040	ops_par_loop_update_halo_kernel3_plus_4_a_62	update_halo_kernel3_plus_4_a
522	0.000019096	123040	ops_par_loop_update_halo_kernel3_plus_2_a_63	update_halo_kernel3_plus_2_a
523	0.000018936	123040	ops_par_loop_update_halo_kernel3_plus_4_b_64	update_halo_kernel3_plus_4_b
524	0.000019187	123040	ops_par_loop_update_halo_kernel3_plus_2_b_65	update_halo_kernel3_plus_2_b
525	0.000026801	553536	ops_par_loop_group_43	update_halo_kernel1_l2+update_halo_kernel3_minus_4_a
526	0.000023204	553536	ops_par_loop_group_44	update_halo_kernel1_l1+update_halo_kernel3_minus_2_a
527	0.000019678	123008	ops_par_loop_update_halo_kernel3_minus_4_b_68	update_halo_kernel3_minus_4_b
528	0.000025288	553536	ops_par_loop_group_46	update_halo_kernel1_r2+update_halo_kernel3_minus_2_b
529	0.000021821	430528	ops_par_loop_update_halo_kernel1_r1_45	update_halo_kernel1_r1
530	0.000565373	591053440	ops_par_loop_advec_mom_kernel_x1_70	advec_mom_kernel_x1
531	0.000196553	236236864	ops_par_loop_advec_mom_kernel_mass_flux_x_71	advec_mom_kernel_mass_flux_x
532	0.000580082	590438520	ops_par_loop_advec_mom_kernel_post_pre_advec_x_72	advec_mom_kernel_post_pre_advec_x
533	0.000888187	472258640	ops_par_loop_advec_mom_kernel1_x_nonvector_73	advec_mom_kernel1_x_nonvector
534	0.000455445	590131240	ops_par_loop_advec_mom_kernel2_x_74	advec_mom_kernel2_x
535	0.000563520	591053440	ops_par_loop_advec_mom_kernel_x1_75	advec_mom_kernel_x1
536	0.000194830	236236864	ops_par_loop_advec_mom_kernel_mass_flux_x_76	advec_mom_kernel_mass_flux_x
537	0.000574141	590438520	ops_par_loop_advec_mom_kernel_post_pre_advec_x_77	advec_mom_kernel_post_pre_advec_x
538	0.000021961	246080	ops_par_loop_group_56	update_halo_kernel2_xvel_plus_4_a+update_halo_kernel3_plus_4_a
539	0.000021151	246080	ops_par_loop_group_57	update_halo_kernel2_xvel_plus_2_a+update_halo_kernel3_plus_2_a
540	0.000018986	123040	ops_par_loop_update_halo_kernel2_xvel_plus_4_b_93	update_halo_kernel2_xvel_plus_4_b
541	0.000020929	246080	ops_par_loop_group_59	update_halo_kernel2_xvel_plus_2_b+update_halo_kernel3_plus_4_b
542	0.000022643	246080	ops_par_loop_group_60	update_halo_kernel2_yvel_plus_4_a+update_halo_kernel2_xvel_minus_4_a
543	0.000019878	246080	ops_par_loop_group_61	update_halo_kernel2_yvel_plus_2_a+update_halo_kernel2_xvel_minus_2_a
544	0.000019276	123040	ops_par_loop_update_halo_kernel2_xvel_minus_4_b_97	update_halo_kernel2_xvel_minus_4_b
545	0.000021751	246080	ops_par_loop_group_63	update_halo_kernel2_yvel_plus_2_b+update_halo_kernel2_xvel_minus_2_b
546	0.000884229	472258640	ops_par_loop_advec_mom_kernel1_x_nonvector_78	advec_mom_kernel1_x_nonvector
547	0.000447229	590131240	ops_par_loop_advec_mom_kernel2_x_79	advec_mom_kernel2_x
548	0.000497485	472842752	ops_par_loop_advec_cell_kernel2_ydir_80	advec_cell_kernel2_ydir
549	0.000790281	708203544	ops_par_loop_advec_cell_kernel3_ydir_81	advec_cell_kernel3_ydir
550	0.001477857	1533542400	ops_par_loop_advec_cell_kernel4_ydir_82	advec_cell_kernel4_ydir
551	0.000023324	553536	ops_par_loop_group_69	update_halo_kernel1_b2+update_halo_kernel4_minus_4_a
552	0.000021350	553536	ops_par_loop_group_70	update_halo_kernel1_b1+update_halo_kernel4_minus_2_a
553	0.000019186	123040	ops_par_loop_update_halo_kernel2_yvel_minus_4_a_99	update_halo_kernel2_yvel_minus_4_a
554	0.000017814	123040	ops_par_loop_update_halo_kernel2_yvel_minus_2_a_100	update_halo_kernel2_yvel_minus_2_a
555	0.000018035	123040	ops_par_loop_update_halo_kernel2_yvel_minus_4_b_101	update_halo_kernel2_yvel_minus_4_b
556	0.000017964	123040	ops_par_loop_update_halo_kernel2_yvel_minus_2_b_102	update_halo_kernel2_yvel_minus_2_b
557	0.000019547	123040	ops_par_loop_update_halo_kernel2_yvel_plus_4_b_105	update_halo_kernel2_yvel_plus_4_b
558	0.000019266	123040	ops_par_loop_update_halo_kernel3_plus_2_b_110	update_halo_kernel3_plus_2_b
559	0.000020028	123008	ops_par_loop_update_halo_kernel3_minus_4_b_113	update_halo_kernel3_minus_4_b
560	0.000018465	123008	ops_par_loop_update_halo_kernel4_minus_4_b_117	update_halo_kernel4_minus_4_b
561	0.000021491	553536	ops_par_loop_group_79	update_halo_kernel1_t2+update_halo_kernel4_minus_2_b
562	0.000020319	430528	ops_par_loop_update_halo_kernel1_t1_86	update_halo_kernel1_t1
563	0.000027242	553536	ops_par_loop_group_81	update_halo_kernel1_l2+update_halo_kernel3_minus_4_a
564	0.000023565	553536	ops_par_loop_group_82	update_halo_kernel1_l1+update_halo_kernel3_minus_2_a
565	0.000024647	553536	ops_par_loop_group_83	update_halo_kernel1_r2+update_halo_kernel3_minus_2_b
566	0.000022042	430528	ops_par_loop_update_halo_kernel1_r1_90	update_halo_kernel1_r1
567	0.000021210	246080	ops_par_loop_group_85	update_halo_kernel2_yvel_plus_4_a+update_halo_kernel4_plus_4_a
568	0.000020068	246080	ops_par_loop_group_86	update_halo_kernel2_yvel_plus_2_a+update_halo_kernel4_plus_2_a
569	0.000019988	246080	ops_par_loop_group_87	update_halo_kernel2_yvel_plus_2_b+update_halo_kernel4_plus_4_b
570	0.000019347	123040	ops_par_loop_update_halo_kernel4_plus_2_b_122	update_halo_kernel4_plus_2_b
571	0.001196523	944701952	ops_par_loop_group_89	advec_mom_kernel_y2+reset_field_kernel1
572	0.000739305	708096064	ops_par_loop_group_90	advec_mom_kernel_mass_flux_y+ideal_gas_kernel
573	0.000532000	590438520	ops_par_loop_advec_mom_kernel_post_pre_advec_y_125	advec_mom_kernel_post_pre_advec_y
574	0.000880122	472258640	ops_par_loop_advec_mom_kernel1_y_nonvector_126	advec_mom_kernel1_y_nonvector
575	0.000448802	590131240	ops_par_loop_advec_mom_kernel2_y_127	advec_mom_kernel2_y
576	0.000489630	472842752	ops_par_loop_advec_mom_kernel_y2_128	advec_mom_kernel_y2
577	0.000192376	236236864	ops_par_loop_advec_mom_kernel_mass_flux_y_129	advec_mom_kernel_mass_flux_y
578	0.000530568	590438520	ops_par_loop_advec_mom_kernel_post_pre_advec_y_130	advec_mom_kernel_post_pre_advec_y
579	0.000878379	472258640	ops_par_loop_advec_mom_kernel1_y_nonvector_131	advec_mom_kernel1_y_nonvector
580	0.000735918	1062236232	ops_par_loop_group_98	advec_mom_kernel2_y+reset_field_kernel2
581	0.000023164	430304	ops_par_loop_update_halo_kernel1_b1_136	update_halo_kernel1_b1
582	0.000020459	430304	ops_par_loop_update_halo_kernel1_t1_137	update_halo_kernel1_t1
583	0.000025659	430304	ops_par_loop_update_halo_kernel1_l1_138	update_halo_kernel1_l1
584	0.000025659	430304	ops_par_loop_update_halo_kernel1_r1_139	update_halo_kernel1_r1
585	0.000022272	245952	ops_par_loop_group_103	update_halo_kernel2_xvel_plus_2_a+update_halo_kernel2_yvel_minus_2_a
586	0.000019828	245952	ops_par_loop_group_104	update_halo_kernel2_xvel_plus_2_b+update_halo_kernel2_yvel_minus_2_b
587	0.000023114	245952	ops_par_loop_group_105	update_halo_kernel2_xvel_minus_2_a+update_halo_kernel2_yvel_plus_2_a
588	0.000024948	245952	ops_par_loop_group_106	update_halo_kernel2_xvel_minus_2_b+update_halo_kernel2_yvel_plus_2_b
589	0.001741398	589885440	ops_par_loop_viscosity_kernel_148	viscosity_kernel
590	0.000024085	430304	ops_par_loop_update_halo_kernel1_b1_149	update_halo_kernel1_b1
591	0.000026901	430304	ops_par_loop_update_halo_kernel1_t1_150	update_halo_kernel1_t1
592	0.000026680	430304	ops_par_loop_update_halo_kernel1_l1_151	update_halo_kernel1_l1
593	0.000026120	430304	ops_par_loop_update_halo_kernel1_r1_152	update_halo_kernel1_r1
594	0.000924837	1061744640	ops_par_loop_calc_dt_kernel_153	calc_dt_kernel
595	0.001485752	1887436800	ops_par_loop_group_0	PdV_kernel_predict+ideal_gas_kernel
596	0.000022674	430304	ops_par_loop_update_halo_kernel1_b1_2	update_halo_kernel1_b1
597	0.000021000	430304	ops_par_loop_update_halo_kernel1_t1_3	update_halo_kernel1_t1
598	0.000023545	430304	ops_par_loop_update_halo_kernel1_l1_4	update_halo_kernel1_l1
599	0.000024878	430304	ops_par_loop_update_halo_kernel1_r1_5	update_halo_kernel1_r1
600	0.001557919	1770147928	ops_par_loop_group_5	revert_kernel+accelerate_kernel
601	0.001353982	1651507200	ops_par_loop_PdV_kernel_nopredict_8	PdV_kernel_nopredict
602	0.000362479	471982080	ops_par_loop_flux_calc_kernelx_9	flux_calc_kernelx
603	0.000358541	471982080	ops_par_loop_flux_calc_kernely_10	flux_calc_kernely
604	0.000022864	553536	ops_par_loop_group_9	update_halo_kernel1_b2+update_halo_kernel4_minus_4_a
605	0.000021321	553536	ops_par_loop_group_10	update_halo_kernel1_b1+update_halo_kernel4_minus_2_a
606	0.000020189	246080	ops_par_loop_group_11	update_halo_kernel3_plus_4_a+update_halo_kernel2_xvel_plus_4_a
607	0.000018896	246080	ops_par_loop_group_12	update_halo_kernel3_plus_2_a+update_halo_kernel2_xvel_plus_2_a
608	0.000018375	123008	ops_par_loop_update_halo_kernel4_minus_4_b_29	update_halo_kernel4_minus_4_b
609	0.000020749	553536	ops_par_loop_group_14	update_halo_kernel1_t2+update_halo_kernel4_minus_2_b
610	0.000020590	430528	ops_par_loop_update_halo_kernel1_t1_14	update_halo_kernel1_t1
611	0.000019627	246080	ops_par_loop_group_16	update_halo_kernel2_xvel_plus_4_b+update_halo_kernel2_yvel_minus_4_b
612	0.000018736	246080	ops_par_loop_group_17	update_halo_kernel3_plus_4_b+update_halo_kernel2_xvel_plus_2_b
613	0.000018595	123040	ops_par_loop_update_halo_kernel3_plus_2_b_22	update_halo_kernel3_plus_2_b
614	0.000025498	553536	ops_par_loop_group_19	update_halo_kernel1_l2+update_halo_kernel3_minus_4_a
615	0.000023074	553536	ops_par_loop_group_20	update_halo_kernel1_l1+update_halo_kernel3_minus_2_a
616	0.000019477	123008	ops_par_loop_update_halo_kernel3_minus_4_b_25	update_halo_kernel3_minus_4_b
617	0.000024657	553536	ops_par_loop_group_22	update_halo_kernel1_r2+update_halo_kernel3_minus_2_b
618	0.000021450	430528	ops_par_loop_update_halo_kernel1_r1_18	update_halo_kernel1_r1
619	0.000021471	246080	ops_par_loop_group_24	update_halo_kernel4_plus_4_a+update_halo_kernel2_xvel_minus_4_a
620	0.000020178	246080	ops_par_loop_group_25	update_halo_kernel4_plus_2_a+update_halo_kernel2_xvel_minus_2_a
621	0.000019046	123040	ops_par_loop_update_halo_kernel2_yvel_minus_4_a_54	update_halo_kernel2_yvel_minus_4_a
622	0.000019137	123040	ops_par_loop_update_halo_kernel2_yvel_minus_2_a_55	update_halo_kernel2_yvel_minus_2_a
623	0.000017694	123040	ops_par_loop_update_halo_kernel2_yvel_minus_2_b_57	update_halo_kernel2_yvel_minus_2_b
624	0.000020469	246080	ops_par_loop_group_29	update_halo_kernel2_xvel_minus_4_b+update_halo_kernel2_yvel_plus_4_b
625	0.000020610	246080	ops_par_loop_group_30	update_halo_kernel4_plus_4_b+update_halo_kernel2_xvel_minus_2_b
626	0.000018275	123040	ops_par_loop_update_halo_kernel4_plus_2_b_34	update_halo_kernel4_plus_2_b
627	0.000561797	591053440	ops_par_loop_advec_cell_kernel1_ydir_35	advec_cell_kernel1_ydir
628	0.000790742	708203544	ops_par_loop_advec_cell_kernel3_ydir_36	advec_cell_kernel3_ydir
629	0.001474891	1533542400	ops_par_loop_advec_cell_kernel4_ydir_37	advec_cell_kernel4_ydir
630	0.000022482	553536	ops_par_loop_group_35	update_halo_kernel1_b2+update_halo_kernel4_minus_4_a
631	0.000021290	553536	ops_par_loop_group_36	update_halo_kernel1_b1+update_halo_kernel4_minus_2_a
632	0.000018886	123008	ops_par_loop_update_halo_kernel4_minus_4_b_64	update_halo_kernel4_minus_4_b
633	0.000020869	553536	ops_par_loop_group_38	update_halo_kernel1_t2+update_halo_kernel4_minus_2_b
634	0.000020268	430528	ops_par_loop_update_halo_kernel1_t1_41	update_halo_kernel1_t1
635	0.000024065	430528	ops_par_loop_update_halo_kernel1_l2_42	update_halo_kernel1_l2
636	0.000022052	430528	ops_par_loop_update_halo_kernel1_l1_43	update_halo_kernel1_l1
637	0.000023585	430528	ops_par_loop_update_halo_kernel1_r2_44	update_halo_kernel1_r2
638	0.000021951	430528	ops_par_loop_update_halo_kernel1_r1_45	update_halo_kernel1_r1
639	0.000021831	246080	ops_par_loop_group_44	update_halo_kernel2_yvel_plus_4_a+update_halo_kernel4_plus_4_a
640	0.000019947	246080	ops_par_loop_group_45	update_halo_kernel2_yvel_plus_2_a+update_halo_kernel4_plus_2_a
641	0.000020429	246080	ops_par_loop_group_46	update_halo_kernel2_yvel_plus_2_b+update_halo_kernel4_plus_4_b
642	0.000019317	123040	ops_par_loop_update_halo_kernel4_plus_2_b_69	update_halo_kernel4_plus_2_b
643	0.000564222	591053440	ops_par_loop_advec_mom_kernel_y1_70	advec_mom_kernel_y1
644	0.000191463	236236864	ops_par_loop_advec_mom_kernel_mass_flux_y_71	advec_mom_kernel_mass_flux_y
645	0.000533884	590438520	ops_par_loop_advec_mom_kernel_post_pre_advec_y_72	advec_mom_kernel_post_pre_advec_y
646	0.000879561	472258640	ops_par_loop_advec_mom_kernel1_y_nonvector_73	advec_mom_kernel1_y_nonvector
647	0.000451838	590131240	ops_par_loop_advec_mom_kernel2_y_74	advec_mom_kernel2_y
648	0.000561918	591053440	ops_par_loop_advec_mom_kernel_y1_75	advec_mom_kernel_y1
649	0.000191884	236236864	ops_par_loop_advec_mom_kernel_mass_flux_y_76	advec_mom_kernel_mass_flux_y
650	0.000532892	590438520	ops_par_loop_advec_mom_kernel_post_pre_advec_y_77	advec_mom_kernel_post_pre_advec_y
651	0.000877967	472258640	ops_par_loop_advec_mom_kernel1_y_nonvector_78	advec_mom_kernel1_y_nonvector
652	0.000452900	590131240	ops_par_loop_advec_mom_kernel2_y_79	advec_mom_kernel2_y
653	0.000491684	472842752	ops_par_loop_advec_cell_kernel2_xdir_80	advec_cell_kernel2_xdir
654	0.000774511	708203544	ops_par_loop_advec_cell_kernel3_xdir_81	advec_cell_kernel3_xdir
655	0.001462979	1533542400	ops_par_loop_advec_cell_kernel4_xdir_82	advec_cell_kernel4_xdir
656	0.000022824	553536	ops_par_loop_group_61	update_halo_kernel1_b2+update_halo_kernel4_minus_4_a
657	0.000021331	553536	ops_par_loop_group_62	update_halo_kernel1_b1+update_halo_kernel4_minus_2_a
658	0.000020419	246080	ops_par_loop_group_63	update_halo_kernel2_xvel_plus_4_a+update_halo_kernel2_yvel_minus_4_a
659	0.000019657	246080	ops_par_loop_group_64	update_halo_kernel2_xvel_plus_2_a+update_halo_kernel2_yvel_minus_2_a
660	0.000019807	246080	ops_par_loop_group_65	update_halo_kernel2_xvel_plus_4_b+update_halo_kernel2_yvel_minus_4_b
661	0.000019797	246080	ops_par_loop_group_66	update_halo_kernel2_xvel_plus_2_b+update_halo_kernel2_yvel_minus_2_b
662	0.000021791	246080	ops_par_loop_group_67	update_halo_kernel2_xvel_minus_4_a+update_halo_kernel2_yvel_plus_4_a
663	0.000019958	246080	ops_par_loop_group_68	update_halo_kernel2_xvel_minus_2_a+update_halo_kernel2_yvel_plus_2_a
664	0.000020809	246080	ops_par_loop_group_69	update_halo_kernel2_xvel_minus_4_b+update_halo_kernel2_yvel_plus_4_b
665	0.000020609	246080	ops_par_loop_group_70	update_halo_kernel2_xvel_minus_2_b+update_halo_kernel2_yvel_plus_2_b
666	0.000019287	123040	ops_par_loop_update_halo_kernel3_plus_4_a_107	update_halo_kernel3_plus_4_a
667	0.000018535	123040	ops_par_loop_update_halo_kernel3_plus_2_a_108	update_halo_kernel3_plus_2_a
668	0.000018555	123040	ops_par_loop_update_halo_kernel3_plus_4_b_109	update_halo_kernel3_plus_4_b
669	0.000018616	123040	ops_par_loop_update_halo_kernel3_plus_2_b_110	update_halo_kernel3_plus_2_b
670	0.000019537	123008	ops_par_loop_update_halo_kernel3_minus_4_b_113	update_halo_kernel3_minus_4_b
671	0.000018425	123008	ops_par_loop_update_halo_kernel4_minus_4_b_117	update_halo_kernel4_minus_4_b
672	0.000020499	553536	ops_par_loop_group_77	update_halo_kernel1_t2+update_halo_kernel4_minus_2_b
673	0.000021140	430528	ops_par_loop_update_halo_kernel1_t1_86	update_halo_kernel1_t1
674	0.000026300	553536	ops_par_loop_group_79	update_halo_kernel1_l2+update_halo_kernel3_minus_4_a
675	0.000022853	553536	ops_par_loop_group_80	update_halo_kernel1_l1+update_halo_kernel3_minus_2_a
676	0.000024717	553536	ops_par_loop_group_81	update_halo_kernel1_r2+update_halo_kernel3_minus_2_b
677	0.000022362	430528	ops_par_loop_update_halo_kernel1_r1_90	update_halo_kernel1_r1
678	0.000019837	123040	ops_par_loop_update_halo_kernel4_plus_4_a_119	update_halo_kernel4_plus_4_a
679	0.000019186	123040	ops_par_loop_update_halo_kernel4_plus_2_a_120	update_halo_kernel4_plus_2_a
680	0.000019306	123040	ops_par_loop_update_halo_kernel4_plus_4_b_121	update_halo_kernel4_plus_4_b
681	0.000018055	123040	ops_par_loop_update_halo_kernel4_plus_2_b_122	update_halo_kernel4_plus_2_b
682	0.001200150	944701952	ops_par_loop_group_87	advec_mom_kernel_x2+reset_field_kernel1
683	0.000801733	708096064	ops_par_loop_group_88	advec_mom_kernel_mass_flux_x+ideal_gas_kernel
684	0.000579010	590438520	ops_par_loop_advec_mom_kernel_post_pre_advec_x_125	advec_mom_kernel_post_pre_advec_x
685	0.000883899	472258640	ops_par_loop_advec_mom_kernel1_x_nonvector_126	advec_mom_kernel1_x_nonvector
686	0.000453301	590131240	ops_par_loop_advec_mom_kernel2_x_127	advec_mom_kernel2_x
687	0.000498647	472842752	ops_par_loop_advec_mom_kernel_x2_128	advec_mom_kernel_x2
688	0.000195060	236236864	ops_par_loop_advec_mom_kernel_mass_flux_x_129	advec_mom_kernel_mass_flux_x
689	0.000573048	590438520	ops_par_loop_advec_mom_kernel_post_pre_advec_x_130	advec_mom_kernel_post_pre_advec_x
690	0.000884750	472258640	ops_par_loop_advec_mom_kernel1_x_nonvector_131	advec_mom_kernel1_x_nonvector
691	0.000733173	1062236232	ops_par_loop_group_96	advec_mom_kernel2_x+reset_field_kernel2
692	0.000022112	430304	ops_par_loop_update_halo_kernel1_b1_136	update_halo_kernel1_b1
693	0.000020399	430304	ops_par_loop_update_halo_kernel1_t1_137	update_halo_kernel1_t1
694	0.000024196	430304	ops_par_loop_update_halo_kernel1_l1_138	update_halo_kernel1_l1
695	0.000023806	430304	ops_par_loop_update_halo_kernel1_r1_139	update_halo_kernel1_r1
696	0.000019187	245952	ops_par_loop_group_101	update_halo_kernel2_xvel_plus_2_a+update_halo_kernel2_yvel_minus_2_a
697	0.000019768	245952	ops_par_loop_group_102	update_halo_kernel2_xvel_plus_2_b+update_halo_kernel2_yvel_minus_2_b
698	0.000020930	245952	ops_par_loop_group_103	update_halo_kernel2_xvel_minus_2_a+update_halo_kernel2_yvel_plus_2_a
699	0.000022543	245952	ops_par_loop_group_104	update_halo_kernel2_xvel_minus_2_b+update_halo_kernel2_yvel_plus_2_b
700	0.001737931	589885440	ops_par_loop_viscosity_kernel_148	viscosity_kernel
701	0.000022373	430304	ops_par_loop_update_halo_kernel1_b1_149	update_halo_kernel1_b1
702	0.000020418	430304	ops_par_loop_update_halo_kernel1_t1_150	update_halo_kernel1_t1
703	0.000023415	430304	ops_par_loop_update_halo_kernel1_l1_151	update_halo_kernel1_l1
704	0.000023584	430304	ops_par_loop_update_halo_kernel1_r1_152	update_halo_kernel1_r1
705	0.000919967	1061744640	ops_par_loop_calc_dt_kernel_153	calc_dt_kernel
706	0.001481894	1887436800	ops_par_loop_group_0	PdV_kernel_predict+ideal_gas_kernel
707	0.000021801	430304	ops_par_loop_update_halo_kernel1_b1_2	update_halo_kernel1_b1
708	0.000019898	430304	ops_par_loop_update_halo_kernel1_t1_3	update_halo_kernel1_t1
709	0.000024116	430304	ops_par_loop_update_halo_kernel1_l1_4	update_halo_kernel1_l1
710	0.000023665	430304	ops_par_loop_update_halo_kernel1_r1_5	update_halo_kernel1_r1
711	0.001554713	1770147928	ops_par_loop_group_5	revert_kernel+accelerate_kernel
712	0.001354924	1651507200	ops_par_loop_PdV_kernel_nopredict_8	PdV_kernel_nopredict
713	0.000361096	471982080	ops_par_loop_flux_calc_kernelx_9	flux_calc_kernelx
714	0.000357258	471982080	ops_par_loop_flux_calc_kernely_10	flux_calc_kernely
715	0.000022443	553536	ops_par_loop_group_9	update_halo_kernel1_b2+update_halo_kernel4_minus_4_a
716	0.000021210	553536	ops_par_loop_group_10	update_halo_kernel1_b1+update_halo_kernel4_minus_2_a
717	0.000019497	246080	ops_par_loop_group_11	update_halo_kernel3_plus_4_a+update_halo_kernel2_xvel_plus_4_a
718	0.000019457	246080	ops_par_loop_group_12	update_halo_kernel3_plus_2_a+update_halo_kernel2_xvel_plus_2_a
719	0.000018324	123008	ops_par_loop_update_halo_kernel4_minus_4_b_29	update_halo_kernel4_minus_4_b
720	0.000020789	553536	ops_par_loop_group_14	update_halo_kernel1_t2+update_halo_kernel4_minus_2_b
721	0.000020218	430528	ops_par_loop_update_halo_kernel1_t1_14	update_halo_kernel1_t1
722	0.000019778	246080	ops_par_loop_group_16	update_halo_kernel2_xvel_plus_4_b+update_halo_kernel2_yvel_minus_4_b
723	0.000019467	246080	ops_par_loop_group_17	update_halo_kernel3_plus_4_b+update_halo_kernel2_xvel_plus_2_b
724	0.000018064	123040	ops_par_loop_update_halo_kernel3_plus_2_b_22	update_halo_kernel3_plus_2_b
725	0.000026230	553536	ops_par_loop_group_19	update_halo_kernel1_l2+update_halo_kernel3_minus_4_a
726	0.000022833	553536	ops_par_loop_group_20	update_halo_kernel1_l1+update_halo_kernel3_minus_2_a
727	0.000019517	123008	ops_par_loop_update_halo_kernel3_minus_4_b_25	update_halo_kernel3_minus_4_b
728	0.000023575	553536	ops_par_loop_group_22	update_halo_kernel1_r2+update_halo_kernel3_minus_2_b
729	0.000020609	430528	ops_par_loop_update_halo_kernel1_r1_18	update_halo_kernel1_r1
730	0.000021040	246080	ops_par_loop_group_24	update_halo_kernel4_plus_4_a+update_halo_kernel2_xvel_minus_4_a
731	0.000019608	246080	ops_par_loop_group_25	update_halo_kernel4_plus_2_a+update_halo_kernel2_xvel_minus_2_a
732	0.000019497	123040	ops_par_loop_update_halo_kernel2_yvel_minus_4_a_54	update_halo_kernel2_yvel_minus_4_a
733	0.000017964	123040	ops_par_loop_update_halo_kernel2_yvel_minus_2_a_55	update_halo_kernel2_yvel_minus_2_a
734	0.000017844	123040	ops_par_loop_update_halo_kernel2_yvel_minus_2_b_57	update_halo_kernel2_yvel_minus_2_b
735	0.000027282	246080	ops_par_loop_group_29	update_halo_kernel2_xvel_minus_4_b+update_halo_kernel2_yvel_plus_4_b
736	0.000020399	246080	ops_par_loop_group_30	update_halo_kernel4_plus_4_b+update_halo_kernel2_xvel_minus_2_b
737	0.000018264	123040	ops_par_loop_update_halo_kernel4_plus_2_b_34	update_halo_kernel4_plus_2_b
738	0.000561557	591053440	ops_par_loop_advec_cell_kernel1_xdir_35	advec_cell_kernel1_xdir
739	0.000773159	708203544	ops_par_loop_advec_cell_kernel3_xdir_36	advec_cell_kernel3_xdir
740	0.001459923	1533542400	ops_par_loop_advec_cell_kernel4_xdir_37	advec_cell_kernel4_xdir
741	0.000021681	430528	ops_par_loop_update_halo_kernel1_b2_38	update_halo_kernel1_b2
742	0.000021370	430528	ops_par_loop_update_halo_kernel1_b1_39	update_halo_kernel1_b1
743	0.000020619	430528	ops_par_loop_update_halo_kernel1_t2_40	update_halo_kernel1_t2
744	0.000019908	430528	ops_par_loop_update_halo_kernel1_t1_41	update_halo_kernel1_t1
745	0.000023826	123040	ops_par_loop_update_halo_kernel3_plus_4_a_62	update_halo_kernel3_plus_4_a
746	0.000019147	123040	ops_par_loop_update_halo_kernel3_plus_2_a_63	update_halo_kernel3_plus_2_a
747	0.000019006	123040	ops_par_loop_update_halo_kernel3_plus_4_b_64	update_halo_kernel3_plus_4_b
748	0.000018686	123040	ops_par_loop_update_halo_kernel3_plus_2_b_65	update_halo_kernel3_plus_2_b
749	0.000026330	553536	ops_par_loop_group_43	update_halo_kernel1_l2+update_halo_kernel3_minus_4_a
750	0.000022834	553536	ops_par_loop_group_44	update_halo_kernel1_l1+update_halo_kernel3_minus_2_a
751	0.000019256	123008	ops_par_loop_update_halo_kernel3_minus_4_b_68	update_halo_kernel3_minus_4_b
752	0.000024396	553536	ops_par_loop_group_46	update_halo_kernel1_r2+update_halo_kernel3_minus_2_b
753	0.000021270	430528	ops_par_loop_update_halo_kernel1_r1_45	update_halo_kernel1_r1
754	0.000562378	591053440	ops_par_loop_advec_mom_kernel_x1_70	advec_mom_kernel_x1
755	0.000193758	236236864	ops_par_loop_advec_mom_kernel_mass_flux_x_71	advec_mom_kernel_mass_flux_x
756	0.000572167	590438520	ops_par_loop_advec_mom_kernel_post_pre_advec_x_72	advec_mom_kernel_post_pre_advec_x
757	0.000883217	472258640	ops_par_loop_advec_mom_kernel1_x_nonvector_73	advec_mom_kernel1_x_nonvector
758	0.000452569	590131240	ops_par_loop_advec_mom_kernel2_x_74	advec_mom_kernel2_x
759	0.000560715	591053440	ops_par_loop_advec_mom_kernel_x1_75	advec_mom_kernel_x1
760	0.000194570	236236864	ops_par_loop_advec_mom_kernel_mass_flux_x_76	advec_mom_kernel_mass_flux_x
761	0.000573990	590438520	ops_par_loop_advec_mom_kernel_post_pre_advec_x_77	advec_mom_kernel_post_pre_advec_x
762	0.000020950	246080	ops_par_loop_group_56	update_halo_kernel2_xvel_plus_4_a+update_halo_kernel3_plus_4_a
763	0.000019056	246080	ops_par_loop_group_57	update_halo_kernel2_xvel_plus_2_a+update_halo_kernel3_plus_2_a
764	0.000018956	123040	ops_par_loop_update_halo_kernel2_xvel_plus_4_b_93	update_halo_kernel2_xvel_plus_4_b
765	0.000019217	246080	ops_par_loop_group_59	update_halo_kernel2_xvel_plus_2_b+update_halo_kernel3_plus_4_b
766	0.000021491	246080	ops_par_loop_group_60	update_halo_kernel2_yvel_plus_4_a+update_halo_kernel2_xvel_minus_4_a
767	0.000020028	246080	ops_par_loop_group_61	update_halo_kernel2_yvel_plus_2_a+update_halo_kernel2_xvel_minus_2_a
768	0.000019587	123040	ops_par_loop_update_halo_kernel2_xvel_minus_4_b_97	update_halo_kernel2_xvel_minus_4_b
769	0.000020449	246080	ops_par_loop_group_63	update_halo_kernel2_yvel_plus_2_b+update_halo_kernel2_xvel_minus_2_b
770	0.000883278	472258640	ops_par_loop_advec_mom_kernel1_x_nonvector_78	advec_mom_kernel1_x_nonvector
771	0.000447710	590131240	ops_par_loop_advec_mom_kernel2_x_79	advec_mom_kernel2_x
772	0.000498537	472842752	ops_par_loop_advec_cell_kernel2_ydir_80	advec_cell_kernel2_ydir
773	0.000790201	708203544	ops_par_loop_advec_cell_kernel3_ydir_81	advec_cell_kernel3_ydir
774	0.001473218	1533542400	ops_par_loop_advec_cell_kernel4_ydir_82	advec_cell_kernel4_ydir
775	0.000023926	553536	ops_par_loop_group_69	update_halo_kernel1_b2+update_halo_kernel4_minus_4_a
776	0.000020979	553536	ops_par_loop_group_70	update_halo_kernel1_b1+update_halo_kernel4_minus_2_a
777	0.000018285	123040	ops_par_loop_update_halo_kernel2_yvel_minus_4_a_99	update_halo_kernel2_yvel_minus_4_a
778	0.000017713	123040	ops_par_loop_update_halo_kernel2_yvel_minus_2_a_100	update_halo_kernel2_yvel_minus_2_a
779	0.000017904	123040	ops_par_loop_update_halo_kernel2_yvel_minus_4_b_101	update_halo_kernel2_yvel_minus_4_b
780	0.000017764	123040	ops_par_loop_update_halo_kernel2_yvel_minus_2_b_102	update_halo_kernel2_yvel_minus_2_b
781	0.000019978	123040	ops_par_loop_update_halo_kernel2_yvel_plus_4_b_105	update_halo_kernel2_yvel_plus_4_b
782	0.000018525	123040	ops_par_loop_update_halo_kernel3_plus_2_b_110	update_halo_kernel3_plus_2_b
783	0.000019387	123008	ops_par_loop_update_halo_kernel3_minus_4_b_113	update_halo_kernel3_minus_4_b
784	0.000018004	123008	ops_par_loop_update_halo_kernel4_minus_4_b_117	update_halo_kernel4_minus_4_b
785	0.000021280	553536	ops_par_loop_group_79	update_halo_kernel1_t2+update_halo_kernel4_minus_2_b
786	0.000020198	430528	ops_par_loop_update_halo_kernel1_t1_86	update_halo_kernel1_t1
787	0.000026691	553536	ops_par_loop_group_81	update_halo_kernel1_l2+update_halo_kernel3_minus_4_a
788	0.000023305	553536	ops_par_loop_group_82	update_halo_kernel1_l1+update_halo_kernel3_minus_2_a
789	0.000025168	553536	ops_par_loop_group_83	update_halo_kernel1_r2+update_halo_kernel3_minus_2_b
790	0.000021601	430528	ops_par_loop_update_halo_kernel1_r1_90	update_halo_kernel1_r1
791	0.000021631	246080	ops_par_loop_group_85	update_halo_kernel2_yvel_plus_4_a+update_halo_kernel4_plus_4_a
792	0.000019477	246080	ops_par_loop_group_86	update_halo_kernel2_yvel_plus_2_a+update_halo_kernel4_plus_2_a
793	0.000020940	246080	ops_par_loop_group_87	update_halo_kernel2_yvel_plus_2_b+update_halo_kernel4_plus_4_b
794	0.000018846	123040	ops_par_loop_update_halo_kernel4_plus_2_b_122	update_halo_kernel4_plus_2_b
795	0.001195581	944701952	ops_par_loop_group_89	advec_mom_kernel_y2+reset_field_kernel1
796	0.000738442	708096064	ops_par_loop_group_90	advec_mom_kernel_mass_flux_y+ideal_gas_kernel
797	0.000531059	590438520	ops_par_loop_advec_mom_kernel_post_pre_advec_y_125	advec_mom_kernel_post_pre_advec_y
798	0.000879060	472258640	ops_par_loop_advec_mom_kernel1_y_nonvector_126	advec_mom_kernel1_y_nonvector
799	0.000447029	590131240	ops_par_loop_advec_mom_kernel2_y_127	advec_mom_kernel2_y
800	0.000489791	472842752	ops_par_loop_advec_mom_kernel_y2_128	advec_mom_kernel_y2
801	0.000192175	236236864	ops_par_loop_advec_mom_kernel_mass_flux_y_129	advec_mom_kernel_mass_flux_y
802	0.000533394	590438520	ops_par_loop_advec_mom_kernel_post_pre_advec_y_130	advec_mom_kernel_post_pre_advec_y
803	0.000878278	472258640	ops_par_loop_advec_mom_kernel1_y_nonvector_131	advec_mom_kernel1_y_nonvector
804	0.000732852	1062236232	ops_par_loop_group_98	advec_mom_kernel2_y+reset_field_kernel2
805	0.000021741	430304	ops_par_loop_update_halo_kernel1_b1_136	update_halo_kernel1_b1
806	0.000020129	430304	ops_par_loop_update_halo_kernel1_t1_137	update_halo_kernel1_t1
807	0.000024256	430304	ops_par_loop_update_halo_kernel1_l1_138	update_halo_kernel1_l1
808	0.000023775	430304	ops_par_loop_update_halo_kernel1_r1_139	update_halo_kernel1_r1
809	0.000019717	245952	ops_par_loop_group_103	update_halo_kernel2_xvel_plus_2_a+update_halo_kernel2_yvel_minus_2_a
810	0.000018976	245952	ops_par_loop_group_104	update_halo_kernel2_xvel_plus_2_b+update_halo_kernel2_yvel_minus_2_b
811	0.000021961	245952	ops_par_loop_group_105	update_halo_kernel2_xvel_minus_2_a+update_halo_kernel2_yvel_plus_2_a
812	0.000021440	245952	ops_par_loop_group_106	update_halo_kernel2_xvel_minus_2_b+update_halo_kernel2_yvel_plus_2_b
813	0.001737820	589885440	ops_par_loop_viscosity_kernel_148	viscosity_kernel
814	0.000020919	430304	ops_par_loop_update_halo_kernel1_b1_149	update_halo_kernel1_b1
815	0.000020950	430304	ops_par_loop_update_halo_kernel1_t1_150	update_halo_kernel1_t1
816	0.000022823	430304	ops_par_loop_update_halo_kernel1_l1_151	update_halo_kernel1_l1
817	0.000033373	430304	ops_par_loop_update_halo_kernel1_r1_152	update_halo_kernel1_r1
818	0.000919697	1061744640	ops_par_loop_calc_dt_kernel_153	calc_dt_kernel
819	0.001481294	1887436800	ops_par_loop_group_0	PdV_kernel_predict+ideal_gas_kernel
820	0.000022803	430304	ops_par_loop_update_halo_kernel1_b1_2	update_halo_kernel1_b1
821	0.000020800	430304	ops_par_loop_update_halo_kernel1_t1_3	update_halo_kernel1_t1
822	0.000024256	430304	ops_par_loop_update_halo_kernel1_l1_4	update_halo_kernel1_l1
823	0.000024686	430304	ops_par_loop_update_halo_kernel1_r1_5	update_halo_kernel1_r1
824	0.001558129	1770147928	ops_par_loop_group_5	revert_kernel+accelerate_kernel
825	0.001361035	1651507200	ops_par_loop_PdV_kernel_nopredict_8	PdV_kernel_nopredict
826	0.000361606	471982080	ops_par_loop_flux_calc_kernelx_9	flux_calc_kernelx
827	0.000357860	471982080	ops_par_loop_flux_calc_kernely_10	flux_calc_kernely
828	0.000022944	553536	ops_par_loop_group_9	update_halo_kernel1_b2+update_halo_kernel4_minus_4_a
829	0.000021401	553536	ops_par_loop_group_10	update_halo_kernel1_b1+update_halo_kernel4_minus_2_a
830	0.000019638	246080	ops_par_loop_group_11	update_halo_kernel3_plus_4_a+update_halo_kernel2_xvel_plus_4_a
831	0.000019377	246080	ops_par_loop_group_12	update_halo_kernel3_plus_2_a+update_halo_kernel2_xvel_plus_2_a
832	0.000018675	123008	ops_par_loop_update_halo_kernel4_minus_4_b_29	update_halo_kernel4_minus_4_b
833	0.000021070	553536	ops_par_loop_group_14	update_halo_kernel1_t2+update_halo_kernel4_minus_2_b
834	0.000020139	430528	ops_par_loop_update_halo_kernel1_t1_14	update_halo_kernel1_t1
835	0.000019918	246080	ops_par_loop_group_16	update_halo_kernel2_xvel_plus_4_b+update_halo_kernel2_yvel_minus_4_b
836	0.000019507	246080	ops_par_loop_group_17	update_halo_kernel3_plus_4_b+update_halo_kernel2_xvel_plus_2_b
837	0.000018435	123040	ops_par_loop_update_halo_kernel3_plus_2_b_22	update_halo_kernel3_plus_2_b
838	0.000025218	553536	ops_par_loop_group_19	update_halo_kernel1_l2+update_halo_kernel3_minus_4_a
839	0.000023695	553536	ops_par_loop_group_20	update_halo_kernel1_l1+update_halo_kernel3_minus_2_a
840	0.000019116	123008	ops_par_loop_update_halo_kernel3_minus_4_b_25	update_halo_kernel3_minus_4_b
841	0.000024176	553536	ops_par_loop_group_22	update_halo_kernel1_r2+update_halo_kernel3_minus_2_b
842	0.000021040	430528	ops_par_loop_update_halo_kernel1_r1_18	update_halo_kernel1_r1
843	0.000021631	246080	ops_par_loop_group_24	update_halo_kernel4_plus_4_a+update_halo_kernel2_xvel_minus_4_a
844	0.000019256	246080	ops_par_loop_group_25	update_halo_kernel4_plus_2_a+update_halo_kernel2_xvel_minus_2_a
845	0.000018996	123040	ops_par_loop_update_halo_kernel2_yvel_minus_4_a_54	update_halo_kernel2_yvel_minus_4_a
846	0.000017713	123040	ops_par_loop_update_halo_kernel2_yvel_minus_2_a_55	update_halo_kernel2_yvel_minus_2_a
847	0.000017563	123040	ops_par_loop_update_halo_kernel2_yvel_minus_2_b_57	update_halo_kernel2_yvel_minus_2_b
848	0.000021090	246080	ops_par_loop_group_29	update_halo_kernel2_xvel_minus_4_b+update_halo_kernel2_yvel_plus_4_b
849	0.000020159	246080	ops_par_loop_group_30	update_halo_kernel4_plus_4_b+update_halo_kernel2_xvel_minus_2_b
850	0.000018155	123040	ops_par_loop_update_halo_kernel4_plus_2_b_34	update_halo_kernel4_plus_2_b
851	0.000562138	591053440	ops_par_loop_advec_cell_kernel1_ydir_35	advec_cell_kernel1_ydir
852	0.000790541	708203544	ops_par_loop_advec_cell_kernel3_ydir_36	advec_cell_kernel3_ydir
853	0.001474781	1533542400	ops_par_loop_advec_cell_kernel4_ydir_37	advec_cell_kernel4_ydir
854	0.000022372	553536	ops_par_loop_group_35	update_halo_kernel1_b2+update_halo_kernel4_minus_4_a
855	0.000021370	553536	ops_par_loop_group_36	update_halo_kernel1_b1+update_halo_kernel4_minus_2_a
856	0.000018415	123008	ops_par_loop_update_halo_kernel4_minus_4_b_64	update_halo_kernel4_minus_4_b
857	0.000021601	553536	ops_par_loop_group_38	update_halo_kernel1_t2+update_halo_kernel4_minus_2_b
858	0.000020630	430528	ops_par_loop_update_halo_kernel1_t1_41	update_halo_kernel1_t1
859	0.000024196	430528	ops_par_loop_update_halo_kernel1_l2_42	update_halo_kernel1_l2
860	0.000021821	430528	ops_par_loop_update_halo_kernel1_l1_43	update_halo_kernel1_l1
861	0.000022873	430528	ops_par_loop_update_halo_kernel1_r2_44	update_halo_kernel1_r2
862	0.000021701	430528	ops_par_loop_update_halo_kernel1_r1_45	update_halo_kernel1_r1
863	0.000021320	246080	ops_par_loop_group_44	update_halo_kernel2_yvel_plus_4_a+update_halo_kernel4_plus_4_a
864	0.000019007	246080	ops_par_loop_group_45	update_halo_kernel2_yvel_plus_2_a+update_halo_kernel4_plus_2_a
865	0.000020469	246080	ops_par_loop_group_46	update_halo_kernel2_yvel_plus_2_b+update_halo_kernel4_plus_4_b
866	0.000023975	123040	ops_par_loop_update_halo_kernel4_plus_2_b_69	update_halo_kernel4_plus_2_b
867	0.000563300	591053440	ops_par_loop_advec_mom_kernel_y1_70	advec_mom_kernel_y1
868	0.000192155	236236864	ops_par_loop_advec_mom_kernel_mass_flux_y_71	advec_mom_kernel_mass_flux_y
869	0.000531359	590438520	ops_par_loop_advec_mom_kernel_post_pre_advec_y_72	advec_mom_kernel_post_pre_advec_y
870	0.000879951	472258640	ops_par_loop_advec_mom_kernel1_y_nonvector_73	advec_mom_kernel1_y_nonvector
871	0.000446097	590131240	ops_par_loop_advec_mom_kernel2_y_74	advec_mom_kernel2_y
872	0.000561566	591053440	ops_par_loop_advec_mom_kernel_y1_75	advec_mom_kernel_y1
873	0.000191263	236236864	ops_par_loop_advec_mom_kernel_mass_flux_y_76	advec_mom_kernel_mass_flux_y
874	0.000534295	590438520	ops_par_loop_advec_mom_kernel_post_pre_advec_y_77	advec_mom_kernel_post_pre_advec_y
875	0.000878078	472258640	ops_par_loop_advec_mom_kernel1_y_nonvector_78	advec_mom_kernel1_y_nonvector
876	0.000452910	590131240	ops_par_loop_advec_mom_kernel2_y_79	advec_mom_kernel2_y
877	0.000490602	472842752	ops_par_loop_advec_cell_kernel2_xdir_80	advec_cell_kernel2_xdir
878	0.000773018	708203544	ops_par_loop_advec_cell_kernel3_xdir_81	advec_cell_kernel3_xdir
879	0.001457288	1533542400	ops_par_loop_advec_cell_kernel4_xdir_82	advec_cell_kernel4_xdir
880	0.000023434	553536	ops_par_loop_group_61	update_halo_kernel1_b2+update_halo_kernel4_minus_4_a
881	0.000021400	553536	ops_par_loop_group_62	update_halo_kernel1_b1+update_halo_kernel4_minus_2_a
882	0.000020068	246080	ops_par_loop_group_63	update_halo_kernel2_xvel_plus_4_a+update_halo_kernel2_yvel_minus_4_a
883	0.000019818	246080	ops_par_loop_group_64	update_halo_kernel2_xvel_plus_2_a+update_halo_kernel2_yvel_minus_2_a
884	0.000019608	246080	ops_par_loop_group_65	update_halo_kernel2_xvel_plus_4_b+update_halo_kernel2_yvel_minus_4_b
885	0.000019306	246080	ops_par_loop_group_66	update_halo_kernel2_xvel_plus_2_b+update_halo_kernel2_yvel_minus_2_b
886	0.000022022	246080	ops_par_loop_group_67	update_halo_kernel2_xvel_minus_4_a+update_halo_kernel2_yvel_plus_4_a
887	0.000020249	246080	ops_par_loop_group_68	update_halo_kernel2_xvel_minus_2_a+update_halo_kernel2_yvel_plus_2_a
888	0.000020870	246080	ops_par_loop_group_69	update_halo_kernel2_xvel_minus_4_b+update_halo_kernel2_yvel_plus_4_b
889	0.000019747	246080	ops_par_loop_group_70	update_halo_kernel2_xvel_minus_2_b+update_halo_kernel2_yvel_plus_2_b
890	0.000019467	123040	ops_par_loop_update_halo_kernel3_plus_4_a_107	update_halo_kernel3_plus_4_a
891	0.000019297	123040	ops_par_loop_update_halo_kernel3_plus_2_a_108	update_halo_kernel3_plus_2_a
892	0.000018575	123040	ops_par_loop_update_halo_kernel3_plus_4_b_109	update_halo_kernel3_plus_4_b
893	0.000018044	123040	ops_par_loop_update_halo_kernel3_plus_2_b_110	update_halo_kernel3_plus_2_b
894	0.000019006	123008	ops_par_loop_update_halo_kernel3_minus_4_b_113	update_halo_kernel3_minus_4_b
895	0.000018716	123008	ops_par_loop_update_halo_kernel4_minus_4_b_117	update_halo_kernel4_minus_4_b
896	0.000021410	553536	ops_par_loop_group_77	update_halo_kernel1_t2+update_halo_kernel4_minus_2_b
897	0.000020149	430528	ops_par_loop_update_halo_kernel1_t1_86	update_halo_kernel1_t1
898	0.000025909	553536	ops_par_loop_group_79	update_halo_kernel1_l2+update_halo_kernel3_minus_4_a
899	0.000023815	553536	ops_par_loop_group_80	update_halo_kernel1_l1+update_halo_kernel3_minus_2_a
900	0.000024858	553536	ops_par_loop_group_81	update_halo_kernel1_r2+update_halo_kernel3_minus_2_b
901	0.000021902	430528	ops_par_loop_update_halo_kernel1_r1_90	update_halo_kernel1_r1
902	0.000018916	123040	ops_par_loop_update_halo_kernel4_plus_4_a_119	update_halo_kernel4_plus_4_a
903	0.000018876	123040	ops_par_loop_update_halo_kernel4_plus_2_a_120	update_halo_kernel4_plus_2_a
904	0.000019337	123040	ops_par_loop_update_halo_kernel4_plus_4_b_121	update_halo_kernel4_plus_4_b
905	0.000017864	123040	ops_par_loop_update_halo_kernel4_plus_2_b_122	update_halo_kernel4_plus_2_b
906	0.001205920	944701952	ops_par_loop_group_87	advec_mom_kernel_x2+reset_field_kernel1
907	0.000799509	708096064	ops_par_loop_group_88	advec_mom_kernel_mass_flux_x+ideal_gas_kernel
908	0.000573279	590438520	ops_par_loop_advec_mom_kernel_post_pre_advec_x_125	advec_mom_kernel_post_pre_advec_x
909	0.000884701	472258640	ops_par_loop_advec_mom_kernel1_x_nonvector_126	advec_mom_kernel1_x_nonvector
910	0.000444665	590131240	ops_par_loop_advec_mom_kernel2_x_127	advec_mom_kernel2_x
911	0.000498497	472842752	ops_par_loop_advec_mom_kernel_x2_128	advec_mom_kernel_x2
912	0.000194640	236236864	ops_par_loop_advec_mom_kernel_mass_flux_x_129	advec_mom_kernel_mass_flux_x
913	0.000574071	590438520	ops_par_loop_advec_mom_kernel_post_pre_advec_x_130	advec_mom_kernel_post_pre_advec_x
914	0.000884691	472258640	ops_par_loop_advec_mom_kernel1_x_nonvector_131	advec_mom_kernel1_x_nonvector
915	0.000729035	1062236232	ops_par_loop_group_96	advec_mom_kernel2_x+reset_field_kernel2
916	0.000022162	430304	ops_par_loop_update_halo_kernel1_b1_136	update_halo_kernel1_b1
917	0.000020469	430304	ops_par_loop_update_halo_kernel1_t1_137	update_halo_kernel1_t1
918	0.000023535	430304	ops_par_loop_update_halo_kernel1_l1_138	update_halo_kernel1_l1
919	0.000024056	430304	ops_par_loop_update_halo_kernel1_r1_139	update_halo_kernel1_r1
920	0.000019898	245952	ops_par_loop_group_101	update_halo_kernel2_xvel_plus_2_a+update_halo_kernel2_yvel_minus_2_a
921	0.000018996	245952	ops_par_loop_group_102	update_halo_kernel2_xvel_plus_2_b+update_halo_kernel2_yvel_minus_2_b
922	0.000020819	245952	ops_par_loop_group_103	update_halo_kernel2_xvel_minus_2_a+update_halo_kernel2_yvel_plus_2_a
923	0.000022382	245952	ops_par_loop_group_104	update_halo_kernel2_xvel_minus_2_b+update_halo_kernel2_yvel_plus_2_b
924	0.001738342	589885440	ops_par_loop_viscosity_kernel_148	viscosity_kernel
925	0.000021571	430304	ops_par_loop_update_halo_kernel1_b1_149	update_halo_kernel1_b1
926	0.000020308	430304	ops_par_loop_update_halo_kernel1_t1_150	update_halo_kernel1_t1
927	0.000023014	430304	ops_par_loop_update_halo_kernel1_l1_151	update_halo_kernel1_l1
928	0.000023154	430304	ops_par_loop_update_halo_kernel1_r1_152	update_halo_kernel1_r1
929	0.000918645	1061744640	ops_par_loop_calc_dt_kernel_153	calc_dt_kernel
930	0.001484971	1887436800	ops_par_loop_group_0	PdV_kernel_predict+ideal_gas_kernel
931	0.000022273	430304	ops_par_loop_update_halo_kernel1_b1_2	update_halo_kernel1_b1
932	0.000025849	430304	ops_par_loop_update_halo_kernel1_t1_3	update_halo_kernel1_t1
933	0.000023785	430304	ops_par_loop_update_halo_kernel1_l1_4	update_halo_kernel1_l1
934	0.000023224	430304	ops_par_loop_update_halo_kernel1_r1_5	update_halo_kernel1_r1
935	0.001556497	1770147928	ops_par_loop_group_5	revert_kernel+accelerate_kernel
936	0.001355975	1651507200	ops_par_loop_PdV_kernel_nopredict_8	PdV_kernel_nopredict
937	0.000360345	471982080	ops_par_loop_flux_calc_kernelx_9	flux_calc_kernelx
938	0.000356167	471982080	ops_par_loop_flux_calc_kernely_10	flux_calc_kernely
939	0.000021791	553536	ops_par_loop_group_9	update_halo_kernel1_b2+update_halo_kernel4_minus_4_a
940	0.000021160	553536	ops_par_loop_group_10	update_halo_kernel1_b1+update_halo_kernel4_minus_2_a
941	0.000019297	246080	ops_par_loop_group_11	update_halo_kernel3_plus_4_a+update_halo_kernel2_xvel_plus_4_a
942	0.000018916	246080	ops_par_loop_group_12	update_halo_kernel3_plus_2_a+update_halo_kernel2_xvel_plus_2_a
943	0.000018185	123008	ops_par_loop_update_halo_kernel4_minus_4_b_29	update_halo_kernel4_minus_4_b
944	0.000020539	553536	ops_par_loop_group_14	update_halo_kernel1_t2+update_halo_kernel4_minus_2_b
945	0.000020178	430528	ops_par_loop_update_halo_kernel1_t1_14	update_halo_kernel1_t1
946	0.000019257	246080	ops_par_loop_group_16	update_halo_kernel2_xvel_plus_4_b+update_halo_kernel2_yvel_minus_4_b
947	0.000018795	246080	ops_par_loop_group_17	update_halo_kernel3_plus_4_b+update_halo_kernel2_xvel_plus_2_b
948	0.000018435	123040	ops_par_loop_update_halo_kernel3_plus_2_b_22	update_halo_kernel3_plus_2_b
949	0.000025729	553536	ops_par_loop_group_19	update_halo_kernel1_l2+update_halo_kernel3_minus_4_a
950	0.000022623	553536	ops_par_loop_group_20	update_halo_kernel1_l1+update_halo_kernel3_minus_2_a
951	0.000019077	123008	ops_par_loop_update_halo_kernel3_minus_4_b_25	update_halo_kernel3_minus_4_b
952	0.000023776	553536	ops_par_loop_group_22	update_halo_kernel1_r2+update_halo_kernel3_minus_2_b
953	0.000020789	430528	ops_par_loop_update_halo_kernel1_r1_18	update_halo_kernel1_r1
954	0.000020890	246080	ops_par_loop_group_24	update_halo_kernel4_plus_4_a+update_halo_kernel2_xvel_minus_4_a
955	0.000019407	246080	ops_par_loop_group_25	update_halo_kernel4_plus_2_a+update_halo_kernel2_xvel_minus_2_a
956	0.000018154	123040	ops_par_loop_update_halo_kernel2_yvel_minus_4_a_54	update_halo_kernel2_yvel_minus_4_a
957	0.000017363	123040	ops_par_loop_update_halo_kernel2_yvel_minus_2_a_55	update_halo_kernel2_yvel_minus_2_a
958	0.000017383	123040	ops_par_loop_update_halo_kernel2_yvel_minus_2_b_57	update_halo_kernel2_yvel_minus_2_b
959	0.000020940	246080	ops_par_loop_group_29	update_halo_kernel2_xvel_minus_4_b+update_halo_kernel2_yvel_plus_4_b
960	0.000020318	246080	ops_par_loop_group_30	update_halo_kernel4_plus_4_b+update_halo_kernel2_xvel_minus_2_b
961	0.000017854	123040	ops_par_loop_update_halo_kernel4_plus_2_b_34	update_halo_kernel4_plus_2_b
962	0.000561096	591053440	ops_par_loop_advec_cell_kernel1_xdir_35	advec_cell_kernel1_xdir
963	0.000772989	708203544	ops_par_loop_advec_cell_kernel3_xdir_36	advec_cell_kernel3_xdir
964	0.001458851	1533542400	ops_par_loop_advec_cell_kernel4_xdir_37	advec_cell_kernel4_xdir
965	0.000021491	430528	ops_par_loop_update_halo_kernel1_b2_38	update_halo_kernel1_b2
966	0.000020689	430528	ops_par_loop_update_halo_kernel1_b1_39	update_halo_kernel1_b1
967	0.000020149	430528	ops_par_loop_update_halo_kernel1_t2_40	update_halo_kernel1_t2
968	0.000020268	430528	ops_par_loop_update_halo_kernel1_t1_41	update_halo_kernel1_t1
969	0.000018705	123040	ops_par_loop_update_halo_kernel3_plus_4_a_62	update_halo_kernel3_plus_4_a
970	0.000018385	123040	ops_par_loop_update_halo_kernel3_plus_2_a_63	update_halo_kernel3_plus_2_a
971	0.000018665	123040	ops_par_loop_update_halo_kernel3_plus_4_b_64	update_halo_kernel3_plus_4_b
972	0.000018305	123040	ops_par_loop_update_halo_kernel3_plus_2_b_65	update_halo_kernel3_plus_2_b
973	0.000026510	553536	ops_par_loop_group_43	update_halo_kernel1_l2+update_halo_kernel3_minus_4_a
974	0.000023424	553536	ops_par_loop_group_44	update_halo_kernel1_l1+update_halo_kernel3_minus_2_a
975	0.000019357	123008	ops_par_loop_update_halo_kernel3_minus_4_b_68	update_halo_kernel3_minus_4_b
976	0.000024376	553536	ops_par_loop_group_46	update_halo_kernel1_r2+update_halo_kernel3_minus_2_b
977	0.000020820	430528	ops_par_loop_update_halo_kernel1_r1_45	update_halo_kernel1_r1
978	0.000561787	591053440	ops_par_loop_advec_mom_kernel_x1_70	advec_mom_kernel_x1
979	0.000195211	236236864	ops_par_loop_advec_mom_kernel_mass_flux_x_71	advec_mom_kernel_mass_flux_x
980	0.000574711	590438520	ops_par_loop_advec_mom_kernel_post_pre_advec_x_72	advec_mom_kernel_post_pre_advec_x
981	0.000882977	472258640	ops_par_loop_advec_mom_kernel1_x_nonvector_73	advec_mom_kernel1_x_nonvector
982	0.000446589	590131240	ops_par_loop_advec_mom_kernel2_x_74	advec_mom_kernel2_x
983	0.000562058	591053440	ops_par_loop_advec_mom_kernel_x1_75	advec_mom_kernel_x1
984	0.000198928	236236864	ops_par_loop_advec_mom_kernel_mass_flux_x_76	advec_mom_kernel_mass_flux_x
985	0.000574551	590438520	ops_par_loop_advec_mom_kernel_post_pre_advec_x_77	advec_mom_kernel_post_pre_advec_x
986	0.000020479	246080	ops_par_loop_group_56	update_halo_kernel2_xvel_plus_4_a+update_halo_kernel3_plus_4_a
987	0.000019828	246080	ops_par_loop_group_57	update_halo_kernel2_xvel_plus_2_a+update_halo_kernel3_plus_2_a
988	0.000017974	123040	ops_par_loop_update_halo_kernel2_xvel_plus_4_b_93	update_halo_kernel2_xvel_plus_4_b
989	0.000018655	246080	ops_par_loop_group_59	update_halo_kernel2_xvel_plus_2_b+update_halo_kernel3_plus_4_b
990	0.000021421	246080	ops_par_loop_group_60	update_halo_kernel2_yvel_plus_4_a+update_halo_kernel2_xvel_minus_4_a
991	0.000019497	246080	ops_par_loop_group_61	update_halo_kernel2_yvel_plus_2_a+update_halo_kernel2_xvel_minus_2_a
992	0.000019246	123040	ops_par_loop_update_halo_kernel2_xvel_minus_4_b_97	update_halo_kernel2_xvel_minus_4_b
993	0.000020850	246080	ops_par_loop_group_63	update_halo_kernel2_yvel_plus_2_b+update_halo_kernel2_xvel_minus_2_b
994	0.000882947	472258640	ops_par_loop_advec_mom_kernel1_x_nonvector_78	advec_mom_kernel1_x_nonvector
995	0.000445867	590131240	ops_par_loop_advec_mom_kernel2_x_79	advec_mom_kernel2_x
996	0.000496813	472842752	ops_par_loop_advec_cell_kernel2_ydir_80	advec_cell_kernel2_ydir
997	0.000790030	708203544	ops_par_loop_advec_cell_kernel3_ydir_81	advec_cell_kernel3_ydir
998	0.001470854	1533542400	ops_par_loop_advec_cell_kernel4_ydir_82	advec_cell_kernel4_ydir
999	0.000022773	553536	ops_par_loop_group_69	update_halo_kernel1_b2+update_halo_kernel4_minus_4_a
1000	0.000020719	553536	ops_par_loop_group_70	update_halo_kernel1_b1+update_halo_kernel4_minus_2_a
1001	0.000025097	123040	ops_par_loop_update_halo_kernel2_yvel_minus_4_a_99	update_halo_kernel2_yvel_minus_4_a
1002	0.000018325	123040	ops_par_loop_update_halo_kernel2_yvel_minus_2_a_100	update_halo_kernel2_yvel_minus_2_a
1003	0.000018354	123040	ops_par_loop_update_halo_kernel2_yvel_minus_4_b_101	update_halo_kernel2_yvel_minus_4_b
1004	0.000018756	123040	ops_par_loop_update_halo_kernel2_yvel_minus_2_b_102	update_halo_kernel2_yvel_minus_2_b
1005	0.000019337	123040	ops_par_loop_update_halo_kernel2_yvel_plus_4_b_105	update_halo_kernel2_yvel_plus_4_b
1006	0.000019127	123040	ops_par_loop_update_halo_kernel3_plus_2_b_110	update_halo_kernel3_plus_2_b
1007	0.000019107	123008	ops_par_loop_update_halo_kernel3_minus_4_b_113	update_halo_kernel3_minus_4_b
1008	0.000018946	123008	ops_par_loop_update_halo_kernel4_minus_4_b_117	update_halo_kernel4_minus_4_b
1009	0.000022032	553536	ops_par_loop_group_79	update_halo_kernel1_t2+update_halo_kernel4_minus_2_b
1010	0.000019357	430528	ops_par_loop_update_halo_kernel1_t1_86	update_halo_kernel1_t1
1011	0.000026931	553536	ops_par_loop_group_81	update_halo_kernel1_l2+update_halo_kernel3_minus_4_a
1012	0.000023474	553536	ops_par_loop_group_82	update_halo_kernel1_l1+update_halo_kernel3_minus_2_a
1013	0.000025108	553536	ops_par_loop_group_83	update_halo_kernel1_r2+update_halo_kernel3_minus_2_b
1014	0.000021431	430528	ops_par_loop_update_halo_kernel1_r1_90	update_halo_kernel1_r1
1015	0.000021921	246080	ops_par_loop_group_85	update_halo_kernel2_yvel_plus_4_a+update_halo_kernel4_plus_4_a
1016	0.000019787	246080	ops_par_loop_group_86	update_halo_kernel2_yvel_plus_2_a+update_halo_kernel4_plus_2_a
1017	0.000020238	246080	ops_par_loop_group_87	update_halo_kernel2_yvel_plus_2_b+update_halo_kernel4_plus_4_b
1018	0.000018626	123040	ops_par_loop_update_halo_kernel4_plus_2_b_122	update_halo_kernel4_plus_2_b
1019	0.001193737	944701952	ops_par_loop_group_89	advec_mom_kernel_y2+reset_field_kernel1
1020	0.000741949	708096064	ops_par_loop_group_90	advec_mom_kernel_mass_flux_y+ideal_gas_kernel
1021	0.000531059	590438520	ops_par_loop_advec_mom_kernel_post_pre_advec_y_125	advec_mom_kernel_post_pre_advec_y
1022	0.000885822	472258640	ops_par_loop_advec_mom_kernel1_y_nonvector_126	advec_mom_kernel1_y_nonvector
1023	0.000455435	590131240	ops_par_loop_advec_mom_kernel2_y_127	advec_mom_kernel2_y
1024	0.000492064	472842752	ops_par_loop_advec_mom_kernel_y2_128	advec_mom_kernel_y2
1025	0.000192175	236236864	ops_par_loop_advec_mom_kernel_mass_flux_y_129	advec_mom_kernel_mass_flux_y
1026	0.000531199	590438520	ops_par_loop_advec_mom_kernel_post_pre_advec_y_130	advec_mom_kernel_post_pre_advec_y
1027	0.000877687	472258640	ops_par_loop_advec_mom_kernel1_y_nonvector_131	advec_mom_kernel1_y_nonvector
1028	0.000729295	1062236232	ops_par_loop_group_98	advec_mom_kernel2_y+reset_field_kernel2
1029	0.000021220	430304	ops_par_loop_update_halo_kernel1_b1_136	update_halo_kernel1_b1
1030	0.000020128	430304	ops_par_loop_update_halo_kernel1_t1_137	update_halo_kernel1_t1
1031	0.000023675	430304	ops_par_loop_update_halo_kernel1_l1_138	update_halo_kernel1_l1
1032	0.000024075	430304	ops_par_loop_update_halo_kernel1_r1_139	update_halo_kernel1_r1
1033	0.000019036	245952	ops_par_loop_group_103	update_halo_kernel2_xvel_plus_2_a+update_halo_kernel2_yvel_minus_2_a
1034	0.000019157	245952	ops_par_loop_group_104	update_halo_kernel2_xvel_plus_2_b+update_halo_kernel2_yvel_minus_2_b
1035	0.000020209	245952	ops_par_loop_group_105	update_halo_kernel2_xvel_minus_2_a+update_halo_kernel2_yvel_plus_2_a
1036	0.000021110	245952	ops_par_loop_group_106	update_halo_kernel2_xvel_minus_2_b+update_halo_kernel2_yvel_plus_2_b
1037	0.001738262	589885440	ops_par_loop_viscosity_kernel_148	viscosity_kernel
1038	0.000021501	430304	ops_par_loop_update_halo_kernel1_b1_149	update_halo_kernel1_b1
1039	0.000020669	430304	ops_par_loop_update_halo_kernel1_t1_150	update_halo_kernel1_t1
1040	0.000023154	430304	ops_par_loop_update_halo_kernel1_l1_151	update_halo_kernel1_l1
1041	0.000022883	430304	ops_par_loop_update_halo_kernel1_r1_152	update_halo_kernel1_r1
1042	0.000918335	1061744640	ops_par_loop_calc_dt_kernel_153	calc_dt_kernel
1043	1.061740734	1887436800	ops_par_loop_group_0	PdV_kernel_predict+ideal_gas_kernel
1044	0.000039535	430304	ops_par_loop_update_halo_kernel1_b1_2	update_halo_kernel1_b1
1045	0.000030929	430304	ops_par_loop_update_halo_kernel1_t1_3	update_halo_kernel1_t1
1046	0.000034456	430304	ops_par_loop_update_halo_kernel1_l1_4	update_halo_kernel1_l1
1047	0.000033624	430304	ops_par_loop_update_halo_kernel1_r1_5	update_halo_kernel1_r1
1048	0.001570362	1770147928	ops_par_loop_group_5	revert_kernel+accelerate_kernel
1049	0.001378168	1651507200	ops_par_loop_PdV_kernel_nopredict_8	PdV_kernel_nopredict
1050	0.000378959	471982080	ops_par_loop_flux_calc_kernelx_9	flux_calc_kernelx
1051	0.000370745	471982080	ops_par_loop_flux_calc_kernely_10	flux_calc_kernely
1052	0.000037682	553536	ops_par_loop_group_9	update_halo_kernel1_b2+update_halo_kernel4_minus_4_a
1053	0.000034977	553536	ops_par_loop_group_10	update_halo_kernel1_b1+update_halo_kernel4_minus_2_a
1054	0.000033584	246080	ops_par_loop_group_11	update_halo_kernel3_plus_4_a+update_halo_kernel2_xvel_plus_4_a
1055	0.000030828	246080	ops_par_loop_group_12	update_halo_kernel3_plus_2_a+update_halo_kernel2_xvel_plus_2_a
1056	0.000030999	123008	ops_par_loop_update_halo_kernel4_minus_4_b_29	update_halo_kernel4_minus_4_b
1057	0.000032893	553536	ops_par_loop_group_14	update_halo_kernel1_t2+update_halo_kernel4_minus_2_b
1058	0.000032893	430528	ops_par_loop_update_halo_kernel1_t1_14	update_halo_kernel1_t1
1059	0.000036890	246080	ops_par_loop_group_16	update_halo_kernel2_xvel_plus_4_b+update_halo_kernel2_yvel_minus_4_b
1060	0.000031650	246080	ops_par_loop_group_17	update_halo_kernel3_plus_4_b+update_halo_kernel2_xvel_plus_2_b
1061	0.000031300	123040	ops_par_loop_update_halo_kernel3_plus_2_b_22	update_halo_kernel3_plus_2_b
1062	0.000038473	553536	ops_par_loop_group_19	update_halo_kernel1_l2+update_halo_kernel3_minus_4_a
1063	0.000036229	553536	ops_par_loop_group_20	update_halo_kernel1_l1+update_halo_kernel3_minus_2_a
1064	0.000030829	123008	ops_par_loop_update_halo_kernel3_minus_4_b_25	update_halo_kernel3_minus_4_b
1065	0.000037491	553536	ops_par_loop_group_22	update_halo_kernel1_r2+update_halo_kernel3_minus_2_b
1066	0.000032682	430528	ops_par_loop_update_halo_kernel1_r1_18	update_halo_kernel1_r1
1067	0.000033394	246080	ops_par_loop_group_24	update_halo_kernel4_plus_4_a+update_halo_kernel2_xvel_minus_4_a
1068	0.000032432	246080	ops_par_loop_group_25	update_halo_kernel4_plus_2_a+update_halo_kernel2_xvel_minus_2_a
1069	0.000030759	123040	ops_par_loop_update_halo_kernel2_yvel_minus_4_a_54	update_halo_kernel2_yvel_minus_4_a
1070	0.000029255	123040	ops_par_loop_update_halo_kernel2_yvel_minus_2_a_55	update_halo_kernel2_yvel_minus_2_a
1071	0.000029697	123040	ops_par_loop_update_halo_kernel2_yvel_minus_2_b_57	update_halo_kernel2_yvel_minus_2_b
1072	0.000032472	246080	ops_par_loop_group_29	update_halo_kernel2_xvel_minus_4_b+update_halo_kernel2_yvel_plus_4_b
1073	0.000035197	246080	ops_par_loop_group_30	update_halo_kernel4_plus_4_b+update_halo_kernel2_xvel_minus_2_b
1074	0.000029776	123040	ops_par_loop_update_halo_kernel4_plus_2_b_34	update_halo_kernel4_plus_2_b
1075	0.000574091	591053440	ops_par_loop_advec_cell_kernel1_ydir_35	advec_cell_kernel1_ydir
1076	0.000822011	708203544	ops_par_loop_advec_cell_kernel3_ydir_36	advec_cell_kernel3_ydir
1077	0.001488958	1533542400	ops_par_loop_advec_cell_kernel4_ydir_37	advec_cell_kernel4_ydir
1078	0.000035658	553536	ops_par_loop_group_35	update_halo_kernel1_b2+update_halo_kernel4_minus_4_a
1079	0.000033905	553536	ops_par_loop_group_36	update_halo_kernel1_b1+update_halo_kernel4_minus_2_a
1080	0.000032892	123008	ops_par_loop_update_halo_kernel4_minus_4_b_64	update_halo_kernel4_minus_4_b
1081	0.000033604	553536	ops_par_loop_group_38	update_halo_kernel1_t2+update_halo_kernel4_minus_2_b
1082	0.000031620	430528	ops_par_loop_update_halo_kernel1_t1_41	update_halo_kernel1_t1
1083	0.000036078	430528	ops_par_loop_update_halo_kernel1_l2_42	update_halo_kernel1_l2
1084	0.000034857	430528	ops_par_loop_update_halo_kernel1_l1_43	update_halo_kernel1_l1
1085	0.000035387	430528	ops_par_loop_update_halo_kernel1_r2_44	update_halo_kernel1_r2
1086	0.000032622	430528	ops_par_loop_update_halo_kernel1_r1_45	update_halo_kernel1_r1
1087	0.000032972	246080	ops_par_loop_group_44	update_halo_kernel2_yvel_plus_4_a+update_halo_kernel4_plus_4_a
1088	0.000031510	246080	ops_par_loop_group_45	update_halo_kernel2_yvel_plus_2_a+update_halo_kernel4_plus_2_a
1089	0.000033855	246080	ops_par_loop_group_46	update_halo_kernel2_yvel_plus_2_b+update_halo_kernel4_plus_4_b
1090	0.000030428	123040	ops_par_loop_update_halo_kernel4_plus_2_b_69	update_halo_kernel4_plus_2_b
1091	0.000574912	591053440	ops_par_loop_advec_mom_kernel_y1_70	advec_mom_kernel_y1
1092	0.000205511	236236864	ops_par_loop_advec_mom_kernel_mass_flux_y_71	advec_mom_kernel_mass_flux_y
1093	0.000546628	590438520	ops_par_loop_advec_mom_kernel_post_pre_advec_y_72	advec_mom_kernel_post_pre_advec_y
1094	0.000895822	472258640	ops_par_loop_advec_mom_kernel1_y_nonvector_73	advec_mom_kernel1_y_nonvector
1095	0.000469992	590131240	ops_par_loop_advec_mom_kernel2_y_74	advec_mom_kernel2_y
1096	0.000577557	591053440	ops_par_loop_advec_mom_kernel_y1_75	advec_mom_kernel_y1
1097	0.000207323	236236864	ops_par_loop_advec_mom_kernel_mass_flux_y_76	advec_mom_kernel_mass_flux_y
1098	0.000543673	590438520	ops_par_loop_advec_mom_kernel_post_pre_advec_y_77	advec_mom_kernel_post_pre_advec_y
1099	0.000892806	472258640	ops_par_loop_advec_mom_kernel1_y_nonvector_78	advec_mom_kernel1_y_nonvector
1100	0.000459312	590131240	ops_par_loop_advec_mom_kernel2_y_79	advec_mom_kernel2_y
1101	0.000505481	472842752	ops_par_loop_advec_cell_kernel2_xdir_80	advec_cell_kernel2_xdir
1102	0.000808316	708203544	ops_par_loop_advec_cell_kernel3_xdir_81	advec_cell_kernel3_xdir
1103	0.001485261	1533542400	ops_par_loop_advec_cell_kernel4_xdir_82	advec_cell_kernel4_xdir
1104	0.000039746	553536	ops_par_loop_group_61	update_halo_kernel1_b2+update_halo_kernel4_minus_4_a
1105	0.000034796	553536	ops_par_loop_group_62	update_halo_kernel1_b1+update_halo_kernel4_minus_2_a
1106	0.000034335	246080	ops_par_loop_group_63	update_halo_kernel2_xvel_plus_4_a+update_halo_kernel2_yvel_minus_4_a
1107	0.000031219	246080	ops_par_loop_group_64	update_halo_kernel2_xvel_plus_2_a+update_halo_kernel2_yvel_minus_2_a
1108	0.000031119	246080	ops_par_loop_group_65	update_halo_kernel2_xvel_plus_4_b+update_halo_kernel2_yvel_minus_4_b
1109	0.000031129	246080	ops_par_loop_group_66	update_halo_kernel2_xvel_plus_2_b+update_halo_kernel2_yvel_minus_2_b
1110	0.000034205	246080	ops_par_loop_group_67	update_halo_kernel2_xvel_minus_4_a+update_halo_kernel2_yvel_plus_4_a
1111	0.000034355	246080	ops_par_loop_group_68	update_halo_kernel2_xvel_minus_2_a+update_halo_kernel2_yvel_plus_2_a
1112	0.000032532	246080	ops_par_loop_group_69	update_halo_kernel2_xvel_minus_4_b+update_halo_kernel2_yvel_plus_4_b
1113	0.000031299	246080	ops_par_loop_group_70	update_halo_kernel2_xvel_minus_2_b+update_halo_kernel2_yvel_plus_2_b
1114	0.000032051	123040	ops_par_loop_update_halo_kernel3_plus_4_a_107	update_halo_kernel3_plus_4_a
1115	0.000030608	123040	ops_par_loop_update_halo_kernel3_plus_2_a_108	update_halo_kernel3_plus_2_a
1116	0.000028794	123040	ops_par_loop_update_halo_kernel3_plus_4_b_109	update_halo_kernel3_plus_4_b
1117	0.000028775	123040	ops_par_loop_update_halo_kernel3_plus_2_b_110	update_halo_kernel3_plus_2_b
1118	0.000030568	123008	ops_par_loop_update_halo_kernel3_minus_4_b_113	update_halo_kernel3_minus_4_b
1119	0.000029957	123008	ops_par_loop_update_halo_kernel4_minus_4_b_117	update_halo_kernel4_minus_4_b
1120	0.000033744	553536	ops_par_loop_group_77	update_halo_kernel1_t2+update_halo_kernel4_minus_2_b
1121	0.000033163	430528	ops_par_loop_update_halo_kernel1_t1_86	update_halo_kernel1_t1
1122	0.000039265	553536	ops_par_loop_group_79	update_halo_kernel1_l2+update_halo_kernel3_minus_4_a
1123	0.000036790	553536	ops_par_loop_group_80	update_halo_kernel1_l1+update_halo_kernel3_minus_2_a
1124	0.000037280	553536	ops_par_loop_group_81	update_halo_kernel1_r2+update_halo_kernel3_minus_2_b
1125	0.000034185	430528	ops_par_loop_update_halo_kernel1_r1_90	update_halo_kernel1_r1
1126	0.000032442	123040	ops_par_loop_update_halo_kernel4_plus_4_a_119	update_halo_kernel4_plus_4_a
1127	0.000036580	123040	ops_par_loop_update_halo_kernel4_plus_2_a_120	update_halo_kernel4_plus_2_a
1128	0.000030208	123040	ops_par_loop_update_halo_kernel4_plus_4_b_121	update_halo_kernel4_plus_4_b
1129	0.000028955	123040	ops_par_loop_update_halo_kernel4_plus_2_b_122	update_halo_kernel4_plus_2_b
1130	0.001212834	944701952	ops_par_loop_group_87	advec_mom_kernel_x2+reset_field_kernel1
1131	0.000827702	708096064	ops_par_loop_group_88	advec_mom_kernel_mass_flux_x+ideal_gas_kernel
1132	0.000585392	590438520	ops_par_loop_advec_mom_kernel_post_pre_advec_x_125	advec_mom_kernel_post_pre_advec_x
1133	0.000901022	472258640	ops_par_loop_advec_mom_kernel1_x_nonvector_126	advec_mom_kernel1_x_nonvector
1134	0.000459693	590131240	ops_par_loop_advec_mom_kernel2_x_127	advec_mom_kernel2_x
1135	0.000513014	472842752	ops_par_loop_advec_mom_kernel_x2_128	advec_mom_kernel_x2
1136	0.000208466	236236864	ops_par_loop_advec_mom_kernel_mass_flux_x_129	advec_mom_kernel_mass_flux_x
1137	0.000588337	590438520	ops_par_loop_advec_mom_kernel_post_pre_advec_x_130	advec_mom_kernel_post_pre_advec_x
1138	0.000899098	472258640	ops_par_loop_advec_mom_kernel1_x_nonvector_131	advec_mom_kernel1_x_nonvector
1139	0.000746177	1062236232	ops_par_loop_group_96	advec_mom_kernel2_x+reset_field_kernel2
1140	0.000512103	471859200	ops_par_loop_ideal_gas_kernel_0	ideal_gas_kernel
1141	0.000022222	430304	ops_par_loop_update_halo_kernel1_b1_1	update_halo_kernel1_b1
1142	0.000022092	430304	ops_par_loop_update_halo_kernel1_t1_2	update_halo_kernel1_t1
1143	0.000024226	430304	ops_par_loop_update_halo_kernel1_l1_3	update_halo_kernel1_l1
1144	0.000025579	430304	ops_par_loop_update_halo_kernel1_r1_4	update_halo_kernel1_r1
1145	0.000020338	245952	ops_par_loop_group_5	update_halo_kernel2_xvel_plus_2_a+update_halo_kernel2_yvel_minus_2_a
1146	0.000020950	245952	ops_par_loop_group_6	update_halo_kernel2_xvel_plus_2_b+update_halo_kernel2_yvel_minus_2_b
1147	0.000020809	245952	ops_par_loop_group_7	update_halo_kernel2_xvel_minus_2_a+update_halo_kernel2_yvel_plus_2_a
1148	0.000022312	245952	ops_par_loop_group_8	update_halo_kernel2_xvel_minus_2_b+update_halo_kernel2_yvel_plus_2_b
1149	0.001740556	589885440	ops_par_loop_viscosity_kernel_13	viscosity_kernel
1150	0.000023274	430304	ops_par_loop_update_halo_kernel1_b1_14	update_halo_kernel1_b1
1151	0.000020980	430304	ops_par_loop_update_halo_kernel1_t1_15	update_halo_kernel1_t1
1152	0.000024527	430304	ops_par_loop_update_halo_kernel1_l1_16	update_halo_kernel1_l1
1153	0.000025779	430304	ops_par_loop_update_halo_kernel1_r1_17	update_halo_kernel1_r1
1154	0.000926339	1061744640	ops_par_loop_calc_dt_kernel_18	calc_dt_kernel
1155	0.001493617	1887436800	ops_par_loop_group_0	PdV_kernel_predict+ideal_gas_kernel
1156	0.000029245	430304	ops_par_loop_update_halo_kernel1_b1_2	update_halo_kernel1_b1
1157	0.000021651	430304	ops_par_loop_update_halo_kernel1_t1_3	update_halo_kernel1_t1
1158	0.000025539	430304	ops_par_loop_update_halo_kernel1_l1_4	update_halo_kernel1_l1
1159	0.000025469	430304	ops_par_loop_update_halo_kernel1_r1_5	update_halo_kernel1_r1
1160	0.001561035	1770147928	ops_par_loop_group_5	revert_kernel+accelerate_kernel
1161	0.001355374	1651507200	ops_par_loop_PdV_kernel_nopredict_8	PdV_kernel_nopredict
1162	0.000361717	471982080	ops_par_loop_flux_calc_kernelx_9	flux_calc_kernelx
1163	0.000359162	471982080	ops_par_loop_flux_calc_kernely_10	flux_calc_kernely
1164	0.000021951	553536	ops_par_loop_group_9	update_halo_kernel1_b2+update_halo_kernel4_minus_4_a
1165	0.000021901	553536	ops_par_loop_group_10	update_halo_kernel1_b1+update_halo_kernel4_minus_2_a
1166	0.000019958	246080	ops_par_loop_group_11	update_halo_kernel3_plus_4_a+update_halo_kernel2_xvel_plus_4_a
1167	0.000019126	246080	ops_par_loop_group_12	update_halo_kernel3_plus_2_a+update_halo_kernel2_xvel_plus_2_a
1168	0.000018575	123008	ops_par_loop_update_halo_kernel4_minus_4_b_29	update_halo_kernel4_minus_4_b
1169	0.000021671	553536	ops_par_loop_group_14	update_halo_kernel1_t2+update_halo_kernel4_minus_2_b
1170	0.000021441	430528	ops_par_loop_update_halo_kernel1_t1_14	update_halo_kernel1_t1
1171	0.000021400	246080	ops_par_loop_group_16	update_halo_kernel2_xvel_plus_4_b+update_halo_kernel2_yvel_minus_4_b
1172	0.000019106	246080	ops_par_loop_group_17	update_halo_kernel3_plus_4_b+update_halo_kernel2_xvel_plus_2_b
1173	0.000018545	123040	ops_par_loop_update_halo_kernel3_plus_2_b_22	update_halo_kernel3_plus_2_b
1174	0.000026430	553536	ops_par_loop_group_19	update_halo_kernel1_l2+update_halo_kernel3_minus_4_a
1175	0.000023274	553536	ops_par_loop_group_20	update_halo_kernel1_l1+update_halo_kernel3_minus_2_a
1176	0.000019096	123008	ops_par_loop_update_halo_kernel3_minus_4_b_25	update_halo_kernel3_minus_4_b
1177	0.000025228	553536	ops_par_loop_group_22	update_halo_kernel1_r2+update_halo_kernel3_minus_2_b
1178	0.000021811	430528	ops_par_loop_update_halo_kernel1_r1_18	update_halo_kernel1_r1
1179	0.000021932	246080	ops_par_loop_group_24	update_halo_kernel4_plus_4_a+update_halo_kernel2_xvel_minus_4_a
1180	0.000019828	246080	ops_par_loop_group_25	update_halo_kernel4_plus_2_a+update_halo_kernel2_xvel_minus_2_a
1181	0.000019367	123040	ops_par_loop_update_halo_kernel2_yvel_minus_4_a_54	update_halo_kernel2_yvel_minus_4_a
1182	0.000017874	123040	ops_par_loop_update_halo_kernel2_yvel_minus_2_a_55	update_halo_kernel2_yvel_minus_2_a
1183	0.000018795	123040	ops_par_loop_update_halo_kernel2_yvel_minus_2_b_57	update_halo_kernel2_yvel_minus_2_b
1184	0.000021000	246080	ops_par_loop_group_29	update_halo_kernel2_xvel_minus_4_b+update_halo_kernel2_yvel_plus_4_b
1185	0.000021351	246080	ops_par_loop_group_30	update_halo_kernel4_plus_4_b+update_halo_kernel2_xvel_minus_2_b
1186	0.000018515	123040	ops_par_loop_update_halo_kernel4_plus_2_b_34	update_halo_kernel4_plus_2_b
1187	0.000564141	591053440	ops_par_loop_advec_cell_kernel1_xdir_35	advec_cell_kernel1_xdir
1188	0.000773048	708203544	ops_par_loop_advec_cell_kernel3_xdir_36	advec_cell_kernel3_xdir
1189	0.001462388	1533542400	ops_par_loop_advec_cell_kernel4_xdir_37	advec_cell_kernel4_xdir
1190	0.000021801	430528	ops_par_loop_update_halo_kernel1_b2_38	update_halo_kernel1_b2
1191	0.000021040	430528	ops_par_loop_update_halo_kernel1_b1_39	update_halo_kernel1_b1
1192	0.000020118	430528	ops_par_loop_update_halo_kernel1_t2_40	update_halo_kernel1_t2
1193	0.000021030	430528	ops_par_loop_update_halo_kernel1_t1_41	update_halo_kernel1_t1
1194	0.000020289	123040	ops_par_loop_update_halo_kernel3_plus_4_a_62	update_halo_kernel3_plus_4_a
1195	0.000019076	123040	ops_par_loop_update_halo_kernel3_plus_2_a_63	update_halo_kernel3_plus_2_a
1196	0.000018475	123040	ops_par_loop_update_halo_kernel3_plus_4_b_64	update_halo_kernel3_plus_4_b
1197	0.000018365	123040	ops_par_loop_update_halo_kernel3_plus_2_b_65	update_halo_kernel3_plus_2_b
1198	0.000026169	553536	ops_par_loop_group_43	update_halo_kernel1_l2+update_halo_kernel3_minus_4_a
1199	0.000024025	553536	ops_par_loop_group_44	update_halo_kernel1_l1+update_halo_kernel3_minus_2_a
1200	0.000019377	123008	ops_par_loop_update_halo_kernel3_minus_4_b_68	update_halo_kernel3_minus_4_b
1201	0.000024156	553536	ops_par_loop_group_46	update_halo_kernel1_r2+update_halo_kernel3_minus_2_b
1202	0.000022152	430528	ops_par_loop_update_halo_kernel1_r1_45	update_halo_kernel1_r1
1203	0.000562339	591053440	ops_par_loop_advec_mom_kernel_x1_70	advec_mom_kernel_x1
1204	0.000194370	236236864	ops_par_loop_advec_mom_kernel_mass_flux_x_71	advec_mom_kernel_mass_flux_x
1205	0.000574892	590438520	ops_par_loop_advec_mom_kernel_post_pre_advec_x_72	advec_mom_kernel_post_pre_advec_x
1206	0.000885111	472258640	ops_par_loop_advec_mom_kernel1_x_nonvector_73	advec_mom_kernel1_x_nonvector
1207	0.000451899	590131240	ops_par_loop_advec_mom_kernel2_x_74	advec_mom_kernel2_x
1208	0.000560915	591053440	ops_par_loop_advec_mom_kernel_x1_75	advec_mom_kernel_x1
1209	0.000194660	236236864	ops_par_loop_advec_mom_kernel_mass_flux_x_76	advec_mom_kernel_mass_flux_x
1210	0.000575062	590438520	ops_par_loop_advec_mom_kernel_post_pre_advec_x_77	advec_mom_kernel_post_pre_advec_x
1211	0.000021210	246080	ops_par_loop_group_56	update_halo_kernel2_xvel_plus_4_a+update_halo_kernel3_plus_4_a
1212	0.000019718	246080	ops_par_loop_group_57	update_halo_kernel2_xvel_plus_2_a+update_halo_kernel3_plus_2_a
1213	0.000018555	123040	ops_par_loop_update_halo_kernel2_xvel_plus_4_b_93	update_halo_kernel2_xvel_plus_4_b
1214	0.000019437	246080	ops_par_loop_group_59	update_halo_kernel2_xvel_plus_2_b+update_halo_kernel3_plus_4_b
1215	0.000021812	246080	ops_par_loop_group_60	update_halo_kernel2_yvel_plus_4_a+update_halo_kernel2_xvel_minus_4_a
1216	0.000020378	246080	ops_par_loop_group_61	update_halo_kernel2_yvel_plus_2_a+update_halo_kernel2_xvel_minus_2_a
1217	0.000020259	123040	ops_par_loop_update_halo_kernel2_xvel_minus_4_b_97	update_halo_kernel2_xvel_minus_4_b
1218	0.000020669	246080	ops_par_loop_group_63	update_halo_kernel2_yvel_plus_2_b+update_halo_kernel2_xvel_minus_2_b
1219	0.000883148	472258640	ops_par_loop_advec_mom_kernel1_x_nonvector_78	advec_mom_kernel1_x_nonvector
1220	0.000451237	590131240	ops_par_loop_advec_mom_kernel2_x_79	advec_mom_kernel2_x
1221	0.000498526	472842752	ops_par_loop_advec_cell_kernel2_ydir_80	advec_cell_kernel2_ydir
1222	0.000790061	708203544	ops_par_loop_advec_cell_kernel3_ydir_81	advec_cell_kernel3_ydir
1223	0.001469842	1533542400	ops_par_loop_advec_cell_kernel4_ydir_82	advec_cell_kernel4_ydir
1224	0.000023985	553536	ops_par_loop_group_69	update_halo_kernel1_b2+update_halo_kernel4_minus_4_a
1225	0.000021782	553536	ops_par_loop_group_70	update_halo_kernel1_b1+update_halo_kernel4_minus_2_a
1226	0.000019036	123040	ops_par_loop_update_halo_kernel2_yvel_minus_4_a_99	update_halo_kernel2_yvel_minus_4_a
1227	0.000018736	123040	ops_par_loop_update_halo_kernel2_yvel_minus_2_a_100	update_halo_kernel2_yvel_minus_2_a
1228	0.000018706	123040	ops_par_loop_update_halo_kernel2_yvel_minus_4_b_101	update_halo_kernel2_yvel_minus_4_b
1229	0.000018525	123040	ops_par_loop_update_halo_kernel2_yvel_minus_2_b_102	update_halo_kernel2_yvel_minus_2_b
1230	0.000021230	123040	ops_par_loop_update_halo_kernel2_yvel_plus_4_b_105	update_halo_kernel2_yvel_plus_4_b
1231	0.000019317	123040	ops_par_loop_update_halo_kernel3_plus_2_b_110	update_halo_kernel3_plus_2_b
1232	0.000019246	123008	ops_par_loop_update_halo_kernel3_minus_4_b_113	update_halo_kernel3_minus_4_b
1233	0.000017994	123008	ops_par_loop_update_halo_kernel4_minus_4_b_117	update_halo_kernel4_minus_4_b
1234	0.000022212	553536	ops_par_loop_group_79	update_halo_kernel1_t2+update_halo_kernel4_minus_2_b
1235	0.000020429	430528	ops_par_loop_update_halo_kernel1_t1_86	update_halo_kernel1_t1
1236	0.000026861	553536	ops_par_loop_group_81	update_halo_kernel1_l2+update_halo_kernel3_minus_4_a
1237	0.000023274	553536	ops_par_loop_group_82	update_halo_kernel1_l1+update_halo_kernel3_minus_2_a
1238	0.000025027	553536	ops_par_loop_group_83	update_halo_kernel1_r2+update_halo_kernel3_minus_2_b
1239	0.000021922	430528	ops_par_loop_update_halo_kernel1_r1_90	update_halo_kernel1_r1
1240	0.000021240	246080	ops_par_loop_group_85	update_halo_kernel2_yvel_plus_4_a+update_halo_kernel4_plus_4_a
1241	0.000019948	246080	ops_par_loop_group_86	update_halo_kernel2_yvel_plus_2_a+update_halo_kernel4_plus_2_a
1242	0.000020619	246080	ops_par_loop_group_87	update_halo_kernel2_yvel_plus_2_b+update_halo_kernel4_plus_4_b
1243	0.000019607	123040	ops_par_loop_update_halo_kernel4_plus_2_b_122	update_halo_kernel4_plus_2_b
1244	0.001194479	944701952	ops_par_loop_group_89	advec_mom_kernel_y2+reset_field_kernel1
1245	0.000737100	708096064	ops_par_loop_group_90	advec_mom_kernel_mass_flux_y+ideal_gas_kernel
1246	0.000531470	590438520	ops_par_loop_advec_mom_kernel_post_pre_advec_y_125	advec_mom_kernel_post_pre_advec_y
1247	0.000879261	472258640	ops_par_loop_advec_mom_kernel1_y_nonvector_126	advec_mom_kernel1_y_nonvector
1248	0.000447170	590131240	ops_par_loop_advec_mom_kernel2_y_127	advec_mom_kernel2_y
1249	0.000491313	472842752	ops_par_loop_advec_mom_kernel_y2_128	advec_mom_kernel_y2
1250	0.000192235	236236864	ops_par_loop_advec_mom_kernel_mass_flux_y_129	advec_mom_kernel_mass_flux_y
1251	0.000532321	590438520	ops_par_loop_advec_mom_kernel_post_pre_advec_y_130	advec_mom_kernel_post_pre_advec_y
1252	0.000878269	472258640	ops_par_loop_advec_mom_kernel1_y_nonvector_131	advec_mom_kernel1_y_nonvector
1253	0.000730117	1062236232	ops_par_loop_group_98	advec_mom_kernel2_y+reset_field_kernel2
1254	0.000022352	430304	ops_par_loop_update_halo_kernel1_b1_136	update_halo_kernel1_b1
1255	0.000020930	430304	ops_par_loop_update_halo_kernel1_t1_137	update_halo_kernel1_t1
1256	0.000025960	430304	ops_par_loop_update_halo_kernel1_l1_138	update_halo_kernel1_l1
1257	0.000024908	430304	ops_par_loop_update_halo_kernel1_r1_139	update_halo_kernel1_r1
1258	0.000020148	245952	ops_par_loop_group_103	update_halo_kernel2_xvel_plus_2_a+update_halo_kernel2_yvel_minus_2_a
1259	0.000020179	245952	ops_par_loop_group_104	update_halo_kernel2_xvel_plus_2_b+update_halo_kernel2_yvel_minus_2_b
1260	0.000022212	245952	ops_par_loop_group_105	update_halo_kernel2_xvel_minus_2_a+update_halo_kernel2_yvel_plus_2_a
1261	0.000021220	245952	ops_par_loop_group_106	update_halo_kernel2_xvel_minus_2_b+update_halo_kernel2_yvel_plus_2_b
1262	0.001738121	589885440	ops_par_loop_viscosity_kernel_148	viscosity_kernel
1263	0.000021711	430304	ops_par_loop_update_halo_kernel1_b1_149	update_halo_kernel1_b1
1264	0.000021090	430304	ops_par_loop_update_halo_kernel1_t1_150	update_halo_kernel1_t1
1265	0.000023615	430304	ops_par_loop_update_halo_kernel1_l1_151	update_halo_kernel1_l1
1266	0.000023144	430304	ops_par_loop_update_halo_kernel1_r1_152	update_halo_kernel1_r1
1267	0.000920439	1061744640	ops_par_loop_calc_dt_kernel_153	calc_dt_kernel
1268	0.001481555	1887436800	ops_par_loop_group_0	PdV_kernel_predict+ideal_gas_kernel
1269	0.000022192	430304	ops_par_loop_update_halo_kernel1_b1_2	update_halo_kernel1_b1
1270	0.000021200	430304	ops_par_loop_update_halo_kernel1_t1_3	update_halo_kernel1_t1
1271	0.000023585	430304	ops_par_loop_update_halo_kernel1_l1_4	update_halo_kernel1_l1
1272	0.000024466	430304	ops_par_loop_update_halo_kernel1_r1_5	update_halo_kernel1_r1
1273	0.001556036	1770147928	ops_par_loop_group_5	revert_kernel+accelerate_kernel
1274	0.001357568	1651507200	ops_par_loop_PdV_kernel_nopredict_8	PdV_kernel_nopredict
1275	0.000363530	471982080	ops_par_loop_flux_calc_kernelx_9	flux_calc_kernelx
1276	0.000356838	471982080	ops_par_loop_flux_calc_kernely_10	flux_calc_kernely
1277	0.000021481	553536	ops_par_loop_group_9	update_halo_kernel1_b2+update_halo_kernel4_minus_4_a
1278	0.000021140	553536	ops_par_loop_group_10	update_halo_kernel1_b1+update_halo_kernel4_minus_2_a
1279	0.000019497	246080	ops_par_loop_group_11	update_halo_kernel3_plus_4_a+update_halo_kernel2_xvel_plus_4_a
1280	0.000018435	246080	ops_par_loop_group_12	update_halo_kernel3_plus_2_a+update_halo_kernel2_xvel_plus_2_a
1281	0.000037501	123008	ops_par_loop_update_halo_kernel4_minus_4_b_29	update_halo_kernel4_minus_4_b
1282	0.000021821	553536	ops_par_loop_group_14	update_halo_kernel1_t2+update_halo_kernel4_minus_2_b
1283	0.000020309	430528	ops_par_loop_update_halo_kernel1_t1_14	update_halo_kernel1_t1
1284	0.000019226	246080	ops_par_loop_group_16	update_halo_kernel2_xvel_plus_4_b+update_halo_kernel2_yvel_minus_4_b
1285	0.000018626	246080	ops_par_loop_group_17	update_halo_kernel3_plus_4_b+update_halo_kernel2_xvel_plus_2_b
1286	0.000018455	123040	ops_par_loop_update_halo_kernel3_plus_2_b_22	update_halo_kernel3_plus_2_b
1287	0.000025900	553536	ops_par_loop_group_19	update_halo_kernel1_l2+update_halo_kernel3_minus_4_a
1288	0.000022492	553536	ops_par_loop_group_20	update_halo_kernel1_l1+update_halo_kernel3_minus_2_a
1289	0.000018856	123008	ops_par_loop_update_halo_kernel3_minus_4_b_25	update_halo_kernel3_minus_4_b
1290	0.000025037	553536	ops_par_loop_group_22	update_halo_kernel1_r2+update_halo_kernel3_minus_2_b
1291	0.000023154	430528	ops_par_loop_update_halo_kernel1_r1_18	update_halo_kernel1_r1
1292	0.000021551	246080	ops_par_loop_group_24	update_halo_kernel4_plus_4_a+update_halo_kernel2_xvel_minus_4_a
1293	0.000020590	246080	ops_par_loop_group_25	update_halo_kernel4_plus_2_a+update_halo_kernel2_xvel_minus_2_a
1294	0.000019708	123040	ops_par_loop_update_halo_kernel2_yvel_minus_4_a_54	update_halo_kernel2_yvel_minus_4_a
1295	0.000018856	123040	ops_par_loop_update_halo_kernel2_yvel_minus_2_a_55	update_halo_kernel2_yvel_minus_2_a
1296	0.000018806	123040	ops_par_loop_update_halo_kernel2_yvel_minus_2_b_57	update_halo_kernel2_yvel_minus_2_b
1297	0.000021912	246080	ops_par_loop_group_29	update_halo_kernel2_xvel_minus_4_b+update_halo_kernel2_yvel_plus_4_b
1298	0.000021211	246080	ops_par_loop_group_30	update_halo_kernel4_plus_4_b+update_halo_kernel2_xvel_minus_2_b
1299	0.000018555	123040	ops_par_loop_update_halo_kernel4_plus_2_b_34	update_halo_kernel4_plus_2_b
1300	0.000564332	591053440	ops_par_loop_advec_cell_kernel1_ydir_35	advec_cell_kernel1_ydir
1301	0.000789420	708203544	ops_par_loop_advec_cell_kernel3_ydir_36	advec_cell_kernel3_ydir
1302	0.001476094	1533542400	ops_par_loop_advec_cell_kernel4_ydir_37	advec_cell_kernel4_ydir
1303	0.000023164	553536	ops_par_loop_group_35	update_halo_kernel1_b2+update_halo_kernel4_minus_4_a
1304	0.000021371	553536	ops_par_loop_group_36	update_halo_kernel1_b1+update_halo_kernel4_minus_2_a
1305	0.000018866	123008	ops_par_loop_update_halo_kernel4_minus_4_b_64	update_halo_kernel4_minus_4_b
1306	0.000020920	553536	ops_par_loop_group_38	update_halo_kernel1_t2+update_halo_kernel4_minus_2_b
1307	0.000020610	430528	ops_par_loop_update_halo_kernel1_t1_41	update_halo_kernel1_t1
1308	0.000023545	430528	ops_par_loop_update_halo_kernel1_l2_42	update_halo_kernel1_l2
1309	0.000020840	430528	ops_par_loop_update_halo_kernel1_l1_43	update_halo_kernel1_l1
1310	0.000023134	430528	ops_par_loop_update_halo_kernel1_r2_44	update_halo_kernel1_r2
1311	0.000021491	430528	ops_par_loop_update_halo_kernel1_r1_45	update_halo_kernel1_r1
1312	0.000020909	246080	ops_par_loop_group_44	update_halo_kernel2_yvel_plus_4_a+update_halo_kernel4_plus_4_a
1313	0.000018836	246080	ops_par_loop_group_45	update_halo_kernel2_yvel_plus_2_a+update_halo_kernel4_plus_2_a
1314	0.000020479	246080	ops_par_loop_group_46	update_halo_kernel2_yvel_plus_2_b+update_halo_kernel4_plus_4_b
1315	0.000018926	123040	ops_par_loop_update_halo_kernel4_plus_2_b_69	update_halo_kernel4_plus_2_b
1316	0.000565013	591053440	ops_par_loop_advec_mom_kernel_y1_70	advec_mom_kernel_y1
1317	0.000192606	236236864	ops_par_loop_advec_mom_kernel_mass_flux_y_71	advec_mom_kernel_mass_flux_y
1318	0.000533163	590438520	ops_par_loop_advec_mom_kernel_post_pre_advec_y_72	advec_mom_kernel_post_pre_advec_y
1319	0.000878538	472258640	ops_par_loop_advec_mom_kernel1_y_nonvector_73	advec_mom_kernel1_y_nonvector
1320	0.000450446	590131240	ops_par_loop_advec_mom_kernel2_y_74	advec_mom_kernel2_y
1321	0.000560414	591053440	ops_par_loop_advec_mom_kernel_y1_75	advec_mom_kernel_y1
1322	0.000191634	236236864	ops_par_loop_advec_mom_kernel_mass_flux_y_76	advec_mom_kernel_mass_flux_y
1323	0.000532631	590438520	ops_par_loop_advec_mom_kernel_post_pre_advec_y_77	advec_mom_kernel_post_pre_advec_y
1324	0.000877857	472258640	ops_par_loop_advec_mom_kernel1_y_nonvector_78	advec_mom_kernel1_y_nonvector
1325	0.000446538	590131240	ops_par_loop_advec_mom_kernel2_y_79	advec_mom_kernel2_y
1326	0.000491804	472842752	ops_par_loop_advec_cell_kernel2_xdir_80	advec_cell_kernel2_xdir
1327	0.000773238	708203544	ops_par_loop_advec_cell_kernel3_xdir_81	advec_cell_kernel3_xdir
1328	0.001458100	1533542400	ops_par_loop_advec_cell_kernel4_xdir_82	advec_cell_kernel4_xdir
1329	0.000022192	553536	ops_par_loop_group_61	update_halo_kernel1_b2+update_halo_kernel4_minus_4_a
1330	0.000021321	553536	ops_par_loop_group_62	update_halo_kernel1_b1+update_halo_kernel4_minus_2_a
1331	0.000019918	246080	ops_par_loop_group_63	update_halo_kernel2_xvel_plus_4_a+update_halo_kernel2_yvel_minus_4_a
1332	0.000018865	246080	ops_par_loop_group_64	update_halo_kernel2_xvel_plus_2_a+update_halo_kernel2_yvel_minus_2_a
1333	0.000019236	246080	ops_par_loop_group_65	update_halo_kernel2_xvel_plus_4_b+update_halo_kernel2_yvel_minus_4_b
1334	0.000019197	246080	ops_par_loop_group_66	update_halo_kernel2_xvel_plus_2_b+update_halo_kernel2_yvel_minus_2_b
1335	0.000020990	246080	ops_par_loop_group_67	update_halo_kernel2_xvel_minus_4_a+update_halo_kernel2_yvel_plus_4_a
1336	0.000026270	246080	ops_par_loop_group_68	update_halo_kernel2_xvel_minus_2_a+update_halo_kernel2_yvel_plus_2_a
1337	0.000020919	246080	ops_par_loop_group_69	update_halo_kernel2_xvel_minus_4_b+update_halo_kernel2_yvel_plus_4_b
1338	0.000019678	246080	ops_par_loop_group_70	update_halo_kernel2_xvel_minus_2_b+update_halo_kernel2_yvel_plus_2_b
1339	0.000019247	123040	ops_par_loop_update_halo_kernel3_plus_4_a_107	update_halo_kernel3_plus_4_a
1340	0.000018395	123040	ops_par_loop_update_halo_kernel3_plus_2_a_108	update_halo_kernel3_plus_2_a
1341	0.000018204	123040	ops_par_loop_update_halo_kernel3_plus_4_b_109	update_halo_kernel3_plus_4_b
1342	0.000018986	123040	ops_par_loop_update_halo_kernel3_plus_2_b_110	update_halo_kernel3_plus_2_b
1343	0.000019697	123008	ops_par_loop_update_halo_kernel3_minus_4_b_113	update_halo_kernel3_minus_4_b
1344	0.000017994	123008	ops_par_loop_update_halo_kernel4_minus_4_b_117	update_halo_kernel4_minus_4_b
1345	0.000020579	553536	ops_par_loop_group_77	update_halo_kernel1_t2+update_halo_kernel4_minus_2_b
1346	0.000020549	430528	ops_par_loop_update_halo_kernel1_t1_86	update_halo_kernel1_t1
1347	0.000027161	553536	ops_par_loop_group_79	update_halo_kernel1_l2+update_halo_kernel3_minus_4_a
1348	0.000024005	553536	ops_par_loop_group_80	update_halo_kernel1_l1+update_halo_kernel3_minus_2_a
1349	0.000023935	553536	ops_par_loop_group_81	update_halo_kernel1_r2+update_halo_kernel3_minus_2_b
1350	0.000021270	430528	ops_par_loop_update_halo_kernel1_r1_90	update_halo_kernel1_r1
1351	0.000020088	123040	ops_par_loop_update_halo_kernel4_plus_4_a_119	update_halo_kernel4_plus_4_a
1352	0.000018635	123040	ops_par_loop_update_halo_kernel4_plus_2_a_120	update_halo_kernel4_plus_2_a
1353	0.000019146	123040	ops_par_loop_update_halo_kernel4_plus_4_b_121	update_halo_kernel4_plus_4_b
1354	0.000017663	123040	ops_par_loop_update_halo_kernel4_plus_2_b_122	update_halo_kernel4_plus_2_b
1355	0.001203416	944701952	ops_par_loop_group_87	advec_mom_kernel_x2+reset_field_kernel1
1356	0.000801242	708096064	ops_par_loop_group_88	advec_mom_kernel_mass_flux_x+ideal_gas_kernel
1357	0.000575022	590438520	ops_par_loop_advec_mom_kernel_post_pre_advec_x_125	advec_mom_kernel_post_pre_advec_x
1358	0.000885612	472258640	ops_par_loop_advec_mom_kernel1_x_nonvector_126	advec_mom_kernel1_x_nonvector
1359	0.000443151	590131240	ops_par_loop_advec_mom_kernel2_x_127	advec_mom_kernel2_x
1360	0.000498376	472842752	ops_par_loop_advec_mom_kernel_x2_128	advec_mom_kernel_x2
1361	0.000194239	236236864	ops_par_loop_advec_mom_kernel_mass_flux_x_129	advec_mom_kernel_mass_flux_x
1362	0.000574691	590438520	ops_par_loop_advec_mom_kernel_post_pre_advec_x_130	advec_mom_kernel_post_pre_advec_x
1363	0.000884290	472258640	ops_par_loop_advec_mom_kernel1_x_nonvector_131	advec_mom_kernel1_x_nonvector
1364	0.000735918	1062236232	ops_par_loop_group_96	advec_mom_kernel2_x+reset_field_kernel2
1365	0.000028624	430304	ops_par_loop_update_halo_kernel1_b1_136	update_halo_kernel1_b1
1366	0.000023574	430304	ops_par_loop_update_halo_kernel1_t1_137	update_halo_kernel1_t1
1367	0.000028164	430304	ops_par_loop_update_halo_kernel1_l1_138	update_halo_kernel1_l1
1368	0.000028234	430304	ops_par_loop_update_halo_kernel1_r1_139	update_halo_kernel1_r1
1369	0.000022312	245952	ops_par_loop_group_101	update_halo_kernel2_xvel_plus_2_a+update_halo_kernel2_yvel_minus_2_a
1370	0.000020188	245952	ops_par_loop_group_102	update_halo_kernel2_xvel_plus_2_b+update_halo_kernel2_yvel_minus_2_b
1371	0.000022843	245952	ops_par_loop_group_103	update_halo_kernel2_xvel_minus_2_a+update_halo_kernel2_yvel_plus_2_a
1372	0.000021400	245952	ops_par_loop_group_104	update_halo_kernel2_xvel_minus_2_b+update_halo_kernel2_yvel_plus_2_b
1373	0.001738141	589885440	ops_par_loop_viscosity_kernel_148	viscosity_kernel
1374	0.000023946	430304	ops_par_loop_update_halo_kernel1_b1_149	update_halo_kernel1_b1
1375	0.000022192	430304	ops_par_loop_update_halo_kernel1_t1_150	update_halo_kernel1_t1
1376	0.000027332	430304	ops_par_loop_update_halo_kernel1_l1_151	update_halo_kernel1_l1
1377	0.000026240	430304	ops_par_loop_update_halo_kernel1_r1_152	update_halo_kernel1_r1
1378	0.000921411	1061744640	ops_par_loop_calc_dt_kernel_153	calc_dt_kernel
1379	0.001488989	1887436800	ops_par_loop_group_0	PdV_kernel_predict+ideal_gas_kernel
1380	0.000022884	430304	ops_par_loop_update_halo_kernel1_b1_2	update_halo_kernel1_b1
1381	0.000020519	430304	ops_par_loop_update_halo_kernel1_t1_3	update_halo_kernel1_t1
1382	0.000023134	430304	ops_par_loop_update_halo_kernel1_l1_4	update_halo_kernel1_l1
1383	0.000023585	430304	ops_par_loop_update_halo_kernel1_r1_5	update_halo_kernel1_r1
1384	0.001558690	1770147928	ops_par_loop_group_5	revert_kernel+accelerate_kernel
1385	0.001359502	1651507200	ops_par_loop_PdV_kernel_nopredict_8	PdV_kernel_nopredict
1386	0.000364883	471982080	ops_par_loop_flux_calc_kernelx_9	flux_calc_kernelx
1387	0.000358621	471982080	ops_par_loop_flux_calc_kernely_10	flux_calc_kernely
1388	0.000022232	553536	ops_par_loop_group_9	update_halo_kernel1_b2+update_halo_kernel4_minus_4_a
1389	0.000020249	553536	ops_par_loop_group_10	update_halo_kernel1_b1+update_halo_kernel4_minus_2_a
1390	0.000019547	246080	ops_par_loop_group_11	update_halo_kernel3_plus_4_a+update_halo_kernel2_xvel_plus_4_a
1391	0.000019036	246080	ops_par_loop_group_12	update_halo_kernel3_plus_2_a+update_halo_kernel2_xvel_plus_2_a
1392	0.000018455	123008	ops_par_loop_update_halo_kernel4_minus_4_b_29	update_halo_kernel4_minus_4_b
1393	0.000020759	553536	ops_par_loop_group_14	update_halo_kernel1_t2+update_halo_kernel4_minus_2_b
1394	0.000019417	430528	ops_par_loop_update_halo_kernel1_t1_14	update_halo_kernel1_t1
1395	0.000019818	246080	ops_par_loop_group_16	update_halo_kernel2_xvel_plus_4_b+update_halo_kernel2_yvel_minus_4_b
1396	0.000019046	246080	ops_par_loop_group_17	update_halo_kernel3_plus_4_b+update_halo_kernel2_xvel_plus_2_b
1397	0.000017874	123040	ops_par_loop_update_halo_kernel3_plus_2_b_22	update_halo_kernel3_plus_2_b
1398	0.000025488	553536	ops_par_loop_group_19	update_halo_kernel1_l2+update_halo_kernel3_minus_4_a
1399	0.000022814	553536	ops_par_loop_group_20	update_halo_kernel1_l1+update_halo_kernel3_minus_2_a
1400	0.000019167	123008	ops_par_loop_update_halo_kernel3_minus_4_b_25	update_halo_kernel3_minus_4_b
1401	0.000023635	553536	ops_par_loop_group_22	update_halo_kernel1_r2+update_halo_kernel3_minus_2_b
1402	0.000020829	430528	ops_par_loop_update_halo_kernel1_r1_18	update_halo_kernel1_r1
1403	0.000021211	246080	ops_par_loop_group_24	update_halo_kernel4_plus_4_a+update_halo_kernel2_xvel_minus_4_a
1404	0.000019417	246080	ops_par_loop_group_25	update_halo_kernel4_plus_2_a+update_halo_kernel2_xvel_minus_2_a
1405	0.000017834	123040	ops_par_loop_update_halo_kernel2_yvel_minus_4_a_54	update_halo_kernel2_yvel_minus_4_a
1406	0.000017463	123040	ops_par_loop_update_halo_kernel2_yvel_minus_2_a_55	update_halo_kernel2_yvel_minus_2_a
1407	0.000018115	123040	ops_par_loop_update_halo_kernel2_yvel_minus_2_b_57	update_halo_kernel2_yvel_minus_2_b
1408	0.000020299	246080	ops_par_loop_group_29	update_halo_kernel2_xvel_minus_4_b+update_halo_kernel2_yvel_plus_4_b
1409	0.000020289	246080	ops_par_loop_group_30	update_halo_kernel4_plus_4_b+update_halo_kernel2_xvel_minus_2_b
1410	0.000018335	123040	ops_par_loop_update_halo_kernel4_plus_2_b_34	update_halo_kernel4_plus_2_b
1411	0.000561116	591053440	ops_par_loop_advec_cell_kernel1_xdir_35	advec_cell_kernel1_xdir
1412	0.000772738	708203544	ops_par_loop_advec_cell_kernel3_xdir_36	advec_cell_kernel3_xdir
1413	0.001460464	1533542400	ops_par_loop_advec_cell_kernel4_xdir_37	advec_cell_kernel4_xdir
1414	0.000021491	430528	ops_par_loop_update_halo_kernel1_b2_38	update_halo_kernel1_b2
1415	0.000019677	430528	ops_par_loop_update_halo_kernel1_b1_39	update_halo_kernel1_b1
1416	0.000020168	430528	ops_par_loop_update_halo_kernel1_t2_40	update_halo_kernel1_t2
1417	0.000020179	430528	ops_par_loop_update_halo_kernel1_t1_41	update_halo_kernel1_t1
1418	0.000018696	123040	ops_par_loop_update_halo_kernel3_plus_4_a_62	update_halo_kernel3_plus_4_a
1419	0.000019367	123040	ops_par_loop_update_halo_kernel3_plus_2_a_63	update_halo_kernel3_plus_2_a
1420	0.000018535	123040	ops_par_loop_update_halo_kernel3_plus_4_b_64	update_halo_kernel3_plus_4_b
1421	0.000018626	123040	ops_par_loop_update_halo_kernel3_plus_2_b_65	update_halo_kernel3_plus_2_b
1422	0.000026150	553536	ops_par_loop_group_43	update_halo_kernel1_l2+update_halo_kernel3_minus_4_a
1423	0.000022834	553536	ops_par_loop_group_44	update_halo_kernel1_l1+update_halo_kernel3_minus_2_a
1424	0.000018706	123008	ops_par_loop_update_halo_kernel3_minus_4_b_68	update_halo_kernel3_minus_4_b
1425	0.000024206	553536	ops_par_loop_group_46	update_halo_kernel1_r2+update_halo_kernel3_minus_2_b
1426	0.000021260	430528	ops_par_loop_update_halo_kernel1_r1_45	update_halo_kernel1_r1
1427	0.000563901	591053440	ops_par_loop_advec_mom_kernel_x1_70	advec_mom_kernel_x1
1428	0.000193908	236236864	ops_par_loop_advec_mom_kernel_mass_flux_x_71	advec_mom_kernel_mass_flux_x
1429	0.000573349	590438520	ops_par_loop_advec_mom_kernel_post_pre_advec_x_72	advec_mom_kernel_post_pre_advec_x
1430	0.000884420	472258640	ops_par_loop_advec_mom_kernel1_x_nonvector_73	advec_mom_kernel1_x_nonvector
1431	0.000448111	590131240	ops_par_loop_advec_mom_kernel2_x_74	advec_mom_kernel2_x
1432	0.000559382	591053440	ops_par_loop_advec_mom_kernel_x1_75	advec_mom_kernel_x1
1433	0.000194159	236236864	ops_par_loop_advec_mom_kernel_mass_flux_x_76	advec_mom_kernel_mass_flux_x
1434	0.000573019	590438520	ops_par_loop_advec_mom_kernel_post_pre_advec_x_77	advec_mom_kernel_post_pre_advec_x
1435	0.000020659	246080	ops_par_loop_group_56	update_halo_kernel2_xvel_plus_4_a+update_halo_kernel3_plus_4_a
1436	0.000018836	246080	ops_par_loop_group_57	update_halo_kernel2_xvel_plus_2_a+update_halo_kernel3_plus_2_a
1437	0.000018475	123040	ops_par_loop_update_halo_kernel2_xvel_plus_4_b_93	update_halo_kernel2_xvel_plus_4_b
1438	0.000019056	246080	ops_par_loop_group_59	update_halo_kernel2_xvel_plus_2_b+update_halo_kernel3_plus_4_b
1439	0.000021892	246080	ops_par_loop_group_60	update_halo_kernel2_yvel_plus_4_a+update_halo_kernel2_xvel_minus_4_a
1440	0.000019718	246080	ops_par_loop_group_61	update_halo_kernel2_yvel_plus_2_a+update_halo_kernel2_xvel_minus_2_a
1441	0.000019447	123040	ops_par_loop_update_halo_kernel2_xvel_minus_4_b_97	update_halo_kernel2_xvel_minus_4_b
1442	0.000020098	246080	ops_par_loop_group_63	update_halo_kernel2_yvel_plus_2_b+update_halo_kernel2_xvel_minus_2_b
1443	0.000882707	472258640	ops_par_loop_advec_mom_kernel1_x_nonvector_78	advec_mom_kernel1_x_nonvector
1444	0.000449895	590131240	ops_par_loop_advec_mom_kernel2_x_79	advec_mom_kernel2_x
1445	0.000499479	472842752	ops_par_loop_advec_cell_kernel2_ydir_80	advec_cell_kernel2_ydir
1446	0.000789229	708203544	ops_par_loop_advec_cell_kernel3_ydir_81	advec_cell_kernel3_ydir
1447	0.001471986	1533542400	ops_par_loop_advec_cell_kernel4_ydir_82	advec_cell_kernel4_ydir
1448	0.000022653	553536	ops_par_loop_group_69	update_halo_kernel1_b2+update_halo_kernel4_minus_4_a
1449	0.000021010	553536	ops_par_loop_group_70	update_halo_kernel1_b1+update_halo_kernel4_minus_2_a
1450	0.000018004	123040	ops_par_loop_update_halo_kernel2_yvel_minus_4_a_99	update_halo_kernel2_yvel_minus_4_a
1451	0.000017674	123040	ops_par_loop_update_halo_kernel2_yvel_minus_2_a_100	update_halo_kernel2_yvel_minus_2_a
1452	0.000018044	123040	ops_par_loop_update_halo_kernel2_yvel_minus_4_b_101	update_halo_kernel2_yvel_minus_4_b
1453	0.000018114	123040	ops_par_loop_update_halo_kernel2_yvel_minus_2_b_102	update_halo_kernel2_yvel_minus_2_b
1454	0.000019908	123040	ops_par_loop_update_halo_kernel2_yvel_plus_4_b_105	update_halo_kernel2_yvel_plus_4_b
1455	0.000019407	123040	ops_par_loop_update_halo_kernel3_plus_2_b_110	update_halo_kernel3_plus_2_b
1456	0.000019266	123008	ops_par_loop_update_halo_kernel3_minus_4_b_113	update_halo_kernel3_minus_4_b
1457	0.000018435	123008	ops_par_loop_update_halo_kernel4_minus_4_b_117	update_halo_kernel4_minus_4_b
1458	0.000021611	553536	ops_par_loop_group_79	update_halo_kernel1_t2+update_halo_kernel4_minus_2_b
1459	0.000019667	430528	ops_par_loop_update_halo_kernel1_t1_86	update_halo_kernel1_t1
1460	0.000026991	553536	ops_par_loop_group_81	update_halo_kernel1_l2+update_halo_kernel3_minus_4_a
1461	0.000023044	553536	ops_par_loop_group_82	update_halo_kernel1_l1+update_halo_kernel3_minus_2_a
1462	0.000024477	553536	ops_par_loop_group_83	update_halo_kernel1_r2+update_halo_kernel3_minus_2_b
1463	0.000021321	430528	ops_par_loop_update_halo_kernel1_r1_90	update_halo_kernel1_r1
1464	0.000020899	246080	ops_par_loop_group_85	update_halo_kernel2_yvel_plus_4_a+update_halo_kernel4_plus_4_a
1465	0.000020068	246080	ops_par_loop_group_86	update_halo_kernel2_yvel_plus_2_a+update_halo_kernel4_plus_2_a
1466	0.000019908	246080	ops_par_loop_group_87	update_halo_kernel2_yvel_plus_2_b+update_halo_kernel4_plus_4_b
1467	0.000018836	123040	ops_par_loop_update_halo_kernel4_plus_2_b_122	update_halo_kernel4_plus_2_b
1468	0.001197735	944701952	ops_par_loop_group_89	advec_mom_kernel_y2+reset_field_kernel1
1469	0.000737921	708096064	ops_par_loop_group_90	advec_mom_kernel_mass_flux_y+ideal_gas_kernel
1470	0.000528935	590438520	ops_par_loop_advec_mom_kernel_post_pre_advec_y_125	advec_mom_kernel_post_pre_advec_y
1471	0.000879200	472258640	ops_par_loop_advec_mom_kernel1_y_nonvector_126	advec_mom_kernel1_y_nonvector
1472	0.000443292	590131240	ops_par_loop_advec_mom_kernel2_y_127	advec_mom_kernel2_y
1473	0.000490341	472842752	ops_par_loop_advec_mom_kernel_y2_128	advec_mom_kernel_y2
1474	0.000192466	236236864	ops_par_loop_advec_mom_kernel_mass_flux_y_129	advec_mom_kernel_mass_flux_y
1475	0.000533082	590438520	ops_par_loop_advec_mom_kernel_post_pre_advec_y_130	advec_mom_kernel_post_pre_advec_y
1476	0.000877887	472258640	ops_par_loop_advec_mom_kernel1_y_nonvector_131	advec_mom_kernel1_y_nonvector
1477	0.000730427	1062236232	ops_par_loop_group_98	advec_mom_kernel2_y+reset_field_kernel2
1478	0.000021049	430304	ops_par_loop_update_halo_kernel1_b1_136	update_halo_kernel1_b1
1479	0.000020298	430304	ops_par_loop_update_halo_kernel1_t1_137	update_halo_kernel1_t1
1480	0.000024106	430304	ops_par_loop_update_halo_kernel1_l1_138	update_halo_kernel1_l1
1481	0.000023184	430304	ops_par_loop_update_halo_kernel1_r1_139	update_halo_kernel1_r1
1482	0.000019087	245952	ops_par_loop_group_103	update_halo_kernel2_xvel_plus_2_a+update_halo_kernel2_yvel_minus_2_a
1483	0.000018906	245952	ops_par_loop_group_104	update_halo_kernel2_xvel_plus_2_b+update_halo_kernel2_yvel_minus_2_b
1484	0.000020599	245952	ops_par_loop_group_105	update_halo_kernel2_xvel_minus_2_a+update_halo_kernel2_yvel_plus_2_a
1485	0.000021531	245952	ops_par_loop_group_106	update_halo_kernel2_xvel_minus_2_b+update_halo_kernel2_yvel_plus_2_b
1486	0.001737581	589885440	ops_par_loop_viscosity_kernel_148	viscosity_kernel
1487	0.000021080	430304	ops_par_loop_update_halo_kernel1_b1_149	update_halo_kernel1_b1
1488	0.000019948	430304	ops_par_loop_update_halo_kernel1_t1_150	update_halo_kernel1_t1
1489	0.000022603	430304	ops_par_loop_update_halo_kernel1_l1_151	update_halo_kernel1_l1
1490	0.000022743	430304	ops_par_loop_update_halo_kernel1_r1_152	update_halo_kernel1_r1
1491	0.000918956	1061744640	ops_par_loop_calc_dt_kernel_153	calc_dt_kernel
1492	0.001488567	1887436800	ops_par_loop_group_0	PdV_kernel_predict+ideal_gas_kernel
1493	0.000021781	430304	ops_par_loop_update_halo_kernel1_b1_2	update_halo_kernel1_b1
1494	0.000021250	430304	ops_par_loop_update_halo_kernel1_t1_3	update_halo_kernel1_t1
1495	0.000025077	430304	ops_par_loop_update_halo_kernel1_l1_4	update_halo_kernel1_l1
1496	0.000024226	430304	ops_par_loop_update_halo_kernel1_r1_5	update_halo_kernel1_r1
1497	0.001556747	1770147928	ops_par_loop_group_5	revert_kernel+accelerate_kernel
1498	0.001354302	1651507200	ops_par_loop_PdV_kernel_nopredict_8	PdV_kernel_nopredict
1499	0.000361256	471982080	ops_par_loop_flux_calc_kernelx_9	flux_calc_kernelx
1500	0.000358721	471982080	ops_par_loop_flux_calc_kernely_10	flux_calc_kernely
1501	0.000022643	553536	ops_par_loop_group_9	update_halo_kernel1_b2+update_halo_kernel4_minus_4_a
1502	0.000021841	553536	ops_par_loop_group_10	update_halo_kernel1_b1+update_halo_kernel4_minus_2_a
1503	0.000020940	246080	ops_par_loop_group_11	update_halo_kernel3_plus_4_a+update_halo_kernel2_xvel_plus_4_a
1504	0.000019346	246080	ops_par_loop_group_12	update_halo_kernel3_plus_2_a+update_halo_kernel2_xvel_plus_2_a
1505	0.000018675	123008	ops_par_loop_update_halo_kernel4_minus_4_b_29	update_halo_kernel4_minus_4_b
1506	0.000021802	553536	ops_par_loop_group_14	update_halo_kernel1_t2+update_halo_kernel4_minus_2_b
1507	0.000020449	430528	ops_par_loop_update_halo_kernel1_t1_14	update_halo_kernel1_t1
1508	0.000019437	246080	ops_par_loop_group_16	update_halo_kernel2_xvel_plus_4_b+update_halo_kernel2_yvel_minus_4_b
1509	0.000018625	246080	ops_par_loop_group_17	update_halo_kernel3_plus_4_b+update_halo_kernel2_xvel_plus_2_b
1510	0.000018385	123040	ops_par_loop_update_halo_kernel3_plus_2_b_22	update_halo_kernel3_plus_2_b
1511	0.000025719	553536	ops_par_loop_group_19	update_halo_kernel1_l2+update_halo_kernel3_minus_4_a
1512	0.000022994	553536	ops_par_loop_group_20	update_halo_kernel1_l1+update_halo_kernel3_minus_2_a
1513	0.000018956	123008	ops_par_loop_update_halo_kernel3_minus_4_b_25	update_halo_kernel3_minus_4_b
1514	0.000024747	553536	ops_par_loop_group_22	update_halo_kernel1_r2+update_halo_kernel3_minus_2_b
1515	0.000021872	430528	ops_par_loop_update_halo_kernel1_r1_18	update_halo_kernel1_r1
1516	0.000021260	246080	ops_par_loop_group_24	update_halo_kernel4_plus_4_a+update_halo_kernel2_xvel_minus_4_a
1517	0.000019567	246080	ops_par_loop_group_25	update_halo_kernel4_plus_2_a+update_halo_kernel2_xvel_minus_2_a
1518	0.000017904	123040	ops_par_loop_update_halo_kernel2_yvel_minus_4_a_54	update_halo_kernel2_yvel_minus_4_a
1519	0.000017914	123040	ops_par_loop_update_halo_kernel2_yvel_minus_2_a_55	update_halo_kernel2_yvel_minus_2_a
1520	0.000017764	123040	ops_par_loop_update_halo_kernel2_yvel_minus_2_b_57	update_halo_kernel2_yvel_minus_2_b
1521	0.000021000	246080	ops_par_loop_group_29	update_halo_kernel2_xvel_minus_4_b+update_halo_kernel2_yvel_plus_4_b
1522	0.000020028	246080	ops_par_loop_group_30	update_halo_kernel4_plus_4_b+update_halo_kernel2_xvel_minus_2_b
1523	0.000018926	123040	ops_par_loop_update_halo_kernel4_plus_2_b_34	update_halo_kernel4_plus_2_b
1524	0.000561857	591053440	ops_par_loop_advec_cell_kernel1_ydir_35	advec_cell_kernel1_ydir
1525	0.000789600	708203544	ops_par_loop_advec_cell_kernel3_ydir_36	advec_cell_kernel3_ydir
1526	0.001476104	1533542400	ops_par_loop_advec_cell_kernel4_ydir_37	advec_cell_kernel4_ydir
1527	0.000023134	553536	ops_par_loop_group_35	update_halo_kernel1_b2+update_halo_kernel4_minus_4_a
1528	0.000022012	553536	ops_par_loop_group_36	update_halo_kernel1_b1+update_halo_kernel4_minus_2_a
1529	0.000018124	123008	ops_par_loop_update_halo_kernel4_minus_4_b_64	update_halo_kernel4_minus_4_b
1530	0.000024537	553536	ops_par_loop_group_38	update_halo_kernel1_t2+update_halo_kernel4_minus_2_b
1531	0.000021340	430528	ops_par_loop_update_halo_kernel1_t1_41	update_halo_kernel1_t1
1532	0.000024166	430528	ops_par_loop_update_halo_kernel1_l2_42	update_halo_kernel1_l2
1533	0.000021992	430528	ops_par_loop_update_halo_kernel1_l1_43	update_halo_kernel1_l1
1534	0.000024707	430528	ops_par_loop_update_halo_kernel1_r2_44	update_halo_kernel1_r2
1535	0.000021651	430528	ops_par_loop_update_halo_kernel1_r1_45	update_halo_kernel1_r1
1536	0.000027713	246080	ops_par_loop_group_44	update_halo_kernel2_yvel_plus_4_a+update_halo_kernel4_plus_4_a
1537	0.000019527	246080	ops_par_loop_group_45	update_halo_kernel2_yvel_plus_2_a+update_halo_kernel4_plus_2_a
1538	0.000021060	246080	ops_par_loop_group_46	update_halo_kernel2_yvel_plus_2_b+update_halo_kernel4_plus_4_b
1539	0.000019066	123040	ops_par_loop_update_halo_kernel4_plus_2_b_69	update_halo_kernel4_plus_2_b
1540	0.000561256	591053440	ops_par_loop_advec_mom_kernel_y1_70	advec_mom_kernel_y1
1541	0.000191494	236236864	ops_par_loop_advec_mom_kernel_mass_flux_y_71	advec_mom_kernel_mass_flux_y
1542	0.000534695	590438520	ops_par_loop_advec_mom_kernel_post_pre_advec_y_72	advec_mom_kernel_post_pre_advec_y
1543	0.000880632	472258640	ops_par_loop_advec_mom_kernel1_y_nonvector_73	advec_mom_kernel1_y_nonvector
1544	0.000447710	590131240	ops_par_loop_advec_mom_kernel2_y_74	advec_mom_kernel2_y
1545	0.000563139	591053440	ops_par_loop_advec_mom_kernel_y1_75	advec_mom_kernel_y1
1546	0.000191283	236236864	ops_par_loop_advec_mom_kernel_mass_flux_y_76	advec_mom_kernel_mass_flux_y
1547	0.000533133	590438520	ops_par_loop_advec_mom_kernel_post_pre_advec_y_77	advec_mom_kernel_post_pre_advec_y
1548	0.000877727	472258640	ops_par_loop_advec_mom_kernel1_y_nonvector_78	advec_mom_kernel1_y_nonvector
1549	0.000448231	590131240	ops_par_loop_advec_mom_kernel2_y_79	advec_mom_kernel2_y
1550	0.000493808	472842752	ops_par_loop_advec_cell_kernel2_xdir_80	advec_cell_kernel2_xdir
1551	0.000773820	708203544	ops_par_loop_advec_cell_kernel3_xdir_81	advec_cell_kernel3_xdir
1552	0.001465153	1533542400	ops_par_loop_advec_cell_kernel4_xdir_82	advec_cell_kernel4_xdir
1553	0.000022503	553536	ops_par_loop_group_61	update_halo_kernel1_b2+update_halo_kernel4_minus_4_a
1554	0.000021010	553536	ops_par_loop_group_62	update_halo_kernel1_b1+update_halo_kernel4_minus_2_a
1555	0.000019828	246080	ops_par_loop_group_63	update_halo_kernel2_xvel_plus_4_a+update_halo_kernel2_yvel_minus_4_a
1556	0.000019227	246080	ops_par_loop_group_64	update_halo_kernel2_xvel_plus_2_a+update_halo_kernel2_yvel_minus_2_a
1557	0.000018936	246080	ops_par_loop_group_65	update_halo_kernel2_xvel_plus_4_b+update_halo_kernel2_yvel_minus_4_b
1558	0.000019156	246080	ops_par_loop_group_66	update_halo_kernel2_xvel_plus_2_b+update_halo_kernel2_yvel_minus_2_b
1559	0.000021561	246080	ops_par_loop_group_67	update_halo_kernel2_xvel_minus_4_a+update_halo_kernel2_yvel_plus_4_a
1560	0.000019607	246080	ops_par_loop_group_68	update_halo_kernel2_xvel_minus_2_a+update_halo_kernel2_yvel_plus_2_a
1561	0.000020839	246080	ops_par_loop_group_69	update_halo_kernel2_xvel_minus_4_b+update_halo_kernel2_yvel_plus_4_b
1562	0.000020238	246080	ops_par_loop_group_70	update_halo_kernel2_xvel_minus_2_b+update_halo_kernel2_yvel_plus_2_b
1563	0.000019377	123040	ops_par_loop_update_halo_kernel3_plus_4_a_107	update_halo_kernel3_plus_4_a
1564	0.000019367	123040	ops_par_loop_update_halo_kernel3_plus_2_a_108	update_halo_kernel3_plus_2_a
1565	0.000018425	123040	ops_par_loop_update_halo_kernel3_plus_4_b_109	update_halo_kernel3_plus_4_b
1566	0.000018796	123040	ops_par_loop_update_halo_kernel3_plus_2_b_110	update_halo_kernel3_plus_2_b
1567	0.000019467	123008	ops_par_loop_update_halo_kernel3_minus_4_b_113	update_halo_kernel3_minus_4_b
1568	0.000018044	123008	ops_par_loop_update_halo_kernel4_minus_4_b_117	update_halo_kernel4_minus_4_b
1569	0.000021441	553536	ops_par_loop_group_77	update_halo_kernel1_t2+update_halo_kernel4_minus_2_b
1570	0.000021822	430528	ops_par_loop_update_halo_kernel1_t1_86	update_halo_kernel1_t1
1571	0.000026581	553536	ops_par_loop_group_79	update_halo_kernel1_l2+update_halo_kernel3_minus_4_a
1572	0.000023885	553536	ops_par_loop_group_80	update_halo_kernel1_l1+update_halo_kernel3_minus_2_a
1573	0.000024947	553536	ops_par_loop_group_81	update_halo_kernel1_r2+update_halo_kernel3_minus_2_b
1574	0.000021862	430528	ops_par_loop_update_halo_kernel1_r1_90	update_halo_kernel1_r1
1575	0.000019978	123040	ops_par_loop_update_halo_kernel4_plus_4_a_119	update_halo_kernel4_plus_4_a
1576	0.000018726	123040	ops_par_loop_update_halo_kernel4_plus_2_a_120	update_halo_kernel4_plus_2_a
1577	0.000019958	123040	ops_par_loop_update_halo_kernel4_plus_4_b_121	update_halo_kernel4_plus_4_b
1578	0.000017884	123040	ops_par_loop_update_halo_kernel4_plus_2_b_122	update_halo_kernel4_plus_2_b
1579	0.001203025	944701952	ops_par_loop_group_87	advec_mom_kernel_x2+reset_field_kernel1
1580	0.000800861	708096064	ops_par_loop_group_88	advec_mom_kernel_mass_flux_x+ideal_gas_kernel
1581	0.000576746	590438520	ops_par_loop_advec_mom_kernel_post_pre_advec_x_125	advec_mom_kernel_post_pre_advec_x
1582	0.000883798	472258640	ops_par_loop_advec_mom_kernel1_x_nonvector_126	advec_mom_kernel1_x_nonvector
1583	0.000448491	590131240	ops_par_loop_advec_mom_kernel2_x_127	advec_mom_kernel2_x
1584	0.000498407	472842752	ops_par_loop_advec_mom_kernel_x2_128	advec_mom_kernel_x2
1585	0.000194639	236236864	ops_par_loop_advec_mom_kernel_mass_flux_x_129	advec_mom_kernel_mass_flux_x
1586	0.000574682	590438520	ops_par_loop_advec_mom_kernel_post_pre_advec_x_130	advec_mom_kernel_post_pre_advec_x
1587	0.000884280	472258640	ops_par_loop_advec_mom_kernel1_x_nonvector_131	advec_mom_kernel1_x_nonvector
1588	0.000730127	1062236232	ops_par_loop_group_96	advec_mom_kernel2_x+reset_field_kernel2
1589	0.000021942	430304	ops_par_loop_update_halo_kernel1_b1_136	update_halo_kernel1_b1
1590	0.000020669	430304	ops_par_loop_update_halo_kernel1_t1_137	update_halo_kernel1_t1
1591	0.000024607	430304	ops_par_loop_update_halo_kernel1_l1_138	update_halo_kernel1_l1
1592	0.000024747	430304	ops_par_loop_update_halo_kernel1_r1_139	update_halo_kernel1_r1
1593	0.000020219	245952	ops_par_loop_group_101	update_halo_kernel2_xvel_plus_2_a+update_halo_kernel2_yvel_minus_2_a
1594	0.000019147	245952	ops_par_loop_group_102	update_halo_kernel2_xvel_plus_2_b+update_halo_kernel2_yvel_minus_2_b
1595	0.000020910	245952	ops_par_loop_group_103	update_halo_kernel2_xvel_minus_2_a+update_halo_kernel2_yvel_plus_2_a
1596	0.000025499	245952	ops_par_loop_group_104	update_halo_kernel2_xvel_minus_2_b+update_halo_kernel2_yvel_plus_2_b
1597	0.001738091	589885440	ops_par_loop_viscosity_kernel_148	viscosity_kernel
1598	0.000021691	430304	ops_par_loop_update_halo_kernel1_b1_149	update_halo_kernel1_b1
1599	0.000020549	430304	ops_par_loop_update_halo_kernel1_t1_150	update_halo_kernel1_t1
1600	0.000023995	430304	ops_par_loop_update_halo_kernel1_l1_151	update_halo_kernel1_l1
1601	0.000024857	430304	ops_par_loop_update_halo_kernel1_r1_152	update_halo_kernel1_r1
1602	0.000919516	1061744640	ops_par_loop_calc_dt_kernel_153	calc_dt_kernel
1603	0.001483969	1887436800	ops_par_loop_group_0	PdV_kernel_predict+ideal_gas_kernel
1604	0.000023836	430304	ops_par_loop_update_halo_kernel1_b1_2	update_halo_kernel1_b1
1605	0.000022573	430304	ops_par_loop_update_halo_kernel1_t1_3	update_halo_kernel1_t1
1606	0.000023816	430304	ops_par_loop_update_halo_kernel1_l1_4	update_halo_kernel1_l1
1607	0.000024176	430304	ops_par_loop_update_halo_kernel1_r1_5	update_halo_kernel1_r1
1608	0.001556035	1770147928	ops_par_loop_group_5	revert_kernel+accelerate_kernel
1609	0.001354493	1651507200	ops_par_loop_PdV_kernel_nopredict_8	PdV_kernel_nopredict
1610	0.000365905	471982080	ops_par_loop_flux_calc_kernelx_9	flux_calc_kernelx
1611	0.000359243	471982080	ops_par_loop_flux_calc_kernely_10	flux_calc_kernely
1612	0.000023435	553536	ops_par_loop_group_9	update_halo_kernel1_b2+update_halo_kernel4_minus_4_a
1613	0.000021461	553536	ops_par_loop_group_10	update_halo_kernel1_b1+update_halo_kernel4_minus_2_a
1614	0.000019998	246080	ops_par_loop_group_11	update_halo_kernel3_plus_4_a+update_halo_kernel2_xvel_plus_4_a
1615	0.000019597	246080	ops_par_loop_group_12	update_halo_kernel3_plus_2_a+update_halo_kernel2_xvel_plus_2_a
1616	0.000018545	123008	ops_par_loop_update_halo_kernel4_minus_4_b_29	update_halo_kernel4_minus_4_b
1617	0.000020599	553536	ops_par_loop_group_14	update_halo_kernel1_t2+update_halo_kernel4_minus_2_b
1618	0.000020759	430528	ops_par_loop_update_halo_kernel1_t1_14	update_halo_kernel1_t1
1619	0.000019748	246080	ops_par_loop_group_16	update_halo_kernel2_xvel_plus_4_b+update_halo_kernel2_yvel_minus_4_b
1620	0.000019497	246080	ops_par_loop_group_17	update_halo_kernel3_plus_4_b+update_halo_kernel2_xvel_plus_2_b
1621	0.000018455	123040	ops_par_loop_update_halo_kernel3_plus_2_b_22	update_halo_kernel3_plus_2_b
1622	0.000025819	553536	ops_par_loop_group_19	update_halo_kernel1_l2+update_halo_kernel3_minus_4_a
1623	0.000023345	553536	ops_par_loop_group_20	update_halo_kernel1_l1+update_halo_kernel3_minus_2_a
1624	0.000019507	123008	ops_par_loop_update_halo_kernel3_minus_4_b_25	update_halo_kernel3_minus_4_b
1625	0.000023916	553536	ops_par_loop_group_22	update_halo_kernel1_r2+update_halo_kernel3_minus_2_b
1626	0.000021682	430528	ops_par_loop_update_halo_kernel1_r1_18	update_halo_kernel1_r1
1627	0.000020990	246080	ops_par_loop_group_24	update_halo_kernel4_plus_4_a+update_halo_kernel2_xvel_minus_4_a
1628	0.000019547	246080	ops_par_loop_group_25	update_halo_kernel4_plus_2_a+update_halo_kernel2_xvel_minus_2_a
1629	0.000019147	123040	ops_par_loop_update_halo_kernel2_yvel_minus_4_a_54	update_halo_kernel2_yvel_minus_4_a
1630	0.000018756	123040	ops_par_loop_update_halo_kernel2_yvel_minus_2_a_55	update_halo_kernel2_yvel_minus_2_a
1631	0.000018335	123040	ops_par_loop_update_halo_kernel2_yvel_minus_2_b_57	update_halo_kernel2_yvel_minus_2_b
1632	0.000021060	246080	ops_par_loop_group_29	update_halo_kernel2_xvel_minus_4_b+update_halo_kernel2_yvel_plus_4_b
1633	0.000020970	246080	ops_par_loop_group_30	update_halo_kernel4_plus_4_b+update_halo_kernel2_xvel_minus_2_b
1634	0.000018085	123040	ops_par_loop_update_halo_kernel4_plus_2_b_34	update_halo_kernel4_plus_2_b
1635	0.000565103	591053440	ops_par_loop_advec_cell_kernel1_xdir_35	advec_cell_kernel1_xdir
1636	0.000773850	708203544	ops_par_loop_advec_cell_kernel3_xdir_36	advec_cell_kernel3_xdir
1637	0.001456777	1533542400	ops_par_loop_advec_cell_kernel4_xdir_37	advec_cell_kernel4_xdir
1638	0.000022914	430528	ops_par_loop_update_halo_kernel1_b2_38	update_halo_kernel1_b2
1639	0.000021321	430528	ops_par_loop_update_halo_kernel1_b1_39	update_halo_kernel1_b1
1640	0.000021701	430528	ops_par_loop_update_halo_kernel1_t2_40	update_halo_kernel1_t2
1641	0.000020559	430528	ops_par_loop_update_halo_kernel1_t1_41	update_halo_kernel1_t1
1642	0.000018906	123040	ops_par_loop_update_halo_kernel3_plus_4_a_62	update_halo_kernel3_plus_4_a
1643	0.000019246	123040	ops_par_loop_update_halo_kernel3_plus_2_a_63	update_halo_kernel3_plus_2_a
1644	0.000018556	123040	ops_par_loop_update_halo_kernel3_plus_4_b_64	update_halo_kernel3_plus_4_b
1645	0.000018495	123040	ops_par_loop_update_halo_kernel3_plus_2_b_65	update_halo_kernel3_plus_2_b
1646	0.000026651	553536	ops_par_loop_group_43	update_halo_kernel1_l2+update_halo_kernel3_minus_4_a
1647	0.000023494	553536	ops_par_loop_group_44	update_halo_kernel1_l1+update_halo_kernel3_minus_2_a
1648	0.000018946	123008	ops_par_loop_update_halo_kernel3_minus_4_b_68	update_halo_kernel3_minus_4_b
1649	0.000024857	553536	ops_par_loop_group_46	update_halo_kernel1_r2+update_halo_kernel3_minus_2_b
1650	0.000021651	430528	ops_par_loop_update_halo_kernel1_r1_45	update_halo_kernel1_r1
1651	0.000563690	591053440	ops_par_loop_advec_mom_kernel_x1_70	advec_mom_kernel_x1
1652	0.000194409	236236864	ops_par_loop_advec_mom_kernel_mass_flux_x_71	advec_mom_kernel_mass_flux_x
1653	0.000575653	590438520	ops_par_loop_advec_mom_kernel_post_pre_advec_x_72	advec_mom_kernel_post_pre_advec_x
1654	0.000883758	472258640	ops_par_loop_advec_mom_kernel1_x_nonvector_73	advec_mom_kernel1_x_nonvector
1655	0.000450606	590131240	ops_par_loop_advec_mom_kernel2_x_74	advec_mom_kernel2_x
1656	0.000560765	591053440	ops_par_loop_advec_mom_kernel_x1_75	advec_mom_kernel_x1
1657	0.000194639	236236864	ops_par_loop_advec_mom_kernel_mass_flux_x_76	advec_mom_kernel_mass_flux_x
1658	0.000572557	590438520	ops_par_loop_advec_mom_kernel_post_pre_advec_x_77	advec_mom_kernel_post_pre_advec_x
1659	0.000020659	246080	ops_par_loop_group_56	update_halo_kernel2_xvel_plus_4_a+update_halo_kernel3_plus_4_a
1660	0.000020189	246080	ops_par_loop_group_57	update_halo_kernel2_xvel_plus_2_a+update_halo_kernel3_plus_2_a
1661	0.000018274	123040	ops_par_loop_update_halo_kernel2_xvel_plus_4_b_93	update_halo_kernel2_xvel_plus_4_b
1662	0.000019547	246080	ops_par_loop_group_59	update_halo_kernel2_xvel_plus_2_b+update_halo_kernel3_plus_4_b
1663	0.000021511	246080	ops_par_loop_group_60	update_halo_kernel2_yvel_plus_4_a+update_halo_kernel2_xvel_minus_4_a
1664	0.000019858	246080	ops_par_loop_group_61	update_halo_kernel2_yvel_plus_2_a+update_halo_kernel2_xvel_minus_2_a
1665	0.000019166	123040	ops_par_loop_update_halo_kernel2_xvel_minus_4_b_97	update_halo_kernel2_xvel_minus_4_b
1666	0.000021321	246080	ops_par_loop_group_63	update_halo_kernel2_yvel_plus_2_b+update_halo_kernel2_xvel_minus_2_b
1667	0.000883859	472258640	ops_par_loop_advec_mom_kernel1_x_nonvector_78	advec_mom_kernel1_x_nonvector
1668	0.000448962	590131240	ops_par_loop_advec_mom_kernel2_x_79	advec_mom_kernel2_x
1669	0.000497525	472842752	ops_par_loop_advec_cell_kernel2_ydir_80	advec_cell_kernel2_ydir
1670	0.000790481	708203544	ops_par_loop_advec_cell_kernel3_ydir_81	advec_cell_kernel3_ydir
1671	0.001477456	1533542400	ops_par_loop_advec_cell_kernel4_ydir_82	advec_cell_kernel4_ydir
1672	0.000024356	553536	ops_par_loop_group_69	update_halo_kernel1_b2+update_halo_kernel4_minus_4_a
1673	0.000022282	553536	ops_par_loop_group_70	update_halo_kernel1_b1+update_halo_kernel4_minus_2_a
1674	0.000019317	123040	ops_par_loop_update_halo_kernel2_yvel_minus_4_a_99	update_halo_kernel2_yvel_minus_4_a
1675	0.000019167	123040	ops_par_loop_update_halo_kernel2_yvel_minus_2_a_100	update_halo_kernel2_yvel_minus_2_a
1676	0.000017944	123040	ops_par_loop_update_halo_kernel2_yvel_minus_4_b_101	update_halo_kernel2_yvel_minus_4_b
1677	0.000017914	123040	ops_par_loop_update_halo_kernel2_yvel_minus_2_b_102	update_halo_kernel2_yvel_minus_2_b
1678	0.000020659	123040	ops_par_loop_update_halo_kernel2_yvel_plus_4_b_105	update_halo_kernel2_yvel_plus_4_b
1679	0.000019637	123040	ops_par_loop_update_halo_kernel3_plus_2_b_110	update_halo_kernel3_plus_2_b
1680	0.000019517	123008	ops_par_loop_update_halo_kernel3_minus_4_b_113	update_halo_kernel3_minus_4_b
1681	0.000018014	123008	ops_par_loop_update_halo_kernel4_minus_4_b_117	update_halo_kernel4_minus_4_b
1682	0.000021782	553536	ops_par_loop_group_79	update_halo_kernel1_t2+update_halo_kernel4_minus_2_b
1683	0.000020970	430528	ops_par_loop_update_halo_kernel1_t1_86	update_halo_kernel1_t1
1684	0.000027492	553536	ops_par_loop_group_81	update_halo_kernel1_l2+update_halo_kernel3_minus_4_a
1685	0.000023034	553536	ops_par_loop_group_82	update_halo_kernel1_l1+update_halo_kernel3_minus_2_a
1686	0.000024737	553536	ops_par_loop_group_83	update_halo_kernel1_r2+update_halo_kernel3_minus_2_b
1687	0.000021812	430528	ops_par_loop_update_halo_kernel1_r1_90	update_halo_kernel1_r1
1688	0.000021150	246080	ops_par_loop_group_85	update_halo_kernel2_yvel_plus_4_a+update_halo_kernel4_plus_4_a
1689	0.000019287	246080	ops_par_loop_group_86	update_halo_kernel2_yvel_plus_2_a+update_halo_kernel4_plus_2_a
1690	0.000020930	246080	ops_par_loop_group_87	update_halo_kernel2_yvel_plus_2_b+update_halo_kernel4_plus_4_b
1691	0.000019096	123040	ops_par_loop_update_halo_kernel4_plus_2_b_122	update_halo_kernel4_plus_2_b
1692	0.001195020	944701952	ops_par_loop_group_89	advec_mom_kernel_y2+reset_field_kernel1
1693	0.000736018	708096064	ops_par_loop_group_90	advec_mom_kernel_mass_flux_y+ideal_gas_kernel
1694	0.000534446	590438520	ops_par_loop_advec_mom_kernel_post_pre_advec_y_125	advec_mom_kernel_post_pre_advec_y
1695	0.000879200	472258640	ops_par_loop_advec_mom_kernel1_y_nonvector_126	advec_mom_kernel1_y_nonvector
1696	0.000448132	590131240	ops_par_loop_advec_mom_kernel2_y_127	advec_mom_kernel2_y
1697	0.000490712	472842752	ops_par_loop_advec_mom_kernel_y2_128	advec_mom_kernel_y2
1698	0.000192696	236236864	ops_par_loop_advec_mom_kernel_mass_flux_y_129	advec_mom_kernel_mass_flux_y
1699	0.000532902	590438520	ops_par_loop_advec_mom_kernel_post_pre_advec_y_130	advec_mom_kernel_post_pre_advec_y
1700	0.000878027	472258640	ops_par_loop_advec_mom_kernel1_y_nonvector_131	advec_mom_kernel1_y_nonvector
1701	0.000731880	1062236232	ops_par_loop_group_98	advec_mom_kernel2_y+reset_field_kernel2
1702	0.000021992	430304	ops_par_loop_update_halo_kernel1_b1_136	update_halo_kernel1_b1
1703	0.000020810	430304	ops_par_loop_update_halo_kernel1_t1_137	update_halo_kernel1_t1
1704	0.000024657	430304	ops_par_loop_update_halo_kernel1_l1_138	update_halo_kernel1_l1
1705	0.000024507	430304	ops_par_loop_update_halo_kernel1_r1_139	update_halo_kernel1_r1
1706	0.000019607	245952	ops_par_loop_group_103	update_halo_kernel2_xvel_plus_2_a+update_halo_kernel2_yvel_minus_2_a
1707	0.000020038	245952	ops_par_loop_group_104	update_halo_kernel2_xvel_plus_2_b+update_halo_kernel2_yvel_minus_2_b
1708	0.000021080	245952	ops_par_loop_group_105	update_halo_kernel2_xvel_minus_2_a+update_halo_kernel2_yvel_plus_2_a
1709	0.000021160	245952	ops_par_loop_group_106	update_halo_kernel2_xvel_minus_2_b+update_halo_kernel2_yvel_plus_2_b
1710	0.001736839	589885440	ops_par_loop_viscosity_kernel_148	viscosity_kernel
1711	0.000021872	430304	ops_par_loop_update_halo_kernel1_b1_149	update_halo_kernel1_b1
1712	0.000021110	430304	ops_par_loop_update_halo_kernel1_t1_150	update_halo_kernel1_t1
1713	0.000023996	430304	ops_par_loop_update_halo_kernel1_l1_151	update_halo_kernel1_l1
1714	0.000023875	430304	ops_par_loop_update_halo_kernel1_r1_152	update_halo_kernel1_r1
1715	0.000920178	1061744640	ops_par_loop_calc_dt_kernel_153	calc_dt_kernel
1716	0.001485472	1887436800	ops_par_loop_group_0	PdV_kernel_predict+ideal_gas_kernel
1717	0.000022002	430304	ops_par_loop_update_halo_kernel1_b1_2	update_halo_kernel1_b1
1718	0.000021211	430304	ops_par_loop_update_halo_kernel1_t1_3	update_halo_kernel1_t1
1719	0.000023855	430304	ops_par_loop_update_halo_kernel1_l1_4	update_halo_kernel1_l1
1720	0.000024376	430304	ops_par_loop_update_halo_kernel1_r1_5	update_halo_kernel1_r1
1721	0.001559552	1770147928	ops_par_loop_group_5	revert_kernel+accelerate_kernel
1722	0.001355655	1651507200	ops_par_loop_PdV_kernel_nopredict_8	PdV_kernel_nopredict
1723	0.000361166	471982080	ops_par_loop_flux_calc_kernelx_9	flux_calc_kernelx
1724	0.000358341	471982080	ops_par_loop_flux_calc_kernely_10	flux_calc_kernely
1725	0.000022653	553536	ops_par_loop_group_9	update_halo_kernel1_b2+update_halo_kernel4_minus_4_a
1726	0.000021411	553536	ops_par_loop_group_10	update_halo_kernel1_b1+update_halo_kernel4_minus_2_a
1727	0.000020549	246080	ops_par_loop_group_11	update_halo_kernel3_plus_4_a+update_halo_kernel2_xvel_plus_4_a
1728	0.000018726	246080	ops_par_loop_group_12	update_halo_kernel3_plus_2_a+update_halo_kernel2_xvel_plus_2_a
1729	0.000018565	123008	ops_par_loop_update_halo_kernel4_minus_4_b_29	update_halo_kernel4_minus_4_b
1730	0.000021380	553536	ops_par_loop_group_14	update_halo_kernel1_t2+update_halo_kernel4_minus_2_b
1731	0.000020660	430528	ops_par_loop_update_halo_kernel1_t1_14	update_halo_kernel1_t1
1732	0.000019126	246080	ops_par_loop_group_16	update_halo_kernel2_xvel_plus_4_b+update_halo_kernel2_yvel_minus_4_b
1733	0.000019046	246080	ops_par_loop_group_17	update_halo_kernel3_plus_4_b+update_halo_kernel2_xvel_plus_2_b
1734	0.000018485	123040	ops_par_loop_update_halo_kernel3_plus_2_b_22	update_halo_kernel3_plus_2_b
1735	0.000025758	553536	ops_par_loop_group_19	update_halo_kernel1_l2+update_halo_kernel3_minus_4_a
1736	0.000023334	553536	ops_par_loop_group_20	update_halo_kernel1_l1+update_halo_kernel3_minus_2_a
1737	0.000018495	123008	ops_par_loop_update_halo_kernel3_minus_4_b_25	update_halo_kernel3_minus_4_b
1738	0.000024476	553536	ops_par_loop_group_22	update_halo_kernel1_r2+update_halo_kernel3_minus_2_b
1739	0.000021922	430528	ops_par_loop_update_halo_kernel1_r1_18	update_halo_kernel1_r1
1740	0.000021421	246080	ops_par_loop_group_24	update_halo_kernel4_plus_4_a+update_halo_kernel2_xvel_minus_4_a
1741	0.000020579	246080	ops_par_loop_group_25	update_halo_kernel4_plus_2_a+update_halo_kernel2_xvel_minus_2_a
1742	0.000019217	123040	ops_par_loop_update_halo_kernel2_yvel_minus_4_a_54	update_halo_kernel2_yvel_minus_4_a
1743	0.000018355	123040	ops_par_loop_update_halo_kernel2_yvel_minus_2_a_55	update_halo_kernel2_yvel_minus_2_a
1744	0.000017854	123040	ops_par_loop_update_halo_kernel2_yvel_minus_2_b_57	update_halo_kernel2_yvel_minus_2_b
1745	0.000021511	246080	ops_par_loop_group_29	update_halo_kernel2_xvel_minus_4_b+update_halo_kernel2_yvel_plus_4_b
1746	0.000021070	246080	ops_par_loop_group_30	update_halo_kernel4_plus_4_b+update_halo_kernel2_xvel_minus_2_b
1747	0.000018706	123040	ops_par_loop_update_halo_kernel4_plus_2_b_34	update_halo_kernel4_plus_2_b
1748	0.000562959	591053440	ops_par_loop_advec_cell_kernel1_ydir_35	advec_cell_kernel1_ydir
1749	0.000789289	708203544	ops_par_loop_advec_cell_kernel3_ydir_36	advec_cell_kernel3_ydir
1750	0.001476224	1533542400	ops_par_loop_advec_cell_kernel4_ydir_37	advec_cell_kernel4_ydir
1751	0.000022533	553536	ops_par_loop_group_35	update_halo_kernel1_b2+update_halo_kernel4_minus_4_a
1752	0.000023474	553536	ops_par_loop_group_36	update_halo_kernel1_b1+update_halo_kernel4_minus_2_a
1753	0.000019166	123008	ops_par_loop_update_halo_kernel4_minus_4_b_64	update_halo_kernel4_minus_4_b
1754	0.000021612	553536	ops_par_loop_group_38	update_halo_kernel1_t2+update_halo_kernel4_minus_2_b
1755	0.000020759	430528	ops_par_loop_update_halo_kernel1_t1_41	update_halo_kernel1_t1
1756	0.000027783	430528	ops_par_loop_update_halo_kernel1_l2_42	update_halo_kernel1_l2
1757	0.000022172	430528	ops_par_loop_update_halo_kernel1_l1_43	update_halo_kernel1_l1
1758	0.000023324	430528	ops_par_loop_update_halo_kernel1_r2_44	update_halo_kernel1_r2
1759	0.000021962	430528	ops_par_loop_update_halo_kernel1_r1_45	update_halo_kernel1_r1
1760	0.000020990	246080	ops_par_loop_group_44	update_halo_kernel2_yvel_plus_4_a+update_halo_kernel4_plus_4_a
1761	0.000019878	246080	ops_par_loop_group_45	update_halo_kernel2_yvel_plus_2_a+update_halo_kernel4_plus_2_a
1762	0.000021100	246080	ops_par_loop_group_46	update_halo_kernel2_yvel_plus_2_b+update_halo_kernel4_plus_4_b
1763	0.000018685	123040	ops_par_loop_update_halo_kernel4_plus_2_b_69	update_halo_kernel4_plus_2_b
1764	0.000561647	591053440	ops_par_loop_advec_mom_kernel_y1_70	advec_mom_kernel_y1
1765	0.000191764	236236864	ops_par_loop_advec_mom_kernel_mass_flux_y_71	advec_mom_kernel_mass_flux_y
1766	0.000532752	590438520	ops_par_loop_advec_mom_kernel_post_pre_advec_y_72	advec_mom_kernel_post_pre_advec_y
1767	0.000878910	472258640	ops_par_loop_advec_mom_kernel1_y_nonvector_73	advec_mom_kernel1_y_nonvector
1768	0.000446869	590131240	ops_par_loop_advec_mom_kernel2_y_74	advec_mom_kernel2_y
1769	0.000561016	591053440	ops_par_loop_advec_mom_kernel_y1_75	advec_mom_kernel_y1
1770	0.000191433	236236864	ops_par_loop_advec_mom_kernel_mass_flux_y_76	advec_mom_kernel_mass_flux_y
1771	0.000532671	590438520	ops_par_loop_advec_mom_kernel_post_pre_advec_y_77	advec_mom_kernel_post_pre_advec_y
1772	0.000877827	472258640	ops_par_loop_advec_mom_kernel1_y_nonvector_78	advec_mom_kernel1_y_nonvector
1773	0.000447070	590131240	ops_par_loop_advec_mom_kernel2_y_79	advec_mom_kernel2_y
1774	0.000489870	472842752	ops_par_loop_advec_cell_kernel2_xdir_80	advec_cell_kernel2_xdir
1775	0.000774100	708203544	ops_par_loop_advec_cell_kernel3_xdir_81	advec_cell_kernel3_xdir
1776	0.001460243	1533542400	ops_par_loop_advec_cell_kernel4_xdir_82	advec_cell_kernel4_xdir
1777	0.000023755	553536	ops_par_loop_group_61	update_halo_kernel1_b2+update_halo_kernel4_minus_4_a
1778	0.000021360	553536	ops_par_loop_group_62	update_halo_kernel1_b1+update_halo_kernel4_minus_2_a
1779	0.000020399	246080	ops_par_loop_group_63	update_halo_kernel2_xvel_plus_4_a+update_halo_kernel2_yvel_minus_4_a
1780	0.000019307	246080	ops_par_loop_group_64	update_halo_kernel2_xvel_plus_2_a+update_halo_kernel2_yvel_minus_2_a
1781	0.000019938	246080	ops_par_loop_group_65	update_halo_kernel2_xvel_plus_4_b+update_halo_kernel2_yvel_minus_4_b
1782	0.000019467	246080	ops_par_loop_group_66	update_halo_kernel2_xvel_plus_2_b+update_halo_kernel2_yvel_minus_2_b
1783	0.000021150	246080	ops_par_loop_group_67	update_halo_kernel2_xvel_minus_4_a+update_halo_kernel2_yvel_plus_4_a
1784	0.000020058	246080	ops_par_loop_group_68	update_halo_kernel2_xvel_minus_2_a+update_halo_kernel2_yvel_plus_2_a
1785	0.000021821	246080	ops_par_loop_group_69	update_halo_kernel2_xvel_minus_4_b+update_halo_kernel2_yvel_plus_4_b
1786	0.000019697	246080	ops_par_loop_group_70	update_halo_kernel2_xvel_minus_2_b+update_halo_kernel2_yvel_plus_2_b
1787	0.000019467	123040	ops_par_loop_update_halo_kernel3_plus_4_a_107	update_halo_kernel3_plus_4_a
1788	0.000018535	123040	ops_par_loop_update_halo_kernel3_plus_2_a_108	update_halo_kernel3_plus_2_a
1789	0.000018324	123040	ops_par_loop_update_halo_kernel3_plus_4_b_109	update_halo_kernel3_plus_4_b
1790	0.000018555	123040	ops_par_loop_update_halo_kernel3_plus_2_b_110	update_halo_kernel3_plus_2_b
1791	0.000019106	123008	ops_par_loop_update_halo_kernel3_minus_4_b_113	update_halo_kernel3_minus_4_b
1792	0.000018355	123008	ops_par_loop_update_halo_kernel4_minus_4_b_117	update_halo_kernel4_minus_4_b
1793	0.000020649	553536	ops_par_loop_group_77	update_halo_kernel1_t2+update_halo_kernel4_minus_2_b
1794	0.000020529	430528	ops_par_loop_update_halo_kernel1_t1_86	update_halo_kernel1_t1
1795	0.000026660	553536	ops_par_loop_group_79	update_halo_kernel1_l2+update_halo_kernel3_minus_4_a
1796	0.000023144	553536	ops_par_loop_group_80	update_halo_kernel1_l1+update_halo_kernel3_minus_2_a
1797	0.000024937	553536	ops_par_loop_group_81	update_halo_kernel1_r2+update_halo_kernel3_minus_2_b
1798	0.000027833	430528	ops_par_loop_update_halo_kernel1_r1_90	update_halo_kernel1_r1
1799	0.000020248	123040	ops_par_loop_update_halo_kernel4_plus_4_a_119	update_halo_kernel4_plus_4_a
1800	0.000019728	123040	ops_par_loop_update_halo_kernel4_plus_2_a_120	update_halo_kernel4_plus_2_a
1801	0.000019147	123040	ops_par_loop_update_halo_kernel4_plus_4_b_121	update_halo_kernel4_plus_4_b
1802	0.000018184	123040	ops_par_loop_update_halo_kernel4_plus_2_b_122	update_halo_kernel4_plus_2_b
1803	0.001201312	944701952	ops_par_loop_group_87	advec_mom_kernel_x2+reset_field_kernel1
1804	0.000801622	708096064	ops_par_loop_group_88	advec_mom_kernel_mass_flux_x+ideal_gas_kernel
1805	0.000577547	590438520	ops_par_loop_advec_mom_kernel_post_pre_advec_x_125	advec_mom_kernel_post_pre_advec_x
1806	0.000884851	472258640	ops_par_loop_advec_mom_kernel1_x_nonvector_126	advec_mom_kernel1_x_nonvector
1807	0.000447049	590131240	ops_par_loop_advec_mom_kernel2_x_127	advec_mom_kernel2_x
1808	0.000499368	472842752	ops_par_loop_advec_mom_kernel_x2_128	advec_mom_kernel_x2
1809	0.000196904	236236864	ops_par_loop_advec_mom_kernel_mass_flux_x_129	advec_mom_kernel_mass_flux_x
1810	0.000580111	590438520	ops_par_loop_advec_mom_kernel_post_pre_advec_x_130	advec_mom_kernel_post_pre_advec_x
1811	0.000889168	472258640	ops_par_loop_advec_mom_kernel1_x_nonvector_131	advec_mom_kernel1_x_nonvector
1812	0.000732441	1062236232	ops_par_loop_group_96	advec_mom_kernel2_x+reset_field_kernel2
1813	0.000023184	430304	ops_par_loop_update_halo_kernel1_b1_136	update_halo_kernel1_b1
1814	0.000020689	430304	ops_par_loop_update_halo_kernel1_t1_137	update_halo_kernel1_t1
1815	0.000025919	430304	ops_par_loop_update_halo_kernel1_l1_138	update_halo_kernel1_l1
1816	0.000024326	430304	ops_par_loop_update_halo_kernel1_r1_139	update_halo_kernel1_r1
1817	0.000019868	245952	ops_par_loop_group_101	update_halo_kernel2_xvel_plus_2_a+update_halo_kernel2_yvel_minus_2_a
1818	0.000019578	245952	ops_par_loop_group_102	update_halo_kernel2_xvel_plus_2_b+update_halo_kernel2_yvel_minus_2_b
1819	0.000021351	245952	ops_par_loop_group_103	update_halo_kernel2_xvel_minus_2_a+update_halo_kernel2_yvel_plus_2_a
1820	0.000021972	245952	ops_par_loop_group_104	update_halo_kernel2_xvel_minus_2_b+update_halo_kernel2_yvel_plus_2_b
1821	0.001737460	589885440	ops_par_loop_viscosity_kernel_148	viscosity_kernel
1822	0.000022052	430304	ops_par_loop_update_halo_kernel1_b1_149	update_halo_kernel1_b1
1823	0.000021090	430304	ops_par_loop_update_halo_kernel1_t1_150	update_halo_kernel1_t1
1824	0.000023595	430304	ops_par_loop_update_halo_kernel1_l1_151	update_halo_kernel1_l1
1825	0.000022773	430304	ops_par_loop_update_halo_kernel1_r1_152	update_halo_kernel1_r1
1826	0.000918014	1061744640	ops_par_loop_calc_dt_kernel_153	calc_dt_kernel
1827	0.001480863	1887436800	ops_par_loop_group_0	PdV_kernel_predict+ideal_gas_kernel
1828	0.000022282	430304	ops_par_loop_update_halo_kernel1_b1_2	update_halo_kernel1_b1
1829	0.000020479	430304	ops_par_loop_update_halo_kernel1_t1_3	update_halo_kernel1_t1
1830	0.000022833	430304	ops_par_loop_update_halo_kernel1_l1_4	update_halo_kernel1_l1
1831	0.000023715	430304	ops_par_loop_update_halo_kernel1_r1_5	update_halo_kernel1_r1
1832	0.001555555	1770147928	ops_par_loop_group_5	revert_kernel+accelerate_kernel
1833	0.001358841	1651507200	ops_par_loop_PdV_kernel_nopredict_8	PdV_kernel_nopredict
1834	0.000364793	471982080	ops_par_loop_flux_calc_kernelx_9	flux_calc_kernelx
1835	0.000358140	471982080	ops_par_loop_flux_calc_kernely_10	flux_calc_kernely
1836	0.000021922	553536	ops_par_loop_group_9	update_halo_kernel1_b2+update_halo_kernel4_minus_4_a
1837	0.000020949	553536	ops_par_loop_group_10	update_halo_kernel1_b1+update_halo_kernel4_minus_2_a
1838	0.000019657	246080	ops_par_loop_group_11	update_halo_kernel3_plus_4_a+update_halo_kernel2_xvel_plus_4_a
1839	0.000018324	246080	ops_par_loop_group_12	update_halo_kernel3_plus_2_a+update_halo_kernel2_xvel_plus_2_a
1840	0.000018716	123008	ops_par_loop_update_halo_kernel4_minus_4_b_29	update_halo_kernel4_minus_4_b
1841	0.000020399	553536	ops_par_loop_group_14	update_halo_kernel1_t2+update_halo_kernel4_minus_2_b
1842	0.000019497	430528	ops_par_loop_update_halo_kernel1_t1_14	update_halo_kernel1_t1
1843	0.000019087	246080	ops_par_loop_group_16	update_halo_kernel2_xvel_plus_4_b+update_halo_kernel2_yvel_minus_4_b
1844	0.000018785	246080	ops_par_loop_group_17	update_halo_kernel3_plus_4_b+update_halo_kernel2_xvel_plus_2_b
1845	0.000018044	123040	ops_par_loop_update_halo_kernel3_plus_2_b_22	update_halo_kernel3_plus_2_b
1846	0.000026210	553536	ops_par_loop_group_19	update_halo_kernel1_l2+update_halo_kernel3_minus_4_a
1847	0.000022663	553536	ops_par_loop_group_20	update_halo_kernel1_l1+update_halo_kernel3_minus_2_a
1848	0.000018485	123008	ops_par_loop_update_halo_kernel3_minus_4_b_25	update_halo_kernel3_minus_4_b
1849	0.000023675	553536	ops_par_loop_group_22	update_halo_kernel1_r2+update_halo_kernel3_minus_2_b
1850	0.000021211	430528	ops_par_loop_update_halo_kernel1_r1_18	update_halo_kernel1_r1
1851	0.000020509	246080	ops_par_loop_group_24	update_halo_kernel4_plus_4_a+update_halo_kernel2_xvel_minus_4_a
1852	0.000019066	246080	ops_par_loop_group_25	update_halo_kernel4_plus_2_a+update_halo_kernel2_xvel_minus_2_a
1853	0.000023926	123040	ops_par_loop_update_halo_kernel2_yvel_minus_4_a_54	update_halo_kernel2_yvel_minus_4_a
1854	0.000018415	123040	ops_par_loop_update_halo_kernel2_yvel_minus_2_a_55	update_halo_kernel2_yvel_minus_2_a
1855	0.000017774	123040	ops_par_loop_update_halo_kernel2_yvel_minus_2_b_57	update_halo_kernel2_yvel_minus_2_b
1856	0.000020269	246080	ops_par_loop_group_29	update_halo_kernel2_xvel_minus_4_b+update_halo_kernel2_yvel_plus_4_b
1857	0.000019777	246080	ops_par_loop_group_30	update_halo_kernel4_plus_4_b+update_halo_kernel2_xvel_minus_2_b
1858	0.000017924	123040	ops_par_loop_update_halo_kernel4_plus_2_b_34	update_halo_kernel4_plus_2_b
1859	0.000563200	591053440	ops_par_loop_advec_cell_kernel1_xdir_35	advec_cell_kernel1_xdir
1860	0.000772186	708203544	ops_par_loop_advec_cell_kernel3_xdir_36	advec_cell_kernel3_xdir
1861	0.001460264	1533542400	ops_par_loop_advec_cell_kernel4_xdir_37	advec_cell_kernel4_xdir
1862	0.000020539	430528	ops_par_loop_update_halo_kernel1_b2_38	update_halo_kernel1_b2
1863	0.000019667	430528	ops_par_loop_update_halo_kernel1_b1_39	update_halo_kernel1_b1
1864	0.000020198	430528	ops_par_loop_update_halo_kernel1_t2_40	update_halo_kernel1_t2
1865	0.000020289	430528	ops_par_loop_update_halo_kernel1_t1_41	update_halo_kernel1_t1
1866	0.000018925	123040	ops_par_loop_update_halo_kernel3_plus_4_a_62	update_halo_kernel3_plus_4_a
1867	0.000018525	123040	ops_par_loop_update_halo_kernel3_plus_2_a_63	update_halo_kernel3_plus_2_a
1868	0.000017503	123040	ops_par_loop_update_halo_kernel3_plus_4_b_64	update_halo_kernel3_plus_4_b
1869	0.000018324	123040	ops_par_loop_update_halo_kernel3_plus_2_b_65	update_halo_kernel3_plus_2_b
1870	0.000026089	553536	ops_par_loop_group_43	update_halo_kernel1_l2+update_halo_kernel3_minus_4_a
1871	0.000022773	553536	ops_par_loop_group_44	update_halo_kernel1_l1+update_halo_kernel3_minus_2_a
1872	0.000018445	123008	ops_par_loop_update_halo_kernel3_minus_4_b_68	update_halo_kernel3_minus_4_b
1873	0.000024677	553536	ops_par_loop_group_46	update_halo_kernel1_r2+update_halo_kernel3_minus_2_b
1874	0.000026320	430528	ops_par_loop_update_halo_kernel1_r1_45	update_halo_kernel1_r1
1875	0.000564492	591053440	ops_par_loop_advec_mom_kernel_x1_70	advec_mom_kernel_x1
1876	0.000197265	236236864	ops_par_loop_advec_mom_kernel_mass_flux_x_71	advec_mom_kernel_mass_flux_x
1877	0.000574602	590438520	ops_par_loop_advec_mom_kernel_post_pre_advec_x_72	advec_mom_kernel_post_pre_advec_x
1878	0.000883989	472258640	ops_par_loop_advec_mom_kernel1_x_nonvector_73	advec_mom_kernel1_x_nonvector
1879	0.000452329	590131240	ops_par_loop_advec_mom_kernel2_x_74	advec_mom_kernel2_x
1880	0.000561817	591053440	ops_par_loop_advec_mom_kernel_x1_75	advec_mom_kernel_x1
1881	0.000194730	236236864	ops_par_loop_advec_mom_kernel_mass_flux_x_76	advec_mom_kernel_mass_flux_x
1882	0.000572107	590438520	ops_par_loop_advec_mom_kernel_post_pre_advec_x_77	advec_mom_kernel_post_pre_advec_x
1883	0.000021110	246080	ops_par_loop_group_56	update_halo_kernel2_xvel_plus_4_a+update_halo_kernel3_plus_4_a
1884	0.000019317	246080	ops_par_loop_group_57	update_halo_kernel2_xvel_plus_2_a+update_halo_kernel3_plus_2_a
1885	0.000018274	123040	ops_par_loop_update_halo_kernel2_xvel_plus_4_b_93	update_halo_kernel2_xvel_plus_4_b
1886	0.000018936	246080	ops_par_loop_group_59	update_halo_kernel2_xvel_plus_2_b+update_halo_kernel3_plus_4_b
1887	0.000020599	246080	ops_par_loop_group_60	update_halo_kernel2_yvel_plus_4_a+update_halo_kernel2_xvel_minus_4_a
1888	0.000019227	246080	ops_par_loop_group_61	update_halo_kernel2_yvel_plus_2_a+update_halo_kernel2_xvel_minus_2_a
1889	0.000018735	123040	ops_par_loop_update_halo_kernel2_xvel_minus_4_b_97	update_halo_kernel2_xvel_minus_4_b
1890	0.000019798	246080	ops_par_loop_group_63	update_halo_kernel2_yvel_plus_2_b+update_halo_kernel2_xvel_minus_2_b
1891	0.000883118	472258640	ops_par_loop_advec_mom_kernel1_x_nonvector_78	advec_mom_kernel1_x_nonvector
1892	0.000448172	590131240	ops_par_loop_advec_mom_kernel2_x_79	advec_mom_kernel2_x
1893	0.000496443	472842752	ops_par_loop_advec_cell_kernel2_ydir_80	advec_cell_kernel2_ydir
1894	0.000789119	708203544	ops_par_loop_advec_cell_kernel3_ydir_81	advec_cell_kernel3_ydir
1895	0.001468890	1533542400	ops_par_loop_advec_cell_kernel4_ydir_82	advec_cell_kernel4_ydir
1896	0.000022192	553536	ops_par_loop_group_69	update_halo_kernel1_b2+update_halo_kernel4_minus_4_a
1897	0.000020799	553536	ops_par_loop_group_70	update_halo_kernel1_b1+update_halo_kernel4_minus_2_a
1898	0.000018335	123040	ops_par_loop_update_halo_kernel2_yvel_minus_4_a_99	update_halo_kernel2_yvel_minus_4_a
1899	0.000017613	123040	ops_par_loop_update_halo_kernel2_yvel_minus_2_a_100	update_halo_kernel2_yvel_minus_2_a
1900	0.000017694	123040	ops_par_loop_update_halo_kernel2_yvel_minus_4_b_101	update_halo_kernel2_yvel_minus_4_b
1901	0.000017813	123040	ops_par_loop_update_halo_kernel2_yvel_minus_2_b_102	update_halo_kernel2_yvel_minus_2_b
1902	0.000019097	123040	ops_par_loop_update_halo_kernel2_yvel_plus_4_b_105	update_halo_kernel2_yvel_plus_4_b
1903	0.000018315	123040	ops_par_loop_update_halo_kernel3_plus_2_b_110	update_halo_kernel3_plus_2_b
1904	0.000018986	123008	ops_par_loop_update_halo_kernel3_minus_4_b_113	update_halo_kernel3_minus_4_b
1905	0.000017523	123008	ops_par_loop_update_halo_kernel4_minus_4_b_117	update_halo_kernel4_minus_4_b
1906	0.000020929	553536	ops_par_loop_group_79	update_halo_kernel1_t2+update_halo_kernel4_minus_2_b
1907	0.000020379	430528	ops_par_loop_update_halo_kernel1_t1_86	update_halo_kernel1_t1
1908	0.000027082	553536	ops_par_loop_group_81	update_halo_kernel1_l2+update_halo_kernel3_minus_4_a
1909	0.000022543	553536	ops_par_loop_group_82	update_halo_kernel1_l1+update_halo_kernel3_minus_2_a
1910	0.000024577	553536	ops_par_loop_group_83	update_halo_kernel1_r2+update_halo_kernel3_minus_2_b
1911	0.000021050	430528	ops_par_loop_update_halo_kernel1_r1_90	update_halo_kernel1_r1
1912	0.000020289	246080	ops_par_loop_group_85	update_halo_kernel2_yvel_plus_4_a+update_halo_kernel4_plus_4_a
1913	0.000019237	246080	ops_par_loop_group_86	update_halo_kernel2_yvel_plus_2_a+update_halo_kernel4_plus_2_a
1914	0.000019587	246080	ops_par_loop_group_87	update_halo_kernel2_yvel_plus_2_b+update_halo_kernel4_plus_4_b
1915	0.000018776	123040	ops_par_loop_update_halo_kernel4_plus_2_b_122	update_halo_kernel4_plus_2_b
1916	0.001194459	944701952	ops_par_loop_group_89	advec_mom_kernel_y2+reset_field_kernel1
1917	0.000735587	708096064	ops_par_loop_group_90	advec_mom_kernel_mass_flux_y+ideal_gas_kernel
1918	0.000529555	590438520	ops_par_loop_advec_mom_kernel_post_pre_advec_y_125	advec_mom_kernel_post_pre_advec_y
1919	0.000878499	472258640	ops_par_loop_advec_mom_kernel1_y_nonvector_126	advec_mom_kernel1_y_nonvector
1920	0.000446318	590131240	ops_par_loop_advec_mom_kernel2_y_127	advec_mom_kernel2_y
1921	0.000491884	472842752	ops_par_loop_advec_mom_kernel_y2_128	advec_mom_kernel_y2
1922	0.000192355	236236864	ops_par_loop_advec_mom_kernel_mass_flux_y_129	advec_mom_kernel_mass_flux_y
1923	0.000531088	590438520	ops_par_loop_advec_mom_kernel_post_pre_advec_y_130	advec_mom_kernel_post_pre_advec_y
1924	0.000877266	472258640	ops_par_loop_advec_mom_kernel1_y_nonvector_131	advec_mom_kernel1_y_nonvector
1925	0.000730788	1062236232	ops_par_loop_group_98	advec_mom_kernel2_y+reset_field_kernel2
1926	0.000021531	430304	ops_par_loop_update_halo_kernel1_b1_136	update_halo_kernel1_b1
1927	0.000020168	430304	ops_par_loop_update_halo_kernel1_t1_137	update_halo_kernel1_t1
1928	0.000023575	430304	ops_par_loop_update_halo_kernel1_l1_138	update_halo_kernel1_l1
1929	0.000023715	430304	ops_par_loop_update_halo_kernel1_r1_139	update_halo_kernel1_r1
1930	0.000018866	245952	ops_par_loop_group_103	update_halo_kernel2_xvel_plus_2_a+update_halo_kernel2_yvel_minus_2_a
1931	0.000018795	245952	ops_par_loop_group_104	update_halo_kernel2_xvel_plus_2_b+update_halo_kernel2_yvel_minus_2_b
1932	0.000020569	245952	ops_par_loop_group_105	update_halo_kernel2_xvel_minus_2_a+update_halo_kernel2_yvel_plus_2_a
1933	0.000020660	245952	ops_par_loop_group_106	update_halo_kernel2_xvel_minus_2_b+update_halo_kernel2_yvel_plus_2_b
1934	0.001736217	589885440	ops_par_loop_viscosity_kernel_148	viscosity_kernel
1935	0.000021240	430304	ops_par_loop_update_halo_kernel1_b1_149	update_halo_kernel1_b1
1936	0.000020249	430304	ops_par_loop_update_halo_kernel1_t1_150	update_halo_kernel1_t1
1937	0.000048031	430304	ops_par_loop_update_halo_kernel1_l1_151	update_halo_kernel1_l1
1938	0.000024216	430304	ops_par_loop_update_halo_kernel1_r1_152	update_halo_kernel1_r1
1939	0.000918424	1061744640	ops_par_loop_calc_dt_kernel_153	calc_dt_kernel
1940	0.001488277	1887436800	ops_par_loop_group_0	PdV_kernel_predict+ideal_gas_kernel
1941	0.000022222	430304	ops_par_loop_update_halo_kernel1_b1_2	update_halo_kernel1_b1
1942	0.000021100	430304	ops_par_loop_update_halo_kernel1_t1_3	update_halo_kernel1_t1
1943	0.000024086	430304	ops_par_loop_update_halo_kernel1_l1_4	update_halo_kernel1_l1
1944	0.000023655	430304	ops_par_loop_update_halo_kernel1_r1_5	update_halo_kernel1_r1
1945	0.001556917	1770147928	ops_par_loop_group_5	revert_kernel+accelerate_kernel
1946	0.001357739	1651507200	ops_par_loop_PdV_kernel_nopredict_8	PdV_kernel_nopredict
1947	0.000359062	471982080	ops_par_loop_flux_calc_kernelx_9	flux_calc_kernelx
1948	0.000357760	471982080	ops_par_loop_flux_calc_kernely_10	flux_calc_kernely
1949	0.000021761	553536	ops_par_loop_group_9	update_halo_kernel1_b2+update_halo_kernel4_minus_4_a
1950	0.000021381	553536	ops_par_loop_group_10	update_halo_kernel1_b1+update_halo_kernel4_minus_2_a
1951	0.000019427	246080	ops_par_loop_group_11	update_halo_kernel3_plus_4_a+update_halo_kernel2_xvel_plus_4_a
1952	0.000018625	246080	ops_par_loop_group_12	update_halo_kernel3_plus_2_a+update_halo_kernel2_xvel_plus_2_a
1953	0.000018264	123008	ops_par_loop_update_halo_kernel4_minus_4_b_29	update_halo_kernel4_minus_4_b
1954	0.000020769	553536	ops_par_loop_group_14	update_halo_kernel1_t2+update_halo_kernel4_minus_2_b
1955	0.000020339	430528	ops_par_loop_update_halo_kernel1_t1_14	update_halo_kernel1_t1
1956	0.000019306	246080	ops_par_loop_group_16	update_halo_kernel2_xvel_plus_4_b+update_halo_kernel2_yvel_minus_4_b
1957	0.000018835	246080	ops_par_loop_group_17	update_halo_kernel3_plus_4_b+update_halo_kernel2_xvel_plus_2_b
1958	0.000018545	123040	ops_par_loop_update_halo_kernel3_plus_2_b_22	update_halo_kernel3_plus_2_b
1959	0.000025108	553536	ops_par_loop_group_19	update_halo_kernel1_l2+update_halo_kernel3_minus_4_a
1960	0.000022172	553536	ops_par_loop_group_20	update_halo_kernel1_l1+update_halo_kernel3_minus_2_a
1961	0.000018625	123008	ops_par_loop_update_halo_kernel3_minus_4_b_25	update_halo_kernel3_minus_4_b
1962	0.000024186	553536	ops_par_loop_group_22	update_halo_kernel1_r2+update_halo_kernel3_minus_2_b
1963	0.000022012	430528	ops_par_loop_update_halo_kernel1_r1_18	update_halo_kernel1_r1
1964	0.000021341	246080	ops_par_loop_group_24	update_halo_kernel4_plus_4_a+update_halo_kernel2_xvel_minus_4_a
1965	0.000019577	246080	ops_par_loop_group_25	update_halo_kernel4_plus_2_a+update_halo_kernel2_xvel_minus_2_a
1966	0.000018495	123040	ops_par_loop_update_halo_kernel2_yvel_minus_4_a_54	update_halo_kernel2_yvel_minus_4_a
1967	0.000017653	123040	ops_par_loop_update_halo_kernel2_yvel_minus_2_a_55	update_halo_kernel2_yvel_minus_2_a
1968	0.000017593	123040	ops_par_loop_update_halo_kernel2_yvel_minus_2_b_57	update_halo_kernel2_yvel_minus_2_b
1969	0.000020038	246080	ops_par_loop_group_29	update_halo_kernel2_xvel_minus_4_b+update_halo_kernel2_yvel_plus_4_b
1970	0.000019708	246080	ops_par_loop_group_30	update_halo_kernel4_plus_4_b+update_halo_kernel2_xvel_minus_2_b
1971	0.000018075	123040	ops_par_loop_update_halo_kernel4_plus_2_b_34	update_halo_kernel4_plus_2_b
1972	0.000564302	591053440	ops_par_loop_advec_cell_kernel1_ydir_35	advec_cell_kernel1_ydir
1973	0.000788708	708203544	ops_par_loop_advec_cell_kernel3_ydir_36	advec_cell_kernel3_ydir
1974	0.001472837	1533542400	ops_par_loop_advec_cell_kernel4_ydir_37	advec_cell_kernel4_ydir
1975	0.000022693	553536	ops_par_loop_group_35	update_halo_kernel1_b2+update_halo_kernel4_minus_4_a
1976	0.000020168	553536	ops_par_loop_group_36	update_halo_kernel1_b1+update_halo_kernel4_minus_2_a
1977	0.000017824	123008	ops_par_loop_update_halo_kernel4_minus_4_b_64	update_halo_kernel4_minus_4_b
1978	0.000020479	553536	ops_par_loop_group_38	update_halo_kernel1_t2+update_halo_kernel4_minus_2_b
1979	0.000020278	430528	ops_par_loop_update_halo_kernel1_t1_41	update_halo_kernel1_t1
1980	0.000023264	430528	ops_par_loop_update_halo_kernel1_l2_42	update_halo_kernel1_l2
1981	0.000021211	430528	ops_par_loop_update_halo_kernel1_l1_43	update_halo_kernel1_l1
1982	0.000022303	430528	ops_par_loop_update_halo_kernel1_r2_44	update_halo_kernel1_r2
1983	0.000021211	430528	ops_par_loop_update_halo_kernel1_r1_45	update_halo_kernel1_r1
1984	0.000021361	246080	ops_par_loop_group_44	update_halo_kernel2_yvel_plus_4_a+update_halo_kernel4_plus_4_a
1985	0.000019356	246080	ops_par_loop_group_45	update_halo_kernel2_yvel_plus_2_a+update_halo_kernel4_plus_2_a
1986	0.000020168	246080	ops_par_loop_group_46	update_halo_kernel2_yvel_plus_2_b+update_halo_kernel4_plus_4_b
1987	0.000018175	123040	ops_par_loop_update_halo_kernel4_plus_2_b_69	update_halo_kernel4_plus_2_b
1988	0.000560655	591053440	ops_par_loop_advec_mom_kernel_y1_70	advec_mom_kernel_y1
1989	0.000191373	236236864	ops_par_loop_advec_mom_kernel_mass_flux_y_71	advec_mom_kernel_mass_flux_y
1990	0.000532902	590438520	ops_par_loop_advec_mom_kernel_post_pre_advec_y_72	advec_mom_kernel_post_pre_advec_y
1991	0.000878699	472258640	ops_par_loop_advec_mom_kernel1_y_nonvector_73	advec_mom_kernel1_y_nonvector
1992	0.000450776	590131240	ops_par_loop_advec_mom_kernel2_y_74	advec_mom_kernel2_y
1993	0.000561837	591053440	ops_par_loop_advec_mom_kernel_y1_75	advec_mom_kernel_y1
1994	0.000191785	236236864	ops_par_loop_advec_mom_kernel_mass_flux_y_76	advec_mom_kernel_mass_flux_y
1995	0.000529576	590438520	ops_par_loop_advec_mom_kernel_post_pre_advec_y_77	advec_mom_kernel_post_pre_advec_y
1996	0.000877226	472258640	ops_par_loop_advec_mom_kernel1_y_nonvector_78	advec_mom_kernel1_y_nonvector
1997	0.000450516	590131240	ops_par_loop_advec_mom_kernel2_y_79	advec_mom_kernel2_y
1998	0.000490922	472842752	ops_par_loop_advec_cell_kernel2_xdir_80	advec_cell_kernel2_xdir
1999	0.000772828	708203544	ops_par_loop_advec_cell_kernel3_xdir_81	advec_cell_kernel3_xdir
2000	0.001461365	1533542400	ops_par_loop_advec_cell_kernel4_xdir_82	advec_cell_kernel4_xdir
2001	0.000022472	553536	ops_par_loop_group_61	update_halo_kernel1_b2+update_halo_kernel4_minus_4_a
2002	0.000021211	553536	ops_par_loop_group_62	update_halo_kernel1_b1+update_halo_kernel4_minus_2_a
2003	0.000019758	246080	ops_par_loop_group_63	update_halo_kernel2_xvel_plus_4_a+update_halo_kernel2_yvel_minus_4_a
2004	0.000018405	246080	ops_par_loop_group_64	update_halo_kernel2_xvel_plus_2_a+update_halo_kernel2_yvel_minus_2_a
2005	0.000019046	246080	ops_par_loop_group_65	update_halo_kernel2_xvel_plus_4_b+update_halo_kernel2_yvel_minus_4_b
2006	0.000018996	246080	ops_par_loop_group_66	update_halo_kernel2_xvel_plus_2_b+update_halo_kernel2_yvel_minus_2_b
2007	0.000021711	246080	ops_par_loop_group_67	update_halo_kernel2_xvel_minus_4_a+update_halo_kernel2_yvel_plus_4_a
2008	0.000019908	246080	ops_par_loop_group_68	update_halo_kernel2_xvel_minus_2_a+update_halo_kernel2_yvel_plus_2_a
2009	0.000021621	246080	ops_par_loop_group_69	update_halo_kernel2_xvel_minus_4_b+update_halo_kernel2_yvel_plus_4_b
2010	0.000019938	246080	ops_par_loop_group_70	update_halo_kernel2_xvel_minus_2_b+update_halo_kernel2_yvel_plus_2_b
2011	0.000019517	123040	ops_par_loop_update_halo_kernel3_plus_4_a_107	update_halo_kernel3_plus_4_a
2012	0.000017924	123040	ops_par_loop_update_halo_kernel3_plus_2_a_108	update_halo_kernel3_plus_2_a
2013	0.000018655	123040	ops_par_loop_update_halo_kernel3_plus_4_b_109	update_halo_kernel3_plus_4_b
2014	0.000018115	123040	ops_par_loop_update_halo_kernel3_plus_2_b_110	update_halo_kernel3_plus_2_b
2015	0.000018535	123008	ops_par_loop_update_halo_kernel3_minus_4_b_113	update_halo_kernel3_minus_4_b
2016	0.000017833	123008	ops_par_loop_update_halo_kernel4_minus_4_b_117	update_halo_kernel4_minus_4_b
2017	0.000020279	553536	ops_par_loop_group_77	update_halo_kernel1_t2+update_halo_kernel4_minus_2_b
2018	0.000019647	430528	ops_par_loop_update_halo_kernel1_t1_86	update_halo_kernel1_t1
2019	0.000026169	553536	ops_par_loop_group_79	update_halo_kernel1_l2+update_halo_kernel3_minus_4_a
2020	0.000023895	553536	ops_par_loop_group_80	update_halo_kernel1_l1+update_halo_kernel3_minus_2_a
2021	0.000024297	553536	ops_par_loop_group_81	update_halo_kernel1_r2+update_halo_kernel3_minus_2_b
2022	0.000022132	430528	ops_par_loop_update_halo_kernel1_r1_90	update_halo_kernel1_r1
2023	0.000018946	123040	ops_par_loop_update_halo_kernel4_plus_4_a_119	update_halo_kernel4_plus_4_a
2024	0.000018054	123040	ops_par_loop_update_halo_kernel4_plus_2_a_120	update_halo_kernel4_plus_2_a
2025	0.000019256	123040	ops_par_loop_update_halo_kernel4_plus_4_b_121	update_halo_kernel4_plus_4_b
2026	0.000018455	123040	ops_par_loop_update_halo_kernel4_plus_2_b_122	update_halo_kernel4_plus_2_b
2027	0.001202274	944701952	ops_par_loop_group_87	advec_mom_kernel_x2+reset_field_kernel1
2028	0.000801312	708096064	ops_par_loop_group_88	advec_mom_kernel_mass_flux_x+ideal_gas_kernel
2029	0.000573409	590438520	ops_par_loop_advec_mom_kernel_post_pre_advec_x_125	advec_mom_kernel_post_pre_advec_x
2030	0.000884009	472258640	ops_par_loop_advec_mom_kernel1_x_nonvector_126	advec_mom_kernel1_x_nonvector
2031	0.000447380	590131240	ops_par_loop_advec_mom_kernel2_x_127	advec_mom_kernel2_x
2032	0.000497225	472842752	ops_par_loop_advec_mom_kernel_x2_128	advec_mom_kernel_x2
2033	0.000193929	236236864	ops_par_loop_advec_mom_kernel_mass_flux_x_129	advec_mom_kernel_mass_flux_x
2034	0.000572938	590438520	ops_par_loop_advec_mom_kernel_post_pre_advec_x_130	advec_mom_kernel_post_pre_advec_x
2035	0.000883678	472258640	ops_par_loop_advec_mom_kernel1_x_nonvector_131	advec_mom_kernel1_x_nonvector
2036	0.000729626	1062236232	ops_par_loop_group_96	advec_mom_kernel2_x+reset_field_kernel2
2037	0.000021661	430304	ops_par_loop_update_halo_kernel1_b1_136	update_halo_kernel1_b1
2038	0.000020108	430304	ops_par_loop_update_halo_kernel1_t1_137	update_halo_kernel1_t1
2039	0.000024536	430304	ops_par_loop_update_halo_kernel1_l1_138	update_halo_kernel1_l1
2040	0.000024046	430304	ops_par_loop_update_halo_kernel1_r1_139	update_halo_kernel1_r1
2041	0.000022834	245952	ops_par_loop_group_101	update_halo_kernel2_xvel_plus_2_a+update_halo_kernel2_yvel_minus_2_a
2042	0.000019266	245952	ops_par_loop_group_102	update_halo_kernel2_xvel_plus_2_b+update_halo_kernel2_yvel_minus_2_b
2043	0.000020609	245952	ops_par_loop_group_103	update_halo_kernel2_xvel_minus_2_a+update_halo_kernel2_yvel_plus_2_a
2044	0.000021331	245952	ops_par_loop_group_104	update_halo_kernel2_xvel_minus_2_b+update_halo_kernel2_yvel_plus_2_b
2045	0.001736859	589885440	ops_par_loop_viscosity_kernel_148	viscosity_kernel
2046	0.000021761	430304	ops_par_loop_update_halo_kernel1_b1_149	update_halo_kernel1_b1
2047	0.000019978	430304	ops_par_loop_update_halo_kernel1_t1_150	update_halo_kernel1_t1
2048	0.000022763	430304	ops_par_loop_update_halo_kernel1_l1_151	update_halo_kernel1_l1
2049	0.000023355	430304	ops_par_loop_update_halo_kernel1_r1_152	update_halo_kernel1_r1
2050	0.000917553	1061744640	ops_par_loop_calc_dt_kernel_153	calc_dt_kernel
2051	0.001486714	1887436800	ops_par_loop_group_0	PdV_kernel_predict+ideal_gas_kernel
2052	0.000022753	430304	ops_par_loop_update_halo_kernel1_b1_2	update_halo_kernel1_b1
2053	0.000020519	430304	ops_par_loop_update_halo_kernel1_t1_3	update_halo_kernel1_t1
2054	0.000023645	430304	ops_par_loop_update_halo_kernel1_l1_4	update_halo_kernel1_l1
2055	0.000023825	430304	ops_par_loop_update_halo_kernel1_r1_5	update_halo_kernel1_r1
2056	0.001558711	1770147928	ops_par_loop_group_5	revert_kernel+accelerate_kernel
2057	0.001356386	1651507200	ops_par_loop_PdV_kernel_nopredict_8	PdV_kernel_nopredict
2058	0.000360014	471982080	ops_par_loop_flux_calc_kernelx_9	flux_calc_kernelx
2059	0.000356897	471982080	ops_par_loop_flux_calc_kernely_10	flux_calc_kernely
2060	0.000021961	553536	ops_par_loop_group_9	update_halo_kernel1_b2+update_halo_kernel4_minus_4_a
2061	0.000020960	553536	ops_par_loop_group_10	update_halo_kernel1_b1+update_halo_kernel4_minus_2_a
2062	0.000019046	246080	ops_par_loop_group_11	update_halo_kernel3_plus_4_a+update_halo_kernel2_xvel_plus_4_a
2063	0.000024095	246080	ops_par_loop_group_12	update_halo_kernel3_plus_2_a+update_halo_kernel2_xvel_plus_2_a
2064	0.000018946	123008	ops_par_loop_update_halo_kernel4_minus_4_b_29	update_halo_kernel4_minus_4_b
2065	0.000021531	553536	ops_par_loop_group_14	update_halo_kernel1_t2+update_halo_kernel4_minus_2_b
2066	0.000020679	430528	ops_par_loop_update_halo_kernel1_t1_14	update_halo_kernel1_t1
2067	0.000019417	246080	ops_par_loop_group_16	update_halo_kernel2_xvel_plus_4_b+update_halo_kernel2_yvel_minus_4_b
2068	0.000018855	246080	ops_par_loop_group_17	update_halo_kernel3_plus_4_b+update_halo_kernel2_xvel_plus_2_b
2069	0.000018305	123040	ops_par_loop_update_halo_kernel3_plus_2_b_22	update_halo_kernel3_plus_2_b
2070	0.000025338	553536	ops_par_loop_group_19	update_halo_kernel1_l2+update_halo_kernel3_minus_4_a
2071	0.000023034	553536	ops_par_loop_group_20	update_halo_kernel1_l1+update_halo_kernel3_minus_2_a
2072	0.000019407	123008	ops_par_loop_update_halo_kernel3_minus_4_b_25	update_halo_kernel3_minus_4_b
2073	0.000023966	553536	ops_par_loop_group_22	update_halo_kernel1_r2+update_halo_kernel3_minus_2_b
2074	0.000020700	430528	ops_par_loop_update_halo_kernel1_r1_18	update_halo_kernel1_r1
2075	0.000020629	246080	ops_par_loop_group_24	update_halo_kernel4_plus_4_a+update_halo_kernel2_xvel_minus_4_a
2076	0.000019517	246080	ops_par_loop_group_25	update_halo_kernel4_plus_2_a+update_halo_kernel2_xvel_minus_2_a
2077	0.000018165	123040	ops_par_loop_update_halo_kernel2_yvel_minus_4_a_54	update_halo_kernel2_yvel_minus_4_a
2078	0.000018645	123040	ops_par_loop_update_halo_kernel2_yvel_minus_2_a_55	update_halo_kernel2_yvel_minus_2_a
2079	0.000017564	123040	ops_par_loop_update_halo_kernel2_yvel_minus_2_b_57	update_halo_kernel2_yvel_minus_2_b
2080	0.000020759	246080	ops_par_loop_group_29	update_halo_kernel2_xvel_minus_4_b+update_halo_kernel2_yvel_plus_4_b
2081	0.000020208	246080	ops_par_loop_group_30	update_halo_kernel4_plus_4_b+update_halo_kernel2_xvel_minus_2_b
2082	0.000017994	123040	ops_par_loop_update_halo_kernel4_plus_2_b_34	update_halo_kernel4_plus_2_b
2083	0.000561456	591053440	ops_par_loop_advec_cell_kernel1_xdir_35	advec_cell_kernel1_xdir
2084	0.000774371	708203544	ops_par_loop_advec_cell_kernel3_xdir_36	advec_cell_kernel3_xdir
2085	0.001463930	1533542400	ops_par_loop_advec_cell_kernel4_xdir_37	advec_cell_kernel4_xdir
2086	0.000021621	430528	ops_par_loop_update_halo_kernel1_b2_38	update_halo_kernel1_b2
2087	0.000020369	430528	ops_par_loop_update_halo_kernel1_b1_39	update_halo_kernel1_b1
2088	0.000020368	430528	ops_par_loop_update_halo_kernel1_t2_40	update_halo_kernel1_t2
2089	0.000020008	430528	ops_par_loop_update_halo_kernel1_t1_41	update_halo_kernel1_t1
2090	0.000019136	123040	ops_par_loop_update_halo_kernel3_plus_4_a_62	update_halo_kernel3_plus_4_a
2091	0.000018264	123040	ops_par_loop_update_halo_kernel3_plus_2_a_63	update_halo_kernel3_plus_2_a
2092	0.000017444	123040	ops_par_loop_update_halo_kernel3_plus_4_b_64	update_halo_kernel3_plus_4_b
2093	0.000017312	123040	ops_par_loop_update_halo_kernel3_plus_2_b_65	update_halo_kernel3_plus_2_b
2094	0.000026340	553536	ops_par_loop_group_43	update_halo_kernel1_l2+update_halo_kernel3_minus_4_a
2095	0.000022974	553536	ops_par_loop_group_44	update_halo_kernel1_l1+update_halo_kernel3_minus_2_a
2096	0.000018475	123008	ops_par_loop_update_halo_kernel3_minus_4_b_68	update_halo_kernel3_minus_4_b
2097	0.000023895	553536	ops_par_loop_group_46	update_halo_kernel1_r2+update_halo_kernel3_minus_2_b
2098	0.000020559	430528	ops_par_loop_update_halo_kernel1_r1_45	update_halo_kernel1_r1
2099	0.000563230	591053440	ops_par_loop_advec_mom_kernel_x1_70	advec_mom_kernel_x1
2100	0.000194259	236236864	ops_par_loop_advec_mom_kernel_mass_flux_x_71	advec_mom_kernel_mass_flux_x
2101	0.000573479	590438520	ops_par_loop_advec_mom_kernel_post_pre_advec_x_72	advec_mom_kernel_post_pre_advec_x
2102	0.000883338	472258640	ops_par_loop_advec_mom_kernel1_x_nonvector_73	advec_mom_kernel1_x_nonvector
2103	0.000456276	590131240	ops_par_loop_advec_mom_kernel2_x_74	advec_mom_kernel2_x
2104	0.000560895	591053440	ops_par_loop_advec_mom_kernel_x1_75	advec_mom_kernel_x1
2105	0.000193598	236236864	ops_par_loop_advec_mom_kernel_mass_flux_x_76	advec_mom_kernel_mass_flux_x
2106	0.000574572	590438520	ops_par_loop_advec_mom_kernel_post_pre_advec_x_77	advec_mom_kernel_post_pre_advec_x
2107	0.000021030	246080	ops_par_loop_group_56	update_halo_kernel2_xvel_plus_4_a+update_halo_kernel3_plus_4_a
2108	0.000018996	246080	ops_par_loop_group_57	update_halo_kernel2_xvel_plus_2_a+update_halo_kernel3_plus_2_a
2109	0.000018295	123040	ops_par_loop_update_halo_kernel2_xvel_plus_4_b_93	update_halo_kernel2_xvel_plus_4_b
2110	0.000019266	246080	ops_par_loop_group_59	update_halo_kernel2_xvel_plus_2_b+update_halo_kernel3_plus_4_b
2111	0.000020660	246080	ops_par_loop_group_60	update_halo_kernel2_yvel_plus_4_a+update_halo_kernel2_xvel_minus_4_a
2112	0.000019156	246080	ops_par_loop_group_61	update_halo_kernel2_yvel_plus_2_a+update_halo_kernel2_xvel_minus_2_a
2113	0.000018435	123040	ops_par_loop_update_halo_kernel2_xvel_minus_4_b_97	update_halo_kernel2_xvel_minus_4_b
2114	0.000019777	246080	ops_par_loop_group_63	update_halo_kernel2_yvel_plus_2_b+update_halo_kernel2_xvel_minus_2_b
2115	0.000882667	472258640	ops_par_loop_advec_mom_kernel1_x_nonvector_78	advec_mom_kernel1_x_nonvector
2116	0.000448903	590131240	ops_par_loop_advec_mom_kernel2_x_79	advec_mom_kernel2_x
2117	0.000499038	472842752	ops_par_loop_advec_cell_kernel2_ydir_80	advec_cell_kernel2_ydir
2118	0.000789670	708203544	ops_par_loop_advec_cell_kernel3_ydir_81	advec_cell_kernel3_ydir
2119	0.001474841	1533542400	ops_par_loop_advec_cell_kernel4_ydir_82	advec_cell_kernel4_ydir
2120	0.000023124	553536	ops_par_loop_group_69	update_halo_kernel1_b2+update_halo_kernel4_minus_4_a
2121	0.000021952	553536	ops_par_loop_group_70	update_halo_kernel1_b1+update_halo_kernel4_minus_2_a
2122	0.000018095	123040	ops_par_loop_update_halo_kernel2_yvel_minus_4_a_99	update_halo_kernel2_yvel_minus_4_a
2123	0.000018525	123040	ops_par_loop_update_halo_kernel2_yvel_minus_2_a_100	update_halo_kernel2_yvel_minus_2_a
2124	0.000017974	123040	ops_par_loop_update_halo_kernel2_yvel_minus_4_b_101	update_halo_kernel2_yvel_minus_4_b
2125	0.000018224	123040	ops_par_loop_update_halo_kernel2_yvel_minus_2_b_102	update_halo_kernel2_yvel_minus_2_b
2126	0.000019958	123040	ops_par_loop_update_halo_kernel2_yvel_plus_4_b_105	update_halo_kernel2_yvel_plus_4_b
2127	0.000018705	123040	ops_par_loop_update_halo_kernel3_plus_2_b_110	update_halo_kernel3_plus_2_b
2128	0.000018956	123008	ops_par_loop_update_halo_kernel3_minus_4_b_113	update_halo_kernel3_minus_4_b
2129	0.000016852	123008	ops_par_loop_update_halo_kernel4_minus_4_b_117	update_halo_kernel4_minus_4_b
2130	0.000021310	553536	ops_par_loop_group_79	update_halo_kernel1_t2+update_halo_kernel4_minus_2_b
2131	0.000019687	430528	ops_par_loop_update_halo_kernel1_t1_86	update_halo_kernel1_t1
2132	0.000026560	553536	ops_par_loop_group_81	update_halo_kernel1_l2+update_halo_kernel3_minus_4_a
2133	0.000022973	553536	ops_par_loop_group_82	update_halo_kernel1_l1+update_halo_kernel3_minus_2_a
2134	0.000024597	553536	ops_par_loop_group_83	update_halo_kernel1_r2+update_halo_kernel3_minus_2_b
2135	0.000021311	430528	ops_par_loop_update_halo_kernel1_r1_90	update_halo_kernel1_r1
2136	0.000020879	246080	ops_par_loop_group_85	update_halo_kernel2_yvel_plus_4_a+update_halo_kernel4_plus_4_a
2137	0.000019376	246080	ops_par_loop_group_86	update_halo_kernel2_yvel_plus_2_a+update_halo_kernel4_plus_2_a
2138	0.000020178	246080	ops_par_loop_group_87	update_halo_kernel2_yvel_plus_2_b+update_halo_kernel4_plus_4_b
2139	0.000019106	123040	ops_par_loop_update_halo_kernel4_plus_2_b_122	update_halo_kernel4_plus_2_b
2140	0.001197465	944701952	ops_par_loop_group_89	advec_mom_kernel_y2+reset_field_kernel1
2141	0.000735247	708096064	ops_par_loop_group_90	advec_mom_kernel_mass_flux_y+ideal_gas_kernel
2142	0.000531650	590438520	ops_par_loop_advec_mom_kernel_post_pre_advec_y_125	advec_mom_kernel_post_pre_advec_y
2143	0.000878649	472258640	ops_par_loop_advec_mom_kernel1_y_nonvector_126	advec_mom_kernel1_y_nonvector
2144	0.000449103	590131240	ops_par_loop_advec_mom_kernel2_y_127	advec_mom_kernel2_y
2145	0.000490441	472842752	ops_par_loop_advec_mom_kernel_y2_128	advec_mom_kernel_y2
2146	0.000192676	236236864	ops_par_loop_advec_mom_kernel_mass_flux_y_129	advec_mom_kernel_mass_flux_y
2147	0.000532321	590438520	ops_par_loop_advec_mom_kernel_post_pre_advec_y_130	advec_mom_kernel_post_pre_advec_y
2148	0.000876815	472258640	ops_par_loop_advec_mom_kernel1_y_nonvector_131	advec_mom_kernel1_y_nonvector
2149	0.000734896	1062236232	ops_par_loop_group_98	advec_mom_kernel2_y+reset_field_kernel2
2150	0.000021240	430304	ops_par_loop_update_halo_kernel1_b1_136	update_halo_kernel1_b1
2151	0.000020128	430304	ops_par_loop_update_halo_kernel1_t1_137	update_halo_kernel1_t1
2152	0.000023795	430304	ops_par_loop_update_halo_kernel1_l1_138	update_halo_kernel1_l1
2153	0.000023445	430304	ops_par_loop_update_halo_kernel1_r1_139	update_halo_kernel1_r1
2154	0.000019647	245952	ops_par_loop_group_103	update_halo_kernel2_xvel_plus_2_a+update_halo_kernel2_yvel_minus_2_a
2155	0.000018976	245952	ops_par_loop_group_104	update_halo_kernel2_xvel_plus_2_b+update_halo_kernel2_yvel_minus_2_b
2156	0.000021030	245952	ops_par_loop_group_105	update_halo_kernel2_xvel_minus_2_a+update_halo_kernel2_yvel_plus_2_a
2157	0.000021431	245952	ops_par_loop_group_106	update_halo_kernel2_xvel_minus_2_b+update_halo_kernel2_yvel_plus_2_b
2158	0.001736458	589885440	ops_par_loop_viscosity_kernel_148	viscosity_kernel
2159	0.000021892	430304	ops_par_loop_update_halo_kernel1_b1_149	update_halo_kernel1_b1
2160	0.000019957	430304	ops_par_loop_update_halo_kernel1_t1_150	update_halo_kernel1_t1
2161	0.000022583	430304	ops_par_loop_update_halo_kernel1_l1_151	update_halo_kernel1_l1
2162	0.000022823	430304	ops_par_loop_update_halo_kernel1_r1_152	update_halo_kernel1_r1
2163	0.000918595	1061744640	ops_par_loop_calc_dt_kernel_153	calc_dt_kernel
2164	0.001484530	1887436800	ops_par_loop_group_0	PdV_kernel_predict+ideal_gas_kernel
2165	0.000023685	430304	ops_par_loop_update_halo_kernel1_b1_2	update_halo_kernel1_b1
2166	0.000021010	430304	ops_par_loop_update_halo_kernel1_t1_3	update_halo_kernel1_t1
2167	0.000025138	430304	ops_par_loop_update_halo_kernel1_l1_4	update_halo_kernel1_l1
2168	0.000024386	430304	ops_par_loop_update_halo_kernel1_r1_5	update_halo_kernel1_r1
2169	0.001557669	1770147928	ops_par_loop_group_5	revert_kernel+accelerate_kernel
2170	0.001359372	1651507200	ops_par_loop_PdV_kernel_nopredict_8	PdV_kernel_nopredict
2171	0.000362889	471982080	ops_par_loop_flux_calc_kernelx_9	flux_calc_kernelx
2172	0.000358962	471982080	ops_par_loop_flux_calc_kernely_10	flux_calc_kernely
2173	0.000022873	553536	ops_par_loop_group_9	update_halo_kernel1_b2+update_halo_kernel4_minus_4_a
2174	0.000022072	553536	ops_par_loop_group_10	update_halo_kernel1_b1+update_halo_kernel4_minus_2_a
2175	0.000019987	246080	ops_par_loop_group_11	update_halo_kernel3_plus_4_a+update_halo_kernel2_xvel_plus_4_a
2176	0.000019688	246080	ops_par_loop_group_12	update_halo_kernel3_plus_2_a+update_halo_kernel2_xvel_plus_2_a
2177	0.000024867	123008	ops_par_loop_update_halo_kernel4_minus_4_b_29	update_halo_kernel4_minus_4_b
2178	0.000021301	553536	ops_par_loop_group_14	update_halo_kernel1_t2+update_halo_kernel4_minus_2_b
2179	0.000020449	430528	ops_par_loop_update_halo_kernel1_t1_14	update_halo_kernel1_t1
2180	0.000019777	246080	ops_par_loop_group_16	update_halo_kernel2_xvel_plus_4_b+update_halo_kernel2_yvel_minus_4_b
2181	0.000019126	246080	ops_par_loop_group_17	update_halo_kernel3_plus_4_b+update_halo_kernel2_xvel_plus_2_b
2182	0.000018575	123040	ops_par_loop_update_halo_kernel3_plus_2_b_22	update_halo_kernel3_plus_2_b
2183	0.000026270	553536	ops_par_loop_group_19	update_halo_kernel1_l2+update_halo_kernel3_minus_4_a
2184	0.000024096	553536	ops_par_loop_group_20	update_halo_kernel1_l1+update_halo_kernel3_minus_2_a
2185	0.000018926	123008	ops_par_loop_update_halo_kernel3_minus_4_b_25	update_halo_kernel3_minus_4_b
2186	0.000024356	553536	ops_par_loop_group_22	update_halo_kernel1_r2+update_halo_kernel3_minus_2_b
2187	0.000021080	430528	ops_par_loop_update_halo_kernel1_r1_18	update_halo_kernel1_r1
2188	0.000021912	246080	ops_par_loop_group_24	update_halo_kernel4_plus_4_a+update_halo_kernel2_xvel_minus_4_a
2189	0.000020770	246080	ops_par_loop_group_25	update_halo_kernel4_plus_2_a+update_halo_kernel2_xvel_minus_2_a
2190	0.000021350	123040	ops_par_loop_update_halo_kernel2_yvel_minus_4_a_54	update_halo_kernel2_yvel_minus_4_a
2191	0.000019467	123040	ops_par_loop_update_halo_kernel2_yvel_minus_2_a_55	update_halo_kernel2_yvel_minus_2_a
2192	0.000018325	123040	ops_par_loop_update_halo_kernel2_yvel_minus_2_b_57	update_halo_kernel2_yvel_minus_2_b
2193	0.000020920	246080	ops_par_loop_group_29	update_halo_kernel2_xvel_minus_4_b+update_halo_kernel2_yvel_plus_4_b
2194	0.000020459	246080	ops_par_loop_group_30	update_halo_kernel4_plus_4_b+update_halo_kernel2_xvel_minus_2_b
2195	0.000018215	123040	ops_par_loop_update_halo_kernel4_plus_2_b_34	update_halo_kernel4_plus_2_b
2196	0.000561347	591053440	ops_par_loop_advec_cell_kernel1_ydir_35	advec_cell_kernel1_ydir
2197	0.000788477	708203544	ops_par_loop_advec_cell_kernel3_ydir_36	advec_cell_kernel3_ydir
2198	0.001473168	1533542400	ops_par_loop_advec_cell_kernel4_ydir_37	advec_cell_kernel4_ydir
2199	0.000022953	553536	ops_par_loop_group_35	update_halo_kernel1_b2+update_halo_kernel4_minus_4_a
2200	0.000021250	553536	ops_par_loop_group_36	update_halo_kernel1_b1+update_halo_kernel4_minus_2_a
2201	0.000019117	123008	ops_par_loop_update_halo_kernel4_minus_4_b_64	update_halo_kernel4_minus_4_b
2202	0.000021190	553536	ops_par_loop_group_38	update_halo_kernel1_t2+update_halo_kernel4_minus_2_b
2203	0.000020990	430528	ops_par_loop_update_halo_kernel1_t1_41	update_halo_kernel1_t1
2204	0.000024166	430528	ops_par_loop_update_halo_kernel1_l2_42	update_halo_kernel1_l2
2205	0.000022293	430528	ops_par_loop_update_halo_kernel1_l1_43	update_halo_kernel1_l1
2206	0.000024055	430528	ops_par_loop_update_halo_kernel1_r2_44	update_halo_kernel1_r2
2207	0.000021662	430528	ops_par_loop_update_halo_kernel1_r1_45	update_halo_kernel1_r1
2208	0.000021320	246080	ops_par_loop_group_44	update_halo_kernel2_yvel_plus_4_a+update_halo_kernel4_plus_4_a
2209	0.000020519	246080	ops_par_loop_group_45	update_halo_kernel2_yvel_plus_2_a+update_halo_kernel4_plus_2_a
2210	0.000022473	246080	ops_par_loop_group_46	update_halo_kernel2_yvel_plus_2_b+update_halo_kernel4_plus_4_b
2211	0.000018625	123040	ops_par_loop_update_halo_kernel4_plus_2_b_69	update_halo_kernel4_plus_2_b
2212	0.000561266	591053440	ops_par_loop_advec_mom_kernel_y1_70	advec_mom_kernel_y1
2213	0.000191784	236236864	ops_par_loop_advec_mom_kernel_mass_flux_y_71	advec_mom_kernel_mass_flux_y
2214	0.000534034	590438520	ops_par_loop_advec_mom_kernel_post_pre_advec_y_72	advec_mom_kernel_post_pre_advec_y
2215	0.000879060	472258640	ops_par_loop_advec_mom_kernel1_y_nonvector_73	advec_mom_kernel1_y_nonvector
2216	0.000452680	590131240	ops_par_loop_advec_mom_kernel2_y_74	advec_mom_kernel2_y
2217	0.000562338	591053440	ops_par_loop_advec_mom_kernel_y1_75	advec_mom_kernel_y1
2218	0.000191894	236236864	ops_par_loop_advec_mom_kernel_mass_flux_y_76	advec_mom_kernel_mass_flux_y
2219	0.000532702	590438520	ops_par_loop_advec_mom_kernel_post_pre_advec_y_77	advec_mom_kernel_post_pre_advec_y
2220	0.000877647	472258640	ops_par_loop_advec_mom_kernel1_y_nonvector_78	advec_mom_kernel1_y_nonvector
2221	0.000452029	590131240	ops_par_loop_advec_mom_kernel2_y_79	advec_mom_kernel2_y
2222	0.000492385	472842752	ops_par_loop_advec_cell_kernel2_xdir_80	advec_cell_kernel2_xdir
2223	0.000774050	708203544	ops_par_loop_advec_cell_kernel3_xdir_81	advec_cell_kernel3_xdir
2224	0.001457889	1533542400	ops_par_loop_advec_cell_kernel4_xdir_82	advec_cell_kernel4_xdir
2225	0.000023204	553536	ops_par_loop_group_61	update_halo_kernel1_b2+update_halo_kernel4_minus_4_a
2226	0.000021330	553536	ops_par_loop_group_62	update_halo_kernel1_b1+update_halo_kernel4_minus_2_a
2227	0.000021671	246080	ops_par_loop_group_63	update_halo_kernel2_xvel_plus_4_a+update_halo_kernel2_yvel_minus_4_a
2228	0.000019817	246080	ops_par_loop_group_64	update_halo_kernel2_xvel_plus_2_a+update_halo_kernel2_yvel_minus_2_a
2229	0.000019126	246080	ops_par_loop_group_65	update_halo_kernel2_xvel_plus_4_b+update_halo_kernel2_yvel_minus_4_b
2230	0.000019657	246080	ops_par_loop_group_66	update_halo_kernel2_xvel_plus_2_b+update_halo_kernel2_yvel_minus_2_b
2231	0.000021691	246080	ops_par_loop_group_67	update_halo_kernel2_xvel_minus_4_a+update_halo_kernel2_yvel_plus_4_a
2232	0.000020419	246080	ops_par_loop_group_68	update_halo_kernel2_xvel_minus_2_a+update_halo_kernel2_yvel_plus_2_a
2233	0.000021070	246080	ops_par_loop_group_69	update_halo_kernel2_xvel_minus_4_b+update_halo_kernel2_yvel_plus_4_b
2234	0.000021030	246080	ops_par_loop_group_70	update_halo_kernel2_xvel_minus_2_b+update_halo_kernel2_yvel_plus_2_b
2235	0.000021010	123040	ops_par_loop_update_halo_kernel3_plus_4_a_107	update_halo_kernel3_plus_4_a
2236	0.000018906	123040	ops_par_loop_update_halo_kernel3_plus_2_a_108	update_halo_kernel3_plus_2_a
2237	0.000018345	123040	ops_par_loop_update_halo_kernel3_plus_4_b_109	update_halo_kernel3_plus_4_b
2238	0.000018645	123040	ops_par_loop_update_halo_kernel3_plus_2_b_110	update_halo_kernel3_plus_2_b
2239	0.000019517	123008	ops_par_loop_update_halo_kernel3_minus_4_b_113	update_halo_kernel3_minus_4_b
2240	0.000018315	123008	ops_par_loop_update_halo_kernel4_minus_4_b_117	update_halo_kernel4_minus_4_b
2241	0.000021240	553536	ops_par_loop_group_77	update_halo_kernel1_t2+update_halo_kernel4_minus_2_b
2242	0.000020820	430528	ops_par_loop_update_halo_kernel1_t1_86	update_halo_kernel1_t1
2243	0.000026790	553536	ops_par_loop_group_79	update_halo_kernel1_l2+update_halo_kernel3_minus_4_a
2244	0.000023775	553536	ops_par_loop_group_80	update_halo_kernel1_l1+update_halo_kernel3_minus_2_a
2245	0.000025228	553536	ops_par_loop_group_81	update_halo_kernel1_r2+update_halo_kernel3_minus_2_b
2246	0.000021972	430528	ops_par_loop_update_halo_kernel1_r1_90	update_halo_kernel1_r1
2247	0.000020088	123040	ops_par_loop_update_halo_kernel4_plus_4_a_119	update_halo_kernel4_plus_4_a
2248	0.000018675	123040	ops_par_loop_update_halo_kernel4_plus_2_a_120	update_halo_kernel4_plus_2_a
2249	0.000019307	123040	ops_par_loop_update_halo_kernel4_plus_4_b_121	update_halo_kernel4_plus_4_b
2250	0.000018244	123040	ops_par_loop_update_halo_kernel4_plus_2_b_122	update_halo_kernel4_plus_2_b
2251	0.001202444	944701952	ops_par_loop_group_87	advec_mom_kernel_x2+reset_field_kernel1
2252	0.000800481	708096064	ops_par_loop_group_88	advec_mom_kernel_mass_flux_x+ideal_gas_kernel
2253	0.000576175	590438520	ops_par_loop_advec_mom_kernel_post_pre_advec_x_125	advec_mom_kernel_post_pre_advec_x
2254	0.000885692	472258640	ops_par_loop_advec_mom_kernel1_x_nonvector_126	advec_mom_kernel1_x_nonvector
2255	0.000445295	590131240	ops_par_loop_advec_mom_kernel2_x_127	advec_mom_kernel2_x
2256	0.000497455	472842752	ops_par_loop_advec_mom_kernel_x2_128	advec_mom_kernel_x2
2257	0.000199919	236236864	ops_par_loop_advec_mom_kernel_mass_flux_x_129	advec_mom_kernel_mass_flux_x
2258	0.000573770	590438520	ops_par_loop_advec_mom_kernel_post_pre_advec_x_130	advec_mom_kernel_post_pre_advec_x
2259	0.000884410	472258640	ops_par_loop_advec_mom_kernel1_x_nonvector_131	advec_mom_kernel1_x_nonvector
2260	0.000730968	1062236232	ops_par_loop_group_96	advec_mom_kernel2_x+reset_field_kernel2
2261	0.000493337	471859200	ops_par_loop_ideal_gas_kernel_0	ideal_gas_kernel
2262	0.000022243	430304	ops_par_loop_update_halo_kernel1_b1_1	update_halo_kernel1_b1
2263	0.000021180	430304	ops_par_loop_update_halo_kernel1_t1_2	update_halo_kernel1_t1
2264	0.000023855	430304	ops_par_loop_update_halo_kernel1_l1_3	update_halo_kernel1_l1
2265	0.000024486	430304	ops_par_loop_update_halo_kernel1_r1_4	update_halo_kernel1_r1
2266	0.000019437	245952	ops_par_loop_group_5	update_halo_kernel2_xvel_plus_2_a+update_halo_kernel2_yvel_minus_2_a
2267	0.000019698	245952	ops_par_loop_group_6	update_halo_kernel2_xvel_plus_2_b+update_halo_kernel2_yvel_minus_2_b
2268	0.000020810	245952	ops_par_loop_group_7	update_halo_kernel2_xvel_minus_2_a+update_halo_kernel2_yvel_plus_2_a
2269	0.000020409	245952	ops_par_loop_group_8	update_halo_kernel2_xvel_minus_2_b+update_halo_kernel2_yvel_plus_2_b
2270	0.001737079	589885440	ops_par_loop_viscosity_kernel_13	viscosity_kernel
2271	0.000023926	430304	ops_par_loop_update_halo_kernel1_b1_14	update_halo_kernel1_b1
2272	0.000020218	430304	ops_par_loop_update_halo_kernel1_t1_15	update_halo_kernel1_t1
2273	0.000023405	430304	ops_par_loop_update_halo_kernel1_l1_16	update_halo_kernel1_l1
2274	0.000023184	430304	ops_par_loop_update_halo_kernel1_r1_17	update_halo_kernel1_r1
2275	0.000918224	1061744640	ops_par_loop_calc_dt_kernel_18	calc_dt_kernel
2276	0.001488517	1887436800	ops_par_loop_group_0	PdV_kernel_predict+ideal_gas_kernel
2277	0.000022453	430304	ops_par_loop_update_halo_kernel1_b1_2	update_halo_kernel1_b1
2278	0.000020419	430304	ops_par_loop_update_halo_kernel1_t1_3	update_halo_kernel1_t1
2279	0.000023985	430304	ops_par_loop_update_halo_kernel1_l1_4	update_halo_kernel1_l1
2280	0.000023806	430304	ops_par_loop_update_halo_kernel1_r1_5	update_halo_kernel1_r1
2281	0.001554893	1770147928	ops_par_loop_group_5	revert_kernel+accelerate_kernel
2282	0.001357258	1651507200	ops_par_loop_PdV_kernel_nopredict_8	PdV_kernel_nopredict
2283	0.000362399	471982080	ops_par_loop_flux_calc_kernelx_9	flux_calc_kernelx
2284	0.000359323	471982080	ops_par_loop_flux_calc_kernely_10	flux_calc_kernely
2285	0.000023074	553536	ops_par_loop_group_9	update_halo_kernel1_b2+update_halo_kernel4_minus_4_a
2286	0.000022021	553536	ops_par_loop_group_10	update_halo_kernel1_b1+update_halo_kernel4_minus_2_a
2287	0.000019828	246080	ops_par_loop_group_11	update_halo_kernel3_plus_4_a+update_halo_kernel2_xvel_plus_4_a
2288	0.000019076	246080	ops_par_loop_group_12	update_halo_kernel3_plus_2_a+update_halo_kernel2_xvel_plus_2_a
2289	0.000019016	123008	ops_par_loop_update_halo_kernel4_minus_4_b_29	update_halo_kernel4_minus_4_b
2290	0.000020749	553536	ops_par_loop_group_14	update_halo_kernel1_t2+update_halo_kernel4_minus_2_b
2291	0.000020168	430528	ops_par_loop_update_halo_kernel1_t1_14	update_halo_kernel1_t1
2292	0.000019627	246080	ops_par_loop_group_16	update_halo_kernel2_xvel_plus_4_b+update_halo_kernel2_yvel_minus_4_b
2293	0.000018786	246080	ops_par_loop_group_17	update_halo_kernel3_plus_4_b+update_halo_kernel2_xvel_plus_2_b
2294	0.000018194	123040	ops_par_loop_update_halo_kernel3_plus_2_b_22	update_halo_kernel3_plus_2_b
2295	0.000025849	553536	ops_par_loop_group_19	update_halo_kernel1_l2+update_halo_kernel3_minus_4_a
2296	0.000023174	553536	ops_par_loop_group_20	update_halo_kernel1_l1+update_halo_kernel3_minus_2_a
2297	0.000018865	123008	ops_par_loop_update_halo_kernel3_minus_4_b_25	update_halo_kernel3_minus_4_b
2298	0.000024246	553536	ops_par_loop_group_22	update_halo_kernel1_r2+update_halo_kernel3_minus_2_b
2299	0.000021962	430528	ops_par_loop_update_halo_kernel1_r1_18	update_halo_kernel1_r1
2300	0.000020970	246080	ops_par_loop_group_24	update_halo_kernel4_plus_4_a+update_halo_kernel2_xvel_minus_4_a
2301	0.000019968	246080	ops_par_loop_group_25	update_halo_kernel4_plus_2_a+update_halo_kernel2_xvel_minus_2_a
2302	0.000018285	123040	ops_par_loop_update_halo_kernel2_yvel_minus_4_a_54	update_halo_kernel2_yvel_minus_4_a
2303	0.000018105	123040	ops_par_loop_update_halo_kernel2_yvel_minus_2_a_55	update_halo_kernel2_yvel_minus_2_a
2304	0.000017593	123040	ops_par_loop_update_halo_kernel2_yvel_minus_2_b_57	update_halo_kernel2_yvel_minus_2_b
2305	0.000020910	246080	ops_par_loop_group_29	update_halo_kernel2_xvel_minus_4_b+update_halo_kernel2_yvel_plus_4_b
2306	0.000021251	246080	ops_par_loop_group_30	update_halo_kernel4_plus_4_b+update_halo_kernel2_xvel_minus_2_b
2307	0.000018485	123040	ops_par_loop_update_halo_kernel4_plus_2_b_34	update_halo_kernel4_plus_2_b
2308	0.000562829	591053440	ops_par_loop_advec_cell_kernel1_xdir_35	advec_cell_kernel1_xdir
2309	0.000773178	708203544	ops_par_loop_advec_cell_kernel3_xdir_36	advec_cell_kernel3_xdir
2310	0.001460484	1533542400	ops_par_loop_advec_cell_kernel4_xdir_37	advec_cell_kernel4_xdir
2311	0.000021100	430528	ops_par_loop_update_halo_kernel1_b2_38	update_halo_kernel1_b2
2312	0.000020268	430528	ops_par_loop_update_halo_kernel1_b1_39	update_halo_kernel1_b1
2313	0.000020068	430528	ops_par_loop_update_halo_kernel1_t2_40	update_halo_kernel1_t2
2314	0.000020559	430528	ops_par_loop_update_halo_kernel1_t1_41	update_halo_kernel1_t1
2315	0.000019557	123040	ops_par_loop_update_halo_kernel3_plus_4_a_62	update_halo_kernel3_plus_4_a
2316	0.000018936	123040	ops_par_loop_update_halo_kernel3_plus_2_a_63	update_halo_kernel3_plus_2_a
2317	0.000019296	123040	ops_par_loop_update_halo_kernel3_plus_4_b_64	update_halo_kernel3_plus_4_b
2318	0.000018746	123040	ops_par_loop_update_halo_kernel3_plus_2_b_65	update_halo_kernel3_plus_2_b
2319	0.000026440	553536	ops_par_loop_group_43	update_halo_kernel1_l2+update_halo_kernel3_minus_4_a
2320	0.000022974	553536	ops_par_loop_group_44	update_halo_kernel1_l1+update_halo_kernel3_minus_2_a
2321	0.000025469	123008	ops_par_loop_update_halo_kernel3_minus_4_b_68	update_halo_kernel3_minus_4_b
2322	0.000024507	553536	ops_par_loop_group_46	update_halo_kernel1_r2+update_halo_kernel3_minus_2_b
2323	0.000022051	430528	ops_par_loop_update_halo_kernel1_r1_45	update_halo_kernel1_r1
2324	0.000562398	591053440	ops_par_loop_advec_mom_kernel_x1_70	advec_mom_kernel_x1
2325	0.000193377	236236864	ops_par_loop_advec_mom_kernel_mass_flux_x_71	advec_mom_kernel_mass_flux_x
2326	0.000571906	590438520	ops_par_loop_advec_mom_kernel_post_pre_advec_x_72	advec_mom_kernel_post_pre_advec_x
2327	0.000884069	472258640	ops_par_loop_advec_mom_kernel1_x_nonvector_73	advec_mom_kernel1_x_nonvector
2328	0.000445937	590131240	ops_par_loop_advec_mom_kernel2_x_74	advec_mom_kernel2_x
2329	0.000561026	591053440	ops_par_loop_advec_mom_kernel_x1_75	advec_mom_kernel_x1
2330	0.000193728	236236864	ops_par_loop_advec_mom_kernel_mass_flux_x_76	advec_mom_kernel_mass_flux_x
2331	0.000574882	590438520	ops_par_loop_advec_mom_kernel_post_pre_advec_x_77	advec_mom_kernel_post_pre_advec_x
2332	0.000021570	246080	ops_par_loop_group_56	update_halo_kernel2_xvel_plus_4_a+update_halo_kernel3_plus_4_a
2333	0.000019917	246080	ops_par_loop_group_57	update_halo_kernel2_xvel_plus_2_a+update_halo_kernel3_plus_2_a
2334	0.000019226	123040	ops_par_loop_update_halo_kernel2_xvel_plus_4_b_93	update_halo_kernel2_xvel_plus_4_b
2335	0.000019768	246080	ops_par_loop_group_59	update_halo_kernel2_xvel_plus_2_b+update_halo_kernel3_plus_4_b
2336	0.000021982	246080	ops_par_loop_group_60	update_halo_kernel2_yvel_plus_4_a+update_halo_kernel2_xvel_minus_4_a
2337	0.000019577	246080	ops_par_loop_group_61	update_halo_kernel2_yvel_plus_2_a+update_halo_kernel2_xvel_minus_2_a
2338	0.000018395	123040	ops_par_loop_update_halo_kernel2_xvel_minus_4_b_97	update_halo_kernel2_xvel_minus_4_b
2339	0.000020940	246080	ops_par_loop_group_63	update_halo_kernel2_yvel_plus_2_b+update_halo_kernel2_xvel_minus_2_b
2340	0.000884240	472258640	ops_par_loop_advec_mom_kernel1_x_nonvector_78	advec_mom_kernel1_x_nonvector
2341	0.000446208	590131240	ops_par_loop_advec_mom_kernel2_x_79	advec_mom_kernel2_x
2342	0.000498828	472842752	ops_par_loop_advec_cell_kernel2_ydir_80	advec_cell_kernel2_ydir
2343	0.000790171	708203544	ops_par_loop_advec_cell_kernel3_ydir_81	advec_cell_kernel3_ydir
2344	0.001471234	1533542400	ops_par_loop_advec_cell_kernel4_ydir_82	advec_cell_kernel4_ydir
2345	0.000024276	553536	ops_par_loop_group_69	update_halo_kernel1_b2+update_halo_kernel4_minus_4_a
2346	0.000021701	553536	ops_par_loop_group_70	update_halo_kernel1_b1+update_halo_kernel4_minus_2_a
2347	0.000018796	123040	ops_par_loop_update_halo_kernel2_yvel_minus_4_a_99	update_halo_kernel2_yvel_minus_4_a
2348	0.000018024	123040	ops_par_loop_update_halo_kernel2_yvel_minus_2_a_100	update_halo_kernel2_yvel_minus_2_a
2349	0.000018716	123040	ops_par_loop_update_halo_kernel2_yvel_minus_4_b_101	update_halo_kernel2_yvel_minus_4_b
2350	0.000019157	123040	ops_par_loop_update_halo_kernel2_yvel_minus_2_b_102	update_halo_kernel2_yvel_minus_2_b
2351	0.000022533	123040	ops_par_loop_update_halo_kernel2_yvel_plus_4_b_105	update_halo_kernel2_yvel_plus_4_b
2352	0.000021201	123040	ops_par_loop_update_halo_kernel3_plus_2_b_110	update_halo_kernel3_plus_2_b
2353	0.000021000	123008	ops_par_loop_update_halo_kernel3_minus_4_b_113	update_halo_kernel3_minus_4_b
2354	0.000019788	123008	ops_par_loop_update_halo_kernel4_minus_4_b_117	update_halo_kernel4_minus_4_b
2355	0.000025649	553536	ops_par_loop_group_79	update_halo_kernel1_t2+update_halo_kernel4_minus_2_b
2356	0.000022693	430528	ops_par_loop_update_halo_kernel1_t1_86	update_halo_kernel1_t1
2357	0.000030448	553536	ops_par_loop_group_81	update_halo_kernel1_l2+update_halo_kernel3_minus_4_a
2358	0.000025819	553536	ops_par_loop_group_82	update_halo_kernel1_l1+update_halo_kernel3_minus_2_a
2359	0.000026681	553536	ops_par_loop_group_83	update_halo_kernel1_r2+update_halo_kernel3_minus_2_b
2360	0.000028374	430528	ops_par_loop_update_halo_kernel1_r1_90	update_halo_kernel1_r1
2361	0.000024196	246080	ops_par_loop_group_85	update_halo_kernel2_yvel_plus_4_a+update_halo_kernel4_plus_4_a
2362	0.000022513	246080	ops_par_loop_group_86	update_halo_kernel2_yvel_plus_2_a+update_halo_kernel4_plus_2_a
2363	0.000020709	246080	ops_par_loop_group_87	update_halo_kernel2_yvel_plus_2_b+update_halo_kernel4_plus_4_b
2364	0.000020669	123040	ops_par_loop_update_halo_kernel4_plus_2_b_122	update_halo_kernel4_plus_2_b
2365	0.001197785	944701952	ops_par_loop_group_89	advec_mom_kernel_y2+reset_field_kernel1
2366	0.000736810	708096064	ops_par_loop_group_90	advec_mom_kernel_mass_flux_y+ideal_gas_kernel
2367	0.000533584	590438520	ops_par_loop_advec_mom_kernel_post_pre_advec_y_125	advec_mom_kernel_post_pre_advec_y
2368	0.000879721	472258640	ops_par_loop_advec_mom_kernel1_y_nonvector_126	advec_mom_kernel1_y_nonvector
2369	0.000447520	590131240	ops_par_loop_advec_mom_kernel2_y_127	advec_mom_kernel2_y
2370	0.000490922	472842752	ops_par_loop_advec_mom_kernel_y2_128	advec_mom_kernel_y2
2371	0.000193567	236236864	ops_par_loop_advec_mom_kernel_mass_flux_y_129	advec_mom_kernel_mass_flux_y
2372	0.000533203	590438520	ops_par_loop_advec_mom_kernel_post_pre_advec_y_130	advec_mom_kernel_post_pre_advec_y
2373	0.000878178	472258640	ops_par_loop_advec_mom_kernel1_y_nonvector_131	advec_mom_kernel1_y_nonvector
2374	0.000734425	1062236232	ops_par_loop_group_98	advec_mom_kernel2_y+reset_field_kernel2
2375	0.000021571	430304	ops_par_loop_update_halo_kernel1_b1_136	update_halo_kernel1_b1
2376	0.000020459	430304	ops_par_loop_update_halo_kernel1_t1_137	update_halo_kernel1_t1
2377	0.000023976	430304	ops_par_loop_update_halo_kernel1_l1_138	update_halo_kernel1_l1
2378	0.000024456	430304	ops_par_loop_update_halo_kernel1_r1_139	update_halo_kernel1_r1
2379	0.000019828	245952	ops_par_loop_group_103	update_halo_kernel2_xvel_plus_2_a+update_halo_kernel2_yvel_minus_2_a
2380	0.000025398	245952	ops_par_loop_group_104	update_halo_kernel2_xvel_plus_2_b+update_halo_kernel2_yvel_minus_2_b
2381	0.000021781	245952	ops_par_loop_group_105	update_halo_kernel2_xvel_minus_2_a+update_halo_kernel2_yvel_plus_2_a
2382	0.000020930	245952	ops_par_loop_group_106	update_halo_kernel2_xvel_minus_2_b+update_halo_kernel2_yvel_plus_2_b
2383	0.001737199	589885440	ops_par_loop_viscosity_kernel_148	viscosity_kernel
2384	0.000021521	430304	ops_par_loop_update_halo_kernel1_b1_149	update_halo_kernel1_b1
2385	0.000020489	430304	ops_par_loop_update_halo_kernel1_t1_150	update_halo_kernel1_t1
2386	0.000023835	430304	ops_par_loop_update_halo_kernel1_l1_151	update_halo_kernel1_l1
2387	0.000022894	430304	ops_par_loop_update_halo_kernel1_r1_152	update_halo_kernel1_r1
2388	0.000918635	1061744640	ops_par_loop_calc_dt_kernel_153	calc_dt_kernel
2389	0.001488617	1887436800	ops_par_loop_group_0	PdV_kernel_predict+ideal_gas_kernel
2390	0.000022122	430304	ops_par_loop_update_halo_kernel1_b1_2	update_halo_kernel1_b1
2391	0.000020689	430304	ops_par_loop_update_halo_kernel1_t1_3	update_halo_kernel1_t1
2392	0.000023365	430304	ops_par_loop_update_halo_kernel1_l1_4	update_halo_kernel1_l1
2393	0.000023575	430304	ops_par_loop_update_halo_kernel1_r1_5	update_halo_kernel1_r1
2394	0.001556627	1770147928	ops_par_loop_group_5	revert_kernel+accelerate_kernel
2395	0.001358781	1651507200	ops_par_loop_PdV_kernel_nopredict_8	PdV_kernel_nopredict
2396	0.000362999	471982080	ops_par_loop_flux_calc_kernelx_9	flux_calc_kernelx
2397	0.000356697	471982080	ops_par_loop_flux_calc_kernely_10	flux_calc_kernely
2398	0.000022663	553536	ops_par_loop_group_9	update_halo_kernel1_b2+update_halo_kernel4_minus_4_a
2399	0.000021561	553536	ops_par_loop_group_10	update_halo_kernel1_b1+update_halo_kernel4_minus_2_a
2400	0.000019517	246080	ops_par_loop_group_11	update_halo_kernel3_plus_4_a+update_halo_kernel2_xvel_plus_4_a
2401	0.000018435	246080	ops_par_loop_group_12	update_halo_kernel3_plus_2_a+update_halo_kernel2_xvel_plus_2_a
2402	0.000018135	123008	ops_par_loop_update_halo_kernel4_minus_4_b_29	update_halo_kernel4_minus_4_b
2403	0.000021270	553536	ops_par_loop_group_14	update_halo_kernel1_t2+update_halo_kernel4_minus_2_b
2404	0.000020148	430528	ops_par_loop_update_halo_kernel1_t1_14	update_halo_kernel1_t1
2405	0.000019346	246080	ops_par_loop_group_16	update_halo_kernel2_xvel_plus_4_b+update_halo_kernel2_yvel_minus_4_b
2406	0.000018745	246080	ops_par_loop_group_17	update_halo_kernel3_plus_4_b+update_halo_kernel2_xvel_plus_2_b
2407	0.000018695	123040	ops_par_loop_update_halo_kernel3_plus_2_b_22	update_halo_kernel3_plus_2_b
2408	0.000024937	553536	ops_par_loop_group_19	update_halo_kernel1_l2+update_halo_kernel3_minus_4_a
2409	0.000022973	553536	ops_par_loop_group_20	update_halo_kernel1_l1+update_halo_kernel3_minus_2_a
2410	0.000018886	123008	ops_par_loop_update_halo_kernel3_minus_4_b_25	update_halo_kernel3_minus_4_b
2411	0.000025158	553536	ops_par_loop_group_22	update_halo_kernel1_r2+update_halo_kernel3_minus_2_b
2412	0.000021461	430528	ops_par_loop_update_halo_kernel1_r1_18	update_halo_kernel1_r1
2413	0.000021160	246080	ops_par_loop_group_24	update_halo_kernel4_plus_4_a+update_halo_kernel2_xvel_minus_4_a
2414	0.000019877	246080	ops_par_loop_group_25	update_halo_kernel4_plus_2_a+update_halo_kernel2_xvel_minus_2_a
2415	0.000018475	123040	ops_par_loop_update_halo_kernel2_yvel_minus_4_a_54	update_halo_kernel2_yvel_minus_4_a
2416	0.000017433	123040	ops_par_loop_update_halo_kernel2_yvel_minus_2_a_55	update_halo_kernel2_yvel_minus_2_a
2417	0.000017413	123040	ops_par_loop_update_halo_kernel2_yvel_minus_2_b_57	update_halo_kernel2_yvel_minus_2_b
2418	0.000020799	246080	ops_par_loop_group_29	update_halo_kernel2_xvel_minus_4_b+update_halo_kernel2_yvel_plus_4_b
2419	0.000020769	246080	ops_par_loop_group_30	update_halo_kernel4_plus_4_b+update_halo_kernel2_xvel_minus_2_b
2420	0.000018025	123040	ops_par_loop_update_halo_kernel4_plus_2_b_34	update_halo_kernel4_plus_2_b
2421	0.000561075	591053440	ops_par_loop_advec_cell_kernel1_ydir_35	advec_cell_kernel1_ydir
2422	0.000788979	708203544	ops_par_loop_advec_cell_kernel3_ydir_36	advec_cell_kernel3_ydir
2423	0.001474641	1533542400	ops_par_loop_advec_cell_kernel4_ydir_37	advec_cell_kernel4_ydir
2424	0.000022102	553536	ops_par_loop_group_35	update_halo_kernel1_b2+update_halo_kernel4_minus_4_a
2425	0.000020970	553536	ops_par_loop_group_36	update_halo_kernel1_b1+update_halo_kernel4_minus_2_a
2426	0.000018806	123008	ops_par_loop_update_halo_kernel4_minus_4_b_64	update_halo_kernel4_minus_4_b
2427	0.000021872	553536	ops_par_loop_group_38	update_halo_kernel1_t2+update_halo_kernel4_minus_2_b
2428	0.000021481	430528	ops_par_loop_update_halo_kernel1_t1_41	update_halo_kernel1_t1
2429	0.000023685	430528	ops_par_loop_update_halo_kernel1_l2_42	update_halo_kernel1_l2
2430	0.000021481	430528	ops_par_loop_update_halo_kernel1_l1_43	update_halo_kernel1_l1
2431	0.000023665	430528	ops_par_loop_update_halo_kernel1_r2_44	update_halo_kernel1_r2
2432	0.000020839	430528	ops_par_loop_update_halo_kernel1_r1_45	update_halo_kernel1_r1
2433	0.000021401	246080	ops_par_loop_group_44	update_halo_kernel2_yvel_plus_4_a+update_halo_kernel4_plus_4_a
2434	0.000019708	246080	ops_par_loop_group_45	update_halo_kernel2_yvel_plus_2_a+update_halo_kernel4_plus_2_a
2435	0.000020549	246080	ops_par_loop_group_46	update_halo_kernel2_yvel_plus_2_b+update_halo_kernel4_plus_4_b
2436	0.000020038	123040	ops_par_loop_update_halo_kernel4_plus_2_b_69	update_halo_kernel4_plus_2_b
2437	0.000560184	591053440	ops_par_loop_advec_mom_kernel_y1_70	advec_mom_kernel_y1
2438	0.000192054	236236864	ops_par_loop_advec_mom_kernel_mass_flux_y_71	advec_mom_kernel_mass_flux_y
2439	0.000533253	590438520	ops_par_loop_advec_mom_kernel_post_pre_advec_y_72	advec_mom_kernel_post_pre_advec_y
2440	0.000879140	472258640	ops_par_loop_advec_mom_kernel1_y_nonvector_73	advec_mom_kernel1_y_nonvector
2441	0.000453552	590131240	ops_par_loop_advec_mom_kernel2_y_74	advec_mom_kernel2_y
2442	0.000563210	591053440	ops_par_loop_advec_mom_kernel_y1_75	advec_mom_kernel_y1
2443	0.000191473	236236864	ops_par_loop_advec_mom_kernel_mass_flux_y_76	advec_mom_kernel_mass_flux_y
2444	0.000529235	590438520	ops_par_loop_advec_mom_kernel_post_pre_advec_y_77	advec_mom_kernel_post_pre_advec_y
2445	0.000877246	472258640	ops_par_loop_advec_mom_kernel1_y_nonvector_78	advec_mom_kernel1_y_nonvector
2446	0.000449644	590131240	ops_par_loop_advec_mom_kernel2_y_79	advec_mom_kernel2_y
2447	0.000490622	472842752	ops_par_loop_advec_cell_kernel2_xdir_80	advec_cell_kernel2_xdir
2448	0.000773500	708203544	ops_par_loop_advec_cell_kernel3_xdir_81	advec_cell_kernel3_xdir
2449	0.001466696	1533542400	ops_par_loop_advec_cell_kernel4_xdir_82	advec_cell_kernel4_xdir
2450	0.000022934	553536	ops_par_loop_group_61	update_halo_kernel1_b2+update_halo_kernel4_minus_4_a
2451	0.000021531	553536	ops_par_loop_group_62	update_halo_kernel1_b1+update_halo_kernel4_minus_2_a
2452	0.000019928	246080	ops_par_loop_group_63	update_halo_kernel2_xvel_plus_4_a+update_halo_kernel2_yvel_minus_4_a
2453	0.000020680	246080	ops_par_loop_group_64	update_halo_kernel2_xvel_plus_2_a+update_halo_kernel2_yvel_minus_2_a
2454	0.000019487	246080	ops_par_loop_group_65	update_halo_kernel2_xvel_plus_4_b+update_halo_kernel2_yvel_minus_4_b
2455	0.000019928	246080	ops_par_loop_group_66	update_halo_kernel2_xvel_plus_2_b+update_halo_kernel2_yvel_minus_2_b
2456	0.000021321	246080	ops_par_loop_group_67	update_halo_kernel2_xvel_minus_4_a+update_halo_kernel2_yvel_plus_4_a
2457	0.000020048	246080	ops_par_loop_group_68	update_halo_kernel2_xvel_minus_2_a+update_halo_kernel2_yvel_plus_2_a
2458	0.000021301	246080	ops_par_loop_group_69	update_halo_kernel2_xvel_minus_4_b+update_halo_kernel2_yvel_plus_4_b
2459	0.000019867	246080	ops_par_loop_group_70	update_halo_kernel2_xvel_minus_2_b+update_halo_kernel2_yvel_plus_2_b
2460	0.000019156	123040	ops_par_loop_update_halo_kernel3_plus_4_a_107	update_halo_kernel3_plus_4_a
2461	0.000018335	123040	ops_par_loop_update_halo_kernel3_plus_2_a_108	update_halo_kernel3_plus_2_a
2462	0.000018876	123040	ops_par_loop_update_halo_kernel3_plus_4_b_109	update_halo_kernel3_plus_4_b
2463	0.000019527	123040	ops_par_loop_update_halo_kernel3_plus_2_b_110	update_halo_kernel3_plus_2_b
2464	0.000019066	123008	ops_par_loop_update_halo_kernel3_minus_4_b_113	update_halo_kernel3_minus_4_b
2465	0.000017873	123008	ops_par_loop_update_halo_kernel4_minus_4_b_117	update_halo_kernel4_minus_4_b
2466	0.000020989	553536	ops_par_loop_group_77	update_halo_kernel1_t2+update_halo_kernel4_minus_2_b
2467	0.000020849	430528	ops_par_loop_update_halo_kernel1_t1_86	update_halo_kernel1_t1
2468	0.000026200	553536	ops_par_loop_group_79	update_halo_kernel1_l2+update_halo_kernel3_minus_4_a
2469	0.000023595	553536	ops_par_loop_group_80	update_halo_kernel1_l1+update_halo_kernel3_minus_2_a
2470	0.000024196	553536	ops_par_loop_group_81	update_halo_kernel1_r2+update_halo_kernel3_minus_2_b
2471	0.000021400	430528	ops_par_loop_update_halo_kernel1_r1_90	update_halo_kernel1_r1
2472	0.000019397	123040	ops_par_loop_update_halo_kernel4_plus_4_a_119	update_halo_kernel4_plus_4_a
2473	0.000018184	123040	ops_par_loop_update_halo_kernel4_plus_2_a_120	update_halo_kernel4_plus_2_a
2474	0.000019226	123040	ops_par_loop_update_halo_kernel4_plus_4_b_121	update_halo_kernel4_plus_4_b
2475	0.000017974	123040	ops_par_loop_update_halo_kernel4_plus_2_b_122	update_halo_kernel4_plus_2_b
2476	0.001200169	944701952	ops_par_loop_group_87	advec_mom_kernel_x2+reset_field_kernel1
2477	0.000805169	708096064	ops_par_loop_group_88	advec_mom_kernel_mass_flux_x+ideal_gas_kernel
2478	0.000573970	590438520	ops_par_loop_advec_mom_kernel_post_pre_advec_x_125	advec_mom_kernel_post_pre_advec_x
2479	0.000884600	472258640	ops_par_loop_advec_mom_kernel1_x_nonvector_126	advec_mom_kernel1_x_nonvector
2480	0.000448803	590131240	ops_par_loop_advec_mom_kernel2_x_127	advec_mom_kernel2_x
2481	0.000498717	472842752	ops_par_loop_advec_mom_kernel_x2_128	advec_mom_kernel_x2
2482	0.000194579	236236864	ops_par_loop_advec_mom_kernel_mass_flux_x_129	advec_mom_kernel_mass_flux_x
2483	0.000571486	590438520	ops_par_loop_advec_mom_kernel_post_pre_advec_x_130	advec_mom_kernel_post_pre_advec_x
2484	0.000884229	472258640	ops_par_loop_advec_mom_kernel1_x_nonvector_131	advec_mom_kernel1_x_nonvector
2485	0.000730557	1062236232	ops_par_loop_group_96	advec_mom_kernel2_x+reset_field_kernel2
2486	0.000020880	430304	ops_par_loop_update_halo_kernel1_b1_136	update_halo_kernel1_b1
2487	0.000021251	430304	ops_par_loop_update_halo_kernel1_t1_137	update_halo_kernel1_t1
2488	0.000024858	430304	ops_par_loop_update_halo_kernel1_l1_138	update_halo_kernel1_l1
2489	0.000024907	430304	ops_par_loop_update_halo_kernel1_r1_139	update_halo_kernel1_r1
2490	0.000019598	245952	ops_par_loop_group_101	update_halo_kernel2_xvel_plus_2_a+update_halo_kernel2_yvel_minus_2_a
2491	0.000020960	245952	ops_par_loop_group_102	update_halo_kernel2_xvel_plus_2_b+update_halo_kernel2_yvel_minus_2_b
2492	0.000021571	245952	ops_par_loop_group_103	update_halo_kernel2_xvel_minus_2_a+update_halo_kernel2_yvel_plus_2_a
2493	0.000022122	245952	ops_par_loop_group_104	update_halo_kernel2_xvel_minus_2_b+update_halo_kernel2_yvel_plus_2_b
2494	0.001739273	589885440	ops_par_loop_viscosity_kernel_148	viscosity_kernel
2495	0.000021531	430304	ops_par_loop_update_halo_kernel1_b1_149	update_halo_kernel1_b1
2496	0.000019828	430304	ops_par_loop_update_halo_kernel1_t1_150	update_halo_kernel1_t1
2497	0.000023053	430304	ops_par_loop_update_halo_kernel1_l1_151	update_halo_kernel1_l1
2498	0.000022744	430304	ops_par_loop_update_halo_kernel1_r1_152	update_halo_kernel1_r1
2499	0.000918404	1061744640	ops_par_loop_calc_dt_kernel_153	calc_dt_kernel
2500	0.001489610	1887436800	ops_par_loop_group_0	PdV_kernel_predict+ideal_gas_kernel
2501	0.000022422	430304	ops_par_loop_update_halo_kernel1_b1_2	update_halo_kernel1_b1
2502	0.000019858	430304	ops_par_loop_update_halo_kernel1_t1_3	update_halo_kernel1_t1
2503	0.000024567	430304	ops_par_loop_update_halo_kernel1_l1_4	update_halo_kernel1_l1
2504	0.000023675	430304	ops_par_loop_update_halo_kernel1_r1_5	update_halo_kernel1_r1
2505	0.001556767	1770147928	ops_par_loop_group_5	revert_kernel+accelerate_kernel
2506	0.001356065	1651507200	ops_par_loop_PdV_kernel_nopredict_8	PdV_kernel_nopredict
2507	0.000365725	471982080	ops_par_loop_flux_calc_kernelx_9	flux_calc_kernelx
2508	0.000356958	471982080	ops_par_loop_flux_calc_kernely_10	flux_calc_kernely
2509	0.000022152	553536	ops_par_loop_group_9	update_halo_kernel1_b2+update_halo_kernel4_minus_4_a
2510	0.000021631	553536	ops_par_loop_group_10	update_halo_kernel1_b1+update_halo_kernel4_minus_2_a
2511	0.000019747	246080	ops_par_loop_group_11	update_halo_kernel3_plus_4_a+update_halo_kernel2_xvel_plus_4_a
2512	0.000019246	246080	ops_par_loop_group_12	update_halo_kernel3_plus_2_a+update_halo_kernel2_xvel_plus_2_a
2513	0.000018836	123008	ops_par_loop_update_halo_kernel4_minus_4_b_29	update_halo_kernel4_minus_4_b
2514	0.000020820	553536	ops_par_loop_group_14	update_halo_kernel1_t2+update_halo_kernel4_minus_2_b
2515	0.000019647	430528	ops_par_loop_update_halo_kernel1_t1_14	update_halo_kernel1_t1
2516	0.000019466	246080	ops_par_loop_group_16	update_halo_kernel2_xvel_plus_4_b+update_halo_kernel2_yvel_minus_4_b
2517	0.000019547	246080	ops_par_loop_group_17	update_halo_kernel3_plus_4_b+update_halo_kernel2_xvel_plus_2_b
2518	0.000018645	123040	ops_par_loop_update_halo_kernel3_plus_2_b_22	update_halo_kernel3_plus_2_b
2519	0.000026801	553536	ops_par_loop_group_19	update_halo_kernel1_l2+update_halo_kernel3_minus_4_a
2520	0.000023364	553536	ops_par_loop_group_20	update_halo_kernel1_l1+update_halo_kernel3_minus_2_a
2521	0.000020488	123008	ops_par_loop_update_halo_kernel3_minus_4_b_25	update_halo_kernel3_minus_4_b
2522	0.000023795	553536	ops_par_loop_group_22	update_halo_kernel1_r2+update_halo_kernel3_minus_2_b
2523	0.000021431	430528	ops_par_loop_update_halo_kernel1_r1_18	update_halo_kernel1_r1
2524	0.000020989	246080	ops_par_loop_group_24	update_halo_kernel4_plus_4_a+update_halo_kernel2_xvel_minus_4_a
2525	0.000019367	246080	ops_par_loop_group_25	update_halo_kernel4_plus_2_a+update_halo_kernel2_xvel_minus_2_a
2526	0.000017914	123040	ops_par_loop_update_halo_kernel2_yvel_minus_4_a_54	update_halo_kernel2_yvel_minus_4_a
2527	0.000017954	123040	ops_par_loop_update_halo_kernel2_yvel_minus_2_a_55	update_halo_kernel2_yvel_minus_2_a
2528	0.000017563	123040	ops_par_loop_update_halo_kernel2_yvel_minus_2_b_57	update_halo_kernel2_yvel_minus_2_b
2529	0.000020449	246080	ops_par_loop_group_29	update_halo_kernel2_xvel_minus_4_b+update_halo_kernel2_yvel_plus_4_b
2530	0.000021490	246080	ops_par_loop_group_30	update_halo_kernel4_plus_4_b+update_halo_kernel2_xvel_minus_2_b
2531	0.000017654	123040	ops_par_loop_update_halo_kernel4_plus_2_b_34	update_halo_kernel4_plus_2_b
2532	0.000561777	591053440	ops_par_loop_advec_cell_kernel1_xdir_35	advec_cell_kernel1_xdir
2533	0.000772888	708203544	ops_par_loop_advec_cell_kernel3_xdir_36	advec_cell_kernel3_xdir
2534	0.001460013	1533542400	ops_par_loop_advec_cell_kernel4_xdir_37	advec_cell_kernel4_xdir
2535	0.000021330	430528	ops_par_loop_update_halo_kernel1_b2_38	update_halo_kernel1_b2
2536	0.000020189	430528	ops_par_loop_update_halo_kernel1_b1_39	update_halo_kernel1_b1
2537	0.000020519	430528	ops_par_loop_update_halo_kernel1_t2_40	update_halo_kernel1_t2
2538	0.000020689	430528	ops_par_loop_update_halo_kernel1_t1_41	update_halo_kernel1_t1
2539	0.000019096	123040	ops_par_loop_update_halo_kernel3_plus_4_a_62	update_halo_kernel3_plus_4_a
2540	0.000018586	123040	ops_par_loop_update_halo_kernel3_plus_2_a_63	update_halo_kernel3_plus_2_a
2541	0.000018354	123040	ops_par_loop_update_halo_kernel3_plus_4_b_64	update_halo_kernel3_plus_4_b
2542	0.000018345	123040	ops_par_loop_update_halo_kernel3_plus_2_b_65	update_halo_kernel3_plus_2_b
2543	0.000026380	553536	ops_par_loop_group_43	update_halo_kernel1_l2+update_halo_kernel3_minus_4_a
2544	0.000023294	553536	ops_par_loop_group_44	update_halo_kernel1_l1+update_halo_kernel3_minus_2_a
2545	0.000018295	123008	ops_par_loop_update_halo_kernel3_minus_4_b_68	update_halo_kernel3_minus_4_b
2546	0.000024056	553536	ops_par_loop_group_46	update_halo_kernel1_r2+update_halo_kernel3_minus_2_b
2547	0.000021511	430528	ops_par_loop_update_halo_kernel1_r1_45	update_halo_kernel1_r1
2548	0.000561998	591053440	ops_par_loop_advec_mom_kernel_x1_70	advec_mom_kernel_x1
2549	0.000194019	236236864	ops_par_loop_advec_mom_kernel_mass_flux_x_71	advec_mom_kernel_mass_flux_x
2550	0.000573630	590438520	ops_par_loop_advec_mom_kernel_post_pre_advec_x_72	advec_mom_kernel_post_pre_advec_x
2551	0.000883538	472258640	ops_par_loop_advec_mom_kernel1_x_nonvector_73	advec_mom_kernel1_x_nonvector
2552	0.000454824	590131240	ops_par_loop_advec_mom_kernel2_x_74	advec_mom_kernel2_x
2553	0.000561396	591053440	ops_par_loop_advec_mom_kernel_x1_75	advec_mom_kernel_x1
2554	0.000193818	236236864	ops_par_loop_advec_mom_kernel_mass_flux_x_76	advec_mom_kernel_mass_flux_x
2555	0.000575583	590438520	ops_par_loop_advec_mom_kernel_post_pre_advec_x_77	advec_mom_kernel_post_pre_advec_x
2556	0.000020999	246080	ops_par_loop_group_56	update_halo_kernel2_xvel_plus_4_a+update_halo_kernel3_plus_4_a
2557	0.000019286	246080	ops_par_loop_group_57	update_halo_kernel2_xvel_plus_2_a+update_halo_kernel3_plus_2_a
2558	0.000018175	123040	ops_par_loop_update_halo_kernel2_xvel_plus_4_b_93	update_halo_kernel2_xvel_plus_4_b
2559	0.000019958	246080	ops_par_loop_group_59	update_halo_kernel2_xvel_plus_2_b+update_halo_kernel3_plus_4_b
2560	0.000021772	246080	ops_par_loop_group_60	update_halo_kernel2_yvel_plus_4_a+update_halo_kernel2_xvel_minus_4_a
2561	0.000019386	246080	ops_par_loop_group_61	update_halo_kernel2_yvel_plus_2_a+update_halo_kernel2_xvel_minus_2_a
2562	0.000018495	123040	ops_par_loop_update_halo_kernel2_xvel_minus_4_b_97	update_halo_kernel2_xvel_minus_4_b
2563	0.000020389	246080	ops_par_loop_group_63	update_halo_kernel2_yvel_plus_2_b+update_halo_kernel2_xvel_minus_2_b
2564	0.000883578	472258640	ops_par_loop_advec_mom_kernel1_x_nonvector_78	advec_mom_kernel1_x_nonvector
2565	0.000450014	590131240	ops_par_loop_advec_mom_kernel2_x_79	advec_mom_kernel2_x
2566	0.000498778	472842752	ops_par_loop_advec_cell_kernel2_ydir_80	advec_cell_kernel2_ydir
2567	0.000789329	708203544	ops_par_loop_advec_cell_kernel3_ydir_81	advec_cell_kernel3_ydir
2568	0.001473609	1533542400	ops_par_loop_advec_cell_kernel4_ydir_82	advec_cell_kernel4_ydir
2569	0.000027633	553536	ops_par_loop_group_69	update_halo_kernel1_b2+update_halo_kernel4_minus_4_a
2570	0.000021220	553536	ops_par_loop_group_70	update_halo_kernel1_b1+update_halo_kernel4_minus_2_a
2571	0.000018375	123040	ops_par_loop_update_halo_kernel2_yvel_minus_4_a_99	update_halo_kernel2_yvel_minus_4_a
2572	0.000018294	123040	ops_par_loop_update_halo_kernel2_yvel_minus_2_a_100	update_halo_kernel2_yvel_minus_2_a
2573	0.000018966	123040	ops_par_loop_update_halo_kernel2_yvel_minus_4_b_101	update_halo_kernel2_yvel_minus_4_b
2574	0.000017554	123040	ops_par_loop_update_halo_kernel2_yvel_minus_2_b_102	update_halo_kernel2_yvel_minus_2_b
2575	0.000019006	123040	ops_par_loop_update_halo_kernel2_yvel_plus_4_b_105	update_halo_kernel2_yvel_plus_4_b
2576	0.000018475	123040	ops_par_loop_update_halo_kernel3_plus_2_b_110	update_halo_kernel3_plus_2_b
2577	0.000018826	123008	ops_par_loop_update_halo_kernel3_minus_4_b_113	update_halo_kernel3_minus_4_b
2578	0.000018496	123008	ops_par_loop_update_halo_kernel4_minus_4_b_117	update_halo_kernel4_minus_4_b
2579	0.000021992	553536	ops_par_loop_group_79	update_halo_kernel1_t2+update_halo_kernel4_minus_2_b
2580	0.000020909	430528	ops_par_loop_update_halo_kernel1_t1_86	update_halo_kernel1_t1
2581	0.000027292	553536	ops_par_loop_group_81	update_halo_kernel1_l2+update_halo_kernel3_minus_4_a
2582	0.000023354	553536	ops_par_loop_group_82	update_halo_kernel1_l1+update_halo_kernel3_minus_2_a
2583	0.000024166	553536	ops_par_loop_group_83	update_halo_kernel1_r2+update_halo_kernel3_minus_2_b
2584	0.000021420	430528	ops_par_loop_update_halo_kernel1_r1_90	update_halo_kernel1_r1
2585	0.000020979	246080	ops_par_loop_group_85	update_halo_kernel2_yvel_plus_4_a+update_halo_kernel4_plus_4_a
2586	0.000019678	246080	ops_par_loop_group_86	update_halo_kernel2_yvel_plus_2_a+update_halo_kernel4_plus_2_a
2587	0.000020169	246080	ops_par_loop_group_87	update_halo_kernel2_yvel_plus_2_b+update_halo_kernel4_plus_4_b
2588	0.000019828	123040	ops_par_loop_update_halo_kernel4_plus_2_b_122	update_halo_kernel4_plus_2_b
2589	0.001198366	944701952	ops_par_loop_group_89	advec_mom_kernel_y2+reset_field_kernel1
2590	0.000735667	708096064	ops_par_loop_group_90	advec_mom_kernel_mass_flux_y+ideal_gas_kernel
2591	0.000531198	590438520	ops_par_loop_advec_mom_kernel_post_pre_advec_y_125	advec_mom_kernel_post_pre_advec_y
2592	0.000878739	472258640	ops_par_loop_advec_mom_kernel1_y_nonvector_126	advec_mom_kernel1_y_nonvector
2593	0.000446278	590131240	ops_par_loop_advec_mom_kernel2_y_127	advec_mom_kernel2_y
2594	0.000490302	472842752	ops_par_loop_advec_mom_kernel_y2_128	advec_mom_kernel_y2
2595	0.000192245	236236864	ops_par_loop_advec_mom_kernel_mass_flux_y_129	advec_mom_kernel_mass_flux_y
2596	0.000530638	590438520	ops_par_loop_advec_mom_kernel_post_pre_advec_y_130	advec_mom_kernel_post_pre_advec_y
2597	0.000876575	472258640	ops_par_loop_advec_mom_kernel1_y_nonvector_131	advec_mom_kernel1_y_nonvector
2598	0.000729996	1062236232	ops_par_loop_group_98	advec_mom_kernel2_y+reset_field_kernel2
2599	0.000021621	430304	ops_par_loop_update_halo_kernel1_b1_136	update_halo_kernel1_b1
2600	0.000020179	430304	ops_par_loop_update_halo_kernel1_t1_137	update_halo_kernel1_t1
2601	0.000024006	430304	ops_par_loop_update_halo_kernel1_l1_138	update_halo_kernel1_l1
2602	0.000023364	430304	ops_par_loop_update_halo_kernel1_r1_139	update_halo_kernel1_r1
2603	0.000019427	245952	ops_par_loop_group_103	update_halo_kernel2_xvel_plus_2_a+update_halo_kernel2_yvel_minus_2_a
2604	0.000018846	245952	ops_par_loop_group_104	update_halo_kernel2_xvel_plus_2_b+update_halo_kernel2_yvel_minus_2_b
2605	0.000021360	245952	ops_par_loop_group_105	update_halo_kernel2_xvel_minus_2_a+update_halo_kernel2_yvel_plus_2_a
2606	0.000021300	245952	ops_par_loop_group_106	update_halo_kernel2_xvel_minus_2_b+update_halo_kernel2_yvel_plus_2_b
2607	0.001736658	589885440	ops_par_loop_viscosity_kernel_148	viscosity_kernel
2608	0.000021421	430304	ops_par_loop_update_halo_kernel1_b1_149	update_halo_kernel1_b1
2609	0.000020459	430304	ops_par_loop_update_halo_kernel1_t1_150	update_halo_kernel1_t1
2610	0.000022963	430304	ops_par_loop_update_halo_kernel1_l1_151	update_halo_kernel1_l1
2611	0.000023564	430304	ops_par_loop_update_halo_kernel1_r1_152	update_halo_kernel1_r1
2612	0.000918064	1061744640	ops_par_loop_calc_dt_kernel_153	calc_dt_kernel
2613	0.001484691	1887436800	ops_par_loop_group_0	PdV_kernel_predict+ideal_gas_kernel
2614	0.000023364	430304	ops_par_loop_update_halo_kernel1_b1_2	update_halo_kernel1_b1
2615	0.000020629	430304	ops_par_loop_update_halo_kernel1_t1_3	update_halo_kernel1_t1
2616	0.000023975	430304	ops_par_loop_update_halo_kernel1_l1_4	update_halo_kernel1_l1
2617	0.000023404	430304	ops_par_loop_update_halo_kernel1_r1_5	update_halo_kernel1_r1
2618	0.001558179	1770147928	ops_par_loop_group_5	revert_kernel+accelerate_kernel
2619	0.001361436	1651507200	ops_par_loop_PdV_kernel_nopredict_8	PdV_kernel_nopredict
2620	0.000361236	471982080	ops_par_loop_flux_calc_kernelx_9	flux_calc_kernelx
2621	0.000362117	471982080	ops_par_loop_flux_calc_kernely_10	flux_calc_kernely
2622	0.000022673	553536	ops_par_loop_group_9	update_halo_kernel1_b2+update_halo_kernel4_minus_4_a
2623	0.000021982	553536	ops_par_loop_group_10	update_halo_kernel1_b1+update_halo_kernel4_minus_2_a
2624	0.000020118	246080	ops_par_loop_group_11	update_halo_kernel3_plus_4_a+update_halo_kernel2_xvel_plus_4_a
2625	0.000019998	246080	ops_par_loop_group_12	update_halo_kernel3_plus_2_a+update_halo_kernel2_xvel_plus_2_a
2626	0.000019497	123008	ops_par_loop_update_halo_kernel4_minus_4_b_29	update_halo_kernel4_minus_4_b
2627	0.000022332	553536	ops_par_loop_group_14	update_halo_kernel1_t2+update_halo_kernel4_minus_2_b
2628	0.000021321	430528	ops_par_loop_update_halo_kernel1_t1_14	update_halo_kernel1_t1
2629	0.000019968	246080	ops_par_loop_group_16	update_halo_kernel2_xvel_plus_4_b+update_halo_kernel2_yvel_minus_4_b
2630	0.000018826	246080	ops_par_loop_group_17	update_halo_kernel3_plus_4_b+update_halo_kernel2_xvel_plus_2_b
2631	0.000019316	123040	ops_par_loop_update_halo_kernel3_plus_2_b_22	update_halo_kernel3_plus_2_b
2632	0.000026340	553536	ops_par_loop_group_19	update_halo_kernel1_l2+update_halo_kernel3_minus_4_a
2633	0.000023414	553536	ops_par_loop_group_20	update_halo_kernel1_l1+update_halo_kernel3_minus_2_a
2634	0.000022222	123008	ops_par_loop_update_halo_kernel3_minus_4_b_25	update_halo_kernel3_minus_4_b
2635	0.000025659	553536	ops_par_loop_group_22	update_halo_kernel1_r2+update_halo_kernel3_minus_2_b
2636	0.000022092	430528	ops_par_loop_update_halo_kernel1_r1_18	update_halo_kernel1_r1
2637	0.000021701	246080	ops_par_loop_group_24	update_halo_kernel4_plus_4_a+update_halo_kernel2_xvel_minus_4_a
2638	0.000019687	246080	ops_par_loop_group_25	update_halo_kernel4_plus_2_a+update_halo_kernel2_xvel_minus_2_a
2639	0.000018195	123040	ops_par_loop_update_halo_kernel2_yvel_minus_4_a_54	update_halo_kernel2_yvel_minus_4_a
2640	0.000018435	123040	ops_par_loop_update_halo_kernel2_yvel_minus_2_a_55	update_halo_kernel2_yvel_minus_2_a
2641	0.000017493	123040	ops_par_loop_update_halo_kernel2_yvel_minus_2_b_57	update_halo_kernel2_yvel_minus_2_b
2642	0.000020729	246080	ops_par_loop_group_29	update_halo_kernel2_xvel_minus_4_b+update_halo_kernel2_yvel_plus_4_b
2643	0.000020278	246080	ops_par_loop_group_30	update_halo_kernel4_plus_4_b+update_halo_kernel2_xvel_minus_2_b
2644	0.000018555	123040	ops_par_loop_update_halo_kernel4_plus_2_b_34	update_halo_kernel4_plus_2_b
2645	0.000564312	591053440	ops_par_loop_advec_cell_kernel1_ydir_35	advec_cell_kernel1_ydir
2646	0.000789599	708203544	ops_par_loop_advec_cell_kernel3_ydir_36	advec_cell_kernel3_ydir
2647	0.001476464	1533542400	ops_par_loop_advec_cell_kernel4_ydir_37	advec_cell_kernel4_ydir
2648	0.000023855	553536	ops_par_loop_group_35	update_halo_kernel1_b2+update_halo_kernel4_minus_4_a
2649	0.000022112	553536	ops_par_loop_group_36	update_halo_kernel1_b1+update_halo_kernel4_minus_2_a
2650	0.000020038	123008	ops_par_loop_update_halo_kernel4_minus_4_b_64	update_halo_kernel4_minus_4_b
2651	0.000022543	553536	ops_par_loop_group_38	update_halo_kernel1_t2+update_halo_kernel4_minus_2_b
2652	0.000022242	430528	ops_par_loop_update_halo_kernel1_t1_41	update_halo_kernel1_t1
2653	0.000024857	430528	ops_par_loop_update_halo_kernel1_l2_42	update_halo_kernel1_l2
2654	0.000024567	430528	ops_par_loop_update_halo_kernel1_l1_43	update_halo_kernel1_l1
2655	0.000025017	430528	ops_par_loop_update_halo_kernel1_r2_44	update_halo_kernel1_r2
2656	0.000024006	430528	ops_par_loop_update_halo_kernel1_r1_45	update_halo_kernel1_r1
2657	0.000023836	246080	ops_par_loop_group_44	update_halo_kernel2_yvel_plus_4_a+update_halo_kernel4_plus_4_a
2658	0.000020499	246080	ops_par_loop_group_45	update_halo_kernel2_yvel_plus_2_a+update_halo_kernel4_plus_2_a
2659	0.000022522	246080	ops_par_loop_group_46	update_halo_kernel2_yvel_plus_2_b+update_halo_kernel4_plus_4_b
2660	0.000020699	123040	ops_par_loop_update_halo_kernel4_plus_2_b_69	update_halo_kernel4_plus_2_b
2661	0.000562418	591053440	ops_par_loop_advec_mom_kernel_y1_70	advec_mom_kernel_y1
2662	0.000192776	236236864	ops_par_loop_advec_mom_kernel_mass_flux_y_71	advec_mom_kernel_mass_flux_y
2663	0.000533773	590438520	ops_par_loop_advec_mom_kernel_post_pre_advec_y_72	advec_mom_kernel_post_pre_advec_y
2664	0.000878779	472258640	ops_par_loop_advec_mom_kernel1_y_nonvector_73	advec_mom_kernel1_y_nonvector
2665	0.000461076	590131240	ops_par_loop_advec_mom_kernel2_y_74	advec_mom_kernel2_y
2666	0.000560865	591053440	ops_par_loop_advec_mom_kernel_y1_75	advec_mom_kernel_y1
2667	0.000191694	236236864	ops_par_loop_advec_mom_kernel_mass_flux_y_76	advec_mom_kernel_mass_flux_y
2668	0.000537661	590438520	ops_par_loop_advec_mom_kernel_post_pre_advec_y_77	advec_mom_kernel_post_pre_advec_y
2669	0.000876414	472258640	ops_par_loop_advec_mom_kernel1_y_nonvector_78	advec_mom_kernel1_y_nonvector
2670	0.000453561	590131240	ops_par_loop_advec_mom_kernel2_y_79	advec_mom_kernel2_y
2671	0.000489880	472842752	ops_par_loop_advec_cell_kernel2_xdir_80	advec_cell_kernel2_xdir
2672	0.000773880	708203544	ops_par_loop_advec_cell_kernel3_xdir_81	advec_cell_kernel3_xdir
2673	0.001461406	1533542400	ops_par_loop_advec_cell_kernel4_xdir_82	advec_cell_kernel4_xdir
2674	0.000022212	553536	ops_par_loop_group_61	update_halo_kernel1_b2+update_halo_kernel4_minus_4_a
2675	0.000021471	553536	ops_par_loop_group_62	update_halo_kernel1_b1+update_halo_kernel4_minus_2_a
2676	0.000020369	246080	ops_par_loop_group_63	update_halo_kernel2_xvel_plus_4_a+update_halo_kernel2_yvel_minus_4_a
2677	0.000019527	246080	ops_par_loop_group_64	update_halo_kernel2_xvel_plus_2_a+update_halo_kernel2_yvel_minus_2_a
2678	0.000019768	246080	ops_par_loop_group_65	update_halo_kernel2_xvel_plus_4_b+update_halo_kernel2_yvel_minus_4_b
2679	0.000019487	246080	ops_par_loop_group_66	update_halo_kernel2_xvel_plus_2_b+update_halo_kernel2_yvel_minus_2_b
2680	0.000021561	246080	ops_par_loop_group_67	update_halo_kernel2_xvel_minus_4_a+update_halo_kernel2_yvel_plus_4_a
2681	0.000020038	246080	ops_par_loop_group_68	update_halo_kernel2_xvel_minus_2_a+update_halo_kernel2_yvel_plus_2_a
2682	0.000020790	246080	ops_par_loop_group_69	update_halo_kernel2_xvel_minus_4_b+update_halo_kernel2_yvel_plus_4_b
2683	0.000020138	246080	ops_par_loop_group_70	update_halo_kernel2_xvel_minus_2_b+update_halo_kernel2_yvel_plus_2_b
2684	0.000020058	123040	ops_par_loop_update_halo_kernel3_plus_4_a_107	update_halo_kernel3_plus_4_a
2685	0.000019247	123040	ops_par_loop_update_halo_kernel3_plus_2_a_108	update_halo_kernel3_plus_2_a
2686	0.000018976	123040	ops_par_loop_update_halo_kernel3_plus_4_b_109	update_halo_kernel3_plus_4_b
2687	0.000023986	123040	ops_par_loop_update_halo_kernel3_plus_2_b_110	update_halo_kernel3_plus_2_b
2688	0.000019256	123008	ops_par_loop_update_halo_kernel3_minus_4_b_113	update_halo_kernel3_minus_4_b
2689	0.000018455	123008	ops_par_loop_update_halo_kernel4_minus_4_b_117	update_halo_kernel4_minus_4_b
2690	0.000021591	553536	ops_par_loop_group_77	update_halo_kernel1_t2+update_halo_kernel4_minus_2_b
2691	0.000020609	430528	ops_par_loop_update_halo_kernel1_t1_86	update_halo_kernel1_t1
2692	0.000027332	553536	ops_par_loop_group_79	update_halo_kernel1_l2+update_halo_kernel3_minus_4_a
2693	0.000023775	553536	ops_par_loop_group_80	update_halo_kernel1_l1+update_halo_kernel3_minus_2_a
2694	0.000024907	553536	ops_par_loop_group_81	update_halo_kernel1_r2+update_halo_kernel3_minus_2_b
2695	0.000022212	430528	ops_par_loop_update_halo_kernel1_r1_90	update_halo_kernel1_r1
2696	0.000019157	123040	ops_par_loop_update_halo_kernel4_plus_4_a_119	update_halo_kernel4_plus_4_a
2697	0.000018636	123040	ops_par_loop_update_halo_kernel4_plus_2_a_120	update_halo_kernel4_plus_2_a
2698	0.000019407	123040	ops_par_loop_update_halo_kernel4_plus_4_b_121	update_halo_kernel4_plus_4_b
2699	0.000018495	123040	ops_par_loop_update_halo_kernel4_plus_2_b_122	update_halo_kernel4_plus_2_b
2700	0.001202544	944701952	ops_par_loop_group_87	advec_mom_kernel_x2+reset_field_kernel1
2701	0.000802504	708096064	ops_par_loop_group_88	advec_mom_kernel_mass_flux_x+ideal_gas_kernel
2702	0.000574361	590438520	ops_par_loop_advec_mom_kernel_post_pre_advec_x_125	advec_mom_kernel_post_pre_advec_x
2703	0.000883689	472258640	ops_par_loop_advec_mom_kernel1_x_nonvector_126	advec_mom_kernel1_x_nonvector
2704	0.000447911	590131240	ops_par_loop_advec_mom_kernel2_x_127	advec_mom_kernel2_x
2705	0.000496594	472842752	ops_par_loop_advec_mom_kernel_x2_128	advec_mom_kernel_x2
2706	0.000194460	236236864	ops_par_loop_advec_mom_kernel_mass_flux_x_129	advec_mom_kernel_mass_flux_x
2707	0.000573489	590438520	ops_par_loop_advec_mom_kernel_post_pre_advec_x_130	advec_mom_kernel_post_pre_advec_x
2708	0.000883698	472258640	ops_par_loop_advec_mom_kernel1_x_nonvector_131	advec_mom_kernel1_x_nonvector
2709	0.000731660	1062236232	ops_par_loop_group_96	advec_mom_kernel2_x+reset_field_kernel2
2710	0.000021811	430304	ops_par_loop_update_halo_kernel1_b1_136	update_halo_kernel1_b1
2711	0.000020990	430304	ops_par_loop_update_halo_kernel1_t1_137	update_halo_kernel1_t1
2712	0.000023695	430304	ops_par_loop_update_halo_kernel1_l1_138	update_halo_kernel1_l1
2713	0.000024476	430304	ops_par_loop_update_halo_kernel1_r1_139	update_halo_kernel1_r1
2714	0.000019196	245952	ops_par_loop_group_101	update_halo_kernel2_xvel_plus_2_a+update_halo_kernel2_yvel_minus_2_a
2715	0.000019777	245952	ops_par_loop_group_102	update_halo_kernel2_xvel_plus_2_b+update_halo_kernel2_yvel_minus_2_b
2716	0.000020559	245952	ops_par_loop_group_103	update_halo_kernel2_xvel_minus_2_a+update_halo_kernel2_yvel_plus_2_a
2717	0.000021440	245952	ops_par_loop_group_104	update_halo_kernel2_xvel_minus_2_b+update_halo_kernel2_yvel_plus_2_b
2718	0.001736789	589885440	ops_par_loop_viscosity_kernel_148	viscosity_kernel
2719	0.000021010	430304	ops_par_loop_update_halo_kernel1_b1_149	update_halo_kernel1_b1
2720	0.000020239	430304	ops_par_loop_update_halo_kernel1_t1_150	update_halo_kernel1_t1
2721	0.000022813	430304	ops_par_loop_update_halo_kernel1_l1_151	update_halo_kernel1_l1
2722	0.000022783	430304	ops_par_loop_update_halo_kernel1_r1_152	update_halo_kernel1_r1
2723	0.000918805	1061744640	ops_par_loop_calc_dt_kernel_153	calc_dt_kernel
2724	0.001483347	1887436800	ops_par_loop_group_0	PdV_kernel_predict+ideal_gas_kernel
2725	0.000022393	430304	ops_par_loop_update_halo_kernel1_b1_2	update_halo_kernel1_b1
2726	0.000020028	430304	ops_par_loop_update_halo_kernel1_t1_3	update_halo_kernel1_t1
2727	0.000023244	430304	ops_par_loop_update_halo_kernel1_l1_4	update_halo_kernel1_l1
2728	0.000023625	430304	ops_par_loop_update_halo_kernel1_r1_5	update_halo_kernel1_r1
2729	0.001556717	1770147928	ops_par_loop_group_5	revert_kernel+accelerate_kernel
2730	0.001355584	1651507200	ops_par_loop_PdV_kernel_nopredict_8	PdV_kernel_nopredict
2731	0.000360505	471982080	ops_par_loop_flux_calc_kernelx_9	flux_calc_kernelx
2732	0.000357790	471982080	ops_par_loop_flux_calc_kernely_10	flux_calc_kernely
2733	0.000022062	553536	ops_par_loop_group_9	update_halo_kernel1_b2+update_halo_kernel4_minus_4_a
2734	0.000020869	553536	ops_par_loop_group_10	update_halo_kernel1_b1+update_halo_kernel4_minus_2_a
2735	0.000019948	246080	ops_par_loop_group_11	update_halo_kernel3_plus_4_a+update_halo_kernel2_xvel_plus_4_a
2736	0.000020489	246080	ops_par_loop_group_12	update_halo_kernel3_plus_2_a+update_halo_kernel2_xvel_plus_2_a
2737	0.000019548	123008	ops_par_loop_update_halo_kernel4_minus_4_b_29	update_halo_kernel4_minus_4_b
2738	0.000021431	553536	ops_par_loop_group_14	update_halo_kernel1_t2+update_halo_kernel4_minus_2_b
2739	0.000020169	430528	ops_par_loop_update_halo_kernel1_t1_14	update_halo_kernel1_t1
2740	0.000018946	246080	ops_par_loop_group_16	update_halo_kernel2_xvel_plus_4_b+update_halo_kernel2_yvel_minus_4_b
2741	0.000018896	246080	ops_par_loop_group_17	update_halo_kernel3_plus_4_b+update_halo_kernel2_xvel_plus_2_b
2742	0.000018075	123040	ops_par_loop_update_halo_kernel3_plus_2_b_22	update_halo_kernel3_plus_2_b
2743	0.000026590	553536	ops_par_loop_group_19	update_halo_kernel1_l2+update_halo_kernel3_minus_4_a
2744	0.000022824	553536	ops_par_loop_group_20	update_halo_kernel1_l1+update_halo_kernel3_minus_2_a
2745	0.000018906	123008	ops_par_loop_update_halo_kernel3_minus_4_b_25	update_halo_kernel3_minus_4_b
2746	0.000023645	553536	ops_par_loop_group_22	update_halo_kernel1_r2+update_halo_kernel3_minus_2_b
2747	0.000021631	430528	ops_par_loop_update_halo_kernel1_r1_18	update_halo_kernel1_r1
2748	0.000020309	246080	ops_par_loop_group_24	update_halo_kernel4_plus_4_a+update_halo_kernel2_xvel_minus_4_a
2749	0.000019297	246080	ops_par_loop_group_25	update_halo_kernel4_plus_2_a+update_halo_kernel2_xvel_minus_2_a
2750	0.000017313	123040	ops_par_loop_update_halo_kernel2_yvel_minus_4_a_54	update_halo_kernel2_yvel_minus_4_a
2751	0.000017373	123040	ops_par_loop_update_halo_kernel2_yvel_minus_2_a_55	update_halo_kernel2_yvel_minus_2_a
2752	0.000017133	123040	ops_par_loop_update_halo_kernel2_yvel_minus_2_b_57	update_halo_kernel2_yvel_minus_2_b
2753	0.000020398	246080	ops_par_loop_group_29	update_halo_kernel2_xvel_minus_4_b+update_halo_kernel2_yvel_plus_4_b
2754	0.000020139	246080	ops_par_loop_group_30	update_halo_kernel4_plus_4_b+update_halo_kernel2_xvel_minus_2_b
2755	0.000018375	123040	ops_par_loop_update_halo_kernel4_plus_2_b_34	update_halo_kernel4_plus_2_b
2756	0.000564953	591053440	ops_par_loop_advec_cell_kernel1_xdir_35	advec_cell_kernel1_xdir
2757	0.000772707	708203544	ops_par_loop_advec_cell_kernel3_xdir_36	advec_cell_kernel3_xdir
2758	0.001457057	1533542400	ops_par_loop_advec_cell_kernel4_xdir_37	advec_cell_kernel4_xdir
2759	0.000021210	430528	ops_par_loop_update_halo_kernel1_b2_38	update_halo_kernel1_b2
2760	0.000020860	430528	ops_par_loop_update_halo_kernel1_b1_39	update_halo_kernel1_b1
2761	0.000021551	430528	ops_par_loop_update_halo_kernel1_t2_40	update_halo_kernel1_t2
2762	0.000021792	430528	ops_par_loop_update_halo_kernel1_t1_41	update_halo_kernel1_t1
2763	0.000018966	123040	ops_par_loop_update_halo_kernel3_plus_4_a_62	update_halo_kernel3_plus_4_a
2764	0.000018515	123040	ops_par_loop_update_halo_kernel3_plus_2_a_63	update_halo_kernel3_plus_2_a
2765	0.000018184	123040	ops_par_loop_update_halo_kernel3_plus_4_b_64	update_halo_kernel3_plus_4_b
2766	0.000019287	123040	ops_par_loop_update_halo_kernel3_plus_2_b_65	update_halo_kernel3_plus_2_b
2767	0.000026180	553536	ops_par_loop_group_43	update_halo_kernel1_l2+update_halo_kernel3_minus_4_a
2768	0.000023374	553536	ops_par_loop_group_44	update_halo_kernel1_l1+update_halo_kernel3_minus_2_a
2769	0.000020038	123008	ops_par_loop_update_halo_kernel3_minus_4_b_68	update_halo_kernel3_minus_4_b
2770	0.000024406	553536	ops_par_loop_group_46	update_halo_kernel1_r2+update_halo_kernel3_minus_2_b
2771	0.000023434	430528	ops_par_loop_update_halo_kernel1_r1_45	update_halo_kernel1_r1
2772	0.000570293	591053440	ops_par_loop_advec_mom_kernel_x1_70	advec_mom_kernel_x1
2773	0.000194860	236236864	ops_par_loop_advec_mom_kernel_mass_flux_x_71	advec_mom_kernel_mass_flux_x
2774	0.000573650	590438520	ops_par_loop_advec_mom_kernel_post_pre_advec_x_72	advec_mom_kernel_post_pre_advec_x
2775	0.000884660	472258640	ops_par_loop_advec_mom_kernel1_x_nonvector_73	advec_mom_kernel1_x_nonvector
2776	0.000449454	590131240	ops_par_loop_advec_mom_kernel2_x_74	advec_mom_kernel2_x
2777	0.000563650	591053440	ops_par_loop_advec_mom_kernel_x1_75	advec_mom_kernel_x1
2778	0.000193507	236236864	ops_par_loop_advec_mom_kernel_mass_flux_x_76	advec_mom_kernel_mass_flux_x
2779	0.000574111	590438520	ops_par_loop_advec_mom_kernel_post_pre_advec_x_77	advec_mom_kernel_post_pre_advec_x
2780	0.000022102	246080	ops_par_loop_group_56	update_halo_kernel2_xvel_plus_4_a+update_halo_kernel3_plus_4_a
2781	0.000018596	246080	ops_par_loop_group_57	update_halo_kernel2_xvel_plus_2_a+update_halo_kernel3_plus_2_a
2782	0.000018946	123040	ops_par_loop_update_halo_kernel2_xvel_plus_4_b_93	update_halo_kernel2_xvel_plus_4_b
2783	0.000019737	246080	ops_par_loop_group_59	update_halo_kernel2_xvel_plus_2_b+update_halo_kernel3_plus_4_b
2784	0.000021411	246080	ops_par_loop_group_60	update_halo_kernel2_yvel_plus_4_a+update_halo_kernel2_xvel_minus_4_a
2785	0.000019467	246080	ops_par_loop_group_61	update_halo_kernel2_yvel_plus_2_a+update_halo_kernel2_xvel_minus_2_a
2786	0.000019698	123040	ops_par_loop_update_halo_kernel2_xvel_minus_4_b_97	update_halo_kernel2_xvel_minus_4_b
2787	0.000021070	246080	ops_par_loop_group_63	update_halo_kernel2_yvel_plus_2_b+update_halo_kernel2_xvel_minus_2_b
2788	0.000883087	472258640	ops_par_loop_advec_mom_kernel1_x_nonvector_78	advec_mom_kernel1_x_nonvector
2789	0.000446247	590131240	ops_par_loop_advec_mom_kernel2_x_79	advec_mom_kernel2_x
2790	0.000498667	472842752	ops_par_loop_advec_cell_kernel2_ydir_80	advec_cell_kernel2_ydir
2791	0.000789540	708203544	ops_par_loop_advec_cell_kernel3_ydir_81	advec_cell_kernel3_ydir
2792	0.001477467	1533542400	ops_par_loop_advec_cell_kernel4_ydir_82	advec_cell_kernel4_ydir
2793	0.000022873	553536	ops_par_loop_group_69	update_halo_kernel1_b2+update_halo_kernel4_minus_4_a
2794	0.000021181	553536	ops_par_loop_group_70	update_halo_kernel1_b1+update_halo_kernel4_minus_2_a
2795	0.000018455	123040	ops_par_loop_update_halo_kernel2_yvel_minus_4_a_99	update_halo_kernel2_yvel_minus_4_a
2796	0.000017594	123040	ops_par_loop_update_halo_kernel2_yvel_minus_2_a_100	update_halo_kernel2_yvel_minus_2_a
2797	0.000017644	123040	ops_par_loop_update_halo_kernel2_yvel_minus_4_b_101	update_halo_kernel2_yvel_minus_4_b
2798	0.000017554	123040	ops_par_loop_update_halo_kernel2_yvel_minus_2_b_102	update_halo_kernel2_yvel_minus_2_b
2799	0.000019307	123040	ops_par_loop_update_halo_kernel2_yvel_plus_4_b_105	update_halo_kernel2_yvel_plus_4_b
2800	0.000018575	123040	ops_par_loop_update_halo_kernel3_plus_2_b_110	update_halo_kernel3_plus_2_b
2801	0.000018905	123008	ops_par_loop_update_halo_kernel3_minus_4_b_113	update_halo_kernel3_minus_4_b
2802	0.000018205	123008	ops_par_loop_update_halo_kernel4_minus_4_b_117	update_halo_kernel4_minus_4_b
2803	0.000020889	553536	ops_par_loop_group_79	update_halo_kernel1_t2+update_halo_kernel4_minus_2_b
2804	0.000019998	430528	ops_par_loop_update_halo_kernel1_t1_86	update_halo_kernel1_t1
2805	0.000026390	553536	ops_par_loop_group_81	update_halo_kernel1_l2+update_halo_kernel3_minus_4_a
2806	0.000023094	553536	ops_par_loop_group_82	update_halo_kernel1_l1+update_halo_kernel3_minus_2_a
2807	0.000024887	553536	ops_par_loop_group_83	update_halo_kernel1_r2+update_halo_kernel3_minus_2_b
2808	0.000021100	430528	ops_par_loop_update_halo_kernel1_r1_90	update_halo_kernel1_r1
2809	0.000021240	246080	ops_par_loop_group_85	update_halo_kernel2_yvel_plus_4_a+update_halo_kernel4_plus_4_a
2810	0.000019247	246080	ops_par_loop_group_86	update_halo_kernel2_yvel_plus_2_a+update_halo_kernel4_plus_2_a
2811	0.000020048	246080	ops_par_loop_group_87	update_halo_kernel2_yvel_plus_2_b+update_halo_kernel4_plus_4_b
2812	0.000019296	123040	ops_par_loop_update_halo_kernel4_plus_2_b_122	update_halo_kernel4_plus_2_b
2813	0.001197575	944701952	ops_par_loop_group_89	advec_mom_kernel_y2+reset_field_kernel1
2814	0.000736409	708096064	ops_par_loop_group_90	advec_mom_kernel_mass_flux_y+ideal_gas_kernel
2815	0.000530487	590438520	ops_par_loop_advec_mom_kernel_post_pre_advec_y_125	advec_mom_kernel_post_pre_advec_y
2816	0.000878959	472258640	ops_par_loop_advec_mom_kernel1_y_nonvector_126	advec_mom_kernel1_y_nonvector
2817	0.000448833	590131240	ops_par_loop_advec_mom_kernel2_y_127	advec_mom_kernel2_y
2818	0.000492405	472842752	ops_par_loop_advec_mom_kernel_y2_128	advec_mom_kernel_y2
2819	0.000192155	236236864	ops_par_loop_advec_mom_kernel_mass_flux_y_129	advec_mom_kernel_mass_flux_y
2820	0.000532110	590438520	ops_par_loop_advec_mom_kernel_post_pre_advec_y_130	advec_mom_kernel_post_pre_advec_y
2821	0.000876184	472258640	ops_par_loop_advec_mom_kernel1_y_nonvector_131	advec_mom_kernel1_y_nonvector
2822	0.000733934	1062236232	ops_par_loop_group_98	advec_mom_kernel2_y+reset_field_kernel2
2823	0.000022052	430304	ops_par_loop_update_halo_kernel1_b1_136	update_halo_kernel1_b1
2824	0.000020358	430304	ops_par_loop_update_halo_kernel1_t1_137	update_halo_kernel1_t1
2825	0.000024186	430304	ops_par_loop_update_halo_kernel1_l1_138	update_halo_kernel1_l1
2826	0.000024055	430304	ops_par_loop_update_halo_kernel1_r1_139	update_halo_kernel1_r1
2827	0.000020339	245952	ops_par_loop_group_103	update_halo_kernel2_xvel_plus_2_a+update_halo_kernel2_yvel_minus_2_a
2828	0.000020569	245952	ops_par_loop_group_104	update_halo_kernel2_xvel_plus_2_b+update_halo_kernel2_yvel_minus_2_b
2829	0.000022102	245952	ops_par_loop_group_105	update_halo_kernel2_xvel_minus_2_a+update_halo_kernel2_yvel_plus_2_a
2830	0.000020940	245952	ops_par_loop_group_106	update_halo_kernel2_xvel_minus_2_b+update_halo_kernel2_yvel_plus_2_b
2831	0.001736529	589885440	ops_par_loop_viscosity_kernel_148	viscosity_kernel
2832	0.000021381	430304	ops_par_loop_update_halo_kernel1_b1_149	update_halo_kernel1_b1
2833	0.000020048	430304	ops_par_loop_update_halo_kernel1_t1_150	update_halo_kernel1_t1
2834	0.000023444	430304	ops_par_loop_update_halo_kernel1_l1_151	update_halo_kernel1_l1
2835	0.000022733	430304	ops_par_loop_update_halo_kernel1_r1_152	update_halo_kernel1_r1
2836	0.000918615	1061744640	ops_par_loop_calc_dt_kernel_153	calc_dt_kernel
2837	0.001483207	1887436800	ops_par_loop_group_0	PdV_kernel_predict+ideal_gas_kernel
2838	0.000022263	430304	ops_par_loop_update_halo_kernel1_b1_2	update_halo_kernel1_b1
2839	0.000020609	430304	ops_par_loop_update_halo_kernel1_t1_3	update_halo_kernel1_t1
2840	0.000023324	430304	ops_par_loop_update_halo_kernel1_l1_4	update_halo_kernel1_l1
2841	0.000023745	430304	ops_par_loop_update_halo_kernel1_r1_5	update_halo_kernel1_r1
2842	0.001558070	1770147928	ops_par_loop_group_5	revert_kernel+accelerate_kernel
2843	0.001358721	1651507200	ops_par_loop_PdV_kernel_nopredict_8	PdV_kernel_nopredict
2844	0.000360054	471982080	ops_par_loop_flux_calc_kernelx_9	flux_calc_kernelx
2845	0.000362308	471982080	ops_par_loop_flux_calc_kernely_10	flux_calc_kernely
2846	0.000022102	553536	ops_par_loop_group_9	update_halo_kernel1_b2+update_halo_kernel4_minus_4_a
2847	0.000020819	553536	ops_par_loop_group_10	update_halo_kernel1_b1+update_halo_kernel4_minus_2_a
2848	0.000019327	246080	ops_par_loop_group_11	update_halo_kernel3_plus_4_a+update_halo_kernel2_xvel_plus_4_a
2849	0.000018134	246080	ops_par_loop_group_12	update_halo_kernel3_plus_2_a+update_halo_kernel2_xvel_plus_2_a
2850	0.000018485	123008	ops_par_loop_update_halo_kernel4_minus_4_b_29	update_halo_kernel4_minus_4_b
2851	0.000020279	553536	ops_par_loop_group_14	update_halo_kernel1_t2+update_halo_kernel4_minus_2_b
2852	0.000019897	430528	ops_par_loop_update_halo_kernel1_t1_14	update_halo_kernel1_t1
2853	0.000018976	246080	ops_par_loop_group_16	update_halo_kernel2_xvel_plus_4_b+update_halo_kernel2_yvel_minus_4_b
2854	0.000018134	246080	ops_par_loop_group_17	update_halo_kernel3_plus_4_b+update_halo_kernel2_xvel_plus_2_b
2855	0.000019046	123040	ops_par_loop_update_halo_kernel3_plus_2_b_22	update_halo_kernel3_plus_2_b
2856	0.000025418	553536	ops_par_loop_group_19	update_halo_kernel1_l2+update_halo_kernel3_minus_4_a
2857	0.000022633	553536	ops_par_loop_group_20	update_halo_kernel1_l1+update_halo_kernel3_minus_2_a
2858	0.000018856	123008	ops_par_loop_update_halo_kernel3_minus_4_b_25	update_halo_kernel3_minus_4_b
2859	0.000025508	553536	ops_par_loop_group_22	update_halo_kernel1_r2+update_halo_kernel3_minus_2_b
2860	0.000022192	430528	ops_par_loop_update_halo_kernel1_r1_18	update_halo_kernel1_r1
2861	0.000020900	246080	ops_par_loop_group_24	update_halo_kernel4_plus_4_a+update_halo_kernel2_xvel_minus_4_a
2862	0.000019958	246080	ops_par_loop_group_25	update_halo_kernel4_plus_2_a+update_halo_kernel2_xvel_minus_2_a
2863	0.000018435	123040	ops_par_loop_update_halo_kernel2_yvel_minus_4_a_54	update_halo_kernel2_yvel_minus_4_a
2864	0.000017263	123040	ops_par_loop_update_halo_kernel2_yvel_minus_2_a_55	update_halo_kernel2_yvel_minus_2_a
2865	0.000016712	123040	ops_par_loop_update_halo_kernel2_yvel_minus_2_b_57	update_halo_kernel2_yvel_minus_2_b
2866	0.000020188	246080	ops_par_loop_group_29	update_halo_kernel2_xvel_minus_4_b+update_halo_kernel2_yvel_plus_4_b
2867	0.000019857	246080	ops_par_loop_group_30	update_halo_kernel4_plus_4_b+update_halo_kernel2_xvel_minus_2_b
2868	0.000017974	123040	ops_par_loop_update_halo_kernel4_plus_2_b_34	update_halo_kernel4_plus_2_b
2869	0.000560565	591053440	ops_par_loop_advec_cell_kernel1_ydir_35	advec_cell_kernel1_ydir
2870	0.000789109	708203544	ops_par_loop_advec_cell_kernel3_ydir_36	advec_cell_kernel3_ydir
2871	0.001468048	1533542400	ops_par_loop_advec_cell_kernel4_ydir_37	advec_cell_kernel4_ydir
2872	0.000022133	553536	ops_par_loop_group_35	update_halo_kernel1_b2+update_halo_kernel4_minus_4_a
2873	0.000021140	553536	ops_par_loop_group_36	update_halo_kernel1_b1+update_halo_kernel4_minus_2_a
2874	0.000018275	123008	ops_par_loop_update_halo_kernel4_minus_4_b_64	update_halo_kernel4_minus_4_b
2875	0.000020760	553536	ops_par_loop_group_38	update_halo_kernel1_t2+update_halo_kernel4_minus_2_b
2876	0.000020579	430528	ops_par_loop_update_halo_kernel1_t1_41	update_halo_kernel1_t1
2877	0.000023806	430528	ops_par_loop_update_halo_kernel1_l2_42	update_halo_kernel1_l2
2878	0.000021431	430528	ops_par_loop_update_halo_kernel1_l1_43	update_halo_kernel1_l1
2879	0.000022923	430528	ops_par_loop_update_halo_kernel1_r2_44	update_halo_kernel1_r2
2880	0.000020940	430528	ops_par_loop_update_halo_kernel1_r1_45	update_halo_kernel1_r1
2881	0.000020539	246080	ops_par_loop_group_44	update_halo_kernel2_yvel_plus_4_a+update_halo_kernel4_plus_4_a
2882	0.000018966	246080	ops_par_loop_group_45	update_halo_kernel2_yvel_plus_2_a+update_halo_kernel4_plus_2_a
2883	0.000021290	246080	ops_par_loop_group_46	update_halo_kernel2_yvel_plus_2_b+update_halo_kernel4_plus_4_b
2884	0.000018345	123040	ops_par_loop_update_halo_kernel4_plus_2_b_69	update_halo_kernel4_plus_2_b
2885	0.000561357	591053440	ops_par_loop_advec_mom_kernel_y1_70	advec_mom_kernel_y1
2886	0.000191394	236236864	ops_par_loop_advec_mom_kernel_mass_flux_y_71	advec_mom_kernel_mass_flux_y
2887	0.000531340	590438520	ops_par_loop_advec_mom_kernel_post_pre_advec_y_72	advec_mom_kernel_post_pre_advec_y
2888	0.000878649	472258640	ops_par_loop_advec_mom_kernel1_y_nonvector_73	advec_mom_kernel1_y_nonvector
2889	0.000449764	590131240	ops_par_loop_advec_mom_kernel2_y_74	advec_mom_kernel2_y
2890	0.000560945	591053440	ops_par_loop_advec_mom_kernel_y1_75	advec_mom_kernel_y1
2891	0.000191012	236236864	ops_par_loop_advec_mom_kernel_mass_flux_y_76	advec_mom_kernel_mass_flux_y
2892	0.000531390	590438520	ops_par_loop_advec_mom_kernel_post_pre_advec_y_77	advec_mom_kernel_post_pre_advec_y
2893	0.000875984	472258640	ops_par_loop_advec_mom_kernel1_y_nonvector_78	advec_mom_kernel1_y_nonvector
2894	0.000447770	590131240	ops_par_loop_advec_mom_kernel2_y_79	advec_mom_kernel2_y
2895	0.000490181	472842752	ops_par_loop_advec_cell_kernel2_xdir_80	advec_cell_kernel2_xdir
2896	0.000772958	708203544	ops_par_loop_advec_cell_kernel3_xdir_81	advec_cell_kernel3_xdir
2897	0.001462548	1533542400	ops_par_loop_advec_cell_kernel4_xdir_82	advec_cell_kernel4_xdir
2898	0.000023524	553536	ops_par_loop_group_61	update_halo_kernel1_b2+update_halo_kernel4_minus_4_a
2899	0.000027021	553536	ops_par_loop_group_62	update_halo_kernel1_b1+update_halo_kernel4_minus_2_a
2900	0.000020168	246080	ops_par_loop_group_63	update_halo_kernel2_xvel_plus_4_a+update_halo_kernel2_yvel_minus_4_a
2901	0.000020640	246080	ops_par_loop_group_64	update_halo_kernel2_xvel_plus_2_a+update_halo_kernel2_yvel_minus_2_a
2902	0.000019337	246080	ops_par_loop_group_65	update_halo_kernel2_xvel_plus_4_b+update_halo_kernel2_yvel_minus_4_b
2903	0.000019667	246080	ops_par_loop_group_66	update_halo_kernel2_xvel_plus_2_b+update_halo_kernel2_yvel_minus_2_b
2904	0.000020740	246080	ops_par_loop_group_67	update_halo_kernel2_xvel_minus_4_a+update_halo_kernel2_yvel_plus_4_a
2905	0.000019788	246080	ops_par_loop_group_68	update_halo_kernel2_xvel_minus_2_a+update_halo_kernel2_yvel_plus_2_a
2906	0.000021130	246080	ops_par_loop_group_69	update_halo_kernel2_xvel_minus_4_b+update_halo_kernel2_yvel_plus_4_b
2907	0.000020138	246080	ops_par_loop_group_70	update_halo_kernel2_xvel_minus_2_b+update_halo_kernel2_yvel_plus_2_b
2908	0.000019047	123040	ops_par_loop_update_halo_kernel3_plus_4_a_107	update_halo_kernel3_plus_4_a
2909	0.000018104	123040	ops_par_loop_update_halo_kernel3_plus_2_a_108	update_halo_kernel3_plus_2_a
2910	0.000018255	123040	ops_par_loop_update_halo_kernel3_plus_4_b_109	update_halo_kernel3_plus_4_b
2911	0.000018896	123040	ops_par_loop_update_halo_kernel3_plus_2_b_110	update_halo_kernel3_plus_2_b
2912	0.000018746	123008	ops_par_loop_update_halo_kernel3_minus_4_b_113	update_halo_kernel3_minus_4_b
2913	0.000017664	123008	ops_par_loop_update_halo_kernel4_minus_4_b_117	update_halo_kernel4_minus_4_b
2914	0.000020619	553536	ops_par_loop_group_77	update_halo_kernel1_t2+update_halo_kernel4_minus_2_b
2915	0.000019777	430528	ops_par_loop_update_halo_kernel1_t1_86	update_halo_kernel1_t1
2916	0.000026390	553536	ops_par_loop_group_79	update_halo_kernel1_l2+update_halo_kernel3_minus_4_a
2917	0.000023284	553536	ops_par_loop_group_80	update_halo_kernel1_l1+update_halo_kernel3_minus_2_a
2918	0.000024587	553536	ops_par_loop_group_81	update_halo_kernel1_r2+update_halo_kernel3_minus_2_b
2919	0.000021220	430528	ops_par_loop_update_halo_kernel1_r1_90	update_halo_kernel1_r1
2920	0.000019407	123040	ops_par_loop_update_halo_kernel4_plus_4_a_119	update_halo_kernel4_plus_4_a
2921	0.000018365	123040	ops_par_loop_update_halo_kernel4_plus_2_a_120	update_halo_kernel4_plus_2_a
2922	0.000019226	123040	ops_par_loop_update_halo_kernel4_plus_4_b_121	update_halo_kernel4_plus_4_b
2923	0.000018205	123040	ops_par_loop_update_halo_kernel4_plus_2_b_122	update_halo_kernel4_plus_2_b
2924	0.001201051	944701952	ops_par_loop_group_87	advec_mom_kernel_x2+reset_field_kernel1
2925	0.000800561	708096064	ops_par_loop_group_88	advec_mom_kernel_mass_flux_x+ideal_gas_kernel
2926	0.000574541	590438520	ops_par_loop_advec_mom_kernel_post_pre_advec_x_125	advec_mom_kernel_post_pre_advec_x
2927	0.000884640	472258640	ops_par_loop_advec_mom_kernel1_x_nonvector_126	advec_mom_kernel1_x_nonvector
2928	0.000456206	590131240	ops_par_loop_advec_mom_kernel2_x_127	advec_mom_kernel2_x
2929	0.000495731	472842752	ops_par_loop_advec_mom_kernel_x2_128	advec_mom_kernel_x2
2930	0.000194319	236236864	ops_par_loop_advec_mom_kernel_mass_flux_x_129	advec_mom_kernel_mass_flux_x
2931	0.000576585	590438520	ops_par_loop_advec_mom_kernel_post_pre_advec_x_130	advec_mom_kernel_post_pre_advec_x
2932	0.000884300	472258640	ops_par_loop_advec_mom_kernel1_x_nonvector_131	advec_mom_kernel1_x_nonvector
2933	0.000730287	1062236232	ops_par_loop_group_96	advec_mom_kernel2_x+reset_field_kernel2
2934	0.000022112	430304	ops_par_loop_update_halo_kernel1_b1_136	update_halo_kernel1_b1
2935	0.000022112	430304	ops_par_loop_update_halo_kernel1_t1_137	update_halo_kernel1_t1
2936	0.000024336	430304	ops_par_loop_update_halo_kernel1_l1_138	update_halo_kernel1_l1
2937	0.000024697	430304	ops_par_loop_update_halo_kernel1_r1_139	update_halo_kernel1_r1
2938	0.000019186	245952	ops_par_loop_group_101	update_halo_kernel2_xvel_plus_2_a+update_halo_kernel2_yvel_minus_2_a
2939	0.000019387	245952	ops_par_loop_group_102	update_halo_kernel2_xvel_plus_2_b+update_halo_kernel2_yvel_minus_2_b
2940	0.000020579	245952	ops_par_loop_group_103	update_halo_kernel2_xvel_minus_2_a+update_halo_kernel2_yvel_plus_2_a
2941	0.000022353	245952	ops_par_loop_group_104	update_halo_kernel2_xvel_minus_2_b+update_halo_kernel2_yvel_plus_2_b
2942	0.001736518	589885440	ops_par_loop_viscosity_kernel_148	viscosity_kernel
2943	0.000021140	430304	ops_par_loop_update_halo_kernel1_b1_149	update_halo_kernel1_b1
2944	0.000020198	430304	ops_par_loop_update_halo_kernel1_t1_150	update_halo_kernel1_t1
2945	0.000023104	430304	ops_par_loop_update_halo_kernel1_l1_151	update_halo_kernel1_l1
2946	0.000022102	430304	ops_par_loop_update_halo_kernel1_r1_152	update_halo_kernel1_r1
2947	0.000917923	1061744640	ops_par_loop_calc_dt_kernel_153	calc_dt_kernel
2948	0.001485972	1887436800	ops_par_loop_group_0	PdV_kernel_predict+ideal_gas_kernel
2949	0.000022904	430304	ops_par_loop_update_halo_kernel1_b1_2	update_halo_kernel1_b1
2950	0.000020299	430304	ops_par_loop_update_halo_kernel1_t1_3	update_halo_kernel1_t1
2951	0.000023384	430304	ops_par_loop_update_halo_kernel1_l1_4	update_halo_kernel1_l1
2952	0.000025829	430304	ops_par_loop_update_halo_kernel1_r1_5	update_halo_kernel1_r1
2953	0.001554653	1770147928	ops_par_loop_group_5	revert_kernel+accelerate_kernel
2954	0.001356326	1651507200	ops_par_loop_PdV_kernel_nopredict_8	PdV_kernel_nopredict
2955	0.000360475	471982080	ops_par_loop_flux_calc_kernelx_9	flux_calc_kernelx
2956	0.000357960	471982080	ops_par_loop_flux_calc_kernely_10	flux_calc_kernely
2957	0.000022333	553536	ops_par_loop_group_9	update_halo_kernel1_b2+update_halo_kernel4_minus_4_a
2958	0.000020879	553536	ops_par_loop_group_10	update_halo_kernel1_b1+update_halo_kernel4_minus_2_a
2959	0.000019778	246080	ops_par_loop_group_11	update_halo_kernel3_plus_4_a+update_halo_kernel2_xvel_plus_4_a
2960	0.000018856	246080	ops_par_loop_group_12	update_halo_kernel3_plus_2_a+update_halo_kernel2_xvel_plus_2_a
2961	0.000018816	123008	ops_par_loop_update_halo_kernel4_minus_4_b_29	update_halo_kernel4_minus_4_b
2962	0.000020839	553536	ops_par_loop_group_14	update_halo_kernel1_t2+update_halo_kernel4_minus_2_b
2963	0.000020239	430528	ops_par_loop_update_halo_kernel1_t1_14	update_halo_kernel1_t1
2964	0.000019177	246080	ops_par_loop_group_16	update_halo_kernel2_xvel_plus_4_b+update_halo_kernel2_yvel_minus_4_b
2965	0.000018775	246080	ops_par_loop_group_17	update_halo_kernel3_plus_4_b+update_halo_kernel2_xvel_plus_2_b
2966	0.000018515	123040	ops_par_loop_update_halo_kernel3_plus_2_b_22	update_halo_kernel3_plus_2_b
2967	0.000025930	553536	ops_par_loop_group_19	update_halo_kernel1_l2+update_halo_kernel3_minus_4_a
2968	0.000023013	553536	ops_par_loop_group_20	update_halo_kernel1_l1+update_halo_kernel3_minus_2_a
2969	0.000021150	123008	ops_par_loop_update_halo_kernel3_minus_4_b_25	update_halo_kernel3_minus_4_b
2970	0.000023504	553536	ops_par_loop_group_22	update_halo_kernel1_r2+update_halo_kernel3_minus_2_b
2971	0.000021231	430528	ops_par_loop_update_halo_kernel1_r1_18	update_halo_kernel1_r1
2972	0.000021241	246080	ops_par_loop_group_24	update_halo_kernel4_plus_4_a+update_halo_kernel2_xvel_minus_4_a
2973	0.000019337	246080	ops_par_loop_group_25	update_halo_kernel4_plus_2_a+update_halo_kernel2_xvel_minus_2_a
2974	0.000018395	123040	ops_par_loop_update_halo_kernel2_yvel_minus_4_a_54	update_halo_kernel2_yvel_minus_4_a
2975	0.000017794	123040	ops_par_loop_update_halo_kernel2_yvel_minus_2_a_55	update_halo_kernel2_yvel_minus_2_a
2976	0.000018074	123040	ops_par_loop_update_halo_kernel2_yvel_minus_2_b_57	update_halo_kernel2_yvel_minus_2_b
2977	0.000020449	246080	ops_par_loop_group_29	update_halo_kernel2_xvel_minus_4_b+update_halo_kernel2_yvel_plus_4_b
2978	0.000021320	246080	ops_par_loop_group_30	update_halo_kernel4_plus_4_b+update_halo_kernel2_xvel_minus_2_b
2979	0.000018034	123040	ops_par_loop_update_halo_kernel4_plus_2_b_34	update_halo_kernel4_plus_2_b
2980	0.000562358	591053440	ops_par_loop_advec_cell_kernel1_xdir_35	advec_cell_kernel1_xdir
2981	0.000772487	708203544	ops_par_loop_advec_cell_kernel3_xdir_36	advec_cell_kernel3_xdir
2982	0.001462939	1533542400	ops_par_loop_advec_cell_kernel4_xdir_37	advec_cell_kernel4_xdir
2983	0.000021400	430528	ops_par_loop_update_halo_kernel1_b2_38	update_halo_kernel1_b2
2984	0.000021211	430528	ops_par_loop_update_halo_kernel1_b1_39	update_halo_kernel1_b1
2985	0.000020479	430528	ops_par_loop_update_halo_kernel1_t2_40	update_halo_kernel1_t2
2986	0.000020729	430528	ops_par_loop_update_halo_kernel1_t1_41	update_halo_kernel1_t1
2987	0.000019127	123040	ops_par_loop_update_halo_kernel3_plus_4_a_62	update_halo_kernel3_plus_4_a
2988	0.000019186	123040	ops_par_loop_update_halo_kernel3_plus_2_a_63	update_halo_kernel3_plus_2_a
2989	0.000018505	123040	ops_par_loop_update_halo_kernel3_plus_4_b_64	update_halo_kernel3_plus_4_b
2990	0.000018986	123040	ops_par_loop_update_halo_kernel3_plus_2_b_65	update_halo_kernel3_plus_2_b
2991	0.000026400	553536	ops_par_loop_group_43	update_halo_kernel1_l2+update_halo_kernel3_minus_4_a
2992	0.000023445	553536	ops_par_loop_group_44	update_halo_kernel1_l1+update_halo_kernel3_minus_2_a
2993	0.000018826	123008	ops_par_loop_update_halo_kernel3_minus_4_b_68	update_halo_kernel3_minus_4_b
2994	0.000024236	553536	ops_par_loop_group_46	update_halo_kernel1_r2+update_halo_kernel3_minus_2_b
2995	0.000022182	430528	ops_par_loop_update_halo_kernel1_r1_45	update_halo_kernel1_r1
2996	0.000561596	591053440	ops_par_loop_advec_mom_kernel_x1_70	advec_mom_kernel_x1
2997	0.000193587	236236864	ops_par_loop_advec_mom_kernel_mass_flux_x_71	advec_mom_kernel_mass_flux_x
2998	0.000575223	590438520	ops_par_loop_advec_mom_kernel_post_pre_advec_x_72	advec_mom_kernel_post_pre_advec_x
2999	0.000883929	472258640	ops_par_loop_advec_mom_kernel1_x_nonvector_73	advec_mom_kernel1_x_nonvector
3000	0.000452670	590131240	ops_par_loop_advec_mom_kernel2_x_74	advec_mom_kernel2_x
3001	0.000559923	591053440	ops_par_loop_advec_mom_kernel_x1_75	advec_mom_kernel_x1
3002	0.000193868	236236864	ops_par_loop_advec_mom_kernel_mass_flux_x_76	advec_mom_kernel_mass_flux_x
3003	0.000573740	590438520	ops_par_loop_advec_mom_kernel_post_pre_advec_x_77	advec_mom_kernel_post_pre_advec_x
3004	0.000021111	246080	ops_par_loop_group_56	update_halo_kernel2_xvel_plus_4_a+update_halo_kernel3_plus_4_a
3005	0.000021561	246080	ops_par_loop_group_57	update_halo_kernel2_xvel_plus_2_a+update_halo_kernel3_plus_2_a
3006	0.000018084	123040	ops_par_loop_update_halo_kernel2_xvel_plus_4_b_93	update_halo_kernel2_xvel_plus_4_b
3007	0.000018916	246080	ops_par_loop_group_59	update_halo_kernel2_xvel_plus_2_b+update_halo_kernel3_plus_4_b
3008	0.000021450	246080	ops_par_loop_group_60	update_halo_kernel2_yvel_plus_4_a+update_halo_kernel2_xvel_minus_4_a
3009	0.000019607	246080	ops_par_loop_group_61	update_halo_kernel2_yvel_plus_2_a+update_halo_kernel2_xvel_minus_2_a
3010	0.000018926	123040	ops_par_loop_update_halo_kernel2_xvel_minus_4_b_97	update_halo_kernel2_xvel_minus_4_b
3011	0.000020459	246080	ops_par_loop_group_63	update_halo_kernel2_yvel_plus_2_b+update_halo_kernel2_xvel_minus_2_b
3012	0.000882667	472258640	ops_par_loop_advec_mom_kernel1_x_nonvector_78	advec_mom_kernel1_x_nonvector
3013	0.000448982	590131240	ops_par_loop_advec_mom_kernel2_x_79	advec_mom_kernel2_x
3014	0.000496262	472842752	ops_par_loop_advec_cell_kernel2_ydir_80	advec_cell_kernel2_ydir
3015	0.000788889	708203544	ops_par_loop_advec_cell_kernel3_ydir_81	advec_cell_kernel3_ydir
3016	0.001471355	1533542400	ops_par_loop_advec_cell_kernel4_ydir_82	advec_cell_kernel4_ydir
3017	0.000023385	553536	ops_par_loop_group_69	update_halo_kernel1_b2+update_halo_kernel4_minus_4_a
3018	0.000021350	553536	ops_par_loop_group_70	update_halo_kernel1_b1+update_halo_kernel4_minus_2_a
3019	0.000019037	123040	ops_par_loop_update_halo_kernel2_yvel_minus_4_a_99	update_halo_kernel2_yvel_minus_4_a
3020	0.000017573	123040	ops_par_loop_update_halo_kernel2_yvel_minus_2_a_100	update_halo_kernel2_yvel_minus_2_a
3021	0.000018044	123040	ops_par_loop_update_halo_kernel2_yvel_minus_4_b_101	update_halo_kernel2_yvel_minus_4_b
3022	0.000019667	123040	ops_par_loop_update_halo_kernel2_yvel_minus_2_b_102	update_halo_kernel2_yvel_minus_2_b
3023	0.000020669	123040	ops_par_loop_update_halo_kernel2_yvel_plus_4_b_105	update_halo_kernel2_yvel_plus_4_b
3024	0.000018536	123040	ops_par_loop_update_halo_kernel3_plus_2_b_110	update_halo_kernel3_plus_2_b
3025	0.000019627	123008	ops_par_loop_update_halo_kernel3_minus_4_b_113	update_halo_kernel3_minus_4_b
3026	0.000018575	123008	ops_par_loop_update_halo_kernel4_minus_4_b_117	update_halo_kernel4_minus_4_b
3027	0.000021230	553536	ops_par_loop_group_79	update_halo_kernel1_t2+update_halo_kernel4_minus_2_b
3028	0.000020038	430528	ops_par_loop_update_halo_kernel1_t1_86	update_halo_kernel1_t1
3029	0.000027152	553536	ops_par_loop_group_81	update_halo_kernel1_l2+update_halo_kernel3_minus_4_a
3030	0.000023144	553536	ops_par_loop_group_82	update_halo_kernel1_l1+update_halo_kernel3_minus_2_a
3031	0.000024857	553536	ops_par_loop_group_83	update_halo_kernel1_r2+update_halo_kernel3_minus_2_b
3032	0.000021441	430528	ops_par_loop_update_halo_kernel1_r1_90	update_halo_kernel1_r1
3033	0.000021150	246080	ops_par_loop_group_85	update_halo_kernel2_yvel_plus_4_a+update_halo_kernel4_plus_4_a
3034	0.000019247	246080	ops_par_loop_group_86	update_halo_kernel2_yvel_plus_2_a+update_halo_kernel4_plus_2_a
3035	0.000020489	246080	ops_par_loop_group_87	update_halo_kernel2_yvel_plus_2_b+update_halo_kernel4_plus_4_b
3036	0.000018675	123040	ops_par_loop_update_halo_kernel4_plus_2_b_122	update_halo_kernel4_plus_2_b
3037	0.001194749	944701952	ops_par_loop_group_89	advec_mom_kernel_y2+reset_field_kernel1
3038	0.000735396	708096064	ops_par_loop_group_90	advec_mom_kernel_mass_flux_y+ideal_gas_kernel
3039	0.000534234	590438520	ops_par_loop_advec_mom_kernel_post_pre_advec_y_125	advec_mom_kernel_post_pre_advec_y
3040	0.000879240	472258640	ops_par_loop_advec_mom_kernel1_y_nonvector_126	advec_mom_kernel1_y_nonvector
3041	0.000448652	590131240	ops_par_loop_advec_mom_kernel2_y_127	advec_mom_kernel2_y
3042	0.000489449	472842752	ops_par_loop_advec_mom_kernel_y2_128	advec_mom_kernel_y2
3043	0.000192195	236236864	ops_par_loop_advec_mom_kernel_mass_flux_y_129	advec_mom_kernel_mass_flux_y
3044	0.000532802	590438520	ops_par_loop_advec_mom_kernel_post_pre_advec_y_130	advec_mom_kernel_post_pre_advec_y
3045	0.000876705	472258640	ops_par_loop_advec_mom_kernel1_y_nonvector_131	advec_mom_kernel1_y_nonvector
3046	0.000729455	1062236232	ops_par_loop_group_98	advec_mom_kernel2_y+reset_field_kernel2
3047	0.000021471	430304	ops_par_loop_update_halo_kernel1_b1_136	update_halo_kernel1_b1
3048	0.000020639	430304	ops_par_loop_update_halo_kernel1_t1_137	update_halo_kernel1_t1
3049	0.000023295	430304	ops_par_loop_update_halo_kernel1_l1_138	update_halo_kernel1_l1
3050	0.000024337	430304	ops_par_loop_update_halo_kernel1_r1_139	update_halo_kernel1_r1
3051	0.000019247	245952	ops_par_loop_group_103	update_halo_kernel2_xvel_plus_2_a+update_halo_kernel2_yvel_minus_2_a
3052	0.000018565	245952	ops_par_loop_group_104	update_halo_kernel2_xvel_plus_2_b+update_halo_kernel2_yvel_minus_2_b
3053	0.000020959	245952	ops_par_loop_group_105	update_halo_kernel2_xvel_minus_2_a+update_halo_kernel2_yvel_plus_2_a
3054	0.000021441	245952	ops_par_loop_group_106	update_halo_kernel2_xvel_minus_2_b+update_halo_kernel2_yvel_plus_2_b
3055	0.001736979	589885440	ops_par_loop_viscosity_kernel_148	viscosity_kernel
3056	0.000021671	430304	ops_par_loop_update_halo_kernel1_b1_149	update_halo_kernel1_b1
3057	0.000019968	430304	ops_par_loop_update_halo_kernel1_t1_150	update_halo_kernel1_t1
3058	0.000023896	430304	ops_par_loop_update_halo_kernel1_l1_151	update_halo_kernel1_l1
3059	0.000022914	430304	ops_par_loop_update_halo_kernel1_r1_152	update_halo_kernel1_r1
3060	0.000918775	1061744640	ops_par_loop_calc_dt_kernel_153	calc_dt_kernel
3061	0.001486063	1887436800	ops_par_loop_group_0	PdV_kernel_predict+ideal_gas_kernel
3062	0.000027362	430304	ops_par_loop_update_halo_kernel1_b1_2	update_halo_kernel1_b1
3063	0.000020368	430304	ops_par_loop_update_halo_kernel1_t1_3	update_halo_kernel1_t1
3064	0.000023925	430304	ops_par_loop_update_halo_kernel1_l1_4	update_halo_kernel1_l1
3065	0.000024096	430304	ops_par_loop_update_halo_kernel1_r1_5	update_halo_kernel1_r1
3066	0.001563410	1770147928	ops_par_loop_group_5	revert_kernel+accelerate_kernel
3067	0.001360174	1651507200	ops_par_loop_PdV_kernel_nopredict_8	PdV_kernel_nopredict
3068	0.000363320	471982080	ops_par_loop_flux_calc_kernelx_9	flux_calc_kernelx
3069	0.000357699	471982080	ops_par_loop_flux_calc_kernely_10	flux_calc_kernely
3070	0.000023024	553536	ops_par_loop_group_9	update_halo_kernel1_b2+update_halo_kernel4_minus_4_a
3071	0.000022342	553536	ops_par_loop_group_10	update_halo_kernel1_b1+update_halo_kernel4_minus_2_a
3072	0.000022112	246080	ops_par_loop_group_11	update_halo_kernel3_plus_4_a+update_halo_kernel2_xvel_plus_4_a
3073	0.000019828	246080	ops_par_loop_group_12	update_halo_kernel3_plus_2_a+update_halo_kernel2_xvel_plus_2_a
3074	0.000018936	123008	ops_par_loop_update_halo_kernel4_minus_4_b_29	update_halo_kernel4_minus_4_b
3075	0.000021511	553536	ops_par_loop_group_14	update_halo_kernel1_t2+update_halo_kernel4_minus_2_b
3076	0.000020840	430528	ops_par_loop_update_halo_kernel1_t1_14	update_halo_kernel1_t1
3077	0.000019507	246080	ops_par_loop_group_16	update_halo_kernel2_xvel_plus_4_b+update_halo_kernel2_yvel_minus_4_b
3078	0.000018976	246080	ops_par_loop_group_17	update_halo_kernel3_plus_4_b+update_halo_kernel2_xvel_plus_2_b
3079	0.000018775	123040	ops_par_loop_update_halo_kernel3_plus_2_b_22	update_halo_kernel3_plus_2_b
3080	0.000025729	553536	ops_par_loop_group_19	update_halo_kernel1_l2+update_halo_kernel3_minus_4_a
3081	0.000029486	553536	ops_par_loop_group_20	update_halo_kernel1_l1+update_halo_kernel3_minus_2_a
3082	0.000019618	123008	ops_par_loop_update_halo_kernel3_minus_4_b_25	update_halo_kernel3_minus_4_b
3083	0.000026200	553536	ops_par_loop_group_22	update_halo_kernel1_r2+update_halo_kernel3_minus_2_b
3084	0.000022332	430528	ops_par_loop_update_halo_kernel1_r1_18	update_halo_kernel1_r1
3085	0.000021441	246080	ops_par_loop_group_24	update_halo_kernel4_plus_4_a+update_halo_kernel2_xvel_minus_4_a
3086	0.000020058	246080	ops_par_loop_group_25	update_halo_kernel4_plus_2_a+update_halo_kernel2_xvel_minus_2_a
3087	0.000018495	123040	ops_par_loop_update_halo_kernel2_yvel_minus_4_a_54	update_halo_kernel2_yvel_minus_4_a
3088	0.000017854	123040	ops_par_loop_update_halo_kernel2_yvel_minus_2_a_55	update_halo_kernel2_yvel_minus_2_a
3089	0.000017433	123040	ops_par_loop_update_halo_kernel2_yvel_minus_2_b_57	update_halo_kernel2_yvel_minus_2_b
3090	0.000020900	246080	ops_par_loop_group_29	update_halo_kernel2_xvel_minus_4_b+update_halo_kernel2_yvel_plus_4_b
3091	0.000021140	246080	ops_par_loop_group_30	update_halo_kernel4_plus_4_b+update_halo_kernel2_xvel_minus_2_b
3092	0.000018425	123040	ops_par_loop_update_halo_kernel4_plus_2_b_34	update_halo_kernel4_plus_2_b
3093	0.000563450	591053440	ops_par_loop_advec_cell_kernel1_ydir_35	advec_cell_kernel1_ydir
3094	0.000789169	708203544	ops_par_loop_advec_cell_kernel3_ydir_36	advec_cell_kernel3_ydir
3095	0.001466896	1533542400	ops_par_loop_advec_cell_kernel4_ydir_37	advec_cell_kernel4_ydir
3096	0.000022983	553536	ops_par_loop_group_35	update_halo_kernel1_b2+update_halo_kernel4_minus_4_a
3097	0.000021501	553536	ops_par_loop_group_36	update_halo_kernel1_b1+update_halo_kernel4_minus_2_a
3098	0.000019116	123008	ops_par_loop_update_halo_kernel4_minus_4_b_64	update_halo_kernel4_minus_4_b
3099	0.000022222	553536	ops_par_loop_group_38	update_halo_kernel1_t2+update_halo_kernel4_minus_2_b
3100	0.000020719	430528	ops_par_loop_update_halo_kernel1_t1_41	update_halo_kernel1_t1
3101	0.000023555	430528	ops_par_loop_update_halo_kernel1_l2_42	update_halo_kernel1_l2
3102	0.000021731	430528	ops_par_loop_update_halo_kernel1_l1_43	update_halo_kernel1_l1
3103	0.000022783	430528	ops_par_loop_update_halo_kernel1_r2_44	update_halo_kernel1_r2
3104	0.000021681	430528	ops_par_loop_update_halo_kernel1_r1_45	update_halo_kernel1_r1
3105	0.000021110	246080	ops_par_loop_group_44	update_halo_kernel2_yvel_plus_4_a+update_halo_kernel4_plus_4_a
3106	0.000019407	246080	ops_par_loop_group_45	update_halo_kernel2_yvel_plus_2_a+update_halo_kernel4_plus_2_a
3107	0.000020680	246080	ops_par_loop_group_46	update_halo_kernel2_yvel_plus_2_b+update_halo_kernel4_plus_4_b
3108	0.000018736	123040	ops_par_loop_update_halo_kernel4_plus_2_b_69	update_halo_kernel4_plus_2_b
3109	0.000561807	591053440	ops_par_loop_advec_mom_kernel_y1_70	advec_mom_kernel_y1
3110	0.000191945	236236864	ops_par_loop_advec_mom_kernel_mass_flux_y_71	advec_mom_kernel_mass_flux_y
3111	0.000531880	590438520	ops_par_loop_advec_mom_kernel_post_pre_advec_y_72	advec_mom_kernel_post_pre_advec_y
3112	0.000878709	472258640	ops_par_loop_advec_mom_kernel1_y_nonvector_73	advec_mom_kernel1_y_nonvector
3113	0.000448652	590131240	ops_par_loop_advec_mom_kernel2_y_74	advec_mom_kernel2_y
3114	0.000562318	591053440	ops_par_loop_advec_mom_kernel_y1_75	advec_mom_kernel_y1
3115	0.000192065	236236864	ops_par_loop_advec_mom_kernel_mass_flux_y_76	advec_mom_kernel_mass_flux_y
3116	0.000532862	590438520	ops_par_loop_advec_mom_kernel_post_pre_advec_y_77	advec_mom_kernel_post_pre_advec_y
3117	0.000876756	472258640	ops_par_loop_advec_mom_kernel1_y_nonvector_78	advec_mom_kernel1_y_nonvector
3118	0.000452760	590131240	ops_par_loop_advec_mom_kernel2_y_79	advec_mom_kernel2_y
3119	0.000491974	472842752	ops_par_loop_advec_cell_kernel2_xdir_80	advec_cell_kernel2_xdir
3120	0.000773840	708203544	ops_par_loop_advec_cell_kernel3_xdir_81	advec_cell_kernel3_xdir
3121	0.001461476	1533542400	ops_par_loop_advec_cell_kernel4_xdir_82	advec_cell_kernel4_xdir
3122	0.000023334	553536	ops_par_loop_group_61	update_halo_kernel1_b2+update_halo_kernel4_minus_4_a
3123	0.000021901	553536	ops_par_loop_group_62	update_halo_kernel1_b1+update_halo_kernel4_minus_2_a
3124	0.000019767	246080	ops_par_loop_group_63	update_halo_kernel2_xvel_plus_4_a+update_halo_kernel2_yvel_minus_4_a
3125	0.000019266	246080	ops_par_loop_group_64	update_halo_kernel2_xvel_plus_2_a+update_halo_kernel2_yvel_minus_2_a
3126	0.000019367	246080	ops_par_loop_group_65	update_halo_kernel2_xvel_plus_4_b+update_halo_kernel2_yvel_minus_4_b
3127	0.000020940	246080	ops_par_loop_group_66	update_halo_kernel2_xvel_plus_2_b+update_halo_kernel2_yvel_minus_2_b
3128	0.000022203	246080	ops_par_loop_group_67	update_halo_kernel2_xvel_minus_4_a+update_halo_kernel2_yvel_plus_4_a
3129	0.000019968	246080	ops_par_loop_group_68	update_halo_kernel2_xvel_minus_2_a+update_halo_kernel2_yvel_plus_2_a
3130	0.000021230	246080	ops_par_loop_group_69	update_halo_kernel2_xvel_minus_4_b+update_halo_kernel2_yvel_plus_4_b
3131	0.000020519	246080	ops_par_loop_group_70	update_halo_kernel2_xvel_minus_2_b+update_halo_kernel2_yvel_plus_2_b
3132	0.000020179	123040	ops_par_loop_update_halo_kernel3_plus_4_a_107	update_halo_kernel3_plus_4_a
3133	0.000019467	123040	ops_par_loop_update_halo_kernel3_plus_2_a_108	update_halo_kernel3_plus_2_a
3134	0.000019407	123040	ops_par_loop_update_halo_kernel3_plus_4_b_109	update_halo_kernel3_plus_4_b
3135	0.000025308	123040	ops_par_loop_update_halo_kernel3_plus_2_b_110	update_halo_kernel3_plus_2_b
3136	0.000019968	123008	ops_par_loop_update_halo_kernel3_minus_4_b_113	update_halo_kernel3_minus_4_b
3137	0.000018045	123008	ops_par_loop_update_halo_kernel4_minus_4_b_117	update_halo_kernel4_minus_4_b
3138	0.000021160	553536	ops_par_loop_group_77	update_halo_kernel1_t2+update_halo_kernel4_minus_2_b
3139	0.000021271	430528	ops_par_loop_update_halo_kernel1_t1_86	update_halo_kernel1_t1
3140	0.000027362	553536	ops_par_loop_group_79	update_halo_kernel1_l2+update_halo_kernel3_minus_4_a
3141	0.000022944	553536	ops_par_loop_group_80	update_halo_kernel1_l1+update_halo_kernel3_minus_2_a
3142	0.000024477	553536	ops_par_loop_group_81	update_halo_kernel1_r2+update_halo_kernel3_minus_2_b
3143	0.000022643	430528	ops_par_loop_update_halo_kernel1_r1_90	update_halo_kernel1_r1
3144	0.000019296	123040	ops_par_loop_update_halo_kernel4_plus_4_a_119	update_halo_kernel4_plus_4_a
3145	0.000018455	123040	ops_par_loop_update_halo_kernel4_plus_2_a_120	update_halo_kernel4_plus_2_a
3146	0.000019808	123040	ops_par_loop_update_halo_kernel4_plus_4_b_121	update_halo_kernel4_plus_4_b
3147	0.000018475	123040	ops_par_loop_update_halo_kernel4_plus_2_b_122	update_halo_kernel4_plus_2_b
3148	0.001198636	944701952	ops_par_loop_group_87	advec_mom_kernel_x2+reset_field_kernel1
3149	0.000801563	708096064	ops_par_loop_group_88	advec_mom_kernel_mass_flux_x+ideal_gas_kernel
3150	0.000575753	590438520	ops_par_loop_advec_mom_kernel_post_pre_advec_x_125	advec_mom_kernel_post_pre_advec_x
3151	0.000884089	472258640	ops_par_loop_advec_mom_kernel1_x_nonvector_126	advec_mom_kernel1_x_nonvector
3152	0.000453371	590131240	ops_par_loop_advec_mom_kernel2_x_127	advec_mom_kernel2_x
3153	0.000498957	472842752	ops_par_loop_advec_mom_kernel_x2_128	advec_mom_kernel_x2
3154	0.000194700	236236864	ops_par_loop_advec_mom_kernel_mass_flux_x_129	advec_mom_kernel_mass_flux_x
3155	0.000575213	590438520	ops_par_loop_advec_mom_kernel_post_pre_advec_x_130	advec_mom_kernel_post_pre_advec_x
3156	0.000884300	472258640	ops_par_loop_advec_mom_kernel1_x_nonvector_131	advec_mom_kernel1_x_nonvector
3157	0.000732562	1062236232	ops_par_loop_group_96	advec_mom_kernel2_x+reset_field_kernel2
3158	0.000022021	430304	ops_par_loop_update_halo_kernel1_b1_136	update_halo_kernel1_b1
3159	0.000020980	430304	ops_par_loop_update_halo_kernel1_t1_137	update_halo_kernel1_t1
3160	0.000024456	430304	ops_par_loop_update_halo_kernel1_l1_138	update_halo_kernel1_l1
3161	0.000023365	430304	ops_par_loop_update_halo_kernel1_r1_139	update_halo_kernel1_r1
3162	0.000020018	245952	ops_par_loop_group_101	update_halo_kernel2_xvel_plus_2_a+update_halo_kernel2_yvel_minus_2_a
3163	0.000019207	245952	ops_par_loop_group_102	update_halo_kernel2_xvel_plus_2_b+update_halo_kernel2_yvel_minus_2_b
3164	0.000020660	245952	ops_par_loop_group_103	update_halo_kernel2_xvel_minus_2_a+update_halo_kernel2_yvel_plus_2_a
3165	0.000022342	245952	ops_par_loop_group_104	update_halo_kernel2_xvel_minus_2_b+update_halo_kernel2_yvel_plus_2_b
3166	0.001737249	589885440	ops_par_loop_viscosity_kernel_148	viscosity_kernel
3167	0.000022273	430304	ops_par_loop_update_halo_kernel1_b1_149	update_halo_kernel1_b1
3168	0.000019807	430304	ops_par_loop_update_halo_kernel1_t1_150	update_halo_kernel1_t1
3169	0.000022653	430304	ops_par_loop_update_halo_kernel1_l1_151	update_halo_kernel1_l1
3170	0.000022733	430304	ops_par_loop_update_halo_kernel1_r1_152	update_halo_kernel1_r1
3171	0.000918044	1061744640	ops_par_loop_calc_dt_kernel_153	calc_dt_kernel
3172	0.001491714	1887436800	ops_par_loop_group_0	PdV_kernel_predict+ideal_gas_kernel
3173	0.000024667	430304	ops_par_loop_update_halo_kernel1_b1_2	update_halo_kernel1_b1
3174	0.000023344	430304	ops_par_loop_update_halo_kernel1_t1_3	update_halo_kernel1_t1
3175	0.000024727	430304	ops_par_loop_update_halo_kernel1_l1_4	update_halo_kernel1_l1
3176	0.000026460	430304	ops_par_loop_update_halo_kernel1_r1_5	update_halo_kernel1_r1
3177	0.001561877	1770147928	ops_par_loop_group_5	revert_kernel+accelerate_kernel
3178	0.001357789	1651507200	ops_par_loop_PdV_kernel_nopredict_8	PdV_kernel_nopredict
3179	0.000362629	471982080	ops_par_loop_flux_calc_kernelx_9	flux_calc_kernelx
3180	0.000360595	471982080	ops_par_loop_flux_calc_kernely_10	flux_calc_kernely
3181	0.000022643	553536	ops_par_loop_group_9	update_halo_kernel1_b2+update_halo_kernel4_minus_4_a
3182	0.000021652	553536	ops_par_loop_group_10	update_halo_kernel1_b1+update_halo_kernel4_minus_2_a
3183	0.000019808	246080	ops_par_loop_group_11	update_halo_kernel3_plus_4_a+update_halo_kernel2_xvel_plus_4_a
3184	0.000018946	246080	ops_par_loop_group_12	update_halo_kernel3_plus_2_a+update_halo_kernel2_xvel_plus_2_a
3185	0.000018485	123008	ops_par_loop_update_halo_kernel4_minus_4_b_29	update_halo_kernel4_minus_4_b
3186	0.000020880	553536	ops_par_loop_group_14	update_halo_kernel1_t2+update_halo_kernel4_minus_2_b
3187	0.000020238	430528	ops_par_loop_update_halo_kernel1_t1_14	update_halo_kernel1_t1
3188	0.000019697	246080	ops_par_loop_group_16	update_halo_kernel2_xvel_plus_4_b+update_halo_kernel2_yvel_minus_4_b
3189	0.000018936	246080	ops_par_loop_group_17	update_halo_kernel3_plus_4_b+update_halo_kernel2_xvel_plus_2_b
3190	0.000018055	123040	ops_par_loop_update_halo_kernel3_plus_2_b_22	update_halo_kernel3_plus_2_b
3191	0.000026129	553536	ops_par_loop_group_19	update_halo_kernel1_l2+update_halo_kernel3_minus_4_a
3192	0.000022983	553536	ops_par_loop_group_20	update_halo_kernel1_l1+update_halo_kernel3_minus_2_a
3193	0.000019528	123008	ops_par_loop_update_halo_kernel3_minus_4_b_25	update_halo_kernel3_minus_4_b
3194	0.000024266	553536	ops_par_loop_group_22	update_halo_kernel1_r2+update_halo_kernel3_minus_2_b
3195	0.000021581	430528	ops_par_loop_update_halo_kernel1_r1_18	update_halo_kernel1_r1
3196	0.000020309	246080	ops_par_loop_group_24	update_halo_kernel4_plus_4_a+update_halo_kernel2_xvel_minus_4_a
3197	0.000019277	246080	ops_par_loop_group_25	update_halo_kernel4_plus_2_a+update_halo_kernel2_xvel_minus_2_a
3198	0.000018405	123040	ops_par_loop_update_halo_kernel2_yvel_minus_4_a_54	update_halo_kernel2_yvel_minus_4_a
3199	0.000018375	123040	ops_par_loop_update_halo_kernel2_yvel_minus_2_a_55	update_halo_kernel2_yvel_minus_2_a
3200	0.000023755	123040	ops_par_loop_update_halo_kernel2_yvel_minus_2_b_57	update_halo_kernel2_yvel_minus_2_b
3201	0.000021721	246080	ops_par_loop_group_29	update_halo_kernel2_xvel_minus_4_b+update_halo_kernel2_yvel_plus_4_b
3202	0.000021491	246080	ops_par_loop_group_30	update_halo_kernel4_plus_4_b+update_halo_kernel2_xvel_minus_2_b
3203	0.000018025	123040	ops_par_loop_update_halo_kernel4_plus_2_b_34	update_halo_kernel4_plus_2_b
3204	0.000563239	591053440	ops_par_loop_advec_cell_kernel1_xdir_35	advec_cell_kernel1_xdir
3205	0.000772918	708203544	ops_par_loop_advec_cell_kernel3_xdir_36	advec_cell_kernel3_xdir
3206	0.001457338	1533542400	ops_par_loop_advec_cell_kernel4_xdir_37	advec_cell_kernel4_xdir
3207	0.000020899	430528	ops_par_loop_update_halo_kernel1_b2_38	update_halo_kernel1_b2
3208	0.000019958	430528	ops_par_loop_update_halo_kernel1_b1_39	update_halo_kernel1_b1
3209	0.000025679	430528	ops_par_loop_update_halo_kernel1_t2_40	update_halo_kernel1_t2
3210	0.000021000	430528	ops_par_loop_update_halo_kernel1_t1_41	update_halo_kernel1_t1
3211	0.000018736	123040	ops_par_loop_update_halo_kernel3_plus_4_a_62	update_halo_kernel3_plus_4_a
3212	0.000018836	123040	ops_par_loop_update_halo_kernel3_plus_2_a_63	update_halo_kernel3_plus_2_a
3213	0.000018726	123040	ops_par_loop_update_halo_kernel3_plus_4_b_64	update_halo_kernel3_plus_4_b
3214	0.000018285	123040	ops_par_loop_update_halo_kernel3_plus_2_b_65	update_halo_kernel3_plus_2_b
3215	0.000026501	553536	ops_par_loop_group_43	update_halo_kernel1_l2+update_halo_kernel3_minus_4_a
3216	0.000023063	553536	ops_par_loop_group_44	update_halo_kernel1_l1+update_halo_kernel3_minus_2_a
3217	0.000018956	123008	ops_par_loop_update_halo_kernel3_minus_4_b_68	update_halo_kernel3_minus_4_b
3218	0.000024797	553536	ops_par_loop_group_46	update_halo_kernel1_r2+update_halo_kernel3_minus_2_b
3219	0.000021130	430528	ops_par_loop_update_halo_kernel1_r1_45	update_halo_kernel1_r1
3220	0.000562298	591053440	ops_par_loop_advec_mom_kernel_x1_70	advec_mom_kernel_x1
3221	0.000193608	236236864	ops_par_loop_advec_mom_kernel_mass_flux_x_71	advec_mom_kernel_mass_flux_x
3222	0.000575673	590438520	ops_par_loop_advec_mom_kernel_post_pre_advec_x_72	advec_mom_kernel_post_pre_advec_x
3223	0.000883498	472258640	ops_par_loop_advec_mom_kernel1_x_nonvector_73	advec_mom_kernel1_x_nonvector
3224	0.000460064	590131240	ops_par_loop_advec_mom_kernel2_x_74	advec_mom_kernel2_x
3225	0.000563340	591053440	ops_par_loop_advec_mom_kernel_x1_75	advec_mom_kernel_x1
3226	0.000194279	236236864	ops_par_loop_advec_mom_kernel_mass_flux_x_76	advec_mom_kernel_mass_flux_x
3227	0.000573970	590438520	ops_par_loop_advec_mom_kernel_post_pre_advec_x_77	advec_mom_kernel_post_pre_advec_x
3228	0.000021320	246080	ops_par_loop_group_56	update_halo_kernel2_xvel_plus_4_a+update_halo_kernel3_plus_4_a
3229	0.000019447	246080	ops_par_loop_group_57	update_halo_kernel2_xvel_plus_2_a+update_halo_kernel3_plus_2_a
3230	0.000018024	123040	ops_par_loop_update_halo_kernel2_xvel_plus_4_b_93	update_halo_kernel2_xvel_plus_4_b
3231	0.000019206	246080	ops_par_loop_group_59	update_halo_kernel2_xvel_plus_2_b+update_halo_kernel3_plus_4_b
3232	0.000021351	246080	ops_par_loop_group_60	update_halo_kernel2_yvel_plus_4_a+update_halo_kernel2_xvel_minus_4_a
3233	0.000019678	246080	ops_par_loop_group_61	update_halo_kernel2_yvel_plus_2_a+update_halo_kernel2_xvel_minus_2_a
3234	0.000018815	123040	ops_par_loop_update_halo_kernel2_xvel_minus_4_b_97	update_halo_kernel2_xvel_minus_4_b
3235	0.000020489	246080	ops_par_loop_group_63	update_halo_kernel2_yvel_plus_2_b+update_halo_kernel2_xvel_minus_2_b
3236	0.000883388	472258640	ops_par_loop_advec_mom_kernel1_x_nonvector_78	advec_mom_kernel1_x_nonvector
3237	0.000450926	590131240	ops_par_loop_advec_mom_kernel2_x_79	advec_mom_kernel2_x
3238	0.000500441	472842752	ops_par_loop_advec_cell_kernel2_ydir_80	advec_cell_kernel2_ydir
3239	0.000791233	708203544	ops_par_loop_advec_cell_kernel3_ydir_81	advec_cell_kernel3_ydir
3240	0.001475913	1533542400	ops_par_loop_advec_cell_kernel4_ydir_82	advec_cell_kernel4_ydir
3241	0.000023555	553536	ops_par_loop_group_69	update_halo_kernel1_b2+update_halo_kernel4_minus_4_a
3242	0.000021952	553536	ops_par_loop_group_70	update_halo_kernel1_b1+update_halo_kernel4_minus_2_a
3243	0.000019377	123040	ops_par_loop_update_halo_kernel2_yvel_minus_4_a_99	update_halo_kernel2_yvel_minus_4_a
3244	0.000018475	123040	ops_par_loop_update_halo_kernel2_yvel_minus_2_a_100	update_halo_kernel2_yvel_minus_2_a
3245	0.000018004	123040	ops_par_loop_update_halo_kernel2_yvel_minus_4_b_101	update_halo_kernel2_yvel_minus_4_b
3246	0.000018705	123040	ops_par_loop_update_halo_kernel2_yvel_minus_2_b_102	update_halo_kernel2_yvel_minus_2_b
3247	0.000020268	123040	ops_par_loop_update_halo_kernel2_yvel_plus_4_b_105	update_halo_kernel2_yvel_plus_4_b
3248	0.000018806	123040	ops_par_loop_update_halo_kernel3_plus_2_b_110	update_halo_kernel3_plus_2_b
3249	0.000019527	123008	ops_par_loop_update_halo_kernel3_minus_4_b_113	update_halo_kernel3_minus_4_b
3250	0.000019077	123008	ops_par_loop_update_halo_kernel4_minus_4_b_117	update_halo_kernel4_minus_4_b
3251	0.000022232	553536	ops_par_loop_group_79	update_halo_kernel1_t2+update_halo_kernel4_minus_2_b
3252	0.000022302	430528	ops_par_loop_update_halo_kernel1_t1_86	update_halo_kernel1_t1
3253	0.000027552	553536	ops_par_loop_group_81	update_halo_kernel1_l2+update_halo_kernel3_minus_4_a
3254	0.000023515	553536	ops_par_loop_group_82	update_halo_kernel1_l1+update_halo_kernel3_minus_2_a
3255	0.000025227	553536	ops_par_loop_group_83	update_halo_kernel1_r2+update_halo_kernel3_minus_2_b
3256	0.000021261	430528	ops_par_loop_update_halo_kernel1_r1_90	update_halo_kernel1_r1
3257	0.000021320	246080	ops_par_loop_group_85	update_halo_kernel2_yvel_plus_4_a+update_halo_kernel4_plus_4_a
3258	0.000020058	246080	ops_par_loop_group_86	update_halo_kernel2_yvel_plus_2_a+update_halo_kernel4_plus_2_a
3259	0.000020128	246080	ops_par_loop_group_87	update_halo_kernel2_yvel_plus_2_b+update_halo_kernel4_plus_4_b
3260	0.000019286	123040	ops_par_loop_update_halo_kernel4_plus_2_b_122	update_halo_kernel4_plus_2_b
3261	0.001195020	944701952	ops_par_loop_group_89	advec_mom_kernel_y2+reset_field_kernel1
3262	0.000738292	708096064	ops_par_loop_group_90	advec_mom_kernel_mass_flux_y+ideal_gas_kernel
3263	0.000532531	590438520	ops_par_loop_advec_mom_kernel_post_pre_advec_y_125	advec_mom_kernel_post_pre_advec_y
3264	0.000878619	472258640	ops_par_loop_advec_mom_kernel1_y_nonvector_126	advec_mom_kernel1_y_nonvector
3265	0.000449424	590131240	ops_par_loop_advec_mom_kernel2_y_127	advec_mom_kernel2_y
3266	0.000489970	472842752	ops_par_loop_advec_mom_kernel_y2_128	advec_mom_kernel_y2
3267	0.000192686	236236864	ops_par_loop_advec_mom_kernel_mass_flux_y_129	advec_mom_kernel_mass_flux_y
3268	0.000531510	590438520	ops_par_loop_advec_mom_kernel_post_pre_advec_y_130	advec_mom_kernel_post_pre_advec_y
3269	0.000875974	472258640	ops_par_loop_advec_mom_kernel1_y_nonvector_131	advec_mom_kernel1_y_nonvector
3270	0.000732491	1062236232	ops_par_loop_group_98	advec_mom_kernel2_y+reset_field_kernel2
3271	0.000021321	430304	ops_par_loop_update_halo_kernel1_b1_136	update_halo_kernel1_b1
3272	0.000020318	430304	ops_par_loop_update_halo_kernel1_t1_137	update_halo_kernel1_t1
3273	0.000023795	430304	ops_par_loop_update_halo_kernel1_l1_138	update_halo_kernel1_l1
3274	0.000023345	430304	ops_par_loop_update_halo_kernel1_r1_139	update_halo_kernel1_r1
3275	0.000019948	245952	ops_par_loop_group_103	update_halo_kernel2_xvel_plus_2_a+update_halo_kernel2_yvel_minus_2_a
3276	0.000019517	245952	ops_par_loop_group_104	update_halo_kernel2_xvel_plus_2_b+update_halo_kernel2_yvel_minus_2_b
3277	0.000020980	245952	ops_par_loop_group_105	update_halo_kernel2_xvel_minus_2_a+update_halo_kernel2_yvel_plus_2_a
3278	0.000021381	245952	ops_par_loop_group_106	update_halo_kernel2_xvel_minus_2_b+update_halo_kernel2_yvel_plus_2_b
3279	0.001736328	589885440	ops_par_loop_viscosity_kernel_148	viscosity_kernel
3280	0.000021761	430304	ops_par_loop_update_halo_kernel1_b1_149	update_halo_kernel1_b1
3281	0.000020790	430304	ops_par_loop_update_halo_kernel1_t1_150	update_halo_kernel1_t1
3282	0.000026310	430304	ops_par_loop_update_halo_kernel1_l1_151	update_halo_kernel1_l1
3283	0.000024045	430304	ops_par_loop_update_halo_kernel1_r1_152	update_halo_kernel1_r1
3284	0.000918455	1061744640	ops_par_loop_calc_dt_kernel_153	calc_dt_kernel
3285	0.001488116	1887436800	ops_par_loop_group_0	PdV_kernel_predict+ideal_gas_kernel
3286	0.000022343	430304	ops_par_loop_update_halo_kernel1_b1_2	update_halo_kernel1_b1
3287	0.000020258	430304	ops_par_loop_update_halo_kernel1_t1_3	update_halo_kernel1_t1
3288	0.000024617	430304	ops_par_loop_update_halo_kernel1_l1_4	update_halo_kernel1_l1
3289	0.000024306	430304	ops_par_loop_update_halo_kernel1_r1_5	update_halo_kernel1_r1
3290	0.001560494	1770147928	ops_par_loop_group_5	revert_kernel+accelerate_kernel
3291	0.001354482	1651507200	ops_par_loop_PdV_kernel_nopredict_8	PdV_kernel_nopredict
3292	0.000361166	471982080	ops_par_loop_flux_calc_kernelx_9	flux_calc_kernelx
3293	0.000357429	471982080	ops_par_loop_flux_calc_kernely_10	flux_calc_kernely
3294	0.000021982	553536	ops_par_loop_group_9	update_halo_kernel1_b2+update_halo_kernel4_minus_4_a
3295	0.000021651	553536	ops_par_loop_group_10	update_halo_kernel1_b1+update_halo_kernel4_minus_2_a
3296	0.000019447	246080	ops_par_loop_group_11	update_halo_kernel3_plus_4_a+update_halo_kernel2_xvel_plus_4_a
3297	0.000018796	246080	ops_par_loop_group_12	update_halo_kernel3_plus_2_a+update_halo_kernel2_xvel_plus_2_a
3298	0.000018635	123008	ops_par_loop_update_halo_kernel4_minus_4_b_29	update_halo_kernel4_minus_4_b
3299	0.000021451	553536	ops_par_loop_group_14	update_halo_kernel1_t2+update_halo_kernel4_minus_2_b
3300	0.000020378	430528	ops_par_loop_update_halo_kernel1_t1_14	update_halo_kernel1_t1
3301	0.000019457	246080	ops_par_loop_group_16	update_halo_kernel2_xvel_plus_4_b+update_halo_kernel2_yvel_minus_4_b
3302	0.000019888	246080	ops_par_loop_group_17	update_halo_kernel3_plus_4_b+update_halo_kernel2_xvel_plus_2_b
3303	0.000018715	123040	ops_par_loop_update_halo_kernel3_plus_2_b_22	update_halo_kernel3_plus_2_b
3304	0.000026350	553536	ops_par_loop_group_19	update_halo_kernel1_l2+update_halo_kernel3_minus_4_a
3305	0.000023304	553536	ops_par_loop_group_20	update_halo_kernel1_l1+update_halo_kernel3_minus_2_a
3306	0.000019698	123008	ops_par_loop_update_halo_kernel3_minus_4_b_25	update_halo_kernel3_minus_4_b
3307	0.000024807	553536	ops_par_loop_group_22	update_halo_kernel1_r2+update_halo_kernel3_minus_2_b
3308	0.000021400	430528	ops_par_loop_update_halo_kernel1_r1_18	update_halo_kernel1_r1
3309	0.000020960	246080	ops_par_loop_group_24	update_halo_kernel4_plus_4_a+update_halo_kernel2_xvel_minus_4_a
3310	0.000019878	246080	ops_par_loop_group_25	update_halo_kernel4_plus_2_a+update_halo_kernel2_xvel_minus_2_a
3311	0.000018916	123040	ops_par_loop_update_halo_kernel2_yvel_minus_4_a_54	update_halo_kernel2_yvel_minus_4_a
3312	0.000018114	123040	ops_par_loop_update_halo_kernel2_yvel_minus_2_a_55	update_halo_kernel2_yvel_minus_2_a
3313	0.000017623	123040	ops_par_loop_update_halo_kernel2_yvel_minus_2_b_57	update_halo_kernel2_yvel_minus_2_b
3314	0.000020780	246080	ops_par_loop_group_29	update_halo_kernel2_xvel_minus_4_b+update_halo_kernel2_yvel_plus_4_b
3315	0.000021160	246080	ops_par_loop_group_30	update_halo_kernel4_plus_4_b+update_halo_kernel2_xvel_minus_2_b
3316	0.000018896	123040	ops_par_loop_update_halo_kernel4_plus_2_b_34	update_halo_kernel4_plus_2_b
3317	0.000568830	591053440	ops_par_loop_advec_cell_kernel1_ydir_35	advec_cell_kernel1_ydir
3318	0.000789380	708203544	ops_par_loop_advec_cell_kernel3_ydir_36	advec_cell_kernel3_ydir
3319	0.001473429	1533542400	ops_par_loop_advec_cell_kernel4_ydir_37	advec_cell_kernel4_ydir
3320	0.000022713	553536	ops_par_loop_group_35	update_halo_kernel1_b2+update_halo_kernel4_minus_4_a
3321	0.000022192	553536	ops_par_loop_group_36	update_halo_kernel1_b1+update_halo_kernel4_minus_2_a
3322	0.000019246	123008	ops_par_loop_update_halo_kernel4_minus_4_b_64	update_halo_kernel4_minus_4_b
3323	0.000021541	553536	ops_par_loop_group_38	update_halo_kernel1_t2+update_halo_kernel4_minus_2_b
3324	0.000025618	430528	ops_par_loop_update_halo_kernel1_t1_41	update_halo_kernel1_t1
3325	0.000024487	430528	ops_par_loop_update_halo_kernel1_l2_42	update_halo_kernel1_l2
3326	0.000022383	430528	ops_par_loop_update_halo_kernel1_l1_43	update_halo_kernel1_l1
3327	0.000024176	430528	ops_par_loop_update_halo_kernel1_r2_44	update_halo_kernel1_r2
3328	0.000021501	430528	ops_par_loop_update_halo_kernel1_r1_45	update_halo_kernel1_r1
3329	0.000021751	246080	ops_par_loop_group_44	update_halo_kernel2_yvel_plus_4_a+update_halo_kernel4_plus_4_a
3330	0.000020429	246080	ops_par_loop_group_45	update_halo_kernel2_yvel_plus_2_a+update_halo_kernel4_plus_2_a
3331	0.000022202	246080	ops_par_loop_group_46	update_halo_kernel2_yvel_plus_2_b+update_halo_kernel4_plus_4_b
3332	0.000018845	123040	ops_par_loop_update_halo_kernel4_plus_2_b_69	update_halo_kernel4_plus_2_b
3333	0.000563009	591053440	ops_par_loop_advec_mom_kernel_y1_70	advec_mom_kernel_y1
3334	0.000192516	236236864	ops_par_loop_advec_mom_kernel_mass_flux_y_71	advec_mom_kernel_mass_flux_y
3335	0.000530969	590438520	ops_par_loop_advec_mom_kernel_post_pre_advec_y_72	advec_mom_kernel_post_pre_advec_y
3336	0.000878389	472258640	ops_par_loop_advec_mom_kernel1_y_nonvector_73	advec_mom_kernel1_y_nonvector
3337	0.000448462	590131240	ops_par_loop_advec_mom_kernel2_y_74	advec_mom_kernel2_y
3338	0.000565674	591053440	ops_par_loop_advec_mom_kernel_y1_75	advec_mom_kernel_y1
3339	0.000192927	236236864	ops_par_loop_advec_mom_kernel_mass_flux_y_76	advec_mom_kernel_mass_flux_y
3340	0.000532331	590438520	ops_par_loop_advec_mom_kernel_post_pre_advec_y_77	advec_mom_kernel_post_pre_advec_y
3341	0.000876525	472258640	ops_par_loop_advec_mom_kernel1_y_nonvector_78	advec_mom_kernel1_y_nonvector
3342	0.000448481	590131240	ops_par_loop_advec_mom_kernel2_y_79	advec_mom_kernel2_y
3343	0.000493748	472842752	ops_par_loop_advec_cell_kernel2_xdir_80	advec_cell_kernel2_xdir
3344	0.000775473	708203544	ops_par_loop_advec_cell_kernel3_xdir_81	advec_cell_kernel3_xdir
3345	0.001462508	1533542400	ops_par_loop_advec_cell_kernel4_xdir_82	advec_cell_kernel4_xdir
3346	0.000024046	553536	ops_par_loop_group_61	update_halo_kernel1_b2+update_halo_kernel4_minus_4_a
3347	0.000022503	553536	ops_par_loop_group_62	update_halo_kernel1_b1+update_halo_kernel4_minus_2_a
3348	0.000022382	246080	ops_par_loop_group_63	update_halo_kernel2_xvel_plus_4_a+update_halo_kernel2_yvel_minus_4_a
3349	0.000020348	246080	ops_par_loop_group_64	update_halo_kernel2_xvel_plus_2_a+update_halo_kernel2_yvel_minus_2_a
3350	0.000019617	246080	ops_par_loop_group_65	update_halo_kernel2_xvel_plus_4_b+update_halo_kernel2_yvel_minus_4_b
3351	0.000020389	246080	ops_par_loop_group_66	update_halo_kernel2_xvel_plus_2_b+update_halo_kernel2_yvel_minus_2_b
3352	0.000022603	246080	ops_par_loop_group_67	update_halo_kernel2_xvel_minus_4_a+update_halo_kernel2_yvel_plus_4_a
3353	0.000020479	246080	ops_par_loop_group_68	update_halo_kernel2_xvel_minus_2_a+update_halo_kernel2_yvel_plus_2_a
3354	0.000022012	246080	ops_par_loop_group_69	update_halo_kernel2_xvel_minus_4_b+update_halo_kernel2_yvel_plus_4_b
3355	0.000021561	246080	ops_par_loop_group_70	update_halo_kernel2_xvel_minus_2_b+update_halo_kernel2_yvel_plus_2_b
3356	0.000019737	123040	ops_par_loop_update_halo_kernel3_plus_4_a_107	update_halo_kernel3_plus_4_a
3357	0.000020559	123040	ops_par_loop_update_halo_kernel3_plus_2_a_108	update_halo_kernel3_plus_2_a
3358	0.000019296	123040	ops_par_loop_update_halo_kernel3_plus_4_b_109	update_halo_kernel3_plus_4_b
3359	0.000020680	123040	ops_par_loop_update_halo_kernel3_plus_2_b_110	update_halo_kernel3_plus_2_b
3360	0.000020769	123008	ops_par_loop_update_halo_kernel3_minus_4_b_113	update_halo_kernel3_minus_4_b
3361	0.000018605	123008	ops_par_loop_update_halo_kernel4_minus_4_b_117	update_halo_kernel4_minus_4_b
3362	0.000021731	553536	ops_par_loop_group_77	update_halo_kernel1_t2+update_halo_kernel4_minus_2_b
3363	0.000022041	430528	ops_par_loop_update_halo_kernel1_t1_86	update_halo_kernel1_t1
3364	0.000028674	553536	ops_par_loop_group_79	update_halo_kernel1_l2+update_halo_kernel3_minus_4_a
3365	0.000024006	553536	ops_par_loop_group_80	update_halo_kernel1_l1+update_halo_kernel3_minus_2_a
3366	0.000024877	553536	ops_par_loop_group_81	update_halo_kernel1_r2+update_halo_kernel3_minus_2_b
3367	0.000028885	430528	ops_par_loop_update_halo_kernel1_r1_90	update_halo_kernel1_r1
3368	0.000020399	123040	ops_par_loop_update_halo_kernel4_plus_4_a_119	update_halo_kernel4_plus_4_a
3369	0.000019548	123040	ops_par_loop_update_halo_kernel4_plus_2_a_120	update_halo_kernel4_plus_2_a
3370	0.000019467	123040	ops_par_loop_update_halo_kernel4_plus_4_b_121	update_halo_kernel4_plus_4_b
3371	0.000019407	123040	ops_par_loop_update_halo_kernel4_plus_2_b_122	update_halo_kernel4_plus_2_b
3372	0.001203486	944701952	ops_par_loop_group_87	advec_mom_kernel_x2+reset_field_kernel1
3373	0.000800550	708096064	ops_par_loop_group_88	advec_mom_kernel_mass_flux_x+ideal_gas_kernel
3374	0.000575353	590438520	ops_par_loop_advec_mom_kernel_post_pre_advec_x_125	advec_mom_kernel_post_pre_advec_x
3375	0.000884310	472258640	ops_par_loop_advec_mom_kernel1_x_nonvector_126	advec_mom_kernel1_x_nonvector
3376	0.000451508	590131240	ops_par_loop_advec_mom_kernel2_x_127	advec_mom_kernel2_x
3377	0.000497605	472842752	ops_par_loop_advec_mom_kernel_x2_128	advec_mom_kernel_x2
3378	0.000194710	236236864	ops_par_loop_advec_mom_kernel_mass_flux_x_129	advec_mom_kernel_mass_flux_x
3379	0.000574762	590438520	ops_par_loop_advec_mom_kernel_post_pre_advec_x_130	advec_mom_kernel_post_pre_advec_x
3380	0.000884329	472258640	ops_par_loop_advec_mom_kernel1_x_nonvector_131	advec_mom_kernel1_x_nonvector
3381	0.000732180	1062236232	ops_par_loop_group_96	advec_mom_kernel2_x+reset_field_kernel2
3382	0.000492917	471859200	ops_par_loop_ideal_gas_kernel_0	ideal_gas_kernel
3383	0.000021961	430304	ops_par_loop_update_halo_kernel1_b1_1	update_halo_kernel1_b1
3384	0.000020308	430304	ops_par_loop_update_halo_kernel1_t1_2	update_halo_kernel1_t1
3385	0.000024176	430304	ops_par_loop_update_halo_kernel1_l1_3	update_halo_kernel1_l1
3386	0.000024617	430304	ops_par_loop_update_halo_kernel1_r1_4	update_halo_kernel1_r1
3387	0.000019387	245952	ops_par_loop_group_5	update_halo_kernel2_xvel_plus_2_a+update_halo_kernel2_yvel_minus_2_a
3388	0.000019517	245952	ops_par_loop_group_6	update_halo_kernel2_xvel_plus_2_b+update_halo_kernel2_yvel_minus_2_b
3389	0.000020749	245952	ops_par_loop_group_7	update_halo_kernel2_xvel_minus_2_a+update_halo_kernel2_yvel_plus_2_a
3390	0.000021260	245952	ops_par_loop_group_8	update_halo_kernel2_xvel_minus_2_b+update_halo_kernel2_yvel_plus_2_b
3391	0.001735707	589885440	ops_par_loop_viscosity_kernel_13	viscosity_kernel
3392	0.000021010	430304	ops_par_loop_update_halo_kernel1_b1_14	update_halo_kernel1_b1
3393	0.000020539	430304	ops_par_loop_update_halo_kernel1_t1_15	update_halo_kernel1_t1
3394	0.000023545	430304	ops_par_loop_update_halo_kernel1_l1_16	update_halo_kernel1_l1
3395	0.000024336	430304	ops_par_loop_update_halo_kernel1_r1_17	update_halo_kernel1_r1
3396	0.000918184	1061744640	ops_par_loop_calc_dt_kernel_18	calc_dt_kernel
3397	0.001489038	1887436800	ops_par_loop_group_0	PdV_kernel_predict+ideal_gas_kernel
3398	0.000022613	430304	ops_par_loop_update_halo_kernel1_b1_2	update_halo_kernel1_b1
3399	0.000020118	430304	ops_par_loop_update_halo_kernel1_t1_3	update_halo_kernel1_t1
3400	0.000023805	430304	ops_par_loop_update_halo_kernel1_l1_4	update_halo_kernel1_l1
3401	0.000024096	430304	ops_par_loop_update_halo_kernel1_r1_5	update_halo_kernel1_r1
3402	0.001558790	1770147928	ops_par_loop_group_5	revert_kernel+accelerate_kernel
3403	0.001357689	1651507200	ops_par_loop_PdV_kernel_nopredict_8	PdV_kernel_nopredict
3404	0.000361978	471982080	ops_par_loop_flux_calc_kernelx_9	flux_calc_kernelx
3405	0.000358170	471982080	ops_par_loop_flux_calc_kernely_10	flux_calc_kernely
3406	0.000022322	553536	ops_par_loop_group_9	update_halo_kernel1_b2+update_halo_kernel4_minus_4_a
3407	0.000021491	553536	ops_par_loop_group_10	update_halo_kernel1_b1+update_halo_kernel4_minus_2_a
3408	0.000019958	246080	ops_par_loop_group_11	update_halo_kernel3_plus_4_a+update_halo_kernel2_xvel_plus_4_a
3409	0.000019147	246080	ops_par_loop_group_12	update_halo_kernel3_plus_2_a+update_halo_kernel2_xvel_plus_2_a
3410	0.000019297	123008	ops_par_loop_update_halo_kernel4_minus_4_b_29	update_halo_kernel4_minus_4_b
3411	0.000022473	553536	ops_par_loop_group_14	update_halo_kernel1_t2+update_halo_kernel4_minus_2_b
3412	0.000020188	430528	ops_par_loop_update_halo_kernel1_t1_14	update_halo_kernel1_t1
3413	0.000019387	246080	ops_par_loop_group_16	update_halo_kernel2_xvel_plus_4_b+update_halo_kernel2_yvel_minus_4_b
3414	0.000018876	246080	ops_par_loop_group_17	update_halo_kernel3_plus_4_b+update_halo_kernel2_xvel_plus_2_b
3415	0.000018505	123040	ops_par_loop_update_halo_kernel3_plus_2_b_22	update_halo_kernel3_plus_2_b
3416	0.000026149	553536	ops_par_loop_group_19	update_halo_kernel1_l2+update_halo_kernel3_minus_4_a
3417	0.000023184	553536	ops_par_loop_group_20	update_halo_kernel1_l1+update_halo_kernel3_minus_2_a
3418	0.000019097	123008	ops_par_loop_update_halo_kernel3_minus_4_b_25	update_halo_kernel3_minus_4_b
3419	0.000024957	553536	ops_par_loop_group_22	update_halo_kernel1_r2+update_halo_kernel3_minus_2_b
3420	0.000021801	430528	ops_par_loop_update_halo_kernel1_r1_18	update_halo_kernel1_r1
3421	0.000020779	246080	ops_par_loop_group_24	update_halo_kernel4_plus_4_a+update_halo_kernel2_xvel_minus_4_a
3422	0.000019617	246080	ops_par_loop_group_25	update_halo_kernel4_plus_2_a+update_halo_kernel2_xvel_minus_2_a
3423	0.000017784	123040	ops_par_loop_update_halo_kernel2_yvel_minus_4_a_54	update_halo_kernel2_yvel_minus_4_a
3424	0.000017674	123040	ops_par_loop_update_halo_kernel2_yvel_minus_2_a_55	update_halo_kernel2_yvel_minus_2_a
3425	0.000027101	123040	ops_par_loop_update_halo_kernel2_yvel_minus_2_b_57	update_halo_kernel2_yvel_minus_2_b
3426	0.000021300	246080	ops_par_loop_group_29	update_halo_kernel2_xvel_minus_4_b+update_halo_kernel2_yvel_plus_4_b
3427	0.000020909	246080	ops_par_loop_group_30	update_halo_kernel4_plus_4_b+update_halo_kernel2_xvel_minus_2_b
3428	0.000019758	123040	ops_par_loop_update_halo_kernel4_plus_2_b_34	update_halo_kernel4_plus_2_b
3429	0.000563951	591053440	ops_par_loop_advec_cell_kernel1_xdir_35	advec_cell_kernel1_xdir
3430	0.000773098	708203544	ops_par_loop_advec_cell_kernel3_xdir_36	advec_cell_kernel3_xdir
3431	0.001455936	1533542400	ops_par_loop_advec_cell_kernel4_xdir_37	advec_cell_kernel4_xdir
3432	0.000022012	430528	ops_par_loop_update_halo_kernel1_b2_38	update_halo_kernel1_b2
3433	0.000020068	430528	ops_par_loop_update_halo_kernel1_b1_39	update_halo_kernel1_b1
3434	0.000020710	430528	ops_par_loop_update_halo_kernel1_t2_40	update_halo_kernel1_t2
3435	0.000020409	430528	ops_par_loop_update_halo_kernel1_t1_41	update_halo_kernel1_t1
3436	0.000019266	123040	ops_par_loop_update_halo_kernel3_plus_4_a_62	update_halo_kernel3_plus_4_a
3437	0.000019026	123040	ops_par_loop_update_halo_kernel3_plus_2_a_63	update_halo_kernel3_plus_2_a
3438	0.000018746	123040	ops_par_loop_update_halo_kernel3_plus_4_b_64	update_halo_kernel3_plus_4_b
3439	0.000019086	123040	ops_par_loop_update_halo_kernel3_plus_2_b_65	update_halo_kernel3_plus_2_b
3440	0.000026510	553536	ops_par_loop_group_43	update_halo_kernel1_l2+update_halo_kernel3_minus_4_a
3441	0.000023234	553536	ops_par_loop_group_44	update_halo_kernel1_l1+update_halo_kernel3_minus_2_a
3442	0.000019818	123008	ops_par_loop_update_halo_kernel3_minus_4_b_68	update_halo_kernel3_minus_4_b
3443	0.000024587	553536	ops_par_loop_group_46	update_halo_kernel1_r2+update_halo_kernel3_minus_2_b
3444	0.000021501	430528	ops_par_loop_update_halo_kernel1_r1_45	update_halo_kernel1_r1
3445	0.000563150	591053440	ops_par_loop_advec_mom_kernel_x1_70	advec_mom_kernel_x1
3446	0.000194269	236236864	ops_par_loop_advec_mom_kernel_mass_flux_x_71	advec_mom_kernel_mass_flux_x
3447	0.000572788	590438520	ops_par_loop_advec_mom_kernel_post_pre_advec_x_72	advec_mom_kernel_post_pre_advec_x
3448	0.000884059	472258640	ops_par_loop_advec_mom_kernel1_x_nonvector_73	advec_mom_kernel1_x_nonvector
3449	0.000447200	590131240	ops_par_loop_advec_mom_kernel2_x_74	advec_mom_kernel2_x
3450	0.000562909	591053440	ops_par_loop_advec_mom_kernel_x1_75	advec_mom_kernel_x1
3451	0.000194169	236236864	ops_par_loop_advec_mom_kernel_mass_flux_x_76	advec_mom_kernel_mass_flux_x
3452	0.000573138	590438520	ops_par_loop_advec_mom_kernel_post_pre_advec_x_77	advec_mom_kernel_post_pre_advec_x
3453	0.000021200	246080	ops_par_loop_group_56	update_halo_kernel2_xvel_plus_4_a+update_halo_kernel3_plus_4_a
3454	0.000019387	246080	ops_par_loop_group_57	update_halo_kernel2_xvel_plus_2_a+update_halo_kernel3_plus_2_a
3455	0.000019247	123040	ops_par_loop_update_halo_kernel2_xvel_plus_4_b_93	update_halo_kernel2_xvel_plus_4_b
3456	0.000018966	246080	ops_par_loop_group_59	update_halo_kernel2_xvel_plus_2_b+update_halo_kernel3_plus_4_b
3457	0.000021571	246080	ops_par_loop_group_60	update_halo_kernel2_yvel_plus_4_a+update_halo_kernel2_xvel_minus_4_a
3458	0.000019908	246080	ops_par_loop_group_61	update_halo_kernel2_yvel_plus_2_a+update_halo_kernel2_xvel_minus_2_a
3459	0.000018746	123040	ops_par_loop_update_halo_kernel2_xvel_minus_4_b_97	update_halo_kernel2_xvel_minus_4_b
3460	0.000020459	246080	ops_par_loop_group_63	update_halo_kernel2_yvel_plus_2_b+update_halo_kernel2_xvel_minus_2_b
3461	0.000883027	472258640	ops_par_loop_advec_mom_kernel1_x_nonvector_78	advec_mom_kernel1_x_nonvector
3462	0.000447911	590131240	ops_par_loop_advec_mom_kernel2_x_79	advec_mom_kernel2_x
3463	0.000496844	472842752	ops_par_loop_advec_cell_kernel2_ydir_80	advec_cell_kernel2_ydir
3464	0.000789219	708203544	ops_par_loop_advec_cell_kernel3_ydir_81	advec_cell_kernel3_ydir
3465	0.001473660	1533542400	ops_par_loop_advec_cell_kernel4_ydir_82	advec_cell_kernel4_ydir
3466	0.000022513	553536	ops_par_loop_group_69	update_halo_kernel1_b2+update_halo_kernel4_minus_4_a
3467	0.000022092	553536	ops_par_loop_group_70	update_halo_kernel1_b1+update_halo_kernel4_minus_2_a
3468	0.000019066	123040	ops_par_loop_update_halo_kernel2_yvel_minus_4_a_99	update_halo_kernel2_yvel_minus_4_a
3469	0.000017974	123040	ops_par_loop_update_halo_kernel2_yvel_minus_2_a_100	update_halo_kernel2_yvel_minus_2_a
3470	0.000017673	123040	ops_par_loop_update_halo_kernel2_yvel_minus_4_b_101	update_halo_kernel2_yvel_minus_4_b
3471	0.000017393	123040	ops_par_loop_update_halo_kernel2_yvel_minus_2_b_102	update_halo_kernel2_yvel_minus_2_b
3472	0.000020018	123040	ops_par_loop_update_halo_kernel2_yvel_plus_4_b_105	update_halo_kernel2_yvel_plus_4_b
3473	0.000019076	123040	ops_par_loop_update_halo_kernel3_plus_2_b_110	update_halo_kernel3_plus_2_b
3474	0.000019116	123008	ops_par_loop_update_halo_kernel3_minus_4_b_113	update_halo_kernel3_minus_4_b
3475	0.000018044	123008	ops_par_loop_update_halo_kernel4_minus_4_b_117	update_halo_kernel4_minus_4_b
3476	0.000021340	553536	ops_par_loop_group_79	update_halo_kernel1_t2+update_halo_kernel4_minus_2_b
3477	0.000020379	430528	ops_par_loop_update_halo_kernel1_t1_86	update_halo_kernel1_t1
3478	0.000027242	553536	ops_par_loop_group_81	update_halo_kernel1_l2+update_halo_kernel3_minus_4_a
3479	0.000023334	553536	ops_par_loop_group_82	update_halo_kernel1_l1+update_halo_kernel3_minus_2_a
3480	0.000025077	553536	ops_par_loop_group_83	update_halo_kernel1_r2+update_halo_kernel3_minus_2_b
3481	0.000021551	430528	ops_par_loop_update_halo_kernel1_r1_90	update_halo_kernel1_r1
3482	0.000020889	246080	ops_par_loop_group_85	update_halo_kernel2_yvel_plus_4_a+update_halo_kernel4_plus_4_a
3483	0.000019667	246080	ops_par_loop_group_86	update_halo_kernel2_yvel_plus_2_a+update_halo_kernel4_plus_2_a
3484	0.000019928	246080	ops_par_loop_group_87	update_halo_kernel2_yvel_plus_2_b+update_halo_kernel4_plus_4_b
3485	0.000019507	123040	ops_par_loop_update_halo_kernel4_plus_2_b_122	update_halo_kernel4_plus_2_b
3486	0.001196863	944701952	ops_par_loop_group_89	advec_mom_kernel_y2+reset_field_kernel1
3487	0.000737872	708096064	ops_par_loop_group_90	advec_mom_kernel_mass_flux_y+ideal_gas_kernel
3488	0.000532882	590438520	ops_par_loop_advec_mom_kernel_post_pre_advec_y_125	advec_mom_kernel_post_pre_advec_y
3489	0.000879220	472258640	ops_par_loop_advec_mom_kernel1_y_nonvector_126	advec_mom_kernel1_y_nonvector
3490	0.000446719	590131240	ops_par_loop_advec_mom_kernel2_y_127	advec_mom_kernel2_y
3491	0.000489881	472842752	ops_par_loop_advec_mom_kernel_y2_128	advec_mom_kernel_y2
3492	0.000193157	236236864	ops_par_loop_advec_mom_kernel_mass_flux_y_129	advec_mom_kernel_mass_flux_y
3493	0.000530227	590438520	ops_par_loop_advec_mom_kernel_post_pre_advec_y_130	advec_mom_kernel_post_pre_advec_y
3494	0.000876014	472258640	ops_par_loop_advec_mom_kernel1_y_nonvector_131	advec_mom_kernel1_y_nonvector
3495	0.000735377	1062236232	ops_par_loop_group_98	advec_mom_kernel2_y+reset_field_kernel2
3496	0.000028444	430304	ops_par_loop_update_halo_kernel1_b1_136	update_halo_kernel1_b1
3497	0.000020248	430304	ops_par_loop_update_halo_kernel1_t1_137	update_halo_kernel1_t1
3498	0.000024277	430304	ops_par_loop_update_halo_kernel1_l1_138	update_halo_kernel1_l1
3499	0.000023735	430304	ops_par_loop_update_halo_kernel1_r1_139	update_halo_kernel1_r1
3500	0.000020038	245952	ops_par_loop_group_103	update_halo_kernel2_xvel_plus_2_a+update_halo_kernel2_yvel_minus_2_a
3501	0.000018796	245952	ops_par_loop_group_104	update_halo_kernel2_xvel_plus_2_b+update_halo_kernel2_yvel_minus_2_b
3502	0.000020960	245952	ops_par_loop_group_105	update_halo_kernel2_xvel_minus_2_a+update_halo_kernel2_yvel_plus_2_a
3503	0.000021341	245952	ops_par_loop_group_106	update_halo_kernel2_xvel_minus_2_b+update_halo_kernel2_yvel_plus_2_b
3504	0.001735156	589885440	ops_par_loop_viscosity_kernel_148	viscosity_kernel
3505	0.000021340	430304	ops_par_loop_update_halo_kernel1_b1_149	update_halo_kernel1_b1
3506	0.000021501	430304	ops_par_loop_update_halo_kernel1_t1_150	update_halo_kernel1_t1
3507	0.000023584	430304	ops_par_loop_update_halo_kernel1_l1_151	update_halo_kernel1_l1
3508	0.000022833	430304	ops_par_loop_update_halo_kernel1_r1_152	update_halo_kernel1_r1
3509	0.000918084	1061744640	ops_par_loop_calc_dt_kernel_153	calc_dt_kernel
3510	0.001482235	1887436800	ops_par_loop_group_0	PdV_kernel_predict+ideal_gas_kernel
3511	0.000022393	430304	ops_par_loop_update_halo_kernel1_b1_2	update_halo_kernel1_b1
3512	0.000021100	430304	ops_par_loop_update_halo_kernel1_t1_3	update_halo_kernel1_t1
3513	0.000024226	430304	ops_par_loop_update_halo_kernel1_l1_4	update_halo_kernel1_l1
3514	0.000029415	430304	ops_par_loop_update_halo_kernel1_r1_5	update_halo_kernel1_r1
3515	0.001555544	1770147928	ops_par_loop_group_5	revert_kernel+accelerate_kernel
3516	0.001358791	1651507200	ops_par_loop_PdV_kernel_nopredict_8	PdV_kernel_nopredict
3517	0.000360945	471982080	ops_par_loop_flux_calc_kernelx_9	flux_calc_kernelx
3518	0.000356788	471982080	ops_par_loop_flux_calc_kernely_10	flux_calc_kernely
3519	0.000021521	553536	ops_par_loop_group_9	update_halo_kernel1_b2+update_halo_kernel4_minus_4_a
3520	0.000021551	553536	ops_par_loop_group_10	update_halo_kernel1_b1+update_halo_kernel4_minus_2_a
3521	0.000019618	246080	ops_par_loop_group_11	update_halo_kernel3_plus_4_a+update_halo_kernel2_xvel_plus_4_a
3522	0.000019497	246080	ops_par_loop_group_12	update_halo_kernel3_plus_2_a+update_halo_kernel2_xvel_plus_2_a
3523	0.000018996	123008	ops_par_loop_update_halo_kernel4_minus_4_b_29	update_halo_kernel4_minus_4_b
3524	0.000021251	553536	ops_par_loop_group_14	update_halo_kernel1_t2+update_halo_kernel4_minus_2_b
3525	0.000020449	430528	ops_par_loop_update_halo_kernel1_t1_14	update_halo_kernel1_t1
3526	0.000019337	246080	ops_par_loop_group_16	update_halo_kernel2_xvel_plus_4_b+update_halo_kernel2_yvel_minus_4_b
3527	0.000019166	246080	ops_par_loop_group_17	update_halo_kernel3_plus_4_b+update_halo_kernel2_xvel_plus_2_b
3528	0.000019076	123040	ops_par_loop_update_halo_kernel3_plus_2_b_22	update_halo_kernel3_plus_2_b
3529	0.000025709	553536	ops_par_loop_group_19	update_halo_kernel1_l2+update_halo_kernel3_minus_4_a
3530	0.000023074	553536	ops_par_loop_group_20	update_halo_kernel1_l1+update_halo_kernel3_minus_2_a
3531	0.000019277	123008	ops_par_loop_update_halo_kernel3_minus_4_b_25	update_halo_kernel3_minus_4_b
3532	0.000024998	553536	ops_par_loop_group_22	update_halo_kernel1_r2+update_halo_kernel3_minus_2_b
3533	0.000022052	430528	ops_par_loop_update_halo_kernel1_r1_18	update_halo_kernel1_r1
3534	0.000021631	246080	ops_par_loop_group_24	update_halo_kernel4_plus_4_a+update_halo_kernel2_xvel_minus_4_a
3535	0.000020008	246080	ops_par_loop_group_25	update_halo_kernel4_plus_2_a+update_halo_kernel2_xvel_minus_2_a
3536	0.000018946	123040	ops_par_loop_update_halo_kernel2_yvel_minus_4_a_54	update_halo_kernel2_yvel_minus_4_a
3537	0.000017464	123040	ops_par_loop_update_halo_kernel2_yvel_minus_2_a_55	update_halo_kernel2_yvel_minus_2_a
3538	0.000017954	123040	ops_par_loop_update_halo_kernel2_yvel_minus_2_b_57	update_halo_kernel2_yvel_minus_2_b
3539	0.000020950	246080	ops_par_loop_group_29	update_halo_kernel2_xvel_minus_4_b+update_halo_kernel2_yvel_plus_4_b
3540	0.000020509	246080	ops_par_loop_group_30	update_halo_kernel4_plus_4_b+update_halo_kernel2_xvel_minus_2_b
3541	0.000018636	123040	ops_par_loop_update_halo_kernel4_plus_2_b_34	update_halo_kernel4_plus_2_b
3542	0.000561386	591053440	ops_par_loop_advec_cell_kernel1_ydir_35	advec_cell_kernel1_ydir
3543	0.000789138	708203544	ops_par_loop_advec_cell_kernel3_ydir_36	advec_cell_kernel3_ydir
3544	0.001471996	1533542400	ops_par_loop_advec_cell_kernel4_ydir_37	advec_cell_kernel4_ydir
3545	0.000022613	553536	ops_par_loop_group_35	update_halo_kernel1_b2+update_halo_kernel4_minus_4_a
3546	0.000020809	553536	ops_par_loop_group_36	update_halo_kernel1_b1+update_halo_kernel4_minus_2_a
3547	0.000019357	123008	ops_par_loop_update_halo_kernel4_minus_4_b_64	update_halo_kernel4_minus_4_b
3548	0.000022122	553536	ops_par_loop_group_38	update_halo_kernel1_t2+update_halo_kernel4_minus_2_b
3549	0.000021150	430528	ops_par_loop_update_halo_kernel1_t1_41	update_halo_kernel1_t1
3550	0.000024106	430528	ops_par_loop_update_halo_kernel1_l2_42	update_halo_kernel1_l2
3551	0.000021751	430528	ops_par_loop_update_halo_kernel1_l1_43	update_halo_kernel1_l1
3552	0.000023024	430528	ops_par_loop_update_halo_kernel1_r2_44	update_halo_kernel1_r2
3553	0.000021441	430528	ops_par_loop_update_halo_kernel1_r1_45	update_halo_kernel1_r1
3554	0.000021370	246080	ops_par_loop_group_44	update_halo_kernel2_yvel_plus_4_a+update_halo_kernel4_plus_4_a
3555	0.000019357	246080	ops_par_loop_group_45	update_halo_kernel2_yvel_plus_2_a+update_halo_kernel4_plus_2_a
3556	0.000020238	246080	ops_par_loop_group_46	update_halo_kernel2_yvel_plus_2_b+update_halo_kernel4_plus_4_b
3557	0.000018595	123040	ops_par_loop_update_halo_kernel4_plus_2_b_69	update_halo_kernel4_plus_2_b
3558	0.000561126	591053440	ops_par_loop_advec_mom_kernel_y1_70	advec_mom_kernel_y1
3559	0.000191534	236236864	ops_par_loop_advec_mom_kernel_mass_flux_y_71	advec_mom_kernel_mass_flux_y
3560	0.000532151	590438520	ops_par_loop_advec_mom_kernel_post_pre_advec_y_72	advec_mom_kernel_post_pre_advec_y
3561	0.000878649	472258640	ops_par_loop_advec_mom_kernel1_y_nonvector_73	advec_mom_kernel1_y_nonvector
3562	0.000450545	590131240	ops_par_loop_advec_mom_kernel2_y_74	advec_mom_kernel2_y
3563	0.000562979	591053440	ops_par_loop_advec_mom_kernel_y1_75	advec_mom_kernel_y1
3564	0.000191734	236236864	ops_par_loop_advec_mom_kernel_mass_flux_y_76	advec_mom_kernel_mass_flux_y
3565	0.000530147	590438520	ops_par_loop_advec_mom_kernel_post_pre_advec_y_77	advec_mom_kernel_post_pre_advec_y
3566	0.000876444	472258640	ops_par_loop_advec_mom_kernel1_y_nonvector_78	advec_mom_kernel1_y_nonvector
3567	0.000451518	590131240	ops_par_loop_advec_mom_kernel2_y_79	advec_mom_kernel2_y
3568	0.000490842	472842752	ops_par_loop_advec_cell_kernel2_xdir_80	advec_cell_kernel2_xdir
3569	0.000773489	708203544	ops_par_loop_advec_cell_kernel3_xdir_81	advec_cell_kernel3_xdir
3570	0.001459963	1533542400	ops_par_loop_advec_cell_kernel4_xdir_82	advec_cell_kernel4_xdir
3571	0.000023335	553536	ops_par_loop_group_61	update_halo_kernel1_b2+update_halo_kernel4_minus_4_a
3572	0.000021280	553536	ops_par_loop_group_62	update_halo_kernel1_b1+update_halo_kernel4_minus_2_a
3573	0.000020229	246080	ops_par_loop_group_63	update_halo_kernel2_xvel_plus_4_a+update_halo_kernel2_yvel_minus_4_a
3574	0.000019307	246080	ops_par_loop_group_64	update_halo_kernel2_xvel_plus_2_a+update_halo_kernel2_yvel_minus_2_a
3575	0.000019738	246080	ops_par_loop_group_65	update_halo_kernel2_xvel_plus_4_b+update_halo_kernel2_yvel_minus_4_b
3576	0.000019527	246080	ops_par_loop_group_66	update_halo_kernel2_xvel_plus_2_b+update_halo_kernel2_yvel_minus_2_b
3577	0.000021411	246080	ops_par_loop_group_67	update_halo_kernel2_xvel_minus_4_a+update_halo_kernel2_yvel_plus_4_a
3578	0.000019647	246080	ops_par_loop_group_68	update_halo_kernel2_xvel_minus_2_a+update_halo_kernel2_yvel_plus_2_a
3579	0.000021701	246080	ops_par_loop_group_69	update_halo_kernel2_xvel_minus_4_b+update_halo_kernel2_yvel_plus_4_b
3580	0.000019677	246080	ops_par_loop_group_70	update_halo_kernel2_xvel_minus_2_b+update_halo_kernel2_yvel_plus_2_b
3581	0.000019097	123040	ops_par_loop_update_halo_kernel3_plus_4_a_107	update_halo_kernel3_plus_4_a
3582	0.000018395	123040	ops_par_loop_update_halo_kernel3_plus_2_a_108	update_halo_kernel3_plus_2_a
3583	0.000019076	123040	ops_par_loop_update_halo_kernel3_plus_4_b_109	update_halo_kernel3_plus_4_b
3584	0.000018615	123040	ops_par_loop_update_halo_kernel3_plus_2_b_110	update_halo_kernel3_plus_2_b
3585	0.000025017	123008	ops_par_loop_update_halo_kernel3_minus_4_b_113	update_halo_kernel3_minus_4_b
3586	0.000017934	123008	ops_par_loop_update_halo_kernel4_minus_4_b_117	update_halo_kernel4_minus_4_b
3587	0.000020499	553536	ops_par_loop_group_77	update_halo_kernel1_t2+update_halo_kernel4_minus_2_b
3588	0.000020539	430528	ops_par_loop_update_halo_kernel1_t1_86	update_halo_kernel1_t1
3589	0.000026330	553536	ops_par_loop_group_79	update_halo_kernel1_l2+update_halo_kernel3_minus_4_a
3590	0.000023235	553536	ops_par_loop_group_80	update_halo_kernel1_l1+update_halo_kernel3_minus_2_a
3591	0.000025097	553536	ops_par_loop_group_81	update_halo_kernel1_r2+update_halo_kernel3_minus_2_b
3592	0.000021792	430528	ops_par_loop_update_halo_kernel1_r1_90	update_halo_kernel1_r1
3593	0.000019297	123040	ops_par_loop_update_halo_kernel4_plus_4_a_119	update_halo_kernel4_plus_4_a
3594	0.000018365	123040	ops_par_loop_update_halo_kernel4_plus_2_a_120	update_halo_kernel4_plus_2_a
3595	0.000019157	123040	ops_par_loop_update_halo_kernel4_plus_4_b_121	update_halo_kernel4_plus_4_b
3596	0.000018715	123040	ops_par_loop_update_halo_kernel4_plus_2_b_122	update_halo_kernel4_plus_2_b
3597	0.001201963	944701952	ops_par_loop_group_87	advec_mom_kernel_x2+reset_field_kernel1
3598	0.000802454	708096064	ops_par_loop_group_88	advec_mom_kernel_mass_flux_x+ideal_gas_kernel
3599	0.000573529	590438520	ops_par_loop_advec_mom_kernel_post_pre_advec_x_125	advec_mom_kernel_post_pre_advec_x
3600	0.000883428	472258640	ops_par_loop_advec_mom_kernel1_x_nonvector_126	advec_mom_kernel1_x_nonvector
3601	0.000452159	590131240	ops_par_loop_advec_mom_kernel2_x_127	advec_mom_kernel2_x
3602	0.000497966	472842752	ops_par_loop_advec_mom_kernel_x2_128	advec_mom_kernel_x2
3603	0.000194409	236236864	ops_par_loop_advec_mom_kernel_mass_flux_x_129	advec_mom_kernel_mass_flux_x
3604	0.000576705	590438520	ops_par_loop_advec_mom_kernel_post_pre_advec_x_130	advec_mom_kernel_post_pre_advec_x
3605	0.000884320	472258640	ops_par_loop_advec_mom_kernel1_x_nonvector_131	advec_mom_kernel1_x_nonvector
3606	0.000731679	1062236232	ops_par_loop_group_96	advec_mom_kernel2_x+reset_field_kernel2
3607	0.000022032	430304	ops_par_loop_update_halo_kernel1_b1_136	update_halo_kernel1_b1
3608	0.000020539	430304	ops_par_loop_update_halo_kernel1_t1_137	update_halo_kernel1_t1
3609	0.000023535	430304	ops_par_loop_update_halo_kernel1_l1_138	update_halo_kernel1_l1
3610	0.000024015	430304	ops_par_loop_update_halo_kernel1_r1_139	update_halo_kernel1_r1
3611	0.000020168	245952	ops_par_loop_group_101	update_halo_kernel2_xvel_plus_2_a+update_halo_kernel2_yvel_minus_2_a
3612	0.000019598	245952	ops_par_loop_group_102	update_halo_kernel2_xvel_plus_2_b+update_halo_kernel2_yvel_minus_2_b
3613	0.000020910	245952	ops_par_loop_group_103	update_halo_kernel2_xvel_minus_2_a+update_halo_kernel2_yvel_plus_2_a
3614	0.000021521	245952	ops_par_loop_group_104	update_halo_kernel2_xvel_minus_2_b+update_halo_kernel2_yvel_plus_2_b
3615	0.001734304	589885440	ops_par_loop_viscosity_kernel_148	viscosity_kernel
3616	0.000022132	430304	ops_par_loop_update_halo_kernel1_b1_149	update_halo_kernel1_b1
3617	0.000020129	430304	ops_par_loop_update_halo_kernel1_t1_150	update_halo_kernel1_t1
3618	0.000022794	430304	ops_par_loop_update_halo_kernel1_l1_151	update_halo_kernel1_l1
3619	0.000023164	430304	ops_par_loop_update_halo_kernel1_r1_152	update_halo_kernel1_r1
3620	0.000917112	1061744640	ops_par_loop_calc_dt_kernel_153	calc_dt_kernel
3621	0.001484800	1887436800	ops_par_loop_group_0	PdV_kernel_predict+ideal_gas_kernel
3622	0.000021901	430304	ops_par_loop_update_halo_kernel1_b1_2	update_halo_kernel1_b1
3623	0.000020579	430304	ops_par_loop_update_halo_kernel1_t1_3	update_halo_kernel1_t1
3624	0.000023525	430304	ops_par_loop_update_halo_kernel1_l1_4	update_halo_kernel1_l1
3625	0.000023835	430304	ops_par_loop_update_halo_kernel1_r1_5	update_halo_kernel1_r1
3626	0.001558090	1770147928	ops_par_loop_group_5	revert_kernel+accelerate_kernel
3627	0.001353541	1651507200	ops_par_loop_PdV_kernel_nopredict_8	PdV_kernel_nopredict
3628	0.000360965	471982080	ops_par_loop_flux_calc_kernelx_9	flux_calc_kernelx
3629	0.000358872	471982080	ops_par_loop_flux_calc_kernely_10	flux_calc_kernely
3630	0.000022272	553536	ops_par_loop_group_9	update_halo_kernel1_b2+update_halo_kernel4_minus_4_a
3631	0.000021210	553536	ops_par_loop_group_10	update_halo_kernel1_b1+update_halo_kernel4_minus_2_a
3632	0.000019887	246080	ops_par_loop_group_11	update_halo_kernel3_plus_4_a+update_halo_kernel2_xvel_plus_4_a
3633	0.000019567	246080	ops_par_loop_group_12	update_halo_kernel3_plus_2_a+update_halo_kernel2_xvel_plus_2_a
3634	0.000019176	123008	ops_par_loop_update_halo_kernel4_minus_4_b_29	update_halo_kernel4_minus_4_b
3635	0.000020700	553536	ops_par_loop_group_14	update_halo_kernel1_t2+update_halo_kernel4_minus_2_b
3636	0.000020229	430528	ops_par_loop_update_halo_kernel1_t1_14	update_halo_kernel1_t1
3637	0.000019347	246080	ops_par_loop_group_16	update_halo_kernel2_xvel_plus_4_b+update_halo_kernel2_yvel_minus_4_b
3638	0.000018635	246080	ops_par_loop_group_17	update_halo_kernel3_plus_4_b+update_halo_kernel2_xvel_plus_2_b
3639	0.000018215	123040	ops_par_loop_update_halo_kernel3_plus_2_b_22	update_halo_kernel3_plus_2_b
3640	0.000025819	553536	ops_par_loop_group_19	update_halo_kernel1_l2+update_halo_kernel3_minus_4_a
3641	0.000023415	553536	ops_par_loop_group_20	update_halo_kernel1_l1+update_halo_kernel3_minus_2_a
3642	0.000019728	123008	ops_par_loop_update_halo_kernel3_minus_4_b_25	update_halo_kernel3_minus_4_b
3643	0.000025338	553536	ops_par_loop_group_22	update_halo_kernel1_r2+update_halo_kernel3_minus_2_b
3644	0.000022132	430528	ops_par_loop_update_halo_kernel1_r1_18	update_halo_kernel1_r1
3645	0.000021992	246080	ops_par_loop_group_24	update_halo_kernel4_plus_4_a+update_halo_kernel2_xvel_minus_4_a
3646	0.000020208	246080	ops_par_loop_group_25	update_halo_kernel4_plus_2_a+update_halo_kernel2_xvel_minus_2_a
3647	0.000018896	123040	ops_par_loop_update_halo_kernel2_yvel_minus_4_a_54	update_halo_kernel2_yvel_minus_4_a
3648	0.000018425	123040	ops_par_loop_update_halo_kernel2_yvel_minus_2_a_55	update_halo_kernel2_yvel_minus_2_a
3649	0.000017955	123040	ops_par_loop_update_halo_kernel2_yvel_minus_2_b_57	update_halo_kernel2_yvel_minus_2_b
3650	0.000021621	246080	ops_par_loop_group_29	update_halo_kernel2_xvel_minus_4_b+update_halo_kernel2_yvel_plus_4_b
3651	0.000021080	246080	ops_par_loop_group_30	update_halo_kernel4_plus_4_b+update_halo_kernel2_xvel_minus_2_b
3652	0.000018165	123040	ops_par_loop_update_halo_kernel4_plus_2_b_34	update_halo_kernel4_plus_2_b
3653	0.000565043	591053440	ops_par_loop_advec_cell_kernel1_xdir_35	advec_cell_kernel1_xdir
3654	0.000773178	708203544	ops_par_loop_advec_cell_kernel3_xdir_36	advec_cell_kernel3_xdir
3655	0.001460745	1533542400	ops_par_loop_advec_cell_kernel4_xdir_37	advec_cell_kernel4_xdir
3656	0.000023224	430528	ops_par_loop_update_halo_kernel1_b2_38	update_halo_kernel1_b2
3657	0.000022022	430528	ops_par_loop_update_halo_kernel1_b1_39	update_halo_kernel1_b1
3658	0.000022382	430528	ops_par_loop_update_halo_kernel1_t2_40	update_halo_kernel1_t2
3659	0.000021411	430528	ops_par_loop_update_halo_kernel1_t1_41	update_halo_kernel1_t1
3660	0.000021521	123040	ops_par_loop_update_halo_kernel3_plus_4_a_62	update_halo_kernel3_plus_4_a
3661	0.000020940	123040	ops_par_loop_update_halo_kernel3_plus_2_a_63	update_halo_kernel3_plus_2_a
3662	0.000019457	123040	ops_par_loop_update_halo_kernel3_plus_4_b_64	update_halo_kernel3_plus_4_b
3663	0.000019367	123040	ops_par_loop_update_halo_kernel3_plus_2_b_65	update_halo_kernel3_plus_2_b
3664	0.000026841	553536	ops_par_loop_group_43	update_halo_kernel1_l2+update_halo_kernel3_minus_4_a
3665	0.000023685	553536	ops_par_loop_group_44	update_halo_kernel1_l1+update_halo_kernel3_minus_2_a
3666	0.000019848	123008	ops_par_loop_update_halo_kernel3_minus_4_b_68	update_halo_kernel3_minus_4_b
3667	0.000024957	553536	ops_par_loop_group_46	update_halo_kernel1_r2+update_halo_kernel3_minus_2_b
3668	0.000021501	430528	ops_par_loop_update_halo_kernel1_r1_45	update_halo_kernel1_r1
3669	0.000564512	591053440	ops_par_loop_advec_mom_kernel_x1_70	advec_mom_kernel_x1
3670	0.000196073	236236864	ops_par_loop_advec_mom_kernel_mass_flux_x_71	advec_mom_kernel_mass_flux_x
3671	0.000574862	590438520	ops_par_loop_advec_mom_kernel_post_pre_advec_x_72	advec_mom_kernel_post_pre_advec_x
3672	0.000882656	472258640	ops_par_loop_advec_mom_kernel1_x_nonvector_73	advec_mom_kernel1_x_nonvector
3673	0.000452089	590131240	ops_par_loop_advec_mom_kernel2_x_74	advec_mom_kernel2_x
3674	0.000561396	591053440	ops_par_loop_advec_mom_kernel_x1_75	advec_mom_kernel_x1
3675	0.000194520	236236864	ops_par_loop_advec_mom_kernel_mass_flux_x_76	advec_mom_kernel_mass_flux_x
3676	0.000575584	590438520	ops_par_loop_advec_mom_kernel_post_pre_advec_x_77	advec_mom_kernel_post_pre_advec_x
3677	0.000020629	246080	ops_par_loop_group_56	update_halo_kernel2_xvel_plus_4_a+update_halo_kernel3_plus_4_a
3678	0.000019317	246080	ops_par_loop_group_57	update_halo_kernel2_xvel_plus_2_a+update_halo_kernel3_plus_2_a
3679	0.000018936	123040	ops_par_loop_update_halo_kernel2_xvel_plus_4_b_93	update_halo_kernel2_xvel_plus_4_b
3680	0.000019347	246080	ops_par_loop_group_59	update_halo_kernel2_xvel_plus_2_b+update_halo_kernel3_plus_4_b
3681	0.000022713	246080	ops_par_loop_group_60	update_halo_kernel2_yvel_plus_4_a+update_halo_kernel2_xvel_minus_4_a
3682	0.000019647	246080	ops_par_loop_group_61	update_halo_kernel2_yvel_plus_2_a+update_halo_kernel2_xvel_minus_2_a
3683	0.000020098	123040	ops_par_loop_update_halo_kernel2_xvel_minus_4_b_97	update_halo_kernel2_xvel_minus_4_b
3684	0.000021621	246080	ops_par_loop_group_63	update_halo_kernel2_yvel_plus_2_b+update_halo_kernel2_xvel_minus_2_b
3685	0.000882917	472258640	ops_par_loop_advec_mom_kernel1_x_nonvector_78	advec_mom_kernel1_x_nonvector
3686	0.000450315	590131240	ops_par_loop_advec_mom_kernel2_x_79	advec_mom_kernel2_x
3687	0.000498447	472842752	ops_par_loop_advec_cell_kernel2_ydir_80	advec_cell_kernel2_ydir
3688	0.000788719	708203544	ops_par_loop_advec_cell_kernel3_ydir_81	advec_cell_kernel3_ydir
3689	0.001468138	1533542400	ops_par_loop_advec_cell_kernel4_ydir_82	advec_cell_kernel4_ydir
3690	0.000022543	553536	ops_par_loop_group_69	update_halo_kernel1_b2+update_halo_kernel4_minus_4_a
3691	0.000021551	553536	ops_par_loop_group_70	update_halo_kernel1_b1+update_halo_kernel4_minus_2_a
3692	0.000018425	123040	ops_par_loop_update_halo_kernel2_yvel_minus_4_a_99	update_halo_kernel2_yvel_minus_4_a
3693	0.000018024	123040	ops_par_loop_update_halo_kernel2_yvel_minus_2_a_100	update_halo_kernel2_yvel_minus_2_a
3694	0.000018034	123040	ops_par_loop_update_halo_kernel2_yvel_minus_4_b_101	update_halo_kernel2_yvel_minus_4_b
3695	0.000018966	123040	ops_par_loop_update_halo_kernel2_yvel_minus_2_b_102	update_halo_kernel2_yvel_minus_2_b
3696	0.000019477	123040	ops_par_loop_update_halo_kernel2_yvel_plus_4_b_105	update_halo_kernel2_yvel_plus_4_b
3697	0.000018906	123040	ops_par_loop_update_halo_kernel3_plus_2_b_110	update_halo_kernel3_plus_2_b
3698	0.000018806	123008	ops_par_loop_update_halo_kernel3_minus_4_b_113	update_halo_kernel3_minus_4_b
3699	0.000018706	123008	ops_par_loop_update_halo_kernel4_minus_4_b_117	update_halo_kernel4_minus_4_b
3700	0.000021521	553536	ops_par_loop_group_79	update_halo_kernel1_t2+update_halo_kernel4_minus_2_b
3701	0.000019987	430528	ops_par_loop_update_halo_kernel1_t1_86	update_halo_kernel1_t1
3702	0.000026741	553536	ops_par_loop_group_81	update_halo_kernel1_l2+update_halo_kernel3_minus_4_a
3703	0.000023915	553536	ops_par_loop_group_82	update_halo_kernel1_l1+update_halo_kernel3_minus_2_a
3704	0.000024797	553536	ops_par_loop_group_83	update_halo_kernel1_r2+update_halo_kernel3_minus_2_b
3705	0.000021622	430528	ops_par_loop_update_halo_kernel1_r1_90	update_halo_kernel1_r1
3706	0.000021381	246080	ops_par_loop_group_85	update_halo_kernel2_yvel_plus_4_a+update_halo_kernel4_plus_4_a
3707	0.000019637	246080	ops_par_loop_group_86	update_halo_kernel2_yvel_plus_2_a+update_halo_kernel4_plus_2_a
3708	0.000020579	246080	ops_par_loop_group_87	update_halo_kernel2_yvel_plus_2_b+update_halo_kernel4_plus_4_b
3709	0.000019286	123040	ops_par_loop_update_halo_kernel4_plus_2_b_122	update_halo_kernel4_plus_2_b
3710	0.001196593	944701952	ops_par_loop_group_89	advec_mom_kernel_y2+reset_field_kernel1
3711	0.000736810	708096064	ops_par_loop_group_90	advec_mom_kernel_mass_flux_y+ideal_gas_kernel
3712	0.000532803	590438520	ops_par_loop_advec_mom_kernel_post_pre_advec_y_125	advec_mom_kernel_post_pre_advec_y
3713	0.000879260	472258640	ops_par_loop_advec_mom_kernel1_y_nonvector_126	advec_mom_kernel1_y_nonvector
3714	0.000446268	590131240	ops_par_loop_advec_mom_kernel2_y_127	advec_mom_kernel2_y
3715	0.000489129	472842752	ops_par_loop_advec_mom_kernel_y2_128	advec_mom_kernel_y2
3716	0.000193066	236236864	ops_par_loop_advec_mom_kernel_mass_flux_y_129	advec_mom_kernel_mass_flux_y
3717	0.000533153	590438520	ops_par_loop_advec_mom_kernel_post_pre_advec_y_130	advec_mom_kernel_post_pre_advec_y
3718	0.000876295	472258640	ops_par_loop_advec_mom_kernel1_y_nonvector_131	advec_mom_kernel1_y_nonvector
3719	0.000732191	1062236232	ops_par_loop_group_98	advec_mom_kernel2_y+reset_field_kernel2
3720	0.000022643	430304	ops_par_loop_update_halo_kernel1_b1_136	update_halo_kernel1_b1
3721	0.000020128	430304	ops_par_loop_update_halo_kernel1_t1_137	update_halo_kernel1_t1
3722	0.000023053	430304	ops_par_loop_update_halo_kernel1_l1_138	update_halo_kernel1_l1
3723	0.000024266	430304	ops_par_loop_update_halo_kernel1_r1_139	update_halo_kernel1_r1
3724	0.000019437	245952	ops_par_loop_group_103	update_halo_kernel2_xvel_plus_2_a+update_halo_kernel2_yvel_minus_2_a
3725	0.000019788	245952	ops_par_loop_group_104	update_halo_kernel2_xvel_plus_2_b+update_halo_kernel2_yvel_minus_2_b
3726	0.000021130	245952	ops_par_loop_group_105	update_halo_kernel2_xvel_minus_2_a+update_halo_kernel2_yvel_plus_2_a
3727	0.000021251	245952	ops_par_loop_group_106	update_halo_kernel2_xvel_minus_2_b+update_halo_kernel2_yvel_plus_2_b
3728	0.001734755	589885440	ops_par_loop_viscosity_kernel_148	viscosity_kernel
3729	0.000021551	430304	ops_par_loop_update_halo_kernel1_b1_149	update_halo_kernel1_b1
3730	0.000020339	430304	ops_par_loop_update_halo_kernel1_t1_150	update_halo_kernel1_t1
3731	0.000023554	430304	ops_par_loop_update_halo_kernel1_l1_151	update_halo_kernel1_l1
3732	0.000022873	430304	ops_par_loop_update_halo_kernel1_r1_152	update_halo_kernel1_r1
3733	0.000917353	1061744640	ops_par_loop_calc_dt_kernel_153	calc_dt_kernel
3734	0.001486764	1887436800	ops_par_loop_group_0	PdV_kernel_predict+ideal_gas_kernel
3735	0.000021842	430304	ops_par_loop_update_halo_kernel1_b1_2	update_halo_kernel1_b1
3736	0.000020649	430304	ops_par_loop_update_halo_kernel1_t1_3	update_halo_kernel1_t1
3737	0.000023886	430304	ops_par_loop_update_halo_kernel1_l1_4	update_halo_kernel1_l1
3738	0.000023645	430304	ops_par_loop_update_halo_kernel1_r1_5	update_halo_kernel1_r1
3739	0.001555555	1770147928	ops_par_loop_group_5	revert_kernel+accelerate_kernel
3740	0.001355394	1651507200	ops_par_loop_PdV_kernel_nopredict_8	PdV_kernel_nopredict
3741	0.000361447	471982080	ops_par_loop_flux_calc_kernelx_9	flux_calc_kernelx
3742	0.000358050	471982080	ops_par_loop_flux_calc_kernely_10	flux_calc_kernely
3743	0.000021641	553536	ops_par_loop_group_9	update_halo_kernel1_b2+update_halo_kernel4_minus_4_a
3744	0.000020969	553536	ops_par_loop_group_10	update_halo_kernel1_b1+update_halo_kernel4_minus_2_a
3745	0.000019126	246080	ops_par_loop_group_11	update_halo_kernel3_plus_4_a+update_halo_kernel2_xvel_plus_4_a
3746	0.000018265	246080	ops_par_loop_group_12	update_halo_kernel3_plus_2_a+update_halo_kernel2_xvel_plus_2_a
3747	0.000018485	123008	ops_par_loop_update_halo_kernel4_minus_4_b_29	update_halo_kernel4_minus_4_b
3748	0.000021200	553536	ops_par_loop_group_14	update_halo_kernel1_t2+update_halo_kernel4_minus_2_b
3749	0.000020258	430528	ops_par_loop_update_halo_kernel1_t1_14	update_halo_kernel1_t1
3750	0.000018916	246080	ops_par_loop_group_16	update_halo_kernel2_xvel_plus_4_b+update_halo_kernel2_yvel_minus_4_b
3751	0.000019026	246080	ops_par_loop_group_17	update_halo_kernel3_plus_4_b+update_halo_kernel2_xvel_plus_2_b
3752	0.000018536	123040	ops_par_loop_update_halo_kernel3_plus_2_b_22	update_halo_kernel3_plus_2_b
3753	0.000025679	553536	ops_par_loop_group_19	update_halo_kernel1_l2+update_halo_kernel3_minus_4_a
3754	0.000022403	553536	ops_par_loop_group_20	update_halo_kernel1_l1+update_halo_kernel3_minus_2_a
3755	0.000018826	123008	ops_par_loop_update_halo_kernel3_minus_4_b_25	update_halo_kernel3_minus_4_b
3756	0.000024346	553536	ops_par_loop_group_22	update_halo_kernel1_r2+update_halo_kernel3_minus_2_b
3757	0.000021460	430528	ops_par_loop_update_halo_kernel1_r1_18	update_halo_kernel1_r1
3758	0.000021421	246080	ops_par_loop_group_24	update_halo_kernel4_plus_4_a+update_halo_kernel2_xvel_minus_4_a
3759	0.000019817	246080	ops_par_loop_group_25	update_halo_kernel4_plus_2_a+update_halo_kernel2_xvel_minus_2_a
3760	0.000017833	123040	ops_par_loop_update_halo_kernel2_yvel_minus_4_a_54	update_halo_kernel2_yvel_minus_4_a
3761	0.000018135	123040	ops_par_loop_update_halo_kernel2_yvel_minus_2_a_55	update_halo_kernel2_yvel_minus_2_a
3762	0.000017684	123040	ops_par_loop_update_halo_kernel2_yvel_minus_2_b_57	update_halo_kernel2_yvel_minus_2_b
3763	0.000020760	246080	ops_par_loop_group_29	update_halo_kernel2_xvel_minus_4_b+update_halo_kernel2_yvel_plus_4_b
3764	0.000020038	246080	ops_par_loop_group_30	update_halo_kernel4_plus_4_b+update_halo_kernel2_xvel_minus_2_b
3765	0.000017984	123040	ops_par_loop_update_halo_kernel4_plus_2_b_34	update_halo_kernel4_plus_2_b
3766	0.000561767	591053440	ops_par_loop_advec_cell_kernel1_ydir_35	advec_cell_kernel1_ydir
3767	0.000789369	708203544	ops_par_loop_advec_cell_kernel3_ydir_36	advec_cell_kernel3_ydir
3768	0.001476604	1533542400	ops_par_loop_advec_cell_kernel4_ydir_37	advec_cell_kernel4_ydir
3769	0.000021912	553536	ops_par_loop_group_35	update_halo_kernel1_b2+update_halo_kernel4_minus_4_a
3770	0.000025649	553536	ops_par_loop_group_36	update_halo_kernel1_b1+update_halo_kernel4_minus_2_a
3771	0.000018024	123008	ops_par_loop_update_halo_kernel4_minus_4_b_64	update_halo_kernel4_minus_4_b
3772	0.000021932	553536	ops_par_loop_group_38	update_halo_kernel1_t2+update_halo_kernel4_minus_2_b
3773	0.000020389	430528	ops_par_loop_update_halo_kernel1_t1_41	update_halo_kernel1_t1
3774	0.000023996	430528	ops_par_loop_update_halo_kernel1_l2_42	update_halo_kernel1_l2
3775	0.000021951	430528	ops_par_loop_update_halo_kernel1_l1_43	update_halo_kernel1_l1
3776	0.000022914	430528	ops_par_loop_update_halo_kernel1_r2_44	update_halo_kernel1_r2
3777	0.000021490	430528	ops_par_loop_update_halo_kernel1_r1_45	update_halo_kernel1_r1
3778	0.000022302	246080	ops_par_loop_group_44	update_halo_kernel2_yvel_plus_4_a+update_halo_kernel4_plus_4_a
3779	0.000020018	246080	ops_par_loop_group_45	update_halo_kernel2_yvel_plus_2_a+update_halo_kernel4_plus_2_a
3780	0.000020609	246080	ops_par_loop_group_46	update_halo_kernel2_yvel_plus_2_b+update_halo_kernel4_plus_4_b
3781	0.000017994	123040	ops_par_loop_update_halo_kernel4_plus_2_b_69	update_halo_kernel4_plus_2_b
3782	0.000562298	591053440	ops_par_loop_advec_mom_kernel_y1_70	advec_mom_kernel_y1
3783	0.000195030	236236864	ops_par_loop_advec_mom_kernel_mass_flux_y_71	advec_mom_kernel_mass_flux_y
3784	0.000537561	590438520	ops_par_loop_advec_mom_kernel_post_pre_advec_y_72	advec_mom_kernel_post_pre_advec_y
3785	0.000881534	472258640	ops_par_loop_advec_mom_kernel1_y_nonvector_73	advec_mom_kernel1_y_nonvector
3786	0.000456777	590131240	ops_par_loop_advec_mom_kernel2_y_74	advec_mom_kernel2_y
3787	0.000562959	591053440	ops_par_loop_advec_mom_kernel_y1_75	advec_mom_kernel_y1
3788	0.000191954	236236864	ops_par_loop_advec_mom_kernel_mass_flux_y_76	advec_mom_kernel_mass_flux_y
3789	0.000531690	590438520	ops_par_loop_advec_mom_kernel_post_pre_advec_y_77	advec_mom_kernel_post_pre_advec_y
3790	0.000876565	472258640	ops_par_loop_advec_mom_kernel1_y_nonvector_78	advec_mom_kernel1_y_nonvector
3791	0.000453451	590131240	ops_par_loop_advec_mom_kernel2_y_79	advec_mom_kernel2_y
3792	0.000490431	472842752	ops_par_loop_advec_cell_kernel2_xdir_80	advec_cell_kernel2_xdir
3793	0.000772698	708203544	ops_par_loop_advec_cell_kernel3_xdir_81	advec_cell_kernel3_xdir
3794	0.001465634	1533542400	ops_par_loop_advec_cell_kernel4_xdir_82	advec_cell_kernel4_xdir
3795	0.000022513	553536	ops_par_loop_group_61	update_halo_kernel1_b2+update_halo_kernel4_minus_4_a
3796	0.000021020	553536	ops_par_loop_group_62	update_halo_kernel1_b1+update_halo_kernel4_minus_2_a
3797	0.000019507	246080	ops_par_loop_group_63	update_halo_kernel2_xvel_plus_4_a+update_halo_kernel2_yvel_minus_4_a
3798	0.000019767	246080	ops_par_loop_group_64	update_halo_kernel2_xvel_plus_2_a+update_halo_kernel2_yvel_minus_2_a
3799	0.000019147	246080	ops_par_loop_group_65	update_halo_kernel2_xvel_plus_4_b+update_halo_kernel2_yvel_minus_4_b
3800	0.000019647	246080	ops_par_loop_group_66	update_halo_kernel2_xvel_plus_2_b+update_halo_kernel2_yvel_minus_2_b
3801	0.000021591	246080	ops_par_loop_group_67	update_halo_kernel2_xvel_minus_4_a+update_halo_kernel2_yvel_plus_4_a
3802	0.000019467	246080	ops_par_loop_group_68	update_halo_kernel2_xvel_minus_2_a+update_halo_kernel2_yvel_plus_2_a
3803	0.000021070	246080	ops_par_loop_group_69	update_halo_kernel2_xvel_minus_4_b+update_halo_kernel2_yvel_plus_4_b
3804	0.000019447	246080	ops_par_loop_group_70	update_halo_kernel2_xvel_minus_2_b+update_halo_kernel2_yvel_plus_2_b
3805	0.000018976	123040	ops_par_loop_update_halo_kernel3_plus_4_a_107	update_halo_kernel3_plus_4_a
3806	0.000018054	123040	ops_par_loop_update_halo_kernel3_plus_2_a_108	update_halo_kernel3_plus_2_a
3807	0.000018786	123040	ops_par_loop_update_halo_kernel3_plus_4_b_109	update_halo_kernel3_plus_4_b
3808	0.000018244	123040	ops_par_loop_update_halo_kernel3_plus_2_b_110	update_halo_kernel3_plus_2_b
3809	0.000018746	123008	ops_par_loop_update_halo_kernel3_minus_4_b_113	update_halo_kernel3_minus_4_b
3810	0.000018184	123008	ops_par_loop_update_halo_kernel4_minus_4_b_117	update_halo_kernel4_minus_4_b
3811	0.000021731	553536	ops_par_loop_group_77	update_halo_kernel1_t2+update_halo_kernel4_minus_2_b
3812	0.000020469	430528	ops_par_loop_update_halo_kernel1_t1_86	update_halo_kernel1_t1
3813	0.000026079	553536	ops_par_loop_group_79	update_halo_kernel1_l2+update_halo_kernel3_minus_4_a
3814	0.000022693	553536	ops_par_loop_group_80	update_halo_kernel1_l1+update_halo_kernel3_minus_2_a
3815	0.000026941	553536	ops_par_loop_group_81	update_halo_kernel1_r2+update_halo_kernel3_minus_2_b
3816	0.000022362	430528	ops_par_loop_update_halo_kernel1_r1_90	update_halo_kernel1_r1
3817	0.000018816	123040	ops_par_loop_update_halo_kernel4_plus_4_a_119	update_halo_kernel4_plus_4_a
3818	0.000018415	123040	ops_par_loop_update_halo_kernel4_plus_2_a_120	update_halo_kernel4_plus_2_a
3819	0.000019327	123040	ops_par_loop_update_halo_kernel4_plus_4_b_121	update_halo_kernel4_plus_4_b
3820	0.000017934	123040	ops_par_loop_update_halo_kernel4_plus_2_b_122	update_halo_kernel4_plus_2_b
3821	0.001201813	944701952	ops_par_loop_group_87	advec_mom_kernel_x2+reset_field_kernel1
3822	0.000799909	708096064	ops_par_loop_group_88	advec_mom_kernel_mass_flux_x+ideal_gas_kernel
3823	0.000575322	590438520	ops_par_loop_advec_mom_kernel_post_pre_advec_x_125	advec_mom_kernel_post_pre_advec_x
3824	0.000882727	472258640	ops_par_loop_advec_mom_kernel1_x_nonvector_126	advec_mom_kernel1_x_nonvector
3825	0.000446408	590131240	ops_par_loop_advec_mom_kernel2_x_127	advec_mom_kernel2_x
3826	0.000496664	472842752	ops_par_loop_advec_mom_kernel_x2_128	advec_mom_kernel_x2
3827	0.000194740	236236864	ops_par_loop_advec_mom_kernel_mass_flux_x_129	advec_mom_kernel_mass_flux_x
3828	0.000571626	590438520	ops_par_loop_advec_mom_kernel_post_pre_advec_x_130	advec_mom_kernel_post_pre_advec_x
3829	0.000883809	472258640	ops_par_loop_advec_mom_kernel1_x_nonvector_131	advec_mom_kernel1_x_nonvector
3830	0.000731249	1062236232	ops_par_loop_group_96	advec_mom_kernel2_x+reset_field_kernel2
3831	0.000023304	430304	ops_par_loop_update_halo_kernel1_b1_136	update_halo_kernel1_b1
3832	0.000021120	430304	ops_par_loop_update_halo_kernel1_t1_137	update_halo_kernel1_t1
3833	0.000025298	430304	ops_par_loop_update_halo_kernel1_l1_138	update_halo_kernel1_l1
3834	0.000025438	430304	ops_par_loop_update_halo_kernel1_r1_139	update_halo_kernel1_r1
3835	0.000021701	245952	ops_par_loop_group_101	update_halo_kernel2_xvel_plus_2_a+update_halo_kernel2_yvel_minus_2_a
3836	0.000020329	245952	ops_par_loop_group_102	update_halo_kernel2_xvel_plus_2_b+update_halo_kernel2_yvel_minus_2_b
3837	0.000021331	245952	ops_par_loop_group_103	update_halo_kernel2_xvel_minus_2_a+update_halo_kernel2_yvel_plus_2_a
3838	0.000022042	245952	ops_par_loop_group_104	update_halo_kernel2_xvel_minus_2_b+update_halo_kernel2_yvel_plus_2_b
3839	0.001738291	589885440	ops_par_loop_viscosity_kernel_148	viscosity_kernel
3840	0.000021711	430304	ops_par_loop_update_halo_kernel1_b1_149	update_halo_kernel1_b1
3841	0.000020990	430304	ops_par_loop_update_halo_kernel1_t1_150	update_halo_kernel1_t1
3842	0.000024917	430304	ops_par_loop_update_halo_kernel1_l1_151	update_halo_kernel1_l1
3843	0.000024436	430304	ops_par_loop_update_halo_kernel1_r1_152	update_halo_kernel1_r1
3844	0.000917673	1061744640	ops_par_loop_calc_dt_kernel_153	calc_dt_kernel
3845	0.001483277	1887436800	ops_par_loop_group_0	PdV_kernel_predict+ideal_gas_kernel
3846	0.000022363	430304	ops_par_loop_update_halo_kernel1_b1_2	update_halo_kernel1_b1
3847	0.000019837	430304	ops_par_loop_update_halo_kernel1_t1_3	update_halo_kernel1_t1
3848	0.000023425	430304	ops_par_loop_update_halo_kernel1_l1_4	update_halo_kernel1_l1
3849	0.000023284	430304	ops_par_loop_update_halo_kernel1_r1_5	update_halo_kernel1_r1
3850	0.001564050	1770147928	ops_par_loop_group_5	revert_kernel+accelerate_kernel
3851	0.001358871	1651507200	ops_par_loop_PdV_kernel_nopredict_8	PdV_kernel_nopredict
3852	0.000363651	471982080	ops_par_loop_flux_calc_kernelx_9	flux_calc_kernelx
3853	0.000358050	471982080	ops_par_loop_flux_calc_kernely_10	flux_calc_kernely
3854	0.000021701	553536	ops_par_loop_group_9	update_halo_kernel1_b2+update_halo_kernel4_minus_4_a
3855	0.000020549	553536	ops_par_loop_group_10	update_halo_kernel1_b1+update_halo_kernel4_minus_2_a
3856	0.000019597	246080	ops_par_loop_group_11	update_halo_kernel3_plus_4_a+update_halo_kernel2_xvel_plus_4_a
3857	0.000018375	246080	ops_par_loop_group_12	update_halo_kernel3_plus_2_a+update_halo_kernel2_xvel_plus_2_a
3858	0.000018285	123008	ops_par_loop_update_halo_kernel4_minus_4_b_29	update_halo_kernel4_minus_4_b
3859	0.000020428	553536	ops_par_loop_group_14	update_halo_kernel1_t2+update_halo_kernel4_minus_2_b
3860	0.000019517	430528	ops_par_loop_update_halo_kernel1_t1_14	update_halo_kernel1_t1
3861	0.000018896	246080	ops_par_loop_group_16	update_halo_kernel2_xvel_plus_4_b+update_halo_kernel2_yvel_minus_4_b
3862	0.000018615	246080	ops_par_loop_group_17	update_halo_kernel3_plus_4_b+update_halo_kernel2_xvel_plus_2_b
3863	0.000018375	123040	ops_par_loop_update_halo_kernel3_plus_2_b_22	update_halo_kernel3_plus_2_b
3864	0.000025629	553536	ops_par_loop_group_19	update_halo_kernel1_l2+update_halo_kernel3_minus_4_a
3865	0.000022263	553536	ops_par_loop_group_20	update_halo_kernel1_l1+update_halo_kernel3_minus_2_a
3866	0.000024046	123008	ops_par_loop_update_halo_kernel3_minus_4_b_25	update_halo_kernel3_minus_4_b
3867	0.000024296	553536	ops_par_loop_group_22	update_halo_kernel1_r2+update_halo_kernel3_minus_2_b
3868	0.000021511	430528	ops_par_loop_update_halo_kernel1_r1_18	update_halo_kernel1_r1
3869	0.000020779	246080	ops_par_loop_group_24	update_halo_kernel4_plus_4_a+update_halo_kernel2_xvel_minus_4_a
3870	0.000019377	246080	ops_par_loop_group_25	update_halo_kernel4_plus_2_a+update_halo_kernel2_xvel_minus_2_a
3871	0.000017914	123040	ops_par_loop_update_halo_kernel2_yvel_minus_4_a_54	update_halo_kernel2_yvel_minus_4_a
3872	0.000017603	123040	ops_par_loop_update_halo_kernel2_yvel_minus_2_a_55	update_halo_kernel2_yvel_minus_2_a
3873	0.000017753	123040	ops_par_loop_update_halo_kernel2_yvel_minus_2_b_57	update_halo_kernel2_yvel_minus_2_b
3874	0.000019998	246080	ops_par_loop_group_29	update_halo_kernel2_xvel_minus_4_b+update_halo_kernel2_yvel_plus_4_b
3875	0.000019778	246080	ops_par_loop_group_30	update_halo_kernel4_plus_4_b+update_halo_kernel2_xvel_minus_2_b
3876	0.000017613	123040	ops_par_loop_update_halo_kernel4_plus_2_b_34	update_halo_kernel4_plus_2_b
3877	0.000561637	591053440	ops_par_loop_advec_cell_kernel1_xdir_35	advec_cell_kernel1_xdir
3878	0.000772297	708203544	ops_par_loop_advec_cell_kernel3_xdir_36	advec_cell_kernel3_xdir
3879	0.001459923	1533542400	ops_par_loop_advec_cell_kernel4_xdir_37	advec_cell_kernel4_xdir
3880	0.000021180	430528	ops_par_loop_update_halo_kernel1_b2_38	update_halo_kernel1_b2
3881	0.000019968	430528	ops_par_loop_update_halo_kernel1_b1_39	update_halo_kernel1_b1
3882	0.000019998	430528	ops_par_loop_update_halo_kernel1_t2_40	update_halo_kernel1_t2
3883	0.000020078	430528	ops_par_loop_update_halo_kernel1_t1_41	update_halo_kernel1_t1
3884	0.000018605	123040	ops_par_loop_update_halo_kernel3_plus_4_a_62	update_halo_kernel3_plus_4_a
3885	0.000018716	123040	ops_par_loop_update_halo_kernel3_plus_2_a_63	update_halo_kernel3_plus_2_a
3886	0.000017573	123040	ops_par_loop_update_halo_kernel3_plus_4_b_64	update_halo_kernel3_plus_4_b
3887	0.000018144	123040	ops_par_loop_update_halo_kernel3_plus_2_b_65	update_halo_kernel3_plus_2_b
3888	0.000026310	553536	ops_par_loop_group_43	update_halo_kernel1_l2+update_halo_kernel3_minus_4_a
3889	0.000023344	553536	ops_par_loop_group_44	update_halo_kernel1_l1+update_halo_kernel3_minus_2_a
3890	0.000018475	123008	ops_par_loop_update_halo_kernel3_minus_4_b_68	update_halo_kernel3_minus_4_b
3891	0.000024386	553536	ops_par_loop_group_46	update_halo_kernel1_r2+update_halo_kernel3_minus_2_b
3892	0.000020669	430528	ops_par_loop_update_halo_kernel1_r1_45	update_halo_kernel1_r1
3893	0.000572377	591053440	ops_par_loop_advec_mom_kernel_x1_70	advec_mom_kernel_x1
3894	0.000195441	236236864	ops_par_loop_advec_mom_kernel_mass_flux_x_71	advec_mom_kernel_mass_flux_x
3895	0.000572647	590438520	ops_par_loop_advec_mom_kernel_post_pre_advec_x_72	advec_mom_kernel_post_pre_advec_x
3896	0.000881715	472258640	ops_par_loop_advec_mom_kernel1_x_nonvector_73	advec_mom_kernel1_x_nonvector
3897	0.000449965	590131240	ops_par_loop_advec_mom_kernel2_x_74	advec_mom_kernel2_x
3898	0.000561827	591053440	ops_par_loop_advec_mom_kernel_x1_75	advec_mom_kernel_x1
3899	0.000193637	236236864	ops_par_loop_advec_mom_kernel_mass_flux_x_76	advec_mom_kernel_mass_flux_x
3900	0.000572748	590438520	ops_par_loop_advec_mom_kernel_post_pre_advec_x_77	advec_mom_kernel_post_pre_advec_x
3901	0.000020900	246080	ops_par_loop_group_56	update_halo_kernel2_xvel_plus_4_a+update_halo_kernel3_plus_4_a
3902	0.000018586	246080	ops_par_loop_group_57	update_halo_kernel2_xvel_plus_2_a+update_halo_kernel3_plus_2_a
3903	0.000018335	123040	ops_par_loop_update_halo_kernel2_xvel_plus_4_b_93	update_halo_kernel2_xvel_plus_4_b
3904	0.000018746	246080	ops_par_loop_group_59	update_halo_kernel2_xvel_plus_2_b+update_halo_kernel3_plus_4_b
3905	0.000021631	246080	ops_par_loop_group_60	update_halo_kernel2_yvel_plus_4_a+update_halo_kernel2_xvel_minus_4_a
3906	0.000019257	246080	ops_par_loop_group_61	update_halo_kernel2_yvel_plus_2_a+update_halo_kernel2_xvel_minus_2_a
3907	0.000018525	123040	ops_par_loop_update_halo_kernel2_xvel_minus_4_b_97	update_halo_kernel2_xvel_minus_4_b
3908	0.000020449	246080	ops_par_loop_group_63	update_halo_kernel2_yvel_plus_2_b+update_halo_kernel2_xvel_minus_2_b
3909	0.000882567	472258640	ops_par_loop_advec_mom_kernel1_x_nonvector_78	advec_mom_kernel1_x_nonvector
3910	0.000445416	590131240	ops_par_loop_advec_mom_kernel2_x_79	advec_mom_kernel2_x
3911	0.000499168	472842752	ops_par_loop_advec_cell_kernel2_ydir_80	advec_cell_kernel2_ydir
3912	0.000788918	708203544	ops_par_loop_advec_cell_kernel3_ydir_81	advec_cell_kernel3_ydir
3913	0.001469712	1533542400	ops_par_loop_advec_cell_kernel4_ydir_82	advec_cell_kernel4_ydir
3914	0.000022723	553536	ops_par_loop_group_69	update_halo_kernel1_b2+update_halo_kernel4_minus_4_a
3915	0.000021591	553536	ops_par_loop_group_70	update_halo_kernel1_b1+update_halo_kernel4_minus_2_a
3916	0.000018305	123040	ops_par_loop_update_halo_kernel2_yvel_minus_4_a_99	update_halo_kernel2_yvel_minus_4_a
3917	0.000018365	123040	ops_par_loop_update_halo_kernel2_yvel_minus_2_a_100	update_halo_kernel2_yvel_minus_2_a
3918	0.000018084	123040	ops_par_loop_update_halo_kernel2_yvel_minus_4_b_101	update_halo_kernel2_yvel_minus_4_b
3919	0.000025268	123040	ops_par_loop_update_halo_kernel2_yvel_minus_2_b_102	update_halo_kernel2_yvel_minus_2_b
3920	0.000021180	123040	ops_par_loop_update_halo_kernel2_yvel_plus_4_b_105	update_halo_kernel2_yvel_plus_4_b
3921	0.000018556	123040	ops_par_loop_update_halo_kernel3_plus_2_b_110	update_halo_kernel3_plus_2_b
3922	0.000018505	123008	ops_par_loop_update_halo_kernel3_minus_4_b_113	update_halo_kernel3_minus_4_b
3923	0.000017703	123008	ops_par_loop_update_halo_kernel4_minus_4_b_117	update_halo_kernel4_minus_4_b
3924	0.000021400	553536	ops_par_loop_group_79	update_halo_kernel1_t2+update_halo_kernel4_minus_2_b
3925	0.000020379	430528	ops_par_loop_update_halo_kernel1_t1_86	update_halo_kernel1_t1
3926	0.000027051	553536	ops_par_loop_group_81	update_halo_kernel1_l2+update_halo_kernel3_minus_4_a
3927	0.000023304	553536	ops_par_loop_group_82	update_halo_kernel1_l1+update_halo_kernel3_minus_2_a
3928	0.000024366	553536	ops_par_loop_group_83	update_halo_kernel1_r2+update_halo_kernel3_minus_2_b
3929	0.000021391	430528	ops_par_loop_update_halo_kernel1_r1_90	update_halo_kernel1_r1
3930	0.000021261	246080	ops_par_loop_group_85	update_halo_kernel2_yvel_plus_4_a+update_halo_kernel4_plus_4_a
3931	0.000020680	246080	ops_par_loop_group_86	update_halo_kernel2_yvel_plus_2_a+update_halo_kernel4_plus_2_a
3932	0.000020068	246080	ops_par_loop_group_87	update_halo_kernel2_yvel_plus_2_b+update_halo_kernel4_plus_4_b
3933	0.000019297	123040	ops_par_loop_update_halo_kernel4_plus_2_b_122	update_halo_kernel4_plus_2_b
3934	0.001193617	944701952	ops_par_loop_group_89	advec_mom_kernel_y2+reset_field_kernel1
3935	0.000736288	708096064	ops_par_loop_group_90	advec_mom_kernel_mass_flux_y+ideal_gas_kernel
3936	0.000531249	590438520	ops_par_loop_advec_mom_kernel_post_pre_advec_y_125	advec_mom_kernel_post_pre_advec_y
3937	0.000878739	472258640	ops_par_loop_advec_mom_kernel1_y_nonvector_126	advec_mom_kernel1_y_nonvector
3938	0.000448411	590131240	ops_par_loop_advec_mom_kernel2_y_127	advec_mom_kernel2_y
3939	0.000489840	472842752	ops_par_loop_advec_mom_kernel_y2_128	advec_mom_kernel_y2
3940	0.000192085	236236864	ops_par_loop_advec_mom_kernel_mass_flux_y_129	advec_mom_kernel_mass_flux_y
3941	0.000532492	590438520	ops_par_loop_advec_mom_kernel_post_pre_advec_y_130	advec_mom_kernel_post_pre_advec_y
3942	0.000875122	472258640	ops_par_loop_advec_mom_kernel1_y_nonvector_131	advec_mom_kernel1_y_nonvector
3943	0.000733934	1062236232	ops_par_loop_group_98	advec_mom_kernel2_y+reset_field_kernel2
3944	0.000021652	430304	ops_par_loop_update_halo_kernel1_b1_136	update_halo_kernel1_b1
3945	0.000020579	430304	ops_par_loop_update_halo_kernel1_t1_137	update_halo_kernel1_t1
3946	0.000023615	430304	ops_par_loop_update_halo_kernel1_l1_138	update_halo_kernel1_l1
3947	0.000023355	430304	ops_par_loop_update_halo_kernel1_r1_139	update_halo_kernel1_r1
3948	0.000019196	245952	ops_par_loop_group_103	update_halo_kernel2_xvel_plus_2_a+update_halo_kernel2_yvel_minus_2_a
3949	0.000019246	245952	ops_par_loop_group_104	update_halo_kernel2_xvel_plus_2_b+update_halo_kernel2_yvel_minus_2_b
3950	0.000020579	245952	ops_par_loop_group_105	update_halo_kernel2_xvel_minus_2_a+update_halo_kernel2_yvel_plus_2_a
3951	0.000021481	245952	ops_par_loop_group_106	update_halo_kernel2_xvel_minus_2_b+update_halo_kernel2_yvel_plus_2_b
3952	0.001734675	589885440	ops_par_loop_viscosity_kernel_148	viscosity_kernel
3953	0.000021951	430304	ops_par_loop_update_halo_kernel1_b1_149	update_halo_kernel1_b1
3954	0.000020208	430304	ops_par_loop_update_halo_kernel1_t1_150	update_halo_kernel1_t1
3955	0.000022794	430304	ops_par_loop_update_halo_kernel1_l1_151	update_halo_kernel1_l1
3956	0.000023264	430304	ops_par_loop_update_halo_kernel1_r1_152	update_halo_kernel1_r1
3957	0.000917603	1061744640	ops_par_loop_calc_dt_kernel_153	calc_dt_kernel
3958	0.001487165	1887436800	ops_par_loop_group_0	PdV_kernel_predict+ideal_gas_kernel
3959	0.000022242	430304	ops_par_loop_update_halo_kernel1_b1_2	update_halo_kernel1_b1
3960	0.000020939	430304	ops_par_loop_update_halo_kernel1_t1_3	update_halo_kernel1_t1
3961	0.000023425	430304	ops_par_loop_update_halo_kernel1_l1_4	update_halo_kernel1_l1
3962	0.000023334	430304	ops_par_loop_update_halo_kernel1_r1_5	update_halo_kernel1_r1
3963	0.001557940	1770147928	ops_par_loop_group_5	revert_kernel+accelerate_kernel
3964	0.001359412	1651507200	ops_par_loop_PdV_kernel_nopredict_8	PdV_kernel_nopredict
3965	0.000361727	471982080	ops_par_loop_flux_calc_kernelx_9	flux_calc_kernelx
3966	0.000357259	471982080	ops_par_loop_flux_calc_kernely_10	flux_calc_kernely
3967	0.000020749	553536	ops_par_loop_group_9	update_halo_kernel1_b2+update_halo_kernel4_minus_4_a
3968	0.000020589	553536	ops_par_loop_group_10	update_halo_kernel1_b1+update_halo_kernel4_minus_2_a
3969	0.000019617	246080	ops_par_loop_group_11	update_halo_kernel3_plus_4_a+update_halo_kernel2_xvel_plus_4_a
3970	0.000018926	246080	ops_par_loop_group_12	update_halo_kernel3_plus_2_a+update_halo_kernel2_xvel_plus_2_a
3971	0.000017914	123008	ops_par_loop_update_halo_kernel4_minus_4_b_29	update_halo_kernel4_minus_4_b
3972	0.000021110	553536	ops_par_loop_group_14	update_halo_kernel1_t2+update_halo_kernel4_minus_2_b
3973	0.000019787	430528	ops_par_loop_update_halo_kernel1_t1_14	update_halo_kernel1_t1
3974	0.000020018	246080	ops_par_loop_group_16	update_halo_kernel2_xvel_plus_4_b+update_halo_kernel2_yvel_minus_4_b
3975	0.000018566	246080	ops_par_loop_group_17	update_halo_kernel3_plus_4_b+update_halo_kernel2_xvel_plus_2_b
3976	0.000018626	123040	ops_par_loop_update_halo_kernel3_plus_2_b_22	update_halo_kernel3_plus_2_b
3977	0.000025027	553536	ops_par_loop_group_19	update_halo_kernel1_l2+update_halo_kernel3_minus_4_a
3978	0.000022383	553536	ops_par_loop_group_20	update_halo_kernel1_l1+update_halo_kernel3_minus_2_a
3979	0.000018845	123008	ops_par_loop_update_halo_kernel3_minus_4_b_25	update_halo_kernel3_minus_4_b
3980	0.000024617	553536	ops_par_loop_group_22	update_halo_kernel1_r2+update_halo_kernel3_minus_2_b
3981	0.000022573	430528	ops_par_loop_update_halo_kernel1_r1_18	update_halo_kernel1_r1
3982	0.000020789	246080	ops_par_loop_group_24	update_halo_kernel4_plus_4_a+update_halo_kernel2_xvel_minus_4_a
3983	0.000019527	246080	ops_par_loop_group_25	update_halo_kernel4_plus_2_a+update_halo_kernel2_xvel_minus_2_a
3984	0.000019066	123040	ops_par_loop_update_halo_kernel2_yvel_minus_4_a_54	update_halo_kernel2_yvel_minus_4_a
3985	0.000017443	123040	ops_par_loop_update_halo_kernel2_yvel_minus_2_a_55	update_halo_kernel2_yvel_minus_2_a
3986	0.000016922	123040	ops_par_loop_update_halo_kernel2_yvel_minus_2_b_57	update_halo_kernel2_yvel_minus_2_b
3987	0.000020760	246080	ops_par_loop_group_29	update_halo_kernel2_xvel_minus_4_b+update_halo_kernel2_yvel_plus_4_b
3988	0.000019957	246080	ops_par_loop_group_30	update_halo_kernel4_plus_4_b+update_halo_kernel2_xvel_minus_2_b
3989	0.000017484	123040	ops_par_loop_update_halo_kernel4_plus_2_b_34	update_halo_kernel4_plus_2_b
3990	0.000564372	591053440	ops_par_loop_advec_cell_kernel1_ydir_35	advec_cell_kernel1_ydir
3991	0.000787746	708203544	ops_par_loop_advec_cell_kernel3_ydir_36	advec_cell_kernel3_ydir
3992	0.001471565	1533542400	ops_par_loop_advec_cell_kernel4_ydir_37	advec_cell_kernel4_ydir
3993	0.000021421	553536	ops_par_loop_group_35	update_halo_kernel1_b2+update_halo_kernel4_minus_4_a
3994	0.000020138	553536	ops_par_loop_group_36	update_halo_kernel1_b1+update_halo_kernel4_minus_2_a
3995	0.000018595	123008	ops_par_loop_update_halo_kernel4_minus_4_b_64	update_halo_kernel4_minus_4_b
3996	0.000020369	553536	ops_par_loop_group_38	update_halo_kernel1_t2+update_halo_kernel4_minus_2_b
3997	0.000019407	430528	ops_par_loop_update_halo_kernel1_t1_41	update_halo_kernel1_t1
3998	0.000023365	430528	ops_par_loop_update_halo_kernel1_l2_42	update_halo_kernel1_l2
3999	0.000021070	430528	ops_par_loop_update_halo_kernel1_l1_43	update_halo_kernel1_l1
4000	0.000022223	430528	ops_par_loop_update_halo_kernel1_r2_44	update_halo_kernel1_r2
4001	0.000020740	430528	ops_par_loop_update_halo_kernel1_r1_45	update_halo_kernel1_r1
4002	0.000020619	246080	ops_par_loop_group_44	update_halo_kernel2_yvel_plus_4_a+update_halo_kernel4_plus_4_a
4003	0.000019106	246080	ops_par_loop_group_45	update_halo_kernel2_yvel_plus_2_a+update_halo_kernel4_plus_2_a
4004	0.000020258	246080	ops_par_loop_group_46	update_halo_kernel2_yvel_plus_2_b+update_halo_kernel4_plus_4_b
4005	0.000017834	123040	ops_par_loop_update_halo_kernel4_plus_2_b_69	update_halo_kernel4_plus_2_b
4006	0.000560294	591053440	ops_par_loop_advec_mom_kernel_y1_70	advec_mom_kernel_y1
4007	0.000191915	236236864	ops_par_loop_advec_mom_kernel_mass_flux_y_71	advec_mom_kernel_mass_flux_y
4008	0.000532432	590438520	ops_par_loop_advec_mom_kernel_post_pre_advec_y_72	advec_mom_kernel_post_pre_advec_y
4009	0.000878118	472258640	ops_par_loop_advec_mom_kernel1_y_nonvector_73	advec_mom_kernel1_y_nonvector
4010	0.000448642	590131240	ops_par_loop_advec_mom_kernel2_y_74	advec_mom_kernel2_y
4011	0.000562438	591053440	ops_par_loop_advec_mom_kernel_y1_75	advec_mom_kernel_y1
4012	0.000190642	236236864	ops_par_loop_advec_mom_kernel_mass_flux_y_76	advec_mom_kernel_mass_flux_y
4013	0.000531139	590438520	ops_par_loop_advec_mom_kernel_post_pre_advec_y_77	advec_mom_kernel_post_pre_advec_y
4014	0.000874982	472258640	ops_par_loop_advec_mom_kernel1_y_nonvector_78	advec_mom_kernel1_y_nonvector
4015	0.000448862	590131240	ops_par_loop_advec_mom_kernel2_y_79	advec_mom_kernel2_y
4016	0.000491333	472842752	ops_par_loop_advec_cell_kernel2_xdir_80	advec_cell_kernel2_xdir
4017	0.000772257	708203544	ops_par_loop_advec_cell_kernel3_xdir_81	advec_cell_kernel3_xdir
4018	0.001464712	1533542400	ops_par_loop_advec_cell_kernel4_xdir_82	advec_cell_kernel4_xdir
4019	0.000021491	553536	ops_par_loop_group_61	update_halo_kernel1_b2+update_halo_kernel4_minus_4_a
4020	0.000020168	553536	ops_par_loop_group_62	update_halo_kernel1_b1+update_halo_kernel4_minus_2_a
4021	0.000019156	246080	ops_par_loop_group_63	update_halo_kernel2_xvel_plus_4_a+update_halo_kernel2_yvel_minus_4_a
4022	0.000018796	246080	ops_par_loop_group_64	update_halo_kernel2_xvel_plus_2_a+update_halo_kernel2_yvel_minus_2_a
4023	0.000019177	246080	ops_par_loop_group_65	update_halo_kernel2_xvel_plus_4_b+update_halo_kernel2_yvel_minus_4_b
4024	0.000018535	246080	ops_par_loop_group_66	update_halo_kernel2_xvel_plus_2_b+update_halo_kernel2_yvel_minus_2_b
4025	0.000020348	246080	ops_par_loop_group_67	update_halo_kernel2_xvel_minus_4_a+update_halo_kernel2_yvel_plus_4_a
4026	0.000018926	246080	ops_par_loop_group_68	update_halo_kernel2_xvel_minus_2_a+update_halo_kernel2_yvel_plus_2_a
4027	0.000019898	246080	ops_par_loop_group_69	update_halo_kernel2_xvel_minus_4_b+update_halo_kernel2_yvel_plus_4_b
4028	0.000019396	246080	ops_par_loop_group_70	update_halo_kernel2_xvel_minus_2_b+update_halo_kernel2_yvel_plus_2_b
4029	0.000018686	123040	ops_par_loop_update_halo_kernel3_plus_4_a_107	update_halo_kernel3_plus_4_a
4030	0.000017653	123040	ops_par_loop_update_halo_kernel3_plus_2_a_108	update_halo_kernel3_plus_2_a
4031	0.000017924	123040	ops_par_loop_update_halo_kernel3_plus_4_b_109	update_halo_kernel3_plus_4_b
4032	0.000017663	123040	ops_par_loop_update_halo_kernel3_plus_2_b_110	update_halo_kernel3_plus_2_b
4033	0.000018174	123008	ops_par_loop_update_halo_kernel3_minus_4_b_113	update_halo_kernel3_minus_4_b
4034	0.000017624	123008	ops_par_loop_update_halo_kernel4_minus_4_b_117	update_halo_kernel4_minus_4_b
4035	0.000020749	553536	ops_par_loop_group_77	update_halo_kernel1_t2+update_halo_kernel4_minus_2_b
4036	0.000019938	430528	ops_par_loop_update_halo_kernel1_t1_86	update_halo_kernel1_t1
4037	0.000025308	553536	ops_par_loop_group_79	update_halo_kernel1_l2+update_halo_kernel3_minus_4_a
4038	0.000022613	553536	ops_par_loop_group_80	update_halo_kernel1_l1+update_halo_kernel3_minus_2_a
4039	0.000025208	553536	ops_par_loop_group_81	update_halo_kernel1_r2+update_halo_kernel3_minus_2_b
4040	0.000020870	430528	ops_par_loop_update_halo_kernel1_r1_90	update_halo_kernel1_r1
4041	0.000018606	123040	ops_par_loop_update_halo_kernel4_plus_4_a_119	update_halo_kernel4_plus_4_a
4042	0.000017694	123040	ops_par_loop_update_halo_kernel4_plus_2_a_120	update_halo_kernel4_plus_2_a
4043	0.000019216	123040	ops_par_loop_update_halo_kernel4_plus_4_b_121	update_halo_kernel4_plus_4_b
4044	0.000017624	123040	ops_par_loop_update_halo_kernel4_plus_2_b_122	update_halo_kernel4_plus_2_b
4045	0.001200981	944701952	ops_par_loop_group_87	advec_mom_kernel_x2+reset_field_kernel1
4046	0.000802074	708096064	ops_par_loop_group_88	advec_mom_kernel_mass_flux_x+ideal_gas_kernel
4047	0.000573078	590438520	ops_par_loop_advec_mom_kernel_post_pre_advec_x_125	advec_mom_kernel_post_pre_advec_x
4048	0.000881765	472258640	ops_par_loop_advec_mom_kernel1_x_nonvector_126	advec_mom_kernel1_x_nonvector
4049	0.000449925	590131240	ops_par_loop_advec_mom_kernel2_x_127	advec_mom_kernel2_x
4050	0.000502985	472842752	ops_par_loop_advec_mom_kernel_x2_128	advec_mom_kernel_x2
4051	0.000193838	236236864	ops_par_loop_advec_mom_kernel_mass_flux_x_129	advec_mom_kernel_mass_flux_x
4052	0.000574963	590438520	ops_par_loop_advec_mom_kernel_post_pre_advec_x_130	advec_mom_kernel_post_pre_advec_x
4053	0.000883228	472258640	ops_par_loop_advec_mom_kernel1_x_nonvector_131	advec_mom_kernel1_x_nonvector
4054	0.000730758	1062236232	ops_par_loop_group_96	advec_mom_kernel2_x+reset_field_kernel2
4055	0.000020719	430304	ops_par_loop_update_halo_kernel1_b1_136	update_halo_kernel1_b1
4056	0.000019467	430304	ops_par_loop_update_halo_kernel1_t1_137	update_halo_kernel1_t1
4057	0.000023073	430304	ops_par_loop_update_halo_kernel1_l1_138	update_halo_kernel1_l1
4058	0.000023043	430304	ops_par_loop_update_halo_kernel1_r1_139	update_halo_kernel1_r1
4059	0.000018806	245952	ops_par_loop_group_101	update_halo_kernel2_xvel_plus_2_a+update_halo_kernel2_yvel_minus_2_a
4060	0.000018906	245952	ops_par_loop_group_102	update_halo_kernel2_xvel_plus_2_b+update_halo_kernel2_yvel_minus_2_b
4061	0.000020429	245952	ops_par_loop_group_103	update_halo_kernel2_xvel_minus_2_a+update_halo_kernel2_yvel_plus_2_a
4062	0.000020910	245952	ops_par_loop_group_104	update_halo_kernel2_xvel_minus_2_b+update_halo_kernel2_yvel_plus_2_b
4063	0.001733322	589885440	ops_par_loop_viscosity_kernel_148	viscosity_kernel
4064	0.000020880	430304	ops_par_loop_update_halo_kernel1_b1_149	update_halo_kernel1_b1
4065	0.000019938	430304	ops_par_loop_update_halo_kernel1_t1_150	update_halo_kernel1_t1
4066	0.000022292	430304	ops_par_loop_update_halo_kernel1_l1_151	update_halo_kernel1_l1
4067	0.000022623	430304	ops_par_loop_update_halo_kernel1_r1_152	update_halo_kernel1_r1
4068	0.000916351	1061744640	ops_par_loop_calc_dt_kernel_153	calc_dt_kernel
4069	0.001483778	1887436800	ops_par_loop_group_0	PdV_kernel_predict+ideal_gas_kernel
4070	0.000022363	430304	ops_par_loop_update_halo_kernel1_b1_2	update_halo_kernel1_b1
4071	0.000020269	430304	ops_par_loop_update_halo_kernel1_t1_3	update_halo_kernel1_t1
4072	0.000023054	430304	ops_par_loop_update_halo_kernel1_l1_4	update_halo_kernel1_l1
4073	0.000023004	430304	ops_par_loop_update_halo_kernel1_r1_5	update_halo_kernel1_r1
4074	0.001556887	1770147928	ops_par_loop_group_5	revert_kernel+accelerate_kernel
4075	0.001357308	1651507200	ops_par_loop_PdV_kernel_nopredict_8	PdV_kernel_nopredict
4076	0.000362098	471982080	ops_par_loop_flux_calc_kernelx_9	flux_calc_kernelx
4077	0.000357590	471982080	ops_par_loop_flux_calc_kernely_10	flux_calc_kernely
4078	0.000021471	553536	ops_par_loop_group_9	update_halo_kernel1_b2+update_halo_kernel4_minus_4_a
4079	0.000021160	553536	ops_par_loop_group_10	update_halo_kernel1_b1+update_halo_kernel4_minus_2_a
4080	0.000018695	246080	ops_par_loop_group_11	update_halo_kernel3_plus_4_a+update_halo_kernel2_xvel_plus_4_a
4081	0.000018866	246080	ops_par_loop_group_12	update_halo_kernel3_plus_2_a+update_halo_kernel2_xvel_plus_2_a
4082	0.000018335	123008	ops_par_loop_update_halo_kernel4_minus_4_b_29	update_halo_kernel4_minus_4_b
4083	0.000024326	553536	ops_par_loop_group_14	update_halo_kernel1_t2+update_halo_kernel4_minus_2_b
4084	0.000019707	430528	ops_par_loop_update_halo_kernel1_t1_14	update_halo_kernel1_t1
4085	0.000019066	246080	ops_par_loop_group_16	update_halo_kernel2_xvel_plus_4_b+update_halo_kernel2_yvel_minus_4_b
4086	0.000017894	246080	ops_par_loop_group_17	update_halo_kernel3_plus_4_b+update_halo_kernel2_xvel_plus_2_b
4087	0.000017693	123040	ops_par_loop_update_halo_kernel3_plus_2_b_22	update_halo_kernel3_plus_2_b
4088	0.000024857	553536	ops_par_loop_group_19	update_halo_kernel1_l2+update_halo_kernel3_minus_4_a
4089	0.000022773	553536	ops_par_loop_group_20	update_halo_kernel1_l1+update_halo_kernel3_minus_2_a
4090	0.000018625	123008	ops_par_loop_update_halo_kernel3_minus_4_b_25	update_halo_kernel3_minus_4_b
4091	0.000023494	553536	ops_par_loop_group_22	update_halo_kernel1_r2+update_halo_kernel3_minus_2_b
4092	0.000021100	430528	ops_par_loop_update_halo_kernel1_r1_18	update_halo_kernel1_r1
4093	0.000020229	246080	ops_par_loop_group_24	update_halo_kernel4_plus_4_a+update_halo_kernel2_xvel_minus_4_a
4094	0.000018846	246080	ops_par_loop_group_25	update_halo_kernel4_plus_2_a+update_halo_kernel2_xvel_minus_2_a
4095	0.000017644	123040	ops_par_loop_update_halo_kernel2_yvel_minus_4_a_54	update_halo_kernel2_yvel_minus_4_a
4096	0.000017293	123040	ops_par_loop_update_halo_kernel2_yvel_minus_2_a_55	update_halo_kernel2_yvel_minus_2_a
4097	0.000017844	123040	ops_par_loop_update_halo_kernel2_yvel_minus_2_b_57	update_halo_kernel2_yvel_minus_2_b
4098	0.000020429	246080	ops_par_loop_group_29	update_halo_kernel2_xvel_minus_4_b+update_halo_kernel2_yvel_plus_4_b
4099	0.000021130	246080	ops_par_loop_group_30	update_halo_kernel4_plus_4_b+update_halo_kernel2_xvel_minus_2_b
4100	0.000017323	123040	ops_par_loop_update_halo_kernel4_plus_2_b_34	update_halo_kernel4_plus_2_b
4101	0.000560926	591053440	ops_par_loop_advec_cell_kernel1_xdir_35	advec_cell_kernel1_xdir
4102	0.000772257	708203544	ops_par_loop_advec_cell_kernel3_xdir_36	advec_cell_kernel3_xdir
4103	0.001456446	1533542400	ops_par_loop_advec_cell_kernel4_xdir_37	advec_cell_kernel4_xdir
4104	0.000020268	430528	ops_par_loop_update_halo_kernel1_b2_38	update_halo_kernel1_b2
4105	0.000019948	430528	ops_par_loop_update_halo_kernel1_b1_39	update_halo_kernel1_b1
4106	0.000019377	430528	ops_par_loop_update_halo_kernel1_t2_40	update_halo_kernel1_t2
4107	0.000019628	430528	ops_par_loop_update_halo_kernel1_t1_41	update_halo_kernel1_t1
4108	0.000018775	123040	ops_par_loop_update_halo_kernel3_plus_4_a_62	update_halo_kernel3_plus_4_a
4109	0.000017954	123040	ops_par_loop_update_halo_kernel3_plus_2_a_63	update_halo_kernel3_plus_2_a
4110	0.000017814	123040	ops_par_loop_update_halo_kernel3_plus_4_b_64	update_halo_kernel3_plus_4_b
4111	0.000018274	123040	ops_par_loop_update_halo_kernel3_plus_2_b_65	update_halo_kernel3_plus_2_b
4112	0.000025899	553536	ops_par_loop_group_43	update_halo_kernel1_l2+update_halo_kernel3_minus_4_a
4113	0.000022031	553536	ops_par_loop_group_44	update_halo_kernel1_l1+update_halo_kernel3_minus_2_a
4114	0.000019136	123008	ops_par_loop_update_halo_kernel3_minus_4_b_68	update_halo_kernel3_minus_4_b
4115	0.000024307	553536	ops_par_loop_group_46	update_halo_kernel1_r2+update_halo_kernel3_minus_2_b
4116	0.000020539	430528	ops_par_loop_update_halo_kernel1_r1_45	update_halo_kernel1_r1
4117	0.000562648	591053440	ops_par_loop_advec_mom_kernel_x1_70	advec_mom_kernel_x1
4118	0.000193467	236236864	ops_par_loop_advec_mom_kernel_mass_flux_x_71	advec_mom_kernel_mass_flux_x
4119	0.000574250	590438520	ops_par_loop_advec_mom_kernel_post_pre_advec_x_72	advec_mom_kernel_post_pre_advec_x
4120	0.000882486	472258640	ops_par_loop_advec_mom_kernel1_x_nonvector_73	advec_mom_kernel1_x_nonvector
4121	0.000445837	590131240	ops_par_loop_advec_mom_kernel2_x_74	advec_mom_kernel2_x
4122	0.000560585	591053440	ops_par_loop_advec_mom_kernel_x1_75	advec_mom_kernel_x1
4123	0.000193538	236236864	ops_par_loop_advec_mom_kernel_mass_flux_x_76	advec_mom_kernel_mass_flux_x
4124	0.000578128	590438520	ops_par_loop_advec_mom_kernel_post_pre_advec_x_77	advec_mom_kernel_post_pre_advec_x
4125	0.000020319	246080	ops_par_loop_group_56	update_halo_kernel2_xvel_plus_4_a+update_halo_kernel3_plus_4_a
4126	0.000018896	246080	ops_par_loop_group_57	update_halo_kernel2_xvel_plus_2_a+update_halo_kernel3_plus_2_a
4127	0.000018184	123040	ops_par_loop_update_halo_kernel2_xvel_plus_4_b_93	update_halo_kernel2_xvel_plus_4_b
4128	0.000019327	246080	ops_par_loop_group_59	update_halo_kernel2_xvel_plus_2_b+update_halo_kernel3_plus_4_b
4129	0.000020620	246080	ops_par_loop_group_60	update_halo_kernel2_yvel_plus_4_a+update_halo_kernel2_xvel_minus_4_a
4130	0.000018786	246080	ops_par_loop_group_61	update_halo_kernel2_yvel_plus_2_a+update_halo_kernel2_xvel_minus_2_a
4131	0.000018926	123040	ops_par_loop_update_halo_kernel2_xvel_minus_4_b_97	update_halo_kernel2_xvel_minus_4_b
4132	0.000020249	246080	ops_par_loop_group_63	update_halo_kernel2_yvel_plus_2_b+update_halo_kernel2_xvel_minus_2_b
4133	0.000882206	472258640	ops_par_loop_advec_mom_kernel1_x_nonvector_78	advec_mom_kernel1_x_nonvector
4134	0.000449664	590131240	ops_par_loop_advec_mom_kernel2_x_79	advec_mom_kernel2_x
4135	0.000497545	472842752	ops_par_loop_advec_cell_kernel2_ydir_80	advec_cell_kernel2_ydir
4136	0.000787746	708203544	ops_par_loop_advec_cell_kernel3_ydir_81	advec_cell_kernel3_ydir
4137	0.001473890	1533542400	ops_par_loop_advec_cell_kernel4_ydir_82	advec_cell_kernel4_ydir
4138	0.000022583	553536	ops_par_loop_group_69	update_halo_kernel1_b2+update_halo_kernel4_minus_4_a
4139	0.000020769	553536	ops_par_loop_group_70	update_halo_kernel1_b1+update_halo_kernel4_minus_2_a
4140	0.000018064	123040	ops_par_loop_update_halo_kernel2_yvel_minus_4_a_99	update_halo_kernel2_yvel_minus_4_a
4141	0.000017573	123040	ops_par_loop_update_halo_kernel2_yvel_minus_2_a_100	update_halo_kernel2_yvel_minus_2_a
4142	0.000018065	123040	ops_par_loop_update_halo_kernel2_yvel_minus_4_b_101	update_halo_kernel2_yvel_minus_4_b
4143	0.000017413	123040	ops_par_loop_update_halo_kernel2_yvel_minus_2_b_102	update_halo_kernel2_yvel_minus_2_b
4144	0.000019588	123040	ops_par_loop_update_halo_kernel2_yvel_plus_4_b_105	update_halo_kernel2_yvel_plus_4_b
4145	0.000018285	123040	ops_par_loop_update_halo_kernel3_plus_2_b_110	update_halo_kernel3_plus_2_b
4146	0.000018616	123008	ops_par_loop_update_halo_kernel3_minus_4_b_113	update_halo_kernel3_minus_4_b
4147	0.000017914	123008	ops_par_loop_update_halo_kernel4_minus_4_b_117	update_halo_kernel4_minus_4_b
4148	0.000020930	553536	ops_par_loop_group_79	update_halo_kernel1_t2+update_halo_kernel4_minus_2_b
4149	0.000019678	430528	ops_par_loop_update_halo_kernel1_t1_86	update_halo_kernel1_t1
4150	0.000026209	553536	ops_par_loop_group_81	update_halo_kernel1_l2+update_halo_kernel3_minus_4_a
4151	0.000022573	553536	ops_par_loop_group_82	update_halo_kernel1_l1+update_halo_kernel3_minus_2_a
4152	0.000023655	553536	ops_par_loop_group_83	update_halo_kernel1_r2+update_halo_kernel3_minus_2_b
4153	0.000020409	430528	ops_par_loop_update_halo_kernel1_r1_90	update_halo_kernel1_r1
4154	0.000020860	246080	ops_par_loop_group_85	update_halo_kernel2_yvel_plus_4_a+update_halo_kernel4_plus_4_a
4155	0.000019387	246080	ops_par_loop_group_86	update_halo_kernel2_yvel_plus_2_a+update_halo_kernel4_plus_2_a
4156	0.000020129	246080	ops_par_loop_group_87	update_halo_kernel2_yvel_plus_2_b+update_halo_kernel4_plus_4_b
4157	0.000018245	123040	ops_par_loop_update_halo_kernel4_plus_2_b_122	update_halo_kernel4_plus_2_b
4158	0.001192485	944701952	ops_par_loop_group_89	advec_mom_kernel_y2+reset_field_kernel1
4159	0.000735998	708096064	ops_par_loop_group_90	advec_mom_kernel_mass_flux_y+ideal_gas_kernel
4160	0.000529966	590438520	ops_par_loop_advec_mom_kernel_post_pre_advec_y_125	advec_mom_kernel_post_pre_advec_y
4161	0.000877988	472258640	ops_par_loop_advec_mom_kernel1_y_nonvector_126	advec_mom_kernel1_y_nonvector
4162	0.000448182	590131240	ops_par_loop_advec_mom_kernel2_y_127	advec_mom_kernel2_y
4163	0.000490702	472842752	ops_par_loop_advec_mom_kernel_y2_128	advec_mom_kernel_y2
4164	0.000192286	236236864	ops_par_loop_advec_mom_kernel_mass_flux_y_129	advec_mom_kernel_mass_flux_y
4165	0.000532241	590438520	ops_par_loop_advec_mom_kernel_post_pre_advec_y_130	advec_mom_kernel_post_pre_advec_y
4166	0.000875001	472258640	ops_par_loop_advec_mom_kernel1_y_nonvector_131	advec_mom_kernel1_y_nonvector
4167	0.000732592	1062236232	ops_par_loop_group_98	advec_mom_kernel2_y+reset_field_kernel2
4168	0.000020930	430304	ops_par_loop_update_halo_kernel1_b1_136	update_halo_kernel1_b1
4169	0.000019297	430304	ops_par_loop_update_halo_kernel1_t1_137	update_halo_kernel1_t1
4170	0.000023715	430304	ops_par_loop_update_halo_kernel1_l1_138	update_halo_kernel1_l1
4171	0.000023425	430304	ops_par_loop_update_halo_kernel1_r1_139	update_halo_kernel1_r1
4172	0.000019477	245952	ops_par_loop_group_103	update_halo_kernel2_xvel_plus_2_a+update_halo_kernel2_yvel_minus_2_a
4173	0.000019467	245952	ops_par_loop_group_104	update_halo_kernel2_xvel_plus_2_b+update_halo_kernel2_yvel_minus_2_b
4174	0.000021000	245952	ops_par_loop_group_105	update_halo_kernel2_xvel_minus_2_a+update_halo_kernel2_yvel_plus_2_a
4175	0.000020770	245952	ops_par_loop_group_106	update_halo_kernel2_xvel_minus_2_b+update_halo_kernel2_yvel_plus_2_b
4176	0.001733272	589885440	ops_par_loop_viscosity_kernel_148	viscosity_kernel
4177	0.000020780	430304	ops_par_loop_update_halo_kernel1_b1_149	update_halo_kernel1_b1
4178	0.000019777	430304	ops_par_loop_update_halo_kernel1_t1_150	update_halo_kernel1_t1
4179	0.000022733	430304	ops_par_loop_update_halo_kernel1_l1_151	update_halo_kernel1_l1
4180	0.000022482	430304	ops_par_loop_update_halo_kernel1_r1_152	update_halo_kernel1_r1
4181	0.000916872	1061744640	ops_par_loop_calc_dt_kernel_153	calc_dt_kernel
4182	0.001489810	1887436800	ops_par_loop_group_0	PdV_kernel_predict+ideal_gas_kernel
4183	0.000021881	430304	ops_par_loop_update_halo_kernel1_b1_2	update_halo_kernel1_b1
4184	0.000020258	430304	ops_par_loop_update_halo_kernel1_t1_3	update_halo_kernel1_t1
4185	0.000023615	430304	ops_par_loop_update_halo_kernel1_l1_4	update_halo_kernel1_l1
4186	0.000023484	430304	ops_par_loop_update_halo_kernel1_r1_5	update_halo_kernel1_r1
4187	0.001556797	1770147928	ops_par_loop_group_5	revert_kernel+accelerate_kernel
4188	0.001356727	1651507200	ops_par_loop_PdV_kernel_nopredict_8	PdV_kernel_nopredict
4189	0.000361497	471982080	ops_par_loop_flux_calc_kernelx_9	flux_calc_kernelx
4190	0.000361808	471982080	ops_par_loop_flux_calc_kernely_10	flux_calc_kernely
4191	0.000021721	553536	ops_par_loop_group_9	update_halo_kernel1_b2+update_halo_kernel4_minus_4_a
4192	0.000020869	553536	ops_par_loop_group_10	update_halo_kernel1_b1+update_halo_kernel4_minus_2_a
4193	0.000019076	246080	ops_par_loop_group_11	update_halo_kernel3_plus_4_a+update_halo_kernel2_xvel_plus_4_a
4194	0.000018625	246080	ops_par_loop_group_12	update_halo_kernel3_plus_2_a+update_halo_kernel2_xvel_plus_2_a
4195	0.000018005	123008	ops_par_loop_update_halo_kernel4_minus_4_b_29	update_halo_kernel4_minus_4_b
4196	0.000020569	553536	ops_par_loop_group_14	update_halo_kernel1_t2+update_halo_kernel4_minus_2_b
4197	0.000020419	430528	ops_par_loop_update_halo_kernel1_t1_14	update_halo_kernel1_t1
4198	0.000019797	246080	ops_par_loop_group_16	update_halo_kernel2_xvel_plus_4_b+update_halo_kernel2_yvel_minus_4_b
4199	0.000018625	246080	ops_par_loop_group_17	update_halo_kernel3_plus_4_b+update_halo_kernel2_xvel_plus_2_b
4200	0.000018244	123040	ops_par_loop_update_halo_kernel3_plus_2_b_22	update_halo_kernel3_plus_2_b
4201	0.000024747	553536	ops_par_loop_group_19	update_halo_kernel1_l2+update_halo_kernel3_minus_4_a
4202	0.000022803	553536	ops_par_loop_group_20	update_halo_kernel1_l1+update_halo_kernel3_minus_2_a
4203	0.000018926	123008	ops_par_loop_update_halo_kernel3_minus_4_b_25	update_halo_kernel3_minus_4_b
4204	0.000024576	553536	ops_par_loop_group_22	update_halo_kernel1_r2+update_halo_kernel3_minus_2_b
4205	0.000030358	430528	ops_par_loop_update_halo_kernel1_r1_18	update_halo_kernel1_r1
4206	0.000020579	246080	ops_par_loop_group_24	update_halo_kernel4_plus_4_a+update_halo_kernel2_xvel_minus_4_a
4207	0.000020148	246080	ops_par_loop_group_25	update_halo_kernel4_plus_2_a+update_halo_kernel2_xvel_minus_2_a
4208	0.000017914	123040	ops_par_loop_update_halo_kernel2_yvel_minus_4_a_54	update_halo_kernel2_yvel_minus_4_a
4209	0.000017393	123040	ops_par_loop_update_halo_kernel2_yvel_minus_2_a_55	update_halo_kernel2_yvel_minus_2_a
4210	0.000017383	123040	ops_par_loop_update_halo_kernel2_yvel_minus_2_b_57	update_halo_kernel2_yvel_minus_2_b
4211	0.000020659	246080	ops_par_loop_group_29	update_halo_kernel2_xvel_minus_4_b+update_halo_kernel2_yvel_plus_4_b
4212	0.000019577	246080	ops_par_loop_group_30	update_halo_kernel4_plus_4_b+update_halo_kernel2_xvel_minus_2_b
4213	0.000018175	123040	ops_par_loop_update_halo_kernel4_plus_2_b_34	update_halo_kernel4_plus_2_b
4214	0.000561987	591053440	ops_par_loop_advec_cell_kernel1_ydir_35	advec_cell_kernel1_ydir
4215	0.000788097	708203544	ops_par_loop_advec_cell_kernel3_ydir_36	advec_cell_kernel3_ydir
4216	0.001472056	1533542400	ops_par_loop_advec_cell_kernel4_ydir_37	advec_cell_kernel4_ydir
4217	0.000021500	553536	ops_par_loop_group_35	update_halo_kernel1_b2+update_halo_kernel4_minus_4_a
4218	0.000020259	553536	ops_par_loop_group_36	update_halo_kernel1_b1+update_halo_kernel4_minus_2_a
4219	0.000018895	123008	ops_par_loop_update_halo_kernel4_minus_4_b_64	update_halo_kernel4_minus_4_b
4220	0.000020239	553536	ops_par_loop_group_38	update_halo_kernel1_t2+update_halo_kernel4_minus_2_b
4221	0.000019557	430528	ops_par_loop_update_halo_kernel1_t1_41	update_halo_kernel1_t1
4222	0.000023184	430528	ops_par_loop_update_halo_kernel1_l2_42	update_halo_kernel1_l2
4223	0.000020549	430528	ops_par_loop_update_halo_kernel1_l1_43	update_halo_kernel1_l1
4224	0.000022051	430528	ops_par_loop_update_halo_kernel1_r2_44	update_halo_kernel1_r2
4225	0.000020719	430528	ops_par_loop_update_halo_kernel1_r1_45	update_halo_kernel1_r1
4226	0.000020650	246080	ops_par_loop_group_44	update_halo_kernel2_yvel_plus_4_a+update_halo_kernel4_plus_4_a
4227	0.000019136	246080	ops_par_loop_group_45	update_halo_kernel2_yvel_plus_2_a+update_halo_kernel4_plus_2_a
4228	0.000020429	246080	ops_par_loop_group_46	update_halo_kernel2_yvel_plus_2_b+update_halo_kernel4_plus_4_b
4229	0.000018044	123040	ops_par_loop_update_halo_kernel4_plus_2_b_69	update_halo_kernel4_plus_2_b
4230	0.000562278	591053440	ops_par_loop_advec_mom_kernel_y1_70	advec_mom_kernel_y1
4231	0.000190932	236236864	ops_par_loop_advec_mom_kernel_mass_flux_y_71	advec_mom_kernel_mass_flux_y
4232	0.000532291	590438520	ops_par_loop_advec_mom_kernel_post_pre_advec_y_72	advec_mom_kernel_post_pre_advec_y
4233	0.000877647	472258640	ops_par_loop_advec_mom_kernel1_y_nonvector_73	advec_mom_kernel1_y_nonvector
4234	0.000453241	590131240	ops_par_loop_advec_mom_kernel2_y_74	advec_mom_kernel2_y
4235	0.000561537	591053440	ops_par_loop_advec_mom_kernel_y1_75	advec_mom_kernel_y1
4236	0.000191214	236236864	ops_par_loop_advec_mom_kernel_mass_flux_y_76	advec_mom_kernel_mass_flux_y
4237	0.000530959	590438520	ops_par_loop_advec_mom_kernel_post_pre_advec_y_77	advec_mom_kernel_post_pre_advec_y
4238	0.000875062	472258640	ops_par_loop_advec_mom_kernel1_y_nonvector_78	advec_mom_kernel1_y_nonvector
4239	0.000448191	590131240	ops_par_loop_advec_mom_kernel2_y_79	advec_mom_kernel2_y
4240	0.000490432	472842752	ops_par_loop_advec_cell_kernel2_xdir_80	advec_cell_kernel2_xdir
4241	0.000772688	708203544	ops_par_loop_advec_cell_kernel3_xdir_81	advec_cell_kernel3_xdir
4242	0.001457608	1533542400	ops_par_loop_advec_cell_kernel4_xdir_82	advec_cell_kernel4_xdir
4243	0.000022864	553536	ops_par_loop_group_61	update_halo_kernel1_b2+update_halo_kernel4_minus_4_a
4244	0.000019578	553536	ops_par_loop_group_62	update_halo_kernel1_b1+update_halo_kernel4_minus_2_a
4245	0.000018836	246080	ops_par_loop_group_63	update_halo_kernel2_xvel_plus_4_a+update_halo_kernel2_yvel_minus_4_a
4246	0.000019577	246080	ops_par_loop_group_64	update_halo_kernel2_xvel_plus_2_a+update_halo_kernel2_yvel_minus_2_a
4247	0.000018926	246080	ops_par_loop_group_65	update_halo_kernel2_xvel_plus_4_b+update_halo_kernel2_yvel_minus_4_b
4248	0.000018084	246080	ops_par_loop_group_66	update_halo_kernel2_xvel_plus_2_b+update_halo_kernel2_yvel_minus_2_b
4249	0.000021701	246080	ops_par_loop_group_67	update_halo_kernel2_xvel_minus_4_a+update_halo_kernel2_yvel_plus_4_a
4250	0.000019457	246080	ops_par_loop_group_68	update_halo_kernel2_xvel_minus_2_a+update_halo_kernel2_yvel_plus_2_a
4251	0.000021150	246080	ops_par_loop_group_69	update_halo_kernel2_xvel_minus_4_b+update_halo_kernel2_yvel_plus_4_b
4252	0.000019367	246080	ops_par_loop_group_70	update_halo_kernel2_xvel_minus_2_b+update_halo_kernel2_yvel_plus_2_b
4253	0.000018635	123040	ops_par_loop_update_halo_kernel3_plus_4_a_107	update_halo_kernel3_plus_4_a
4254	0.000018425	123040	ops_par_loop_update_halo_kernel3_plus_2_a_108	update_halo_kernel3_plus_2_a
4255	0.000017924	123040	ops_par_loop_update_halo_kernel3_plus_4_b_109	update_halo_kernel3_plus_4_b
4256	0.000018185	123040	ops_par_loop_update_halo_kernel3_plus_2_b_110	update_halo_kernel3_plus_2_b
4257	0.000018755	123008	ops_par_loop_update_halo_kernel3_minus_4_b_113	update_halo_kernel3_minus_4_b
4258	0.000017564	123008	ops_par_loop_update_halo_kernel4_minus_4_b_117	update_halo_kernel4_minus_4_b
4259	0.000020258	553536	ops_par_loop_group_77	update_halo_kernel1_t2+update_halo_kernel4_minus_2_b
4260	0.000019326	430528	ops_par_loop_update_halo_kernel1_t1_86	update_halo_kernel1_t1
4261	0.000025268	553536	ops_par_loop_group_79	update_halo_kernel1_l2+update_halo_kernel3_minus_4_a
4262	0.000022092	553536	ops_par_loop_group_80	update_halo_kernel1_l1+update_halo_kernel3_minus_2_a
4263	0.000027622	553536	ops_par_loop_group_81	update_halo_kernel1_r2+update_halo_kernel3_minus_2_b
4264	0.000021270	430528	ops_par_loop_update_halo_kernel1_r1_90	update_halo_kernel1_r1
4265	0.000019127	123040	ops_par_loop_update_halo_kernel4_plus_4_a_119	update_halo_kernel4_plus_4_a
4266	0.000017553	123040	ops_par_loop_update_halo_kernel4_plus_2_a_120	update_halo_kernel4_plus_2_a
4267	0.000018566	123040	ops_par_loop_update_halo_kernel4_plus_4_b_121	update_halo_kernel4_plus_4_b
4268	0.000018425	123040	ops_par_loop_update_halo_kernel4_plus_2_b_122	update_halo_kernel4_plus_2_b
4269	0.001201352	944701952	ops_par_loop_group_87	advec_mom_kernel_x2+reset_field_kernel1
4270	0.000801733	708096064	ops_par_loop_group_88	advec_mom_kernel_mass_flux_x+ideal_gas_kernel
4271	0.000574230	590438520	ops_par_loop_advec_mom_kernel_post_pre_advec_x_125	advec_mom_kernel_post_pre_advec_x
4272	0.000882656	472258640	ops_par_loop_advec_mom_kernel1_x_nonvector_126	advec_mom_kernel1_x_nonvector
4273	0.000446428	590131240	ops_par_loop_advec_mom_kernel2_x_127	advec_mom_kernel2_x
4274	0.000497024	472842752	ops_par_loop_advec_mom_kernel_x2_128	advec_mom_kernel_x2
4275	0.000193798	236236864	ops_par_loop_advec_mom_kernel_mass_flux_x_129	advec_mom_kernel_mass_flux_x
4276	0.000576265	590438520	ops_par_loop_advec_mom_kernel_post_pre_advec_x_130	advec_mom_kernel_post_pre_advec_x
4277	0.000883498	472258640	ops_par_loop_advec_mom_kernel1_x_nonvector_131	advec_mom_kernel1_x_nonvector
4278	0.000730718	1062236232	ops_par_loop_group_96	advec_mom_kernel2_x+reset_field_kernel2
4279	0.000025698	430304	ops_par_loop_update_halo_kernel1_b1_136	update_halo_kernel1_b1
4280	0.000019797	430304	ops_par_loop_update_halo_kernel1_t1_137	update_halo_kernel1_t1
4281	0.000023104	430304	ops_par_loop_update_halo_kernel1_l1_138	update_halo_kernel1_l1
4282	0.000025519	430304	ops_par_loop_update_halo_kernel1_r1_139	update_halo_kernel1_r1
4283	0.000019747	245952	ops_par_loop_group_101	update_halo_kernel2_xvel_plus_2_a+update_halo_kernel2_yvel_minus_2_a
4284	0.000018365	245952	ops_par_loop_group_102	update_halo_kernel2_xvel_plus_2_b+update_halo_kernel2_yvel_minus_2_b
4285	0.000019888	245952	ops_par_loop_group_103	update_halo_kernel2_xvel_minus_2_a+update_halo_kernel2_yvel_plus_2_a
4286	0.000020399	245952	ops_par_loop_group_104	update_halo_kernel2_xvel_minus_2_b+update_halo_kernel2_yvel_plus_2_b
4287	0.001733513	589885440	ops_par_loop_viscosity_kernel_148	viscosity_kernel
4288	0.000020829	430304	ops_par_loop_update_halo_kernel1_b1_149	update_halo_kernel1_b1
4289	0.000019196	430304	ops_par_loop_update_halo_kernel1_t1_150	update_halo_kernel1_t1
4290	0.000022462	430304	ops_par_loop_update_halo_kernel1_l1_151	update_halo_kernel1_l1
4291	0.000023124	430304	ops_par_loop_update_halo_kernel1_r1_152	update_halo_kernel1_r1
4292	0.000916070	1061744640	ops_par_loop_calc_dt_kernel_153	calc_dt_kernel
4293	0.001484750	1887436800	ops_par_loop_group_0	PdV_kernel_predict+ideal_gas_kernel
4294	0.000021831	430304	ops_par_loop_update_halo_kernel1_b1_2	update_halo_kernel1_b1
4295	0.000021391	430304	ops_par_loop_update_halo_kernel1_t1_3	update_halo_kernel1_t1
4296	0.000023084	430304	ops_par_loop_update_halo_kernel1_l1_4	update_halo_kernel1_l1
4297	0.000023465	430304	ops_par_loop_update_halo_kernel1_r1_5	update_halo_kernel1_r1
4298	0.001555455	1770147928	ops_par_loop_group_5	revert_kernel+accelerate_kernel
4299	0.001356136	1651507200	ops_par_loop_PdV_kernel_nopredict_8	PdV_kernel_nopredict
4300	0.000361637	471982080	ops_par_loop_flux_calc_kernelx_9	flux_calc_kernelx
4301	0.000357148	471982080	ops_par_loop_flux_calc_kernely_10	flux_calc_kernely
4302	0.000022002	553536	ops_par_loop_group_9	update_halo_kernel1_b2+update_halo_kernel4_minus_4_a
4303	0.000020830	553536	ops_par_loop_group_10	update_halo_kernel1_b1+update_halo_kernel4_minus_2_a
4304	0.000019678	246080	ops_par_loop_group_11	update_halo_kernel3_plus_4_a+update_halo_kernel2_xvel_plus_4_a
4305	0.000019106	246080	ops_par_loop_group_12	update_halo_kernel3_plus_2_a+update_halo_kernel2_xvel_plus_2_a
4306	0.000018295	123008	ops_par_loop_update_halo_kernel4_minus_4_b_29	update_halo_kernel4_minus_4_b
4307	0.000020669	553536	ops_par_loop_group_14	update_halo_kernel1_t2+update_halo_kernel4_minus_2_b
4308	0.000020499	430528	ops_par_loop_update_halo_kernel1_t1_14	update_halo_kernel1_t1
4309	0.000018666	246080	ops_par_loop_group_16	update_halo_kernel2_xvel_plus_4_b+update_halo_kernel2_yvel_minus_4_b
4310	0.000018345	246080	ops_par_loop_group_17	update_halo_kernel3_plus_4_b+update_halo_kernel2_xvel_plus_2_b
4311	0.000017754	123040	ops_par_loop_update_halo_kernel3_plus_2_b_22	update_halo_kernel3_plus_2_b
4312	0.000025779	553536	ops_par_loop_group_19	update_halo_kernel1_l2+update_halo_kernel3_minus_4_a
4313	0.000022803	553536	ops_par_loop_group_20	update_halo_kernel1_l1+update_halo_kernel3_minus_2_a
4314	0.000019116	123008	ops_par_loop_update_halo_kernel3_minus_4_b_25	update_halo_kernel3_minus_4_b
4315	0.000023815	553536	ops_par_loop_group_22	update_halo_kernel1_r2+update_halo_kernel3_minus_2_b
4316	0.000021601	430528	ops_par_loop_update_halo_kernel1_r1_18	update_halo_kernel1_r1
4317	0.000020479	246080	ops_par_loop_group_24	update_halo_kernel4_plus_4_a+update_halo_kernel2_xvel_minus_4_a
4318	0.000019107	246080	ops_par_loop_group_25	update_halo_kernel4_plus_2_a+update_halo_kernel2_xvel_minus_2_a
4319	0.000018225	123040	ops_par_loop_update_halo_kernel2_yvel_minus_4_a_54	update_halo_kernel2_yvel_minus_4_a
4320	0.000017223	123040	ops_par_loop_update_halo_kernel2_yvel_minus_2_a_55	update_halo_kernel2_yvel_minus_2_a
4321	0.000017152	123040	ops_par_loop_update_halo_kernel2_yvel_minus_2_b_57	update_halo_kernel2_yvel_minus_2_b
4322	0.000025478	246080	ops_par_loop_group_29	update_halo_kernel2_xvel_minus_4_b+update_halo_kernel2_yvel_plus_4_b
4323	0.000021300	246080	ops_par_loop_group_30	update_halo_kernel4_plus_4_b+update_halo_kernel2_xvel_minus_2_b
4324	0.000018114	123040	ops_par_loop_update_halo_kernel4_plus_2_b_34	update_halo_kernel4_plus_2_b
4325	0.000562338	591053440	ops_par_loop_advec_cell_kernel1_xdir_35	advec_cell_kernel1_xdir
4326	0.000772848	708203544	ops_par_loop_advec_cell_kernel3_xdir_36	advec_cell_kernel3_xdir
4327	0.001460254	1533542400	ops_par_loop_advec_cell_kernel4_xdir_37	advec_cell_kernel4_xdir
4328	0.000021070	430528	ops_par_loop_update_halo_kernel1_b2_38	update_halo_kernel1_b2
4329	0.000020499	430528	ops_par_loop_update_halo_kernel1_b1_39	update_halo_kernel1_b1
4330	0.000019747	430528	ops_par_loop_update_halo_kernel1_t2_40	update_halo_kernel1_t2
4331	0.000020218	430528	ops_par_loop_update_halo_kernel1_t1_41	update_halo_kernel1_t1
4332	0.000019947	123040	ops_par_loop_update_halo_kernel3_plus_4_a_62	update_halo_kernel3_plus_4_a
4333	0.000018846	123040	ops_par_loop_update_halo_kernel3_plus_2_a_63	update_halo_kernel3_plus_2_a
4334	0.000018835	123040	ops_par_loop_update_halo_kernel3_plus_4_b_64	update_halo_kernel3_plus_4_b
4335	0.000017994	123040	ops_par_loop_update_halo_kernel3_plus_2_b_65	update_halo_kernel3_plus_2_b
4336	0.000026069	553536	ops_par_loop_group_43	update_halo_kernel1_l2+update_halo_kernel3_minus_4_a
4337	0.000022282	553536	ops_par_loop_group_44	update_halo_kernel1_l1+update_halo_kernel3_minus_2_a
4338	0.000018395	123008	ops_par_loop_update_halo_kernel3_minus_4_b_68	update_halo_kernel3_minus_4_b
4339	0.000024186	553536	ops_par_loop_group_46	update_halo_kernel1_r2+update_halo_kernel3_minus_2_b
4340	0.000020589	430528	ops_par_loop_update_halo_kernel1_r1_45	update_halo_kernel1_r1
4341	0.000562839	591053440	ops_par_loop_advec_mom_kernel_x1_70	advec_mom_kernel_x1
4342	0.000193738	236236864	ops_par_loop_advec_mom_kernel_mass_flux_x_71	advec_mom_kernel_mass_flux_x
4343	0.000573440	590438520	ops_par_loop_advec_mom_kernel_post_pre_advec_x_72	advec_mom_kernel_post_pre_advec_x
4344	0.000881735	472258640	ops_par_loop_advec_mom_kernel1_x_nonvector_73	advec_mom_kernel1_x_nonvector
4345	0.000446418	590131240	ops_par_loop_advec_mom_kernel2_x_74	advec_mom_kernel2_x
4346	0.000562779	591053440	ops_par_loop_advec_mom_kernel_x1_75	advec_mom_kernel_x1
4347	0.000193578	236236864	ops_par_loop_advec_mom_kernel_mass_flux_x_76	advec_mom_kernel_mass_flux_x
4348	0.000575583	590438520	ops_par_loop_advec_mom_kernel_post_pre_advec_x_77	advec_mom_kernel_post_pre_advec_x
4349	0.000020479	246080	ops_par_loop_group_56	update_halo_kernel2_xvel_plus_4_a+update_halo_kernel3_plus_4_a
4350	0.000018885	246080	ops_par_loop_group_57	update_halo_kernel2_xvel_plus_2_a+update_halo_kernel3_plus_2_a
4351	0.000018736	123040	ops_par_loop_update_halo_kernel2_xvel_plus_4_b_93	update_halo_kernel2_xvel_plus_4_b
4352	0.000018716	246080	ops_par_loop_group_59	update_halo_kernel2_xvel_plus_2_b+update_halo_kernel3_plus_4_b
4353	0.000020890	246080	ops_par_loop_group_60	update_halo_kernel2_yvel_plus_4_a+update_halo_kernel2_xvel_minus_4_a
4354	0.000019447	246080	ops_par_loop_group_61	update_halo_kernel2_yvel_plus_2_a+update_halo_kernel2_xvel_minus_2_a
4355	0.000019136	123040	ops_par_loop_update_halo_kernel2_xvel_minus_4_b_97	update_halo_kernel2_xvel_minus_4_b
4356	0.000020419	246080	ops_par_loop_group_63	update_halo_kernel2_yvel_plus_2_b+update_halo_kernel2_xvel_minus_2_b
4357	0.000881935	472258640	ops_par_loop_advec_mom_kernel1_x_nonvector_78	advec_mom_kernel1_x_nonvector
4358	0.000450656	590131240	ops_par_loop_advec_mom_kernel2_x_79	advec_mom_kernel2_x
4359	0.000498517	472842752	ops_par_loop_advec_cell_kernel2_ydir_80	advec_cell_kernel2_ydir
4360	0.000788578	708203544	ops_par_loop_advec_cell_kernel3_ydir_81	advec_cell_kernel3_ydir
4361	0.001473990	1533542400	ops_par_loop_advec_cell_kernel4_ydir_82	advec_cell_kernel4_ydir
4362	0.000022653	553536	ops_par_loop_group_69	update_halo_kernel1_b2+update_halo_kernel4_minus_4_a
4363	0.000021040	553536	ops_par_loop_group_70	update_halo_kernel1_b1+update_halo_kernel4_minus_2_a
4364	0.000019858	123040	ops_par_loop_update_halo_kernel2_yvel_minus_4_a_99	update_halo_kernel2_yvel_minus_4_a
4365	0.000017414	123040	ops_par_loop_update_halo_kernel2_yvel_minus_2_a_100	update_halo_kernel2_yvel_minus_2_a
4366	0.000017914	123040	ops_par_loop_update_halo_kernel2_yvel_minus_4_b_101	update_halo_kernel2_yvel_minus_4_b
4367	0.000017934	123040	ops_par_loop_update_halo_kernel2_yvel_minus_2_b_102	update_halo_kernel2_yvel_minus_2_b
4368	0.000020549	123040	ops_par_loop_update_halo_kernel2_yvel_plus_4_b_105	update_halo_kernel2_yvel_plus_4_b
4369	0.000018766	123040	ops_par_loop_update_halo_kernel3_plus_2_b_110	update_halo_kernel3_plus_2_b
4370	0.000019067	123008	ops_par_loop_update_halo_kernel3_minus_4_b_113	update_halo_kernel3_minus_4_b
4371	0.000017753	123008	ops_par_loop_update_halo_kernel4_minus_4_b_117	update_halo_kernel4_minus_4_b
4372	0.000021210	553536	ops_par_loop_group_79	update_halo_kernel1_t2+update_halo_kernel4_minus_2_b
4373	0.000019608	430528	ops_par_loop_update_halo_kernel1_t1_86	update_halo_kernel1_t1
4374	0.000026280	553536	ops_par_loop_group_81	update_halo_kernel1_l2+update_halo_kernel3_minus_4_a
4375	0.000029226	553536	ops_par_loop_group_82	update_halo_kernel1_l1+update_halo_kernel3_minus_2_a
4376	0.000024397	553536	ops_par_loop_group_83	update_halo_kernel1_r2+update_halo_kernel3_minus_2_b
4377	0.000021341	430528	ops_par_loop_update_halo_kernel1_r1_90	update_halo_kernel1_r1
4378	0.000021190	246080	ops_par_loop_group_85	update_halo_kernel2_yvel_plus_4_a+update_halo_kernel4_plus_4_a
4379	0.000019757	246080	ops_par_loop_group_86	update_halo_kernel2_yvel_plus_2_a+update_halo_kernel4_plus_2_a
4380	0.000020008	246080	ops_par_loop_group_87	update_halo_kernel2_yvel_plus_2_b+update_halo_kernel4_plus_4_b
4381	0.000019016	123040	ops_par_loop_update_halo_kernel4_plus_2_b_122	update_halo_kernel4_plus_2_b
4382	0.001197685	944701952	ops_par_loop_group_89	advec_mom_kernel_y2+reset_field_kernel1
4383	0.000736840	708096064	ops_par_loop_group_90	advec_mom_kernel_mass_flux_y+ideal_gas_kernel
4384	0.000529515	590438520	ops_par_loop_advec_mom_kernel_post_pre_advec_y_125	advec_mom_kernel_post_pre_advec_y
4385	0.000878219	472258640	ops_par_loop_advec_mom_kernel1_y_nonvector_126	advec_mom_kernel1_y_nonvector
4386	0.000447971	590131240	ops_par_loop_advec_mom_kernel2_y_127	advec_mom_kernel2_y
4387	0.000490932	472842752	ops_par_loop_advec_mom_kernel_y2_128	advec_mom_kernel_y2
4388	0.000191824	236236864	ops_par_loop_advec_mom_kernel_mass_flux_y_129	advec_mom_kernel_mass_flux_y
4389	0.000531941	590438520	ops_par_loop_advec_mom_kernel_post_pre_advec_y_130	advec_mom_kernel_post_pre_advec_y
4390	0.000875032	472258640	ops_par_loop_advec_mom_kernel1_y_nonvector_131	advec_mom_kernel1_y_nonvector
4391	0.000732050	1062236232	ops_par_loop_group_98	advec_mom_kernel2_y+reset_field_kernel2
4392	0.000021210	430304	ops_par_loop_update_halo_kernel1_b1_136	update_halo_kernel1_b1
4393	0.000019347	430304	ops_par_loop_update_halo_kernel1_t1_137	update_halo_kernel1_t1
4394	0.000023935	430304	ops_par_loop_update_halo_kernel1_l1_138	update_halo_kernel1_l1
4395	0.000023184	430304	ops_par_loop_update_halo_kernel1_r1_139	update_halo_kernel1_r1
4396	0.000019326	245952	ops_par_loop_group_103	update_halo_kernel2_xvel_plus_2_a+update_halo_kernel2_yvel_minus_2_a
4397	0.000019026	245952	ops_par_loop_group_104	update_halo_kernel2_xvel_plus_2_b+update_halo_kernel2_yvel_minus_2_b
4398	0.000020900	245952	ops_par_loop_group_105	update_halo_kernel2_xvel_minus_2_a+update_halo_kernel2_yvel_plus_2_a
4399	0.000020790	245952	ops_par_loop_group_106	update_halo_kernel2_xvel_minus_2_b+update_halo_kernel2_yvel_plus_2_b
4400	0.001733233	589885440	ops_par_loop_viscosity_kernel_148	viscosity_kernel
4401	0.000021792	430304	ops_par_loop_update_halo_kernel1_b1_149	update_halo_kernel1_b1
4402	0.000019597	430304	ops_par_loop_update_halo_kernel1_t1_150	update_halo_kernel1_t1
4403	0.000023444	430304	ops_par_loop_update_halo_kernel1_l1_151	update_halo_kernel1_l1
4404	0.000023695	430304	ops_par_loop_update_halo_kernel1_r1_152	update_halo_kernel1_r1
4405	0.000917653	1061744640	ops_par_loop_calc_dt_kernel_153	calc_dt_kernel
4406	0.001483107	1887436800	ops_par_loop_group_0	PdV_kernel_predict+ideal_gas_kernel
4407	0.000022623	430304	ops_par_loop_update_halo_kernel1_b1_2	update_halo_kernel1_b1
4408	0.000019858	430304	ops_par_loop_update_halo_kernel1_t1_3	update_halo_kernel1_t1
4409	0.000023464	430304	ops_par_loop_update_halo_kernel1_l1_4	update_halo_kernel1_l1
4410	0.000023405	430304	ops_par_loop_update_halo_kernel1_r1_5	update_halo_kernel1_r1
4411	0.001556326	1770147928	ops_par_loop_group_5	revert_kernel+accelerate_kernel
4412	0.001354323	1651507200	ops_par_loop_PdV_kernel_nopredict_8	PdV_kernel_nopredict
4413	0.000359813	471982080	ops_par_loop_flux_calc_kernelx_9	flux_calc_kernelx
4414	0.000356968	471982080	ops_par_loop_flux_calc_kernely_10	flux_calc_kernely
4415	0.000021611	553536	ops_par_loop_group_9	update_halo_kernel1_b2+update_halo_kernel4_minus_4_a
4416	0.000021140	553536	ops_par_loop_group_10	update_halo_kernel1_b1+update_halo_kernel4_minus_2_a
4417	0.000019627	246080	ops_par_loop_group_11	update_halo_kernel3_plus_4_a+update_halo_kernel2_xvel_plus_4_a
4418	0.000018526	246080	ops_par_loop_group_12	update_halo_kernel3_plus_2_a+update_halo_kernel2_xvel_plus_2_a
4419	0.000018816	123008	ops_par_loop_update_halo_kernel4_minus_4_b_29	update_halo_kernel4_minus_4_b
4420	0.000020719	553536	ops_par_loop_group_14	update_halo_kernel1_t2+update_halo_kernel4_minus_2_b
4421	0.000019577	430528	ops_par_loop_update_halo_kernel1_t1_14	update_halo_kernel1_t1
4422	0.000019447	246080	ops_par_loop_group_16	update_halo_kernel2_xvel_plus_4_b+update_halo_kernel2_yvel_minus_4_b
4423	0.000019387	246080	ops_par_loop_group_17	update_halo_kernel3_plus_4_b+update_halo_kernel2_xvel_plus_2_b
4424	0.000017824	123040	ops_par_loop_update_halo_kernel3_plus_2_b_22	update_halo_kernel3_plus_2_b
4425	0.000024948	553536	ops_par_loop_group_19	update_halo_kernel1_l2+update_halo_kernel3_minus_4_a
4426	0.000022754	553536	ops_par_loop_group_20	update_halo_kernel1_l1+update_halo_kernel3_minus_2_a
4427	0.000018956	123008	ops_par_loop_update_halo_kernel3_minus_4_b_25	update_halo_kernel3_minus_4_b
4428	0.000024897	553536	ops_par_loop_group_22	update_halo_kernel1_r2+update_halo_kernel3_minus_2_b
4429	0.000021460	430528	ops_par_loop_update_halo_kernel1_r1_18	update_halo_kernel1_r1
4430	0.000020910	246080	ops_par_loop_group_24	update_halo_kernel4_plus_4_a+update_halo_kernel2_xvel_minus_4_a
4431	0.000021722	246080	ops_par_loop_group_25	update_halo_kernel4_plus_2_a+update_halo_kernel2_xvel_minus_2_a
4432	0.000018996	123040	ops_par_loop_update_halo_kernel2_yvel_minus_4_a_54	update_halo_kernel2_yvel_minus_4_a
4433	0.000017423	123040	ops_par_loop_update_halo_kernel2_yvel_minus_2_a_55	update_halo_kernel2_yvel_minus_2_a
4434	0.000022162	123040	ops_par_loop_update_halo_kernel2_yvel_minus_2_b_57	update_halo_kernel2_yvel_minus_2_b
4435	0.000021160	246080	ops_par_loop_group_29	update_halo_kernel2_xvel_minus_4_b+update_halo_kernel2_yvel_plus_4_b
4436	0.000020178	246080	ops_par_loop_group_30	update_halo_kernel4_plus_4_b+update_halo_kernel2_xvel_minus_2_b
4437	0.000017884	123040	ops_par_loop_update_halo_kernel4_plus_2_b_34	update_halo_kernel4_plus_2_b
4438	0.000561457	591053440	ops_par_loop_advec_cell_kernel1_ydir_35	advec_cell_kernel1_ydir
4439	0.000788137	708203544	ops_par_loop_advec_cell_kernel3_ydir_36	advec_cell_kernel3_ydir
4440	0.001472427	1533542400	ops_par_loop_advec_cell_kernel4_ydir_37	advec_cell_kernel4_ydir
4441	0.000022192	553536	ops_par_loop_group_35	update_halo_kernel1_b2+update_halo_kernel4_minus_4_a
4442	0.000021622	553536	ops_par_loop_group_36	update_halo_kernel1_b1+update_halo_kernel4_minus_2_a
4443	0.000023535	123008	ops_par_loop_update_halo_kernel4_minus_4_b_64	update_halo_kernel4_minus_4_b
4444	0.000022072	553536	ops_par_loop_group_38	update_halo_kernel1_t2+update_halo_kernel4_minus_2_b
4445	0.000020218	430528	ops_par_loop_update_halo_kernel1_t1_41	update_halo_kernel1_t1
4446	0.000023595	430528	ops_par_loop_update_halo_kernel1_l2_42	update_halo_kernel1_l2
4447	0.000021791	430528	ops_par_loop_update_halo_kernel1_l1_43	update_halo_kernel1_l1
4448	0.000023304	430528	ops_par_loop_update_halo_kernel1_r2_44	update_halo_kernel1_r2
4449	0.000021281	430528	ops_par_loop_update_halo_kernel1_r1_45	update_halo_kernel1_r1
4450	0.000020529	246080	ops_par_loop_group_44	update_halo_kernel2_yvel_plus_4_a+update_halo_kernel4_plus_4_a
4451	0.000021441	246080	ops_par_loop_group_45	update_halo_kernel2_yvel_plus_2_a+update_halo_kernel4_plus_2_a
4452	0.000021651	246080	ops_par_loop_group_46	update_halo_kernel2_yvel_plus_2_b+update_halo_kernel4_plus_4_b
4453	0.000018565	123040	ops_par_loop_update_halo_kernel4_plus_2_b_69	update_halo_kernel4_plus_2_b
4454	0.000561547	591053440	ops_par_loop_advec_mom_kernel_y1_70	advec_mom_kernel_y1
4455	0.000313385	236236864	ops_par_loop_advec_mom_kernel_mass_flux_y_71	advec_mom_kernel_mass_flux_y
4456	0.000531890	590438520	ops_par_loop_advec_mom_kernel_post_pre_advec_y_72	advec_mom_kernel_post_pre_advec_y
4457	0.000877777	472258640	ops_par_loop_advec_mom_kernel1_y_nonvector_73	advec_mom_kernel1_y_nonvector
4458	0.000447039	590131240	ops_par_loop_advec_mom_kernel2_y_74	advec_mom_kernel2_y
4459	0.000560514	591053440	ops_par_loop_advec_mom_kernel_y1_75	advec_mom_kernel_y1
4460	0.000192356	236236864	ops_par_loop_advec_mom_kernel_mass_flux_y_76	advec_mom_kernel_mass_flux_y
4461	0.000532782	590438520	ops_par_loop_advec_mom_kernel_post_pre_advec_y_77	advec_mom_kernel_post_pre_advec_y
4462	0.000875122	472258640	ops_par_loop_advec_mom_kernel1_y_nonvector_78	advec_mom_kernel1_y_nonvector
4463	0.000451227	590131240	ops_par_loop_advec_mom_kernel2_y_79	advec_mom_kernel2_y
4464	0.000490311	472842752	ops_par_loop_advec_cell_kernel2_xdir_80	advec_cell_kernel2_xdir
4465	0.000772447	708203544	ops_par_loop_advec_cell_kernel3_xdir_81	advec_cell_kernel3_xdir
4466	0.001463139	1533542400	ops_par_loop_advec_cell_kernel4_xdir_82	advec_cell_kernel4_xdir
4467	0.000023044	553536	ops_par_loop_group_61	update_halo_kernel1_b2+update_halo_kernel4_minus_4_a
4468	0.000021110	553536	ops_par_loop_group_62	update_halo_kernel1_b1+update_halo_kernel4_minus_2_a
4469	0.000020228	246080	ops_par_loop_group_63	update_halo_kernel2_xvel_plus_4_a+update_halo_kernel2_yvel_minus_4_a
4470	0.000019377	246080	ops_par_loop_group_64	update_halo_kernel2_xvel_plus_2_a+update_halo_kernel2_yvel_minus_2_a
4471	0.000019227	246080	ops_par_loop_group_65	update_halo_kernel2_xvel_plus_4_b+update_halo_kernel2_yvel_minus_4_b
4472	0.000019417	246080	ops_par_loop_group_66	update_halo_kernel2_xvel_plus_2_b+update_halo_kernel2_yvel_minus_2_b
4473	0.000020479	246080	ops_par_loop_group_67	update_halo_kernel2_xvel_minus_4_a+update_halo_kernel2_yvel_plus_4_a
4474	0.000019528	246080	ops_par_loop_group_68	update_halo_kernel2_xvel_minus_2_a+update_halo_kernel2_yvel_plus_2_a
4475	0.000021191	246080	ops_par_loop_group_69	update_halo_kernel2_xvel_minus_4_b+update_halo_kernel2_yvel_plus_4_b
4476	0.000020579	246080	ops_par_loop_group_70	update_halo_kernel2_xvel_minus_2_b+update_halo_kernel2_yvel_plus_2_b
4477	0.000018094	123040	ops_par_loop_update_halo_kernel3_plus_4_a_107	update_halo_kernel3_plus_4_a
4478	0.000018415	123040	ops_par_loop_update_halo_kernel3_plus_2_a_108	update_halo_kernel3_plus_2_a
4479	0.000018275	123040	ops_par_loop_update_halo_kernel3_plus_4_b_109	update_halo_kernel3_plus_4_b
4480	0.000018726	123040	ops_par_loop_update_halo_kernel3_plus_2_b_110	update_halo_kernel3_plus_2_b
4481	0.000018755	123008	ops_par_loop_update_halo_kernel3_minus_4_b_113	update_halo_kernel3_minus_4_b
4482	0.000018566	123008	ops_par_loop_update_halo_kernel4_minus_4_b_117	update_halo_kernel4_minus_4_b
4483	0.000021691	553536	ops_par_loop_group_77	update_halo_kernel1_t2+update_halo_kernel4_minus_2_b
4484	0.000020549	430528	ops_par_loop_update_halo_kernel1_t1_86	update_halo_kernel1_t1
4485	0.000030367	553536	ops_par_loop_group_79	update_halo_kernel1_l2+update_halo_kernel3_minus_4_a
4486	0.000023915	553536	ops_par_loop_group_80	update_halo_kernel1_l1+update_halo_kernel3_minus_2_a
4487	0.000025218	553536	ops_par_loop_group_81	update_halo_kernel1_r2+update_halo_kernel3_minus_2_b
4488	0.000021330	430528	ops_par_loop_update_halo_kernel1_r1_90	update_halo_kernel1_r1
4489	0.000019838	123040	ops_par_loop_update_halo_kernel4_plus_4_a_119	update_halo_kernel4_plus_4_a
4490	0.000018224	123040	ops_par_loop_update_halo_kernel4_plus_2_a_120	update_halo_kernel4_plus_2_a
4491	0.000019477	123040	ops_par_loop_update_halo_kernel4_plus_4_b_121	update_halo_kernel4_plus_4_b
4492	0.000017984	123040	ops_par_loop_update_halo_kernel4_plus_2_b_122	update_halo_kernel4_plus_2_b
4493	0.001200500	944701952	ops_par_loop_group_87	advec_mom_kernel_x2+reset_field_kernel1
4494	0.000800530	708096064	ops_par_loop_group_88	advec_mom_kernel_mass_flux_x+ideal_gas_kernel
4495	0.000573830	590438520	ops_par_loop_advec_mom_kernel_post_pre_advec_x_125	advec_mom_kernel_post_pre_advec_x
4496	0.000883828	472258640	ops_par_loop_advec_mom_kernel1_x_nonvector_126	advec_mom_kernel1_x_nonvector
4497	0.000443102	590131240	ops_par_loop_advec_mom_kernel2_x_127	advec_mom_kernel2_x
4498	0.000497115	472842752	ops_par_loop_advec_mom_kernel_x2_128	advec_mom_kernel_x2
4499	0.000193919	236236864	ops_par_loop_advec_mom_kernel_mass_flux_x_129	advec_mom_kernel_mass_flux_x
4500	0.000573089	590438520	ops_par_loop_advec_mom_kernel_post_pre_advec_x_130	advec_mom_kernel_post_pre_advec_x
4501	0.000883628	472258640	ops_par_loop_advec_mom_kernel1_x_nonvector_131	advec_mom_kernel1_x_nonvector
4502	0.000732471	1062236232	ops_par_loop_group_96	advec_mom_kernel2_x+reset_field_kernel2
4503	0.000491483	471859200	ops_par_loop_ideal_gas_kernel_0	ideal_gas_kernel
4504	0.000022002	430304	ops_par_loop_update_halo_kernel1_b1_1	update_halo_kernel1_b1
4505	0.000020509	430304	ops_par_loop_update_halo_kernel1_t1_2	update_halo_kernel1_t1
4506	0.000023845	430304	ops_par_loop_update_halo_kernel1_l1_3	update_halo_kernel1_l1
4507	0.000023905	430304	ops_par_loop_update_halo_kernel1_r1_4	update_halo_kernel1_r1
4508	0.000018936	245952	ops_par_loop_group_5	update_halo_kernel2_xvel_plus_2_a+update_halo_kernel2_yvel_minus_2_a
4509	0.000019146	245952	ops_par_loop_group_6	update_halo_kernel2_xvel_plus_2_b+update_halo_kernel2_yvel_minus_2_b
4510	0.000020609	245952	ops_par_loop_group_7	update_halo_kernel2_xvel_minus_2_a+update_halo_kernel2_yvel_plus_2_a
4511	0.000022032	245952	ops_par_loop_group_8	update_halo_kernel2_xvel_minus_2_b+update_halo_kernel2_yvel_plus_2_b
4512	0.001735286	589885440	ops_par_loop_viscosity_kernel_13	viscosity_kernel
4513	0.000021451	430304	ops_par_loop_update_halo_kernel1_b1_14	update_halo_kernel1_b1
4514	0.000020038	430304	ops_par_loop_update_halo_kernel1_t1_15	update_halo_kernel1_t1
4515	0.000023124	430304	ops_par_loop_update_halo_kernel1_l1_16	update_halo_kernel1_l1
4516	0.000023234	430304	ops_par_loop_update_halo_kernel1_r1_17	update_halo_kernel1_r1
4517	0.000916731	1061744640	ops_par_loop_calc_dt_kernel_18	calc_dt_kernel
4518	0.001484028	1887436800	ops_par_loop_group_0	PdV_kernel_predict+ideal_gas_kernel
4519	0.000021951	430304	ops_par_loop_update_halo_kernel1_b1_2	update_halo_kernel1_b1
4520	0.000020128	430304	ops_par_loop_update_halo_kernel1_t1_3	update_halo_kernel1_t1
4521	0.000023605	430304	ops_par_loop_update_halo_kernel1_l1_4	update_halo_kernel1_l1
4522	0.000023334	430304	ops_par_loop_update_halo_kernel1_r1_5	update_halo_kernel1_r1
4523	0.001555605	1770147928	ops_par_loop_group_5	revert_kernel+accelerate_kernel
4524	0.001353921	1651507200	ops_par_loop_PdV_kernel_nopredict_8	PdV_kernel_nopredict
4525	0.000361126	471982080	ops_par_loop_flux_calc_kernelx_9	flux_calc_kernelx
4526	0.000357820	471982080	ops_par_loop_flux_calc_kernely_10	flux_calc_kernely
4527	0.000021310	553536	ops_par_loop_group_9	update_halo_kernel1_b2+update_halo_kernel4_minus_4_a
4528	0.000020620	553536	ops_par_loop_group_10	update_halo_kernel1_b1+update_halo_kernel4_minus_2_a
4529	0.000019598	246080	ops_par_loop_group_11	update_halo_kernel3_plus_4_a+update_halo_kernel2_xvel_plus_4_a
4530	0.000018595	246080	ops_par_loop_group_12	update_halo_kernel3_plus_2_a+update_halo_kernel2_xvel_plus_2_a
4531	0.000018145	123008	ops_par_loop_update_halo_kernel4_minus_4_b_29	update_halo_kernel4_minus_4_b
4532	0.000020639	553536	ops_par_loop_group_14	update_halo_kernel1_t2+update_halo_kernel4_minus_2_b
4533	0.000020740	430528	ops_par_loop_update_halo_kernel1_t1_14	update_halo_kernel1_t1
4534	0.000018746	246080	ops_par_loop_group_16	update_halo_kernel2_xvel_plus_4_b+update_halo_kernel2_yvel_minus_4_b
4535	0.000018485	246080	ops_par_loop_group_17	update_halo_kernel3_plus_4_b+update_halo_kernel2_xvel_plus_2_b
4536	0.000017754	123040	ops_par_loop_update_halo_kernel3_plus_2_b_22	update_halo_kernel3_plus_2_b
4537	0.000025157	553536	ops_par_loop_group_19	update_halo_kernel1_l2+update_halo_kernel3_minus_4_a
4538	0.000022673	553536	ops_par_loop_group_20	update_halo_kernel1_l1+update_halo_kernel3_minus_2_a
4539	0.000018616	123008	ops_par_loop_update_halo_kernel3_minus_4_b_25	update_halo_kernel3_minus_4_b
4540	0.000023444	553536	ops_par_loop_group_22	update_halo_kernel1_r2+update_halo_kernel3_minus_2_b
4541	0.000021862	430528	ops_par_loop_update_halo_kernel1_r1_18	update_halo_kernel1_r1
4542	0.000020709	246080	ops_par_loop_group_24	update_halo_kernel4_plus_4_a+update_halo_kernel2_xvel_minus_4_a
4543	0.000019798	246080	ops_par_loop_group_25	update_halo_kernel4_plus_2_a+update_halo_kernel2_xvel_minus_2_a
4544	0.000017754	123040	ops_par_loop_update_halo_kernel2_yvel_minus_4_a_54	update_halo_kernel2_yvel_minus_4_a
4545	0.000017584	123040	ops_par_loop_update_halo_kernel2_yvel_minus_2_a_55	update_halo_kernel2_yvel_minus_2_a
4546	0.000019247	123040	ops_par_loop_update_halo_kernel2_yvel_minus_2_b_57	update_halo_kernel2_yvel_minus_2_b
4547	0.000021521	246080	ops_par_loop_group_29	update_halo_kernel2_xvel_minus_4_b+update_halo_kernel2_yvel_plus_4_b
4548	0.000021200	246080	ops_par_loop_group_30	update_halo_kernel4_plus_4_b+update_halo_kernel2_xvel_minus_2_b
4549	0.000018506	123040	ops_par_loop_update_halo_kernel4_plus_2_b_34	update_halo_kernel4_plus_2_b
4550	0.000561516	591053440	ops_par_loop_advec_cell_kernel1_xdir_35	advec_cell_kernel1_xdir
4551	0.000850775	708203544	ops_par_loop_advec_cell_kernel3_xdir_36	advec_cell_kernel3_xdir
4552	0.001461526	1533542400	ops_par_loop_advec_cell_kernel4_xdir_37	advec_cell_kernel4_xdir
4553	0.000025518	430528	ops_par_loop_update_halo_kernel1_b2_38	update_halo_kernel1_b2
4554	0.000020549	430528	ops_par_loop_update_halo_kernel1_b1_39	update_halo_kernel1_b1
4555	0.000020519	430528	ops_par_loop_update_halo_kernel1_t2_40	update_halo_kernel1_t2
4556	0.000020439	430528	ops_par_loop_update_halo_kernel1_t1_41	update_halo_kernel1_t1
4557	0.000018385	123040	ops_par_loop_update_halo_kernel3_plus_4_a_62	update_halo_kernel3_plus_4_a
4558	0.000018456	123040	ops_par_loop_update_halo_kernel3_plus_2_a_63	update_halo_kernel3_plus_2_a
4559	0.000018044	123040	ops_par_loop_update_halo_kernel3_plus_4_b_64	update_halo_kernel3_plus_4_b
4560	0.000017754	123040	ops_par_loop_update_halo_kernel3_plus_2_b_65	update_halo_kernel3_plus_2_b
4561	0.000026200	553536	ops_par_loop_group_43	update_halo_kernel1_l2+update_halo_kernel3_minus_4_a
4562	0.000022563	553536	ops_par_loop_group_44	update_halo_kernel1_l1+update_halo_kernel3_minus_2_a
4563	0.000018946	123008	ops_par_loop_update_halo_kernel3_minus_4_b_68	update_halo_kernel3_minus_4_b
4564	0.000023685	553536	ops_par_loop_group_46	update_halo_kernel1_r2+update_halo_kernel3_minus_2_b
4565	0.000020639	430528	ops_par_loop_update_halo_kernel1_r1_45	update_halo_kernel1_r1
4566	0.000561727	591053440	ops_par_loop_advec_mom_kernel_x1_70	advec_mom_kernel_x1
4567	0.000193978	236236864	ops_par_loop_advec_mom_kernel_mass_flux_x_71	advec_mom_kernel_mass_flux_x
4568	0.000574411	590438520	ops_par_loop_advec_mom_kernel_post_pre_advec_x_72	advec_mom_kernel_post_pre_advec_x
4569	0.000885873	472258640	ops_par_loop_advec_mom_kernel1_x_nonvector_73	advec_mom_kernel1_x_nonvector
4570	0.000447741	590131240	ops_par_loop_advec_mom_kernel2_x_74	advec_mom_kernel2_x
4571	0.000564923	591053440	ops_par_loop_advec_mom_kernel_x1_75	advec_mom_kernel_x1
4572	0.000194590	236236864	ops_par_loop_advec_mom_kernel_mass_flux_x_76	advec_mom_kernel_mass_flux_x
4573	0.000577407	590438520	ops_par_loop_advec_mom_kernel_post_pre_advec_x_77	advec_mom_kernel_post_pre_advec_x
4574	0.000020909	246080	ops_par_loop_group_56	update_halo_kernel2_xvel_plus_4_a+update_halo_kernel3_plus_4_a
4575	0.000019798	246080	ops_par_loop_group_57	update_halo_kernel2_xvel_plus_2_a+update_halo_kernel3_plus_2_a
4576	0.000018084	123040	ops_par_loop_update_halo_kernel2_xvel_plus_4_b_93	update_halo_kernel2_xvel_plus_4_b
4577	0.000018926	246080	ops_par_loop_group_59	update_halo_kernel2_xvel_plus_2_b+update_halo_kernel3_plus_4_b
4578	0.000020879	246080	ops_par_loop_group_60	update_halo_kernel2_yvel_plus_4_a+update_halo_kernel2_xvel_minus_4_a
4579	0.000019327	246080	ops_par_loop_group_61	update_halo_kernel2_yvel_plus_2_a+update_halo_kernel2_xvel_minus_2_a
4580	0.000018746	123040	ops_par_loop_update_halo_kernel2_xvel_minus_4_b_97	update_halo_kernel2_xvel_minus_4_b
4581	0.000020098	246080	ops_par_loop_group_63	update_halo_kernel2_yvel_plus_2_b+update_halo_kernel2_xvel_minus_2_b
4582	0.000916932	472258640	ops_par_loop_advec_mom_kernel1_x_nonvector_78	advec_mom_kernel1_x_nonvector
4583	0.000449053	590131240	ops_par_loop_advec_mom_kernel2_x_79	advec_mom_kernel2_x
4584	0.000498577	472842752	ops_par_loop_advec_cell_kernel2_ydir_80	advec_cell_kernel2_ydir
4585	0.000788308	708203544	ops_par_loop_advec_cell_kernel3_ydir_81	advec_cell_kernel3_ydir
4586	0.001472056	1533542400	ops_par_loop_advec_cell_kernel4_ydir_82	advec_cell_kernel4_ydir
4587	0.000023034	553536	ops_par_loop_group_69	update_halo_kernel1_b2+update_halo_kernel4_minus_4_a
4588	0.000020860	553536	ops_par_loop_group_70	update_halo_kernel1_b1+update_halo_kernel4_minus_2_a
4589	0.000018455	123040	ops_par_loop_update_halo_kernel2_yvel_minus_4_a_99	update_halo_kernel2_yvel_minus_4_a
4590	0.000017693	123040	ops_par_loop_update_halo_kernel2_yvel_minus_2_a_100	update_halo_kernel2_yvel_minus_2_a
4591	0.000017934	123040	ops_par_loop_update_halo_kernel2_yvel_minus_4_b_101	update_halo_kernel2_yvel_minus_4_b
4592	0.000017233	123040	ops_par_loop_update_halo_kernel2_yvel_minus_2_b_102	update_halo_kernel2_yvel_minus_2_b
4593	0.000018926	123040	ops_par_loop_update_halo_kernel2_yvel_plus_4_b_105	update_halo_kernel2_yvel_plus_4_b
4594	0.000018225	123040	ops_par_loop_update_halo_kernel3_plus_2_b_110	update_halo_kernel3_plus_2_b
4595	0.000019277	123008	ops_par_loop_update_halo_kernel3_minus_4_b_113	update_halo_kernel3_minus_4_b
4596	0.000017744	123008	ops_par_loop_update_halo_kernel4_minus_4_b_117	update_halo_kernel4_minus_4_b
4597	0.000021842	553536	ops_par_loop_group_79	update_halo_kernel1_t2+update_halo_kernel4_minus_2_b
4598	0.000019707	430528	ops_par_loop_update_halo_kernel1_t1_86	update_halo_kernel1_t1
4599	0.000026440	553536	ops_par_loop_group_81	update_halo_kernel1_l2+update_halo_kernel3_minus_4_a
4600	0.000023325	553536	ops_par_loop_group_82	update_halo_kernel1_l1+update_halo_kernel3_minus_2_a
4601	0.000024016	553536	ops_par_loop_group_83	update_halo_kernel1_r2+update_halo_kernel3_minus_2_b
4602	0.000020930	430528	ops_par_loop_update_halo_kernel1_r1_90	update_halo_kernel1_r1
4603	0.000021521	246080	ops_par_loop_group_85	update_halo_kernel2_yvel_plus_4_a+update_halo_kernel4_plus_4_a
4604	0.000019076	246080	ops_par_loop_group_86	update_halo_kernel2_yvel_plus_2_a+update_halo_kernel4_plus_2_a
4605	0.000020600	246080	ops_par_loop_group_87	update_halo_kernel2_yvel_plus_2_b+update_halo_kernel4_plus_4_b
4606	0.000019307	123040	ops_par_loop_update_halo_kernel4_plus_2_b_122	update_halo_kernel4_plus_2_b
4607	0.001199238	944701952	ops_par_loop_group_89	advec_mom_kernel_y2+reset_field_kernel1
4608	0.000737220	708096064	ops_par_loop_group_90	advec_mom_kernel_mass_flux_y+ideal_gas_kernel
4609	0.000531519	590438520	ops_par_loop_advec_mom_kernel_post_pre_advec_y_125	advec_mom_kernel_post_pre_advec_y
4610	0.000877517	472258640	ops_par_loop_advec_mom_kernel1_y_nonvector_126	advec_mom_kernel1_y_nonvector
4611	0.000449524	590131240	ops_par_loop_advec_mom_kernel2_y_127	advec_mom_kernel2_y
4612	0.000488869	472842752	ops_par_loop_advec_mom_kernel_y2_128	advec_mom_kernel_y2
4613	0.000192034	236236864	ops_par_loop_advec_mom_kernel_mass_flux_y_129	advec_mom_kernel_mass_flux_y
4614	0.000532111	590438520	ops_par_loop_advec_mom_kernel_post_pre_advec_y_130	advec_mom_kernel_post_pre_advec_y
4615	0.000874872	472258640	ops_par_loop_advec_mom_kernel1_y_nonvector_131	advec_mom_kernel1_y_nonvector
4616	0.000732692	1062236232	ops_par_loop_group_98	advec_mom_kernel2_y+reset_field_kernel2
4617	0.000021180	430304	ops_par_loop_update_halo_kernel1_b1_136	update_halo_kernel1_b1
4618	0.000019697	430304	ops_par_loop_update_halo_kernel1_t1_137	update_halo_kernel1_t1
4619	0.000023334	430304	ops_par_loop_update_halo_kernel1_l1_138	update_halo_kernel1_l1
4620	0.000023404	430304	ops_par_loop_update_halo_kernel1_r1_139	update_halo_kernel1_r1
4621	0.000018996	245952	ops_par_loop_group_103	update_halo_kernel2_xvel_plus_2_a+update_halo_kernel2_yvel_minus_2_a
4622	0.000018765	245952	ops_par_loop_group_104	update_halo_kernel2_xvel_plus_2_b+update_halo_kernel2_yvel_minus_2_b
4623	0.000020589	245952	ops_par_loop_group_105	update_halo_kernel2_xvel_minus_2_a+update_halo_kernel2_yvel_plus_2_a
4624	0.000020729	245952	ops_par_loop_group_106	update_halo_kernel2_xvel_minus_2_b+update_halo_kernel2_yvel_plus_2_b
4625	0.001733263	589885440	ops_par_loop_viscosity_kernel_148	viscosity_kernel
4626	0.000020499	430304	ops_par_loop_update_halo_kernel1_b1_149	update_halo_kernel1_b1
4627	0.000024397	430304	ops_par_loop_update_halo_kernel1_t1_150	update_halo_kernel1_t1
4628	0.000022984	430304	ops_par_loop_update_halo_kernel1_l1_151	update_halo_kernel1_l1
4629	0.000022803	430304	ops_par_loop_update_halo_kernel1_r1_152	update_halo_kernel1_r1
4630	0.000917021	1061744640	ops_par_loop_calc_dt_kernel_153	calc_dt_kernel
4631	0.001479810	1887436800	ops_par_loop_group_0	PdV_kernel_predict+ideal_gas_kernel
4632	0.000022232	430304	ops_par_loop_update_halo_kernel1_b1_2	update_halo_kernel1_b1
4633	0.000020429	430304	ops_par_loop_update_halo_kernel1_t1_3	update_halo_kernel1_t1
4634	0.000023745	430304	ops_par_loop_update_halo_kernel1_l1_4	update_halo_kernel1_l1
4635	0.000024126	430304	ops_par_loop_update_halo_kernel1_r1_5	update_halo_kernel1_r1
4636	0.001557608	1770147928	ops_par_loop_group_5	revert_kernel+accelerate_kernel
4637	0.001358240	1651507200	ops_par_loop_PdV_kernel_nopredict_8	PdV_kernel_nopredict
4638	0.000366015	471982080	ops_par_loop_flux_calc_kernelx_9	flux_calc_kernelx
4639	0.000356938	471982080	ops_par_loop_flux_calc_kernely_10	flux_calc_kernely
4640	0.000023455	553536	ops_par_loop_group_9	update_halo_kernel1_b2+update_halo_kernel4_minus_4_a
4641	0.000021641	553536	ops_par_loop_group_10	update_halo_kernel1_b1+update_halo_kernel4_minus_2_a
4642	0.000019718	246080	ops_par_loop_group_11	update_halo_kernel3_plus_4_a+update_halo_kernel2_xvel_plus_4_a
4643	0.000018866	246080	ops_par_loop_group_12	update_halo_kernel3_plus_2_a+update_halo_kernel2_xvel_plus_2_a
4644	0.000018095	123008	ops_par_loop_update_halo_kernel4_minus_4_b_29	update_halo_kernel4_minus_4_b
4645	0.000020989	553536	ops_par_loop_group_14	update_halo_kernel1_t2+update_halo_kernel4_minus_2_b
4646	0.000020289	430528	ops_par_loop_update_halo_kernel1_t1_14	update_halo_kernel1_t1
4647	0.000019096	246080	ops_par_loop_group_16	update_halo_kernel2_xvel_plus_4_b+update_halo_kernel2_yvel_minus_4_b
4648	0.000018735	246080	ops_par_loop_group_17	update_halo_kernel3_plus_4_b+update_halo_kernel2_xvel_plus_2_b
4649	0.000018645	123040	ops_par_loop_update_halo_kernel3_plus_2_b_22	update_halo_kernel3_plus_2_b
4650	0.000025910	553536	ops_par_loop_group_19	update_halo_kernel1_l2+update_halo_kernel3_minus_4_a
4651	0.000023275	553536	ops_par_loop_group_20	update_halo_kernel1_l1+update_halo_kernel3_minus_2_a
4652	0.000019357	123008	ops_par_loop_update_halo_kernel3_minus_4_b_25	update_halo_kernel3_minus_4_b
4653	0.000025308	553536	ops_par_loop_group_22	update_halo_kernel1_r2+update_halo_kernel3_minus_2_b
4654	0.000021331	430528	ops_par_loop_update_halo_kernel1_r1_18	update_halo_kernel1_r1
4655	0.000022633	246080	ops_par_loop_group_24	update_halo_kernel4_plus_4_a+update_halo_kernel2_xvel_minus_4_a
4656	0.000019577	246080	ops_par_loop_group_25	update_halo_kernel4_plus_2_a+update_halo_kernel2_xvel_minus_2_a
4657	0.000017924	123040	ops_par_loop_update_halo_kernel2_yvel_minus_4_a_54	update_halo_kernel2_yvel_minus_4_a
4658	0.000018114	123040	ops_par_loop_update_halo_kernel2_yvel_minus_2_a_55	update_halo_kernel2_yvel_minus_2_a
4659	0.000017713	123040	ops_par_loop_update_halo_kernel2_yvel_minus_2_b_57	update_halo_kernel2_yvel_minus_2_b
4660	0.000020810	246080	ops_par_loop_group_29	update_halo_kernel2_xvel_minus_4_b+update_halo_kernel2_yvel_plus_4_b
4661	0.000020068	246080	ops_par_loop_group_30	update_halo_kernel4_plus_4_b+update_halo_kernel2_xvel_minus_2_b
4662	0.000018235	123040	ops_par_loop_update_halo_kernel4_plus_2_b_34	update_halo_kernel4_plus_2_b
4663	0.000563159	591053440	ops_par_loop_advec_cell_kernel1_ydir_35	advec_cell_kernel1_ydir
4664	0.000788938	708203544	ops_par_loop_advec_cell_kernel3_ydir_36	advec_cell_kernel3_ydir
4665	0.001475473	1533542400	ops_par_loop_advec_cell_kernel4_ydir_37	advec_cell_kernel4_ydir
4666	0.000022222	553536	ops_par_loop_group_35	update_halo_kernel1_b2+update_halo_kernel4_minus_4_a
4667	0.000020890	553536	ops_par_loop_group_36	update_halo_kernel1_b1+update_halo_kernel4_minus_2_a
4668	0.000018415	123008	ops_par_loop_update_halo_kernel4_minus_4_b_64	update_halo_kernel4_minus_4_b
4669	0.000021581	553536	ops_par_loop_group_38	update_halo_kernel1_t2+update_halo_kernel4_minus_2_b
4670	0.000020239	430528	ops_par_loop_update_halo_kernel1_t1_41	update_halo_kernel1_t1
4671	0.000024687	430528	ops_par_loop_update_halo_kernel1_l2_42	update_halo_kernel1_l2
4672	0.000021431	430528	ops_par_loop_update_halo_kernel1_l1_43	update_halo_kernel1_l1
4673	0.000023134	430528	ops_par_loop_update_halo_kernel1_r2_44	update_halo_kernel1_r2
4674	0.000021261	430528	ops_par_loop_update_halo_kernel1_r1_45	update_halo_kernel1_r1
4675	0.000021080	246080	ops_par_loop_group_44	update_halo_kernel2_yvel_plus_4_a+update_halo_kernel4_plus_4_a
4676	0.000019628	246080	ops_par_loop_group_45	update_halo_kernel2_yvel_plus_2_a+update_halo_kernel4_plus_2_a
4677	0.000020870	246080	ops_par_loop_group_46	update_halo_kernel2_yvel_plus_2_b+update_halo_kernel4_plus_4_b
4678	0.000017944	123040	ops_par_loop_update_halo_kernel4_plus_2_b_69	update_halo_kernel4_plus_2_b
4679	0.000562258	591053440	ops_par_loop_advec_mom_kernel_y1_70	advec_mom_kernel_y1
4680	0.000192114	236236864	ops_par_loop_advec_mom_kernel_mass_flux_y_71	advec_mom_kernel_mass_flux_y
4681	0.000529656	590438520	ops_par_loop_advec_mom_kernel_post_pre_advec_y_72	advec_mom_kernel_post_pre_advec_y
4682	0.000878489	472258640	ops_par_loop_advec_mom_kernel1_y_nonvector_73	advec_mom_kernel1_y_nonvector
4683	0.000449103	590131240	ops_par_loop_advec_mom_kernel2_y_74	advec_mom_kernel2_y
4684	0.000562529	591053440	ops_par_loop_advec_mom_kernel_y1_75	advec_mom_kernel_y1
4685	0.000191644	236236864	ops_par_loop_advec_mom_kernel_mass_flux_y_76	advec_mom_kernel_mass_flux_y
4686	0.000535016	590438520	ops_par_loop_advec_mom_kernel_post_pre_advec_y_77	advec_mom_kernel_post_pre_advec_y
4687	0.000877206	472258640	ops_par_loop_advec_mom_kernel1_y_nonvector_78	advec_mom_kernel1_y_nonvector
4688	0.000444745	590131240	ops_par_loop_advec_mom_kernel2_y_79	advec_mom_kernel2_y
4689	0.000491443	472842752	ops_par_loop_advec_cell_kernel2_xdir_80	advec_cell_kernel2_xdir
4690	0.000773158	708203544	ops_par_loop_advec_cell_kernel3_xdir_81	advec_cell_kernel3_xdir
4691	0.001464922	1533542400	ops_par_loop_advec_cell_kernel4_xdir_82	advec_cell_kernel4_xdir
4692	0.000028414	553536	ops_par_loop_group_61	update_halo_kernel1_b2+update_halo_kernel4_minus_4_a
4693	0.000021611	553536	ops_par_loop_group_62	update_halo_kernel1_b1+update_halo_kernel4_minus_2_a
4694	0.000020008	246080	ops_par_loop_group_63	update_halo_kernel2_xvel_plus_4_a+update_halo_kernel2_yvel_minus_4_a
4695	0.000019607	246080	ops_par_loop_group_64	update_halo_kernel2_xvel_plus_2_a+update_halo_kernel2_yvel_minus_2_a
4696	0.000019447	246080	ops_par_loop_group_65	update_halo_kernel2_xvel_plus_4_b+update_halo_kernel2_yvel_minus_4_b
4697	0.000019046	246080	ops_par_loop_group_66	update_halo_kernel2_xvel_plus_2_b+update_halo_kernel2_yvel_minus_2_b
4698	0.000021080	246080	ops_par_loop_group_67	update_halo_kernel2_xvel_minus_4_a+update_halo_kernel2_yvel_plus_4_a
4699	0.000019878	246080	ops_par_loop_group_68	update_halo_kernel2_xvel_minus_2_a+update_halo_kernel2_yvel_plus_2_a
4700	0.000021631	246080	ops_par_loop_group_69	update_halo_kernel2_xvel_minus_4_b+update_halo_kernel2_yvel_plus_4_b
4701	0.000019577	246080	ops_par_loop_group_70	update_halo_kernel2_xvel_minus_2_b+update_halo_kernel2_yvel_plus_2_b
4702	0.000019257	123040	ops_par_loop_update_halo_kernel3_plus_4_a_107	update_halo_kernel3_plus_4_a
4703	0.000018785	123040	ops_par_loop_update_halo_kernel3_plus_2_a_108	update_halo_kernel3_plus_2_a
4704	0.000018114	123040	ops_par_loop_update_halo_kernel3_plus_4_b_109	update_halo_kernel3_plus_4_b
4705	0.000018224	123040	ops_par_loop_update_halo_kernel3_plus_2_b_110	update_halo_kernel3_plus_2_b
4706	0.000018866	123008	ops_par_loop_update_halo_kernel3_minus_4_b_113	update_halo_kernel3_minus_4_b
4707	0.000017904	123008	ops_par_loop_update_halo_kernel4_minus_4_b_117	update_halo_kernel4_minus_4_b
4708	0.000021811	553536	ops_par_loop_group_77	update_halo_kernel1_t2+update_halo_kernel4_minus_2_b
4709	0.000019608	430528	ops_par_loop_update_halo_kernel1_t1_86	update_halo_kernel1_t1
4710	0.000025729	553536	ops_par_loop_group_79	update_halo_kernel1_l2+update_halo_kernel3_minus_4_a
4711	0.000023504	553536	ops_par_loop_group_80	update_halo_kernel1_l1+update_halo_kernel3_minus_2_a
4712	0.000024547	553536	ops_par_loop_group_81	update_halo_kernel1_r2+update_halo_kernel3_minus_2_b
4713	0.000021060	430528	ops_par_loop_update_halo_kernel1_r1_90	update_halo_kernel1_r1
4714	0.000020329	123040	ops_par_loop_update_halo_kernel4_plus_4_a_119	update_halo_kernel4_plus_4_a
4715	0.000018535	123040	ops_par_loop_update_halo_kernel4_plus_2_a_120	update_halo_kernel4_plus_2_a
4716	0.000018956	123040	ops_par_loop_update_halo_kernel4_plus_4_b_121	update_halo_kernel4_plus_4_b
4717	0.000017694	123040	ops_par_loop_update_halo_kernel4_plus_2_b_122	update_halo_kernel4_plus_2_b
4718	0.001201983	944701952	ops_par_loop_group_87	advec_mom_kernel_x2+reset_field_kernel1
4719	0.000801943	708096064	ops_par_loop_group_88	advec_mom_kernel_mass_flux_x+ideal_gas_kernel
4720	0.000570384	590438520	ops_par_loop_advec_mom_kernel_post_pre_advec_x_125	advec_mom_kernel_post_pre_advec_x
4721	0.000882716	472258640	ops_par_loop_advec_mom_kernel1_x_nonvector_126	advec_mom_kernel1_x_nonvector
4722	0.000447700	590131240	ops_par_loop_advec_mom_kernel2_x_127	advec_mom_kernel2_x
4723	0.000498828	472842752	ops_par_loop_advec_mom_kernel_x2_128	advec_mom_kernel_x2
4724	0.000194990	236236864	ops_par_loop_advec_mom_kernel_mass_flux_x_129	advec_mom_kernel_mass_flux_x
4725	0.000572618	590438520	ops_par_loop_advec_mom_kernel_post_pre_advec_x_130	advec_mom_kernel_post_pre_advec_x
4726	0.000883478	472258640	ops_par_loop_advec_mom_kernel1_x_nonvector_131	advec_mom_kernel1_x_nonvector
4727	0.000730318	1062236232	ops_par_loop_group_96	advec_mom_kernel2_x+reset_field_kernel2
4728	0.000021801	430304	ops_par_loop_update_halo_kernel1_b1_136	update_halo_kernel1_b1
4729	0.000019898	430304	ops_par_loop_update_halo_kernel1_t1_137	update_halo_kernel1_t1
4730	0.000025298	430304	ops_par_loop_update_halo_kernel1_l1_138	update_halo_kernel1_l1
4731	0.000025328	430304	ops_par_loop_update_halo_kernel1_r1_139	update_halo_kernel1_r1
4732	0.000020038	245952	ops_par_loop_group_101	update_halo_kernel2_xvel_plus_2_a+update_halo_kernel2_yvel_minus_2_a
4733	0.000019757	245952	ops_par_loop_group_102	update_halo_kernel2_xvel_plus_2_b+update_halo_kernel2_yvel_minus_2_b
4734	0.000021611	245952	ops_par_loop_group_103	update_halo_kernel2_xvel_minus_2_a+update_halo_kernel2_yvel_plus_2_a
4735	0.000022483	245952	ops_par_loop_group_104	update_halo_kernel2_xvel_minus_2_b+update_halo_kernel2_yvel_plus_2_b
4736	0.001734334	589885440	ops_par_loop_viscosity_kernel_148	viscosity_kernel
4737	0.000023905	430304	ops_par_loop_update_halo_kernel1_b1_149	update_halo_kernel1_b1
4738	0.000019597	430304	ops_par_loop_update_halo_kernel1_t1_150	update_halo_kernel1_t1
4739	0.000023264	430304	ops_par_loop_update_halo_kernel1_l1_151	update_halo_kernel1_l1
4740	0.000023294	430304	ops_par_loop_update_halo_kernel1_r1_152	update_halo_kernel1_r1
4741	0.000918014	1061744640	ops_par_loop_calc_dt_kernel_153	calc_dt_kernel
4742	0.001484460	1887436800	ops_par_loop_group_0	PdV_kernel_predict+ideal_gas_kernel
4743	0.000022603	430304	ops_par_loop_update_halo_kernel1_b1_2	update_halo_kernel1_b1
4744	0.000019687	430304	ops_par_loop_update_halo_kernel1_t1_3	update_halo_kernel1_t1
4745	0.000023645	430304	ops_par_loop_update_halo_kernel1_l1_4	update_halo_kernel1_l1
4746	0.000024296	430304	ops_par_loop_update_halo_kernel1_r1_5	update_halo_kernel1_r1
4747	0.001558640	1770147928	ops_par_loop_group_5	revert_kernel+accelerate_kernel
4748	0.001356687	1651507200	ops_par_loop_PdV_kernel_nopredict_8	PdV_kernel_nopredict
4749	0.000361727	471982080	ops_par_loop_flux_calc_kernelx_9	flux_calc_kernelx
4750	0.000357859	471982080	ops_par_loop_flux_calc_kernely_10	flux_calc_kernely
4751	0.000022122	553536	ops_par_loop_group_9	update_halo_kernel1_b2+update_halo_kernel4_minus_4_a
4752	0.000020438	553536	ops_par_loop_group_10	update_halo_kernel1_b1+update_halo_kernel4_minus_2_a
4753	0.000019777	246080	ops_par_loop_group_11	update_halo_kernel3_plus_4_a+update_halo_kernel2_xvel_plus_4_a
4754	0.000018996	246080	ops_par_loop_group_12	update_halo_kernel3_plus_2_a+update_halo_kernel2_xvel_plus_2_a
4755	0.000018956	123008	ops_par_loop_update_halo_kernel4_minus_4_b_29	update_halo_kernel4_minus_4_b
4756	0.000020629	553536	ops_par_loop_group_14	update_halo_kernel1_t2+update_halo_kernel4_minus_2_b
4757	0.000019648	430528	ops_par_loop_update_halo_kernel1_t1_14	update_halo_kernel1_t1
4758	0.000019307	246080	ops_par_loop_group_16	update_halo_kernel2_xvel_plus_4_b+update_halo_kernel2_yvel_minus_4_b
4759	0.000018856	246080	ops_par_loop_group_17	update_halo_kernel3_plus_4_b+update_halo_kernel2_xvel_plus_2_b
4760	0.000017803	123040	ops_par_loop_update_halo_kernel3_plus_2_b_22	update_halo_kernel3_plus_2_b
4761	0.000025819	553536	ops_par_loop_group_19	update_halo_kernel1_l2+update_halo_kernel3_minus_4_a
4762	0.000022693	553536	ops_par_loop_group_20	update_halo_kernel1_l1+update_halo_kernel3_minus_2_a
4763	0.000019236	123008	ops_par_loop_update_halo_kernel3_minus_4_b_25	update_halo_kernel3_minus_4_b
4764	0.000028013	553536	ops_par_loop_group_22	update_halo_kernel1_r2+update_halo_kernel3_minus_2_b
4765	0.000021561	430528	ops_par_loop_update_halo_kernel1_r1_18	update_halo_kernel1_r1
4766	0.000020799	246080	ops_par_loop_group_24	update_halo_kernel4_plus_4_a+update_halo_kernel2_xvel_minus_4_a
4767	0.000019558	246080	ops_par_loop_group_25	update_halo_kernel4_plus_2_a+update_halo_kernel2_xvel_minus_2_a
4768	0.000018325	123040	ops_par_loop_update_halo_kernel2_yvel_minus_4_a_54	update_halo_kernel2_yvel_minus_4_a
4769	0.000017794	123040	ops_par_loop_update_halo_kernel2_yvel_minus_2_a_55	update_halo_kernel2_yvel_minus_2_a
4770	0.000018746	123040	ops_par_loop_update_halo_kernel2_yvel_minus_2_b_57	update_halo_kernel2_yvel_minus_2_b
4771	0.000020759	246080	ops_par_loop_group_29	update_halo_kernel2_xvel_minus_4_b+update_halo_kernel2_yvel_plus_4_b
4772	0.000020489	246080	ops_par_loop_group_30	update_halo_kernel4_plus_4_b+update_halo_kernel2_xvel_minus_2_b
4773	0.000018375	123040	ops_par_loop_update_halo_kernel4_plus_2_b_34	update_halo_kernel4_plus_2_b
4774	0.000564262	591053440	ops_par_loop_advec_cell_kernel1_xdir_35	advec_cell_kernel1_xdir
4775	0.000772818	708203544	ops_par_loop_advec_cell_kernel3_xdir_36	advec_cell_kernel3_xdir
4776	0.001459453	1533542400	ops_par_loop_advec_cell_kernel4_xdir_37	advec_cell_kernel4_xdir
4777	0.000022422	430528	ops_par_loop_update_halo_kernel1_b2_38	update_halo_kernel1_b2
4778	0.000019958	430528	ops_par_loop_update_halo_kernel1_b1_39	update_halo_kernel1_b1
4779	0.000020269	430528	ops_par_loop_update_halo_kernel1_t2_40	update_halo_kernel1_t2
4780	0.000020269	430528	ops_par_loop_update_halo_kernel1_t1_41	update_halo_kernel1_t1
4781	0.000019266	123040	ops_par_loop_update_halo_kernel3_plus_4_a_62	update_halo_kernel3_plus_4_a
4782	0.000019306	123040	ops_par_loop_update_halo_kernel3_plus_2_a_63	update_halo_kernel3_plus_2_a
4783	0.000018646	123040	ops_par_loop_update_halo_kernel3_plus_4_b_64	update_halo_kernel3_plus_4_b
4784	0.000018585	123040	ops_par_loop_update_halo_kernel3_plus_2_b_65	update_halo_kernel3_plus_2_b
4785	0.000026491	553536	ops_par_loop_group_43	update_halo_kernel1_l2+update_halo_kernel3_minus_4_a
4786	0.000022322	553536	ops_par_loop_group_44	update_halo_kernel1_l1+update_halo_kernel3_minus_2_a
4787	0.000019627	123008	ops_par_loop_update_halo_kernel3_minus_4_b_68	update_halo_kernel3_minus_4_b
4788	0.000024817	553536	ops_par_loop_group_46	update_halo_kernel1_r2+update_halo_kernel3_minus_2_b
4789	0.000020870	430528	ops_par_loop_update_halo_kernel1_r1_45	update_halo_kernel1_r1
4790	0.000561376	591053440	ops_par_loop_advec_mom_kernel_x1_70	advec_mom_kernel_x1
4791	0.000199929	236236864	ops_par_loop_advec_mom_kernel_mass_flux_x_71	advec_mom_kernel_mass_flux_x
4792	0.000572658	590438520	ops_par_loop_advec_mom_kernel_post_pre_advec_x_72	advec_mom_kernel_post_pre_advec_x
4793	0.000882136	472258640	ops_par_loop_advec_mom_kernel1_x_nonvector_73	advec_mom_kernel1_x_nonvector
4794	0.000447299	590131240	ops_par_loop_advec_mom_kernel2_x_74	advec_mom_kernel2_x
4795	0.000562018	591053440	ops_par_loop_advec_mom_kernel_x1_75	advec_mom_kernel_x1
4796	0.000194539	236236864	ops_par_loop_advec_mom_kernel_mass_flux_x_76	advec_mom_kernel_mass_flux_x
4797	0.000575954	590438520	ops_par_loop_advec_mom_kernel_post_pre_advec_x_77	advec_mom_kernel_post_pre_advec_x
4798	0.000020629	246080	ops_par_loop_group_56	update_halo_kernel2_xvel_plus_4_a+update_halo_kernel3_plus_4_a
4799	0.000019887	246080	ops_par_loop_group_57	update_halo_kernel2_xvel_plus_2_a+update_halo_kernel3_plus_2_a
4800	0.000018235	123040	ops_par_loop_update_halo_kernel2_xvel_plus_4_b_93	update_halo_kernel2_xvel_plus_4_b
4801	0.000019246	246080	ops_par_loop_group_59	update_halo_kernel2_xvel_plus_2_b+update_halo_kernel3_plus_4_b
4802	0.000021040	246080	ops_par_loop_group_60	update_halo_kernel2_yvel_plus_4_a+update_halo_kernel2_xvel_minus_4_a
4803	0.000019818	246080	ops_par_loop_group_61	update_halo_kernel2_yvel_plus_2_a+update_halo_kernel2_xvel_minus_2_a
4804	0.000018826	123040	ops_par_loop_update_halo_kernel2_xvel_minus_4_b_97	update_halo_kernel2_xvel_minus_4_b
4805	0.000020699	246080	ops_par_loop_group_63	update_halo_kernel2_yvel_plus_2_b+update_halo_kernel2_xvel_minus_2_b
4806	0.000882166	472258640	ops_par_loop_advec_mom_kernel1_x_nonvector_78	advec_mom_kernel1_x_nonvector
4807	0.000453061	590131240	ops_par_loop_advec_mom_kernel2_x_79	advec_mom_kernel2_x
4808	0.000499700	472842752	ops_par_loop_advec_cell_kernel2_ydir_80	advec_cell_kernel2_ydir
4809	0.000789029	708203544	ops_par_loop_advec_cell_kernel3_ydir_81	advec_cell_kernel3_ydir
4810	0.001478378	1533542400	ops_par_loop_advec_cell_kernel4_ydir_82	advec_cell_kernel4_ydir
4811	0.000026290	553536	ops_par_loop_group_69	update_halo_kernel1_b2+update_halo_kernel4_minus_4_a
4812	0.000025819	553536	ops_par_loop_group_70	update_halo_kernel1_b1+update_halo_kernel4_minus_2_a
4813	0.000023154	123040	ops_par_loop_update_halo_kernel2_yvel_minus_4_a_99	update_halo_kernel2_yvel_minus_4_a
4814	0.000021230	123040	ops_par_loop_update_halo_kernel2_yvel_minus_2_a_100	update_halo_kernel2_yvel_minus_2_a
4815	0.000022583	123040	ops_par_loop_update_halo_kernel2_yvel_minus_4_b_101	update_halo_kernel2_yvel_minus_4_b
4816	0.000020459	123040	ops_par_loop_update_halo_kernel2_yvel_minus_2_b_102	update_halo_kernel2_yvel_minus_2_b
4817	0.000023776	123040	ops_par_loop_update_halo_kernel2_yvel_plus_4_b_105	update_halo_kernel2_yvel_plus_4_b
4818	0.000021611	123040	ops_par_loop_update_halo_kernel3_plus_2_b_110	update_halo_kernel3_plus_2_b
4819	0.000022934	123008	ops_par_loop_update_halo_kernel3_minus_4_b_113	update_halo_kernel3_minus_4_b
4820	0.000021451	123008	ops_par_loop_update_halo_kernel4_minus_4_b_117	update_halo_kernel4_minus_4_b
4821	0.000026781	553536	ops_par_loop_group_79	update_halo_kernel1_t2+update_halo_kernel4_minus_2_b
4822	0.000025919	430528	ops_par_loop_update_halo_kernel1_t1_86	update_halo_kernel1_t1
4823	0.000036319	553536	ops_par_loop_group_81	update_halo_kernel1_l2+update_halo_kernel3_minus_4_a
4824	0.000028424	553536	ops_par_loop_group_82	update_halo_kernel1_l1+update_halo_kernel3_minus_2_a
4825	0.000028775	553536	ops_par_loop_group_83	update_halo_kernel1_r2+update_halo_kernel3_minus_2_b
4826	0.000028714	430528	ops_par_loop_update_halo_kernel1_r1_90	update_halo_kernel1_r1
4827	0.000027222	246080	ops_par_loop_group_85	update_halo_kernel2_yvel_plus_4_a+update_halo_kernel4_plus_4_a
4828	0.000029456	246080	ops_par_loop_group_86	update_halo_kernel2_yvel_plus_2_a+update_halo_kernel4_plus_2_a
4829	0.000029146	246080	ops_par_loop_group_87	update_halo_kernel2_yvel_plus_2_b+update_halo_kernel4_plus_4_b
4830	0.000027612	123040	ops_par_loop_update_halo_kernel4_plus_2_b_122	update_halo_kernel4_plus_2_b
4831	0.001200009	944701952	ops_par_loop_group_89	advec_mom_kernel_y2+reset_field_kernel1
4832	0.000737801	708096064	ops_par_loop_group_90	advec_mom_kernel_mass_flux_y+ideal_gas_kernel
4833	0.000536449	590438520	ops_par_loop_advec_mom_kernel_post_pre_advec_y_125	advec_mom_kernel_post_pre_advec_y
4834	0.000879250	472258640	ops_par_loop_advec_mom_kernel1_y_nonvector_126	advec_mom_kernel1_y_nonvector
4835	0.000455415	590131240	ops_par_loop_advec_mom_kernel2_y_127	advec_mom_kernel2_y
4836	0.000489761	472842752	ops_par_loop_advec_mom_kernel_y2_128	advec_mom_kernel_y2
4837	0.000192526	236236864	ops_par_loop_advec_mom_kernel_mass_flux_y_129	advec_mom_kernel_mass_flux_y
4838	0.000534185	590438520	ops_par_loop_advec_mom_kernel_post_pre_advec_y_130	advec_mom_kernel_post_pre_advec_y
4839	0.000874752	472258640	ops_par_loop_advec_mom_kernel1_y_nonvector_131	advec_mom_kernel1_y_nonvector
4840	0.000732671	1062236232	ops_par_loop_group_98	advec_mom_kernel2_y+reset_field_kernel2
4841	0.000021300	430304	ops_par_loop_update_halo_kernel1_b1_136	update_halo_kernel1_b1
4842	0.000020008	430304	ops_par_loop_update_halo_kernel1_t1_137	update_halo_kernel1_t1
4843	0.000024176	430304	ops_par_loop_update_halo_kernel1_l1_138	update_halo_kernel1_l1
4844	0.000023404	430304	ops_par_loop_update_halo_kernel1_r1_139	update_halo_kernel1_r1
4845	0.000019146	245952	ops_par_loop_group_103	update_halo_kernel2_xvel_plus_2_a+update_halo_kernel2_yvel_minus_2_a
4846	0.000018695	245952	ops_par_loop_group_104	update_halo_kernel2_xvel_plus_2_b+update_halo_kernel2_yvel_minus_2_b
4847	0.000021140	245952	ops_par_loop_group_105	update_halo_kernel2_xvel_minus_2_a+update_halo_kernel2_yvel_plus_2_a
4848	0.000020670	245952	ops_par_loop_group_106	update_halo_kernel2_xvel_minus_2_b+update_halo_kernel2_yvel_plus_2_b
4849	0.001733583	589885440	ops_par_loop_viscosity_kernel_148	viscosity_kernel
4850	0.000021451	430304	ops_par_loop_update_halo_kernel1_b1_149	update_halo_kernel1_b1
4851	0.000020760	430304	ops_par_loop_update_halo_kernel1_t1_150	update_halo_kernel1_t1
4852	0.000023014	430304	ops_par_loop_update_halo_kernel1_l1_151	update_halo_kernel1_l1
4853	0.000023595	430304	ops_par_loop_update_halo_kernel1_r1_152	update_halo_kernel1_r1
4854	0.000917152	1061744640	ops_par_loop_calc_dt_kernel_153	calc_dt_kernel
4855	0.001484489	1887436800	ops_par_loop_group_0	PdV_kernel_predict+ideal_gas_kernel
4856	0.000022502	430304	ops_par_loop_update_halo_kernel1_b1_2	update_halo_kernel1_b1
4857	0.000019978	430304	ops_par_loop_update_halo_kernel1_t1_3	update_halo_kernel1_t1
4858	0.000024406	430304	ops_par_loop_update_halo_kernel1_l1_4	update_halo_kernel1_l1
4859	0.000023856	430304	ops_par_loop_update_halo_kernel1_r1_5	update_halo_kernel1_r1
4860	0.001557939	1770147928	ops_par_loop_group_5	revert_kernel+accelerate_kernel
4861	0.001356887	1651507200	ops_par_loop_PdV_kernel_nopredict_8	PdV_kernel_nopredict
4862	0.000361737	471982080	ops_par_loop_flux_calc_kernelx_9	flux_calc_kernelx
4863	0.000357389	471982080	ops_par_loop_flux_calc_kernely_10	flux_calc_kernely
4864	0.000022183	553536	ops_par_loop_group_9	update_halo_kernel1_b2+update_halo_kernel4_minus_4_a
4865	0.000020940	553536	ops_par_loop_group_10	update_halo_kernel1_b1+update_halo_kernel4_minus_2_a
4866	0.000020238	246080	ops_par_loop_group_11	update_halo_kernel3_plus_4_a+update_halo_kernel2_xvel_plus_4_a
4867	0.000019487	246080	ops_par_loop_group_12	update_halo_kernel3_plus_2_a+update_halo_kernel2_xvel_plus_2_a
4868	0.000018545	123008	ops_par_loop_update_halo_kernel4_minus_4_b_29	update_halo_kernel4_minus_4_b
4869	0.000020879	553536	ops_par_loop_group_14	update_halo_kernel1_t2+update_halo_kernel4_minus_2_b
4870	0.000020509	430528	ops_par_loop_update_halo_kernel1_t1_14	update_halo_kernel1_t1
4871	0.000019748	246080	ops_par_loop_group_16	update_halo_kernel2_xvel_plus_4_b+update_halo_kernel2_yvel_minus_4_b
4872	0.000018204	246080	ops_par_loop_group_17	update_halo_kernel3_plus_4_b+update_halo_kernel2_xvel_plus_2_b
4873	0.000018315	123040	ops_par_loop_update_halo_kernel3_plus_2_b_22	update_halo_kernel3_plus_2_b
4874	0.000025198	553536	ops_par_loop_group_19	update_halo_kernel1_l2+update_halo_kernel3_minus_4_a
4875	0.000023154	553536	ops_par_loop_group_20	update_halo_kernel1_l1+update_halo_kernel3_minus_2_a
4876	0.000019487	123008	ops_par_loop_update_halo_kernel3_minus_4_b_25	update_halo_kernel3_minus_4_b
4877	0.000024937	553536	ops_par_loop_group_22	update_halo_kernel1_r2+update_halo_kernel3_minus_2_b
4878	0.000022102	430528	ops_par_loop_update_halo_kernel1_r1_18	update_halo_kernel1_r1
4879	0.000021070	246080	ops_par_loop_group_24	update_halo_kernel4_plus_4_a+update_halo_kernel2_xvel_minus_4_a
4880	0.000019968	246080	ops_par_loop_group_25	update_halo_kernel4_plus_2_a+update_halo_kernel2_xvel_minus_2_a
4881	0.000018626	123040	ops_par_loop_update_halo_kernel2_yvel_minus_4_a_54	update_halo_kernel2_yvel_minus_4_a
4882	0.000017674	123040	ops_par_loop_update_halo_kernel2_yvel_minus_2_a_55	update_halo_kernel2_yvel_minus_2_a
4883	0.000017563	123040	ops_par_loop_update_halo_kernel2_yvel_minus_2_b_57	update_halo_kernel2_yvel_minus_2_b
4884	0.000020309	246080	ops_par_loop_group_29	update_halo_kernel2_xvel_minus_4_b+update_halo_kernel2_yvel_plus_4_b
4885	0.000019858	246080	ops_par_loop_group_30	update_halo_kernel4_plus_4_b+update_halo_kernel2_xvel_minus_2_b
4886	0.000018715	123040	ops_par_loop_update_halo_kernel4_plus_2_b_34	update_halo_kernel4_plus_2_b
4887	0.000562137	591053440	ops_par_loop_advec_cell_kernel1_ydir_35	advec_cell_kernel1_ydir
4888	0.000788879	708203544	ops_par_loop_advec_cell_kernel3_ydir_36	advec_cell_kernel3_ydir
4889	0.001476263	1533542400	ops_par_loop_advec_cell_kernel4_ydir_37	advec_cell_kernel4_ydir
4890	0.000022303	553536	ops_par_loop_group_35	update_halo_kernel1_b2+update_halo_kernel4_minus_4_a
4891	0.000020619	553536	ops_par_loop_group_36	update_halo_kernel1_b1+update_halo_kernel4_minus_2_a
4892	0.000019166	123008	ops_par_loop_update_halo_kernel4_minus_4_b_64	update_halo_kernel4_minus_4_b
4893	0.000020960	553536	ops_par_loop_group_38	update_halo_kernel1_t2+update_halo_kernel4_minus_2_b
4894	0.000019858	430528	ops_par_loop_update_halo_kernel1_t1_41	update_halo_kernel1_t1
4895	0.000024146	430528	ops_par_loop_update_halo_kernel1_l2_42	update_halo_kernel1_l2
4896	0.000020909	430528	ops_par_loop_update_halo_kernel1_l1_43	update_halo_kernel1_l1
4897	0.000022983	430528	ops_par_loop_update_halo_kernel1_r2_44	update_halo_kernel1_r2
4898	0.000021090	430528	ops_par_loop_update_halo_kernel1_r1_45	update_halo_kernel1_r1
4899	0.000021861	246080	ops_par_loop_group_44	update_halo_kernel2_yvel_plus_4_a+update_halo_kernel4_plus_4_a
4900	0.000019938	246080	ops_par_loop_group_45	update_halo_kernel2_yvel_plus_2_a+update_halo_kernel4_plus_2_a
4901	0.000021380	246080	ops_par_loop_group_46	update_halo_kernel2_yvel_plus_2_b+update_halo_kernel4_plus_4_b
4902	0.000018695	123040	ops_par_loop_update_halo_kernel4_plus_2_b_69	update_halo_kernel4_plus_2_b
4903	0.000562749	591053440	ops_par_loop_advec_mom_kernel_y1_70	advec_mom_kernel_y1
4904	0.000191394	236236864	ops_par_loop_advec_mom_kernel_mass_flux_y_71	advec_mom_kernel_mass_flux_y
4905	0.000533002	590438520	ops_par_loop_advec_mom_kernel_post_pre_advec_y_72	advec_mom_kernel_post_pre_advec_y
4906	0.000877617	472258640	ops_par_loop_advec_mom_kernel1_y_nonvector_73	advec_mom_kernel1_y_nonvector
4907	0.000447049	590131240	ops_par_loop_advec_mom_kernel2_y_74	advec_mom_kernel2_y
4908	0.000563861	591053440	ops_par_loop_advec_mom_kernel_y1_75	advec_mom_kernel_y1
4909	0.000191924	236236864	ops_par_loop_advec_mom_kernel_mass_flux_y_76	advec_mom_kernel_mass_flux_y
4910	0.000531640	590438520	ops_par_loop_advec_mom_kernel_post_pre_advec_y_77	advec_mom_kernel_post_pre_advec_y
4911	0.000878940	472258640	ops_par_loop_advec_mom_kernel1_y_nonvector_78	advec_mom_kernel1_y_nonvector
4912	0.000444995	590131240	ops_par_loop_advec_mom_kernel2_y_79	advec_mom_kernel2_y
4913	0.000489430	472842752	ops_par_loop_advec_cell_kernel2_xdir_80	advec_cell_kernel2_xdir
4914	0.000772958	708203544	ops_par_loop_advec_cell_kernel3_xdir_81	advec_cell_kernel3_xdir
4915	0.001458751	1533542400	ops_par_loop_advec_cell_kernel4_xdir_82	advec_cell_kernel4_xdir
4916	0.000022603	553536	ops_par_loop_group_61	update_halo_kernel1_b2+update_halo_kernel4_minus_4_a
4917	0.000020920	553536	ops_par_loop_group_62	update_halo_kernel1_b1+update_halo_kernel4_minus_2_a
4918	0.000019798	246080	ops_par_loop_group_63	update_halo_kernel2_xvel_plus_4_a+update_halo_kernel2_yvel_minus_4_a
4919	0.000019337	246080	ops_par_loop_group_64	update_halo_kernel2_xvel_plus_2_a+update_halo_kernel2_yvel_minus_2_a
4920	0.000019858	246080	ops_par_loop_group_65	update_halo_kernel2_xvel_plus_4_b+update_halo_kernel2_yvel_minus_4_b
4921	0.000019166	246080	ops_par_loop_group_66	update_halo_kernel2_xvel_plus_2_b+update_halo_kernel2_yvel_minus_2_b
4922	0.000021540	246080	ops_par_loop_group_67	update_halo_kernel2_xvel_minus_4_a+update_halo_kernel2_yvel_plus_4_a
4923	0.000020098	246080	ops_par_loop_group_68	update_halo_kernel2_xvel_minus_2_a+update_halo_kernel2_yvel_plus_2_a
4924	0.000021641	246080	ops_par_loop_group_69	update_halo_kernel2_xvel_minus_4_b+update_halo_kernel2_yvel_plus_4_b
4925	0.000020509	246080	ops_par_loop_group_70	update_halo_kernel2_xvel_minus_2_b+update_halo_kernel2_yvel_plus_2_b
4926	0.000018906	123040	ops_par_loop_update_halo_kernel3_plus_4_a_107	update_halo_kernel3_plus_4_a
4927	0.000018455	123040	ops_par_loop_update_halo_kernel3_plus_2_a_108	update_halo_kernel3_plus_2_a
4928	0.000018064	123040	ops_par_loop_update_halo_kernel3_plus_4_b_109	update_halo_kernel3_plus_4_b
4929	0.000018114	123040	ops_par_loop_update_halo_kernel3_plus_2_b_110	update_halo_kernel3_plus_2_b
4930	0.000018756	123008	ops_par_loop_update_halo_kernel3_minus_4_b_113	update_halo_kernel3_minus_4_b
4931	0.000017814	123008	ops_par_loop_update_halo_kernel4_minus_4_b_117	update_halo_kernel4_minus_4_b
4932	0.000020860	553536	ops_par_loop_group_77	update_halo_kernel1_t2+update_halo_kernel4_minus_2_b
4933	0.000019687	430528	ops_par_loop_update_halo_kernel1_t1_86	update_halo_kernel1_t1
4934	0.000025859	553536	ops_par_loop_group_79	update_halo_kernel1_l2+update_halo_kernel3_minus_4_a
4935	0.000023285	553536	ops_par_loop_group_80	update_halo_kernel1_l1+update_halo_kernel3_minus_2_a
4936	0.000024357	553536	ops_par_loop_group_81	update_halo_kernel1_r2+update_halo_kernel3_minus_2_b
4937	0.000021260	430528	ops_par_loop_update_halo_kernel1_r1_90	update_halo_kernel1_r1
4938	0.000020028	123040	ops_par_loop_update_halo_kernel4_plus_4_a_119	update_halo_kernel4_plus_4_a
4939	0.000018605	123040	ops_par_loop_update_halo_kernel4_plus_2_a_120	update_halo_kernel4_plus_2_a
4940	0.000018695	123040	ops_par_loop_update_halo_kernel4_plus_4_b_121	update_halo_kernel4_plus_4_b
4941	0.000017714	123040	ops_par_loop_update_halo_kernel4_plus_2_b_122	update_halo_kernel4_plus_2_b
4942	0.001200700	944701952	ops_par_loop_group_87	advec_mom_kernel_x2+reset_field_kernel1
4943	0.000801202	708096064	ops_par_loop_group_88	advec_mom_kernel_mass_flux_x+ideal_gas_kernel
4944	0.000575253	590438520	ops_par_loop_advec_mom_kernel_post_pre_advec_x_125	advec_mom_kernel_post_pre_advec_x
4945	0.000882917	472258640	ops_par_loop_advec_mom_kernel1_x_nonvector_126	advec_mom_kernel1_x_nonvector
4946	0.000451748	590131240	ops_par_loop_advec_mom_kernel2_x_127	advec_mom_kernel2_x
4947	0.000498867	472842752	ops_par_loop_advec_mom_kernel_x2_128	advec_mom_kernel_x2
4948	0.000194479	236236864	ops_par_loop_advec_mom_kernel_mass_flux_x_129	advec_mom_kernel_mass_flux_x
4949	0.000575483	590438520	ops_par_loop_advec_mom_kernel_post_pre_advec_x_130	advec_mom_kernel_post_pre_advec_x
4950	0.000885452	472258640	ops_par_loop_advec_mom_kernel1_x_nonvector_131	advec_mom_kernel1_x_nonvector
4951	0.000736389	1062236232	ops_par_loop_group_96	advec_mom_kernel2_x+reset_field_kernel2
4952	0.000022202	430304	ops_par_loop_update_halo_kernel1_b1_136	update_halo_kernel1_b1
4953	0.000021961	430304	ops_par_loop_update_halo_kernel1_t1_137	update_halo_kernel1_t1
4954	0.000026571	430304	ops_par_loop_update_halo_kernel1_l1_138	update_halo_kernel1_l1
4955	0.000025999	430304	ops_par_loop_update_halo_kernel1_r1_139	update_halo_kernel1_r1
4956	0.000021641	245952	ops_par_loop_group_101	update_halo_kernel2_xvel_plus_2_a+update_halo_kernel2_yvel_minus_2_a
4957	0.000021481	245952	ops_par_loop_group_102	update_halo_kernel2_xvel_plus_2_b+update_halo_kernel2_yvel_minus_2_b
4958	0.000023194	245952	ops_par_loop_group_103	update_halo_kernel2_xvel_minus_2_a+update_halo_kernel2_yvel_plus_2_a
4959	0.000023394	245952	ops_par_loop_group_104	update_halo_kernel2_xvel_minus_2_b+update_halo_kernel2_yvel_plus_2_b
4960	0.001734294	589885440	ops_par_loop_viscosity_kernel_148	viscosity_kernel
4961	0.000021881	430304	ops_par_loop_update_halo_kernel1_b1_149	update_halo_kernel1_b1
4962	0.000020929	430304	ops_par_loop_update_halo_kernel1_t1_150	update_halo_kernel1_t1
4963	0.000024597	430304	ops_par_loop_update_halo_kernel1_l1_151	update_halo_kernel1_l1
4964	0.000024136	430304	ops_par_loop_update_halo_kernel1_r1_152	update_halo_kernel1_r1
4965	0.000917102	1061744640	ops_par_loop_calc_dt_kernel_153	calc_dt_kernel
4966	0.001485773	1887436800	ops_par_loop_group_0	PdV_kernel_predict+ideal_gas_kernel
4967	0.000023104	430304	ops_par_loop_update_halo_kernel1_b1_2	update_halo_kernel1_b1
4968	0.000020038	430304	ops_par_loop_update_halo_kernel1_t1_3	update_halo_kernel1_t1
4969	0.000024627	430304	ops_par_loop_update_halo_kernel1_l1_4	update_halo_kernel1_l1
4970	0.000024537	430304	ops_par_loop_update_halo_kernel1_r1_5	update_halo_kernel1_r1
4971	0.001553721	1770147928	ops_par_loop_group_5	revert_kernel+accelerate_kernel
4972	0.001357509	1651507200	ops_par_loop_PdV_kernel_nopredict_8	PdV_kernel_nopredict
4973	0.000362699	471982080	ops_par_loop_flux_calc_kernelx_9	flux_calc_kernelx
4974	0.000357770	471982080	ops_par_loop_flux_calc_kernely_10	flux_calc_kernely
4975	0.000022152	553536	ops_par_loop_group_9	update_halo_kernel1_b2+update_halo_kernel4_minus_4_a
4976	0.000021160	553536	ops_par_loop_group_10	update_halo_kernel1_b1+update_halo_kernel4_minus_2_a
4977	0.000019317	246080	ops_par_loop_group_11	update_halo_kernel3_plus_4_a+update_halo_kernel2_xvel_plus_4_a
4978	0.000018896	246080	ops_par_loop_group_12	update_halo_kernel3_plus_2_a+update_halo_kernel2_xvel_plus_2_a
4979	0.000019316	123008	ops_par_loop_update_halo_kernel4_minus_4_b_29	update_halo_kernel4_minus_4_b
4980	0.000020819	553536	ops_par_loop_group_14	update_halo_kernel1_t2+update_halo_kernel4_minus_2_b
4981	0.000019847	430528	ops_par_loop_update_halo_kernel1_t1_14	update_halo_kernel1_t1
4982	0.000018836	246080	ops_par_loop_group_16	update_halo_kernel2_xvel_plus_4_b+update_halo_kernel2_yvel_minus_4_b
4983	0.000018656	246080	ops_par_loop_group_17	update_halo_kernel3_plus_4_b+update_halo_kernel2_xvel_plus_2_b
4984	0.000017744	123040	ops_par_loop_update_halo_kernel3_plus_2_b_22	update_halo_kernel3_plus_2_b
4985	0.000026150	553536	ops_par_loop_group_19	update_halo_kernel1_l2+update_halo_kernel3_minus_4_a
4986	0.000023044	553536	ops_par_loop_group_20	update_halo_kernel1_l1+update_halo_kernel3_minus_2_a
4987	0.000019107	123008	ops_par_loop_update_halo_kernel3_minus_4_b_25	update_halo_kernel3_minus_4_b
4988	0.000023565	553536	ops_par_loop_group_22	update_halo_kernel1_r2+update_halo_kernel3_minus_2_b
4989	0.000021371	430528	ops_par_loop_update_halo_kernel1_r1_18	update_halo_kernel1_r1
4990	0.000020579	246080	ops_par_loop_group_24	update_halo_kernel4_plus_4_a+update_halo_kernel2_xvel_minus_4_a
4991	0.000019698	246080	ops_par_loop_group_25	update_halo_kernel4_plus_2_a+update_halo_kernel2_xvel_minus_2_a
4992	0.000018004	123040	ops_par_loop_update_halo_kernel2_yvel_minus_4_a_54	update_halo_kernel2_yvel_minus_4_a
4993	0.000018074	123040	ops_par_loop_update_halo_kernel2_yvel_minus_2_a_55	update_halo_kernel2_yvel_minus_2_a
4994	0.000017683	123040	ops_par_loop_update_halo_kernel2_yvel_minus_2_b_57	update_halo_kernel2_yvel_minus_2_b
4995	0.000020619	246080	ops_par_loop_group_29	update_halo_kernel2_xvel_minus_4_b+update_halo_kernel2_yvel_plus_4_b
4996	0.000020589	246080	ops_par_loop_group_30	update_halo_kernel4_plus_4_b+update_halo_kernel2_xvel_minus_2_b
4997	0.000018104	123040	ops_par_loop_update_halo_kernel4_plus_2_b_34	update_halo_kernel4_plus_2_b
4998	0.000562459	591053440	ops_par_loop_advec_cell_kernel1_xdir_35	advec_cell_kernel1_xdir
4999	0.000772638	708203544	ops_par_loop_advec_cell_kernel3_xdir_36	advec_cell_kernel3_xdir
5000	0.001460113	1533542400	ops_par_loop_advec_cell_kernel4_xdir_37	advec_cell_kernel4_xdir
5001	0.000021681	430528	ops_par_loop_update_halo_kernel1_b2_38	update_halo_kernel1_b2
5002	0.000020128	430528	ops_par_loop_update_halo_kernel1_b1_39	update_halo_kernel1_b1
5003	0.000020428	430528	ops_par_loop_update_halo_kernel1_t2_40	update_halo_kernel1_t2
5004	0.000020058	430528	ops_par_loop_update_halo_kernel1_t1_41	update_halo_kernel1_t1
5005	0.000019487	123040	ops_par_loop_update_halo_kernel3_plus_4_a_62	update_halo_kernel3_plus_4_a
5006	0.000019036	123040	ops_par_loop_update_halo_kernel3_plus_2_a_63	update_halo_kernel3_plus_2_a
5007	0.000018125	123040	ops_par_loop_update_halo_kernel3_plus_4_b_64	update_halo_kernel3_plus_4_b
5008	0.000018365	123040	ops_par_loop_update_halo_kernel3_plus_2_b_65	update_halo_kernel3_plus_2_b
5009	0.000025949	553536	ops_par_loop_group_43	update_halo_kernel1_l2+update_halo_kernel3_minus_4_a
5010	0.000022593	553536	ops_par_loop_group_44	update_halo_kernel1_l1+update_halo_kernel3_minus_2_a
5011	0.000019327	123008	ops_par_loop_update_halo_kernel3_minus_4_b_68	update_halo_kernel3_minus_4_b
5012	0.000024726	553536	ops_par_loop_group_46	update_halo_kernel1_r2+update_halo_kernel3_minus_2_b
5013	0.000021761	430528	ops_par_loop_update_halo_kernel1_r1_45	update_halo_kernel1_r1
5014	0.000562097	591053440	ops_par_loop_advec_mom_kernel_x1_70	advec_mom_kernel_x1
5015	0.000194149	236236864	ops_par_loop_advec_mom_kernel_mass_flux_x_71	advec_mom_kernel_mass_flux_x
5016	0.000575683	590438520	ops_par_loop_advec_mom_kernel_post_pre_advec_x_72	advec_mom_kernel_post_pre_advec_x
5017	0.000882697	472258640	ops_par_loop_advec_mom_kernel1_x_nonvector_73	advec_mom_kernel1_x_nonvector
5018	0.000450706	590131240	ops_par_loop_advec_mom_kernel2_x_74	advec_mom_kernel2_x
5019	0.000561125	591053440	ops_par_loop_advec_mom_kernel_x1_75	advec_mom_kernel_x1
5020	0.000193838	236236864	ops_par_loop_advec_mom_kernel_mass_flux_x_76	advec_mom_kernel_mass_flux_x
5021	0.000570544	590438520	ops_par_loop_advec_mom_kernel_post_pre_advec_x_77	advec_mom_kernel_post_pre_advec_x
5022	0.000021301	246080	ops_par_loop_group_56	update_halo_kernel2_xvel_plus_4_a+update_halo_kernel3_plus_4_a
5023	0.000019437	246080	ops_par_loop_group_57	update_halo_kernel2_xvel_plus_2_a+update_halo_kernel3_plus_2_a
5024	0.000018516	123040	ops_par_loop_update_halo_kernel2_xvel_plus_4_b_93	update_halo_kernel2_xvel_plus_4_b
5025	0.000018936	246080	ops_par_loop_group_59	update_halo_kernel2_xvel_plus_2_b+update_halo_kernel3_plus_4_b
5026	0.000047481	246080	ops_par_loop_group_60	update_halo_kernel2_yvel_plus_4_a+update_halo_kernel2_xvel_minus_4_a
5027	0.000019878	246080	ops_par_loop_group_61	update_halo_kernel2_yvel_plus_2_a+update_halo_kernel2_xvel_minus_2_a
5028	0.000019757	123040	ops_par_loop_update_halo_kernel2_xvel_minus_4_b_97	update_halo_kernel2_xvel_minus_4_b
5029	0.000020008	246080	ops_par_loop_group_63	update_halo_kernel2_yvel_plus_2_b+update_halo_kernel2_xvel_minus_2_b
5030	0.000882466	472258640	ops_par_loop_advec_mom_kernel1_x_nonvector_78	advec_mom_kernel1_x_nonvector
5031	0.000453251	590131240	ops_par_loop_advec_mom_kernel2_x_79	advec_mom_kernel2_x
5032	0.000497635	472842752	ops_par_loop_advec_cell_kernel2_ydir_80	advec_cell_kernel2_ydir
5033	0.000788357	708203544	ops_par_loop_advec_cell_kernel3_ydir_81	advec_cell_kernel3_ydir
5034	0.001474510	1533542400	ops_par_loop_advec_cell_kernel4_ydir_82	advec_cell_kernel4_ydir
5035	0.000022493	553536	ops_par_loop_group_69	update_halo_kernel1_b2+update_halo_kernel4_minus_4_a
5036	0.000021390	553536	ops_par_loop_group_70	update_halo_kernel1_b1+update_halo_kernel4_minus_2_a
5037	0.000018395	123040	ops_par_loop_update_halo_kernel2_yvel_minus_4_a_99	update_halo_kernel2_yvel_minus_4_a
5038	0.000018234	123040	ops_par_loop_update_halo_kernel2_yvel_minus_2_a_100	update_halo_kernel2_yvel_minus_2_a
5039	0.000018595	123040	ops_par_loop_update_halo_kernel2_yvel_minus_4_b_101	update_halo_kernel2_yvel_minus_4_b
5040	0.000017894	123040	ops_par_loop_update_halo_kernel2_yvel_minus_2_b_102	update_halo_kernel2_yvel_minus_2_b
5041	0.000019447	123040	ops_par_loop_update_halo_kernel2_yvel_plus_4_b_105	update_halo_kernel2_yvel_plus_4_b
5042	0.000018725	123040	ops_par_loop_update_halo_kernel3_plus_2_b_110	update_halo_kernel3_plus_2_b
5043	0.000019617	123008	ops_par_loop_update_halo_kernel3_minus_4_b_113	update_halo_kernel3_minus_4_b
5044	0.000017904	123008	ops_par_loop_update_halo_kernel4_minus_4_b_117	update_halo_kernel4_minus_4_b
5045	0.000021250	553536	ops_par_loop_group_79	update_halo_kernel1_t2+update_halo_kernel4_minus_2_b
5046	0.000020028	430528	ops_par_loop_update_halo_kernel1_t1_86	update_halo_kernel1_t1
5047	0.000026931	553536	ops_par_loop_group_81	update_halo_kernel1_l2+update_halo_kernel3_minus_4_a
5048	0.000023745	553536	ops_par_loop_group_82	update_halo_kernel1_l1+update_halo_kernel3_minus_2_a
5049	0.000024627	553536	ops_par_loop_group_83	update_halo_kernel1_r2+update_halo_kernel3_minus_2_b
5050	0.000020869	430528	ops_par_loop_update_halo_kernel1_r1_90	update_halo_kernel1_r1
5051	0.000021441	246080	ops_par_loop_group_85	update_halo_kernel2_yvel_plus_4_a+update_halo_kernel4_plus_4_a
5052	0.000019627	246080	ops_par_loop_group_86	update_halo_kernel2_yvel_plus_2_a+update_halo_kernel4_plus_2_a
5053	0.000019838	246080	ops_par_loop_group_87	update_halo_kernel2_yvel_plus_2_b+update_halo_kernel4_plus_4_b
5054	0.000018796	123040	ops_par_loop_update_halo_kernel4_plus_2_b_122	update_halo_kernel4_plus_2_b
5055	0.001192725	944701952	ops_par_loop_group_89	advec_mom_kernel_y2+reset_field_kernel1
5056	0.000737771	708096064	ops_par_loop_group_90	advec_mom_kernel_mass_flux_y+ideal_gas_kernel
5057	0.000533803	590438520	ops_par_loop_advec_mom_kernel_post_pre_advec_y_125	advec_mom_kernel_post_pre_advec_y
5058	0.000877687	472258640	ops_par_loop_advec_mom_kernel1_y_nonvector_126	advec_mom_kernel1_y_nonvector
5059	0.000448712	590131240	ops_par_loop_advec_mom_kernel2_y_127	advec_mom_kernel2_y
5060	0.000491143	472842752	ops_par_loop_advec_mom_kernel_y2_128	advec_mom_kernel_y2
5061	0.000192215	236236864	ops_par_loop_advec_mom_kernel_mass_flux_y_129	advec_mom_kernel_mass_flux_y
5062	0.000534165	590438520	ops_par_loop_advec_mom_kernel_post_pre_advec_y_130	advec_mom_kernel_post_pre_advec_y
5063	0.000874131	472258640	ops_par_loop_advec_mom_kernel1_y_nonvector_131	advec_mom_kernel1_y_nonvector
5064	0.000737591	1062236232	ops_par_loop_group_98	advec_mom_kernel2_y+reset_field_kernel2
5065	0.000021160	430304	ops_par_loop_update_halo_kernel1_b1_136	update_halo_kernel1_b1
5066	0.000020058	430304	ops_par_loop_update_halo_kernel1_t1_137	update_halo_kernel1_t1
5067	0.000023795	430304	ops_par_loop_update_halo_kernel1_l1_138	update_halo_kernel1_l1
5068	0.000024096	430304	ops_par_loop_update_halo_kernel1_r1_139	update_halo_kernel1_r1
5069	0.000018966	245952	ops_par_loop_group_103	update_halo_kernel2_xvel_plus_2_a+update_halo_kernel2_yvel_minus_2_a
5070	0.000018816	245952	ops_par_loop_group_104	update_halo_kernel2_xvel_plus_2_b+update_halo_kernel2_yvel_minus_2_b
5071	0.000021160	245952	ops_par_loop_group_105	update_halo_kernel2_xvel_minus_2_a+update_halo_kernel2_yvel_plus_2_a
5072	0.000020769	245952	ops_par_loop_group_106	update_halo_kernel2_xvel_minus_2_b+update_halo_kernel2_yvel_plus_2_b
5073	0.001733051	589885440	ops_par_loop_viscosity_kernel_148	viscosity_kernel
5074	0.000021631	430304	ops_par_loop_update_halo_kernel1_b1_149	update_halo_kernel1_b1
5075	0.000020720	430304	ops_par_loop_update_halo_kernel1_t1_150	update_halo_kernel1_t1
5076	0.000023284	430304	ops_par_loop_update_halo_kernel1_l1_151	update_halo_kernel1_l1
5077	0.000023144	430304	ops_par_loop_update_halo_kernel1_r1_152	update_halo_kernel1_r1
5078	0.000916832	1061744640	ops_par_loop_calc_dt_kernel_153	calc_dt_kernel
5079	0.001482946	1887436800	ops_par_loop_group_0	PdV_kernel_predict+ideal_gas_kernel
5080	0.000022723	430304	ops_par_loop_update_halo_kernel1_b1_2	update_halo_kernel1_b1
5081	0.000020509	430304	ops_par_loop_update_halo_kernel1_t1_3	update_halo_kernel1_t1
5082	0.000023986	430304	ops_par_loop_update_halo_kernel1_l1_4	update_halo_kernel1_l1
5083	0.000024346	430304	ops_par_loop_update_halo_kernel1_r1_5	update_halo_kernel1_r1
5084	0.001559081	1770147928	ops_par_loop_group_5	revert_kernel+accelerate_kernel
5085	0.001355495	1651507200	ops_par_loop_PdV_kernel_nopredict_8	PdV_kernel_nopredict
5086	0.000358982	471982080	ops_par_loop_flux_calc_kernelx_9	flux_calc_kernelx
5087	0.000357919	471982080	ops_par_loop_flux_calc_kernely_10	flux_calc_kernely
5088	0.000022653	553536	ops_par_loop_group_9	update_halo_kernel1_b2+update_halo_kernel4_minus_4_a
5089	0.000021391	553536	ops_par_loop_group_10	update_halo_kernel1_b1+update_halo_kernel4_minus_2_a
5090	0.000019597	246080	ops_par_loop_group_11	update_halo_kernel3_plus_4_a+update_halo_kernel2_xvel_plus_4_a
5091	0.000019056	246080	ops_par_loop_group_12	update_halo_kernel3_plus_2_a+update_halo_kernel2_xvel_plus_2_a
5092	0.000018175	123008	ops_par_loop_update_halo_kernel4_minus_4_b_29	update_halo_kernel4_minus_4_b
5093	0.000021331	553536	ops_par_loop_group_14	update_halo_kernel1_t2+update_halo_kernel4_minus_2_b
5094	0.000019668	430528	ops_par_loop_update_halo_kernel1_t1_14	update_halo_kernel1_t1
5095	0.000019296	246080	ops_par_loop_group_16	update_halo_kernel2_xvel_plus_4_b+update_halo_kernel2_yvel_minus_4_b
5096	0.000018886	246080	ops_par_loop_group_17	update_halo_kernel3_plus_4_b+update_halo_kernel2_xvel_plus_2_b
5097	0.000018896	123040	ops_par_loop_update_halo_kernel3_plus_2_b_22	update_halo_kernel3_plus_2_b
5098	0.000025939	553536	ops_par_loop_group_19	update_halo_kernel1_l2+update_halo_kernel3_minus_4_a
5099	0.000023856	553536	ops_par_loop_group_20	update_halo_kernel1_l1+update_halo_kernel3_minus_2_a
5100	0.000019216	123008	ops_par_loop_update_halo_kernel3_minus_4_b_25	update_halo_kernel3_minus_4_b
5101	0.000024547	553536	ops_par_loop_group_22	update_halo_kernel1_r2+update_halo_kernel3_minus_2_b
5102	0.000021842	430528	ops_par_loop_update_halo_kernel1_r1_18	update_halo_kernel1_r1
5103	0.000021651	246080	ops_par_loop_group_24	update_halo_kernel4_plus_4_a+update_halo_kernel2_xvel_minus_4_a
5104	0.000025829	246080	ops_par_loop_group_25	update_halo_kernel4_plus_2_a+update_halo_kernel2_xvel_minus_2_a
5105	0.000017864	123040	ops_par_loop_update_halo_kernel2_yvel_minus_4_a_54	update_halo_kernel2_yvel_minus_4_a
5106	0.000017343	123040	ops_par_loop_update_halo_kernel2_yvel_minus_2_a_55	update_halo_kernel2_yvel_minus_2_a
5107	0.000017753	123040	ops_par_loop_update_halo_kernel2_yvel_minus_2_b_57	update_halo_kernel2_yvel_minus_2_b
5108	0.000020989	246080	ops_par_loop_group_29	update_halo_kernel2_xvel_minus_4_b+update_halo_kernel2_yvel_plus_4_b
5109	0.000021100	246080	ops_par_loop_group_30	update_halo_kernel4_plus_4_b+update_halo_kernel2_xvel_minus_2_b
5110	0.000018245	123040	ops_par_loop_update_halo_kernel4_plus_2_b_34	update_halo_kernel4_plus_2_b
5111	0.000562729	591053440	ops_par_loop_advec_cell_kernel1_ydir_35	advec_cell_kernel1_ydir
5112	0.000788417	708203544	ops_par_loop_advec_cell_kernel3_ydir_36	advec_cell_kernel3_ydir
5113	0.001471104	1533542400	ops_par_loop_advec_cell_kernel4_ydir_37	advec_cell_kernel4_ydir
5114	0.000023375	553536	ops_par_loop_group_35	update_halo_kernel1_b2+update_halo_kernel4_minus_4_a
5115	0.000021029	553536	ops_par_loop_group_36	update_halo_kernel1_b1+update_halo_kernel4_minus_2_a
5116	0.000018525	123008	ops_par_loop_update_halo_kernel4_minus_4_b_64	update_halo_kernel4_minus_4_b
5117	0.000020939	553536	ops_par_loop_group_38	update_halo_kernel1_t2+update_halo_kernel4_minus_2_b
5118	0.000020750	430528	ops_par_loop_update_halo_kernel1_t1_41	update_halo_kernel1_t1
5119	0.000023785	430528	ops_par_loop_update_halo_kernel1_l2_42	update_halo_kernel1_l2
5120	0.000020609	430528	ops_par_loop_update_halo_kernel1_l1_43	update_halo_kernel1_l1
5121	0.000023284	430528	ops_par_loop_update_halo_kernel1_r2_44	update_halo_kernel1_r2
5122	0.000021261	430528	ops_par_loop_update_halo_kernel1_r1_45	update_halo_kernel1_r1
5123	0.000021661	246080	ops_par_loop_group_44	update_halo_kernel2_yvel_plus_4_a+update_halo_kernel4_plus_4_a
5124	0.000019838	246080	ops_par_loop_group_45	update_halo_kernel2_yvel_plus_2_a+update_halo_kernel4_plus_2_a
5125	0.000020910	246080	ops_par_loop_group_46	update_halo_kernel2_yvel_plus_2_b+update_halo_kernel4_plus_4_b
5126	0.000018536	123040	ops_par_loop_update_halo_kernel4_plus_2_b_69	update_halo_kernel4_plus_2_b
5127	0.000562528	591053440	ops_par_loop_advec_mom_kernel_y1_70	advec_mom_kernel_y1
5128	0.000191143	236236864	ops_par_loop_advec_mom_kernel_mass_flux_y_71	advec_mom_kernel_mass_flux_y
5129	0.000534485	590438520	ops_par_loop_advec_mom_kernel_post_pre_advec_y_72	advec_mom_kernel_post_pre_advec_y
5130	0.000877677	472258640	ops_par_loop_advec_mom_kernel1_y_nonvector_73	advec_mom_kernel1_y_nonvector
5131	0.000453512	590131240	ops_par_loop_advec_mom_kernel2_y_74	advec_mom_kernel2_y
5132	0.000560465	591053440	ops_par_loop_advec_mom_kernel_y1_75	advec_mom_kernel_y1
5133	0.000191694	236236864	ops_par_loop_advec_mom_kernel_mass_flux_y_76	advec_mom_kernel_mass_flux_y
5134	0.000531670	590438520	ops_par_loop_advec_mom_kernel_post_pre_advec_y_77	advec_mom_kernel_post_pre_advec_y
5135	0.000874250	472258640	ops_par_loop_advec_mom_kernel1_y_nonvector_78	advec_mom_kernel1_y_nonvector
5136	0.000451829	590131240	ops_par_loop_advec_mom_kernel2_y_79	advec_mom_kernel2_y
5137	0.000491404	472842752	ops_par_loop_advec_cell_kernel2_xdir_80	advec_cell_kernel2_xdir
5138	0.000772647	708203544	ops_par_loop_advec_cell_kernel3_xdir_81	advec_cell_kernel3_xdir
5139	0.001461486	1533542400	ops_par_loop_advec_cell_kernel4_xdir_82	advec_cell_kernel4_xdir
5140	0.000022683	553536	ops_par_loop_group_61	update_halo_kernel1_b2+update_halo_kernel4_minus_4_a
5141	0.000020690	553536	ops_par_loop_group_62	update_halo_kernel1_b1+update_halo_kernel4_minus_2_a
5142	0.000019808	246080	ops_par_loop_group_63	update_halo_kernel2_xvel_plus_4_a+update_halo_kernel2_yvel_minus_4_a
5143	0.000019096	246080	ops_par_loop_group_64	update_halo_kernel2_xvel_plus_2_a+update_halo_kernel2_yvel_minus_2_a
5144	0.000019407	246080	ops_par_loop_group_65	update_halo_kernel2_xvel_plus_4_b+update_halo_kernel2_yvel_minus_4_b
5145	0.000019657	246080	ops_par_loop_group_66	update_halo_kernel2_xvel_plus_2_b+update_halo_kernel2_yvel_minus_2_b
5146	0.000021721	246080	ops_par_loop_group_67	update_halo_kernel2_xvel_minus_4_a+update_halo_kernel2_yvel_plus_4_a
5147	0.000020679	246080	ops_par_loop_group_68	update_halo_kernel2_xvel_minus_2_a+update_halo_kernel2_yvel_plus_2_a
5148	0.000021651	246080	ops_par_loop_group_69	update_halo_kernel2_xvel_minus_4_b+update_halo_kernel2_yvel_plus_4_b
5149	0.000019958	246080	ops_par_loop_group_70	update_halo_kernel2_xvel_minus_2_b+update_halo_kernel2_yvel_plus_2_b
5150	0.000019237	123040	ops_par_loop_update_halo_kernel3_plus_4_a_107	update_halo_kernel3_plus_4_a
5151	0.000019467	123040	ops_par_loop_update_halo_kernel3_plus_2_a_108	update_halo_kernel3_plus_2_a
5152	0.000018175	123040	ops_par_loop_update_halo_kernel3_plus_4_b_109	update_halo_kernel3_plus_4_b
5153	0.000018145	123040	ops_par_loop_update_halo_kernel3_plus_2_b_110	update_halo_kernel3_plus_2_b
5154	0.000018926	123008	ops_par_loop_update_halo_kernel3_minus_4_b_113	update_halo_kernel3_minus_4_b
5155	0.000018184	123008	ops_par_loop_update_halo_kernel4_minus_4_b_117	update_halo_kernel4_minus_4_b
5156	0.000021571	553536	ops_par_loop_group_77	update_halo_kernel1_t2+update_halo_kernel4_minus_2_b
5157	0.000020209	430528	ops_par_loop_update_halo_kernel1_t1_86	update_halo_kernel1_t1
5158	0.000026610	553536	ops_par_loop_group_79	update_halo_kernel1_l2+update_halo_kernel3_minus_4_a
5159	0.000023745	553536	ops_par_loop_group_80	update_halo_kernel1_l1+update_halo_kernel3_minus_2_a
5160	0.000024977	553536	ops_par_loop_group_81	update_halo_kernel1_r2+update_halo_kernel3_minus_2_b
5161	0.000021591	430528	ops_par_loop_update_halo_kernel1_r1_90	update_halo_kernel1_r1
5162	0.000020108	123040	ops_par_loop_update_halo_kernel4_plus_4_a_119	update_halo_kernel4_plus_4_a
5163	0.000018706	123040	ops_par_loop_update_halo_kernel4_plus_2_a_120	update_halo_kernel4_plus_2_a
5164	0.000019216	123040	ops_par_loop_update_halo_kernel4_plus_4_b_121	update_halo_kernel4_plus_4_b
5165	0.000018455	123040	ops_par_loop_update_halo_kernel4_plus_2_b_122	update_halo_kernel4_plus_2_b
5166	0.001203015	944701952	ops_par_loop_group_87	advec_mom_kernel_x2+reset_field_kernel1
5167	0.000804478	708096064	ops_par_loop_group_88	advec_mom_kernel_mass_flux_x+ideal_gas_kernel
5168	0.000571886	590438520	ops_par_loop_advec_mom_kernel_post_pre_advec_x_125	advec_mom_kernel_post_pre_advec_x
5169	0.000883628	472258640	ops_par_loop_advec_mom_kernel1_x_nonvector_126	advec_mom_kernel1_x_nonvector
5170	0.000450926	590131240	ops_par_loop_advec_mom_kernel2_x_127	advec_mom_kernel2_x
5171	0.000499248	472842752	ops_par_loop_advec_mom_kernel_x2_128	advec_mom_kernel_x2
5172	0.000194750	236236864	ops_par_loop_advec_mom_kernel_mass_flux_x_129	advec_mom_kernel_mass_flux_x
5173	0.000572468	590438520	ops_par_loop_advec_mom_kernel_post_pre_advec_x_130	advec_mom_kernel_post_pre_advec_x
5174	0.000883899	472258640	ops_par_loop_advec_mom_kernel1_x_nonvector_131	advec_mom_kernel1_x_nonvector
5175	0.000732702	1062236232	ops_par_loop_group_96	advec_mom_kernel2_x+reset_field_kernel2
5176	0.000020739	430304	ops_par_loop_update_halo_kernel1_b1_136	update_halo_kernel1_b1
5177	0.000020489	430304	ops_par_loop_update_halo_kernel1_t1_137	update_halo_kernel1_t1
5178	0.000024286	430304	ops_par_loop_update_halo_kernel1_l1_138	update_halo_kernel1_l1
5179	0.000024276	430304	ops_par_loop_update_halo_kernel1_r1_139	update_halo_kernel1_r1
5180	0.000019597	245952	ops_par_loop_group_101	update_halo_kernel2_xvel_plus_2_a+update_halo_kernel2_yvel_minus_2_a
5181	0.000019427	245952	ops_par_loop_group_102	update_halo_kernel2_xvel_plus_2_b+update_halo_kernel2_yvel_minus_2_b
5182	0.000020709	245952	ops_par_loop_group_103	update_halo_kernel2_xvel_minus_2_a+update_halo_kernel2_yvel_plus_2_a
5183	0.000021370	245952	ops_par_loop_group_104	update_halo_kernel2_xvel_minus_2_b+update_halo_kernel2_yvel_plus_2_b
5184	0.001733172	589885440	ops_par_loop_viscosity_kernel_148	viscosity_kernel
5185	0.000021932	430304	ops_par_loop_update_halo_kernel1_b1_149	update_halo_kernel1_b1
5186	0.000020369	430304	ops_par_loop_update_halo_kernel1_t1_150	update_halo_kernel1_t1
5187	0.000023395	430304	ops_par_loop_update_halo_kernel1_l1_151	update_halo_kernel1_l1
5188	0.000023054	430304	ops_par_loop_update_halo_kernel1_r1_152	update_halo_kernel1_r1
5189	0.000916320	1061744640	ops_par_loop_calc_dt_kernel_153	calc_dt_kernel
5190	0.001479891	1887436800	ops_par_loop_group_0	PdV_kernel_predict+ideal_gas_kernel
5191	0.000023114	430304	ops_par_loop_update_halo_kernel1_b1_2	update_halo_kernel1_b1
5192	0.000020469	430304	ops_par_loop_update_halo_kernel1_t1_3	update_halo_kernel1_t1
5193	0.000023395	430304	ops_par_loop_update_halo_kernel1_l1_4	update_halo_kernel1_l1
5194	0.000024086	430304	ops_par_loop_update_halo_kernel1_r1_5	update_halo_kernel1_r1
5195	0.001559853	1770147928	ops_par_loop_group_5	revert_kernel+accelerate_kernel
5196	0.001357679	1651507200	ops_par_loop_PdV_kernel_nopredict_8	PdV_kernel_nopredict
5197	0.000360475	471982080	ops_par_loop_flux_calc_kernelx_9	flux_calc_kernelx
5198	0.000357158	471982080	ops_par_loop_flux_calc_kernely_10	flux_calc_kernely
5199	0.000022343	553536	ops_par_loop_group_9	update_halo_kernel1_b2+update_halo_kernel4_minus_4_a
5200	0.000021480	553536	ops_par_loop_group_10	update_halo_kernel1_b1+update_halo_kernel4_minus_2_a
5201	0.000059012	246080	ops_par_loop_group_11	update_halo_kernel3_plus_4_a+update_halo_kernel2_xvel_plus_4_a
5202	0.000021931	246080	ops_par_loop_group_12	update_halo_kernel3_plus_2_a+update_halo_kernel2_xvel_plus_2_a
5203	0.000018956	123008	ops_par_loop_update_halo_kernel4_minus_4_b_29	update_halo_kernel4_minus_4_b
5204	0.000021100	553536	ops_par_loop_group_14	update_halo_kernel1_t2+update_halo_kernel4_minus_2_b
5205	0.000020769	430528	ops_par_loop_update_halo_kernel1_t1_14	update_halo_kernel1_t1
5206	0.000019928	246080	ops_par_loop_group_16	update_halo_kernel2_xvel_plus_4_b+update_halo_kernel2_yvel_minus_4_b
5207	0.000019287	246080	ops_par_loop_group_17	update_halo_kernel3_plus_4_b+update_halo_kernel2_xvel_plus_2_b
5208	0.000018936	123040	ops_par_loop_update_halo_kernel3_plus_2_b_22	update_halo_kernel3_plus_2_b
5209	0.000026119	553536	ops_par_loop_group_19	update_halo_kernel1_l2+update_halo_kernel3_minus_4_a
5210	0.000023565	553536	ops_par_loop_group_20	update_halo_kernel1_l1+update_halo_kernel3_minus_2_a
5211	0.000019497	123008	ops_par_loop_update_halo_kernel3_minus_4_b_25	update_halo_kernel3_minus_4_b
5212	0.000024787	553536	ops_par_loop_group_22	update_halo_kernel1_r2+update_halo_kernel3_minus_2_b
5213	0.000021120	430528	ops_par_loop_update_halo_kernel1_r1_18	update_halo_kernel1_r1
5214	0.000020519	246080	ops_par_loop_group_24	update_halo_kernel4_plus_4_a+update_halo_kernel2_xvel_minus_4_a
5215	0.000020228	246080	ops_par_loop_group_25	update_halo_kernel4_plus_2_a+update_halo_kernel2_xvel_minus_2_a
5216	0.000018595	123040	ops_par_loop_update_halo_kernel2_yvel_minus_4_a_54	update_halo_kernel2_yvel_minus_4_a
5217	0.000017854	123040	ops_par_loop_update_halo_kernel2_yvel_minus_2_a_55	update_halo_kernel2_yvel_minus_2_a
5218	0.000018044	123040	ops_par_loop_update_halo_kernel2_yvel_minus_2_b_57	update_halo_kernel2_yvel_minus_2_b
5219	0.000020860	246080	ops_par_loop_group_29	update_halo_kernel2_xvel_minus_4_b+update_halo_kernel2_yvel_plus_4_b
5220	0.000020629	246080	ops_par_loop_group_30	update_halo_kernel4_plus_4_b+update_halo_kernel2_xvel_minus_2_b
5221	0.000018265	123040	ops_par_loop_update_halo_kernel4_plus_2_b_34	update_halo_kernel4_plus_2_b
5222	0.000628855	591053440	ops_par_loop_advec_cell_kernel1_xdir_35	advec_cell_kernel1_xdir
5223	0.000774841	708203544	ops_par_loop_advec_cell_kernel3_xdir_36	advec_cell_kernel3_xdir
5224	0.001463089	1533542400	ops_par_loop_advec_cell_kernel4_xdir_37	advec_cell_kernel4_xdir
5225	0.000020449	430528	ops_par_loop_update_halo_kernel1_b2_38	update_halo_kernel1_b2
5226	0.000020429	430528	ops_par_loop_update_halo_kernel1_b1_39	update_halo_kernel1_b1
5227	0.000020149	430528	ops_par_loop_update_halo_kernel1_t2_40	update_halo_kernel1_t2
5228	0.000020108	430528	ops_par_loop_update_halo_kernel1_t1_41	update_halo_kernel1_t1
5229	0.000019387	123040	ops_par_loop_update_halo_kernel3_plus_4_a_62	update_halo_kernel3_plus_4_a
5230	0.000018675	123040	ops_par_loop_update_halo_kernel3_plus_2_a_63	update_halo_kernel3_plus_2_a
5231	0.000018495	123040	ops_par_loop_update_halo_kernel3_plus_4_b_64	update_halo_kernel3_plus_4_b
5232	0.000017653	123040	ops_par_loop_update_halo_kernel3_plus_2_b_65	update_halo_kernel3_plus_2_b
5233	0.000027012	553536	ops_par_loop_group_43	update_halo_kernel1_l2+update_halo_kernel3_minus_4_a
5234	0.000022983	553536	ops_par_loop_group_44	update_halo_kernel1_l1+update_halo_kernel3_minus_2_a
5235	0.000019066	123008	ops_par_loop_update_halo_kernel3_minus_4_b_68	update_halo_kernel3_minus_4_b
5236	0.000023926	553536	ops_par_loop_group_46	update_halo_kernel1_r2+update_halo_kernel3_minus_2_b
5237	0.000020669	430528	ops_par_loop_update_halo_kernel1_r1_45	update_halo_kernel1_r1
5238	0.000561426	591053440	ops_par_loop_advec_mom_kernel_x1_70	advec_mom_kernel_x1
5239	0.000194039	236236864	ops_par_loop_advec_mom_kernel_mass_flux_x_71	advec_mom_kernel_mass_flux_x
5240	0.000574111	590438520	ops_par_loop_advec_mom_kernel_post_pre_advec_x_72	advec_mom_kernel_post_pre_advec_x
5241	0.000882696	472258640	ops_par_loop_advec_mom_kernel1_x_nonvector_73	advec_mom_kernel1_x_nonvector
5242	0.000452319	590131240	ops_par_loop_advec_mom_kernel2_x_74	advec_mom_kernel2_x
5243	0.000561987	591053440	ops_par_loop_advec_mom_kernel_x1_75	advec_mom_kernel_x1
5244	0.000194599	236236864	ops_par_loop_advec_mom_kernel_mass_flux_x_76	advec_mom_kernel_mass_flux_x
5245	0.000575393	590438520	ops_par_loop_advec_mom_kernel_post_pre_advec_x_77	advec_mom_kernel_post_pre_advec_x
5246	0.000020960	246080	ops_par_loop_group_56	update_halo_kernel2_xvel_plus_4_a+update_halo_kernel3_plus_4_a
5247	0.000019948	246080	ops_par_loop_group_57	update_halo_kernel2_xvel_plus_2_a+update_halo_kernel3_plus_2_a
5248	0.000019156	123040	ops_par_loop_update_halo_kernel2_xvel_plus_4_b_93	update_halo_kernel2_xvel_plus_4_b
5249	0.000019507	246080	ops_par_loop_group_59	update_halo_kernel2_xvel_plus_2_b+update_halo_kernel3_plus_4_b
5250	0.000021942	246080	ops_par_loop_group_60	update_halo_kernel2_yvel_plus_4_a+update_halo_kernel2_xvel_minus_4_a
5251	0.000020549	246080	ops_par_loop_group_61	update_halo_kernel2_yvel_plus_2_a+update_halo_kernel2_xvel_minus_2_a
5252	0.000018896	123040	ops_par_loop_update_halo_kernel2_xvel_minus_4_b_97	update_halo_kernel2_xvel_minus_4_b
5253	0.000020569	246080	ops_par_loop_group_63	update_halo_kernel2_yvel_plus_2_b+update_halo_kernel2_xvel_minus_2_b
5254	0.000887155	472258640	ops_par_loop_advec_mom_kernel1_x_nonvector_78	advec_mom_kernel1_x_nonvector
5255	0.000455886	590131240	ops_par_loop_advec_mom_kernel2_x_79	advec_mom_kernel2_x
5256	0.000498697	472842752	ops_par_loop_advec_cell_kernel2_ydir_80	advec_cell_kernel2_ydir
5257	0.000787837	708203544	ops_par_loop_advec_cell_kernel3_ydir_81	advec_cell_kernel3_ydir
5258	0.001471875	1533542400	ops_par_loop_advec_cell_kernel4_ydir_82	advec_cell_kernel4_ydir
5259	0.000024046	553536	ops_par_loop_group_69	update_halo_kernel1_b2+update_halo_kernel4_minus_4_a
5260	0.000021220	553536	ops_par_loop_group_70	update_halo_kernel1_b1+update_halo_kernel4_minus_2_a
5261	0.000018645	123040	ops_par_loop_update_halo_kernel2_yvel_minus_4_a_99	update_halo_kernel2_yvel_minus_4_a
5262	0.000018044	123040	ops_par_loop_update_halo_kernel2_yvel_minus_2_a_100	update_halo_kernel2_yvel_minus_2_a
5263	0.000018455	123040	ops_par_loop_update_halo_kernel2_yvel_minus_4_b_101	update_halo_kernel2_yvel_minus_4_b
5264	0.000017864	123040	ops_par_loop_update_halo_kernel2_yvel_minus_2_b_102	update_halo_kernel2_yvel_minus_2_b
5265	0.000019808	123040	ops_par_loop_update_halo_kernel2_yvel_plus_4_b_105	update_halo_kernel2_yvel_plus_4_b
5266	0.000019066	123040	ops_par_loop_update_halo_kernel3_plus_2_b_110	update_halo_kernel3_plus_2_b
5267	0.000019166	123008	ops_par_loop_update_halo_kernel3_minus_4_b_113	update_halo_kernel3_minus_4_b
5268	0.000018245	123008	ops_par_loop_update_halo_kernel4_minus_4_b_117	update_halo_kernel4_minus_4_b
5269	0.000022042	553536	ops_par_loop_group_79	update_halo_kernel1_t2+update_halo_kernel4_minus_2_b
5270	0.000020008	430528	ops_par_loop_update_halo_kernel1_t1_86	update_halo_kernel1_t1
5271	0.000027092	553536	ops_par_loop_group_81	update_halo_kernel1_l2+update_halo_kernel3_minus_4_a
5272	0.000022452	553536	ops_par_loop_group_82	update_halo_kernel1_l1+update_halo_kernel3_minus_2_a
5273	0.000024978	553536	ops_par_loop_group_83	update_halo_kernel1_r2+update_halo_kernel3_minus_2_b
5274	0.000021350	430528	ops_par_loop_update_halo_kernel1_r1_90	update_halo_kernel1_r1
5275	0.000020879	246080	ops_par_loop_group_85	update_halo_kernel2_yvel_plus_4_a+update_halo_kernel4_plus_4_a
5276	0.000019537	246080	ops_par_loop_group_86	update_halo_kernel2_yvel_plus_2_a+update_halo_kernel4_plus_2_a
5277	0.000019888	246080	ops_par_loop_group_87	update_halo_kernel2_yvel_plus_2_b+update_halo_kernel4_plus_4_b
5278	0.000018545	123040	ops_par_loop_update_halo_kernel4_plus_2_b_122	update_halo_kernel4_plus_2_b
5279	0.001192104	944701952	ops_par_loop_group_89	advec_mom_kernel_y2+reset_field_kernel1
5280	0.000735878	708096064	ops_par_loop_group_90	advec_mom_kernel_mass_flux_y+ideal_gas_kernel
5281	0.000533102	590438520	ops_par_loop_advec_mom_kernel_post_pre_advec_y_125	advec_mom_kernel_post_pre_advec_y
5282	0.000878268	472258640	ops_par_loop_advec_mom_kernel1_y_nonvector_126	advec_mom_kernel1_y_nonvector
5283	0.000446047	590131240	ops_par_loop_advec_mom_kernel2_y_127	advec_mom_kernel2_y
5284	0.000490822	472842752	ops_par_loop_advec_mom_kernel_y2_128	advec_mom_kernel_y2
5285	0.000192185	236236864	ops_par_loop_advec_mom_kernel_mass_flux_y_129	advec_mom_kernel_mass_flux_y
5286	0.000532732	590438520	ops_par_loop_advec_mom_kernel_post_pre_advec_y_130	advec_mom_kernel_post_pre_advec_y
5287	0.000874251	472258640	ops_par_loop_advec_mom_kernel1_y_nonvector_131	advec_mom_kernel1_y_nonvector
5288	0.000730217	1062236232	ops_par_loop_group_98	advec_mom_kernel2_y+reset_field_kernel2
5289	0.000021992	430304	ops_par_loop_update_halo_kernel1_b1_136	update_halo_kernel1_b1
5290	0.000019848	430304	ops_par_loop_update_halo_kernel1_t1_137	update_halo_kernel1_t1
5291	0.000023835	430304	ops_par_loop_update_halo_kernel1_l1_138	update_halo_kernel1_l1
5292	0.000023544	430304	ops_par_loop_update_halo_kernel1_r1_139	update_halo_kernel1_r1
5293	0.000019357	245952	ops_par_loop_group_103	update_halo_kernel2_xvel_plus_2_a+update_halo_kernel2_yvel_minus_2_a
5294	0.000018976	245952	ops_par_loop_group_104	update_halo_kernel2_xvel_plus_2_b+update_halo_kernel2_yvel_minus_2_b
5295	0.000021621	245952	ops_par_loop_group_105	update_halo_kernel2_xvel_minus_2_a+update_halo_kernel2_yvel_plus_2_a
5296	0.000020980	245952	ops_par_loop_group_106	update_halo_kernel2_xvel_minus_2_b+update_halo_kernel2_yvel_plus_2_b
5297	0.001732772	589885440	ops_par_loop_viscosity_kernel_148	viscosity_kernel
5298	0.000021080	430304	ops_par_loop_update_halo_kernel1_b1_149	update_halo_kernel1_b1
5299	0.000020359	430304	ops_par_loop_update_halo_kernel1_t1_150	update_halo_kernel1_t1
5300	0.000023034	430304	ops_par_loop_update_halo_kernel1_l1_151	update_halo_kernel1_l1
5301	0.000022904	430304	ops_par_loop_update_halo_kernel1_r1_152	update_halo_kernel1_r1
5302	0.000918013	1061744640	ops_par_loop_calc_dt_kernel_153	calc_dt_kernel
5303	0.001491663	1887436800	ops_par_loop_group_0	PdV_kernel_predict+ideal_gas_kernel
5304	0.000022192	430304	ops_par_loop_update_halo_kernel1_b1_2	update_halo_kernel1_b1
5305	0.000020298	430304	ops_par_loop_update_halo_kernel1_t1_3	update_halo_kernel1_t1
5306	0.000024176	430304	ops_par_loop_update_halo_kernel1_l1_4	update_halo_kernel1_l1
5307	0.000024687	430304	ops_par_loop_update_halo_kernel1_r1_5	update_halo_kernel1_r1
5308	0.001558299	1770147928	ops_par_loop_group_5	revert_kernel+accelerate_kernel
5309	0.001362759	1651507200	ops_par_loop_PdV_kernel_nopredict_8	PdV_kernel_nopredict
5310	0.000359754	471982080	ops_par_loop_flux_calc_kernelx_9	flux_calc_kernelx
5311	0.000358070	471982080	ops_par_loop_flux_calc_kernely_10	flux_calc_kernely
5312	0.000022233	553536	ops_par_loop_group_9	update_halo_kernel1_b2+update_halo_kernel4_minus_4_a
5313	0.000020820	553536	ops_par_loop_group_10	update_halo_kernel1_b1+update_halo_kernel4_minus_2_a
5314	0.000019106	246080	ops_par_loop_group_11	update_halo_kernel3_plus_4_a+update_halo_kernel2_xvel_plus_4_a
5315	0.000019737	246080	ops_par_loop_group_12	update_halo_kernel3_plus_2_a+update_halo_kernel2_xvel_plus_2_a
5316	0.000018936	123008	ops_par_loop_update_halo_kernel4_minus_4_b_29	update_halo_kernel4_minus_4_b
5317	0.000021270	553536	ops_par_loop_group_14	update_halo_kernel1_t2+update_halo_kernel4_minus_2_b
5318	0.000020198	430528	ops_par_loop_update_halo_kernel1_t1_14	update_halo_kernel1_t1
5319	0.000019176	246080	ops_par_loop_group_16	update_halo_kernel2_xvel_plus_4_b+update_halo_kernel2_yvel_minus_4_b
5320	0.000018325	246080	ops_par_loop_group_17	update_halo_kernel3_plus_4_b+update_halo_kernel2_xvel_plus_2_b
5321	0.000017944	123040	ops_par_loop_update_halo_kernel3_plus_2_b_22	update_halo_kernel3_plus_2_b
5322	0.000025488	553536	ops_par_loop_group_19	update_halo_kernel1_l2+update_halo_kernel3_minus_4_a
5323	0.000023024	553536	ops_par_loop_group_20	update_halo_kernel1_l1+update_halo_kernel3_minus_2_a
5324	0.000018766	123008	ops_par_loop_update_halo_kernel3_minus_4_b_25	update_halo_kernel3_minus_4_b
5325	0.000024887	553536	ops_par_loop_group_22	update_halo_kernel1_r2+update_halo_kernel3_minus_2_b
5326	0.000022102	430528	ops_par_loop_update_halo_kernel1_r1_18	update_halo_kernel1_r1
5327	0.000021220	246080	ops_par_loop_group_24	update_halo_kernel4_plus_4_a+update_halo_kernel2_xvel_minus_4_a
5328	0.000019497	246080	ops_par_loop_group_25	update_halo_kernel4_plus_2_a+update_halo_kernel2_xvel_minus_2_a
5329	0.000017824	123040	ops_par_loop_update_halo_kernel2_yvel_minus_4_a_54	update_halo_kernel2_yvel_minus_4_a
5330	0.000017554	123040	ops_par_loop_update_halo_kernel2_yvel_minus_2_a_55	update_halo_kernel2_yvel_minus_2_a
5331	0.000016922	123040	ops_par_loop_update_halo_kernel2_yvel_minus_2_b_57	update_halo_kernel2_yvel_minus_2_b
5332	0.000021060	246080	ops_par_loop_group_29	update_halo_kernel2_xvel_minus_4_b+update_halo_kernel2_yvel_plus_4_b
5333	0.000019948	246080	ops_par_loop_group_30	update_halo_kernel4_plus_4_b+update_halo_kernel2_xvel_minus_2_b
5334	0.000023624	123040	ops_par_loop_update_halo_kernel4_plus_2_b_34	update_halo_kernel4_plus_2_b
5335	0.000563470	591053440	ops_par_loop_advec_cell_kernel1_ydir_35	advec_cell_kernel1_ydir
5336	0.000788017	708203544	ops_par_loop_advec_cell_kernel3_ydir_36	advec_cell_kernel3_ydir
5337	0.001471395	1533542400	ops_par_loop_advec_cell_kernel4_ydir_37	advec_cell_kernel4_ydir
5338	0.000021821	553536	ops_par_loop_group_35	update_halo_kernel1_b2+update_halo_kernel4_minus_4_a
5339	0.000021120	553536	ops_par_loop_group_36	update_halo_kernel1_b1+update_halo_kernel4_minus_2_a
5340	0.000018465	123008	ops_par_loop_update_halo_kernel4_minus_4_b_64	update_halo_kernel4_minus_4_b
5341	0.000021841	553536	ops_par_loop_group_38	update_halo_kernel1_t2+update_halo_kernel4_minus_2_b
5342	0.000019637	430528	ops_par_loop_update_halo_kernel1_t1_41	update_halo_kernel1_t1
5343	0.000024827	430528	ops_par_loop_update_halo_kernel1_l2_42	update_halo_kernel1_l2
5344	0.000021200	430528	ops_par_loop_update_halo_kernel1_l1_43	update_halo_kernel1_l1
5345	0.000024386	430528	ops_par_loop_update_halo_kernel1_r2_44	update_halo_kernel1_r2
5346	0.000020880	430528	ops_par_loop_update_halo_kernel1_r1_45	update_halo_kernel1_r1
5347	0.000021420	246080	ops_par_loop_group_44	update_halo_kernel2_yvel_plus_4_a+update_halo_kernel4_plus_4_a
5348	0.000019577	246080	ops_par_loop_group_45	update_halo_kernel2_yvel_plus_2_a+update_halo_kernel4_plus_2_a
5349	0.000020960	246080	ops_par_loop_group_46	update_halo_kernel2_yvel_plus_2_b+update_halo_kernel4_plus_4_b
5350	0.000018966	123040	ops_par_loop_update_halo_kernel4_plus_2_b_69	update_halo_kernel4_plus_2_b
5351	0.000561527	591053440	ops_par_loop_advec_mom_kernel_y1_70	advec_mom_kernel_y1
5352	0.000190772	236236864	ops_par_loop_advec_mom_kernel_mass_flux_y_71	advec_mom_kernel_mass_flux_y
5353	0.000537822	590438520	ops_par_loop_advec_mom_kernel_post_pre_advec_y_72	advec_mom_kernel_post_pre_advec_y
5354	0.000877928	472258640	ops_par_loop_advec_mom_kernel1_y_nonvector_73	advec_mom_kernel1_y_nonvector
5355	0.000447630	590131240	ops_par_loop_advec_mom_kernel2_y_74	advec_mom_kernel2_y
5356	0.000562027	591053440	ops_par_loop_advec_mom_kernel_y1_75	advec_mom_kernel_y1
5357	0.000191674	236236864	ops_par_loop_advec_mom_kernel_mass_flux_y_76	advec_mom_kernel_mass_flux_y
5358	0.000532561	590438520	ops_par_loop_advec_mom_kernel_post_pre_advec_y_77	advec_mom_kernel_post_pre_advec_y
5359	0.000875002	472258640	ops_par_loop_advec_mom_kernel1_y_nonvector_78	advec_mom_kernel1_y_nonvector
5360	0.000448812	590131240	ops_par_loop_advec_mom_kernel2_y_79	advec_mom_kernel2_y
5361	0.000491383	472842752	ops_par_loop_advec_cell_kernel2_xdir_80	advec_cell_kernel2_xdir
5362	0.000773299	708203544	ops_par_loop_advec_cell_kernel3_xdir_81	advec_cell_kernel3_xdir
5363	0.001463780	1533542400	ops_par_loop_advec_cell_kernel4_xdir_82	advec_cell_kernel4_xdir
5364	0.000023264	553536	ops_par_loop_group_61	update_halo_kernel1_b2+update_halo_kernel4_minus_4_a
5365	0.000021501	553536	ops_par_loop_group_62	update_halo_kernel1_b1+update_halo_kernel4_minus_2_a
5366	0.000019507	246080	ops_par_loop_group_63	update_halo_kernel2_xvel_plus_4_a+update_halo_kernel2_yvel_minus_4_a
5367	0.000019497	246080	ops_par_loop_group_64	update_halo_kernel2_xvel_plus_2_a+update_halo_kernel2_yvel_minus_2_a
5368	0.000019637	246080	ops_par_loop_group_65	update_halo_kernel2_xvel_plus_4_b+update_halo_kernel2_yvel_minus_4_b
5369	0.000019908	246080	ops_par_loop_group_66	update_halo_kernel2_xvel_plus_2_b+update_halo_kernel2_yvel_minus_2_b
5370	0.000021170	246080	ops_par_loop_group_67	update_halo_kernel2_xvel_minus_4_a+update_halo_kernel2_yvel_plus_4_a
5371	0.000020048	246080	ops_par_loop_group_68	update_halo_kernel2_xvel_minus_2_a+update_halo_kernel2_yvel_plus_2_a
5372	0.000020900	246080	ops_par_loop_group_69	update_halo_kernel2_xvel_minus_4_b+update_halo_kernel2_yvel_plus_4_b
5373	0.000019497	246080	ops_par_loop_group_70	update_halo_kernel2_xvel_minus_2_b+update_halo_kernel2_yvel_plus_2_b
5374	0.000019256	123040	ops_par_loop_update_halo_kernel3_plus_4_a_107	update_halo_kernel3_plus_4_a
5375	0.000018695	123040	ops_par_loop_update_halo_kernel3_plus_2_a_108	update_halo_kernel3_plus_2_a
5376	0.000018786	123040	ops_par_loop_update_halo_kernel3_plus_4_b_109	update_halo_kernel3_plus_4_b
5377	0.000018666	123040	ops_par_loop_update_halo_kernel3_plus_2_b_110	update_halo_kernel3_plus_2_b
5378	0.000018876	123008	ops_par_loop_update_halo_kernel3_minus_4_b_113	update_halo_kernel3_minus_4_b
5379	0.000018385	123008	ops_par_loop_update_halo_kernel4_minus_4_b_117	update_halo_kernel4_minus_4_b
5380	0.000020459	553536	ops_par_loop_group_77	update_halo_kernel1_t2+update_halo_kernel4_minus_2_b
5381	0.000019998	430528	ops_par_loop_update_halo_kernel1_t1_86	update_halo_kernel1_t1
5382	0.000026530	553536	ops_par_loop_group_79	update_halo_kernel1_l2+update_halo_kernel3_minus_4_a
5383	0.000023044	553536	ops_par_loop_group_80	update_halo_kernel1_l1+update_halo_kernel3_minus_2_a
5384	0.000025207	553536	ops_par_loop_group_81	update_halo_kernel1_r2+update_halo_kernel3_minus_2_b
5385	0.000021050	430528	ops_par_loop_update_halo_kernel1_r1_90	update_halo_kernel1_r1
5386	0.000019207	123040	ops_par_loop_update_halo_kernel4_plus_4_a_119	update_halo_kernel4_plus_4_a
5387	0.000018655	123040	ops_par_loop_update_halo_kernel4_plus_2_a_120	update_halo_kernel4_plus_2_a
5388	0.000019557	123040	ops_par_loop_update_halo_kernel4_plus_4_b_121	update_halo_kernel4_plus_4_b
5389	0.000026140	123040	ops_par_loop_update_halo_kernel4_plus_2_b_122	update_halo_kernel4_plus_2_b
5390	0.001202684	944701952	ops_par_loop_group_87	advec_mom_kernel_x2+reset_field_kernel1
5391	0.000800731	708096064	ops_par_loop_group_88	advec_mom_kernel_mass_flux_x+ideal_gas_kernel
5392	0.000574261	590438520	ops_par_loop_advec_mom_kernel_post_pre_advec_x_125	advec_mom_kernel_post_pre_advec_x
5393	0.000882867	472258640	ops_par_loop_advec_mom_kernel1_x_nonvector_126	advec_mom_kernel1_x_nonvector
5394	0.000451678	590131240	ops_par_loop_advec_mom_kernel2_x_127	advec_mom_kernel2_x
5395	0.000500491	472842752	ops_par_loop_advec_mom_kernel_x2_128	advec_mom_kernel_x2
5396	0.000194529	236236864	ops_par_loop_advec_mom_kernel_mass_flux_x_129	advec_mom_kernel_mass_flux_x
5397	0.000576635	590438520	ops_par_loop_advec_mom_kernel_post_pre_advec_x_130	advec_mom_kernel_post_pre_advec_x
5398	0.000884060	472258640	ops_par_loop_advec_mom_kernel1_x_nonvector_131	advec_mom_kernel1_x_nonvector
5399	0.000732201	1062236232	ops_par_loop_group_96	advec_mom_kernel2_x+reset_field_kernel2
5400	0.000021822	430304	ops_par_loop_update_halo_kernel1_b1_136	update_halo_kernel1_b1
5401	0.000020038	430304	ops_par_loop_update_halo_kernel1_t1_137	update_halo_kernel1_t1
5402	0.000024236	430304	ops_par_loop_update_halo_kernel1_l1_138	update_halo_kernel1_l1
5403	0.000025017	430304	ops_par_loop_update_halo_kernel1_r1_139	update_halo_kernel1_r1
5404	0.000019597	245952	ops_par_loop_group_101	update_halo_kernel2_xvel_plus_2_a+update_halo_kernel2_yvel_minus_2_a
5405	0.000019907	245952	ops_par_loop_group_102	update_halo_kernel2_xvel_plus_2_b+update_halo_kernel2_yvel_minus_2_b
5406	0.000020920	245952	ops_par_loop_group_103	update_halo_kernel2_xvel_minus_2_a+update_halo_kernel2_yvel_plus_2_a
5407	0.000021230	245952	ops_par_loop_group_104	update_halo_kernel2_xvel_minus_2_b+update_halo_kernel2_yvel_plus_2_b
5408	0.001732491	589885440	ops_par_loop_viscosity_kernel_148	viscosity_kernel
5409	0.000021311	430304	ops_par_loop_update_halo_kernel1_b1_149	update_halo_kernel1_b1
5410	0.000019497	430304	ops_par_loop_update_halo_kernel1_t1_150	update_halo_kernel1_t1
5411	0.000022964	430304	ops_par_loop_update_halo_kernel1_l1_151	update_halo_kernel1_l1
5412	0.000022583	430304	ops_par_loop_update_halo_kernel1_r1_152	update_halo_kernel1_r1
5413	0.000921611	1061744640	ops_par_loop_calc_dt_kernel_153	calc_dt_kernel
5414	0.001488728	1887436800	ops_par_loop_group_0	PdV_kernel_predict+ideal_gas_kernel
5415	0.000022323	430304	ops_par_loop_update_halo_kernel1_b1_2	update_halo_kernel1_b1
5416	0.000019988	430304	ops_par_loop_update_halo_kernel1_t1_3	update_halo_kernel1_t1
5417	0.000023204	430304	ops_par_loop_update_halo_kernel1_l1_4	update_halo_kernel1_l1
5418	0.000023475	430304	ops_par_loop_update_halo_kernel1_r1_5	update_halo_kernel1_r1
5419	0.001559031	1770147928	ops_par_loop_group_5	revert_kernel+accelerate_kernel
5420	0.001356626	1651507200	ops_par_loop_PdV_kernel_nopredict_8	PdV_kernel_nopredict
5421	0.000364793	471982080	ops_par_loop_flux_calc_kernelx_9	flux_calc_kernelx
5422	0.000357119	471982080	ops_par_loop_flux_calc_kernely_10	flux_calc_kernely
5423	0.000021782	553536	ops_par_loop_group_9	update_halo_kernel1_b2+update_halo_kernel4_minus_4_a
5424	0.000020559	553536	ops_par_loop_group_10	update_halo_kernel1_b1+update_halo_kernel4_minus_2_a
5425	0.000019407	246080	ops_par_loop_group_11	update_halo_kernel3_plus_4_a+update_halo_kernel2_xvel_plus_4_a
5426	0.000018816	246080	ops_par_loop_group_12	update_halo_kernel3_plus_2_a+update_halo_kernel2_xvel_plus_2_a
5427	0.000018686	123008	ops_par_loop_update_halo_kernel4_minus_4_b_29	update_halo_kernel4_minus_4_b
5428	0.000020108	553536	ops_par_loop_group_14	update_halo_kernel1_t2+update_halo_kernel4_minus_2_b
5429	0.000019847	430528	ops_par_loop_update_halo_kernel1_t1_14	update_halo_kernel1_t1
5430	0.000019297	246080	ops_par_loop_group_16	update_halo_kernel2_xvel_plus_4_b+update_halo_kernel2_yvel_minus_4_b
5431	0.000018625	246080	ops_par_loop_group_17	update_halo_kernel3_plus_4_b+update_halo_kernel2_xvel_plus_2_b
5432	0.000017924	123040	ops_par_loop_update_halo_kernel3_plus_2_b_22	update_halo_kernel3_plus_2_b
5433	0.000026420	553536	ops_par_loop_group_19	update_halo_kernel1_l2+update_halo_kernel3_minus_4_a
5434	0.000022483	553536	ops_par_loop_group_20	update_halo_kernel1_l1+update_halo_kernel3_minus_2_a
5435	0.000019587	123008	ops_par_loop_update_halo_kernel3_minus_4_b_25	update_halo_kernel3_minus_4_b
5436	0.000023515	553536	ops_par_loop_group_22	update_halo_kernel1_r2+update_halo_kernel3_minus_2_b
5437	0.000021040	430528	ops_par_loop_update_halo_kernel1_r1_18	update_halo_kernel1_r1
5438	0.000020128	246080	ops_par_loop_group_24	update_halo_kernel4_plus_4_a+update_halo_kernel2_xvel_minus_4_a
5439	0.000019998	246080	ops_par_loop_group_25	update_halo_kernel4_plus_2_a+update_halo_kernel2_xvel_minus_2_a
5440	0.000017724	123040	ops_par_loop_update_halo_kernel2_yvel_minus_4_a_54	update_halo_kernel2_yvel_minus_4_a
5441	0.000017624	123040	ops_par_loop_update_halo_kernel2_yvel_minus_2_a_55	update_halo_kernel2_yvel_minus_2_a
5442	0.000017703	123040	ops_par_loop_update_halo_kernel2_yvel_minus_2_b_57	update_halo_kernel2_yvel_minus_2_b
5443	0.000021261	246080	ops_par_loop_group_29	update_halo_kernel2_xvel_minus_4_b+update_halo_kernel2_yvel_plus_4_b
5444	0.000020489	246080	ops_par_loop_group_30	update_halo_kernel4_plus_4_b+update_halo_kernel2_xvel_minus_2_b
5445	0.000017633	123040	ops_par_loop_update_halo_kernel4_plus_2_b_34	update_halo_kernel4_plus_2_b
5446	0.000563300	591053440	ops_par_loop_advec_cell_kernel1_xdir_35	advec_cell_kernel1_xdir
5447	0.000776905	708203544	ops_par_loop_advec_cell_kernel3_xdir_36	advec_cell_kernel3_xdir
5448	0.001461656	1533542400	ops_par_loop_advec_cell_kernel4_xdir_37	advec_cell_kernel4_xdir
5449	0.000020769	430528	ops_par_loop_update_halo_kernel1_b2_38	update_halo_kernel1_b2
5450	0.000019757	430528	ops_par_loop_update_halo_kernel1_b1_39	update_halo_kernel1_b1
5451	0.000019918	430528	ops_par_loop_update_halo_kernel1_t2_40	update_halo_kernel1_t2
5452	0.000019768	430528	ops_par_loop_update_halo_kernel1_t1_41	update_halo_kernel1_t1
5453	0.000019277	123040	ops_par_loop_update_halo_kernel3_plus_4_a_62	update_halo_kernel3_plus_4_a
5454	0.000018185	123040	ops_par_loop_update_halo_kernel3_plus_2_a_63	update_halo_kernel3_plus_2_a
5455	0.000018616	123040	ops_par_loop_update_halo_kernel3_plus_4_b_64	update_halo_kernel3_plus_4_b
5456	0.000017995	123040	ops_par_loop_update_halo_kernel3_plus_2_b_65	update_halo_kernel3_plus_2_b
5457	0.000025979	553536	ops_par_loop_group_43	update_halo_kernel1_l2+update_halo_kernel3_minus_4_a
5458	0.000022453	553536	ops_par_loop_group_44	update_halo_kernel1_l1+update_halo_kernel3_minus_2_a
5459	0.000019056	123008	ops_par_loop_update_halo_kernel3_minus_4_b_68	update_halo_kernel3_minus_4_b
5460	0.000024356	553536	ops_par_loop_group_46	update_halo_kernel1_r2+update_halo_kernel3_minus_2_b
5461	0.000020960	430528	ops_par_loop_update_halo_kernel1_r1_45	update_halo_kernel1_r1
5462	0.000562859	591053440	ops_par_loop_advec_mom_kernel_x1_70	advec_mom_kernel_x1
5463	0.000194369	236236864	ops_par_loop_advec_mom_kernel_mass_flux_x_71	advec_mom_kernel_mass_flux_x
5464	0.000571866	590438520	ops_par_loop_advec_mom_kernel_post_pre_advec_x_72	advec_mom_kernel_post_pre_advec_x
5465	0.000881935	472258640	ops_par_loop_advec_mom_kernel1_x_nonvector_73	advec_mom_kernel1_x_nonvector
5466	0.000447841	590131240	ops_par_loop_advec_mom_kernel2_x_74	advec_mom_kernel2_x
5467	0.000562037	591053440	ops_par_loop_advec_mom_kernel_x1_75	advec_mom_kernel_x1
5468	0.000193878	236236864	ops_par_loop_advec_mom_kernel_mass_flux_x_76	advec_mom_kernel_mass_flux_x
5469	0.000574852	590438520	ops_par_loop_advec_mom_kernel_post_pre_advec_x_77	advec_mom_kernel_post_pre_advec_x
5470	0.000020799	246080	ops_par_loop_group_56	update_halo_kernel2_xvel_plus_4_a+update_halo_kernel3_plus_4_a
5471	0.000019146	246080	ops_par_loop_group_57	update_halo_kernel2_xvel_plus_2_a+update_halo_kernel3_plus_2_a
5472	0.000018124	123040	ops_par_loop_update_halo_kernel2_xvel_plus_4_b_93	update_halo_kernel2_xvel_plus_4_b
5473	0.000019086	246080	ops_par_loop_group_59	update_halo_kernel2_xvel_plus_2_b+update_halo_kernel3_plus_4_b
5474	0.000021311	246080	ops_par_loop_group_60	update_halo_kernel2_yvel_plus_4_a+update_halo_kernel2_xvel_minus_4_a
5475	0.000019598	246080	ops_par_loop_group_61	update_halo_kernel2_yvel_plus_2_a+update_halo_kernel2_xvel_minus_2_a
5476	0.000019737	123040	ops_par_loop_update_halo_kernel2_xvel_minus_4_b_97	update_halo_kernel2_xvel_minus_4_b
5477	0.000020840	246080	ops_par_loop_group_63	update_halo_kernel2_yvel_plus_2_b+update_halo_kernel2_xvel_minus_2_b
5478	0.000889139	472258640	ops_par_loop_advec_mom_kernel1_x_nonvector_78	advec_mom_kernel1_x_nonvector
5479	0.000447490	590131240	ops_par_loop_advec_mom_kernel2_x_79	advec_mom_kernel2_x
5480	0.000497225	472842752	ops_par_loop_advec_cell_kernel2_ydir_80	advec_cell_kernel2_ydir
5481	0.000789350	708203544	ops_par_loop_advec_cell_kernel3_ydir_81	advec_cell_kernel3_ydir
5482	0.001471465	1533542400	ops_par_loop_advec_cell_kernel4_ydir_82	advec_cell_kernel4_ydir
5483	0.000023404	553536	ops_par_loop_group_69	update_halo_kernel1_b2+update_halo_kernel4_minus_4_a
5484	0.000021691	553536	ops_par_loop_group_70	update_halo_kernel1_b1+update_halo_kernel4_minus_2_a
5485	0.000018105	123040	ops_par_loop_update_halo_kernel2_yvel_minus_4_a_99	update_halo_kernel2_yvel_minus_4_a
5486	0.000017874	123040	ops_par_loop_update_halo_kernel2_yvel_minus_2_a_100	update_halo_kernel2_yvel_minus_2_a
5487	0.000017884	123040	ops_par_loop_update_halo_kernel2_yvel_minus_4_b_101	update_halo_kernel2_yvel_minus_4_b
5488	0.000017643	123040	ops_par_loop_update_halo_kernel2_yvel_minus_2_b_102	update_halo_kernel2_yvel_minus_2_b
5489	0.000020279	123040	ops_par_loop_update_halo_kernel2_yvel_plus_4_b_105	update_halo_kernel2_yvel_plus_4_b
5490	0.000018555	123040	ops_par_loop_update_halo_kernel3_plus_2_b_110	update_halo_kernel3_plus_2_b
5491	0.000019136	123008	ops_par_loop_update_halo_kernel3_minus_4_b_113	update_halo_kernel3_minus_4_b
5492	0.000017694	123008	ops_par_loop_update_halo_kernel4_minus_4_b_117	update_halo_kernel4_minus_4_b
5493	0.000021882	553536	ops_par_loop_group_79	update_halo_kernel1_t2+update_halo_kernel4_minus_2_b
5494	0.000020088	430528	ops_par_loop_update_halo_kernel1_t1_86	update_halo_kernel1_t1
5495	0.000026470	553536	ops_par_loop_group_81	update_halo_kernel1_l2+update_halo_kernel3_minus_4_a
5496	0.000022873	553536	ops_par_loop_group_82	update_halo_kernel1_l1+update_halo_kernel3_minus_2_a
5497	0.000023985	553536	ops_par_loop_group_83	update_halo_kernel1_r2+update_halo_kernel3_minus_2_b
5498	0.000020839	430528	ops_par_loop_update_halo_kernel1_r1_90	update_halo_kernel1_r1
5499	0.000021210	246080	ops_par_loop_group_85	update_halo_kernel2_yvel_plus_4_a+update_halo_kernel4_plus_4_a
5500	0.000019167	246080	ops_par_loop_group_86	update_halo_kernel2_yvel_plus_2_a+update_halo_kernel4_plus_2_a
5501	0.000019878	246080	ops_par_loop_group_87	update_halo_kernel2_yvel_plus_2_b+update_halo_kernel4_plus_4_b
5502	0.000018615	123040	ops_par_loop_update_halo_kernel4_plus_2_b_122	update_halo_kernel4_plus_2_b
5503	0.001191763	944701952	ops_par_loop_group_89	advec_mom_kernel_y2+reset_field_kernel1
5504	0.000736279	708096064	ops_par_loop_group_90	advec_mom_kernel_mass_flux_y+ideal_gas_kernel
5505	0.000530729	590438520	ops_par_loop_advec_mom_kernel_post_pre_advec_y_125	advec_mom_kernel_post_pre_advec_y
5506	0.000877998	472258640	ops_par_loop_advec_mom_kernel1_y_nonvector_126	advec_mom_kernel1_y_nonvector
5507	0.000451818	590131240	ops_par_loop_advec_mom_kernel2_y_127	advec_mom_kernel2_y
5508	0.000491774	472842752	ops_par_loop_advec_mom_kernel_y2_128	advec_mom_kernel_y2
5509	0.000193136	236236864	ops_par_loop_advec_mom_kernel_mass_flux_y_129	advec_mom_kernel_mass_flux_y
5510	0.000536339	590438520	ops_par_loop_advec_mom_kernel_post_pre_advec_y_130	advec_mom_kernel_post_pre_advec_y
5511	0.000875122	472258640	ops_par_loop_advec_mom_kernel1_y_nonvector_131	advec_mom_kernel1_y_nonvector
5512	0.000734695	1062236232	ops_par_loop_group_98	advec_mom_kernel2_y+reset_field_kernel2
5513	0.000022623	430304	ops_par_loop_update_halo_kernel1_b1_136	update_halo_kernel1_b1
5514	0.000021450	430304	ops_par_loop_update_halo_kernel1_t1_137	update_halo_kernel1_t1
5515	0.000024316	430304	ops_par_loop_update_halo_kernel1_l1_138	update_halo_kernel1_l1
5516	0.000024527	430304	ops_par_loop_update_halo_kernel1_r1_139	update_halo_kernel1_r1
5517	0.000019798	245952	ops_par_loop_group_103	update_halo_kernel2_xvel_plus_2_a+update_halo_kernel2_yvel_minus_2_a
5518	0.000021130	245952	ops_par_loop_group_104	update_halo_kernel2_xvel_plus_2_b+update_halo_kernel2_yvel_minus_2_b
5519	0.000023564	245952	ops_par_loop_group_105	update_halo_kernel2_xvel_minus_2_a+update_halo_kernel2_yvel_plus_2_a
5520	0.000024426	245952	ops_par_loop_group_106	update_halo_kernel2_xvel_minus_2_b+update_halo_kernel2_yvel_plus_2_b
5521	0.001733592	589885440	ops_par_loop_viscosity_kernel_148	viscosity_kernel
5522	0.000021501	430304	ops_par_loop_update_halo_kernel1_b1_149	update_halo_kernel1_b1
5523	0.000020028	430304	ops_par_loop_update_halo_kernel1_t1_150	update_halo_kernel1_t1
5524	0.000023565	430304	ops_par_loop_update_halo_kernel1_l1_151	update_halo_kernel1_l1
5525	0.000023445	430304	ops_par_loop_update_halo_kernel1_r1_152	update_halo_kernel1_r1
5526	0.000917894	1061744640	ops_par_loop_calc_dt_kernel_153	calc_dt_kernel
5527	0.001486764	1887436800	ops_par_loop_group_0	PdV_kernel_predict+ideal_gas_kernel
5528	0.000022843	430304	ops_par_loop_update_halo_kernel1_b1_2	update_halo_kernel1_b1
5529	0.000020409	430304	ops_par_loop_update_halo_kernel1_t1_3	update_halo_kernel1_t1
5530	0.000024276	430304	ops_par_loop_update_halo_kernel1_l1_4	update_halo_kernel1_l1
5531	0.000024175	430304	ops_par_loop_update_halo_kernel1_r1_5	update_halo_kernel1_r1
5532	0.001557709	1770147928	ops_par_loop_group_5	revert_kernel+accelerate_kernel
5533	0.001355675	1651507200	ops_par_loop_PdV_kernel_nopredict_8	PdV_kernel_nopredict
5534	0.000362749	471982080	ops_par_loop_flux_calc_kernelx_9	flux_calc_kernelx
5535	0.000360184	471982080	ops_par_loop_flux_calc_kernely_10	flux_calc_kernely
5536	0.000022122	553536	ops_par_loop_group_9	update_halo_kernel1_b2+update_halo_kernel4_minus_4_a
5537	0.000021811	553536	ops_par_loop_group_10	update_halo_kernel1_b1+update_halo_kernel4_minus_2_a
5538	0.000020158	246080	ops_par_loop_group_11	update_halo_kernel3_plus_4_a+update_halo_kernel2_xvel_plus_4_a
5539	0.000019107	246080	ops_par_loop_group_12	update_halo_kernel3_plus_2_a+update_halo_kernel2_xvel_plus_2_a
5540	0.000019557	123008	ops_par_loop_update_halo_kernel4_minus_4_b_29	update_halo_kernel4_minus_4_b
5541	0.000020860	553536	ops_par_loop_group_14	update_halo_kernel1_t2+update_halo_kernel4_minus_2_b
5542	0.000019597	430528	ops_par_loop_update_halo_kernel1_t1_14	update_halo_kernel1_t1
5543	0.000019998	246080	ops_par_loop_group_16	update_halo_kernel2_xvel_plus_4_b+update_halo_kernel2_yvel_minus_4_b
5544	0.000019147	246080	ops_par_loop_group_17	update_halo_kernel3_plus_4_b+update_halo_kernel2_xvel_plus_2_b
5545	0.000018706	123040	ops_par_loop_update_halo_kernel3_plus_2_b_22	update_halo_kernel3_plus_2_b
5546	0.000025068	553536	ops_par_loop_group_19	update_halo_kernel1_l2+update_halo_kernel3_minus_4_a
5547	0.000023434	553536	ops_par_loop_group_20	update_halo_kernel1_l1+update_halo_kernel3_minus_2_a
5548	0.000019356	123008	ops_par_loop_update_halo_kernel3_minus_4_b_25	update_halo_kernel3_minus_4_b
5549	0.000025188	553536	ops_par_loop_group_22	update_halo_kernel1_r2+update_halo_kernel3_minus_2_b
5550	0.000021671	430528	ops_par_loop_update_halo_kernel1_r1_18	update_halo_kernel1_r1
5551	0.000023014	246080	ops_par_loop_group_24	update_halo_kernel4_plus_4_a+update_halo_kernel2_xvel_minus_4_a
5552	0.000019487	246080	ops_par_loop_group_25	update_halo_kernel4_plus_2_a+update_halo_kernel2_xvel_minus_2_a
5553	0.000018435	123040	ops_par_loop_update_halo_kernel2_yvel_minus_4_a_54	update_halo_kernel2_yvel_minus_4_a
5554	0.000018175	123040	ops_par_loop_update_halo_kernel2_yvel_minus_2_a_55	update_halo_kernel2_yvel_minus_2_a
5555	0.000018205	123040	ops_par_loop_update_halo_kernel2_yvel_minus_2_b_57	update_halo_kernel2_yvel_minus_2_b
5556	0.000020950	246080	ops_par_loop_group_29	update_halo_kernel2_xvel_minus_4_b+update_halo_kernel2_yvel_plus_4_b
5557	0.000020429	246080	ops_par_loop_group_30	update_halo_kernel4_plus_4_b+update_halo_kernel2_xvel_minus_2_b
5558	0.000018405	123040	ops_par_loop_update_halo_kernel4_plus_2_b_34	update_halo_kernel4_plus_2_b
5559	0.000564913	591053440	ops_par_loop_advec_cell_kernel1_ydir_35	advec_cell_kernel1_ydir
5560	0.000788738	708203544	ops_par_loop_advec_cell_kernel3_ydir_36	advec_cell_kernel3_ydir
5561	0.001470614	1533542400	ops_par_loop_advec_cell_kernel4_ydir_37	advec_cell_kernel4_ydir
5562	0.000023054	553536	ops_par_loop_group_35	update_halo_kernel1_b2+update_halo_kernel4_minus_4_a
5563	0.000020820	553536	ops_par_loop_group_36	update_halo_kernel1_b1+update_halo_kernel4_minus_2_a
5564	0.000019998	123008	ops_par_loop_update_halo_kernel4_minus_4_b_64	update_halo_kernel4_minus_4_b
5565	0.000021751	553536	ops_par_loop_group_38	update_halo_kernel1_t2+update_halo_kernel4_minus_2_b
5566	0.000020429	430528	ops_par_loop_update_halo_kernel1_t1_41	update_halo_kernel1_t1
5567	0.000024497	430528	ops_par_loop_update_halo_kernel1_l2_42	update_halo_kernel1_l2
5568	0.000022092	430528	ops_par_loop_update_halo_kernel1_l1_43	update_halo_kernel1_l1
5569	0.000023485	430528	ops_par_loop_update_halo_kernel1_r2_44	update_halo_kernel1_r2
5570	0.000021742	430528	ops_par_loop_update_halo_kernel1_r1_45	update_halo_kernel1_r1
5571	0.000028705	246080	ops_par_loop_group_44	update_halo_kernel2_yvel_plus_4_a+update_halo_kernel4_plus_4_a
5572	0.000021661	246080	ops_par_loop_group_45	update_halo_kernel2_yvel_plus_2_a+update_halo_kernel4_plus_2_a
5573	0.000022893	246080	ops_par_loop_group_46	update_halo_kernel2_yvel_plus_2_b+update_halo_kernel4_plus_4_b
5574	0.000018826	123040	ops_par_loop_update_halo_kernel4_plus_2_b_69	update_halo_kernel4_plus_2_b
5575	0.000562719	591053440	ops_par_loop_advec_mom_kernel_y1_70	advec_mom_kernel_y1
5576	0.000191483	236236864	ops_par_loop_advec_mom_kernel_mass_flux_y_71	advec_mom_kernel_mass_flux_y
5577	0.000532692	590438520	ops_par_loop_advec_mom_kernel_post_pre_advec_y_72	advec_mom_kernel_post_pre_advec_y
5578	0.000878659	472258640	ops_par_loop_advec_mom_kernel1_y_nonvector_73	advec_mom_kernel1_y_nonvector
5579	0.000454884	590131240	ops_par_loop_advec_mom_kernel2_y_74	advec_mom_kernel2_y
5580	0.000562708	591053440	ops_par_loop_advec_mom_kernel_y1_75	advec_mom_kernel_y1
5581	0.000191835	236236864	ops_par_loop_advec_mom_kernel_mass_flux_y_76	advec_mom_kernel_mass_flux_y
5582	0.000537040	590438520	ops_par_loop_advec_mom_kernel_post_pre_advec_y_77	advec_mom_kernel_post_pre_advec_y
5583	0.000874791	472258640	ops_par_loop_advec_mom_kernel1_y_nonvector_78	advec_mom_kernel1_y_nonvector
5584	0.000451357	590131240	ops_par_loop_advec_mom_kernel2_y_79	advec_mom_kernel2_y
5585	0.000491534	472842752	ops_par_loop_advec_cell_kernel2_xdir_80	advec_cell_kernel2_xdir
5586	0.000773109	708203544	ops_par_loop_advec_cell_kernel3_xdir_81	advec_cell_kernel3_xdir
5587	0.001465914	1533542400	ops_par_loop_advec_cell_kernel4_xdir_82	advec_cell_kernel4_xdir
5588	0.000023565	553536	ops_par_loop_group_61	update_halo_kernel1_b2+update_halo_kernel4_minus_4_a
5589	0.000022032	553536	ops_par_loop_group_62	update_halo_kernel1_b1+update_halo_kernel4_minus_2_a
5590	0.000021671	246080	ops_par_loop_group_63	update_halo_kernel2_xvel_plus_4_a+update_halo_kernel2_yvel_minus_4_a
5591	0.000020048	246080	ops_par_loop_group_64	update_halo_kernel2_xvel_plus_2_a+update_halo_kernel2_yvel_minus_2_a
5592	0.000019317	246080	ops_par_loop_group_65	update_halo_kernel2_xvel_plus_4_b+update_halo_kernel2_yvel_minus_4_b
5593	0.000019737	246080	ops_par_loop_group_66	update_halo_kernel2_xvel_plus_2_b+update_halo_kernel2_yvel_minus_2_b
5594	0.000020969	246080	ops_par_loop_group_67	update_halo_kernel2_xvel_minus_4_a+update_halo_kernel2_yvel_plus_4_a
5595	0.000019988	246080	ops_par_loop_group_68	update_halo_kernel2_xvel_minus_2_a+update_halo_kernel2_yvel_plus_2_a
5596	0.000022092	246080	ops_par_loop_group_69	update_halo_kernel2_xvel_minus_4_b+update_halo_kernel2_yvel_plus_4_b
5597	0.000021040	246080	ops_par_loop_group_70	update_halo_kernel2_xvel_minus_2_b+update_halo_kernel2_yvel_plus_2_b
5598	0.000019187	123040	ops_par_loop_update_halo_kernel3_plus_4_a_107	update_halo_kernel3_plus_4_a
5599	0.000018886	123040	ops_par_loop_update_halo_kernel3_plus_2_a_108	update_halo_kernel3_plus_2_a
5600	0.000018185	123040	ops_par_loop_update_halo_kernel3_plus_4_b_109	update_halo_kernel3_plus_4_b
5601	0.000018736	123040	ops_par_loop_update_halo_kernel3_plus_2_b_110	update_halo_kernel3_plus_2_b
5602	0.000019137	123008	ops_par_loop_update_halo_kernel3_minus_4_b_113	update_halo_kernel3_minus_4_b
5603	0.000019127	123008	ops_par_loop_update_halo_kernel4_minus_4_b_117	update_halo_kernel4_minus_4_b
5604	0.000022472	553536	ops_par_loop_group_77	update_halo_kernel1_t2+update_halo_kernel4_minus_2_b
5605	0.000022142	430528	ops_par_loop_update_halo_kernel1_t1_86	update_halo_kernel1_t1
5606	0.000028444	553536	ops_par_loop_group_79	update_halo_kernel1_l2+update_halo_kernel3_minus_4_a
5607	0.000025698	553536	ops_par_loop_group_80	update_halo_kernel1_l1+update_halo_kernel3_minus_2_a
5608	0.000026199	553536	ops_par_loop_group_81	update_halo_kernel1_r2+update_halo_kernel3_minus_2_b
5609	0.000022192	430528	ops_par_loop_update_halo_kernel1_r1_90	update_halo_kernel1_r1
5610	0.000019467	123040	ops_par_loop_update_halo_kernel4_plus_4_a_119	update_halo_kernel4_plus_4_a
5611	0.000018865	123040	ops_par_loop_update_halo_kernel4_plus_2_a_120	update_halo_kernel4_plus_2_a
5612	0.000019817	123040	ops_par_loop_update_halo_kernel4_plus_4_b_121	update_halo_kernel4_plus_4_b
5613	0.000018445	123040	ops_par_loop_update_halo_kernel4_plus_2_b_122	update_halo_kernel4_plus_2_b
5614	0.001201462	944701952	ops_par_loop_group_87	advec_mom_kernel_x2+reset_field_kernel1
5615	0.000801964	708096064	ops_par_loop_group_88	advec_mom_kernel_mass_flux_x+ideal_gas_kernel
5616	0.000575302	590438520	ops_par_loop_advec_mom_kernel_post_pre_advec_x_125	advec_mom_kernel_post_pre_advec_x
5617	0.000883147	472258640	ops_par_loop_advec_mom_kernel1_x_nonvector_126	advec_mom_kernel1_x_nonvector
5618	0.000452680	590131240	ops_par_loop_advec_mom_kernel2_x_127	advec_mom_kernel2_x
5619	0.000498957	472842752	ops_par_loop_advec_mom_kernel_x2_128	advec_mom_kernel_x2
5620	0.000195471	236236864	ops_par_loop_advec_mom_kernel_mass_flux_x_129	advec_mom_kernel_mass_flux_x
5621	0.000576635	590438520	ops_par_loop_advec_mom_kernel_post_pre_advec_x_130	advec_mom_kernel_post_pre_advec_x
5622	0.000884270	472258640	ops_par_loop_advec_mom_kernel1_x_nonvector_131	advec_mom_kernel1_x_nonvector
5623	0.000731970	1062236232	ops_par_loop_group_96	advec_mom_kernel2_x+reset_field_kernel2
5624	0.000489619	471859200	ops_par_loop_ideal_gas_kernel_0	ideal_gas_kernel
5625	0.000022233	430304	ops_par_loop_update_halo_kernel1_b1_1	update_halo_kernel1_b1
5626	0.000020609	430304	ops_par_loop_update_halo_kernel1_t1_2	update_halo_kernel1_t1
5627	0.000025178	430304	ops_par_loop_update_halo_kernel1_l1_3	update_halo_kernel1_l1
5628	0.000023825	430304	ops_par_loop_update_halo_kernel1_r1_4	update_halo_kernel1_r1
5629	0.000019197	245952	ops_par_loop_group_5	update_halo_kernel2_xvel_plus_2_a+update_halo_kernel2_yvel_minus_2_a
5630	0.000019517	245952	ops_par_loop_group_6	update_halo_kernel2_xvel_plus_2_b+update_halo_kernel2_yvel_minus_2_b
5631	0.000021341	245952	ops_par_loop_group_7	update_halo_kernel2_xvel_minus_2_a+update_halo_kernel2_yvel_plus_2_a
5632	0.000021602	245952	ops_par_loop_group_8	update_halo_kernel2_xvel_minus_2_b+update_halo_kernel2_yvel_plus_2_b
5633	0.001732652	589885440	ops_par_loop_viscosity_kernel_13	viscosity_kernel
5634	0.000021591	430304	ops_par_loop_update_halo_kernel1_b1_14	update_halo_kernel1_b1
5635	0.000020078	430304	ops_par_loop_update_halo_kernel1_t1_15	update_halo_kernel1_t1
5636	0.000023284	430304	ops_par_loop_update_halo_kernel1_l1_16	update_halo_kernel1_l1
5637	0.000023615	430304	ops_par_loop_update_halo_kernel1_r1_17	update_halo_kernel1_r1
5638	0.000917592	1061744640	ops_par_loop_calc_dt_kernel_18	calc_dt_kernel
5639	0.001486523	1887436800	ops_par_loop_group_0	PdV_kernel_predict+ideal_gas_kernel
5640	0.000022863	430304	ops_par_loop_update_halo_kernel1_b1_2	update_halo_kernel1_b1
5641	0.000023144	430304	ops_par_loop_update_halo_kernel1_t1_3	update_halo_kernel1_t1
5642	0.000031951	430304	ops_par_loop_update_halo_kernel1_l1_4	update_halo_kernel1_l1
5643	0.000026700	430304	ops_par_loop_update_halo_kernel1_r1_5	update_halo_kernel1_r1
5644	0.001557569	1770147928	ops_par_loop_group_5	revert_kernel+accelerate_kernel
5645	0.001354202	1651507200	ops_par_loop_PdV_kernel_nopredict_8	PdV_kernel_nopredict
5646	0.000360214	471982080	ops_par_loop_flux_calc_kernelx_9	flux_calc_kernelx
5647	0.000357148	471982080	ops_par_loop_flux_calc_kernely_10	flux_calc_kernely
5648	0.000022813	553536	ops_par_loop_group_9	update_halo_kernel1_b2+update_halo_kernel4_minus_4_a
5649	0.000021420	553536	ops_par_loop_group_10	update_halo_kernel1_b1+update_halo_kernel4_minus_2_a
5650	0.000021030	246080	ops_par_loop_group_11	update_halo_kernel3_plus_4_a+update_halo_kernel2_xvel_plus_4_a
5651	0.000019577	246080	ops_par_loop_group_12	update_halo_kernel3_plus_2_a+update_halo_kernel2_xvel_plus_2_a
5652	0.000018606	123008	ops_par_loop_update_halo_kernel4_minus_4_b_29	update_halo_kernel4_minus_4_b
5653	0.000020719	553536	ops_par_loop_group_14	update_halo_kernel1_t2+update_halo_kernel4_minus_2_b
5654	0.000020569	430528	ops_par_loop_update_halo_kernel1_t1_14	update_halo_kernel1_t1
5655	0.000019697	246080	ops_par_loop_group_16	update_halo_kernel2_xvel_plus_4_b+update_halo_kernel2_yvel_minus_4_b
5656	0.000018646	246080	ops_par_loop_group_17	update_halo_kernel3_plus_4_b+update_halo_kernel2_xvel_plus_2_b
5657	0.000018204	123040	ops_par_loop_update_halo_kernel3_plus_2_b_22	update_halo_kernel3_plus_2_b
5658	0.000026841	553536	ops_par_loop_group_19	update_halo_kernel1_l2+update_halo_kernel3_minus_4_a
5659	0.000023865	553536	ops_par_loop_group_20	update_halo_kernel1_l1+update_halo_kernel3_minus_2_a
5660	0.000019748	123008	ops_par_loop_update_halo_kernel3_minus_4_b_25	update_halo_kernel3_minus_4_b
5661	0.000024727	553536	ops_par_loop_group_22	update_halo_kernel1_r2+update_halo_kernel3_minus_2_b
5662	0.000021060	430528	ops_par_loop_update_halo_kernel1_r1_18	update_halo_kernel1_r1
5663	0.000021531	246080	ops_par_loop_group_24	update_halo_kernel4_plus_4_a+update_halo_kernel2_xvel_minus_4_a
5664	0.000019788	246080	ops_par_loop_group_25	update_halo_kernel4_plus_2_a+update_halo_kernel2_xvel_minus_2_a
5665	0.000018335	123040	ops_par_loop_update_halo_kernel2_yvel_minus_4_a_54	update_halo_kernel2_yvel_minus_4_a
5666	0.000017945	123040	ops_par_loop_update_halo_kernel2_yvel_minus_2_a_55	update_halo_kernel2_yvel_minus_2_a
5667	0.000018806	123040	ops_par_loop_update_halo_kernel2_yvel_minus_2_b_57	update_halo_kernel2_yvel_minus_2_b
5668	0.000021171	246080	ops_par_loop_group_29	update_halo_kernel2_xvel_minus_4_b+update_halo_kernel2_yvel_plus_4_b
5669	0.000020619	246080	ops_par_loop_group_30	update_halo_kernel4_plus_4_b+update_halo_kernel2_xvel_minus_2_b
5670	0.000018345	123040	ops_par_loop_update_halo_kernel4_plus_2_b_34	update_halo_kernel4_plus_2_b
5671	0.000564072	591053440	ops_par_loop_advec_cell_kernel1_xdir_35	advec_cell_kernel1_xdir
5672	0.000772086	708203544	ops_par_loop_advec_cell_kernel3_xdir_36	advec_cell_kernel3_xdir
5673	0.001460113	1533542400	ops_par_loop_advec_cell_kernel4_xdir_37	advec_cell_kernel4_xdir
5674	0.000022041	430528	ops_par_loop_update_halo_kernel1_b2_38	update_halo_kernel1_b2
5675	0.000020499	430528	ops_par_loop_update_halo_kernel1_b1_39	update_halo_kernel1_b1
5676	0.000021661	430528	ops_par_loop_update_halo_kernel1_t2_40	update_halo_kernel1_t2
5677	0.000021751	430528	ops_par_loop_update_halo_kernel1_t1_41	update_halo_kernel1_t1
5678	0.000019707	123040	ops_par_loop_update_halo_kernel3_plus_4_a_62	update_halo_kernel3_plus_4_a
5679	0.000019177	123040	ops_par_loop_update_halo_kernel3_plus_2_a_63	update_halo_kernel3_plus_2_a
5680	0.000018856	123040	ops_par_loop_update_halo_kernel3_plus_4_b_64	update_halo_kernel3_plus_4_b
5681	0.000018856	123040	ops_par_loop_update_halo_kernel3_plus_2_b_65	update_halo_kernel3_plus_2_b
5682	0.000026801	553536	ops_par_loop_group_43	update_halo_kernel1_l2+update_halo_kernel3_minus_4_a
5683	0.000023535	553536	ops_par_loop_group_44	update_halo_kernel1_l1+update_halo_kernel3_minus_2_a
5684	0.000019587	123008	ops_par_loop_update_halo_kernel3_minus_4_b_68	update_halo_kernel3_minus_4_b
5685	0.000024587	553536	ops_par_loop_group_46	update_halo_kernel1_r2+update_halo_kernel3_minus_2_b
5686	0.000021320	430528	ops_par_loop_update_halo_kernel1_r1_45	update_halo_kernel1_r1
5687	0.000561357	591053440	ops_par_loop_advec_mom_kernel_x1_70	advec_mom_kernel_x1
5688	0.000194340	236236864	ops_par_loop_advec_mom_kernel_mass_flux_x_71	advec_mom_kernel_mass_flux_x
5689	0.000573750	590438520	ops_par_loop_advec_mom_kernel_post_pre_advec_x_72	advec_mom_kernel_post_pre_advec_x
5690	0.000882155	472258640	ops_par_loop_advec_mom_kernel1_x_nonvector_73	advec_mom_kernel1_x_nonvector
5691	0.000454082	590131240	ops_par_loop_advec_mom_kernel2_x_74	advec_mom_kernel2_x
5692	0.000561436	591053440	ops_par_loop_advec_mom_kernel_x1_75	advec_mom_kernel_x1
5693	0.000193968	236236864	ops_par_loop_advec_mom_kernel_mass_flux_x_76	advec_mom_kernel_mass_flux_x
5694	0.000577537	590438520	ops_par_loop_advec_mom_kernel_post_pre_advec_x_77	advec_mom_kernel_post_pre_advec_x
5695	0.000021090	246080	ops_par_loop_group_56	update_halo_kernel2_xvel_plus_4_a+update_halo_kernel3_plus_4_a
5696	0.000019407	246080	ops_par_loop_group_57	update_halo_kernel2_xvel_plus_2_a+update_halo_kernel3_plus_2_a
5697	0.000018936	123040	ops_par_loop_update_halo_kernel2_xvel_plus_4_b_93	update_halo_kernel2_xvel_plus_4_b
5698	0.000019908	246080	ops_par_loop_group_59	update_halo_kernel2_xvel_plus_2_b+update_halo_kernel3_plus_4_b
5699	0.000022433	246080	ops_par_loop_group_60	update_halo_kernel2_yvel_plus_4_a+update_halo_kernel2_xvel_minus_4_a
5700	0.000020098	246080	ops_par_loop_group_61	update_halo_kernel2_yvel_plus_2_a+update_halo_kernel2_xvel_minus_2_a
5701	0.000019216	123040	ops_par_loop_update_halo_kernel2_xvel_minus_4_b_97	update_halo_kernel2_xvel_minus_4_b
5702	0.000021261	246080	ops_par_loop_group_63	update_halo_kernel2_yvel_plus_2_b+update_halo_kernel2_xvel_minus_2_b
5703	0.000882756	472258640	ops_par_loop_advec_mom_kernel1_x_nonvector_78	advec_mom_kernel1_x_nonvector
5704	0.000444975	590131240	ops_par_loop_advec_mom_kernel2_x_79	advec_mom_kernel2_x
5705	0.000497785	472842752	ops_par_loop_advec_cell_kernel2_ydir_80	advec_cell_kernel2_ydir
5706	0.000788107	708203544	ops_par_loop_advec_cell_kernel3_ydir_81	advec_cell_kernel3_ydir
5707	0.001472366	1533542400	ops_par_loop_advec_cell_kernel4_ydir_82	advec_cell_kernel4_ydir
5708	0.000024006	553536	ops_par_loop_group_69	update_halo_kernel1_b2+update_halo_kernel4_minus_4_a
5709	0.000021841	553536	ops_par_loop_group_70	update_halo_kernel1_b1+update_halo_kernel4_minus_2_a
5710	0.000023445	123040	ops_par_loop_update_halo_kernel2_yvel_minus_4_a_99	update_halo_kernel2_yvel_minus_4_a
5711	0.000018505	123040	ops_par_loop_update_halo_kernel2_yvel_minus_2_a_100	update_halo_kernel2_yvel_minus_2_a
5712	0.000017813	123040	ops_par_loop_update_halo_kernel2_yvel_minus_4_b_101	update_halo_kernel2_yvel_minus_4_b
5713	0.000018796	123040	ops_par_loop_update_halo_kernel2_yvel_minus_2_b_102	update_halo_kernel2_yvel_minus_2_b
5714	0.000019327	123040	ops_par_loop_update_halo_kernel2_yvel_plus_4_b_105	update_halo_kernel2_yvel_plus_4_b
5715	0.000020209	123040	ops_par_loop_update_halo_kernel3_plus_2_b_110	update_halo_kernel3_plus_2_b
5716	0.000019528	123008	ops_par_loop_update_halo_kernel3_minus_4_b_113	update_halo_kernel3_minus_4_b
5717	0.000019116	123008	ops_par_loop_update_halo_kernel4_minus_4_b_117	update_halo_kernel4_minus_4_b
5718	0.000021651	553536	ops_par_loop_group_79	update_halo_kernel1_t2+update_halo_kernel4_minus_2_b
5719	0.000020359	430528	ops_par_loop_update_halo_kernel1_t1_86	update_halo_kernel1_t1
5720	0.000028063	553536	ops_par_loop_group_81	update_halo_kernel1_l2+update_halo_kernel3_minus_4_a
5721	0.000022953	553536	ops_par_loop_group_82	update_halo_kernel1_l1+update_halo_kernel3_minus_2_a
5722	0.000025058	553536	ops_par_loop_group_83	update_halo_kernel1_r2+update_halo_kernel3_minus_2_b
5723	0.000022413	430528	ops_par_loop_update_halo_kernel1_r1_90	update_halo_kernel1_r1
5724	0.000021782	246080	ops_par_loop_group_85	update_halo_kernel2_yvel_plus_4_a+update_halo_kernel4_plus_4_a
5725	0.000019827	246080	ops_par_loop_group_86	update_halo_kernel2_yvel_plus_2_a+update_halo_kernel4_plus_2_a
5726	0.000020288	246080	ops_par_loop_group_87	update_halo_kernel2_yvel_plus_2_b+update_halo_kernel4_plus_4_b
5727	0.000019196	123040	ops_par_loop_update_halo_kernel4_plus_2_b_122	update_halo_kernel4_plus_2_b
5728	0.001192646	944701952	ops_par_loop_group_89	advec_mom_kernel_y2+reset_field_kernel1
5729	0.000737010	708096064	ops_par_loop_group_90	advec_mom_kernel_mass_flux_y+ideal_gas_kernel
5730	0.000533303	590438520	ops_par_loop_advec_mom_kernel_post_pre_advec_y_125	advec_mom_kernel_post_pre_advec_y
5731	0.000881926	472258640	ops_par_loop_advec_mom_kernel1_y_nonvector_126	advec_mom_kernel1_y_nonvector
5732	0.000450276	590131240	ops_par_loop_advec_mom_kernel2_y_127	advec_mom_kernel2_y
5733	0.000490672	472842752	ops_par_loop_advec_mom_kernel_y2_128	advec_mom_kernel_y2
5734	0.000192366	236236864	ops_par_loop_advec_mom_kernel_mass_flux_y_129	advec_mom_kernel_mass_flux_y
5735	0.000533443	590438520	ops_par_loop_advec_mom_kernel_post_pre_advec_y_130	advec_mom_kernel_post_pre_advec_y
5736	0.000873699	472258640	ops_par_loop_advec_mom_kernel1_y_nonvector_131	advec_mom_kernel1_y_nonvector
5737	0.000733984	1062236232	ops_par_loop_group_98	advec_mom_kernel2_y+reset_field_kernel2
5738	0.000021470	430304	ops_par_loop_update_halo_kernel1_b1_136	update_halo_kernel1_b1
5739	0.000020268	430304	ops_par_loop_update_halo_kernel1_t1_137	update_halo_kernel1_t1
5740	0.000024446	430304	ops_par_loop_update_halo_kernel1_l1_138	update_halo_kernel1_l1
5741	0.000024667	430304	ops_par_loop_update_halo_kernel1_r1_139	update_halo_kernel1_r1
5742	0.000019466	245952	ops_par_loop_group_103	update_halo_kernel2_xvel_plus_2_a+update_halo_kernel2_yvel_minus_2_a
5743	0.000019206	245952	ops_par_loop_group_104	update_halo_kernel2_xvel_plus_2_b+update_halo_kernel2_yvel_minus_2_b
5744	0.000020859	245952	ops_par_loop_group_105	update_halo_kernel2_xvel_minus_2_a+update_halo_kernel2_yvel_plus_2_a
5745	0.000021351	245952	ops_par_loop_group_106	update_halo_kernel2_xvel_minus_2_b+update_halo_kernel2_yvel_plus_2_b
5746	0.001733132	589885440	ops_par_loop_viscosity_kernel_148	viscosity_kernel
5747	0.000021541	430304	ops_par_loop_update_halo_kernel1_b1_149	update_halo_kernel1_b1
5748	0.000020418	430304	ops_par_loop_update_halo_kernel1_t1_150	update_halo_kernel1_t1
5749	0.000022703	430304	ops_par_loop_update_halo_kernel1_l1_151	update_halo_kernel1_l1
5750	0.000023224	430304	ops_par_loop_update_halo_kernel1_r1_152	update_halo_kernel1_r1
5751	0.000917182	1061744640	ops_par_loop_calc_dt_kernel_153	calc_dt_kernel
5752	0.001487685	1887436800	ops_par_loop_group_0	PdV_kernel_predict+ideal_gas_kernel
5753	0.000026862	430304	ops_par_loop_update_halo_kernel1_b1_2	update_halo_kernel1_b1
5754	0.000021451	430304	ops_par_loop_update_halo_kernel1_t1_3	update_halo_kernel1_t1
5755	0.000024376	430304	ops_par_loop_update_halo_kernel1_l1_4	update_halo_kernel1_l1
5756	0.000025809	430304	ops_par_loop_update_halo_kernel1_r1_5	update_halo_kernel1_r1
5757	0.001558380	1770147928	ops_par_loop_group_5	revert_kernel+accelerate_kernel
5758	0.001355285	1651507200	ops_par_loop_PdV_kernel_nopredict_8	PdV_kernel_nopredict
5759	0.000362338	471982080	ops_par_loop_flux_calc_kernelx_9	flux_calc_kernelx
5760	0.000359503	471982080	ops_par_loop_flux_calc_kernely_10	flux_calc_kernely
5761	0.000023174	553536	ops_par_loop_group_9	update_halo_kernel1_b2+update_halo_kernel4_minus_4_a
5762	0.000022223	553536	ops_par_loop_group_10	update_halo_kernel1_b1+update_halo_kernel4_minus_2_a
5763	0.000019948	246080	ops_par_loop_group_11	update_halo_kernel3_plus_4_a+update_halo_kernel2_xvel_plus_4_a
5764	0.000018636	246080	ops_par_loop_group_12	update_halo_kernel3_plus_2_a+update_halo_kernel2_xvel_plus_2_a
5765	0.000018775	123008	ops_par_loop_update_halo_kernel4_minus_4_b_29	update_halo_kernel4_minus_4_b
5766	0.000021070	553536	ops_par_loop_group_14	update_halo_kernel1_t2+update_halo_kernel4_minus_2_b
5767	0.000020689	430528	ops_par_loop_update_halo_kernel1_t1_14	update_halo_kernel1_t1
5768	0.000019587	246080	ops_par_loop_group_16	update_halo_kernel2_xvel_plus_4_b+update_halo_kernel2_yvel_minus_4_b
5769	0.000019096	246080	ops_par_loop_group_17	update_halo_kernel3_plus_4_b+update_halo_kernel2_xvel_plus_2_b
5770	0.000018986	123040	ops_par_loop_update_halo_kernel3_plus_2_b_22	update_halo_kernel3_plus_2_b
5771	0.000025498	553536	ops_par_loop_group_19	update_halo_kernel1_l2+update_halo_kernel3_minus_4_a
5772	0.000023614	553536	ops_par_loop_group_20	update_halo_kernel1_l1+update_halo_kernel3_minus_2_a
5773	0.000019978	123008	ops_par_loop_update_halo_kernel3_minus_4_b_25	update_halo_kernel3_minus_4_b
5774	0.000025558	553536	ops_par_loop_group_22	update_halo_kernel1_r2+update_halo_kernel3_minus_2_b
5775	0.000022753	430528	ops_par_loop_update_halo_kernel1_r1_18	update_halo_kernel1_r1
5776	0.000021220	246080	ops_par_loop_group_24	update_halo_kernel4_plus_4_a+update_halo_kernel2_xvel_minus_4_a
5777	0.000020038	246080	ops_par_loop_group_25	update_halo_kernel4_plus_2_a+update_halo_kernel2_xvel_minus_2_a
5778	0.000018315	123040	ops_par_loop_update_halo_kernel2_yvel_minus_4_a_54	update_halo_kernel2_yvel_minus_4_a
5779	0.000018415	123040	ops_par_loop_update_halo_kernel2_yvel_minus_2_a_55	update_halo_kernel2_yvel_minus_2_a
5780	0.000017814	123040	ops_par_loop_update_halo_kernel2_yvel_minus_2_b_57	update_halo_kernel2_yvel_minus_2_b
5781	0.000020529	246080	ops_par_loop_group_29	update_halo_kernel2_xvel_minus_4_b+update_halo_kernel2_yvel_plus_4_b
5782	0.000021170	246080	ops_par_loop_group_30	update_halo_kernel4_plus_4_b+update_halo_kernel2_xvel_minus_2_b
5783	0.000018375	123040	ops_par_loop_update_halo_kernel4_plus_2_b_34	update_halo_kernel4_plus_2_b
5784	0.000562739	591053440	ops_par_loop_advec_cell_kernel1_ydir_35	advec_cell_kernel1_ydir
5785	0.000787576	708203544	ops_par_loop_advec_cell_kernel3_ydir_36	advec_cell_kernel3_ydir
5786	0.001469391	1533542400	ops_par_loop_advec_cell_kernel4_ydir_37	advec_cell_kernel4_ydir
5787	0.000022753	553536	ops_par_loop_group_35	update_halo_kernel1_b2+update_halo_kernel4_minus_4_a
5788	0.000021180	553536	ops_par_loop_group_36	update_halo_kernel1_b1+update_halo_kernel4_minus_2_a
5789	0.000019006	123008	ops_par_loop_update_halo_kernel4_minus_4_b_64	update_halo_kernel4_minus_4_b
5790	0.000021000	553536	ops_par_loop_group_38	update_halo_kernel1_t2+update_halo_kernel4_minus_2_b
5791	0.000020498	430528	ops_par_loop_update_halo_kernel1_t1_41	update_halo_kernel1_t1
5792	0.000024246	430528	ops_par_loop_update_halo_kernel1_l2_42	update_halo_kernel1_l2
5793	0.000021120	430528	ops_par_loop_update_halo_kernel1_l1_43	update_halo_kernel1_l1
5794	0.000023464	430528	ops_par_loop_update_halo_kernel1_r2_44	update_halo_kernel1_r2
5795	0.000021751	430528	ops_par_loop_update_halo_kernel1_r1_45	update_halo_kernel1_r1
5796	0.000021711	246080	ops_par_loop_group_44	update_halo_kernel2_yvel_plus_4_a+update_halo_kernel4_plus_4_a
5797	0.000019928	246080	ops_par_loop_group_45	update_halo_kernel2_yvel_plus_2_a+update_halo_kernel4_plus_2_a
5798	0.000020489	246080	ops_par_loop_group_46	update_halo_kernel2_yvel_plus_2_b+update_halo_kernel4_plus_4_b
5799	0.000019306	123040	ops_par_loop_update_halo_kernel4_plus_2_b_69	update_halo_kernel4_plus_2_b
5800	0.000560985	591053440	ops_par_loop_advec_mom_kernel_y1_70	advec_mom_kernel_y1
5801	0.000191754	236236864	ops_par_loop_advec_mom_kernel_mass_flux_y_71	advec_mom_kernel_mass_flux_y
5802	0.000534195	590438520	ops_par_loop_advec_mom_kernel_post_pre_advec_y_72	advec_mom_kernel_post_pre_advec_y
5803	0.000877236	472258640	ops_par_loop_advec_mom_kernel1_y_nonvector_73	advec_mom_kernel1_y_nonvector
5804	0.000452079	590131240	ops_par_loop_advec_mom_kernel2_y_74	advec_mom_kernel2_y
5805	0.000562458	591053440	ops_par_loop_advec_mom_kernel_y1_75	advec_mom_kernel_y1
5806	0.000192175	236236864	ops_par_loop_advec_mom_kernel_mass_flux_y_76	advec_mom_kernel_mass_flux_y
5807	0.000531700	590438520	ops_par_loop_advec_mom_kernel_post_pre_advec_y_77	advec_mom_kernel_post_pre_advec_y
5808	0.000873809	472258640	ops_par_loop_advec_mom_kernel1_y_nonvector_78	advec_mom_kernel1_y_nonvector
5809	0.000448331	590131240	ops_par_loop_advec_mom_kernel2_y_79	advec_mom_kernel2_y
5810	0.000490462	472842752	ops_par_loop_advec_cell_kernel2_xdir_80	advec_cell_kernel2_xdir
5811	0.000773319	708203544	ops_par_loop_advec_cell_kernel3_xdir_81	advec_cell_kernel3_xdir
5812	0.001460915	1533542400	ops_par_loop_advec_cell_kernel4_xdir_82	advec_cell_kernel4_xdir
5813	0.000023084	553536	ops_par_loop_group_61	update_halo_kernel1_b2+update_halo_kernel4_minus_4_a
5814	0.000021161	553536	ops_par_loop_group_62	update_halo_kernel1_b1+update_halo_kernel4_minus_2_a
5815	0.000020128	246080	ops_par_loop_group_63	update_halo_kernel2_xvel_plus_4_a+update_halo_kernel2_yvel_minus_4_a
5816	0.000019156	246080	ops_par_loop_group_64	update_halo_kernel2_xvel_plus_2_a+update_halo_kernel2_yvel_minus_2_a
5817	0.000019778	246080	ops_par_loop_group_65	update_halo_kernel2_xvel_plus_4_b+update_halo_kernel2_yvel_minus_4_b
5818	0.000019237	246080	ops_par_loop_group_66	update_halo_kernel2_xvel_plus_2_b+update_halo_kernel2_yvel_minus_2_b
5819	0.000021661	246080	ops_par_loop_group_67	update_halo_kernel2_xvel_minus_4_a+update_halo_kernel2_yvel_plus_4_a
5820	0.000020348	246080	ops_par_loop_group_68	update_halo_kernel2_xvel_minus_2_a+update_halo_kernel2_yvel_plus_2_a
5821	0.000021190	246080	ops_par_loop_group_69	update_halo_kernel2_xvel_minus_4_b+update_halo_kernel2_yvel_plus_4_b
5822	0.000020398	246080	ops_par_loop_group_70	update_halo_kernel2_xvel_minus_2_b+update_halo_kernel2_yvel_plus_2_b
5823	0.000018966	123040	ops_par_loop_update_halo_kernel3_plus_4_a_107	update_halo_kernel3_plus_4_a
5824	0.000018986	123040	ops_par_loop_update_halo_kernel3_plus_2_a_108	update_halo_kernel3_plus_2_a
5825	0.000018756	123040	ops_par_loop_update_halo_kernel3_plus_4_b_109	update_halo_kernel3_plus_4_b
5826	0.000019236	123040	ops_par_loop_update_halo_kernel3_plus_2_b_110	update_halo_kernel3_plus_2_b
5827	0.000018856	123008	ops_par_loop_update_halo_kernel3_minus_4_b_113	update_halo_kernel3_minus_4_b
5828	0.000018415	123008	ops_par_loop_update_halo_kernel4_minus_4_b_117	update_halo_kernel4_minus_4_b
5829	0.000021290	553536	ops_par_loop_group_77	update_halo_kernel1_t2+update_halo_kernel4_minus_2_b
5830	0.000020358	430528	ops_par_loop_update_halo_kernel1_t1_86	update_halo_kernel1_t1
5831	0.000027141	553536	ops_par_loop_group_79	update_halo_kernel1_l2+update_halo_kernel3_minus_4_a
5832	0.000023033	553536	ops_par_loop_group_80	update_halo_kernel1_l1+update_halo_kernel3_minus_2_a
5833	0.000024446	553536	ops_par_loop_group_81	update_halo_kernel1_r2+update_halo_kernel3_minus_2_b
5834	0.000021551	430528	ops_par_loop_update_halo_kernel1_r1_90	update_halo_kernel1_r1
5835	0.000019978	123040	ops_par_loop_update_halo_kernel4_plus_4_a_119	update_halo_kernel4_plus_4_a
5836	0.000019127	123040	ops_par_loop_update_halo_kernel4_plus_2_a_120	update_halo_kernel4_plus_2_a
5837	0.000019807	123040	ops_par_loop_update_halo_kernel4_plus_4_b_121	update_halo_kernel4_plus_4_b
5838	0.000018294	123040	ops_par_loop_update_halo_kernel4_plus_2_b_122	update_halo_kernel4_plus_2_b
5839	0.001204598	944701952	ops_par_loop_group_87	advec_mom_kernel_x2+reset_field_kernel1
5840	0.000800781	708096064	ops_par_loop_group_88	advec_mom_kernel_mass_flux_x+ideal_gas_kernel
5841	0.000573609	590438520	ops_par_loop_advec_mom_kernel_post_pre_advec_x_125	advec_mom_kernel_post_pre_advec_x
5842	0.000883398	472258640	ops_par_loop_advec_mom_kernel1_x_nonvector_126	advec_mom_kernel1_x_nonvector
5843	0.000447410	590131240	ops_par_loop_advec_mom_kernel2_x_127	advec_mom_kernel2_x
5844	0.000498197	472842752	ops_par_loop_advec_mom_kernel_x2_128	advec_mom_kernel_x2
5845	0.000195141	236236864	ops_par_loop_advec_mom_kernel_mass_flux_x_129	advec_mom_kernel_mass_flux_x
5846	0.000575383	590438520	ops_par_loop_advec_mom_kernel_post_pre_advec_x_130	advec_mom_kernel_post_pre_advec_x
5847	0.000883689	472258640	ops_par_loop_advec_mom_kernel1_x_nonvector_131	advec_mom_kernel1_x_nonvector
5848	0.000730578	1062236232	ops_par_loop_group_96	advec_mom_kernel2_x+reset_field_kernel2
5849	0.000021381	430304	ops_par_loop_update_halo_kernel1_b1_136	update_halo_kernel1_b1
5850	0.000020569	430304	ops_par_loop_update_halo_kernel1_t1_137	update_halo_kernel1_t1
5851	0.000024827	430304	ops_par_loop_update_halo_kernel1_l1_138	update_halo_kernel1_l1
5852	0.000024266	430304	ops_par_loop_update_halo_kernel1_r1_139	update_halo_kernel1_r1
5853	0.000019507	245952	ops_par_loop_group_101	update_halo_kernel2_xvel_plus_2_a+update_halo_kernel2_yvel_minus_2_a
5854	0.000019537	245952	ops_par_loop_group_102	update_halo_kernel2_xvel_plus_2_b+update_halo_kernel2_yvel_minus_2_b
5855	0.000020920	245952	ops_par_loop_group_103	update_halo_kernel2_xvel_minus_2_a+update_halo_kernel2_yvel_plus_2_a
5856	0.000021711	245952	ops_par_loop_group_104	update_halo_kernel2_xvel_minus_2_b+update_halo_kernel2_yvel_plus_2_b
5857	0.001733022	589885440	ops_par_loop_viscosity_kernel_148	viscosity_kernel
5858	0.000021581	430304	ops_par_loop_update_halo_kernel1_b1_149	update_halo_kernel1_b1
5859	0.000020459	430304	ops_par_loop_update_halo_kernel1_t1_150	update_halo_kernel1_t1
5860	0.000023224	430304	ops_par_loop_update_halo_kernel1_l1_151	update_halo_kernel1_l1
5861	0.000023444	430304	ops_par_loop_update_halo_kernel1_r1_152	update_halo_kernel1_r1
5862	0.000917072	1061744640	ops_par_loop_calc_dt_kernel_153	calc_dt_kernel
5863	0.001489890	1887436800	ops_par_loop_group_0	PdV_kernel_predict+ideal_gas_kernel
5864	0.000022363	430304	ops_par_loop_update_halo_kernel1_b1_2	update_halo_kernel1_b1
5865	0.000020369	430304	ops_par_loop_update_halo_kernel1_t1_3	update_halo_kernel1_t1
5866	0.000023184	430304	ops_par_loop_update_halo_kernel1_l1_4	update_halo_kernel1_l1
5867	0.000024226	430304	ops_par_loop_update_halo_kernel1_r1_5	update_halo_kernel1_r1
5868	0.001561246	1770147928	ops_par_loop_group_5	revert_kernel+accelerate_kernel
5869	0.001353882	1651507200	ops_par_loop_PdV_kernel_nopredict_8	PdV_kernel_nopredict
5870	0.000363029	471982080	ops_par_loop_flux_calc_kernelx_9	flux_calc_kernelx
5871	0.000357289	471982080	ops_par_loop_flux_calc_kernely_10	flux_calc_kernely
5872	0.000024066	553536	ops_par_loop_group_9	update_halo_kernel1_b2+update_halo_kernel4_minus_4_a
5873	0.000021341	553536	ops_par_loop_group_10	update_halo_kernel1_b1+update_halo_kernel4_minus_2_a
5874	0.000021481	246080	ops_par_loop_group_11	update_halo_kernel3_plus_4_a+update_halo_kernel2_xvel_plus_4_a
5875	0.000018856	246080	ops_par_loop_group_12	update_halo_kernel3_plus_2_a+update_halo_kernel2_xvel_plus_2_a
5876	0.000018957	123008	ops_par_loop_update_halo_kernel4_minus_4_b_29	update_halo_kernel4_minus_4_b
5877	0.000021331	553536	ops_par_loop_group_14	update_halo_kernel1_t2+update_halo_kernel4_minus_2_b
5878	0.000022442	430528	ops_par_loop_update_halo_kernel1_t1_14	update_halo_kernel1_t1
5879	0.000020188	246080	ops_par_loop_group_16	update_halo_kernel2_xvel_plus_4_b+update_halo_kernel2_yvel_minus_4_b
5880	0.000018746	246080	ops_par_loop_group_17	update_halo_kernel3_plus_4_b+update_halo_kernel2_xvel_plus_2_b
5881	0.000020278	123040	ops_par_loop_update_halo_kernel3_plus_2_b_22	update_halo_kernel3_plus_2_b
5882	0.000025659	553536	ops_par_loop_group_19	update_halo_kernel1_l2+update_halo_kernel3_minus_4_a
5883	0.000023855	553536	ops_par_loop_group_20	update_halo_kernel1_l1+update_halo_kernel3_minus_2_a
5884	0.000019637	123008	ops_par_loop_update_halo_kernel3_minus_4_b_25	update_halo_kernel3_minus_4_b
5885	0.000024145	553536	ops_par_loop_group_22	update_halo_kernel1_r2+update_halo_kernel3_minus_2_b
5886	0.000022032	430528	ops_par_loop_update_halo_kernel1_r1_18	update_halo_kernel1_r1
5887	0.000021200	246080	ops_par_loop_group_24	update_halo_kernel4_plus_4_a+update_halo_kernel2_xvel_minus_4_a
5888	0.000019327	246080	ops_par_loop_group_25	update_halo_kernel4_plus_2_a+update_halo_kernel2_xvel_minus_2_a
5889	0.000018455	123040	ops_par_loop_update_halo_kernel2_yvel_minus_4_a_54	update_halo_kernel2_yvel_minus_4_a
5890	0.000017153	123040	ops_par_loop_update_halo_kernel2_yvel_minus_2_a_55	update_halo_kernel2_yvel_minus_2_a
5891	0.000018966	123040	ops_par_loop_update_halo_kernel2_yvel_minus_2_b_57	update_halo_kernel2_yvel_minus_2_b
5892	0.000021651	246080	ops_par_loop_group_29	update_halo_kernel2_xvel_minus_4_b+update_halo_kernel2_yvel_plus_4_b
5893	0.000021651	246080	ops_par_loop_group_30	update_halo_kernel4_plus_4_b+update_halo_kernel2_xvel_minus_2_b
5894	0.000018986	123040	ops_par_loop_update_halo_kernel4_plus_2_b_34	update_halo_kernel4_plus_2_b
5895	0.000562608	591053440	ops_par_loop_advec_cell_kernel1_xdir_35	advec_cell_kernel1_xdir
5896	0.000772807	708203544	ops_par_loop_advec_cell_kernel3_xdir_36	advec_cell_kernel3_xdir
5897	0.001459372	1533542400	ops_par_loop_advec_cell_kernel4_xdir_37	advec_cell_kernel4_xdir
5898	0.000021631	430528	ops_par_loop_update_halo_kernel1_b2_38	update_halo_kernel1_b2
5899	0.000020489	430528	ops_par_loop_update_halo_kernel1_b1_39	update_halo_kernel1_b1
5900	0.000020619	430528	ops_par_loop_update_halo_kernel1_t2_40	update_halo_kernel1_t2
5901	0.000020669	430528	ops_par_loop_update_halo_kernel1_t1_41	update_halo_kernel1_t1
5902	0.000019156	123040	ops_par_loop_update_halo_kernel3_plus_4_a_62	update_halo_kernel3_plus_4_a
5903	0.000018485	123040	ops_par_loop_update_halo_kernel3_plus_2_a_63	update_halo_kernel3_plus_2_a
5904	0.000018305	123040	ops_par_loop_update_halo_kernel3_plus_4_b_64	update_halo_kernel3_plus_4_b
5905	0.000019026	123040	ops_par_loop_update_halo_kernel3_plus_2_b_65	update_halo_kernel3_plus_2_b
5906	0.000026710	553536	ops_par_loop_group_43	update_halo_kernel1_l2+update_halo_kernel3_minus_4_a
5907	0.000022723	553536	ops_par_loop_group_44	update_halo_kernel1_l1+update_halo_kernel3_minus_2_a
5908	0.000019177	123008	ops_par_loop_update_halo_kernel3_minus_4_b_68	update_halo_kernel3_minus_4_b
5909	0.000025408	553536	ops_par_loop_group_46	update_halo_kernel1_r2+update_halo_kernel3_minus_2_b
5910	0.000021621	430528	ops_par_loop_update_halo_kernel1_r1_45	update_halo_kernel1_r1
5911	0.000563380	591053440	ops_par_loop_advec_mom_kernel_x1_70	advec_mom_kernel_x1
5912	0.000193748	236236864	ops_par_loop_advec_mom_kernel_mass_flux_x_71	advec_mom_kernel_mass_flux_x
5913	0.000573399	590438520	ops_par_loop_advec_mom_kernel_post_pre_advec_x_72	advec_mom_kernel_post_pre_advec_x
5914	0.000883057	472258640	ops_par_loop_advec_mom_kernel1_x_nonvector_73	advec_mom_kernel1_x_nonvector
5915	0.000449353	590131240	ops_par_loop_advec_mom_kernel2_x_74	advec_mom_kernel2_x
5916	0.000562048	591053440	ops_par_loop_advec_mom_kernel_x1_75	advec_mom_kernel_x1
5917	0.000193859	236236864	ops_par_loop_advec_mom_kernel_mass_flux_x_76	advec_mom_kernel_mass_flux_x
5918	0.000572557	590438520	ops_par_loop_advec_mom_kernel_post_pre_advec_x_77	advec_mom_kernel_post_pre_advec_x
5919	0.000021601	246080	ops_par_loop_group_56	update_halo_kernel2_xvel_plus_4_a+update_halo_kernel3_plus_4_a
5920	0.000019157	246080	ops_par_loop_group_57	update_halo_kernel2_xvel_plus_2_a+update_halo_kernel3_plus_2_a
5921	0.000018956	123040	ops_par_loop_update_halo_kernel2_xvel_plus_4_b_93	update_halo_kernel2_xvel_plus_4_b
5922	0.000019046	246080	ops_par_loop_group_59	update_halo_kernel2_xvel_plus_2_b+update_halo_kernel3_plus_4_b
5923	0.000022653	246080	ops_par_loop_group_60	update_halo_kernel2_yvel_plus_4_a+update_halo_kernel2_xvel_minus_4_a
5924	0.000019908	246080	ops_par_loop_group_61	update_halo_kernel2_yvel_plus_2_a+update_halo_kernel2_xvel_minus_2_a
5925	0.000019638	123040	ops_par_loop_update_halo_kernel2_xvel_minus_4_b_97	update_halo_kernel2_xvel_minus_4_b
5926	0.000021170	246080	ops_par_loop_group_63	update_halo_kernel2_yvel_plus_2_b+update_halo_kernel2_xvel_minus_2_b
5927	0.000882616	472258640	ops_par_loop_advec_mom_kernel1_x_nonvector_78	advec_mom_kernel1_x_nonvector
5928	0.000447330	590131240	ops_par_loop_advec_mom_kernel2_x_79	advec_mom_kernel2_x
5929	0.000498517	472842752	ops_par_loop_advec_cell_kernel2_ydir_80	advec_cell_kernel2_ydir
5930	0.000787937	708203544	ops_par_loop_advec_cell_kernel3_ydir_81	advec_cell_kernel3_ydir
5931	0.001474942	1533542400	ops_par_loop_advec_cell_kernel4_ydir_82	advec_cell_kernel4_ydir
5932	0.000024035	553536	ops_par_loop_group_69	update_halo_kernel1_b2+update_halo_kernel4_minus_4_a
5933	0.000021201	553536	ops_par_loop_group_70	update_halo_kernel1_b1+update_halo_kernel4_minus_2_a
5934	0.000018886	123040	ops_par_loop_update_halo_kernel2_yvel_minus_4_a_99	update_halo_kernel2_yvel_minus_4_a
5935	0.000018385	123040	ops_par_loop_update_halo_kernel2_yvel_minus_2_a_100	update_halo_kernel2_yvel_minus_2_a
5936	0.000017784	123040	ops_par_loop_update_halo_kernel2_yvel_minus_4_b_101	update_halo_kernel2_yvel_minus_4_b
5937	0.000018024	123040	ops_par_loop_update_halo_kernel2_yvel_minus_2_b_102	update_halo_kernel2_yvel_minus_2_b
5938	0.000019698	123040	ops_par_loop_update_halo_kernel2_yvel_plus_4_b_105	update_halo_kernel2_yvel_plus_4_b
5939	0.000019277	123040	ops_par_loop_update_halo_kernel3_plus_2_b_110	update_halo_kernel3_plus_2_b
5940	0.000019588	123008	ops_par_loop_update_halo_kernel3_minus_4_b_113	update_halo_kernel3_minus_4_b
5941	0.000017954	123008	ops_par_loop_update_halo_kernel4_minus_4_b_117	update_halo_kernel4_minus_4_b
5942	0.000021481	553536	ops_par_loop_group_79	update_halo_kernel1_t2+update_halo_kernel4_minus_2_b
5943	0.000020699	430528	ops_par_loop_update_halo_kernel1_t1_86	update_halo_kernel1_t1
5944	0.000027382	553536	ops_par_loop_group_81	update_halo_kernel1_l2+update_halo_kernel3_minus_4_a
5945	0.000023335	553536	ops_par_loop_group_82	update_halo_kernel1_l1+update_halo_kernel3_minus_2_a
5946	0.000024897	553536	ops_par_loop_group_83	update_halo_kernel1_r2+update_halo_kernel3_minus_2_b
5947	0.000022082	430528	ops_par_loop_update_halo_kernel1_r1_90	update_halo_kernel1_r1
5948	0.000021301	246080	ops_par_loop_group_85	update_halo_kernel2_yvel_plus_4_a+update_halo_kernel4_plus_4_a
5949	0.000020328	246080	ops_par_loop_group_86	update_halo_kernel2_yvel_plus_2_a+update_halo_kernel4_plus_2_a
5950	0.000020860	246080	ops_par_loop_group_87	update_halo_kernel2_yvel_plus_2_b+update_halo_kernel4_plus_4_b
5951	0.000019598	123040	ops_par_loop_update_halo_kernel4_plus_2_b_122	update_halo_kernel4_plus_2_b
5952	0.001196863	944701952	ops_par_loop_group_89	advec_mom_kernel_y2+reset_field_kernel1
5953	0.000735397	708096064	ops_par_loop_group_90	advec_mom_kernel_mass_flux_y+ideal_gas_kernel
5954	0.000532291	590438520	ops_par_loop_advec_mom_kernel_post_pre_advec_y_125	advec_mom_kernel_post_pre_advec_y
5955	0.000877677	472258640	ops_par_loop_advec_mom_kernel1_y_nonvector_126	advec_mom_kernel1_y_nonvector
5956	0.000445717	590131240	ops_par_loop_advec_mom_kernel2_y_127	advec_mom_kernel2_y
5957	0.000492225	472842752	ops_par_loop_advec_mom_kernel_y2_128	advec_mom_kernel_y2
5958	0.000192826	236236864	ops_par_loop_advec_mom_kernel_mass_flux_y_129	advec_mom_kernel_mass_flux_y
5959	0.000531249	590438520	ops_par_loop_advec_mom_kernel_post_pre_advec_y_130	advec_mom_kernel_post_pre_advec_y
5960	0.000874010	472258640	ops_par_loop_advec_mom_kernel1_y_nonvector_131	advec_mom_kernel1_y_nonvector
5961	0.000733063	1062236232	ops_par_loop_group_98	advec_mom_kernel2_y+reset_field_kernel2
5962	0.000021140	430304	ops_par_loop_update_halo_kernel1_b1_136	update_halo_kernel1_b1
5963	0.000020960	430304	ops_par_loop_update_halo_kernel1_t1_137	update_halo_kernel1_t1
5964	0.000024156	430304	ops_par_loop_update_halo_kernel1_l1_138	update_halo_kernel1_l1
5965	0.000023975	430304	ops_par_loop_update_halo_kernel1_r1_139	update_halo_kernel1_r1
5966	0.000020689	245952	ops_par_loop_group_103	update_halo_kernel2_xvel_plus_2_a+update_halo_kernel2_yvel_minus_2_a
5967	0.000019927	245952	ops_par_loop_group_104	update_halo_kernel2_xvel_plus_2_b+update_halo_kernel2_yvel_minus_2_b
5968	0.000021370	245952	ops_par_loop_group_105	update_halo_kernel2_xvel_minus_2_a+update_halo_kernel2_yvel_plus_2_a
5969	0.000020960	245952	ops_par_loop_group_106	update_halo_kernel2_xvel_minus_2_b+update_halo_kernel2_yvel_plus_2_b
5970	0.001732731	589885440	ops_par_loop_viscosity_kernel_148	viscosity_kernel
5971	0.000021951	430304	ops_par_loop_update_halo_kernel1_b1_149	update_halo_kernel1_b1
5972	0.000020940	430304	ops_par_loop_update_halo_kernel1_t1_150	update_halo_kernel1_t1
5973	0.000023515	430304	ops_par_loop_update_halo_kernel1_l1_151	update_halo_kernel1_l1
5974	0.000023234	430304	ops_par_loop_update_halo_kernel1_r1_152	update_halo_kernel1_r1
5975	0.000917423	1061744640	ops_par_loop_calc_dt_kernel_153	calc_dt_kernel
5976	0.001482816	1887436800	ops_par_loop_group_0	PdV_kernel_predict+ideal_gas_kernel
5977	0.000022623	430304	ops_par_loop_update_halo_kernel1_b1_2	update_halo_kernel1_b1
5978	0.000020919	430304	ops_par_loop_update_halo_kernel1_t1_3	update_halo_kernel1_t1
5979	0.000024146	430304	ops_par_loop_update_halo_kernel1_l1_4	update_halo_kernel1_l1
5980	0.000024075	430304	ops_par_loop_update_halo_kernel1_r1_5	update_halo_kernel1_r1
5981	0.001556165	1770147928	ops_par_loop_group_5	revert_kernel+accelerate_kernel
5982	0.001356597	1651507200	ops_par_loop_PdV_kernel_nopredict_8	PdV_kernel_nopredict
5983	0.000359213	471982080	ops_par_loop_flux_calc_kernelx_9	flux_calc_kernelx
5984	0.000355615	471982080	ops_par_loop_flux_calc_kernely_10	flux_calc_kernely
5985	0.000022242	553536	ops_par_loop_group_9	update_halo_kernel1_b2+update_halo_kernel4_minus_4_a
5986	0.000021190	553536	ops_par_loop_group_10	update_halo_kernel1_b1+update_halo_kernel4_minus_2_a
5987	0.000020409	246080	ops_par_loop_group_11	update_halo_kernel3_plus_4_a+update_halo_kernel2_xvel_plus_4_a
5988	0.000019197	246080	ops_par_loop_group_12	update_halo_kernel3_plus_2_a+update_halo_kernel2_xvel_plus_2_a
5989	0.000018695	123008	ops_par_loop_update_halo_kernel4_minus_4_b_29	update_halo_kernel4_minus_4_b
5990	0.000021732	553536	ops_par_loop_group_14	update_halo_kernel1_t2+update_halo_kernel4_minus_2_b
5991	0.000020539	430528	ops_par_loop_update_halo_kernel1_t1_14	update_halo_kernel1_t1
5992	0.000018945	246080	ops_par_loop_group_16	update_halo_kernel2_xvel_plus_4_b+update_halo_kernel2_yvel_minus_4_b
5993	0.000019557	246080	ops_par_loop_group_17	update_halo_kernel3_plus_4_b+update_halo_kernel2_xvel_plus_2_b
5994	0.000018635	123040	ops_par_loop_update_halo_kernel3_plus_2_b_22	update_halo_kernel3_plus_2_b
5995	0.000025378	553536	ops_par_loop_group_19	update_halo_kernel1_l2+update_halo_kernel3_minus_4_a
5996	0.000023344	553536	ops_par_loop_group_20	update_halo_kernel1_l1+update_halo_kernel3_minus_2_a
5997	0.000019537	123008	ops_par_loop_update_halo_kernel3_minus_4_b_25	update_halo_kernel3_minus_4_b
5998	0.000025428	553536	ops_par_loop_group_22	update_halo_kernel1_r2+update_halo_kernel3_minus_2_b
5999	0.000022452	430528	ops_par_loop_update_halo_kernel1_r1_18	update_halo_kernel1_r1
6000	0.000021721	246080	ops_par_loop_group_24	update_halo_kernel4_plus_4_a+update_halo_kernel2_xvel_minus_4_a
6001	0.000019998	246080	ops_par_loop_group_25	update_halo_kernel4_plus_2_a+update_halo_kernel2_xvel_minus_2_a
6002	0.000018435	123040	ops_par_loop_update_halo_kernel2_yvel_minus_4_a_54	update_halo_kernel2_yvel_minus_4_a
6003	0.000024677	123040	ops_par_loop_update_halo_kernel2_yvel_minus_2_a_55	update_halo_kernel2_yvel_minus_2_a
6004	0.000017954	123040	ops_par_loop_update_halo_kernel2_yvel_minus_2_b_57	update_halo_kernel2_yvel_minus_2_b
6005	0.000020439	246080	ops_par_loop_group_29	update_halo_kernel2_xvel_minus_4_b+update_halo_kernel2_yvel_plus_4_b
6006	0.000020339	246080	ops_par_loop_group_30	update_halo_kernel4_plus_4_b+update_halo_kernel2_xvel_minus_2_b
6007	0.000018685	123040	ops_par_loop_update_halo_kernel4_plus_2_b_34	update_halo_kernel4_plus_2_b
6008	0.000562128	591053440	ops_par_loop_advec_cell_kernel1_ydir_35	advec_cell_kernel1_ydir
6009	0.000788097	708203544	ops_par_loop_advec_cell_kernel3_ydir_36	advec_cell_kernel3_ydir
6010	0.001473739	1533542400	ops_par_loop_advec_cell_kernel4_ydir_37	advec_cell_kernel4_ydir
6011	0.000022372	553536	ops_par_loop_group_35	update_halo_kernel1_b2+update_halo_kernel4_minus_4_a
6012	0.000021531	553536	ops_par_loop_group_36	update_halo_kernel1_b1+update_halo_kernel4_minus_2_a
6013	0.000019016	123008	ops_par_loop_update_halo_kernel4_minus_4_b_64	update_halo_kernel4_minus_4_b
6014	0.000022673	553536	ops_par_loop_group_38	update_halo_kernel1_t2+update_halo_kernel4_minus_2_b
6015	0.000020780	430528	ops_par_loop_update_halo_kernel1_t1_41	update_halo_kernel1_t1
6016	0.000024457	430528	ops_par_loop_update_halo_kernel1_l2_42	update_halo_kernel1_l2
6017	0.000021321	430528	ops_par_loop_update_halo_kernel1_l1_43	update_halo_kernel1_l1
6018	0.000022923	430528	ops_par_loop_update_halo_kernel1_r2_44	update_halo_kernel1_r2
6019	0.000021130	430528	ops_par_loop_update_halo_kernel1_r1_45	update_halo_kernel1_r1
6020	0.000021591	246080	ops_par_loop_group_44	update_halo_kernel2_yvel_plus_4_a+update_halo_kernel4_plus_4_a
6021	0.000019577	246080	ops_par_loop_group_45	update_halo_kernel2_yvel_plus_2_a+update_halo_kernel4_plus_2_a
6022	0.000021641	246080	ops_par_loop_group_46	update_halo_kernel2_yvel_plus_2_b+update_halo_kernel4_plus_4_b
6023	0.000018575	123040	ops_par_loop_update_halo_kernel4_plus_2_b_69	update_halo_kernel4_plus_2_b
6024	0.000561176	591053440	ops_par_loop_advec_mom_kernel_y1_70	advec_mom_kernel_y1
6025	0.000191363	236236864	ops_par_loop_advec_mom_kernel_mass_flux_y_71	advec_mom_kernel_mass_flux_y
6026	0.000532221	590438520	ops_par_loop_advec_mom_kernel_post_pre_advec_y_72	advec_mom_kernel_post_pre_advec_y
6027	0.000877817	472258640	ops_par_loop_advec_mom_kernel1_y_nonvector_73	advec_mom_kernel1_y_nonvector
6028	0.000446809	590131240	ops_par_loop_advec_mom_kernel2_y_74	advec_mom_kernel2_y
6029	0.000559773	591053440	ops_par_loop_advec_mom_kernel_y1_75	advec_mom_kernel_y1
6030	0.000192405	236236864	ops_par_loop_advec_mom_kernel_mass_flux_y_76	advec_mom_kernel_mass_flux_y
6031	0.000534224	590438520	ops_par_loop_advec_mom_kernel_post_pre_advec_y_77	advec_mom_kernel_post_pre_advec_y
6032	0.000873910	472258640	ops_par_loop_advec_mom_kernel1_y_nonvector_78	advec_mom_kernel1_y_nonvector
6033	0.000452019	590131240	ops_par_loop_advec_mom_kernel2_y_79	advec_mom_kernel2_y
6034	0.000490201	472842752	ops_par_loop_advec_cell_kernel2_xdir_80	advec_cell_kernel2_xdir
6035	0.000774060	708203544	ops_par_loop_advec_cell_kernel3_xdir_81	advec_cell_kernel3_xdir
6036	0.001459873	1533542400	ops_par_loop_advec_cell_kernel4_xdir_82	advec_cell_kernel4_xdir
6037	0.000023114	553536	ops_par_loop_group_61	update_halo_kernel1_b2+update_halo_kernel4_minus_4_a
6038	0.000021952	553536	ops_par_loop_group_62	update_halo_kernel1_b1+update_halo_kernel4_minus_2_a
6039	0.000020780	246080	ops_par_loop_group_63	update_halo_kernel2_xvel_plus_4_a+update_halo_kernel2_yvel_minus_4_a
6040	0.000019567	246080	ops_par_loop_group_64	update_halo_kernel2_xvel_plus_2_a+update_halo_kernel2_yvel_minus_2_a
6041	0.000019707	246080	ops_par_loop_group_65	update_halo_kernel2_xvel_plus_4_b+update_halo_kernel2_yvel_minus_4_b
6042	0.000019557	246080	ops_par_loop_group_66	update_halo_kernel2_xvel_plus_2_b+update_halo_kernel2_yvel_minus_2_b
6043	0.000021541	246080	ops_par_loop_group_67	update_halo_kernel2_xvel_minus_4_a+update_halo_kernel2_yvel_plus_4_a
6044	0.000020138	246080	ops_par_loop_group_68	update_halo_kernel2_xvel_minus_2_a+update_halo_kernel2_yvel_plus_2_a
6045	0.000021350	246080	ops_par_loop_group_69	update_halo_kernel2_xvel_minus_4_b+update_halo_kernel2_yvel_plus_4_b
6046	0.000020559	246080	ops_par_loop_group_70	update_halo_kernel2_xvel_minus_2_b+update_halo_kernel2_yvel_plus_2_b
6047	0.000020379	123040	ops_par_loop_update_halo_kernel3_plus_4_a_107	update_halo_kernel3_plus_4_a
6048	0.000018445	123040	ops_par_loop_update_halo_kernel3_plus_2_a_108	update_halo_kernel3_plus_2_a
6049	0.000018926	123040	ops_par_loop_update_halo_kernel3_plus_4_b_109	update_halo_kernel3_plus_4_b
6050	0.000018425	123040	ops_par_loop_update_halo_kernel3_plus_2_b_110	update_halo_kernel3_plus_2_b
6051	0.000019287	123008	ops_par_loop_update_halo_kernel3_minus_4_b_113	update_halo_kernel3_minus_4_b
6052	0.000018806	123008	ops_par_loop_update_halo_kernel4_minus_4_b_117	update_halo_kernel4_minus_4_b
6053	0.000021241	553536	ops_par_loop_group_77	update_halo_kernel1_t2+update_halo_kernel4_minus_2_b
6054	0.000020619	430528	ops_par_loop_update_halo_kernel1_t1_86	update_halo_kernel1_t1
6055	0.000026951	553536	ops_par_loop_group_79	update_halo_kernel1_l2+update_halo_kernel3_minus_4_a
6056	0.000023585	553536	ops_par_loop_group_80	update_halo_kernel1_l1+update_halo_kernel3_minus_2_a
6057	0.000024737	553536	ops_par_loop_group_81	update_halo_kernel1_r2+update_halo_kernel3_minus_2_b
6058	0.000022573	430528	ops_par_loop_update_halo_kernel1_r1_90	update_halo_kernel1_r1
6059	0.000019317	123040	ops_par_loop_update_halo_kernel4_plus_4_a_119	update_halo_kernel4_plus_4_a
6060	0.000018786	123040	ops_par_loop_update_halo_kernel4_plus_2_a_120	update_halo_kernel4_plus_2_a
6061	0.000019688	123040	ops_par_loop_update_halo_kernel4_plus_4_b_121	update_halo_kernel4_plus_4_b
6062	0.000018806	123040	ops_par_loop_update_halo_kernel4_plus_2_b_122	update_halo_kernel4_plus_2_b
6063	0.001203265	944701952	ops_par_loop_group_87	advec_mom_kernel_x2+reset_field_kernel1
6064	0.000799879	708096064	ops_par_loop_group_88	advec_mom_kernel_mass_flux_x+ideal_gas_kernel
6065	0.000575894	590438520	ops_par_loop_advec_mom_kernel_post_pre_advec_x_125	advec_mom_kernel_post_pre_advec_x
6066	0.000882476	472258640	ops_par_loop_advec_mom_kernel1_x_nonvector_126	advec_mom_kernel1_x_nonvector
6067	0.000448371	590131240	ops_par_loop_advec_mom_kernel2_x_127	advec_mom_kernel2_x
6068	0.000497865	472842752	ops_par_loop_advec_mom_kernel_x2_128	advec_mom_kernel_x2
6069	0.000194610	236236864	ops_par_loop_advec_mom_kernel_mass_flux_x_129	advec_mom_kernel_mass_flux_x
6070	0.000574371	590438520	ops_par_loop_advec_mom_kernel_post_pre_advec_x_130	advec_mom_kernel_post_pre_advec_x
6071	0.000883899	472258640	ops_par_loop_advec_mom_kernel1_x_nonvector_131	advec_mom_kernel1_x_nonvector
6072	0.000731991	1062236232	ops_par_loop_group_96	advec_mom_kernel2_x+reset_field_kernel2
6073	0.000021932	430304	ops_par_loop_update_halo_kernel1_b1_136	update_halo_kernel1_b1
6074	0.000020599	430304	ops_par_loop_update_halo_kernel1_t1_137	update_halo_kernel1_t1
6075	0.000024175	430304	ops_par_loop_update_halo_kernel1_l1_138	update_halo_kernel1_l1
6076	0.000024376	430304	ops_par_loop_update_halo_kernel1_r1_139	update_halo_kernel1_r1
6077	0.000019807	245952	ops_par_loop_group_101	update_halo_kernel2_xvel_plus_2_a+update_halo_kernel2_yvel_minus_2_a
6078	0.000019277	245952	ops_par_loop_group_102	update_halo_kernel2_xvel_plus_2_b+update_halo_kernel2_yvel_minus_2_b
6079	0.000022282	245952	ops_par_loop_group_103	update_halo_kernel2_xvel_minus_2_a+update_halo_kernel2_yvel_plus_2_a
6080	0.000020980	245952	ops_par_loop_group_104	update_halo_kernel2_xvel_minus_2_b+update_halo_kernel2_yvel_plus_2_b
6081	0.001732280	589885440	ops_par_loop_viscosity_kernel_148	viscosity_kernel
6082	0.000022132	430304	ops_par_loop_update_halo_kernel1_b1_149	update_halo_kernel1_b1
6083	0.000020910	430304	ops_par_loop_update_halo_kernel1_t1_150	update_halo_kernel1_t1
6084	0.000023224	430304	ops_par_loop_update_halo_kernel1_l1_151	update_halo_kernel1_l1
6085	0.000024236	430304	ops_par_loop_update_halo_kernel1_r1_152	update_halo_kernel1_r1
6086	0.000916942	1061744640	ops_par_loop_calc_dt_kernel_153	calc_dt_kernel
6087	0.001482906	1887436800	ops_par_loop_group_0	PdV_kernel_predict+ideal_gas_kernel
6088	0.000027743	430304	ops_par_loop_update_halo_kernel1_b1_2	update_halo_kernel1_b1
6089	0.000020880	430304	ops_par_loop_update_halo_kernel1_t1_3	update_halo_kernel1_t1
6090	0.000024306	430304	ops_par_loop_update_halo_kernel1_l1_4	update_halo_kernel1_l1
6091	0.000023916	430304	ops_par_loop_update_halo_kernel1_r1_5	update_halo_kernel1_r1
6092	0.001557298	1770147928	ops_par_loop_group_5	revert_kernel+accelerate_kernel
6093	0.001360454	1651507200	ops_par_loop_PdV_kernel_nopredict_8	PdV_kernel_nopredict
6094	0.000365414	471982080	ops_par_loop_flux_calc_kernelx_9	flux_calc_kernelx
6095	0.000359343	471982080	ops_par_loop_flux_calc_kernely_10	flux_calc_kernely
6096	0.000023114	553536	ops_par_loop_group_9	update_halo_kernel1_b2+update_halo_kernel4_minus_4_a
6097	0.000021050	553536	ops_par_loop_group_10	update_halo_kernel1_b1+update_halo_kernel4_minus_2_a
6098	0.000020219	246080	ops_par_loop_group_11	update_halo_kernel3_plus_4_a+update_halo_kernel2_xvel_plus_4_a
6099	0.000019297	246080	ops_par_loop_group_12	update_halo_kernel3_plus_2_a+update_halo_kernel2_xvel_plus_2_a
6100	0.000018244	123008	ops_par_loop_update_halo_kernel4_minus_4_b_29	update_halo_kernel4_minus_4_b
6101	0.000021561	553536	ops_par_loop_group_14	update_halo_kernel1_t2+update_halo_kernel4_minus_2_b
6102	0.000021340	430528	ops_par_loop_update_halo_kernel1_t1_14	update_halo_kernel1_t1
6103	0.000022533	246080	ops_par_loop_group_16	update_halo_kernel2_xvel_plus_4_b+update_halo_kernel2_yvel_minus_4_b
6104	0.000019727	246080	ops_par_loop_group_17	update_halo_kernel3_plus_4_b+update_halo_kernel2_xvel_plus_2_b
6105	0.000018896	123040	ops_par_loop_update_halo_kernel3_plus_2_b_22	update_halo_kernel3_plus_2_b
6106	0.000026491	553536	ops_par_loop_group_19	update_halo_kernel1_l2+update_halo_kernel3_minus_4_a
6107	0.000023204	553536	ops_par_loop_group_20	update_halo_kernel1_l1+update_halo_kernel3_minus_2_a
6108	0.000019477	123008	ops_par_loop_update_halo_kernel3_minus_4_b_25	update_halo_kernel3_minus_4_b
6109	0.000024447	553536	ops_par_loop_group_22	update_halo_kernel1_r2+update_halo_kernel3_minus_2_b
6110	0.000022041	430528	ops_par_loop_update_halo_kernel1_r1_18	update_halo_kernel1_r1
6111	0.000021240	246080	ops_par_loop_group_24	update_halo_kernel4_plus_4_a+update_halo_kernel2_xvel_minus_4_a
6112	0.000019848	246080	ops_par_loop_group_25	update_halo_kernel4_plus_2_a+update_halo_kernel2_xvel_minus_2_a
6113	0.000018495	123040	ops_par_loop_update_halo_kernel2_yvel_minus_4_a_54	update_halo_kernel2_yvel_minus_4_a
6114	0.000018255	123040	ops_par_loop_update_halo_kernel2_yvel_minus_2_a_55	update_halo_kernel2_yvel_minus_2_a
6115	0.000018024	123040	ops_par_loop_update_halo_kernel2_yvel_minus_2_b_57	update_halo_kernel2_yvel_minus_2_b
6116	0.000021200	246080	ops_par_loop_group_29	update_halo_kernel2_xvel_minus_4_b+update_halo_kernel2_yvel_plus_4_b
6117	0.000020919	246080	ops_par_loop_group_30	update_halo_kernel4_plus_4_b+update_halo_kernel2_xvel_minus_2_b
6118	0.000018455	123040	ops_par_loop_update_halo_kernel4_plus_2_b_34	update_halo_kernel4_plus_2_b
6119	0.000562929	591053440	ops_par_loop_advec_cell_kernel1_xdir_35	advec_cell_kernel1_xdir
6120	0.000773018	708203544	ops_par_loop_advec_cell_kernel3_xdir_36	advec_cell_kernel3_xdir
6121	0.001463120	1533542400	ops_par_loop_advec_cell_kernel4_xdir_37	advec_cell_kernel4_xdir
6122	0.000021882	430528	ops_par_loop_update_halo_kernel1_b2_38	update_halo_kernel1_b2
6123	0.000020288	430528	ops_par_loop_update_halo_kernel1_b1_39	update_halo_kernel1_b1
6124	0.000020759	430528	ops_par_loop_update_halo_kernel1_t2_40	update_halo_kernel1_t2
6125	0.000025078	430528	ops_par_loop_update_halo_kernel1_t1_41	update_halo_kernel1_t1
6126	0.000019567	123040	ops_par_loop_update_halo_kernel3_plus_4_a_62	update_halo_kernel3_plus_4_a
6127	0.000018906	123040	ops_par_loop_update_halo_kernel3_plus_2_a_63	update_halo_kernel3_plus_2_a
6128	0.000017994	123040	ops_par_loop_update_halo_kernel3_plus_4_b_64	update_halo_kernel3_plus_4_b
6129	0.000018295	123040	ops_par_loop_update_halo_kernel3_plus_2_b_65	update_halo_kernel3_plus_2_b
6130	0.000026681	553536	ops_par_loop_group_43	update_halo_kernel1_l2+update_halo_kernel3_minus_4_a
6131	0.000023144	553536	ops_par_loop_group_44	update_halo_kernel1_l1+update_halo_kernel3_minus_2_a
6132	0.000019637	123008	ops_par_loop_update_halo_kernel3_minus_4_b_68	update_halo_kernel3_minus_4_b
6133	0.000025048	553536	ops_par_loop_group_46	update_halo_kernel1_r2+update_halo_kernel3_minus_2_b
6134	0.000021301	430528	ops_par_loop_update_halo_kernel1_r1_45	update_halo_kernel1_r1
6135	0.000561406	591053440	ops_par_loop_advec_mom_kernel_x1_70	advec_mom_kernel_x1
6136	0.000194109	236236864	ops_par_loop_advec_mom_kernel_mass_flux_x_71	advec_mom_kernel_mass_flux_x
6137	0.000574581	590438520	ops_par_loop_advec_mom_kernel_post_pre_advec_x_72	advec_mom_kernel_post_pre_advec_x
6138	0.000882677	472258640	ops_par_loop_advec_mom_kernel1_x_nonvector_73	advec_mom_kernel1_x_nonvector
6139	0.000451467	590131240	ops_par_loop_advec_mom_kernel2_x_74	advec_mom_kernel2_x
6140	0.000560966	591053440	ops_par_loop_advec_mom_kernel_x1_75	advec_mom_kernel_x1
6141	0.000194479	236236864	ops_par_loop_advec_mom_kernel_mass_flux_x_76	advec_mom_kernel_mass_flux_x
6142	0.000575503	590438520	ops_par_loop_advec_mom_kernel_post_pre_advec_x_77	advec_mom_kernel_post_pre_advec_x
6143	0.000021070	246080	ops_par_loop_group_56	update_halo_kernel2_xvel_plus_4_a+update_halo_kernel3_plus_4_a
6144	0.000019688	246080	ops_par_loop_group_57	update_halo_kernel2_xvel_plus_2_a+update_halo_kernel3_plus_2_a
6145	0.000018706	123040	ops_par_loop_update_halo_kernel2_xvel_plus_4_b_93	update_halo_kernel2_xvel_plus_4_b
6146	0.000020038	246080	ops_par_loop_group_59	update_halo_kernel2_xvel_plus_2_b+update_halo_kernel3_plus_4_b
6147	0.000021961	246080	ops_par_loop_group_60	update_halo_kernel2_yvel_plus_4_a+update_halo_kernel2_xvel_minus_4_a
6148	0.000019988	246080	ops_par_loop_group_61	update_halo_kernel2_yvel_plus_2_a+update_halo_kernel2_xvel_minus_2_a
6149	0.000019657	123040	ops_par_loop_update_halo_kernel2_xvel_minus_4_b_97	update_halo_kernel2_xvel_minus_4_b
6150	0.000021161	246080	ops_par_loop_group_63	update_halo_kernel2_yvel_plus_2_b+update_halo_kernel2_xvel_minus_2_b
6151	0.000883348	472258640	ops_par_loop_advec_mom_kernel1_x_nonvector_78	advec_mom_kernel1_x_nonvector
6152	0.000448752	590131240	ops_par_loop_advec_mom_kernel2_x_79	advec_mom_kernel2_x
6153	0.000497755	472842752	ops_par_loop_advec_cell_kernel2_ydir_80	advec_cell_kernel2_ydir
6154	0.000787757	708203544	ops_par_loop_advec_cell_kernel3_ydir_81	advec_cell_kernel3_ydir
6155	0.001474561	1533542400	ops_par_loop_advec_cell_kernel4_ydir_82	advec_cell_kernel4_ydir
6156	0.000022953	553536	ops_par_loop_group_69	update_halo_kernel1_b2+update_halo_kernel4_minus_4_a
6157	0.000021852	553536	ops_par_loop_group_70	update_halo_kernel1_b1+update_halo_kernel4_minus_2_a
6158	0.000018576	123040	ops_par_loop_update_halo_kernel2_yvel_minus_4_a_99	update_halo_kernel2_yvel_minus_4_a
6159	0.000018545	123040	ops_par_loop_update_halo_kernel2_yvel_minus_2_a_100	update_halo_kernel2_yvel_minus_2_a
6160	0.000019147	123040	ops_par_loop_update_halo_kernel2_yvel_minus_4_b_101	update_halo_kernel2_yvel_minus_4_b
6161	0.000019356	123040	ops_par_loop_update_halo_kernel2_yvel_minus_2_b_102	update_halo_kernel2_yvel_minus_2_b
6162	0.000020429	123040	ops_par_loop_update_halo_kernel2_yvel_plus_4_b_105	update_halo_kernel2_yvel_plus_4_b
6163	0.000020278	123040	ops_par_loop_update_halo_kernel3_plus_2_b_110	update_halo_kernel3_plus_2_b
6164	0.000020209	123008	ops_par_loop_update_halo_kernel3_minus_4_b_113	update_halo_kernel3_minus_4_b
6165	0.000018605	123008	ops_par_loop_update_halo_kernel4_minus_4_b_117	update_halo_kernel4_minus_4_b
6166	0.000023384	553536	ops_par_loop_group_79	update_halo_kernel1_t2+update_halo_kernel4_minus_2_b
6167	0.000021481	430528	ops_par_loop_update_halo_kernel1_t1_86	update_halo_kernel1_t1
6168	0.000027542	553536	ops_par_loop_group_81	update_halo_kernel1_l2+update_halo_kernel3_minus_4_a
6169	0.000025027	553536	ops_par_loop_group_82	update_halo_kernel1_l1+update_halo_kernel3_minus_2_a
6170	0.000026440	553536	ops_par_loop_group_83	update_halo_kernel1_r2+update_halo_kernel3_minus_2_b
6171	0.000022582	430528	ops_par_loop_update_halo_kernel1_r1_90	update_halo_kernel1_r1
6172	0.000021651	246080	ops_par_loop_group_85	update_halo_kernel2_yvel_plus_4_a+update_halo_kernel4_plus_4_a
6173	0.000020669	246080	ops_par_loop_group_86	update_halo_kernel2_yvel_plus_2_a+update_halo_kernel4_plus_2_a
6174	0.000020098	246080	ops_par_loop_group_87	update_halo_kernel2_yvel_plus_2_b+update_halo_kernel4_plus_4_b
6175	0.000019767	123040	ops_par_loop_update_halo_kernel4_plus_2_b_122	update_halo_kernel4_plus_2_b
6176	0.001195090	944701952	ops_par_loop_group_89	advec_mom_kernel_y2+reset_field_kernel1
6177	0.000736329	708096064	ops_par_loop_group_90	advec_mom_kernel_mass_flux_y+ideal_gas_kernel
6178	0.000530878	590438520	ops_par_loop_advec_mom_kernel_post_pre_advec_y_125	advec_mom_kernel_post_pre_advec_y
6179	0.000879280	472258640	ops_par_loop_advec_mom_kernel1_y_nonvector_126	advec_mom_kernel1_y_nonvector
6180	0.000451738	590131240	ops_par_loop_advec_mom_kernel2_y_127	advec_mom_kernel2_y
6181	0.000493167	472842752	ops_par_loop_advec_mom_kernel_y2_128	advec_mom_kernel_y2
6182	0.000198166	236236864	ops_par_loop_advec_mom_kernel_mass_flux_y_129	advec_mom_kernel_mass_flux_y
6183	0.000536770	590438520	ops_par_loop_advec_mom_kernel_post_pre_advec_y_130	advec_mom_kernel_post_pre_advec_y
6184	0.000876505	472258640	ops_par_loop_advec_mom_kernel1_y_nonvector_131	advec_mom_kernel1_y_nonvector
6185	0.000730768	1062236232	ops_par_loop_group_98	advec_mom_kernel2_y+reset_field_kernel2
6186	0.000023514	430304	ops_par_loop_update_halo_kernel1_b1_136	update_halo_kernel1_b1
6187	0.000021321	430304	ops_par_loop_update_halo_kernel1_t1_137	update_halo_kernel1_t1
6188	0.000024256	430304	ops_par_loop_update_halo_kernel1_l1_138	update_halo_kernel1_l1
6189	0.000024487	430304	ops_par_loop_update_halo_kernel1_r1_139	update_halo_kernel1_r1
6190	0.000020790	245952	ops_par_loop_group_103	update_halo_kernel2_xvel_plus_2_a+update_halo_kernel2_yvel_minus_2_a
6191	0.000019577	245952	ops_par_loop_group_104	update_halo_kernel2_xvel_plus_2_b+update_halo_kernel2_yvel_minus_2_b
6192	0.000022061	245952	ops_par_loop_group_105	update_halo_kernel2_xvel_minus_2_a+update_halo_kernel2_yvel_plus_2_a
6193	0.000020670	245952	ops_par_loop_group_106	update_halo_kernel2_xvel_minus_2_b+update_halo_kernel2_yvel_plus_2_b
6194	0.001732762	589885440	ops_par_loop_viscosity_kernel_148	viscosity_kernel
6195	0.000021721	430304	ops_par_loop_update_halo_kernel1_b1_149	update_halo_kernel1_b1
6196	0.000020659	430304	ops_par_loop_update_halo_kernel1_t1_150	update_halo_kernel1_t1
6197	0.000024036	430304	ops_par_loop_update_halo_kernel1_l1_151	update_halo_kernel1_l1
6198	0.000023445	430304	ops_par_loop_update_halo_kernel1_r1_152	update_halo_kernel1_r1
6199	0.000917483	1061744640	ops_par_loop_calc_dt_kernel_153	calc_dt_kernel
6200	0.001488898	1887436800	ops_par_loop_group_0	PdV_kernel_predict+ideal_gas_kernel
6201	0.000023034	430304	ops_par_loop_update_halo_kernel1_b1_2	update_halo_kernel1_b1
6202	0.000020379	430304	ops_par_loop_update_halo_kernel1_t1_3	update_halo_kernel1_t1
6203	0.000023936	430304	ops_par_loop_update_halo_kernel1_l1_4	update_halo_kernel1_l1
6204	0.000023785	430304	ops_par_loop_update_halo_kernel1_r1_5	update_halo_kernel1_r1
6205	0.001554673	1770147928	ops_par_loop_group_5	revert_kernel+accelerate_kernel
6206	0.001353400	1651507200	ops_par_loop_PdV_kernel_nopredict_8	PdV_kernel_nopredict
6207	0.000361607	471982080	ops_par_loop_flux_calc_kernelx_9	flux_calc_kernelx
6208	0.000358531	471982080	ops_par_loop_flux_calc_kernely_10	flux_calc_kernely
6209	0.000022533	553536	ops_par_loop_group_9	update_halo_kernel1_b2+update_halo_kernel4_minus_4_a
6210	0.000021501	553536	ops_par_loop_group_10	update_halo_kernel1_b1+update_halo_kernel4_minus_2_a
6211	0.000020579	246080	ops_par_loop_group_11	update_halo_kernel3_plus_4_a+update_halo_kernel2_xvel_plus_4_a
6212	0.000019397	246080	ops_par_loop_group_12	update_halo_kernel3_plus_2_a+update_halo_kernel2_xvel_plus_2_a
6213	0.000019848	123008	ops_par_loop_update_halo_kernel4_minus_4_b_29	update_halo_kernel4_minus_4_b
6214	0.000023435	553536	ops_par_loop_group_14	update_halo_kernel1_t2+update_halo_kernel4_minus_2_b
6215	0.000021681	430528	ops_par_loop_update_halo_kernel1_t1_14	update_halo_kernel1_t1
6216	0.000021300	246080	ops_par_loop_group_16	update_halo_kernel2_xvel_plus_4_b+update_halo_kernel2_yvel_minus_4_b
6217	0.000020448	246080	ops_par_loop_group_17	update_halo_kernel3_plus_4_b+update_halo_kernel2_xvel_plus_2_b
6218	0.000020098	123040	ops_par_loop_update_halo_kernel3_plus_2_b_22	update_halo_kernel3_plus_2_b
6219	0.000026160	553536	ops_par_loop_group_19	update_halo_kernel1_l2+update_halo_kernel3_minus_4_a
6220	0.000022733	553536	ops_par_loop_group_20	update_halo_kernel1_l1+update_halo_kernel3_minus_2_a
6221	0.000019357	123008	ops_par_loop_update_halo_kernel3_minus_4_b_25	update_halo_kernel3_minus_4_b
6222	0.000024727	553536	ops_par_loop_group_22	update_halo_kernel1_r2+update_halo_kernel3_minus_2_b
6223	0.000022402	430528	ops_par_loop_update_halo_kernel1_r1_18	update_halo_kernel1_r1
6224	0.000021180	246080	ops_par_loop_group_24	update_halo_kernel4_plus_4_a+update_halo_kernel2_xvel_minus_4_a
6225	0.000020309	246080	ops_par_loop_group_25	update_halo_kernel4_plus_2_a+update_halo_kernel2_xvel_minus_2_a
6226	0.000019838	123040	ops_par_loop_update_halo_kernel2_yvel_minus_4_a_54	update_halo_kernel2_yvel_minus_4_a
6227	0.000017874	123040	ops_par_loop_update_halo_kernel2_yvel_minus_2_a_55	update_halo_kernel2_yvel_minus_2_a
6228	0.000018455	123040	ops_par_loop_update_halo_kernel2_yvel_minus_2_b_57	update_halo_kernel2_yvel_minus_2_b
6229	0.000021221	246080	ops_par_loop_group_29	update_halo_kernel2_xvel_minus_4_b+update_halo_kernel2_yvel_plus_4_b
6230	0.000020880	246080	ops_par_loop_group_30	update_halo_kernel4_plus_4_b+update_halo_kernel2_xvel_minus_2_b
6231	0.000018535	123040	ops_par_loop_update_halo_kernel4_plus_2_b_34	update_halo_kernel4_plus_2_b
6232	0.000562217	591053440	ops_par_loop_advec_cell_kernel1_ydir_35	advec_cell_kernel1_ydir
6233	0.000788437	708203544	ops_par_loop_advec_cell_kernel3_ydir_36	advec_cell_kernel3_ydir
6234	0.001470894	1533542400	ops_par_loop_advec_cell_kernel4_ydir_37	advec_cell_kernel4_ydir
6235	0.000022603	553536	ops_par_loop_group_35	update_halo_kernel1_b2+update_halo_kernel4_minus_4_a
6236	0.000021591	553536	ops_par_loop_group_36	update_halo_kernel1_b1+update_halo_kernel4_minus_2_a
6237	0.000018926	123008	ops_par_loop_update_halo_kernel4_minus_4_b_64	update_halo_kernel4_minus_4_b
6238	0.000021541	553536	ops_par_loop_group_38	update_halo_kernel1_t2+update_halo_kernel4_minus_2_b
6239	0.000021170	430528	ops_par_loop_update_halo_kernel1_t1_41	update_halo_kernel1_t1
6240	0.000023845	430528	ops_par_loop_update_halo_kernel1_l2_42	update_halo_kernel1_l2
6241	0.000020880	430528	ops_par_loop_update_halo_kernel1_l1_43	update_halo_kernel1_l1
6242	0.000023214	430528	ops_par_loop_update_halo_kernel1_r2_44	update_halo_kernel1_r2
6243	0.000021380	430528	ops_par_loop_update_halo_kernel1_r1_45	update_halo_kernel1_r1
6244	0.000021962	246080	ops_par_loop_group_44	update_halo_kernel2_yvel_plus_4_a+update_halo_kernel4_plus_4_a
6245	0.000019738	246080	ops_par_loop_group_45	update_halo_kernel2_yvel_plus_2_a+update_halo_kernel4_plus_2_a
6246	0.000021380	246080	ops_par_loop_group_46	update_halo_kernel2_yvel_plus_2_b+update_halo_kernel4_plus_4_b
6247	0.000018675	123040	ops_par_loop_update_halo_kernel4_plus_2_b_69	update_halo_kernel4_plus_2_b
6248	0.000562048	591053440	ops_par_loop_advec_mom_kernel_y1_70	advec_mom_kernel_y1
6249	0.000191654	236236864	ops_par_loop_advec_mom_kernel_mass_flux_y_71	advec_mom_kernel_mass_flux_y
6250	0.000534064	590438520	ops_par_loop_advec_mom_kernel_post_pre_advec_y_72	advec_mom_kernel_post_pre_advec_y
6251	0.000877466	472258640	ops_par_loop_advec_mom_kernel1_y_nonvector_73	advec_mom_kernel1_y_nonvector
6252	0.000448221	590131240	ops_par_loop_advec_mom_kernel2_y_74	advec_mom_kernel2_y
6253	0.000563841	591053440	ops_par_loop_advec_mom_kernel_y1_75	advec_mom_kernel_y1
6254	0.000191654	236236864	ops_par_loop_advec_mom_kernel_mass_flux_y_76	advec_mom_kernel_mass_flux_y
6255	0.000533784	590438520	ops_par_loop_advec_mom_kernel_post_pre_advec_y_77	advec_mom_kernel_post_pre_advec_y
6256	0.000874070	472258640	ops_par_loop_advec_mom_kernel1_y_nonvector_78	advec_mom_kernel1_y_nonvector
6257	0.000448893	590131240	ops_par_loop_advec_mom_kernel2_y_79	advec_mom_kernel2_y
6258	0.000492516	472842752	ops_par_loop_advec_cell_kernel2_xdir_80	advec_cell_kernel2_xdir
6259	0.000773038	708203544	ops_par_loop_advec_cell_kernel3_xdir_81	advec_cell_kernel3_xdir
6260	0.001460865	1533542400	ops_par_loop_advec_cell_kernel4_xdir_82	advec_cell_kernel4_xdir
6261	0.000023425	553536	ops_par_loop_group_61	update_halo_kernel1_b2+update_halo_kernel4_minus_4_a
6262	0.000021491	553536	ops_par_loop_group_62	update_halo_kernel1_b1+update_halo_kernel4_minus_2_a
6263	0.000020118	246080	ops_par_loop_group_63	update_halo_kernel2_xvel_plus_4_a+update_halo_kernel2_yvel_minus_4_a
6264	0.000019647	246080	ops_par_loop_group_64	update_halo_kernel2_xvel_plus_2_a+update_halo_kernel2_yvel_minus_2_a
6265	0.000019317	246080	ops_par_loop_group_65	update_halo_kernel2_xvel_plus_4_b+update_halo_kernel2_yvel_minus_4_b
6266	0.000019697	246080	ops_par_loop_group_66	update_halo_kernel2_xvel_plus_2_b+update_halo_kernel2_yvel_minus_2_b
6267	0.000021671	246080	ops_par_loop_group_67	update_halo_kernel2_xvel_minus_4_a+update_halo_kernel2_yvel_plus_4_a
6268	0.000020769	246080	ops_par_loop_group_68	update_halo_kernel2_xvel_minus_2_a+update_halo_kernel2_yvel_plus_2_a
6269	0.000022593	246080	ops_par_loop_group_69	update_halo_kernel2_xvel_minus_4_b+update_halo_kernel2_yvel_plus_4_b
6270	0.000020609	246080	ops_par_loop_group_70	update_halo_kernel2_xvel_minus_2_b+update_halo_kernel2_yvel_plus_2_b
6271	0.000020089	123040	ops_par_loop_update_halo_kernel3_plus_4_a_107	update_halo_kernel3_plus_4_a
6272	0.000018705	123040	ops_par_loop_update_halo_kernel3_plus_2_a_108	update_halo_kernel3_plus_2_a
6273	0.000018766	123040	ops_par_loop_update_halo_kernel3_plus_4_b_109	update_halo_kernel3_plus_4_b
6274	0.000019497	123040	ops_par_loop_update_halo_kernel3_plus_2_b_110	update_halo_kernel3_plus_2_b
6275	0.000020409	123008	ops_par_loop_update_halo_kernel3_minus_4_b_113	update_halo_kernel3_minus_4_b
6276	0.000018154	123008	ops_par_loop_update_halo_kernel4_minus_4_b_117	update_halo_kernel4_minus_4_b
6277	0.000021451	553536	ops_par_loop_group_77	update_halo_kernel1_t2+update_halo_kernel4_minus_2_b
6278	0.000020379	430528	ops_par_loop_update_halo_kernel1_t1_86	update_halo_kernel1_t1
6279	0.000026340	553536	ops_par_loop_group_79	update_halo_kernel1_l2+update_halo_kernel3_minus_4_a
6280	0.000023445	553536	ops_par_loop_group_80	update_halo_kernel1_l1+update_halo_kernel3_minus_2_a
6281	0.000025648	553536	ops_par_loop_group_81	update_halo_kernel1_r2+update_halo_kernel3_minus_2_b
6282	0.000022112	430528	ops_par_loop_update_halo_kernel1_r1_90	update_halo_kernel1_r1
6283	0.000019206	123040	ops_par_loop_update_halo_kernel4_plus_4_a_119	update_halo_kernel4_plus_4_a
6284	0.000018785	123040	ops_par_loop_update_halo_kernel4_plus_2_a_120	update_halo_kernel4_plus_2_a
6285	0.000019517	123040	ops_par_loop_update_halo_kernel4_plus_4_b_121	update_halo_kernel4_plus_4_b
6286	0.000018555	123040	ops_par_loop_update_halo_kernel4_plus_2_b_122	update_halo_kernel4_plus_2_b
6287	0.001201883	944701952	ops_par_loop_group_87	advec_mom_kernel_x2+reset_field_kernel1
6288	0.000802244	708096064	ops_par_loop_group_88	advec_mom_kernel_mass_flux_x+ideal_gas_kernel
6289	0.000576184	590438520	ops_par_loop_advec_mom_kernel_post_pre_advec_x_125	advec_mom_kernel_post_pre_advec_x
6290	0.000883658	472258640	ops_par_loop_advec_mom_kernel1_x_nonvector_126	advec_mom_kernel1_x_nonvector
6291	0.000449413	590131240	ops_par_loop_advec_mom_kernel2_x_127	advec_mom_kernel2_x
6292	0.000500321	472842752	ops_par_loop_advec_mom_kernel_x2_128	advec_mom_kernel_x2
6293	0.000197566	236236864	ops_par_loop_advec_mom_kernel_mass_flux_x_129	advec_mom_kernel_mass_flux_x
6294	0.000575754	590438520	ops_par_loop_advec_mom_kernel_post_pre_advec_x_130	advec_mom_kernel_post_pre_advec_x
6295	0.000884790	472258640	ops_par_loop_advec_mom_kernel1_x_nonvector_131	advec_mom_kernel1_x_nonvector
6296	0.000728143	1062236232	ops_par_loop_group_96	advec_mom_kernel2_x+reset_field_kernel2
6297	0.000021611	430304	ops_par_loop_update_halo_kernel1_b1_136	update_halo_kernel1_b1
6298	0.000021490	430304	ops_par_loop_update_halo_kernel1_t1_137	update_halo_kernel1_t1
6299	0.000024236	430304	ops_par_loop_update_halo_kernel1_l1_138	update_halo_kernel1_l1
6300	0.000024406	430304	ops_par_loop_update_halo_kernel1_r1_139	update_halo_kernel1_r1
6301	0.000019938	245952	ops_par_loop_group_101	update_halo_kernel2_xvel_plus_2_a+update_halo_kernel2_yvel_minus_2_a
6302	0.000019076	245952	ops_par_loop_group_102	update_halo_kernel2_xvel_plus_2_b+update_halo_kernel2_yvel_minus_2_b
6303	0.000020909	245952	ops_par_loop_group_103	update_halo_kernel2_xvel_minus_2_a+update_halo_kernel2_yvel_plus_2_a
6304	0.000020699	245952	ops_par_loop_group_104	update_halo_kernel2_xvel_minus_2_b+update_halo_kernel2_yvel_plus_2_b
6305	0.001732952	589885440	ops_par_loop_viscosity_kernel_148	viscosity_kernel
6306	0.000022132	430304	ops_par_loop_update_halo_kernel1_b1_149	update_halo_kernel1_b1
6307	0.000021251	430304	ops_par_loop_update_halo_kernel1_t1_150	update_halo_kernel1_t1
6308	0.000023224	430304	ops_par_loop_update_halo_kernel1_l1_151	update_halo_kernel1_l1
6309	0.000023324	430304	ops_par_loop_update_halo_kernel1_r1_152	update_halo_kernel1_r1
6310	0.000916310	1061744640	ops_par_loop_calc_dt_kernel_153	calc_dt_kernel
6311	0.001480943	1887436800	ops_par_loop_group_0	PdV_kernel_predict+ideal_gas_kernel
6312	0.000022793	430304	ops_par_loop_update_halo_kernel1_b1_2	update_halo_kernel1_b1
6313	0.000021050	430304	ops_par_loop_update_halo_kernel1_t1_3	update_halo_kernel1_t1
6314	0.000024236	430304	ops_par_loop_update_halo_kernel1_l1_4	update_halo_kernel1_l1
6315	0.000024316	430304	ops_par_loop_update_halo_kernel1_r1_5	update_halo_kernel1_r1
6316	0.001558220	1770147928	ops_par_loop_group_5	revert_kernel+accelerate_kernel
6317	0.001358259	1651507200	ops_par_loop_PdV_kernel_nopredict_8	PdV_kernel_nopredict
6318	0.000367518	471982080	ops_par_loop_flux_calc_kernelx_9	flux_calc_kernelx
6319	0.000358621	471982080	ops_par_loop_flux_calc_kernely_10	flux_calc_kernely
6320	0.000022573	553536	ops_par_loop_group_9	update_halo_kernel1_b2+update_halo_kernel4_minus_4_a
6321	0.000020780	553536	ops_par_loop_group_10	update_halo_kernel1_b1+update_halo_kernel4_minus_2_a
6322	0.000020689	246080	ops_par_loop_group_11	update_halo_kernel3_plus_4_a+update_halo_kernel2_xvel_plus_4_a
6323	0.000019317	246080	ops_par_loop_group_12	update_halo_kernel3_plus_2_a+update_halo_kernel2_xvel_plus_2_a
6324	0.000018765	123008	ops_par_loop_update_halo_kernel4_minus_4_b_29	update_halo_kernel4_minus_4_b
6325	0.000021311	553536	ops_par_loop_group_14	update_halo_kernel1_t2+update_halo_kernel4_minus_2_b
6326	0.000020489	430528	ops_par_loop_update_halo_kernel1_t1_14	update_halo_kernel1_t1
6327	0.000019787	246080	ops_par_loop_group_16	update_halo_kernel2_xvel_plus_4_b+update_halo_kernel2_yvel_minus_4_b
6328	0.000019507	246080	ops_par_loop_group_17	update_halo_kernel3_plus_4_b+update_halo_kernel2_xvel_plus_2_b
6329	0.000019617	123040	ops_par_loop_update_halo_kernel3_plus_2_b_22	update_halo_kernel3_plus_2_b
6330	0.000025989	553536	ops_par_loop_group_19	update_halo_kernel1_l2+update_halo_kernel3_minus_4_a
6331	0.000061848	553536	ops_par_loop_group_20	update_halo_kernel1_l1+update_halo_kernel3_minus_2_a
6332	0.000020860	123008	ops_par_loop_update_halo_kernel3_minus_4_b_25	update_halo_kernel3_minus_4_b
6333	0.000024196	553536	ops_par_loop_group_22	update_halo_kernel1_r2+update_halo_kernel3_minus_2_b
6334	0.000022172	430528	ops_par_loop_update_halo_kernel1_r1_18	update_halo_kernel1_r1
6335	0.000020879	246080	ops_par_loop_group_24	update_halo_kernel4_plus_4_a+update_halo_kernel2_xvel_minus_4_a
6336	0.000020268	246080	ops_par_loop_group_25	update_halo_kernel4_plus_2_a+update_halo_kernel2_xvel_minus_2_a
6337	0.000018395	123040	ops_par_loop_update_halo_kernel2_yvel_minus_4_a_54	update_halo_kernel2_yvel_minus_4_a
6338	0.000017794	123040	ops_par_loop_update_halo_kernel2_yvel_minus_2_a_55	update_halo_kernel2_yvel_minus_2_a
6339	0.000018876	123040	ops_par_loop_update_halo_kernel2_yvel_minus_2_b_57	update_halo_kernel2_yvel_minus_2_b
6340	0.000021240	246080	ops_par_loop_group_29	update_halo_kernel2_xvel_minus_4_b+update_halo_kernel2_yvel_plus_4_b
6341	0.000021180	246080	ops_par_loop_group_30	update_halo_kernel4_plus_4_b+update_halo_kernel2_xvel_minus_2_b
6342	0.000018355	123040	ops_par_loop_update_halo_kernel4_plus_2_b_34	update_halo_kernel4_plus_2_b
6343	0.000561637	591053440	ops_par_loop_advec_cell_kernel1_xdir_35	advec_cell_kernel1_xdir
6344	0.000773138	708203544	ops_par_loop_advec_cell_kernel3_xdir_36	advec_cell_kernel3_xdir
6345	0.001461266	1533542400	ops_par_loop_advec_cell_kernel4_xdir_37	advec_cell_kernel4_xdir
6346	0.000021410	430528	ops_par_loop_update_halo_kernel1_b2_38	update_halo_kernel1_b2
6347	0.000020669	430528	ops_par_loop_update_halo_kernel1_b1_39	update_halo_kernel1_b1
6348	0.000020890	430528	ops_par_loop_update_halo_kernel1_t2_40	update_halo_kernel1_t2
6349	0.000020720	430528	ops_par_loop_update_halo_kernel1_t1_41	update_halo_kernel1_t1
6350	0.000019477	123040	ops_par_loop_update_halo_kernel3_plus_4_a_62	update_halo_kernel3_plus_4_a
6351	0.000018936	123040	ops_par_loop_update_halo_kernel3_plus_2_a_63	update_halo_kernel3_plus_2_a
6352	0.000018365	123040	ops_par_loop_update_halo_kernel3_plus_4_b_64	update_halo_kernel3_plus_4_b
6353	0.000018185	123040	ops_par_loop_update_halo_kernel3_plus_2_b_65	update_halo_kernel3_plus_2_b
6354	0.000026310	553536	ops_par_loop_group_43	update_halo_kernel1_l2+update_halo_kernel3_minus_4_a
6355	0.000022953	553536	ops_par_loop_group_44	update_halo_kernel1_l1+update_halo_kernel3_minus_2_a
6356	0.000019617	123008	ops_par_loop_update_halo_kernel3_minus_4_b_68	update_halo_kernel3_minus_4_b
6357	0.000024597	553536	ops_par_loop_group_46	update_halo_kernel1_r2+update_halo_kernel3_minus_2_b
6358	0.000021250	430528	ops_par_loop_update_halo_kernel1_r1_45	update_halo_kernel1_r1
6359	0.000563440	591053440	ops_par_loop_advec_mom_kernel_x1_70	advec_mom_kernel_x1
6360	0.000194159	236236864	ops_par_loop_advec_mom_kernel_mass_flux_x_71	advec_mom_kernel_mass_flux_x
6361	0.000574942	590438520	ops_par_loop_advec_mom_kernel_post_pre_advec_x_72	advec_mom_kernel_post_pre_advec_x
6362	0.000881775	472258640	ops_par_loop_advec_mom_kernel1_x_nonvector_73	advec_mom_kernel1_x_nonvector
6363	0.000444565	590131240	ops_par_loop_advec_mom_kernel2_x_74	advec_mom_kernel2_x
6364	0.000563521	591053440	ops_par_loop_advec_mom_kernel_x1_75	advec_mom_kernel_x1
6365	0.000196233	236236864	ops_par_loop_advec_mom_kernel_mass_flux_x_76	advec_mom_kernel_mass_flux_x
6366	0.000576334	590438520	ops_par_loop_advec_mom_kernel_post_pre_advec_x_77	advec_mom_kernel_post_pre_advec_x
6367	0.000021821	246080	ops_par_loop_group_56	update_halo_kernel2_xvel_plus_4_a+update_halo_kernel3_plus_4_a
6368	0.000018966	246080	ops_par_loop_group_57	update_halo_kernel2_xvel_plus_2_a+update_halo_kernel3_plus_2_a
6369	0.000019087	123040	ops_par_loop_update_halo_kernel2_xvel_plus_4_b_93	update_halo_kernel2_xvel_plus_4_b
6370	0.000019527	246080	ops_par_loop_group_59	update_halo_kernel2_xvel_plus_2_b+update_halo_kernel3_plus_4_b
6371	0.000021631	246080	ops_par_loop_group_60	update_halo_kernel2_yvel_plus_4_a+update_halo_kernel2_xvel_minus_4_a
6372	0.000020038	246080	ops_par_loop_group_61	update_halo_kernel2_yvel_plus_2_a+update_halo_kernel2_xvel_minus_2_a
6373	0.000019137	123040	ops_par_loop_update_halo_kernel2_xvel_minus_4_b_97	update_halo_kernel2_xvel_minus_4_b
6374	0.000021401	246080	ops_par_loop_group_63	update_halo_kernel2_yvel_plus_2_b+update_halo_kernel2_xvel_minus_2_b
6375	0.000883578	472258640	ops_par_loop_advec_mom_kernel1_x_nonvector_78	advec_mom_kernel1_x_nonvector
6376	0.000445105	590131240	ops_par_loop_advec_mom_kernel2_x_79	advec_mom_kernel2_x
6377	0.000496253	472842752	ops_par_loop_advec_cell_kernel2_ydir_80	advec_cell_kernel2_ydir
6378	0.000788327	708203544	ops_par_loop_advec_cell_kernel3_ydir_81	advec_cell_kernel3_ydir
6379	0.001473258	1533542400	ops_par_loop_advec_cell_kernel4_ydir_82	advec_cell_kernel4_ydir
6380	0.000023084	553536	ops_par_loop_group_69	update_halo_kernel1_b2+update_halo_kernel4_minus_4_a
6381	0.000021430	553536	ops_par_loop_group_70	update_halo_kernel1_b1+update_halo_kernel4_minus_2_a
6382	0.000019797	123040	ops_par_loop_update_halo_kernel2_yvel_minus_4_a_99	update_halo_kernel2_yvel_minus_4_a
6383	0.000018575	123040	ops_par_loop_update_halo_kernel2_yvel_minus_2_a_100	update_halo_kernel2_yvel_minus_2_a
6384	0.000017894	123040	ops_par_loop_update_halo_kernel2_yvel_minus_4_b_101	update_halo_kernel2_yvel_minus_4_b
6385	0.000018826	123040	ops_par_loop_update_halo_kernel2_yvel_minus_2_b_102	update_halo_kernel2_yvel_minus_2_b
6386	0.000019838	123040	ops_par_loop_update_halo_kernel2_yvel_plus_4_b_105	update_halo_kernel2_yvel_plus_4_b
6387	0.000019677	123040	ops_par_loop_update_halo_kernel3_plus_2_b_110	update_halo_kernel3_plus_2_b
6388	0.000019387	123008	ops_par_loop_update_halo_kernel3_minus_4_b_113	update_halo_kernel3_minus_4_b
6389	0.000018295	123008	ops_par_loop_update_halo_kernel4_minus_4_b_117	update_halo_kernel4_minus_4_b
6390	0.000021972	553536	ops_par_loop_group_79	update_halo_kernel1_t2+update_halo_kernel4_minus_2_b
6391	0.000020619	430528	ops_par_loop_update_halo_kernel1_t1_86	update_halo_kernel1_t1
6392	0.000027182	553536	ops_par_loop_group_81	update_halo_kernel1_l2+update_halo_kernel3_minus_4_a
6393	0.000023485	553536	ops_par_loop_group_82	update_halo_kernel1_l1+update_halo_kernel3_minus_2_a
6394	0.000025358	553536	ops_par_loop_group_83	update_halo_kernel1_r2+update_halo_kernel3_minus_2_b
6395	0.000021381	430528	ops_par_loop_update_halo_kernel1_r1_90	update_halo_kernel1_r1
6396	0.000021410	246080	ops_par_loop_group_85	update_halo_kernel2_yvel_plus_4_a+update_halo_kernel4_plus_4_a
6397	0.000020288	246080	ops_par_loop_group_86	update_halo_kernel2_yvel_plus_2_a+update_halo_kernel4_plus_2_a
6398	0.000020619	246080	ops_par_loop_group_87	update_halo_kernel2_yvel_plus_2_b+update_halo_kernel4_plus_4_b
6399	0.000020198	123040	ops_par_loop_update_halo_kernel4_plus_2_b_122	update_halo_kernel4_plus_2_b
6400	0.001195511	944701952	ops_par_loop_group_89	advec_mom_kernel_y2+reset_field_kernel1
6401	0.000737211	708096064	ops_par_loop_group_90	advec_mom_kernel_mass_flux_y+ideal_gas_kernel
6402	0.000532822	590438520	ops_par_loop_advec_mom_kernel_post_pre_advec_y_125	advec_mom_kernel_post_pre_advec_y
6403	0.000878288	472258640	ops_par_loop_advec_mom_kernel1_y_nonvector_126	advec_mom_kernel1_y_nonvector
6404	0.000450576	590131240	ops_par_loop_advec_mom_kernel2_y_127	advec_mom_kernel2_y
6405	0.000489851	472842752	ops_par_loop_advec_mom_kernel_y2_128	advec_mom_kernel_y2
6406	0.000192486	236236864	ops_par_loop_advec_mom_kernel_mass_flux_y_129	advec_mom_kernel_mass_flux_y
6407	0.000532041	590438520	ops_par_loop_advec_mom_kernel_post_pre_advec_y_130	advec_mom_kernel_post_pre_advec_y
6408	0.000873820	472258640	ops_par_loop_advec_mom_kernel1_y_nonvector_131	advec_mom_kernel1_y_nonvector
6409	0.000732091	1062236232	ops_par_loop_group_98	advec_mom_kernel2_y+reset_field_kernel2
6410	0.000021871	430304	ops_par_loop_update_halo_kernel1_b1_136	update_halo_kernel1_b1
6411	0.000020630	430304	ops_par_loop_update_halo_kernel1_t1_137	update_halo_kernel1_t1
6412	0.000023875	430304	ops_par_loop_update_halo_kernel1_l1_138	update_halo_kernel1_l1
6413	0.000024106	430304	ops_par_loop_update_halo_kernel1_r1_139	update_halo_kernel1_r1
6414	0.000019758	245952	ops_par_loop_group_103	update_halo_kernel2_xvel_plus_2_a+update_halo_kernel2_yvel_minus_2_a
6415	0.000019527	245952	ops_par_loop_group_104	update_halo_kernel2_xvel_plus_2_b+update_halo_kernel2_yvel_minus_2_b
6416	0.000020769	245952	ops_par_loop_group_105	update_halo_kernel2_xvel_minus_2_a+update_halo_kernel2_yvel_plus_2_a
6417	0.000021040	245952	ops_par_loop_group_106	update_halo_kernel2_xvel_minus_2_b+update_halo_kernel2_yvel_plus_2_b
6418	0.001732140	589885440	ops_par_loop_viscosity_kernel_148	viscosity_kernel
6419	0.000021371	430304	ops_par_loop_update_halo_kernel1_b1_149	update_halo_kernel1_b1
6420	0.000020459	430304	ops_par_loop_update_halo_kernel1_t1_150	update_halo_kernel1_t1
6421	0.000023755	430304	ops_par_loop_update_halo_kernel1_l1_151	update_halo_kernel1_l1
6422	0.000023705	430304	ops_par_loop_update_halo_kernel1_r1_152	update_halo_kernel1_r1
6423	0.000917383	1061744640	ops_par_loop_calc_dt_kernel_153	calc_dt_kernel
6424	0.001488338	1887436800	ops_par_loop_group_0	PdV_kernel_predict+ideal_gas_kernel
6425	0.000023264	430304	ops_par_loop_update_halo_kernel1_b1_2	update_halo_kernel1_b1
6426	0.000021120	430304	ops_par_loop_update_halo_kernel1_t1_3	update_halo_kernel1_t1
6427	0.000024206	430304	ops_par_loop_update_halo_kernel1_l1_4	update_halo_kernel1_l1
6428	0.000024036	430304	ops_par_loop_update_halo_kernel1_r1_5	update_halo_kernel1_r1
6429	0.001559071	1770147928	ops_par_loop_group_5	revert_kernel+accelerate_kernel
6430	0.001357238	1651507200	ops_par_loop_PdV_kernel_nopredict_8	PdV_kernel_nopredict
6431	0.000361557	471982080	ops_par_loop_flux_calc_kernelx_9	flux_calc_kernelx
6432	0.000356367	471982080	ops_par_loop_flux_calc_kernely_10	flux_calc_kernely
6433	0.000024176	553536	ops_par_loop_group_9	update_halo_kernel1_b2+update_halo_kernel4_minus_4_a
6434	0.000021742	553536	ops_par_loop_group_10	update_halo_kernel1_b1+update_halo_kernel4_minus_2_a
6435	0.000020479	246080	ops_par_loop_group_11	update_halo_kernel3_plus_4_a+update_halo_kernel2_xvel_plus_4_a
6436	0.000018916	246080	ops_par_loop_group_12	update_halo_kernel3_plus_2_a+update_halo_kernel2_xvel_plus_2_a
6437	0.000018064	123008	ops_par_loop_update_halo_kernel4_minus_4_b_29	update_halo_kernel4_minus_4_b
6438	0.000021882	553536	ops_par_loop_group_14	update_halo_kernel1_t2+update_halo_kernel4_minus_2_b
6439	0.000020609	430528	ops_par_loop_update_halo_kernel1_t1_14	update_halo_kernel1_t1
6440	0.000019297	246080	ops_par_loop_group_16	update_halo_kernel2_xvel_plus_4_b+update_halo_kernel2_yvel_minus_4_b
6441	0.000018946	246080	ops_par_loop_group_17	update_halo_kernel3_plus_4_b+update_halo_kernel2_xvel_plus_2_b
6442	0.000018365	123040	ops_par_loop_update_halo_kernel3_plus_2_b_22	update_halo_kernel3_plus_2_b
6443	0.000026511	553536	ops_par_loop_group_19	update_halo_kernel1_l2+update_halo_kernel3_minus_4_a
6444	0.000022923	553536	ops_par_loop_group_20	update_halo_kernel1_l1+update_halo_kernel3_minus_2_a
6445	0.000019096	123008	ops_par_loop_update_halo_kernel3_minus_4_b_25	update_halo_kernel3_minus_4_b
6446	0.000025288	553536	ops_par_loop_group_22	update_halo_kernel1_r2+update_halo_kernel3_minus_2_b
6447	0.000022302	430528	ops_par_loop_update_halo_kernel1_r1_18	update_halo_kernel1_r1
6448	0.000021150	246080	ops_par_loop_group_24	update_halo_kernel4_plus_4_a+update_halo_kernel2_xvel_minus_4_a
6449	0.000020018	246080	ops_par_loop_group_25	update_halo_kernel4_plus_2_a+update_halo_kernel2_xvel_minus_2_a
6450	0.000018425	123040	ops_par_loop_update_halo_kernel2_yvel_minus_4_a_54	update_halo_kernel2_yvel_minus_4_a
6451	0.000017964	123040	ops_par_loop_update_halo_kernel2_yvel_minus_2_a_55	update_halo_kernel2_yvel_minus_2_a
6452	0.000017844	123040	ops_par_loop_update_halo_kernel2_yvel_minus_2_b_57	update_halo_kernel2_yvel_minus_2_b
6453	0.000020599	246080	ops_par_loop_group_29	update_halo_kernel2_xvel_minus_4_b+update_halo_kernel2_yvel_plus_4_b
6454	0.000020690	246080	ops_par_loop_group_30	update_halo_kernel4_plus_4_b+update_halo_kernel2_xvel_minus_2_b
6455	0.000018325	123040	ops_par_loop_update_halo_kernel4_plus_2_b_34	update_halo_kernel4_plus_2_b
6456	0.000562228	591053440	ops_par_loop_advec_cell_kernel1_ydir_35	advec_cell_kernel1_ydir
6457	0.000788057	708203544	ops_par_loop_advec_cell_kernel3_ydir_36	advec_cell_kernel3_ydir
6458	0.001476144	1533542400	ops_par_loop_advec_cell_kernel4_ydir_37	advec_cell_kernel4_ydir
6459	0.000022703	553536	ops_par_loop_group_35	update_halo_kernel1_b2+update_halo_kernel4_minus_4_a
6460	0.000021201	553536	ops_par_loop_group_36	update_halo_kernel1_b1+update_halo_kernel4_minus_2_a
6461	0.000018785	123008	ops_par_loop_update_halo_kernel4_minus_4_b_64	update_halo_kernel4_minus_4_b
6462	0.000021460	553536	ops_par_loop_group_38	update_halo_kernel1_t2+update_halo_kernel4_minus_2_b
6463	0.000021190	430528	ops_par_loop_update_halo_kernel1_t1_41	update_halo_kernel1_t1
6464	0.000023926	430528	ops_par_loop_update_halo_kernel1_l2_42	update_halo_kernel1_l2
6465	0.000021451	430528	ops_par_loop_update_halo_kernel1_l1_43	update_halo_kernel1_l1
6466	0.000022954	430528	ops_par_loop_update_halo_kernel1_r2_44	update_halo_kernel1_r2
6467	0.000021461	430528	ops_par_loop_update_halo_kernel1_r1_45	update_halo_kernel1_r1
6468	0.000021551	246080	ops_par_loop_group_44	update_halo_kernel2_yvel_plus_4_a+update_halo_kernel4_plus_4_a
6469	0.000019617	246080	ops_par_loop_group_45	update_halo_kernel2_yvel_plus_2_a+update_halo_kernel4_plus_2_a
6470	0.000020820	246080	ops_par_loop_group_46	update_halo_kernel2_yvel_plus_2_b+update_halo_kernel4_plus_4_b
6471	0.000019447	123040	ops_par_loop_update_halo_kernel4_plus_2_b_69	update_halo_kernel4_plus_2_b
6472	0.000561676	591053440	ops_par_loop_advec_mom_kernel_y1_70	advec_mom_kernel_y1
6473	0.000191053	236236864	ops_par_loop_advec_mom_kernel_mass_flux_y_71	advec_mom_kernel_mass_flux_y
6474	0.000531119	590438520	ops_par_loop_advec_mom_kernel_post_pre_advec_y_72	advec_mom_kernel_post_pre_advec_y
6475	0.000879380	472258640	ops_par_loop_advec_mom_kernel1_y_nonvector_73	advec_mom_kernel1_y_nonvector
6476	0.000451478	590131240	ops_par_loop_advec_mom_kernel2_y_74	advec_mom_kernel2_y
6477	0.000561346	591053440	ops_par_loop_advec_mom_kernel_y1_75	advec_mom_kernel_y1
6478	0.000192285	236236864	ops_par_loop_advec_mom_kernel_mass_flux_y_76	advec_mom_kernel_mass_flux_y
6479	0.000529676	590438520	ops_par_loop_advec_mom_kernel_post_pre_advec_y_77	advec_mom_kernel_post_pre_advec_y
6480	0.000873148	472258640	ops_par_loop_advec_mom_kernel1_y_nonvector_78	advec_mom_kernel1_y_nonvector
6481	0.000449294	590131240	ops_par_loop_advec_mom_kernel2_y_79	advec_mom_kernel2_y
6482	0.000490893	472842752	ops_par_loop_advec_cell_kernel2_xdir_80	advec_cell_kernel2_xdir
6483	0.000772958	708203544	ops_par_loop_advec_cell_kernel3_xdir_81	advec_cell_kernel3_xdir
6484	0.001458761	1533542400	ops_par_loop_advec_cell_kernel4_xdir_82	advec_cell_kernel4_xdir
6485	0.000023084	553536	ops_par_loop_group_61	update_halo_kernel1_b2+update_halo_kernel4_minus_4_a
6486	0.000021420	553536	ops_par_loop_group_62	update_halo_kernel1_b1+update_halo_kernel4_minus_2_a
6487	0.000020679	246080	ops_par_loop_group_63	update_halo_kernel2_xvel_plus_4_a+update_halo_kernel2_yvel_minus_4_a
6488	0.000020128	246080	ops_par_loop_group_64	update_halo_kernel2_xvel_plus_2_a+update_halo_kernel2_yvel_minus_2_a
6489	0.000019317	246080	ops_par_loop_group_65	update_halo_kernel2_xvel_plus_4_b+update_halo_kernel2_yvel_minus_4_b
6490	0.000019377	246080	ops_par_loop_group_66	update_halo_kernel2_xvel_plus_2_b+update_halo_kernel2_yvel_minus_2_b
6491	0.000021751	246080	ops_par_loop_group_67	update_halo_kernel2_xvel_minus_4_a+update_halo_kernel2_yvel_plus_4_a
6492	0.000019738	246080	ops_par_loop_group_68	update_halo_kernel2_xvel_minus_2_a+update_halo_kernel2_yvel_plus_2_a
6493	0.000022263	246080	ops_par_loop_group_69	update_halo_kernel2_xvel_minus_4_b+update_halo_kernel2_yvel_plus_4_b
6494	0.000021311	246080	ops_par_loop_group_70	update_halo_kernel2_xvel_minus_2_b+update_halo_kernel2_yvel_plus_2_b
6495	0.000020689	123040	ops_par_loop_update_halo_kernel3_plus_4_a_107	update_halo_kernel3_plus_4_a
6496	0.000018866	123040	ops_par_loop_update_halo_kernel3_plus_2_a_108	update_halo_kernel3_plus_2_a
6497	0.000018365	123040	ops_par_loop_update_halo_kernel3_plus_4_b_109	update_halo_kernel3_plus_4_b
6498	0.000018826	123040	ops_par_loop_update_halo_kernel3_plus_2_b_110	update_halo_kernel3_plus_2_b
6499	0.000020258	123008	ops_par_loop_update_halo_kernel3_minus_4_b_113	update_halo_kernel3_minus_4_b
6500	0.000017854	123008	ops_par_loop_update_halo_kernel4_minus_4_b_117	update_halo_kernel4_minus_4_b
6501	0.000020749	553536	ops_par_loop_group_77	update_halo_kernel1_t2+update_halo_kernel4_minus_2_b
6502	0.000020198	430528	ops_par_loop_update_halo_kernel1_t1_86	update_halo_kernel1_t1
6503	0.000026741	553536	ops_par_loop_group_79	update_halo_kernel1_l2+update_halo_kernel3_minus_4_a
6504	0.000023425	553536	ops_par_loop_group_80	update_halo_kernel1_l1+update_halo_kernel3_minus_2_a
6505	0.000024457	553536	ops_par_loop_group_81	update_halo_kernel1_r2+update_halo_kernel3_minus_2_b
6506	0.000021932	430528	ops_par_loop_update_halo_kernel1_r1_90	update_halo_kernel1_r1
6507	0.000019938	123040	ops_par_loop_update_halo_kernel4_plus_4_a_119	update_halo_kernel4_plus_4_a
6508	0.000019006	123040	ops_par_loop_update_halo_kernel4_plus_2_a_120	update_halo_kernel4_plus_2_a
6509	0.000019307	123040	ops_par_loop_update_halo_kernel4_plus_4_b_121	update_halo_kernel4_plus_4_b
6510	0.000018736	123040	ops_par_loop_update_halo_kernel4_plus_2_b_122	update_halo_kernel4_plus_2_b
6511	0.001198626	944701952	ops_par_loop_group_87	advec_mom_kernel_x2+reset_field_kernel1
6512	0.000801182	708096064	ops_par_loop_group_88	advec_mom_kernel_mass_flux_x+ideal_gas_kernel
6513	0.000576455	590438520	ops_par_loop_advec_mom_kernel_post_pre_advec_x_125	advec_mom_kernel_post_pre_advec_x
6514	0.000882827	472258640	ops_par_loop_advec_mom_kernel1_x_nonvector_126	advec_mom_kernel1_x_nonvector
6515	0.000452069	590131240	ops_par_loop_advec_mom_kernel2_x_127	advec_mom_kernel2_x
6516	0.000497996	472842752	ops_par_loop_advec_mom_kernel_x2_128	advec_mom_kernel_x2
6517	0.000195231	236236864	ops_par_loop_advec_mom_kernel_mass_flux_x_129	advec_mom_kernel_mass_flux_x
6518	0.000574220	590438520	ops_par_loop_advec_mom_kernel_post_pre_advec_x_130	advec_mom_kernel_post_pre_advec_x
6519	0.000884019	472258640	ops_par_loop_advec_mom_kernel1_x_nonvector_131	advec_mom_kernel1_x_nonvector
6520	0.000730798	1062236232	ops_par_loop_group_96	advec_mom_kernel2_x+reset_field_kernel2
6521	0.000021571	430304	ops_par_loop_update_halo_kernel1_b1_136	update_halo_kernel1_b1
6522	0.000020710	430304	ops_par_loop_update_halo_kernel1_t1_137	update_halo_kernel1_t1
6523	0.000024406	430304	ops_par_loop_update_halo_kernel1_l1_138	update_halo_kernel1_l1
6524	0.000024276	430304	ops_par_loop_update_halo_kernel1_r1_139	update_halo_kernel1_r1
6525	0.000019888	245952	ops_par_loop_group_101	update_halo_kernel2_xvel_plus_2_a+update_halo_kernel2_yvel_minus_2_a
6526	0.000019346	245952	ops_par_loop_group_102	update_halo_kernel2_xvel_plus_2_b+update_halo_kernel2_yvel_minus_2_b
6527	0.000021891	245952	ops_par_loop_group_103	update_halo_kernel2_xvel_minus_2_a+update_halo_kernel2_yvel_plus_2_a
6528	0.000020840	245952	ops_par_loop_group_104	update_halo_kernel2_xvel_minus_2_b+update_halo_kernel2_yvel_plus_2_b
6529	0.001732791	589885440	ops_par_loop_viscosity_kernel_148	viscosity_kernel
6530	0.000022383	430304	ops_par_loop_update_halo_kernel1_b1_149	update_halo_kernel1_b1
6531	0.000020679	430304	ops_par_loop_update_halo_kernel1_t1_150	update_halo_kernel1_t1
6532	0.000023164	430304	ops_par_loop_update_halo_kernel1_l1_151	update_halo_kernel1_l1
6533	0.000022843	430304	ops_par_loop_update_halo_kernel1_r1_152	update_halo_kernel1_r1
6534	0.000917773	1061744640	ops_par_loop_calc_dt_kernel_153	calc_dt_kernel
6535	0.001484210	1887436800	ops_par_loop_group_0	PdV_kernel_predict+ideal_gas_kernel
6536	0.000023786	430304	ops_par_loop_update_halo_kernel1_b1_2	update_halo_kernel1_b1
6537	0.000021190	430304	ops_par_loop_update_halo_kernel1_t1_3	update_halo_kernel1_t1
6538	0.000023685	430304	ops_par_loop_update_halo_kernel1_l1_4	update_halo_kernel1_l1
6539	0.000024897	430304	ops_par_loop_update_halo_kernel1_r1_5	update_halo_kernel1_r1
6540	0.001555935	1770147928	ops_par_loop_group_5	revert_kernel+accelerate_kernel
6541	0.001356066	1651507200	ops_par_loop_PdV_kernel_nopredict_8	PdV_kernel_nopredict
6542	0.000361968	471982080	ops_par_loop_flux_calc_kernelx_9	flux_calc_kernelx
6543	0.000357660	471982080	ops_par_loop_flux_calc_kernely_10	flux_calc_kernely
6544	0.000022693	553536	ops_par_loop_group_9	update_halo_kernel1_b2+update_halo_kernel4_minus_4_a
6545	0.000020930	553536	ops_par_loop_group_10	update_halo_kernel1_b1+update_halo_kernel4_minus_2_a
6546	0.000019938	246080	ops_par_loop_group_11	update_halo_kernel3_plus_4_a+update_halo_kernel2_xvel_plus_4_a
6547	0.000019637	246080	ops_par_loop_group_12	update_halo_kernel3_plus_2_a+update_halo_kernel2_xvel_plus_2_a
6548	0.000018736	123008	ops_par_loop_update_halo_kernel4_minus_4_b_29	update_halo_kernel4_minus_4_b
6549	0.000021150	553536	ops_par_loop_group_14	update_halo_kernel1_t2+update_halo_kernel4_minus_2_b
6550	0.000020970	430528	ops_par_loop_update_halo_kernel1_t1_14	update_halo_kernel1_t1
6551	0.000019828	246080	ops_par_loop_group_16	update_halo_kernel2_xvel_plus_4_b+update_halo_kernel2_yvel_minus_4_b
6552	0.000019266	246080	ops_par_loop_group_17	update_halo_kernel3_plus_4_b+update_halo_kernel2_xvel_plus_2_b
6553	0.000018716	123040	ops_par_loop_update_halo_kernel3_plus_2_b_22	update_halo_kernel3_plus_2_b
6554	0.000026370	553536	ops_par_loop_group_19	update_halo_kernel1_l2+update_halo_kernel3_minus_4_a
6555	0.000024035	553536	ops_par_loop_group_20	update_halo_kernel1_l1+update_halo_kernel3_minus_2_a
6556	0.000019527	123008	ops_par_loop_update_halo_kernel3_minus_4_b_25	update_halo_kernel3_minus_4_b
6557	0.000027182	553536	ops_par_loop_group_22	update_halo_kernel1_r2+update_halo_kernel3_minus_2_b
6558	0.000022583	430528	ops_par_loop_update_halo_kernel1_r1_18	update_halo_kernel1_r1
6559	0.000022072	246080	ops_par_loop_group_24	update_halo_kernel4_plus_4_a+update_halo_kernel2_xvel_minus_4_a
6560	0.000019827	246080	ops_par_loop_group_25	update_halo_kernel4_plus_2_a+update_halo_kernel2_xvel_minus_2_a
6561	0.000018645	123040	ops_par_loop_update_halo_kernel2_yvel_minus_4_a_54	update_halo_kernel2_yvel_minus_4_a
6562	0.000017884	123040	ops_par_loop_update_halo_kernel2_yvel_minus_2_a_55	update_halo_kernel2_yvel_minus_2_a
6563	0.000018024	123040	ops_par_loop_update_halo_kernel2_yvel_minus_2_b_57	update_halo_kernel2_yvel_minus_2_b
6564	0.000021411	246080	ops_par_loop_group_29	update_halo_kernel2_xvel_minus_4_b+update_halo_kernel2_yvel_plus_4_b
6565	0.000021441	246080	ops_par_loop_group_30	update_halo_kernel4_plus_4_b+update_halo_kernel2_xvel_minus_2_b
6566	0.000018676	123040	ops_par_loop_update_halo_kernel4_plus_2_b_34	update_halo_kernel4_plus_2_b
6567	0.000565073	591053440	ops_par_loop_advec_cell_kernel1_xdir_35	advec_cell_kernel1_xdir
6568	0.000772898	708203544	ops_par_loop_advec_cell_kernel3_xdir_36	advec_cell_kernel3_xdir
6569	0.001458821	1533542400	ops_par_loop_advec_cell_kernel4_xdir_37	advec_cell_kernel4_xdir
6570	0.000022192	430528	ops_par_loop_update_halo_kernel1_b2_38	update_halo_kernel1_b2
6571	0.000020228	430528	ops_par_loop_update_halo_kernel1_b1_39	update_halo_kernel1_b1
6572	0.000020649	430528	ops_par_loop_update_halo_kernel1_t2_40	update_halo_kernel1_t2
6573	0.000021070	430528	ops_par_loop_update_halo_kernel1_t1_41	update_halo_kernel1_t1
6574	0.000019968	123040	ops_par_loop_update_halo_kernel3_plus_4_a_62	update_halo_kernel3_plus_4_a
6575	0.000019277	123040	ops_par_loop_update_halo_kernel3_plus_2_a_63	update_halo_kernel3_plus_2_a
6576	0.000018505	123040	ops_par_loop_update_halo_kernel3_plus_4_b_64	update_halo_kernel3_plus_4_b
6577	0.000017784	123040	ops_par_loop_update_halo_kernel3_plus_2_b_65	update_halo_kernel3_plus_2_b
6578	0.000026340	553536	ops_par_loop_group_43	update_halo_kernel1_l2+update_halo_kernel3_minus_4_a
6579	0.000024056	553536	ops_par_loop_group_44	update_halo_kernel1_l1+update_halo_kernel3_minus_2_a
6580	0.000019578	123008	ops_par_loop_update_halo_kernel3_minus_4_b_68	update_halo_kernel3_minus_4_b
6581	0.000024777	553536	ops_par_loop_group_46	update_halo_kernel1_r2+update_halo_kernel3_minus_2_b
6582	0.000022142	430528	ops_par_loop_update_halo_kernel1_r1_45	update_halo_kernel1_r1
6583	0.000570062	591053440	ops_par_loop_advec_mom_kernel_x1_70	advec_mom_kernel_x1
6584	0.000195581	236236864	ops_par_loop_advec_mom_kernel_mass_flux_x_71	advec_mom_kernel_mass_flux_x
6585	0.000575533	590438520	ops_par_loop_advec_mom_kernel_post_pre_advec_x_72	advec_mom_kernel_post_pre_advec_x
6586	0.000882146	472258640	ops_par_loop_advec_mom_kernel1_x_nonvector_73	advec_mom_kernel1_x_nonvector
6587	0.000445797	590131240	ops_par_loop_advec_mom_kernel2_x_74	advec_mom_kernel2_x
6588	0.000563170	591053440	ops_par_loop_advec_mom_kernel_x1_75	advec_mom_kernel_x1
6589	0.000194480	236236864	ops_par_loop_advec_mom_kernel_mass_flux_x_76	advec_mom_kernel_mass_flux_x
6590	0.000573810	590438520	ops_par_loop_advec_mom_kernel_post_pre_advec_x_77	advec_mom_kernel_post_pre_advec_x
6591	0.000021561	246080	ops_par_loop_group_56	update_halo_kernel2_xvel_plus_4_a+update_halo_kernel3_plus_4_a
6592	0.000019467	246080	ops_par_loop_group_57	update_halo_kernel2_xvel_plus_2_a+update_halo_kernel3_plus_2_a
6593	0.000018685	123040	ops_par_loop_update_halo_kernel2_xvel_plus_4_b_93	update_halo_kernel2_xvel_plus_4_b
6594	0.000019517	246080	ops_par_loop_group_59	update_halo_kernel2_xvel_plus_2_b+update_halo_kernel3_plus_4_b
6595	0.000021952	246080	ops_par_loop_group_60	update_halo_kernel2_yvel_plus_4_a+update_halo_kernel2_xvel_minus_4_a
6596	0.000019858	246080	ops_par_loop_group_61	update_halo_kernel2_yvel_plus_2_a+update_halo_kernel2_xvel_minus_2_a
6597	0.000018706	123040	ops_par_loop_update_halo_kernel2_xvel_minus_4_b_97	update_halo_kernel2_xvel_minus_4_b
6598	0.000021100	246080	ops_par_loop_group_63	update_halo_kernel2_yvel_plus_2_b+update_halo_kernel2_xvel_minus_2_b
6599	0.000883578	472258640	ops_par_loop_advec_mom_kernel1_x_nonvector_78	advec_mom_kernel1_x_nonvector
6600	0.000454894	590131240	ops_par_loop_advec_mom_kernel2_x_79	advec_mom_kernel2_x
6601	0.000498787	472842752	ops_par_loop_advec_cell_kernel2_ydir_80	advec_cell_kernel2_ydir
6602	0.000788338	708203544	ops_par_loop_advec_cell_kernel3_ydir_81	advec_cell_kernel3_ydir
6603	0.001470453	1533542400	ops_par_loop_advec_cell_kernel4_ydir_82	advec_cell_kernel4_ydir
6604	0.000024005	553536	ops_par_loop_group_69	update_halo_kernel1_b2+update_halo_kernel4_minus_4_a
6605	0.000021450	553536	ops_par_loop_group_70	update_halo_kernel1_b1+update_halo_kernel4_minus_2_a
6606	0.000018916	123040	ops_par_loop_update_halo_kernel2_yvel_minus_4_a_99	update_halo_kernel2_yvel_minus_4_a
6607	0.000018145	123040	ops_par_loop_update_halo_kernel2_yvel_minus_2_a_100	update_halo_kernel2_yvel_minus_2_a
6608	0.000017884	123040	ops_par_loop_update_halo_kernel2_yvel_minus_4_b_101	update_halo_kernel2_yvel_minus_4_b
6609	0.000019387	123040	ops_par_loop_update_halo_kernel2_yvel_minus_2_b_102	update_halo_kernel2_yvel_minus_2_b
6610	0.000020428	123040	ops_par_loop_update_halo_kernel2_yvel_plus_4_b_105	update_halo_kernel2_yvel_plus_4_b
6611	0.000019457	123040	ops_par_loop_update_halo_kernel3_plus_2_b_110	update_halo_kernel3_plus_2_b
6612	0.000019127	123008	ops_par_loop_update_halo_kernel3_minus_4_b_113	update_halo_kernel3_minus_4_b
6613	0.000018175	123008	ops_par_loop_update_halo_kernel4_minus_4_b_117	update_halo_kernel4_minus_4_b
6614	0.000021721	553536	ops_par_loop_group_79	update_halo_kernel1_t2+update_halo_kernel4_minus_2_b
6615	0.000020148	430528	ops_par_loop_update_halo_kernel1_t1_86	update_halo_kernel1_t1
6616	0.000030749	553536	ops_par_loop_group_81	update_halo_kernel1_l2+update_halo_kernel3_minus_4_a
6617	0.000023605	553536	ops_par_loop_group_82	update_halo_kernel1_l1+update_halo_kernel3_minus_2_a
6618	0.000024597	553536	ops_par_loop_group_83	update_halo_kernel1_r2+update_halo_kernel3_minus_2_b
6619	0.000022793	430528	ops_par_loop_update_halo_kernel1_r1_90	update_halo_kernel1_r1
6620	0.000023224	246080	ops_par_loop_group_85	update_halo_kernel2_yvel_plus_4_a+update_halo_kernel4_plus_4_a
6621	0.000019457	246080	ops_par_loop_group_86	update_halo_kernel2_yvel_plus_2_a+update_halo_kernel4_plus_2_a
6622	0.000020649	246080	ops_par_loop_group_87	update_halo_kernel2_yvel_plus_2_b+update_halo_kernel4_plus_4_b
6623	0.000020419	123040	ops_par_loop_update_halo_kernel4_plus_2_b_122	update_halo_kernel4_plus_2_b
6624	0.001195210	944701952	ops_par_loop_group_89	advec_mom_kernel_y2+reset_field_kernel1
6625	0.000736169	708096064	ops_par_loop_group_90	advec_mom_kernel_mass_flux_y+ideal_gas_kernel
6626	0.000532000	590438520	ops_par_loop_advec_mom_kernel_post_pre_advec_y_125	advec_mom_kernel_post_pre_advec_y
6627	0.000878028	472258640	ops_par_loop_advec_mom_kernel1_y_nonvector_126	advec_mom_kernel1_y_nonvector
6628	0.000445025	590131240	ops_par_loop_advec_mom_kernel2_y_127	advec_mom_kernel2_y
6629	0.000489720	472842752	ops_par_loop_advec_mom_kernel_y2_128	advec_mom_kernel_y2
6630	0.000192536	236236864	ops_par_loop_advec_mom_kernel_mass_flux_y_129	advec_mom_kernel_mass_flux_y
6631	0.000533974	590438520	ops_par_loop_advec_mom_kernel_post_pre_advec_y_130	advec_mom_kernel_post_pre_advec_y
6632	0.000873489	472258640	ops_par_loop_advec_mom_kernel1_y_nonvector_131	advec_mom_kernel1_y_nonvector
6633	0.000735206	1062236232	ops_par_loop_group_98	advec_mom_kernel2_y+reset_field_kernel2
6634	0.000022082	430304	ops_par_loop_update_halo_kernel1_b1_136	update_halo_kernel1_b1
6635	0.000020459	430304	ops_par_loop_update_halo_kernel1_t1_137	update_halo_kernel1_t1
6636	0.000024316	430304	ops_par_loop_update_halo_kernel1_l1_138	update_halo_kernel1_l1
6637	0.000024326	430304	ops_par_loop_update_halo_kernel1_r1_139	update_halo_kernel1_r1
6638	0.000019507	245952	ops_par_loop_group_103	update_halo_kernel2_xvel_plus_2_a+update_halo_kernel2_yvel_minus_2_a
6639	0.000019216	245952	ops_par_loop_group_104	update_halo_kernel2_xvel_plus_2_b+update_halo_kernel2_yvel_minus_2_b
6640	0.000021130	245952	ops_par_loop_group_105	update_halo_kernel2_xvel_minus_2_a+update_halo_kernel2_yvel_plus_2_a
6641	0.000021050	245952	ops_par_loop_group_106	update_halo_kernel2_xvel_minus_2_b+update_halo_kernel2_yvel_plus_2_b
6642	0.001731549	589885440	ops_par_loop_viscosity_kernel_148	viscosity_kernel
6643	0.000021541	430304	ops_par_loop_update_halo_kernel1_b1_149	update_halo_kernel1_b1
6644	0.000020739	430304	ops_par_loop_update_halo_kernel1_t1_150	update_halo_kernel1_t1
6645	0.000023585	430304	ops_par_loop_update_halo_kernel1_l1_151	update_halo_kernel1_l1
6646	0.000023314	430304	ops_par_loop_update_halo_kernel1_r1_152	update_halo_kernel1_r1
6647	0.000916642	1061744640	ops_par_loop_calc_dt_kernel_153	calc_dt_kernel
6648	0.001486813	1887436800	ops_par_loop_group_0	PdV_kernel_predict+ideal_gas_kernel
6649	0.000022513	430304	ops_par_loop_update_halo_kernel1_b1_2	update_halo_kernel1_b1
6650	0.000019567	430304	ops_par_loop_update_halo_kernel1_t1_3	update_halo_kernel1_t1
6651	0.000024447	430304	ops_par_loop_update_halo_kernel1_l1_4	update_halo_kernel1_l1
6652	0.000024416	430304	ops_par_loop_update_halo_kernel1_r1_5	update_halo_kernel1_r1
6653	0.001555355	1770147928	ops_par_loop_group_5	revert_kernel+accelerate_kernel
6654	0.001358610	1651507200	ops_par_loop_PdV_kernel_nopredict_8	PdV_kernel_nopredict
6655	0.000361687	471982080	ops_par_loop_flux_calc_kernelx_9	flux_calc_kernelx
6656	0.000366947	471982080	ops_par_loop_flux_calc_kernely_10	flux_calc_kernely
6657	0.000021841	553536	ops_par_loop_group_9	update_halo_kernel1_b2+update_halo_kernel4_minus_4_a
6658	0.000020850	553536	ops_par_loop_group_10	update_halo_kernel1_b1+update_halo_kernel4_minus_2_a
6659	0.000019738	246080	ops_par_loop_group_11	update_halo_kernel3_plus_4_a+update_halo_kernel2_xvel_plus_4_a
6660	0.000019186	246080	ops_par_loop_group_12	update_halo_kernel3_plus_2_a+update_halo_kernel2_xvel_plus_2_a
6661	0.000018906	123008	ops_par_loop_update_halo_kernel4_minus_4_b_29	update_halo_kernel4_minus_4_b
6662	0.000021380	553536	ops_par_loop_group_14	update_halo_kernel1_t2+update_halo_kernel4_minus_2_b
6663	0.000020989	430528	ops_par_loop_update_halo_kernel1_t1_14	update_halo_kernel1_t1
6664	0.000019607	246080	ops_par_loop_group_16	update_halo_kernel2_xvel_plus_4_b+update_halo_kernel2_yvel_minus_4_b
6665	0.000019036	246080	ops_par_loop_group_17	update_halo_kernel3_plus_4_b+update_halo_kernel2_xvel_plus_2_b
6666	0.000018866	123040	ops_par_loop_update_halo_kernel3_plus_2_b_22	update_halo_kernel3_plus_2_b
6667	0.000025759	553536	ops_par_loop_group_19	update_halo_kernel1_l2+update_halo_kernel3_minus_4_a
6668	0.000023384	553536	ops_par_loop_group_20	update_halo_kernel1_l1+update_halo_kernel3_minus_2_a
6669	0.000019277	123008	ops_par_loop_update_halo_kernel3_minus_4_b_25	update_halo_kernel3_minus_4_b
6670	0.000024437	553536	ops_par_loop_group_22	update_halo_kernel1_r2+update_halo_kernel3_minus_2_b
6671	0.000022422	430528	ops_par_loop_update_halo_kernel1_r1_18	update_halo_kernel1_r1
6672	0.000021190	246080	ops_par_loop_group_24	update_halo_kernel4_plus_4_a+update_halo_kernel2_xvel_minus_4_a
6673	0.000020028	246080	ops_par_loop_group_25	update_halo_kernel4_plus_2_a+update_halo_kernel2_xvel_minus_2_a
6674	0.000018695	123040	ops_par_loop_update_halo_kernel2_yvel_minus_4_a_54	update_halo_kernel2_yvel_minus_4_a
6675	0.000018235	123040	ops_par_loop_update_halo_kernel2_yvel_minus_2_a_55	update_halo_kernel2_yvel_minus_2_a
6676	0.000017373	123040	ops_par_loop_update_halo_kernel2_yvel_minus_2_b_57	update_halo_kernel2_yvel_minus_2_b
6677	0.000020879	246080	ops_par_loop_group_29	update_halo_kernel2_xvel_minus_4_b+update_halo_kernel2_yvel_plus_4_b
6678	0.000020960	246080	ops_par_loop_group_30	update_halo_kernel4_plus_4_b+update_halo_kernel2_xvel_minus_2_b
6679	0.000018355	123040	ops_par_loop_update_halo_kernel4_plus_2_b_34	update_halo_kernel4_plus_2_b
6680	0.000561256	591053440	ops_par_loop_advec_cell_kernel1_ydir_35	advec_cell_kernel1_ydir
6681	0.000787136	708203544	ops_par_loop_advec_cell_kernel3_ydir_36	advec_cell_kernel3_ydir
6682	0.001469251	1533542400	ops_par_loop_advec_cell_kernel4_ydir_37	advec_cell_kernel4_ydir
6683	0.000022493	553536	ops_par_loop_group_35	update_halo_kernel1_b2+update_halo_kernel4_minus_4_a
6684	0.000020840	553536	ops_par_loop_group_36	update_halo_kernel1_b1+update_halo_kernel4_minus_2_a
6685	0.000018936	123008	ops_par_loop_update_halo_kernel4_minus_4_b_64	update_halo_kernel4_minus_4_b
6686	0.000022022	553536	ops_par_loop_group_38	update_halo_kernel1_t2+update_halo_kernel4_minus_2_b
6687	0.000020999	430528	ops_par_loop_update_halo_kernel1_t1_41	update_halo_kernel1_t1
6688	0.000024075	430528	ops_par_loop_update_halo_kernel1_l2_42	update_halo_kernel1_l2
6689	0.000021491	430528	ops_par_loop_update_halo_kernel1_l1_43	update_halo_kernel1_l1
6690	0.000024456	430528	ops_par_loop_update_halo_kernel1_r2_44	update_halo_kernel1_r2
6691	0.000021681	430528	ops_par_loop_update_halo_kernel1_r1_45	update_halo_kernel1_r1
6692	0.000021330	246080	ops_par_loop_group_44	update_halo_kernel2_yvel_plus_4_a+update_halo_kernel4_plus_4_a
6693	0.000020419	246080	ops_par_loop_group_45	update_halo_kernel2_yvel_plus_2_a+update_halo_kernel4_plus_2_a
6694	0.000022092	246080	ops_par_loop_group_46	update_halo_kernel2_yvel_plus_2_b+update_halo_kernel4_plus_4_b
6695	0.000018876	123040	ops_par_loop_update_halo_kernel4_plus_2_b_69	update_halo_kernel4_plus_2_b
6696	0.000563771	591053440	ops_par_loop_advec_mom_kernel_y1_70	advec_mom_kernel_y1
6697	0.000198056	236236864	ops_par_loop_advec_mom_kernel_mass_flux_y_71	advec_mom_kernel_mass_flux_y
6698	0.000533083	590438520	ops_par_loop_advec_mom_kernel_post_pre_advec_y_72	advec_mom_kernel_post_pre_advec_y
6699	0.000877807	472258640	ops_par_loop_advec_mom_kernel1_y_nonvector_73	advec_mom_kernel1_y_nonvector
6700	0.000448742	590131240	ops_par_loop_advec_mom_kernel2_y_74	advec_mom_kernel2_y
6701	0.000560996	591053440	ops_par_loop_advec_mom_kernel_y1_75	advec_mom_kernel_y1
6702	0.000191534	236236864	ops_par_loop_advec_mom_kernel_mass_flux_y_76	advec_mom_kernel_mass_flux_y
6703	0.000531800	590438520	ops_par_loop_advec_mom_kernel_post_pre_advec_y_77	advec_mom_kernel_post_pre_advec_y
6704	0.000873288	472258640	ops_par_loop_advec_mom_kernel1_y_nonvector_78	advec_mom_kernel1_y_nonvector
6705	0.000453531	590131240	ops_par_loop_advec_mom_kernel2_y_79	advec_mom_kernel2_y
6706	0.000491614	472842752	ops_par_loop_advec_cell_kernel2_xdir_80	advec_cell_kernel2_xdir
6707	0.000773599	708203544	ops_par_loop_advec_cell_kernel3_xdir_81	advec_cell_kernel3_xdir
6708	0.001462428	1533542400	ops_par_loop_advec_cell_kernel4_xdir_82	advec_cell_kernel4_xdir
6709	0.000030087	553536	ops_par_loop_group_61	update_halo_kernel1_b2+update_halo_kernel4_minus_4_a
6710	0.000024356	553536	ops_par_loop_group_62	update_halo_kernel1_b1+update_halo_kernel4_minus_2_a
6711	0.000023344	246080	ops_par_loop_group_63	update_halo_kernel2_xvel_plus_4_a+update_halo_kernel2_yvel_minus_4_a
6712	0.000022222	246080	ops_par_loop_group_64	update_halo_kernel2_xvel_plus_2_a+update_halo_kernel2_yvel_minus_2_a
6713	0.000020749	246080	ops_par_loop_group_65	update_halo_kernel2_xvel_plus_4_b+update_halo_kernel2_yvel_minus_4_b
6714	0.000020669	246080	ops_par_loop_group_66	update_halo_kernel2_xvel_plus_2_b+update_halo_kernel2_yvel_minus_2_b
6715	0.000022012	246080	ops_par_loop_group_67	update_halo_kernel2_xvel_minus_4_a+update_halo_kernel2_yvel_plus_4_a
6716	0.000021561	246080	ops_par_loop_group_68	update_halo_kernel2_xvel_minus_2_a+update_halo_kernel2_yvel_plus_2_a
6717	0.000022021	246080	ops_par_loop_group_69	update_halo_kernel2_xvel_minus_4_b+update_halo_kernel2_yvel_plus_4_b
6718	0.000021170	246080	ops_par_loop_group_70	update_halo_kernel2_xvel_minus_2_b+update_halo_kernel2_yvel_plus_2_b
6719	0.000019557	123040	ops_par_loop_update_halo_kernel3_plus_4_a_107	update_halo_kernel3_plus_4_a
6720	0.000019407	123040	ops_par_loop_update_halo_kernel3_plus_2_a_108	update_halo_kernel3_plus_2_a
6721	0.000018966	123040	ops_par_loop_update_halo_kernel3_plus_4_b_109	update_halo_kernel3_plus_4_b
6722	0.000018314	123040	ops_par_loop_update_halo_kernel3_plus_2_b_110	update_halo_kernel3_plus_2_b
6723	0.000019998	123008	ops_par_loop_update_halo_kernel3_minus_4_b_113	update_halo_kernel3_minus_4_b
6724	0.000017703	123008	ops_par_loop_update_halo_kernel4_minus_4_b_117	update_halo_kernel4_minus_4_b
6725	0.000021521	553536	ops_par_loop_group_77	update_halo_kernel1_t2+update_halo_kernel4_minus_2_b
6726	0.000020268	430528	ops_par_loop_update_halo_kernel1_t1_86	update_halo_kernel1_t1
6727	0.000029777	553536	ops_par_loop_group_79	update_halo_kernel1_l2+update_halo_kernel3_minus_4_a
6728	0.000025268	553536	ops_par_loop_group_80	update_halo_kernel1_l1+update_halo_kernel3_minus_2_a
6729	0.000026531	553536	ops_par_loop_group_81	update_halo_kernel1_r2+update_halo_kernel3_minus_2_b
6730	0.000023084	430528	ops_par_loop_update_halo_kernel1_r1_90	update_halo_kernel1_r1
6731	0.000021350	123040	ops_par_loop_update_halo_kernel4_plus_4_a_119	update_halo_kernel4_plus_4_a
6732	0.000022292	123040	ops_par_loop_update_halo_kernel4_plus_2_a_120	update_halo_kernel4_plus_2_a
6733	0.000021641	123040	ops_par_loop_update_halo_kernel4_plus_4_b_121	update_halo_kernel4_plus_4_b
6734	0.000021370	123040	ops_par_loop_update_halo_kernel4_plus_2_b_122	update_halo_kernel4_plus_2_b
6735	0.001202374	944701952	ops_par_loop_group_87	advec_mom_kernel_x2+reset_field_kernel1
6736	0.000801873	708096064	ops_par_loop_group_88	advec_mom_kernel_mass_flux_x+ideal_gas_kernel
6737	0.000576064	590438520	ops_par_loop_advec_mom_kernel_post_pre_advec_x_125	advec_mom_kernel_post_pre_advec_x
6738	0.000883588	472258640	ops_par_loop_advec_mom_kernel1_x_nonvector_126	advec_mom_kernel1_x_nonvector
6739	0.000445806	590131240	ops_par_loop_advec_mom_kernel2_x_127	advec_mom_kernel2_x
6740	0.000498487	472842752	ops_par_loop_advec_mom_kernel_x2_128	advec_mom_kernel_x2
6741	0.000195211	236236864	ops_par_loop_advec_mom_kernel_mass_flux_x_129	advec_mom_kernel_mass_flux_x
6742	0.000573069	590438520	ops_par_loop_advec_mom_kernel_post_pre_advec_x_130	advec_mom_kernel_post_pre_advec_x
6743	0.000884039	472258640	ops_par_loop_advec_mom_kernel1_x_nonvector_131	advec_mom_kernel1_x_nonvector
6744	0.000733072	1062236232	ops_par_loop_group_96	advec_mom_kernel2_x+reset_field_kernel2
6745	0.000489350	471859200	ops_par_loop_ideal_gas_kernel_0	ideal_gas_kernel
6746	0.000023925	430304	ops_par_loop_update_halo_kernel1_b1_1	update_halo_kernel1_b1
6747	0.000022833	430304	ops_par_loop_update_halo_kernel1_t1_2	update_halo_kernel1_t1
6748	0.000024497	430304	ops_par_loop_update_halo_kernel1_l1_3	update_halo_kernel1_l1
6749	0.000024407	430304	ops_par_loop_update_halo_kernel1_r1_4	update_halo_kernel1_r1
6750	0.000019578	245952	ops_par_loop_group_5	update_halo_kernel2_xvel_plus_2_a+update_halo_kernel2_yvel_minus_2_a
6751	0.000020208	245952	ops_par_loop_group_6	update_halo_kernel2_xvel_plus_2_b+update_halo_kernel2_yvel_minus_2_b
6752	0.000020859	245952	ops_par_loop_group_7	update_halo_kernel2_xvel_minus_2_a+update_halo_kernel2_yvel_plus_2_a
6753	0.000021601	245952	ops_par_loop_group_8	update_halo_kernel2_xvel_minus_2_b+update_halo_kernel2_yvel_plus_2_b
6754	0.001668269	589885440	ops_par_loop_viscosity_kernel_13	viscosity_kernel
6755	0.000020259	430304	ops_par_loop_update_halo_kernel1_b1_14	update_halo_kernel1_b1
6756	0.000019116	430304	ops_par_loop_update_halo_kernel1_t1_15	update_halo_kernel1_t1
6757	0.000022623	430304	ops_par_loop_update_halo_kernel1_l1_16	update_halo_kernel1_l1
6758	0.000022162	430304	ops_par_loop_update_halo_kernel1_r1_17	update_halo_kernel1_r1
6759	0.000882927	1061744640	ops_par_loop_calc_dt_kernel_18	calc_dt_kernel
6760	0.001429124	1887436800	ops_par_loop_group_0	PdV_kernel_predict+ideal_gas_kernel
6761	0.000021901	430304	ops_par_loop_update_halo_kernel1_b1_2	update_halo_kernel1_b1
6762	0.000019257	430304	ops_par_loop_update_halo_kernel1_t1_3	update_halo_kernel1_t1
6763	0.000022252	430304	ops_par_loop_update_halo_kernel1_l1_4	update_halo_kernel1_l1
6764	0.000023204	430304	ops_par_loop_update_halo_kernel1_r1_5	update_halo_kernel1_r1
6765	0.001480041	1770147928	ops_par_loop_group_5	revert_kernel+accelerate_kernel
6766	0.001282386	1651507200	ops_par_loop_PdV_kernel_nopredict_8	PdV_kernel_nopredict
6767	0.000356557	471982080	ops_par_loop_flux_calc_kernelx_9	flux_calc_kernelx
6768	0.000355545	471982080	ops_par_loop_flux_calc_kernely_10	flux_calc_kernely
6769	0.000021481	553536	ops_par_loop_group_9	update_halo_kernel1_b2+update_halo_kernel4_minus_4_a
6770	0.000020018	553536	ops_par_loop_group_10	update_halo_kernel1_b1+update_halo_kernel4_minus_2_a
6771	0.000019357	246080	ops_par_loop_group_11	update_halo_kernel3_plus_4_a+update_halo_kernel2_xvel_plus_4_a
6772	0.000018254	246080	ops_par_loop_group_12	update_halo_kernel3_plus_2_a+update_halo_kernel2_xvel_plus_2_a
6773	0.000018305	123008	ops_par_loop_update_halo_kernel4_minus_4_b_29	update_halo_kernel4_minus_4_b
6774	0.000019688	553536	ops_par_loop_group_14	update_halo_kernel1_t2+update_halo_kernel4_minus_2_b
6775	0.000019958	430528	ops_par_loop_update_halo_kernel1_t1_14	update_halo_kernel1_t1
6776	0.000018185	246080	ops_par_loop_group_16	update_halo_kernel2_xvel_plus_4_b+update_halo_kernel2_yvel_minus_4_b
6777	0.000018264	246080	ops_par_loop_group_17	update_halo_kernel3_plus_4_b+update_halo_kernel2_xvel_plus_2_b
6778	0.000017733	123040	ops_par_loop_update_halo_kernel3_plus_2_b_22	update_halo_kernel3_plus_2_b
6779	0.000025038	553536	ops_par_loop_group_19	update_halo_kernel1_l2+update_halo_kernel3_minus_4_a
6780	0.000021761	553536	ops_par_loop_group_20	update_halo_kernel1_l1+update_halo_kernel3_minus_2_a
6781	0.000018726	123008	ops_par_loop_update_halo_kernel3_minus_4_b_25	update_halo_kernel3_minus_4_b
6782	0.000022854	553536	ops_par_loop_group_22	update_halo_kernel1_r2+update_halo_kernel3_minus_2_b
6783	0.000020769	430528	ops_par_loop_update_halo_kernel1_r1_18	update_halo_kernel1_r1
6784	0.000019827	246080	ops_par_loop_group_24	update_halo_kernel4_plus_4_a+update_halo_kernel2_xvel_minus_4_a
6785	0.000018204	246080	ops_par_loop_group_25	update_halo_kernel4_plus_2_a+update_halo_kernel2_xvel_minus_2_a
6786	0.000017232	123040	ops_par_loop_update_halo_kernel2_yvel_minus_4_a_54	update_halo_kernel2_yvel_minus_4_a
6787	0.000017163	123040	ops_par_loop_update_halo_kernel2_yvel_minus_2_a_55	update_halo_kernel2_yvel_minus_2_a
6788	0.000017503	123040	ops_par_loop_update_halo_kernel2_yvel_minus_2_b_57	update_halo_kernel2_yvel_minus_2_b
6789	0.000019447	246080	ops_par_loop_group_29	update_halo_kernel2_xvel_minus_4_b+update_halo_kernel2_yvel_plus_4_b
6790	0.000019507	246080	ops_par_loop_group_30	update_halo_kernel4_plus_4_b+update_halo_kernel2_xvel_minus_2_b
6791	0.000017303	123040	ops_par_loop_update_halo_kernel4_plus_2_b_34	update_halo_kernel4_plus_2_b
6792	0.000522653	591053440	ops_par_loop_advec_cell_kernel1_xdir_35	advec_cell_kernel1_xdir
6793	0.000740657	708203544	ops_par_loop_advec_cell_kernel3_xdir_36	advec_cell_kernel3_xdir
6794	0.001401572	1533542400	ops_par_loop_advec_cell_kernel4_xdir_37	advec_cell_kernel4_xdir
6795	0.000020309	430528	ops_par_loop_update_halo_kernel1_b2_38	update_halo_kernel1_b2
6796	0.000019597	430528	ops_par_loop_update_halo_kernel1_b1_39	update_halo_kernel1_b1
6797	0.000018966	430528	ops_par_loop_update_halo_kernel1_t2_40	update_halo_kernel1_t2
6798	0.000019437	430528	ops_par_loop_update_halo_kernel1_t1_41	update_halo_kernel1_t1
6799	0.000018695	123040	ops_par_loop_update_halo_kernel3_plus_4_a_62	update_halo_kernel3_plus_4_a
6800	0.000018135	123040	ops_par_loop_update_halo_kernel3_plus_2_a_63	update_halo_kernel3_plus_2_a
6801	0.000017273	123040	ops_par_loop_update_halo_kernel3_plus_4_b_64	update_halo_kernel3_plus_4_b
6802	0.000017213	123040	ops_par_loop_update_halo_kernel3_plus_2_b_65	update_halo_kernel3_plus_2_b
6803	0.000025629	553536	ops_par_loop_group_43	update_halo_kernel1_l2+update_halo_kernel3_minus_4_a
6804	0.000022412	553536	ops_par_loop_group_44	update_halo_kernel1_l1+update_halo_kernel3_minus_2_a
6805	0.000018255	123008	ops_par_loop_update_halo_kernel3_minus_4_b_68	update_halo_kernel3_minus_4_b
6806	0.000047991	553536	ops_par_loop_group_46	update_halo_kernel1_r2+update_halo_kernel3_minus_2_b
6807	0.000022081	430528	ops_par_loop_update_halo_kernel1_r1_45	update_halo_kernel1_r1
6808	0.000522403	591053440	ops_par_loop_advec_mom_kernel_x1_70	advec_mom_kernel_x1
6809	0.000188227	236236864	ops_par_loop_advec_mom_kernel_mass_flux_x_71	advec_mom_kernel_mass_flux_x
6810	0.000533794	590438520	ops_par_loop_advec_mom_kernel_post_pre_advec_x_72	advec_mom_kernel_post_pre_advec_x
6811	0.000849654	472258640	ops_par_loop_advec_mom_kernel1_x_nonvector_73	advec_mom_kernel1_x_nonvector
6812	0.000451618	590131240	ops_par_loop_advec_mom_kernel2_x_74	advec_mom_kernel2_x
6813	0.000520860	591053440	ops_par_loop_advec_mom_kernel_x1_75	advec_mom_kernel_x1
6814	0.000191073	236236864	ops_par_loop_advec_mom_kernel_mass_flux_x_76	advec_mom_kernel_mass_flux_x
6815	0.000532451	590438520	ops_par_loop_advec_mom_kernel_post_pre_advec_x_77	advec_mom_kernel_post_pre_advec_x
6816	0.000019377	246080	ops_par_loop_group_56	update_halo_kernel2_xvel_plus_4_a+update_halo_kernel3_plus_4_a
6817	0.000018505	246080	ops_par_loop_group_57	update_halo_kernel2_xvel_plus_2_a+update_halo_kernel3_plus_2_a
6818	0.000017383	123040	ops_par_loop_update_halo_kernel2_xvel_plus_4_b_93	update_halo_kernel2_xvel_plus_4_b
6819	0.000018455	246080	ops_par_loop_group_59	update_halo_kernel2_xvel_plus_2_b+update_halo_kernel3_plus_4_b
6820	0.000020579	246080	ops_par_loop_group_60	update_halo_kernel2_yvel_plus_4_a+update_halo_kernel2_xvel_minus_4_a
6821	0.000019137	246080	ops_par_loop_group_61	update_halo_kernel2_yvel_plus_2_a+update_halo_kernel2_xvel_minus_2_a
6822	0.000020088	123040	ops_par_loop_update_halo_kernel2_xvel_minus_4_b_97	update_halo_kernel2_xvel_minus_4_b
6823	0.000019537	246080	ops_par_loop_group_63	update_halo_kernel2_yvel_plus_2_b+update_halo_kernel2_xvel_minus_2_b
6824	0.000848822	472258640	ops_par_loop_advec_mom_kernel1_x_nonvector_78	advec_mom_kernel1_x_nonvector
6825	0.000440246	590131240	ops_par_loop_advec_mom_kernel2_x_79	advec_mom_kernel2_x
6826	0.000461296	472842752	ops_par_loop_advec_cell_kernel2_ydir_80	advec_cell_kernel2_ydir
6827	0.000755645	708203544	ops_par_loop_advec_cell_kernel3_ydir_81	advec_cell_kernel3_ydir
6828	0.001408635	1533542400	ops_par_loop_advec_cell_kernel4_ydir_82	advec_cell_kernel4_ydir
6829	0.000023444	553536	ops_par_loop_group_69	update_halo_kernel1_b2+update_halo_kernel4_minus_4_a
6830	0.000020379	553536	ops_par_loop_group_70	update_halo_kernel1_b1+update_halo_kernel4_minus_2_a
6831	0.000018374	123040	ops_par_loop_update_halo_kernel2_yvel_minus_4_a_99	update_halo_kernel2_yvel_minus_4_a
6832	0.000017223	123040	ops_par_loop_update_halo_kernel2_yvel_minus_2_a_100	update_halo_kernel2_yvel_minus_2_a
6833	0.000017794	123040	ops_par_loop_update_halo_kernel2_yvel_minus_4_b_101	update_halo_kernel2_yvel_minus_4_b
6834	0.000017112	123040	ops_par_loop_update_halo_kernel2_yvel_minus_2_b_102	update_halo_kernel2_yvel_minus_2_b
6835	0.000019648	123040	ops_par_loop_update_halo_kernel2_yvel_plus_4_b_105	update_halo_kernel2_yvel_plus_4_b
6836	0.000018244	123040	ops_par_loop_update_halo_kernel3_plus_2_b_110	update_halo_kernel3_plus_2_b
6837	0.000018205	123008	ops_par_loop_update_halo_kernel3_minus_4_b_113	update_halo_kernel3_minus_4_b
6838	0.000017273	123008	ops_par_loop_update_halo_kernel4_minus_4_b_117	update_halo_kernel4_minus_4_b
6839	0.000021411	553536	ops_par_loop_group_79	update_halo_kernel1_t2+update_halo_kernel4_minus_2_b
6840	0.000019276	430528	ops_par_loop_update_halo_kernel1_t1_86	update_halo_kernel1_t1
6841	0.000025498	553536	ops_par_loop_group_81	update_halo_kernel1_l2+update_halo_kernel3_minus_4_a
6842	0.000021611	553536	ops_par_loop_group_82	update_halo_kernel1_l1+update_halo_kernel3_minus_2_a
6843	0.000023484	553536	ops_par_loop_group_83	update_halo_kernel1_r2+update_halo_kernel3_minus_2_b
6844	0.000020329	430528	ops_par_loop_update_halo_kernel1_r1_90	update_halo_kernel1_r1
6845	0.000020479	246080	ops_par_loop_group_85	update_halo_kernel2_yvel_plus_4_a+update_halo_kernel4_plus_4_a
6846	0.000018666	246080	ops_par_loop_group_86	update_halo_kernel2_yvel_plus_2_a+update_halo_kernel4_plus_2_a
6847	0.000019577	246080	ops_par_loop_group_87	update_halo_kernel2_yvel_plus_2_b+update_halo_kernel4_plus_4_b
6848	0.000017744	123040	ops_par_loop_update_halo_kernel4_plus_2_b_122	update_halo_kernel4_plus_2_b
6849	0.001134124	944701952	ops_par_loop_group_89	advec_mom_kernel_y2+reset_field_kernel1
6850	0.000718796	708096064	ops_par_loop_group_90	advec_mom_kernel_mass_flux_y+ideal_gas_kernel
6851	0.000492445	590438520	ops_par_loop_advec_mom_kernel_post_pre_advec_y_125	advec_mom_kernel_post_pre_advec_y
6852	0.000844564	472258640	ops_par_loop_advec_mom_kernel1_y_nonvector_126	advec_mom_kernel1_y_nonvector
6853	0.000443252	590131240	ops_par_loop_advec_mom_kernel2_y_127	advec_mom_kernel2_y
6854	0.000456277	472842752	ops_par_loop_advec_mom_kernel_y2_128	advec_mom_kernel_y2
6855	0.000189340	236236864	ops_par_loop_advec_mom_kernel_mass_flux_y_129	advec_mom_kernel_mass_flux_y
6856	0.000493658	590438520	ops_par_loop_advec_mom_kernel_post_pre_advec_y_130	advec_mom_kernel_post_pre_advec_y
6857	0.000840005	472258640	ops_par_loop_advec_mom_kernel1_y_nonvector_131	advec_mom_kernel1_y_nonvector
6858	0.000717824	1062236232	ops_par_loop_group_98	advec_mom_kernel2_y+reset_field_kernel2
6859	0.000020919	430304	ops_par_loop_update_halo_kernel1_b1_136	update_halo_kernel1_b1
6860	0.000019377	430304	ops_par_loop_update_halo_kernel1_t1_137	update_halo_kernel1_t1
6861	0.000023885	430304	ops_par_loop_update_halo_kernel1_l1_138	update_halo_kernel1_l1
6862	0.000023194	430304	ops_par_loop_update_halo_kernel1_r1_139	update_halo_kernel1_r1
6863	0.000018385	245952	ops_par_loop_group_103	update_halo_kernel2_xvel_plus_2_a+update_halo_kernel2_yvel_minus_2_a
6864	0.000019687	245952	ops_par_loop_group_104	update_halo_kernel2_xvel_plus_2_b+update_halo_kernel2_yvel_minus_2_b
6865	0.000020348	245952	ops_par_loop_group_105	update_halo_kernel2_xvel_minus_2_a+update_halo_kernel2_yvel_plus_2_a
6866	0.000020239	245952	ops_par_loop_group_106	update_halo_kernel2_xvel_minus_2_b+update_halo_kernel2_yvel_plus_2_b
6867	0.001665764	589885440	ops_par_loop_viscosity_kernel_148	viscosity_kernel
6868	0.000021050	430304	ops_par_loop_update_halo_kernel1_b1_149	update_halo_kernel1_b1
6869	0.000020820	430304	ops_par_loop_update_halo_kernel1_t1_150	update_halo_kernel1_t1
6870	0.000026932	430304	ops_par_loop_update_halo_kernel1_l1_151	update_halo_kernel1_l1
6871	0.000022142	430304	ops_par_loop_update_halo_kernel1_r1_152	update_halo_kernel1_r1
6872	0.000882336	1061744640	ops_par_loop_calc_dt_kernel_153	calc_dt_kernel
6873	0.001427581	1887436800	ops_par_loop_group_0	PdV_kernel_predict+ideal_gas_kernel
6874	0.000021922	430304	ops_par_loop_update_halo_kernel1_b1_2	update_halo_kernel1_b1
6875	0.000020939	430304	ops_par_loop_update_halo_kernel1_t1_3	update_halo_kernel1_t1
6876	0.000023495	430304	ops_par_loop_update_halo_kernel1_l1_4	update_halo_kernel1_l1
6877	0.000023404	430304	ops_par_loop_update_halo_kernel1_r1_5	update_halo_kernel1_r1
6878	0.001480833	1770147928	ops_par_loop_group_5	revert_kernel+accelerate_kernel
6879	0.001280893	1651507200	ops_par_loop_PdV_kernel_nopredict_8	PdV_kernel_nopredict
6880	0.000357069	471982080	ops_par_loop_flux_calc_kernelx_9	flux_calc_kernelx
6881	0.000354623	471982080	ops_par_loop_flux_calc_kernely_10	flux_calc_kernely
6882	0.000020479	553536	ops_par_loop_group_9	update_halo_kernel1_b2+update_halo_kernel4_minus_4_a
6883	0.000020529	553536	ops_par_loop_group_10	update_halo_kernel1_b1+update_halo_kernel4_minus_2_a
6884	0.000018645	246080	ops_par_loop_group_11	update_halo_kernel3_plus_4_a+update_halo_kernel2_xvel_plus_4_a
6885	0.000017844	246080	ops_par_loop_group_12	update_halo_kernel3_plus_2_a+update_halo_kernel2_xvel_plus_2_a
6886	0.000017513	123008	ops_par_loop_update_halo_kernel4_minus_4_b_29	update_halo_kernel4_minus_4_b
6887	0.000020389	553536	ops_par_loop_group_14	update_halo_kernel1_t2+update_halo_kernel4_minus_2_b
6888	0.000019648	430528	ops_par_loop_update_halo_kernel1_t1_14	update_halo_kernel1_t1
6889	0.000018315	246080	ops_par_loop_group_16	update_halo_kernel2_xvel_plus_4_b+update_halo_kernel2_yvel_minus_4_b
6890	0.000018174	246080	ops_par_loop_group_17	update_halo_kernel3_plus_4_b+update_halo_kernel2_xvel_plus_2_b
6891	0.000017975	123040	ops_par_loop_update_halo_kernel3_plus_2_b_22	update_halo_kernel3_plus_2_b
6892	0.000024246	553536	ops_par_loop_group_19	update_halo_kernel1_l2+update_halo_kernel3_minus_4_a
6893	0.000022142	553536	ops_par_loop_group_20	update_halo_kernel1_l1+update_halo_kernel3_minus_2_a
6894	0.000018214	123008	ops_par_loop_update_halo_kernel3_minus_4_b_25	update_halo_kernel3_minus_4_b
6895	0.000023505	553536	ops_par_loop_group_22	update_halo_kernel1_r2+update_halo_kernel3_minus_2_b
6896	0.000021070	430528	ops_par_loop_update_halo_kernel1_r1_18	update_halo_kernel1_r1
6897	0.000019998	246080	ops_par_loop_group_24	update_halo_kernel4_plus_4_a+update_halo_kernel2_xvel_minus_4_a
6898	0.000024306	246080	ops_par_loop_group_25	update_halo_kernel4_plus_2_a+update_halo_kernel2_xvel_minus_2_a
6899	0.000018084	123040	ops_par_loop_update_halo_kernel2_yvel_minus_4_a_54	update_halo_kernel2_yvel_minus_4_a
6900	0.000016702	123040	ops_par_loop_update_halo_kernel2_yvel_minus_2_a_55	update_halo_kernel2_yvel_minus_2_a
6901	0.000018466	123040	ops_par_loop_update_halo_kernel2_yvel_minus_2_b_57	update_halo_kernel2_yvel_minus_2_b
6902	0.000019317	246080	ops_par_loop_group_29	update_halo_kernel2_xvel_minus_4_b+update_halo_kernel2_yvel_plus_4_b
6903	0.000019426	246080	ops_par_loop_group_30	update_halo_kernel4_plus_4_b+update_halo_kernel2_xvel_minus_2_b
6904	0.000016972	123040	ops_par_loop_update_halo_kernel4_plus_2_b_34	update_halo_kernel4_plus_2_b
6905	0.000521010	591053440	ops_par_loop_advec_cell_kernel1_ydir_35	advec_cell_kernel1_ydir
6906	0.000755605	708203544	ops_par_loop_advec_cell_kernel3_ydir_36	advec_cell_kernel3_ydir
6907	0.001414527	1533542400	ops_par_loop_advec_cell_kernel4_ydir_37	advec_cell_kernel4_ydir
6908	0.000021381	553536	ops_par_loop_group_35	update_halo_kernel1_b2+update_halo_kernel4_minus_4_a
6909	0.000020249	553536	ops_par_loop_group_36	update_halo_kernel1_b1+update_halo_kernel4_minus_2_a
6910	0.000018054	123008	ops_par_loop_update_halo_kernel4_minus_4_b_64	update_halo_kernel4_minus_4_b
6911	0.000020429	553536	ops_par_loop_group_38	update_halo_kernel1_t2+update_halo_kernel4_minus_2_b
6912	0.000019798	430528	ops_par_loop_update_halo_kernel1_t1_41	update_halo_kernel1_t1
6913	0.000023865	430528	ops_par_loop_update_halo_kernel1_l2_42	update_halo_kernel1_l2
6914	0.000020038	430528	ops_par_loop_update_halo_kernel1_l1_43	update_halo_kernel1_l1
6915	0.000022783	430528	ops_par_loop_update_halo_kernel1_r2_44	update_halo_kernel1_r2
6916	0.000021170	430528	ops_par_loop_update_halo_kernel1_r1_45	update_halo_kernel1_r1
6917	0.000020198	246080	ops_par_loop_group_44	update_halo_kernel2_yvel_plus_4_a+update_halo_kernel4_plus_4_a
6918	0.000018956	246080	ops_par_loop_group_45	update_halo_kernel2_yvel_plus_2_a+update_halo_kernel4_plus_2_a
6919	0.000020138	246080	ops_par_loop_group_46	update_halo_kernel2_yvel_plus_2_b+update_halo_kernel4_plus_4_b
6920	0.000017533	123040	ops_par_loop_update_halo_kernel4_plus_2_b_69	update_halo_kernel4_plus_2_b
6921	0.000522883	591053440	ops_par_loop_advec_mom_kernel_y1_70	advec_mom_kernel_y1
6922	0.000188227	236236864	ops_par_loop_advec_mom_kernel_mass_flux_y_71	advec_mom_kernel_mass_flux_y
6923	0.000493818	590438520	ops_par_loop_advec_mom_kernel_post_pre_advec_y_72	advec_mom_kernel_post_pre_advec_y
6924	0.000844734	472258640	ops_par_loop_advec_mom_kernel1_y_nonvector_73	advec_mom_kernel1_y_nonvector
6925	0.000441378	590131240	ops_par_loop_advec_mom_kernel2_y_74	advec_mom_kernel2_y
6926	0.000520749	591053440	ops_par_loop_advec_mom_kernel_y1_75	advec_mom_kernel_y1
6927	0.000190452	236236864	ops_par_loop_advec_mom_kernel_mass_flux_y_76	advec_mom_kernel_mass_flux_y
6928	0.000494269	590438520	ops_par_loop_advec_mom_kernel_post_pre_advec_y_77	advec_mom_kernel_post_pre_advec_y
6929	0.000839355	472258640	ops_par_loop_advec_mom_kernel1_y_nonvector_78	advec_mom_kernel1_y_nonvector
6930	0.000442961	590131240	ops_par_loop_advec_mom_kernel2_y_79	advec_mom_kernel2_y
6931	0.000456317	472842752	ops_par_loop_advec_cell_kernel2_xdir_80	advec_cell_kernel2_xdir
6932	0.000741458	708203544	ops_par_loop_advec_cell_kernel3_xdir_81	advec_cell_kernel3_xdir
6933	0.001400540	1533542400	ops_par_loop_advec_cell_kernel4_xdir_82	advec_cell_kernel4_xdir
6934	0.000021611	553536	ops_par_loop_group_61	update_halo_kernel1_b2+update_halo_kernel4_minus_4_a
6935	0.000020760	553536	ops_par_loop_group_62	update_halo_kernel1_b1+update_halo_kernel4_minus_2_a
6936	0.000018405	246080	ops_par_loop_group_63	update_halo_kernel2_xvel_plus_4_a+update_halo_kernel2_yvel_minus_4_a
6937	0.000018385	246080	ops_par_loop_group_64	update_halo_kernel2_xvel_plus_2_a+update_halo_kernel2_yvel_minus_2_a
6938	0.000019307	246080	ops_par_loop_group_65	update_halo_kernel2_xvel_plus_4_b+update_halo_kernel2_yvel_minus_4_b
6939	0.000018075	246080	ops_par_loop_group_66	update_halo_kernel2_xvel_plus_2_b+update_halo_kernel2_yvel_minus_2_b
6940	0.000020309	246080	ops_par_loop_group_67	update_halo_kernel2_xvel_minus_4_a+update_halo_kernel2_yvel_plus_4_a
6941	0.000019446	246080	ops_par_loop_group_68	update_halo_kernel2_xvel_minus_2_a+update_halo_kernel2_yvel_plus_2_a
6942	0.000020108	246080	ops_par_loop_group_69	update_halo_kernel2_xvel_minus_4_b+update_halo_kernel2_yvel_plus_4_b
6943	0.000018785	246080	ops_par_loop_group_70	update_halo_kernel2_xvel_minus_2_b+update_halo_kernel2_yvel_plus_2_b
6944	0.000018395	123040	ops_par_loop_update_halo_kernel3_plus_4_a_107	update_halo_kernel3_plus_4_a
6945	0.000017493	123040	ops_par_loop_update_halo_kernel3_plus_2_a_108	update_halo_kernel3_plus_2_a
6946	0.000018024	123040	ops_par_loop_update_halo_kernel3_plus_4_b_109	update_halo_kernel3_plus_4_b
6947	0.000017553	123040	ops_par_loop_update_halo_kernel3_plus_2_b_110	update_halo_kernel3_plus_2_b
6948	0.000018856	123008	ops_par_loop_update_halo_kernel3_minus_4_b_113	update_halo_kernel3_minus_4_b
6949	0.000017263	123008	ops_par_loop_update_halo_kernel4_minus_4_b_117	update_halo_kernel4_minus_4_b
6950	0.000019527	553536	ops_par_loop_group_77	update_halo_kernel1_t2+update_halo_kernel4_minus_2_b
6951	0.000018876	430528	ops_par_loop_update_halo_kernel1_t1_86	update_halo_kernel1_t1
6952	0.000025539	553536	ops_par_loop_group_79	update_halo_kernel1_l2+update_halo_kernel3_minus_4_a
6953	0.000022413	553536	ops_par_loop_group_80	update_halo_kernel1_l1+update_halo_kernel3_minus_2_a
6954	0.000023885	553536	ops_par_loop_group_81	update_halo_kernel1_r2+update_halo_kernel3_minus_2_b
6955	0.000020759	430528	ops_par_loop_update_halo_kernel1_r1_90	update_halo_kernel1_r1
6956	0.000019096	123040	ops_par_loop_update_halo_kernel4_plus_4_a_119	update_halo_kernel4_plus_4_a
6957	0.000018205	123040	ops_par_loop_update_halo_kernel4_plus_2_a_120	update_halo_kernel4_plus_2_a
6958	0.000018525	123040	ops_par_loop_update_halo_kernel4_plus_4_b_121	update_halo_kernel4_plus_4_b
6959	0.000017653	123040	ops_par_loop_update_halo_kernel4_plus_2_b_122	update_halo_kernel4_plus_2_b
6960	0.001136770	944701952	ops_par_loop_group_87	advec_mom_kernel_x2+reset_field_kernel1
6961	0.000745506	708096064	ops_par_loop_group_88	advec_mom_kernel_mass_flux_x+ideal_gas_kernel
6962	0.000535066	590438520	ops_par_loop_advec_mom_kernel_post_pre_advec_x_125	advec_mom_kernel_post_pre_advec_x
6963	0.000849032	472258640	ops_par_loop_advec_mom_kernel1_x_nonvector_126	advec_mom_kernel1_x_nonvector
6964	0.000445396	590131240	ops_par_loop_advec_mom_kernel2_x_127	advec_mom_kernel2_x
6965	0.000462258	472842752	ops_par_loop_advec_mom_kernel_x2_128	advec_mom_kernel_x2
6966	0.000190221	236236864	ops_par_loop_advec_mom_kernel_mass_flux_x_129	advec_mom_kernel_mass_flux_x
6967	0.000531089	590438520	ops_par_loop_advec_mom_kernel_post_pre_advec_x_130	advec_mom_kernel_post_pre_advec_x
6968	0.000849423	472258640	ops_par_loop_advec_mom_kernel1_x_nonvector_131	advec_mom_kernel1_x_nonvector
6969	0.000717242	1062236232	ops_par_loop_group_96	advec_mom_kernel2_x+reset_field_kernel2
6970	0.000020368	430304	ops_par_loop_update_halo_kernel1_b1_136	update_halo_kernel1_b1
6971	0.000019617	430304	ops_par_loop_update_halo_kernel1_t1_137	update_halo_kernel1_t1
6972	0.000023124	430304	ops_par_loop_update_halo_kernel1_l1_138	update_halo_kernel1_l1
6973	0.000023965	430304	ops_par_loop_update_halo_kernel1_r1_139	update_halo_kernel1_r1
6974	0.000018555	245952	ops_par_loop_group_101	update_halo_kernel2_xvel_plus_2_a+update_halo_kernel2_yvel_minus_2_a
6975	0.000019006	245952	ops_par_loop_group_102	update_halo_kernel2_xvel_plus_2_b+update_halo_kernel2_yvel_minus_2_b
6976	0.000019437	245952	ops_par_loop_group_103	update_halo_kernel2_xvel_minus_2_a+update_halo_kernel2_yvel_plus_2_a
6977	0.000020209	245952	ops_par_loop_group_104	update_halo_kernel2_xvel_minus_2_b+update_halo_kernel2_yvel_plus_2_b
6978	0.001666305	589885440	ops_par_loop_viscosity_kernel_148	viscosity_kernel
6979	0.000020770	430304	ops_par_loop_update_halo_kernel1_b1_149	update_halo_kernel1_b1
6980	0.000018606	430304	ops_par_loop_update_halo_kernel1_t1_150	update_halo_kernel1_t1
6981	0.000022032	430304	ops_par_loop_update_halo_kernel1_l1_151	update_halo_kernel1_l1
6982	0.000022462	430304	ops_par_loop_update_halo_kernel1_r1_152	update_halo_kernel1_r1
6983	0.000882166	1061744640	ops_par_loop_calc_dt_kernel_153	calc_dt_kernel
6984	0.001430187	1887436800	ops_par_loop_group_0	PdV_kernel_predict+ideal_gas_kernel
6985	0.000021361	430304	ops_par_loop_update_halo_kernel1_b1_2	update_halo_kernel1_b1
6986	0.000019597	430304	ops_par_loop_update_halo_kernel1_t1_3	update_halo_kernel1_t1
6987	0.000023004	430304	ops_par_loop_update_halo_kernel1_l1_4	update_halo_kernel1_l1
6988	0.000024266	430304	ops_par_loop_update_halo_kernel1_r1_5	update_halo_kernel1_r1
6989	0.001481313	1770147928	ops_par_loop_group_5	revert_kernel+accelerate_kernel
6990	0.001279731	1651507200	ops_par_loop_PdV_kernel_nopredict_8	PdV_kernel_nopredict
6991	0.000357369	471982080	ops_par_loop_flux_calc_kernelx_9	flux_calc_kernelx
6992	0.000355375	471982080	ops_par_loop_flux_calc_kernely_10	flux_calc_kernely
6993	0.000021972	553536	ops_par_loop_group_9	update_halo_kernel1_b2+update_halo_kernel4_minus_4_a
6994	0.000020308	553536	ops_par_loop_group_10	update_halo_kernel1_b1+update_halo_kernel4_minus_2_a
6995	0.000018756	246080	ops_par_loop_group_11	update_halo_kernel3_plus_4_a+update_halo_kernel2_xvel_plus_4_a
6996	0.000018245	246080	ops_par_loop_group_12	update_halo_kernel3_plus_2_a+update_halo_kernel2_xvel_plus_2_a
6997	0.000017483	123008	ops_par_loop_update_halo_kernel4_minus_4_b_29	update_halo_kernel4_minus_4_b
6998	0.000020109	553536	ops_par_loop_group_14	update_halo_kernel1_t2+update_halo_kernel4_minus_2_b
6999	0.000019056	430528	ops_par_loop_update_halo_kernel1_t1_14	update_halo_kernel1_t1
7000	0.000018455	246080	ops_par_loop_group_16	update_halo_kernel2_xvel_plus_4_b+update_halo_kernel2_yvel_minus_4_b
7001	0.000018074	246080	ops_par_loop_group_17	update_halo_kernel3_plus_4_b+update_halo_kernel2_xvel_plus_2_b
7002	0.000018064	123040	ops_par_loop_update_halo_kernel3_plus_2_b_22	update_halo_kernel3_plus_2_b
7003	0.000025429	553536	ops_par_loop_group_19	update_halo_kernel1_l2+update_halo_kernel3_minus_4_a
7004	0.000022172	553536	ops_par_loop_group_20	update_halo_kernel1_l1+update_halo_kernel3_minus_2_a
7005	0.000018254	123008	ops_par_loop_update_halo_kernel3_minus_4_b_25	update_halo_kernel3_minus_4_b
7006	0.000024446	553536	ops_par_loop_group_22	update_halo_kernel1_r2+update_halo_kernel3_minus_2_b
7007	0.000021030	430528	ops_par_loop_update_halo_kernel1_r1_18	update_halo_kernel1_r1
7008	0.000019527	246080	ops_par_loop_group_24	update_halo_kernel4_plus_4_a+update_halo_kernel2_xvel_minus_4_a
7009	0.000018786	246080	ops_par_loop_group_25	update_halo_kernel4_plus_2_a+update_halo_kernel2_xvel_minus_2_a
7010	0.000017202	123040	ops_par_loop_update_halo_kernel2_yvel_minus_4_a_54	update_halo_kernel2_yvel_minus_4_a
7011	0.000017103	123040	ops_par_loop_update_halo_kernel2_yvel_minus_2_a_55	update_halo_kernel2_yvel_minus_2_a
7012	0.000017323	123040	ops_par_loop_update_halo_kernel2_yvel_minus_2_b_57	update_halo_kernel2_yvel_minus_2_b
7013	0.000019948	246080	ops_par_loop_group_29	update_halo_kernel2_xvel_minus_4_b+update_halo_kernel2_yvel_plus_4_b
7014	0.000019417	246080	ops_par_loop_group_30	update_halo_kernel4_plus_4_b+update_halo_kernel2_xvel_minus_2_b
7015	0.000017483	123040	ops_par_loop_update_halo_kernel4_plus_2_b_34	update_halo_kernel4_plus_2_b
7016	0.000520468	591053440	ops_par_loop_advec_cell_kernel1_xdir_35	advec_cell_kernel1_xdir
7017	0.000740917	708203544	ops_par_loop_advec_cell_kernel3_xdir_36	advec_cell_kernel3_xdir
7018	0.001400731	1533542400	ops_par_loop_advec_cell_kernel4_xdir_37	advec_cell_kernel4_xdir
7019	0.000020308	430528	ops_par_loop_update_halo_kernel1_b2_38	update_halo_kernel1_b2
7020	0.000018966	430528	ops_par_loop_update_halo_kernel1_b1_39	update_halo_kernel1_b1
7021	0.000019838	430528	ops_par_loop_update_halo_kernel1_t2_40	update_halo_kernel1_t2
7022	0.000019768	430528	ops_par_loop_update_halo_kernel1_t1_41	update_halo_kernel1_t1
7023	0.000019156	123040	ops_par_loop_update_halo_kernel3_plus_4_a_62	update_halo_kernel3_plus_4_a
7024	0.000017413	123040	ops_par_loop_update_halo_kernel3_plus_2_a_63	update_halo_kernel3_plus_2_a
7025	0.000017253	123040	ops_par_loop_update_halo_kernel3_plus_4_b_64	update_halo_kernel3_plus_4_b
7026	0.000017613	123040	ops_par_loop_update_halo_kernel3_plus_2_b_65	update_halo_kernel3_plus_2_b
7027	0.000025569	553536	ops_par_loop_group_43	update_halo_kernel1_l2+update_halo_kernel3_minus_4_a
7028	0.000022804	553536	ops_par_loop_group_44	update_halo_kernel1_l1+update_halo_kernel3_minus_2_a
7029	0.000018194	123008	ops_par_loop_update_halo_kernel3_minus_4_b_68	update_halo_kernel3_minus_4_b
7030	0.000023875	553536	ops_par_loop_group_46	update_halo_kernel1_r2+update_halo_kernel3_minus_2_b
7031	0.000020329	430528	ops_par_loop_update_halo_kernel1_r1_45	update_halo_kernel1_r1
7032	0.000520759	591053440	ops_par_loop_advec_mom_kernel_x1_70	advec_mom_kernel_x1
7033	0.000188849	236236864	ops_par_loop_advec_mom_kernel_mass_flux_x_71	advec_mom_kernel_mass_flux_x
7034	0.000534375	590438520	ops_par_loop_advec_mom_kernel_post_pre_advec_x_72	advec_mom_kernel_post_pre_advec_x
7035	0.000849183	472258640	ops_par_loop_advec_mom_kernel1_x_nonvector_73	advec_mom_kernel1_x_nonvector
7036	0.000443583	590131240	ops_par_loop_advec_mom_kernel2_x_74	advec_mom_kernel2_x
7037	0.000521290	591053440	ops_par_loop_advec_mom_kernel_x1_75	advec_mom_kernel_x1
7038	0.000188769	236236864	ops_par_loop_advec_mom_kernel_mass_flux_x_76	advec_mom_kernel_mass_flux_x
7039	0.000535136	590438520	ops_par_loop_advec_mom_kernel_post_pre_advec_x_77	advec_mom_kernel_post_pre_advec_x
7040	0.000019707	246080	ops_par_loop_group_56	update_halo_kernel2_xvel_plus_4_a+update_halo_kernel3_plus_4_a
7041	0.000018796	246080	ops_par_loop_group_57	update_halo_kernel2_xvel_plus_2_a+update_halo_kernel3_plus_2_a
7042	0.000017864	123040	ops_par_loop_update_halo_kernel2_xvel_plus_4_b_93	update_halo_kernel2_xvel_plus_4_b
7043	0.000018675	246080	ops_par_loop_group_59	update_halo_kernel2_xvel_plus_2_b+update_halo_kernel3_plus_4_b
7044	0.000020108	246080	ops_par_loop_group_60	update_halo_kernel2_yvel_plus_4_a+update_halo_kernel2_xvel_minus_4_a
7045	0.000019226	246080	ops_par_loop_group_61	update_halo_kernel2_yvel_plus_2_a+update_halo_kernel2_xvel_minus_2_a
7046	0.000018335	123040	ops_par_loop_update_halo_kernel2_xvel_minus_4_b_97	update_halo_kernel2_xvel_minus_4_b
7047	0.000019937	246080	ops_par_loop_group_63	update_halo_kernel2_yvel_plus_2_b+update_halo_kernel2_xvel_minus_2_b
7048	0.000848722	472258640	ops_par_loop_advec_mom_kernel1_x_nonvector_78	advec_mom_kernel1_x_nonvector
7049	0.000444073	590131240	ops_par_loop_advec_mom_kernel2_x_79	advec_mom_kernel2_x
7050	0.000462769	472842752	ops_par_loop_advec_cell_kernel2_ydir_80	advec_cell_kernel2_ydir
7051	0.000756798	708203544	ops_par_loop_advec_cell_kernel3_ydir_81	advec_cell_kernel3_ydir
7052	0.001415609	1533542400	ops_par_loop_advec_cell_kernel4_ydir_82	advec_cell_kernel4_ydir
7053	0.000022683	553536	ops_par_loop_group_69	update_halo_kernel1_b2+update_halo_kernel4_minus_4_a
7054	0.000020358	553536	ops_par_loop_group_70	update_halo_kernel1_b1+update_halo_kernel4_minus_2_a
7055	0.000018284	123040	ops_par_loop_update_halo_kernel2_yvel_minus_4_a_99	update_halo_kernel2_yvel_minus_4_a
7056	0.000017043	123040	ops_par_loop_update_halo_kernel2_yvel_minus_2_a_100	update_halo_kernel2_yvel_minus_2_a
7057	0.000017383	123040	ops_par_loop_update_halo_kernel2_yvel_minus_4_b_101	update_halo_kernel2_yvel_minus_4_b
7058	0.000016922	123040	ops_par_loop_update_halo_kernel2_yvel_minus_2_b_102	update_halo_kernel2_yvel_minus_2_b
7059	0.000018886	123040	ops_par_loop_update_halo_kernel2_yvel_plus_4_b_105	update_halo_kernel2_yvel_plus_4_b
7060	0.000017634	123040	ops_par_loop_update_halo_kernel3_plus_2_b_110	update_halo_kernel3_plus_2_b
7061	0.000018054	123008	ops_par_loop_update_halo_kernel3_minus_4_b_113	update_halo_kernel3_minus_4_b
7062	0.000017534	123008	ops_par_loop_update_halo_kernel4_minus_4_b_117	update_halo_kernel4_minus_4_b
7063	0.000020469	553536	ops_par_loop_group_79	update_halo_kernel1_t2+update_halo_kernel4_minus_2_b
7064	0.000019177	430528	ops_par_loop_update_halo_kernel1_t1_86	update_halo_kernel1_t1
7065	0.000026220	553536	ops_par_loop_group_81	update_halo_kernel1_l2+update_halo_kernel3_minus_4_a
7066	0.000022412	553536	ops_par_loop_group_82	update_halo_kernel1_l1+update_halo_kernel3_minus_2_a
7067	0.000023385	553536	ops_par_loop_group_83	update_halo_kernel1_r2+update_halo_kernel3_minus_2_b
7068	0.000020639	430528	ops_par_loop_update_halo_kernel1_r1_90	update_halo_kernel1_r1
7069	0.000020058	246080	ops_par_loop_group_85	update_halo_kernel2_yvel_plus_4_a+update_halo_kernel4_plus_4_a
7070	0.000018465	246080	ops_par_loop_group_86	update_halo_kernel2_yvel_plus_2_a+update_halo_kernel4_plus_2_a
7071	0.000019156	246080	ops_par_loop_group_87	update_halo_kernel2_yvel_plus_2_b+update_halo_kernel4_plus_4_b
7072	0.000018235	123040	ops_par_loop_update_halo_kernel4_plus_2_b_122	update_halo_kernel4_plus_2_b
7073	0.001136910	944701952	ops_par_loop_group_89	advec_mom_kernel_y2+reset_field_kernel1
7074	0.000720128	708096064	ops_par_loop_group_90	advec_mom_kernel_mass_flux_y+ideal_gas_kernel
7075	0.000494870	590438520	ops_par_loop_advec_mom_kernel_post_pre_advec_y_125	advec_mom_kernel_post_pre_advec_y
7076	0.000844845	472258640	ops_par_loop_advec_mom_kernel1_y_nonvector_126	advec_mom_kernel1_y_nonvector
7077	0.000452118	590131240	ops_par_loop_advec_mom_kernel2_y_127	advec_mom_kernel2_y
7078	0.000454844	472842752	ops_par_loop_advec_mom_kernel_y2_128	advec_mom_kernel_y2
7079	0.000190452	236236864	ops_par_loop_advec_mom_kernel_mass_flux_y_129	advec_mom_kernel_mass_flux_y
7080	0.000494369	590438520	ops_par_loop_advec_mom_kernel_post_pre_advec_y_130	advec_mom_kernel_post_pre_advec_y
7081	0.000839805	472258640	ops_par_loop_advec_mom_kernel1_y_nonvector_131	advec_mom_kernel1_y_nonvector
7082	0.000724115	1062236232	ops_par_loop_group_98	advec_mom_kernel2_y+reset_field_kernel2
7083	0.000020870	430304	ops_par_loop_update_halo_kernel1_b1_136	update_halo_kernel1_b1
7084	0.000019777	430304	ops_par_loop_update_halo_kernel1_t1_137	update_halo_kernel1_t1
7085	0.000022773	430304	ops_par_loop_update_halo_kernel1_l1_138	update_halo_kernel1_l1
7086	0.000023484	430304	ops_par_loop_update_halo_kernel1_r1_139	update_halo_kernel1_r1
7087	0.000019096	245952	ops_par_loop_group_103	update_halo_kernel2_xvel_plus_2_a+update_halo_kernel2_yvel_minus_2_a
7088	0.000018605	245952	ops_par_loop_group_104	update_halo_kernel2_xvel_plus_2_b+update_halo_kernel2_yvel_minus_2_b
7089	0.000020619	245952	ops_par_loop_group_105	update_halo_kernel2_xvel_minus_2_a+update_halo_kernel2_yvel_plus_2_a
7090	0.000020800	245952	ops_par_loop_group_106	update_halo_kernel2_xvel_minus_2_b+update_halo_kernel2_yvel_plus_2_b
7091	0.001666695	589885440	ops_par_loop_viscosity_kernel_148	viscosity_kernel
7092	0.000022182	430304	ops_par_loop_update_halo_kernel1_b1_149	update_halo_kernel1_b1
7093	0.000021732	430304	ops_par_loop_update_halo_kernel1_t1_150	update_halo_kernel1_t1
7094	0.000024717	430304	ops_par_loop_update_halo_kernel1_l1_151	update_halo_kernel1_l1
7095	0.000023795	430304	ops_par_loop_update_halo_kernel1_r1_152	update_halo_kernel1_r1
7096	0.000883528	1061744640	ops_par_loop_calc_dt_kernel_153	calc_dt_kernel
7097	0.001427883	1887436800	ops_par_loop_group_0	PdV_kernel_predict+ideal_gas_kernel
7098	0.000022102	430304	ops_par_loop_update_halo_kernel1_b1_2	update_halo_kernel1_b1
7099	0.000021540	430304	ops_par_loop_update_halo_kernel1_t1_3	update_halo_kernel1_t1
7100	0.000023605	430304	ops_par_loop_update_halo_kernel1_l1_4	update_halo_kernel1_l1
7101	0.000023365	430304	ops_par_loop_update_halo_kernel1_r1_5	update_halo_kernel1_r1
7102	0.001484820	1770147928	ops_par_loop_group_5	revert_kernel+accelerate_kernel
7103	0.001281824	1651507200	ops_par_loop_PdV_kernel_nopredict_8	PdV_kernel_nopredict
7104	0.000356928	471982080	ops_par_loop_flux_calc_kernelx_9	flux_calc_kernelx
7105	0.000353942	471982080	ops_par_loop_flux_calc_kernely_10	flux_calc_kernely
7106	0.000021321	553536	ops_par_loop_group_9	update_halo_kernel1_b2+update_halo_kernel4_minus_4_a
7107	0.000020990	553536	ops_par_loop_group_10	update_halo_kernel1_b1+update_halo_kernel4_minus_2_a
7108	0.000018906	246080	ops_par_loop_group_11	update_halo_kernel3_plus_4_a+update_halo_kernel2_xvel_plus_4_a
7109	0.000018966	246080	ops_par_loop_group_12	update_halo_kernel3_plus_2_a+update_halo_kernel2_xvel_plus_2_a
7110	0.000018124	123008	ops_par_loop_update_halo_kernel4_minus_4_b_29	update_halo_kernel4_minus_4_b
7111	0.000020649	553536	ops_par_loop_group_14	update_halo_kernel1_t2+update_halo_kernel4_minus_2_b
7112	0.000019838	430528	ops_par_loop_update_halo_kernel1_t1_14	update_halo_kernel1_t1
7113	0.000018736	246080	ops_par_loop_group_16	update_halo_kernel2_xvel_plus_4_b+update_halo_kernel2_yvel_minus_4_b
7114	0.000018235	246080	ops_par_loop_group_17	update_halo_kernel3_plus_4_b+update_halo_kernel2_xvel_plus_2_b
7115	0.000017934	123040	ops_par_loop_update_halo_kernel3_plus_2_b_22	update_halo_kernel3_plus_2_b
7116	0.000024627	553536	ops_par_loop_group_19	update_halo_kernel1_l2+update_halo_kernel3_minus_4_a
7117	0.000022783	553536	ops_par_loop_group_20	update_halo_kernel1_l1+update_halo_kernel3_minus_2_a
7118	0.000018736	123008	ops_par_loop_update_halo_kernel3_minus_4_b_25	update_halo_kernel3_minus_4_b
7119	0.000024256	553536	ops_par_loop_group_22	update_halo_kernel1_r2+update_halo_kernel3_minus_2_b
7120	0.000020930	430528	ops_par_loop_update_halo_kernel1_r1_18	update_halo_kernel1_r1
7121	0.000020539	246080	ops_par_loop_group_24	update_halo_kernel4_plus_4_a+update_halo_kernel2_xvel_minus_4_a
7122	0.000019367	246080	ops_par_loop_group_25	update_halo_kernel4_plus_2_a+update_halo_kernel2_xvel_minus_2_a
7123	0.000017964	123040	ops_par_loop_update_halo_kernel2_yvel_minus_4_a_54	update_halo_kernel2_yvel_minus_4_a
7124	0.000017283	123040	ops_par_loop_update_halo_kernel2_yvel_minus_2_a_55	update_halo_kernel2_yvel_minus_2_a
7125	0.000017032	123040	ops_par_loop_update_halo_kernel2_yvel_minus_2_b_57	update_halo_kernel2_yvel_minus_2_b
7126	0.000020799	246080	ops_par_loop_group_29	update_halo_kernel2_xvel_minus_4_b+update_halo_kernel2_yvel_plus_4_b
7127	0.000019837	246080	ops_par_loop_group_30	update_halo_kernel4_plus_4_b+update_halo_kernel2_xvel_minus_2_b
7128	0.000017694	123040	ops_par_loop_update_halo_kernel4_plus_2_b_34	update_halo_kernel4_plus_2_b
7129	0.000523154	591053440	ops_par_loop_advec_cell_kernel1_ydir_35	advec_cell_kernel1_ydir
7130	0.000760935	708203544	ops_par_loop_advec_cell_kernel3_ydir_36	advec_cell_kernel3_ydir
7131	0.001412453	1533542400	ops_par_loop_advec_cell_kernel4_ydir_37	advec_cell_kernel4_ydir
7132	0.000022643	553536	ops_par_loop_group_35	update_halo_kernel1_b2+update_halo_kernel4_minus_4_a
7133	0.000020459	553536	ops_par_loop_group_36	update_halo_kernel1_b1+update_halo_kernel4_minus_2_a
7134	0.000018516	123008	ops_par_loop_update_halo_kernel4_minus_4_b_64	update_halo_kernel4_minus_4_b
7135	0.000020800	553536	ops_par_loop_group_38	update_halo_kernel1_t2+update_halo_kernel4_minus_2_b
7136	0.000019607	430528	ops_par_loop_update_halo_kernel1_t1_41	update_halo_kernel1_t1
7137	0.000023906	430528	ops_par_loop_update_halo_kernel1_l2_42	update_halo_kernel1_l2
7138	0.000020740	430528	ops_par_loop_update_halo_kernel1_l1_43	update_halo_kernel1_l1
7139	0.000022202	430528	ops_par_loop_update_halo_kernel1_r2_44	update_halo_kernel1_r2
7140	0.000020739	430528	ops_par_loop_update_halo_kernel1_r1_45	update_halo_kernel1_r1
7141	0.000020559	246080	ops_par_loop_group_44	update_halo_kernel2_yvel_plus_4_a+update_halo_kernel4_plus_4_a
7142	0.000019277	246080	ops_par_loop_group_45	update_halo_kernel2_yvel_plus_2_a+update_halo_kernel4_plus_2_a
7143	0.000019838	246080	ops_par_loop_group_46	update_halo_kernel2_yvel_plus_2_b+update_halo_kernel4_plus_4_b
7144	0.000017894	123040	ops_par_loop_update_halo_kernel4_plus_2_b_69	update_halo_kernel4_plus_2_b
7145	0.000521471	591053440	ops_par_loop_advec_mom_kernel_y1_70	advec_mom_kernel_y1
7146	0.000192686	236236864	ops_par_loop_advec_mom_kernel_mass_flux_y_71	advec_mom_kernel_mass_flux_y
7147	0.000495280	590438520	ops_par_loop_advec_mom_kernel_post_pre_advec_y_72	advec_mom_kernel_post_pre_advec_y
7148	0.000844915	472258640	ops_par_loop_advec_mom_kernel1_y_nonvector_73	advec_mom_kernel1_y_nonvector
7149	0.000444475	590131240	ops_par_loop_advec_mom_kernel2_y_74	advec_mom_kernel2_y
7150	0.000522222	591053440	ops_par_loop_advec_mom_kernel_y1_75	advec_mom_kernel_y1
7151	0.000189750	236236864	ops_par_loop_advec_mom_kernel_mass_flux_y_76	advec_mom_kernel_mass_flux_y
7152	0.000495811	590438520	ops_par_loop_advec_mom_kernel_post_pre_advec_y_77	advec_mom_kernel_post_pre_advec_y
7153	0.000840156	472258640	ops_par_loop_advec_mom_kernel1_y_nonvector_78	advec_mom_kernel1_y_nonvector
7154	0.000447180	590131240	ops_par_loop_advec_mom_kernel2_y_79	advec_mom_kernel2_y
7155	0.000455926	472842752	ops_par_loop_advec_cell_kernel2_xdir_80	advec_cell_kernel2_xdir
7156	0.000741819	708203544	ops_par_loop_advec_cell_kernel3_xdir_81	advec_cell_kernel3_xdir
7157	0.001403676	1533542400	ops_par_loop_advec_cell_kernel4_xdir_82	advec_cell_kernel4_xdir
7158	0.000022142	553536	ops_par_loop_group_61	update_halo_kernel1_b2+update_halo_kernel4_minus_4_a
7159	0.000021270	553536	ops_par_loop_group_62	update_halo_kernel1_b1+update_halo_kernel4_minus_2_a
7160	0.000018756	246080	ops_par_loop_group_63	update_halo_kernel2_xvel_plus_4_a+update_halo_kernel2_yvel_minus_4_a
7161	0.000018756	246080	ops_par_loop_group_64	update_halo_kernel2_xvel_plus_2_a+update_halo_kernel2_yvel_minus_2_a
7162	0.000018264	246080	ops_par_loop_group_65	update_halo_kernel2_xvel_plus_4_b+update_halo_kernel2_yvel_minus_4_b
7163	0.000018826	246080	ops_par_loop_group_66	update_halo_kernel2_xvel_plus_2_b+update_halo_kernel2_yvel_minus_2_b
7164	0.000020499	246080	ops_par_loop_group_67	update_halo_kernel2_xvel_minus_4_a+update_halo_kernel2_yvel_plus_4_a
7165	0.000018976	246080	ops_par_loop_group_68	update_halo_kernel2_xvel_minus_2_a+update_halo_kernel2_yvel_plus_2_a
7166	0.000020800	246080	ops_par_loop_group_69	update_halo_kernel2_xvel_minus_4_b+update_halo_kernel2_yvel_plus_4_b
7167	0.000019958	246080	ops_par_loop_group_70	update_halo_kernel2_xvel_minus_2_b+update_halo_kernel2_yvel_plus_2_b
7168	0.000018586	123040	ops_par_loop_update_halo_kernel3_plus_4_a_107	update_halo_kernel3_plus_4_a
7169	0.000018184	123040	ops_par_loop_update_halo_kernel3_plus_2_a_108	update_halo_kernel3_plus_2_a
7170	0.000018055	123040	ops_par_loop_update_halo_kernel3_plus_4_b_109	update_halo_kernel3_plus_4_b
7171	0.000018075	123040	ops_par_loop_update_halo_kernel3_plus_2_b_110	update_halo_kernel3_plus_2_b
7172	0.000018735	123008	ops_par_loop_update_halo_kernel3_minus_4_b_113	update_halo_kernel3_minus_4_b
7173	0.000017874	123008	ops_par_loop_update_halo_kernel4_minus_4_b_117	update_halo_kernel4_minus_4_b
7174	0.000020579	553536	ops_par_loop_group_77	update_halo_kernel1_t2+update_halo_kernel4_minus_2_b
7175	0.000019036	430528	ops_par_loop_update_halo_kernel1_t1_86	update_halo_kernel1_t1
7176	0.000026460	553536	ops_par_loop_group_79	update_halo_kernel1_l2+update_halo_kernel3_minus_4_a
7177	0.000028084	553536	ops_par_loop_group_80	update_halo_kernel1_l1+update_halo_kernel3_minus_2_a
7178	0.000024136	553536	ops_par_loop_group_81	update_halo_kernel1_r2+update_halo_kernel3_minus_2_b
7179	0.000021511	430528	ops_par_loop_update_halo_kernel1_r1_90	update_halo_kernel1_r1
7180	0.000019066	123040	ops_par_loop_update_halo_kernel4_plus_4_a_119	update_halo_kernel4_plus_4_a
7181	0.000018595	123040	ops_par_loop_update_halo_kernel4_plus_2_a_120	update_halo_kernel4_plus_2_a
7182	0.000018695	123040	ops_par_loop_update_halo_kernel4_plus_4_b_121	update_halo_kernel4_plus_4_b
7183	0.000018344	123040	ops_par_loop_update_halo_kernel4_plus_2_b_122	update_halo_kernel4_plus_2_b
7184	0.001140546	944701952	ops_par_loop_group_87	advec_mom_kernel_x2+reset_field_kernel1
7185	0.000746478	708096064	ops_par_loop_group_88	advec_mom_kernel_mass_flux_x+ideal_gas_kernel
7186	0.000531269	590438520	ops_par_loop_advec_mom_kernel_post_pre_advec_x_125	advec_mom_kernel_post_pre_advec_x
7187	0.000849514	472258640	ops_par_loop_advec_mom_kernel1_x_nonvector_126	advec_mom_kernel1_x_nonvector
7188	0.000446668	590131240	ops_par_loop_advec_mom_kernel2_x_127	advec_mom_kernel2_x
7189	0.000464242	472842752	ops_par_loop_advec_mom_kernel_x2_128	advec_mom_kernel_x2
7190	0.000190252	236236864	ops_par_loop_advec_mom_kernel_mass_flux_x_129	advec_mom_kernel_mass_flux_x
7191	0.000532151	590438520	ops_par_loop_advec_mom_kernel_post_pre_advec_x_130	advec_mom_kernel_post_pre_advec_x
7192	0.000852119	472258640	ops_par_loop_advec_mom_kernel1_x_nonvector_131	advec_mom_kernel1_x_nonvector
7193	0.000718525	1062236232	ops_par_loop_group_96	advec_mom_kernel2_x+reset_field_kernel2
7194	0.000021401	430304	ops_par_loop_update_halo_kernel1_b1_136	update_halo_kernel1_b1
7195	0.000020289	430304	ops_par_loop_update_halo_kernel1_t1_137	update_halo_kernel1_t1
7196	0.000023484	430304	ops_par_loop_update_halo_kernel1_l1_138	update_halo_kernel1_l1
7197	0.000023324	430304	ops_par_loop_update_halo_kernel1_r1_139	update_halo_kernel1_r1
7198	0.000019126	245952	ops_par_loop_group_101	update_halo_kernel2_xvel_plus_2_a+update_halo_kernel2_yvel_minus_2_a
7199	0.000019166	245952	ops_par_loop_group_102	update_halo_kernel2_xvel_plus_2_b+update_halo_kernel2_yvel_minus_2_b
7200	0.000020168	245952	ops_par_loop_group_103	update_halo_kernel2_xvel_minus_2_a+update_halo_kernel2_yvel_plus_2_a
7201	0.000020829	245952	ops_par_loop_group_104	update_halo_kernel2_xvel_minus_2_b+update_halo_kernel2_yvel_plus_2_b
7202	0.001666926	589885440	ops_par_loop_viscosity_kernel_148	viscosity_kernel
7203	0.000021591	430304	ops_par_loop_update_halo_kernel1_b1_149	update_halo_kernel1_b1
7204	0.000019968	430304	ops_par_loop_update_halo_kernel1_t1_150	update_halo_kernel1_t1
7205	0.000022543	430304	ops_par_loop_update_halo_kernel1_l1_151	update_halo_kernel1_l1
7206	0.000022152	430304	ops_par_loop_update_halo_kernel1_r1_152	update_halo_kernel1_r1
7207	0.000882947	1061744640	ops_par_loop_calc_dt_kernel_153	calc_dt_kernel
7208	0.001425057	1887436800	ops_par_loop_group_0	PdV_kernel_predict+ideal_gas_kernel
7209	0.000023094	430304	ops_par_loop_update_halo_kernel1_b1_2	update_halo_kernel1_b1
7210	0.000020249	430304	ops_par_loop_update_halo_kernel1_t1_3	update_halo_kernel1_t1
7211	0.000023385	430304	ops_par_loop_update_halo_kernel1_l1_4	update_halo_kernel1_l1
7212	0.000023464	430304	ops_par_loop_update_halo_kernel1_r1_5	update_halo_kernel1_r1
7213	0.001481985	1770147928	ops_par_loop_group_5	revert_kernel+accelerate_kernel
7214	0.001282737	1651507200	ops_par_loop_PdV_kernel_nopredict_8	PdV_kernel_nopredict
7215	0.000358381	471982080	ops_par_loop_flux_calc_kernelx_9	flux_calc_kernelx
7216	0.000355786	471982080	ops_par_loop_flux_calc_kernely_10	flux_calc_kernely
7217	0.000021551	553536	ops_par_loop_group_9	update_halo_kernel1_b2+update_halo_kernel4_minus_4_a
7218	0.000020679	553536	ops_par_loop_group_10	update_halo_kernel1_b1+update_halo_kernel4_minus_2_a
7219	0.000019387	246080	ops_par_loop_group_11	update_halo_kernel3_plus_4_a+update_halo_kernel2_xvel_plus_4_a
7220	0.000018575	246080	ops_par_loop_group_12	update_halo_kernel3_plus_2_a+update_halo_kernel2_xvel_plus_2_a
7221	0.000018395	123008	ops_par_loop_update_halo_kernel4_minus_4_b_29	update_halo_kernel4_minus_4_b
7222	0.000020829	553536	ops_par_loop_group_14	update_halo_kernel1_t2+update_halo_kernel4_minus_2_b
7223	0.000020218	430528	ops_par_loop_update_halo_kernel1_t1_14	update_halo_kernel1_t1
7224	0.000018836	246080	ops_par_loop_group_16	update_halo_kernel2_xvel_plus_4_b+update_halo_kernel2_yvel_minus_4_b
7225	0.000018315	246080	ops_par_loop_group_17	update_halo_kernel3_plus_4_b+update_halo_kernel2_xvel_plus_2_b
7226	0.000017483	123040	ops_par_loop_update_halo_kernel3_plus_2_b_22	update_halo_kernel3_plus_2_b
7227	0.000025378	553536	ops_par_loop_group_19	update_halo_kernel1_l2+update_halo_kernel3_minus_4_a
7228	0.000061787	553536	ops_par_loop_group_20	update_halo_kernel1_l1+update_halo_kernel3_minus_2_a
7229	0.000019838	123008	ops_par_loop_update_halo_kernel3_minus_4_b_25	update_halo_kernel3_minus_4_b
7230	0.000023264	553536	ops_par_loop_group_22	update_halo_kernel1_r2+update_halo_kernel3_minus_2_b
7231	0.000021631	430528	ops_par_loop_update_halo_kernel1_r1_18	update_halo_kernel1_r1
7232	0.000020258	246080	ops_par_loop_group_24	update_halo_kernel4_plus_4_a+update_halo_kernel2_xvel_minus_4_a
7233	0.000018786	246080	ops_par_loop_group_25	update_halo_kernel4_plus_2_a+update_halo_kernel2_xvel_minus_2_a
7234	0.000018044	123040	ops_par_loop_update_halo_kernel2_yvel_minus_4_a_54	update_halo_kernel2_yvel_minus_4_a
7235	0.000017213	123040	ops_par_loop_update_halo_kernel2_yvel_minus_2_a_55	update_halo_kernel2_yvel_minus_2_a
7236	0.000017533	123040	ops_par_loop_update_halo_kernel2_yvel_minus_2_b_57	update_halo_kernel2_yvel_minus_2_b
7237	0.000019688	246080	ops_par_loop_group_29	update_halo_kernel2_xvel_minus_4_b+update_halo_kernel2_yvel_plus_4_b
7238	0.000019988	246080	ops_par_loop_group_30	update_halo_kernel4_plus_4_b+update_halo_kernel2_xvel_minus_2_b
7239	0.000017674	123040	ops_par_loop_update_halo_kernel4_plus_2_b_34	update_halo_kernel4_plus_2_b
7240	0.000522272	591053440	ops_par_loop_advec_cell_kernel1_xdir_35	advec_cell_kernel1_xdir
7241	0.000741148	708203544	ops_par_loop_advec_cell_kernel3_xdir_36	advec_cell_kernel3_xdir
7242	0.001402224	1533542400	ops_par_loop_advec_cell_kernel4_xdir_37	advec_cell_kernel4_xdir
7243	0.000021110	430528	ops_par_loop_update_halo_kernel1_b2_38	update_halo_kernel1_b2
7244	0.000020389	430528	ops_par_loop_update_halo_kernel1_b1_39	update_halo_kernel1_b1
7245	0.000019707	430528	ops_par_loop_update_halo_kernel1_t2_40	update_halo_kernel1_t2
7246	0.000019367	430528	ops_par_loop_update_halo_kernel1_t1_41	update_halo_kernel1_t1
7247	0.000018836	123040	ops_par_loop_update_halo_kernel3_plus_4_a_62	update_halo_kernel3_plus_4_a
7248	0.000018495	123040	ops_par_loop_update_halo_kernel3_plus_2_a_63	update_halo_kernel3_plus_2_a
7249	0.000017303	123040	ops_par_loop_update_halo_kernel3_plus_4_b_64	update_halo_kernel3_plus_4_b
7250	0.000018135	123040	ops_par_loop_update_halo_kernel3_plus_2_b_65	update_halo_kernel3_plus_2_b
7251	0.000026159	553536	ops_par_loop_group_43	update_halo_kernel1_l2+update_halo_kernel3_minus_4_a
7252	0.000022874	553536	ops_par_loop_group_44	update_halo_kernel1_l1+update_halo_kernel3_minus_2_a
7253	0.000018685	123008	ops_par_loop_update_halo_kernel3_minus_4_b_68	update_halo_kernel3_minus_4_b
7254	0.000024417	553536	ops_par_loop_group_46	update_halo_kernel1_r2+update_halo_kernel3_minus_2_b
7255	0.000020399	430528	ops_par_loop_update_halo_kernel1_r1_45	update_halo_kernel1_r1
7256	0.000520789	591053440	ops_par_loop_advec_mom_kernel_x1_70	advec_mom_kernel_x1
7257	0.000189570	236236864	ops_par_loop_advec_mom_kernel_mass_flux_x_71	advec_mom_kernel_mass_flux_x
7258	0.000534746	590438520	ops_par_loop_advec_mom_kernel_post_pre_advec_x_72	advec_mom_kernel_post_pre_advec_x
7259	0.000849483	472258640	ops_par_loop_advec_mom_kernel1_x_nonvector_73	advec_mom_kernel1_x_nonvector
7260	0.000442029	590131240	ops_par_loop_advec_mom_kernel2_x_74	advec_mom_kernel2_x
7261	0.000520068	591053440	ops_par_loop_advec_mom_kernel_x1_75	advec_mom_kernel_x1
7262	0.000189600	236236864	ops_par_loop_advec_mom_kernel_mass_flux_x_76	advec_mom_kernel_mass_flux_x
7263	0.000534105	590438520	ops_par_loop_advec_mom_kernel_post_pre_advec_x_77	advec_mom_kernel_post_pre_advec_x
7264	0.000020599	246080	ops_par_loop_group_56	update_halo_kernel2_xvel_plus_4_a+update_halo_kernel3_plus_4_a
7265	0.000018936	246080	ops_par_loop_group_57	update_halo_kernel2_xvel_plus_2_a+update_halo_kernel3_plus_2_a
7266	0.000018144	123040	ops_par_loop_update_halo_kernel2_xvel_plus_4_b_93	update_halo_kernel2_xvel_plus_4_b
7267	0.000019197	246080	ops_par_loop_group_59	update_halo_kernel2_xvel_plus_2_b+update_halo_kernel3_plus_4_b
7268	0.000020830	246080	ops_par_loop_group_60	update_halo_kernel2_yvel_plus_4_a+update_halo_kernel2_xvel_minus_4_a
7269	0.000019177	246080	ops_par_loop_group_61	update_halo_kernel2_yvel_plus_2_a+update_halo_kernel2_xvel_minus_2_a
7270	0.000018706	123040	ops_par_loop_update_halo_kernel2_xvel_minus_4_b_97	update_halo_kernel2_xvel_minus_4_b
7271	0.000020439	246080	ops_par_loop_group_63	update_halo_kernel2_yvel_plus_2_b+update_halo_kernel2_xvel_minus_2_b
7272	0.000849504	472258640	ops_par_loop_advec_mom_kernel1_x_nonvector_78	advec_mom_kernel1_x_nonvector
7273	0.000448111	590131240	ops_par_loop_advec_mom_kernel2_x_79	advec_mom_kernel2_x
7274	0.000462328	472842752	ops_par_loop_advec_cell_kernel2_ydir_80	advec_cell_kernel2_ydir
7275	0.000755996	708203544	ops_par_loop_advec_cell_kernel3_ydir_81	advec_cell_kernel3_ydir
7276	0.001411942	1533542400	ops_par_loop_advec_cell_kernel4_ydir_82	advec_cell_kernel4_ydir
7277	0.000022603	553536	ops_par_loop_group_69	update_halo_kernel1_b2+update_halo_kernel4_minus_4_a
7278	0.000020920	553536	ops_par_loop_group_70	update_halo_kernel1_b1+update_halo_kernel4_minus_2_a
7279	0.000019276	123040	ops_par_loop_update_halo_kernel2_yvel_minus_4_a_99	update_halo_kernel2_yvel_minus_4_a
7280	0.000017514	123040	ops_par_loop_update_halo_kernel2_yvel_minus_2_a_100	update_halo_kernel2_yvel_minus_2_a
7281	0.000017343	123040	ops_par_loop_update_halo_kernel2_yvel_minus_4_b_101	update_halo_kernel2_yvel_minus_4_b
7282	0.000018034	123040	ops_par_loop_update_halo_kernel2_yvel_minus_2_b_102	update_halo_kernel2_yvel_minus_2_b
7283	0.000019938	123040	ops_par_loop_update_halo_kernel2_yvel_plus_4_b_105	update_halo_kernel2_yvel_plus_4_b
7284	0.000018305	123040	ops_par_loop_update_halo_kernel3_plus_2_b_110	update_halo_kernel3_plus_2_b
7285	0.000018655	123008	ops_par_loop_update_halo_kernel3_minus_4_b_113	update_halo_kernel3_minus_4_b
7286	0.000017413	123008	ops_par_loop_update_halo_kernel4_minus_4_b_117	update_halo_kernel4_minus_4_b
7287	0.000020760	553536	ops_par_loop_group_79	update_halo_kernel1_t2+update_halo_kernel4_minus_2_b
7288	0.000018876	430528	ops_par_loop_update_halo_kernel1_t1_86	update_halo_kernel1_t1
7289	0.000025939	553536	ops_par_loop_group_81	update_halo_kernel1_l2+update_halo_kernel3_minus_4_a
7290	0.000022272	553536	ops_par_loop_group_82	update_halo_kernel1_l1+update_halo_kernel3_minus_2_a
7291	0.000023535	553536	ops_par_loop_group_83	update_halo_kernel1_r2+update_halo_kernel3_minus_2_b
7292	0.000020839	430528	ops_par_loop_update_halo_kernel1_r1_90	update_halo_kernel1_r1
7293	0.000021140	246080	ops_par_loop_group_85	update_halo_kernel2_yvel_plus_4_a+update_halo_kernel4_plus_4_a
7294	0.000019036	246080	ops_par_loop_group_86	update_halo_kernel2_yvel_plus_2_a+update_halo_kernel4_plus_2_a
7295	0.000019497	246080	ops_par_loop_group_87	update_halo_kernel2_yvel_plus_2_b+update_halo_kernel4_plus_4_b
7296	0.000018194	123040	ops_par_loop_update_halo_kernel4_plus_2_b_122	update_halo_kernel4_plus_2_b
7297	0.001135577	944701952	ops_par_loop_group_89	advec_mom_kernel_y2+reset_field_kernel1
7298	0.000720509	708096064	ops_par_loop_group_90	advec_mom_kernel_mass_flux_y+ideal_gas_kernel
7299	0.000491353	590438520	ops_par_loop_advec_mom_kernel_post_pre_advec_y_125	advec_mom_kernel_post_pre_advec_y
7300	0.000844985	472258640	ops_par_loop_advec_mom_kernel1_y_nonvector_126	advec_mom_kernel1_y_nonvector
7301	0.000442300	590131240	ops_par_loop_advec_mom_kernel2_y_127	advec_mom_kernel2_y
7302	0.000456577	472842752	ops_par_loop_advec_mom_kernel_y2_128	advec_mom_kernel_y2
7303	0.000190422	236236864	ops_par_loop_advec_mom_kernel_mass_flux_y_129	advec_mom_kernel_mass_flux_y
7304	0.000494158	590438520	ops_par_loop_advec_mom_kernel_post_pre_advec_y_130	advec_mom_kernel_post_pre_advec_y
7305	0.000840086	472258640	ops_par_loop_advec_mom_kernel1_y_nonvector_131	advec_mom_kernel1_y_nonvector
7306	0.000720128	1062236232	ops_par_loop_group_98	advec_mom_kernel2_y+reset_field_kernel2
7307	0.000021871	430304	ops_par_loop_update_halo_kernel1_b1_136	update_halo_kernel1_b1
7308	0.000019477	430304	ops_par_loop_update_halo_kernel1_t1_137	update_halo_kernel1_t1
7309	0.000023214	430304	ops_par_loop_update_halo_kernel1_l1_138	update_halo_kernel1_l1
7310	0.000023494	430304	ops_par_loop_update_halo_kernel1_r1_139	update_halo_kernel1_r1
7311	0.000019026	245952	ops_par_loop_group_103	update_halo_kernel2_xvel_plus_2_a+update_halo_kernel2_yvel_minus_2_a
7312	0.000018295	245952	ops_par_loop_group_104	update_halo_kernel2_xvel_plus_2_b+update_halo_kernel2_yvel_minus_2_b
7313	0.000020559	245952	ops_par_loop_group_105	update_halo_kernel2_xvel_minus_2_a+update_halo_kernel2_yvel_plus_2_a
7314	0.000020449	245952	ops_par_loop_group_106	update_halo_kernel2_xvel_minus_2_b+update_halo_kernel2_yvel_plus_2_b
7315	0.001665814	589885440	ops_par_loop_viscosity_kernel_148	viscosity_kernel
7316	0.000022172	430304	ops_par_loop_update_halo_kernel1_b1_149	update_halo_kernel1_b1
7317	0.000020569	430304	ops_par_loop_update_halo_kernel1_t1_150	update_halo_kernel1_t1
7318	0.000022864	430304	ops_par_loop_update_halo_kernel1_l1_151	update_halo_kernel1_l1
7319	0.000022593	430304	ops_par_loop_update_halo_kernel1_r1_152	update_halo_kernel1_r1
7320	0.000882817	1061744640	ops_par_loop_calc_dt_kernel_153	calc_dt_kernel
7321	0.001432741	1887436800	ops_par_loop_group_0	PdV_kernel_predict+ideal_gas_kernel
7322	0.000022603	430304	ops_par_loop_update_halo_kernel1_b1_2	update_halo_kernel1_b1
7323	0.000020609	430304	ops_par_loop_update_halo_kernel1_t1_3	update_halo_kernel1_t1
7324	0.000023334	430304	ops_par_loop_update_halo_kernel1_l1_4	update_halo_kernel1_l1
7325	0.000024576	430304	ops_par_loop_update_halo_kernel1_r1_5	update_halo_kernel1_r1
7326	0.001485933	1770147928	ops_par_loop_group_5	revert_kernel+accelerate_kernel
7327	0.001283578	1651507200	ops_par_loop_PdV_kernel_nopredict_8	PdV_kernel_nopredict
7328	0.000357929	471982080	ops_par_loop_flux_calc_kernelx_9	flux_calc_kernelx
7329	0.000353111	471982080	ops_par_loop_flux_calc_kernely_10	flux_calc_kernely
7330	0.000022012	553536	ops_par_loop_group_9	update_halo_kernel1_b2+update_halo_kernel4_minus_4_a
7331	0.000021250	553536	ops_par_loop_group_10	update_halo_kernel1_b1+update_halo_kernel4_minus_2_a
7332	0.000019578	246080	ops_par_loop_group_11	update_halo_kernel3_plus_4_a+update_halo_kernel2_xvel_plus_4_a
7333	0.000018705	246080	ops_par_loop_group_12	update_halo_kernel3_plus_2_a+update_halo_kernel2_xvel_plus_2_a
7334	0.000017403	123008	ops_par_loop_update_halo_kernel4_minus_4_b_29	update_halo_kernel4_minus_4_b
7335	0.000020729	553536	ops_par_loop_group_14	update_halo_kernel1_t2+update_halo_kernel4_minus_2_b
7336	0.000020068	430528	ops_par_loop_update_halo_kernel1_t1_14	update_halo_kernel1_t1
7337	0.000018565	246080	ops_par_loop_group_16	update_halo_kernel2_xvel_plus_4_b+update_halo_kernel2_yvel_minus_4_b
7338	0.000018465	246080	ops_par_loop_group_17	update_halo_kernel3_plus_4_b+update_halo_kernel2_xvel_plus_2_b
7339	0.000018214	123040	ops_par_loop_update_halo_kernel3_plus_2_b_22	update_halo_kernel3_plus_2_b
7340	0.000024727	553536	ops_par_loop_group_19	update_halo_kernel1_l2+update_halo_kernel3_minus_4_a
7341	0.000022703	553536	ops_par_loop_group_20	update_halo_kernel1_l1+update_halo_kernel3_minus_2_a
7342	0.000018796	123008	ops_par_loop_update_halo_kernel3_minus_4_b_25	update_halo_kernel3_minus_4_b
7343	0.000024347	553536	ops_par_loop_group_22	update_halo_kernel1_r2+update_halo_kernel3_minus_2_b
7344	0.000021561	430528	ops_par_loop_update_halo_kernel1_r1_18	update_halo_kernel1_r1
7345	0.000020338	246080	ops_par_loop_group_24	update_halo_kernel4_plus_4_a+update_halo_kernel2_xvel_minus_4_a
7346	0.000019256	246080	ops_par_loop_group_25	update_halo_kernel4_plus_2_a+update_halo_kernel2_xvel_minus_2_a
7347	0.000018044	123040	ops_par_loop_update_halo_kernel2_yvel_minus_4_a_54	update_halo_kernel2_yvel_minus_4_a
7348	0.000017473	123040	ops_par_loop_update_halo_kernel2_yvel_minus_2_a_55	update_halo_kernel2_yvel_minus_2_a
7349	0.000017012	123040	ops_par_loop_update_halo_kernel2_yvel_minus_2_b_57	update_halo_kernel2_yvel_minus_2_b
7350	0.000020158	246080	ops_par_loop_group_29	update_halo_kernel2_xvel_minus_4_b+update_halo_kernel2_yvel_plus_4_b
7351	0.000020269	246080	ops_par_loop_group_30	update_halo_kernel4_plus_4_b+update_halo_kernel2_xvel_minus_2_b
7352	0.000017653	123040	ops_par_loop_update_halo_kernel4_plus_2_b_34	update_halo_kernel4_plus_2_b
7353	0.000520729	591053440	ops_par_loop_advec_cell_kernel1_ydir_35	advec_cell_kernel1_ydir
7354	0.000756136	708203544	ops_par_loop_advec_cell_kernel3_ydir_36	advec_cell_kernel3_ydir
7355	0.001414627	1533542400	ops_par_loop_advec_cell_kernel4_ydir_37	advec_cell_kernel4_ydir
7356	0.000022893	553536	ops_par_loop_group_35	update_halo_kernel1_b2+update_halo_kernel4_minus_4_a
7357	0.000020268	553536	ops_par_loop_group_36	update_halo_kernel1_b1+update_halo_kernel4_minus_2_a
7358	0.000018174	123008	ops_par_loop_update_halo_kernel4_minus_4_b_64	update_halo_kernel4_minus_4_b
7359	0.000021161	553536	ops_par_loop_group_38	update_halo_kernel1_t2+update_halo_kernel4_minus_2_b
7360	0.000020008	430528	ops_par_loop_update_halo_kernel1_t1_41	update_halo_kernel1_t1
7361	0.000023164	430528	ops_par_loop_update_halo_kernel1_l2_42	update_halo_kernel1_l2
7362	0.000020900	430528	ops_par_loop_update_halo_kernel1_l1_43	update_halo_kernel1_l1
7363	0.000022011	430528	ops_par_loop_update_halo_kernel1_r2_44	update_halo_kernel1_r2
7364	0.000020990	430528	ops_par_loop_update_halo_kernel1_r1_45	update_halo_kernel1_r1
7365	0.000021070	246080	ops_par_loop_group_44	update_halo_kernel2_yvel_plus_4_a+update_halo_kernel4_plus_4_a
7366	0.000019287	246080	ops_par_loop_group_45	update_halo_kernel2_yvel_plus_2_a+update_halo_kernel4_plus_2_a
7367	0.000020448	246080	ops_par_loop_group_46	update_halo_kernel2_yvel_plus_2_b+update_halo_kernel4_plus_4_b
7368	0.000018716	123040	ops_par_loop_update_halo_kernel4_plus_2_b_69	update_halo_kernel4_plus_2_b
7369	0.000521090	591053440	ops_par_loop_advec_mom_kernel_y1_70	advec_mom_kernel_y1
7370	0.000188097	236236864	ops_par_loop_advec_mom_kernel_mass_flux_y_71	advec_mom_kernel_mass_flux_y
7371	0.000493758	590438520	ops_par_loop_advec_mom_kernel_post_pre_advec_y_72	advec_mom_kernel_post_pre_advec_y
7372	0.000844574	472258640	ops_par_loop_advec_mom_kernel1_y_nonvector_73	advec_mom_kernel1_y_nonvector
7373	0.000444504	590131240	ops_par_loop_advec_mom_kernel2_y_74	advec_mom_kernel2_y
7374	0.000522633	591053440	ops_par_loop_advec_mom_kernel_y1_75	advec_mom_kernel_y1
7375	0.000188458	236236864	ops_par_loop_advec_mom_kernel_mass_flux_y_76	advec_mom_kernel_mass_flux_y
7376	0.000496343	590438520	ops_par_loop_advec_mom_kernel_post_pre_advec_y_77	advec_mom_kernel_post_pre_advec_y
7377	0.000840146	472258640	ops_par_loop_advec_mom_kernel1_y_nonvector_78	advec_mom_kernel1_y_nonvector
7378	0.000448351	590131240	ops_par_loop_advec_mom_kernel2_y_79	advec_mom_kernel2_y
7379	0.000455756	472842752	ops_par_loop_advec_cell_kernel2_xdir_80	advec_cell_kernel2_xdir
7380	0.000741258	708203544	ops_par_loop_advec_cell_kernel3_xdir_81	advec_cell_kernel3_xdir
7381	0.001400490	1533542400	ops_par_loop_advec_cell_kernel4_xdir_82	advec_cell_kernel4_xdir
7382	0.000022834	553536	ops_par_loop_group_61	update_halo_kernel1_b2+update_halo_kernel4_minus_4_a
7383	0.000020800	553536	ops_par_loop_group_62	update_halo_kernel1_b1+update_halo_kernel4_minus_2_a
7384	0.000018615	246080	ops_par_loop_group_63	update_halo_kernel2_xvel_plus_4_a+update_halo_kernel2_yvel_minus_4_a
7385	0.000018996	246080	ops_par_loop_group_64	update_halo_kernel2_xvel_plus_2_a+update_halo_kernel2_yvel_minus_2_a
7386	0.000019397	246080	ops_par_loop_group_65	update_halo_kernel2_xvel_plus_4_b+update_halo_kernel2_yvel_minus_4_b
7387	0.000020279	246080	ops_par_loop_group_66	update_halo_kernel2_xvel_plus_2_b+update_halo_kernel2_yvel_minus_2_b
7388	0.000020129	246080	ops_par_loop_group_67	update_halo_kernel2_xvel_minus_4_a+update_halo_kernel2_yvel_plus_4_a
7389	0.000019507	246080	ops_par_loop_group_68	update_halo_kernel2_xvel_minus_2_a+update_halo_kernel2_yvel_plus_2_a
7390	0.000020219	246080	ops_par_loop_group_69	update_halo_kernel2_xvel_minus_4_b+update_halo_kernel2_yvel_plus_4_b
7391	0.000020209	246080	ops_par_loop_group_70	update_halo_kernel2_xvel_minus_2_b+update_halo_kernel2_yvel_plus_2_b
7392	0.000018435	123040	ops_par_loop_update_halo_kernel3_plus_4_a_107	update_halo_kernel3_plus_4_a
7393	0.000018855	123040	ops_par_loop_update_halo_kernel3_plus_2_a_108	update_halo_kernel3_plus_2_a
7394	0.000017954	123040	ops_par_loop_update_halo_kernel3_plus_4_b_109	update_halo_kernel3_plus_4_b
7395	0.000018065	123040	ops_par_loop_update_halo_kernel3_plus_2_b_110	update_halo_kernel3_plus_2_b
7396	0.000018635	123008	ops_par_loop_update_halo_kernel3_minus_4_b_113	update_halo_kernel3_minus_4_b
7397	0.000017494	123008	ops_par_loop_update_halo_kernel4_minus_4_b_117	update_halo_kernel4_minus_4_b
7398	0.000020669	553536	ops_par_loop_group_77	update_halo_kernel1_t2+update_halo_kernel4_minus_2_b
7399	0.000019737	430528	ops_par_loop_update_halo_kernel1_t1_86	update_halo_kernel1_t1
7400	0.000025849	553536	ops_par_loop_group_79	update_halo_kernel1_l2+update_halo_kernel3_minus_4_a
7401	0.000022482	553536	ops_par_loop_group_80	update_halo_kernel1_l1+update_halo_kernel3_minus_2_a
7402	0.000024276	553536	ops_par_loop_group_81	update_halo_kernel1_r2+update_halo_kernel3_minus_2_b
7403	0.000026620	430528	ops_par_loop_update_halo_kernel1_r1_90	update_halo_kernel1_r1
7404	0.000020069	123040	ops_par_loop_update_halo_kernel4_plus_4_a_119	update_halo_kernel4_plus_4_a
7405	0.000018866	123040	ops_par_loop_update_halo_kernel4_plus_2_a_120	update_halo_kernel4_plus_2_a
7406	0.000019688	123040	ops_par_loop_update_halo_kernel4_plus_4_b_121	update_halo_kernel4_plus_4_b
7407	0.000017924	123040	ops_par_loop_update_halo_kernel4_plus_2_b_122	update_halo_kernel4_plus_2_b
7408	0.001141598	944701952	ops_par_loop_group_87	advec_mom_kernel_x2+reset_field_kernel1
7409	0.000744975	708096064	ops_par_loop_group_88	advec_mom_kernel_mass_flux_x+ideal_gas_kernel
7410	0.000533163	590438520	ops_par_loop_advec_mom_kernel_post_pre_advec_x_125	advec_mom_kernel_post_pre_advec_x
7411	0.000849995	472258640	ops_par_loop_advec_mom_kernel1_x_nonvector_126	advec_mom_kernel1_x_nonvector
7412	0.000443662	590131240	ops_par_loop_advec_mom_kernel2_x_127	advec_mom_kernel2_x
7413	0.000461416	472842752	ops_par_loop_advec_mom_kernel_x2_128	advec_mom_kernel_x2
7414	0.000190322	236236864	ops_par_loop_advec_mom_kernel_mass_flux_x_129	advec_mom_kernel_mass_flux_x
7415	0.000535517	590438520	ops_par_loop_advec_mom_kernel_post_pre_advec_x_130	advec_mom_kernel_post_pre_advec_x
7416	0.000851146	472258640	ops_par_loop_advec_mom_kernel1_x_nonvector_131	advec_mom_kernel1_x_nonvector
7417	0.000718274	1062236232	ops_par_loop_group_96	advec_mom_kernel2_x+reset_field_kernel2
7418	0.000021200	430304	ops_par_loop_update_halo_kernel1_b1_136	update_halo_kernel1_b1
7419	0.000020930	430304	ops_par_loop_update_halo_kernel1_t1_137	update_halo_kernel1_t1
7420	0.000023705	430304	ops_par_loop_update_halo_kernel1_l1_138	update_halo_kernel1_l1
7421	0.000023705	430304	ops_par_loop_update_halo_kernel1_r1_139	update_halo_kernel1_r1
7422	0.000019187	245952	ops_par_loop_group_101	update_halo_kernel2_xvel_plus_2_a+update_halo_kernel2_yvel_minus_2_a
7423	0.000019387	245952	ops_par_loop_group_102	update_halo_kernel2_xvel_plus_2_b+update_halo_kernel2_yvel_minus_2_b
7424	0.000020098	245952	ops_par_loop_group_103	update_halo_kernel2_xvel_minus_2_a+update_halo_kernel2_yvel_plus_2_a
7425	0.000020910	245952	ops_par_loop_group_104	update_halo_kernel2_xvel_minus_2_b+update_halo_kernel2_yvel_plus_2_b
7426	0.001667046	589885440	ops_par_loop_viscosity_kernel_148	viscosity_kernel
7427	0.000022723	430304	ops_par_loop_update_halo_kernel1_b1_149	update_halo_kernel1_b1
7428	0.000020890	430304	ops_par_loop_update_halo_kernel1_t1_150	update_halo_kernel1_t1
7429	0.000023705	430304	ops_par_loop_update_halo_kernel1_l1_151	update_halo_kernel1_l1
7430	0.000023715	430304	ops_par_loop_update_halo_kernel1_r1_152	update_halo_kernel1_r1
7431	0.000884420	1061744640	ops_par_loop_calc_dt_kernel_153	calc_dt_kernel
7432	0.001426599	1887436800	ops_par_loop_group_0	PdV_kernel_predict+ideal_gas_kernel
7433	0.000021781	430304	ops_par_loop_update_halo_kernel1_b1_2	update_halo_kernel1_b1
7434	0.000019477	430304	ops_par_loop_update_halo_kernel1_t1_3	update_halo_kernel1_t1
7435	0.000023084	430304	ops_par_loop_update_halo_kernel1_l1_4	update_halo_kernel1_l1
7436	0.000023705	430304	ops_par_loop_update_halo_kernel1_r1_5	update_halo_kernel1_r1
7437	0.001480542	1770147928	ops_par_loop_group_5	revert_kernel+accelerate_kernel
7438	0.001278949	1651507200	ops_par_loop_PdV_kernel_nopredict_8	PdV_kernel_nopredict
7439	0.000358761	471982080	ops_par_loop_flux_calc_kernelx_9	flux_calc_kernelx
7440	0.000357089	471982080	ops_par_loop_flux_calc_kernely_10	flux_calc_kernely
7441	0.000021390	553536	ops_par_loop_group_9	update_halo_kernel1_b2+update_halo_kernel4_minus_4_a
7442	0.000019968	553536	ops_par_loop_group_10	update_halo_kernel1_b1+update_halo_kernel4_minus_2_a
7443	0.000019807	246080	ops_par_loop_group_11	update_halo_kernel3_plus_4_a+update_halo_kernel2_xvel_plus_4_a
7444	0.000018515	246080	ops_par_loop_group_12	update_halo_kernel3_plus_2_a+update_halo_kernel2_xvel_plus_2_a
7445	0.000018064	123008	ops_par_loop_update_halo_kernel4_minus_4_b_29	update_halo_kernel4_minus_4_b
7446	0.000020529	553536	ops_par_loop_group_14	update_halo_kernel1_t2+update_halo_kernel4_minus_2_b
7447	0.000019658	430528	ops_par_loop_update_halo_kernel1_t1_14	update_halo_kernel1_t1
7448	0.000018816	246080	ops_par_loop_group_16	update_halo_kernel2_xvel_plus_4_b+update_halo_kernel2_yvel_minus_4_b
7449	0.000018805	246080	ops_par_loop_group_17	update_halo_kernel3_plus_4_b+update_halo_kernel2_xvel_plus_2_b
7450	0.000017934	123040	ops_par_loop_update_halo_kernel3_plus_2_b_22	update_halo_kernel3_plus_2_b
7451	0.000025499	553536	ops_par_loop_group_19	update_halo_kernel1_l2+update_halo_kernel3_minus_4_a
7452	0.000021872	553536	ops_par_loop_group_20	update_halo_kernel1_l1+update_halo_kernel3_minus_2_a
7453	0.000018976	123008	ops_par_loop_update_halo_kernel3_minus_4_b_25	update_halo_kernel3_minus_4_b
7454	0.000059934	553536	ops_par_loop_group_22	update_halo_kernel1_r2+update_halo_kernel3_minus_2_b
7455	0.000021661	430528	ops_par_loop_update_halo_kernel1_r1_18	update_halo_kernel1_r1
7456	0.000020008	246080	ops_par_loop_group_24	update_halo_kernel4_plus_4_a+update_halo_kernel2_xvel_minus_4_a
7457	0.000018566	246080	ops_par_loop_group_25	update_halo_kernel4_plus_2_a+update_halo_kernel2_xvel_minus_2_a
7458	0.000018115	123040	ops_par_loop_update_halo_kernel2_yvel_minus_4_a_54	update_halo_kernel2_yvel_minus_4_a
7459	0.000017092	123040	ops_par_loop_update_halo_kernel2_yvel_minus_2_a_55	update_halo_kernel2_yvel_minus_2_a
7460	0.000017774	123040	ops_par_loop_update_halo_kernel2_yvel_minus_2_b_57	update_halo_kernel2_yvel_minus_2_b
7461	0.000020118	246080	ops_par_loop_group_29	update_halo_kernel2_xvel_minus_4_b+update_halo_kernel2_yvel_plus_4_b
7462	0.000019727	246080	ops_par_loop_group_30	update_halo_kernel4_plus_4_b+update_halo_kernel2_xvel_minus_2_b
7463	0.000017794	123040	ops_par_loop_update_halo_kernel4_plus_2_b_34	update_halo_kernel4_plus_2_b
7464	0.000521651	591053440	ops_par_loop_advec_cell_kernel1_xdir_35	advec_cell_kernel1_xdir
7465	0.000742370	708203544	ops_par_loop_advec_cell_kernel3_xdir_36	advec_cell_kernel3_xdir
7466	0.001403966	1533542400	ops_par_loop_advec_cell_kernel4_xdir_37	advec_cell_kernel4_xdir
7467	0.000020550	430528	ops_par_loop_update_halo_kernel1_b2_38	update_halo_kernel1_b2
7468	0.000025258	430528	ops_par_loop_update_halo_kernel1_b1_39	update_halo_kernel1_b1
7469	0.000019277	430528	ops_par_loop_update_halo_kernel1_t2_40	update_halo_kernel1_t2
7470	0.000019957	430528	ops_par_loop_update_halo_kernel1_t1_41	update_halo_kernel1_t1
7471	0.000019056	123040	ops_par_loop_update_halo_kernel3_plus_4_a_62	update_halo_kernel3_plus_4_a
7472	0.000018345	123040	ops_par_loop_update_halo_kernel3_plus_2_a_63	update_halo_kernel3_plus_2_a
7473	0.000017804	123040	ops_par_loop_update_halo_kernel3_plus_4_b_64	update_halo_kernel3_plus_4_b
7474	0.000017644	123040	ops_par_loop_update_halo_kernel3_plus_2_b_65	update_halo_kernel3_plus_2_b
7475	0.000026270	553536	ops_par_loop_group_43	update_halo_kernel1_l2+update_halo_kernel3_minus_4_a
7476	0.000022713	553536	ops_par_loop_group_44	update_halo_kernel1_l1+update_halo_kernel3_minus_2_a
7477	0.000018875	123008	ops_par_loop_update_halo_kernel3_minus_4_b_68	update_halo_kernel3_minus_4_b
7478	0.000023475	553536	ops_par_loop_group_46	update_halo_kernel1_r2+update_halo_kernel3_minus_2_b
7479	0.000020398	430528	ops_par_loop_update_halo_kernel1_r1_45	update_halo_kernel1_r1
7480	0.000521941	591053440	ops_par_loop_advec_mom_kernel_x1_70	advec_mom_kernel_x1
7481	0.000188948	236236864	ops_par_loop_advec_mom_kernel_mass_flux_x_71	advec_mom_kernel_mass_flux_x
7482	0.000533043	590438520	ops_par_loop_advec_mom_kernel_post_pre_advec_x_72	advec_mom_kernel_post_pre_advec_x
7483	0.000848832	472258640	ops_par_loop_advec_mom_kernel1_x_nonvector_73	advec_mom_kernel1_x_nonvector
7484	0.000445947	590131240	ops_par_loop_advec_mom_kernel2_x_74	advec_mom_kernel2_x
7485	0.000522162	591053440	ops_par_loop_advec_mom_kernel_x1_75	advec_mom_kernel_x1
7486	0.000189429	236236864	ops_par_loop_advec_mom_kernel_mass_flux_x_76	advec_mom_kernel_mass_flux_x
7487	0.000535237	590438520	ops_par_loop_advec_mom_kernel_post_pre_advec_x_77	advec_mom_kernel_post_pre_advec_x
7488	0.000021170	246080	ops_par_loop_group_56	update_halo_kernel2_xvel_plus_4_a+update_halo_kernel3_plus_4_a
7489	0.000018334	246080	ops_par_loop_group_57	update_halo_kernel2_xvel_plus_2_a+update_halo_kernel3_plus_2_a
7490	0.000017593	123040	ops_par_loop_update_halo_kernel2_xvel_plus_4_b_93	update_halo_kernel2_xvel_plus_4_b
7491	0.000018856	246080	ops_par_loop_group_59	update_halo_kernel2_xvel_plus_2_b+update_halo_kernel3_plus_4_b
7492	0.000020960	246080	ops_par_loop_group_60	update_halo_kernel2_yvel_plus_4_a+update_halo_kernel2_xvel_minus_4_a
7493	0.000018936	246080	ops_par_loop_group_61	update_halo_kernel2_yvel_plus_2_a+update_halo_kernel2_xvel_minus_2_a
7494	0.000018726	123040	ops_par_loop_update_halo_kernel2_xvel_minus_4_b_97	update_halo_kernel2_xvel_minus_4_b
7495	0.000020860	246080	ops_par_loop_group_63	update_halo_kernel2_yvel_plus_2_b+update_halo_kernel2_xvel_minus_2_b
7496	0.000848983	472258640	ops_par_loop_advec_mom_kernel1_x_nonvector_78	advec_mom_kernel1_x_nonvector
7497	0.000445426	590131240	ops_par_loop_advec_mom_kernel2_x_79	advec_mom_kernel2_x
7498	0.000462799	472842752	ops_par_loop_advec_cell_kernel2_ydir_80	advec_cell_kernel2_ydir
7499	0.000755906	708203544	ops_par_loop_advec_cell_kernel3_ydir_81	advec_cell_kernel3_ydir
7500	0.001410899	1533542400	ops_par_loop_advec_cell_kernel4_ydir_82	advec_cell_kernel4_ydir
7501	0.000022352	553536	ops_par_loop_group_69	update_halo_kernel1_b2+update_halo_kernel4_minus_4_a
7502	0.000021251	553536	ops_par_loop_group_70	update_halo_kernel1_b1+update_halo_kernel4_minus_2_a
7503	0.000018835	123040	ops_par_loop_update_halo_kernel2_yvel_minus_4_a_99	update_halo_kernel2_yvel_minus_4_a
7504	0.000017623	123040	ops_par_loop_update_halo_kernel2_yvel_minus_2_a_100	update_halo_kernel2_yvel_minus_2_a
7505	0.000018816	123040	ops_par_loop_update_halo_kernel2_yvel_minus_4_b_101	update_halo_kernel2_yvel_minus_4_b
7506	0.000017534	123040	ops_par_loop_update_halo_kernel2_yvel_minus_2_b_102	update_halo_kernel2_yvel_minus_2_b
7507	0.000019868	123040	ops_par_loop_update_halo_kernel2_yvel_plus_4_b_105	update_halo_kernel2_yvel_plus_4_b
7508	0.000018595	123040	ops_par_loop_update_halo_kernel3_plus_2_b_110	update_halo_kernel3_plus_2_b
7509	0.000018775	123008	ops_par_loop_update_halo_kernel3_minus_4_b_113	update_halo_kernel3_minus_4_b
7510	0.000017734	123008	ops_par_loop_update_halo_kernel4_minus_4_b_117	update_halo_kernel4_minus_4_b
7511	0.000022282	553536	ops_par_loop_group_79	update_halo_kernel1_t2+update_halo_kernel4_minus_2_b
7512	0.000019307	430528	ops_par_loop_update_halo_kernel1_t1_86	update_halo_kernel1_t1
7513	0.000025859	553536	ops_par_loop_group_81	update_halo_kernel1_l2+update_halo_kernel3_minus_4_a
7514	0.000022142	553536	ops_par_loop_group_82	update_halo_kernel1_l1+update_halo_kernel3_minus_2_a
7515	0.000023835	553536	ops_par_loop_group_83	update_halo_kernel1_r2+update_halo_kernel3_minus_2_b
7516	0.000020849	430528	ops_par_loop_update_halo_kernel1_r1_90	update_halo_kernel1_r1
7517	0.000020730	246080	ops_par_loop_group_85	update_halo_kernel2_yvel_plus_4_a+update_halo_kernel4_plus_4_a
7518	0.000019637	246080	ops_par_loop_group_86	update_halo_kernel2_yvel_plus_2_a+update_halo_kernel4_plus_2_a
7519	0.000019497	246080	ops_par_loop_group_87	update_halo_kernel2_yvel_plus_2_b+update_halo_kernel4_plus_4_b
7520	0.000019056	123040	ops_par_loop_update_halo_kernel4_plus_2_b_122	update_halo_kernel4_plus_2_b
7521	0.001134474	944701952	ops_par_loop_group_89	advec_mom_kernel_y2+reset_field_kernel1
7522	0.000720348	708096064	ops_par_loop_group_90	advec_mom_kernel_mass_flux_y+ideal_gas_kernel
7523	0.000492907	590438520	ops_par_loop_advec_mom_kernel_post_pre_advec_y_125	advec_mom_kernel_post_pre_advec_y
7524	0.000844925	472258640	ops_par_loop_advec_mom_kernel1_y_nonvector_126	advec_mom_kernel1_y_nonvector
7525	0.000445386	590131240	ops_par_loop_advec_mom_kernel2_y_127	advec_mom_kernel2_y
7526	0.000456557	472842752	ops_par_loop_advec_mom_kernel_y2_128	advec_mom_kernel_y2
7527	0.000190131	236236864	ops_par_loop_advec_mom_kernel_mass_flux_y_129	advec_mom_kernel_mass_flux_y
7528	0.000491493	590438520	ops_par_loop_advec_mom_kernel_post_pre_advec_y_130	advec_mom_kernel_post_pre_advec_y
7529	0.000839835	472258640	ops_par_loop_advec_mom_kernel1_y_nonvector_131	advec_mom_kernel1_y_nonvector
7530	0.000720318	1062236232	ops_par_loop_group_98	advec_mom_kernel2_y+reset_field_kernel2
7531	0.000021420	430304	ops_par_loop_update_halo_kernel1_b1_136	update_halo_kernel1_b1
7532	0.000019477	430304	ops_par_loop_update_halo_kernel1_t1_137	update_halo_kernel1_t1
7533	0.000022182	430304	ops_par_loop_update_halo_kernel1_l1_138	update_halo_kernel1_l1
7534	0.000024577	430304	ops_par_loop_update_halo_kernel1_r1_139	update_halo_kernel1_r1
7535	0.000019307	245952	ops_par_loop_group_103	update_halo_kernel2_xvel_plus_2_a+update_halo_kernel2_yvel_minus_2_a
7536	0.000018725	245952	ops_par_loop_group_104	update_halo_kernel2_xvel_plus_2_b+update_halo_kernel2_yvel_minus_2_b
7537	0.000020910	245952	ops_par_loop_group_105	update_halo_kernel2_xvel_minus_2_a+update_halo_kernel2_yvel_plus_2_a
7538	0.000020940	245952	ops_par_loop_group_106	update_halo_kernel2_xvel_minus_2_b+update_halo_kernel2_yvel_plus_2_b
7539	0.001666375	589885440	ops_par_loop_viscosity_kernel_148	viscosity_kernel
7540	0.000021371	430304	ops_par_loop_update_halo_kernel1_b1_149	update_halo_kernel1_b1
7541	0.000020529	430304	ops_par_loop_update_halo_kernel1_t1_150	update_halo_kernel1_t1
7542	0.000022573	430304	ops_par_loop_update_halo_kernel1_l1_151	update_halo_kernel1_l1
7543	0.000022994	430304	ops_par_loop_update_halo_kernel1_r1_152	update_halo_kernel1_r1
7544	0.000883107	1061744640	ops_par_loop_calc_dt_kernel_153	calc_dt_kernel
7545	0.001423594	1887436800	ops_par_loop_group_0	PdV_kernel_predict+ideal_gas_kernel
7546	0.000022332	430304	ops_par_loop_update_halo_kernel1_b1_2	update_halo_kernel1_b1
7547	0.000020599	430304	ops_par_loop_update_halo_kernel1_t1_3	update_halo_kernel1_t1
7548	0.000023795	430304	ops_par_loop_update_halo_kernel1_l1_4	update_halo_kernel1_l1
7549	0.000022543	430304	ops_par_loop_update_halo_kernel1_r1_5	update_halo_kernel1_r1
7550	0.001478769	1770147928	ops_par_loop_group_5	revert_kernel+accelerate_kernel
7551	0.001281775	1651507200	ops_par_loop_PdV_kernel_nopredict_8	PdV_kernel_nopredict
7552	0.000357119	471982080	ops_par_loop_flux_calc_kernelx_9	flux_calc_kernelx
7553	0.000356417	471982080	ops_par_loop_flux_calc_kernely_10	flux_calc_kernely
7554	0.000021851	553536	ops_par_loop_group_9	update_halo_kernel1_b2+update_halo_kernel4_minus_4_a
7555	0.000021110	553536	ops_par_loop_group_10	update_halo_kernel1_b1+update_halo_kernel4_minus_2_a
7556	0.000023325	246080	ops_par_loop_group_11	update_halo_kernel3_plus_4_a+update_halo_kernel2_xvel_plus_4_a
7557	0.000018636	246080	ops_par_loop_group_12	update_halo_kernel3_plus_2_a+update_halo_kernel2_xvel_plus_2_a
7558	0.000017724	123008	ops_par_loop_update_halo_kernel4_minus_4_b_29	update_halo_kernel4_minus_4_b
7559	0.000020980	553536	ops_par_loop_group_14	update_halo_kernel1_t2+update_halo_kernel4_minus_2_b
7560	0.000019948	430528	ops_par_loop_update_halo_kernel1_t1_14	update_halo_kernel1_t1
7561	0.000018656	246080	ops_par_loop_group_16	update_halo_kernel2_xvel_plus_4_b+update_halo_kernel2_yvel_minus_4_b
7562	0.000018054	246080	ops_par_loop_group_17	update_halo_kernel3_plus_4_b+update_halo_kernel2_xvel_plus_2_b
7563	0.000018094	123040	ops_par_loop_update_halo_kernel3_plus_2_b_22	update_halo_kernel3_plus_2_b
7564	0.000024597	553536	ops_par_loop_group_19	update_halo_kernel1_l2+update_halo_kernel3_minus_4_a
7565	0.000021962	553536	ops_par_loop_group_20	update_halo_kernel1_l1+update_halo_kernel3_minus_2_a
7566	0.000018816	123008	ops_par_loop_update_halo_kernel3_minus_4_b_25	update_halo_kernel3_minus_4_b
7567	0.000024266	553536	ops_par_loop_group_22	update_halo_kernel1_r2+update_halo_kernel3_minus_2_b
7568	0.000020629	430528	ops_par_loop_update_halo_kernel1_r1_18	update_halo_kernel1_r1
7569	0.000020359	246080	ops_par_loop_group_24	update_halo_kernel4_plus_4_a+update_halo_kernel2_xvel_minus_4_a
7570	0.000019487	246080	ops_par_loop_group_25	update_halo_kernel4_plus_2_a+update_halo_kernel2_xvel_minus_2_a
7571	0.000017944	123040	ops_par_loop_update_halo_kernel2_yvel_minus_4_a_54	update_halo_kernel2_yvel_minus_4_a
7572	0.000017403	123040	ops_par_loop_update_halo_kernel2_yvel_minus_2_a_55	update_halo_kernel2_yvel_minus_2_a
7573	0.000016792	123040	ops_par_loop_update_halo_kernel2_yvel_minus_2_b_57	update_halo_kernel2_yvel_minus_2_b
7574	0.000019878	246080	ops_par_loop_group_29	update_halo_kernel2_xvel_minus_4_b+update_halo_kernel2_yvel_plus_4_b
7575	0.000019738	246080	ops_par_loop_group_30	update_halo_kernel4_plus_4_b+update_halo_kernel2_xvel_minus_2_b
7576	0.000017563	123040	ops_par_loop_update_halo_kernel4_plus_2_b_34	update_halo_kernel4_plus_2_b
7577	0.000521651	591053440	ops_par_loop_advec_cell_kernel1_ydir_35	advec_cell_kernel1_ydir
7578	0.000756457	708203544	ops_par_loop_advec_cell_kernel3_ydir_36	advec_cell_kernel3_ydir
7579	0.001411852	1533542400	ops_par_loop_advec_cell_kernel4_ydir_37	advec_cell_kernel4_ydir
7580	0.000022533	553536	ops_par_loop_group_35	update_halo_kernel1_b2+update_halo_kernel4_minus_4_a
7581	0.000020248	553536	ops_par_loop_group_36	update_halo_kernel1_b1+update_halo_kernel4_minus_2_a
7582	0.000017964	123008	ops_par_loop_update_halo_kernel4_minus_4_b_64	update_halo_kernel4_minus_4_b
7583	0.000020850	553536	ops_par_loop_group_38	update_halo_kernel1_t2+update_halo_kernel4_minus_2_b
7584	0.000020139	430528	ops_par_loop_update_halo_kernel1_t1_41	update_halo_kernel1_t1
7585	0.000023034	430528	ops_par_loop_update_halo_kernel1_l2_42	update_halo_kernel1_l2
7586	0.000020589	430528	ops_par_loop_update_halo_kernel1_l1_43	update_halo_kernel1_l1
7587	0.000023394	430528	ops_par_loop_update_halo_kernel1_r2_44	update_halo_kernel1_r2
7588	0.000020219	430528	ops_par_loop_update_halo_kernel1_r1_45	update_halo_kernel1_r1
7589	0.000020469	246080	ops_par_loop_group_44	update_halo_kernel2_yvel_plus_4_a+update_halo_kernel4_plus_4_a
7590	0.000018826	246080	ops_par_loop_group_45	update_halo_kernel2_yvel_plus_2_a+update_halo_kernel4_plus_2_a
7591	0.000021070	246080	ops_par_loop_group_46	update_halo_kernel2_yvel_plus_2_b+update_halo_kernel4_plus_4_b
7592	0.000018125	123040	ops_par_loop_update_halo_kernel4_plus_2_b_69	update_halo_kernel4_plus_2_b
7593	0.000521381	591053440	ops_par_loop_advec_mom_kernel_y1_70	advec_mom_kernel_y1
7594	0.000188608	236236864	ops_par_loop_advec_mom_kernel_mass_flux_y_71	advec_mom_kernel_mass_flux_y
7595	0.000497185	590438520	ops_par_loop_advec_mom_kernel_post_pre_advec_y_72	advec_mom_kernel_post_pre_advec_y
7596	0.000844755	472258640	ops_par_loop_advec_mom_kernel1_y_nonvector_73	advec_mom_kernel1_y_nonvector
7597	0.000448321	590131240	ops_par_loop_advec_mom_kernel2_y_74	advec_mom_kernel2_y
7598	0.000523945	591053440	ops_par_loop_advec_mom_kernel_y1_75	advec_mom_kernel_y1
7599	0.000188819	236236864	ops_par_loop_advec_mom_kernel_mass_flux_y_76	advec_mom_kernel_mass_flux_y
7600	0.000495491	590438520	ops_par_loop_advec_mom_kernel_post_pre_advec_y_77	advec_mom_kernel_post_pre_advec_y
7601	0.000839525	472258640	ops_par_loop_advec_mom_kernel1_y_nonvector_78	advec_mom_kernel1_y_nonvector
7602	0.000452199	590131240	ops_par_loop_advec_mom_kernel2_y_79	advec_mom_kernel2_y
7603	0.000456006	472842752	ops_par_loop_advec_cell_kernel2_xdir_80	advec_cell_kernel2_xdir
7604	0.000743662	708203544	ops_par_loop_advec_cell_kernel3_xdir_81	advec_cell_kernel3_xdir
7605	0.001402183	1533542400	ops_par_loop_advec_cell_kernel4_xdir_82	advec_cell_kernel4_xdir
7606	0.000022703	553536	ops_par_loop_group_61	update_halo_kernel1_b2+update_halo_kernel4_minus_4_a
7607	0.000020810	553536	ops_par_loop_group_62	update_halo_kernel1_b1+update_halo_kernel4_minus_2_a
7608	0.000018595	246080	ops_par_loop_group_63	update_halo_kernel2_xvel_plus_4_a+update_halo_kernel2_yvel_minus_4_a
7609	0.000018795	246080	ops_par_loop_group_64	update_halo_kernel2_xvel_plus_2_a+update_halo_kernel2_yvel_minus_2_a
7610	0.000019197	246080	ops_par_loop_group_65	update_halo_kernel2_xvel_plus_4_b+update_halo_kernel2_yvel_minus_4_b
7611	0.000018916	246080	ops_par_loop_group_66	update_halo_kernel2_xvel_plus_2_b+update_halo_kernel2_yvel_minus_2_b
7612	0.000020869	246080	ops_par_loop_group_67	update_halo_kernel2_xvel_minus_4_a+update_halo_kernel2_yvel_plus_4_a
7613	0.000019817	246080	ops_par_loop_group_68	update_halo_kernel2_xvel_minus_2_a+update_halo_kernel2_yvel_plus_2_a
7614	0.000021040	246080	ops_par_loop_group_69	update_halo_kernel2_xvel_minus_4_b+update_halo_kernel2_yvel_plus_4_b
7615	0.000020018	246080	ops_par_loop_group_70	update_halo_kernel2_xvel_minus_2_b+update_halo_kernel2_yvel_plus_2_b
7616	0.000018505	123040	ops_par_loop_update_halo_kernel3_plus_4_a_107	update_halo_kernel3_plus_4_a
7617	0.000018084	123040	ops_par_loop_update_halo_kernel3_plus_2_a_108	update_halo_kernel3_plus_2_a
7618	0.000017874	123040	ops_par_loop_update_halo_kernel3_plus_4_b_109	update_halo_kernel3_plus_4_b
7619	0.000018836	123040	ops_par_loop_update_halo_kernel3_plus_2_b_110	update_halo_kernel3_plus_2_b
7620	0.000018515	123008	ops_par_loop_update_halo_kernel3_minus_4_b_113	update_halo_kernel3_minus_4_b
7621	0.000017914	123008	ops_par_loop_update_halo_kernel4_minus_4_b_117	update_halo_kernel4_minus_4_b
7622	0.000020969	553536	ops_par_loop_group_77	update_halo_kernel1_t2+update_halo_kernel4_minus_2_b
7623	0.000019617	430528	ops_par_loop_update_halo_kernel1_t1_86	update_halo_kernel1_t1
7624	0.000026350	553536	ops_par_loop_group_79	update_halo_kernel1_l2+update_halo_kernel3_minus_4_a
7625	0.000022313	553536	ops_par_loop_group_80	update_halo_kernel1_l1+update_halo_kernel3_minus_2_a
7626	0.000024035	553536	ops_par_loop_group_81	update_halo_kernel1_r2+update_halo_kernel3_minus_2_b
7627	0.000021611	430528	ops_par_loop_update_halo_kernel1_r1_90	update_halo_kernel1_r1
7628	0.000019247	123040	ops_par_loop_update_halo_kernel4_plus_4_a_119	update_halo_kernel4_plus_4_a
7629	0.000018546	123040	ops_par_loop_update_halo_kernel4_plus_2_a_120	update_halo_kernel4_plus_2_a
7630	0.000019387	123040	ops_par_loop_update_halo_kernel4_plus_4_b_121	update_halo_kernel4_plus_4_b
7631	0.000025007	123040	ops_par_loop_update_halo_kernel4_plus_2_b_122	update_halo_kernel4_plus_2_b
7632	0.001140246	944701952	ops_par_loop_group_87	advec_mom_kernel_x2+reset_field_kernel1
7633	0.000744234	708096064	ops_par_loop_group_88	advec_mom_kernel_mass_flux_x+ideal_gas_kernel
7634	0.000532511	590438520	ops_par_loop_advec_mom_kernel_post_pre_advec_x_125	advec_mom_kernel_post_pre_advec_x
7635	0.000850025	472258640	ops_par_loop_advec_mom_kernel1_x_nonvector_126	advec_mom_kernel1_x_nonvector
7636	0.000443121	590131240	ops_par_loop_advec_mom_kernel2_x_127	advec_mom_kernel2_x
7637	0.000461657	472842752	ops_par_loop_advec_mom_kernel_x2_128	advec_mom_kernel_x2
7638	0.000190181	236236864	ops_par_loop_advec_mom_kernel_mass_flux_x_129	advec_mom_kernel_mass_flux_x
7639	0.000532201	590438520	ops_par_loop_advec_mom_kernel_post_pre_advec_x_130	advec_mom_kernel_post_pre_advec_x
7640	0.000850866	472258640	ops_par_loop_advec_mom_kernel1_x_nonvector_131	advec_mom_kernel1_x_nonvector
7641	0.000718334	1062236232	ops_par_loop_group_96	advec_mom_kernel2_x+reset_field_kernel2
7642	0.000020949	430304	ops_par_loop_update_halo_kernel1_b1_136	update_halo_kernel1_b1
7643	0.000020900	430304	ops_par_loop_update_halo_kernel1_t1_137	update_halo_kernel1_t1
7644	0.000023845	430304	ops_par_loop_update_halo_kernel1_l1_138	update_halo_kernel1_l1
7645	0.000023665	430304	ops_par_loop_update_halo_kernel1_r1_139	update_halo_kernel1_r1
7646	0.000019337	245952	ops_par_loop_group_101	update_halo_kernel2_xvel_plus_2_a+update_halo_kernel2_yvel_minus_2_a
7647	0.000019147	245952	ops_par_loop_group_102	update_halo_kernel2_xvel_plus_2_b+update_halo_kernel2_yvel_minus_2_b
7648	0.000019727	245952	ops_par_loop_group_103	update_halo_kernel2_xvel_minus_2_a+update_halo_kernel2_yvel_plus_2_a
7649	0.000020740	245952	ops_par_loop_group_104	update_halo_kernel2_xvel_minus_2_b+update_halo_kernel2_yvel_plus_2_b
7650	0.001666135	589885440	ops_par_loop_viscosity_kernel_148	viscosity_kernel
7651	0.000020839	430304	ops_par_loop_update_halo_kernel1_b1_149	update_halo_kernel1_b1
7652	0.000019767	430304	ops_par_loop_update_halo_kernel1_t1_150	update_halo_kernel1_t1
7653	0.000022693	430304	ops_par_loop_update_halo_kernel1_l1_151	update_halo_kernel1_l1
7654	0.000022392	430304	ops_par_loop_update_halo_kernel1_r1_152	update_halo_kernel1_r1
7655	0.000882927	1061744640	ops_par_loop_calc_dt_kernel_153	calc_dt_kernel
7656	0.001489288	1887436800	ops_par_loop_group_0	PdV_kernel_predict+ideal_gas_kernel
7657	0.000021721	430304	ops_par_loop_update_halo_kernel1_b1_2	update_halo_kernel1_b1
7658	0.000019948	430304	ops_par_loop_update_halo_kernel1_t1_3	update_halo_kernel1_t1
7659	0.000023524	430304	ops_par_loop_update_halo_kernel1_l1_4	update_halo_kernel1_l1
7660	0.000023525	430304	ops_par_loop_update_halo_kernel1_r1_5	update_halo_kernel1_r1
7661	0.001553420	1770147928	ops_par_loop_group_5	revert_kernel+accelerate_kernel
7662	0.001358240	1651507200	ops_par_loop_PdV_kernel_nopredict_8	PdV_kernel_nopredict
7663	0.000364282	471982080	ops_par_loop_flux_calc_kernelx_9	flux_calc_kernelx
7664	0.000358862	471982080	ops_par_loop_flux_calc_kernely_10	flux_calc_kernely
7665	0.000022633	553536	ops_par_loop_group_9	update_halo_kernel1_b2+update_halo_kernel4_minus_4_a
7666	0.000021120	553536	ops_par_loop_group_10	update_halo_kernel1_b1+update_halo_kernel4_minus_2_a
7667	0.000019798	246080	ops_par_loop_group_11	update_halo_kernel3_plus_4_a+update_halo_kernel2_xvel_plus_4_a
7668	0.000019147	246080	ops_par_loop_group_12	update_halo_kernel3_plus_2_a+update_halo_kernel2_xvel_plus_2_a
7669	0.000018655	123008	ops_par_loop_update_halo_kernel4_minus_4_b_29	update_halo_kernel4_minus_4_b
7670	0.000021421	553536	ops_par_loop_group_14	update_halo_kernel1_t2+update_halo_kernel4_minus_2_b
7671	0.000020639	430528	ops_par_loop_update_halo_kernel1_t1_14	update_halo_kernel1_t1
7672	0.000019707	246080	ops_par_loop_group_16	update_halo_kernel2_xvel_plus_4_b+update_halo_kernel2_yvel_minus_4_b
7673	0.000018815	246080	ops_par_loop_group_17	update_halo_kernel3_plus_4_b+update_halo_kernel2_xvel_plus_2_b
7674	0.000018305	123040	ops_par_loop_update_halo_kernel3_plus_2_b_22	update_halo_kernel3_plus_2_b
7675	0.000026510	553536	ops_par_loop_group_19	update_halo_kernel1_l2+update_halo_kernel3_minus_4_a
7676	0.000022553	553536	ops_par_loop_group_20	update_halo_kernel1_l1+update_halo_kernel3_minus_2_a
7677	0.000019307	123008	ops_par_loop_update_halo_kernel3_minus_4_b_25	update_halo_kernel3_minus_4_b
7678	0.000023896	553536	ops_par_loop_group_22	update_halo_kernel1_r2+update_halo_kernel3_minus_2_b
7679	0.000021320	430528	ops_par_loop_update_halo_kernel1_r1_18	update_halo_kernel1_r1
7680	0.000021220	246080	ops_par_loop_group_24	update_halo_kernel4_plus_4_a+update_halo_kernel2_xvel_minus_4_a
7681	0.000019197	246080	ops_par_loop_group_25	update_halo_kernel4_plus_2_a+update_halo_kernel2_xvel_minus_2_a
7682	0.000017954	123040	ops_par_loop_update_halo_kernel2_yvel_minus_4_a_54	update_halo_kernel2_yvel_minus_4_a
7683	0.000017734	123040	ops_par_loop_update_halo_kernel2_yvel_minus_2_a_55	update_halo_kernel2_yvel_minus_2_a
7684	0.000017924	123040	ops_par_loop_update_halo_kernel2_yvel_minus_2_b_57	update_halo_kernel2_yvel_minus_2_b
7685	0.000020248	246080	ops_par_loop_group_29	update_halo_kernel2_xvel_minus_4_b+update_halo_kernel2_yvel_plus_4_b
7686	0.000020479	246080	ops_par_loop_group_30	update_halo_kernel4_plus_4_b+update_halo_kernel2_xvel_minus_2_b
7687	0.000018425	123040	ops_par_loop_update_halo_kernel4_plus_2_b_34	update_halo_kernel4_plus_2_b
7688	0.000563000	591053440	ops_par_loop_advec_cell_kernel1_xdir_35	advec_cell_kernel1_xdir
7689	0.000772507	708203544	ops_par_loop_advec_cell_kernel3_xdir_36	advec_cell_kernel3_xdir
7690	0.001460854	1533542400	ops_par_loop_advec_cell_kernel4_xdir_37	advec_cell_kernel4_xdir
7691	0.000021481	430528	ops_par_loop_update_halo_kernel1_b2_38	update_halo_kernel1_b2
7692	0.000020369	430528	ops_par_loop_update_halo_kernel1_b1_39	update_halo_kernel1_b1
7693	0.000019727	430528	ops_par_loop_update_halo_kernel1_t2_40	update_halo_kernel1_t2
7694	0.000020729	430528	ops_par_loop_update_halo_kernel1_t1_41	update_halo_kernel1_t1
7695	0.000019106	123040	ops_par_loop_update_halo_kernel3_plus_4_a_62	update_halo_kernel3_plus_4_a
7696	0.000019107	123040	ops_par_loop_update_halo_kernel3_plus_2_a_63	update_halo_kernel3_plus_2_a
7697	0.000018856	123040	ops_par_loop_update_halo_kernel3_plus_4_b_64	update_halo_kernel3_plus_4_b
7698	0.000018415	123040	ops_par_loop_update_halo_kernel3_plus_2_b_65	update_halo_kernel3_plus_2_b
7699	0.000026661	553536	ops_par_loop_group_43	update_halo_kernel1_l2+update_halo_kernel3_minus_4_a
7700	0.000023154	553536	ops_par_loop_group_44	update_halo_kernel1_l1+update_halo_kernel3_minus_2_a
7701	0.000019417	123008	ops_par_loop_update_halo_kernel3_minus_4_b_68	update_halo_kernel3_minus_4_b
7702	0.000030398	553536	ops_par_loop_group_46	update_halo_kernel1_r2+update_halo_kernel3_minus_2_b
7703	0.000021902	430528	ops_par_loop_update_halo_kernel1_r1_45	update_halo_kernel1_r1
7704	0.000563370	591053440	ops_par_loop_advec_mom_kernel_x1_70	advec_mom_kernel_x1
7705	0.000193918	236236864	ops_par_loop_advec_mom_kernel_mass_flux_x_71	advec_mom_kernel_mass_flux_x
7706	0.000573369	590438520	ops_par_loop_advec_mom_kernel_post_pre_advec_x_72	advec_mom_kernel_post_pre_advec_x
7707	0.000881685	472258640	ops_par_loop_advec_mom_kernel1_x_nonvector_73	advec_mom_kernel1_x_nonvector
7708	0.000450455	590131240	ops_par_loop_advec_mom_kernel2_x_74	advec_mom_kernel2_x
7709	0.000561406	591053440	ops_par_loop_advec_mom_kernel_x1_75	advec_mom_kernel_x1
7710	0.000194740	236236864	ops_par_loop_advec_mom_kernel_mass_flux_x_76	advec_mom_kernel_mass_flux_x
7711	0.000575403	590438520	ops_par_loop_advec_mom_kernel_post_pre_advec_x_77	advec_mom_kernel_post_pre_advec_x
7712	0.000021131	246080	ops_par_loop_group_56	update_halo_kernel2_xvel_plus_4_a+update_halo_kernel3_plus_4_a
7713	0.000019126	246080	ops_par_loop_group_57	update_halo_kernel2_xvel_plus_2_a+update_halo_kernel3_plus_2_a
7714	0.000018445	123040	ops_par_loop_update_halo_kernel2_xvel_plus_4_b_93	update_halo_kernel2_xvel_plus_4_b
7715	0.000019988	246080	ops_par_loop_group_59	update_halo_kernel2_xvel_plus_2_b+update_halo_kernel3_plus_4_b
7716	0.000021560	246080	ops_par_loop_group_60	update_halo_kernel2_yvel_plus_4_a+update_halo_kernel2_xvel_minus_4_a
7717	0.000019517	246080	ops_par_loop_group_61	update_halo_kernel2_yvel_plus_2_a+update_halo_kernel2_xvel_minus_2_a
7718	0.000019117	123040	ops_par_loop_update_halo_kernel2_xvel_minus_4_b_97	update_halo_kernel2_xvel_minus_4_b
7719	0.000021441	246080	ops_par_loop_group_63	update_halo_kernel2_yvel_plus_2_b+update_halo_kernel2_xvel_minus_2_b
7720	0.000882366	472258640	ops_par_loop_advec_mom_kernel1_x_nonvector_78	advec_mom_kernel1_x_nonvector
7721	0.000446287	590131240	ops_par_loop_advec_mom_kernel2_x_79	advec_mom_kernel2_x
7722	0.000498878	472842752	ops_par_loop_advec_cell_kernel2_ydir_80	advec_cell_kernel2_ydir
7723	0.000788688	708203544	ops_par_loop_advec_cell_kernel3_ydir_81	advec_cell_kernel3_ydir
7724	0.001474841	1533542400	ops_par_loop_advec_cell_kernel4_ydir_82	advec_cell_kernel4_ydir
7725	0.000022383	553536	ops_par_loop_group_69	update_halo_kernel1_b2+update_halo_kernel4_minus_4_a
7726	0.000021310	553536	ops_par_loop_group_70	update_halo_kernel1_b1+update_halo_kernel4_minus_2_a
7727	0.000018776	123040	ops_par_loop_update_halo_kernel2_yvel_minus_4_a_99	update_halo_kernel2_yvel_minus_4_a
7728	0.000018114	123040	ops_par_loop_update_halo_kernel2_yvel_minus_2_a_100	update_halo_kernel2_yvel_minus_2_a
7729	0.000017774	123040	ops_par_loop_update_halo_kernel2_yvel_minus_4_b_101	update_halo_kernel2_yvel_minus_4_b
7730	0.000018285	123040	ops_par_loop_update_halo_kernel2_yvel_minus_2_b_102	update_halo_kernel2_yvel_minus_2_b
7731	0.000019627	123040	ops_par_loop_update_halo_kernel2_yvel_plus_4_b_105	update_halo_kernel2_yvel_plus_4_b
7732	0.000018846	123040	ops_par_loop_update_halo_kernel3_plus_2_b_110	update_halo_kernel3_plus_2_b
7733	0.000018695	123008	ops_par_loop_update_halo_kernel3_minus_4_b_113	update_halo_kernel3_minus_4_b
7734	0.000018475	123008	ops_par_loop_update_halo_kernel4_minus_4_b_117	update_halo_kernel4_minus_4_b
7735	0.000022042	553536	ops_par_loop_group_79	update_halo_kernel1_t2+update_halo_kernel4_minus_2_b
7736	0.000019608	430528	ops_par_loop_update_halo_kernel1_t1_86	update_halo_kernel1_t1
7737	0.000026330	553536	ops_par_loop_group_81	update_halo_kernel1_l2+update_halo_kernel3_minus_4_a
7738	0.000022813	553536	ops_par_loop_group_82	update_halo_kernel1_l1+update_halo_kernel3_minus_2_a
7739	0.000024266	553536	ops_par_loop_group_83	update_halo_kernel1_r2+update_halo_kernel3_minus_2_b
7740	0.000021160	430528	ops_par_loop_update_halo_kernel1_r1_90	update_halo_kernel1_r1
7741	0.000021180	246080	ops_par_loop_group_85	update_halo_kernel2_yvel_plus_4_a+update_halo_kernel4_plus_4_a
7742	0.000020058	246080	ops_par_loop_group_86	update_halo_kernel2_yvel_plus_2_a+update_halo_kernel4_plus_2_a
7743	0.000061116	246080	ops_par_loop_group_87	update_halo_kernel2_yvel_plus_2_b+update_halo_kernel4_plus_4_b
7744	0.000020288	123040	ops_par_loop_update_halo_kernel4_plus_2_b_122	update_halo_kernel4_plus_2_b
7745	0.001197895	944701952	ops_par_loop_group_89	advec_mom_kernel_y2+reset_field_kernel1
7746	0.000734886	708096064	ops_par_loop_group_90	advec_mom_kernel_mass_flux_y+ideal_gas_kernel
7747	0.000532632	590438520	ops_par_loop_advec_mom_kernel_post_pre_advec_y_125	advec_mom_kernel_post_pre_advec_y
7748	0.000877256	472258640	ops_par_loop_advec_mom_kernel1_y_nonvector_126	advec_mom_kernel1_y_nonvector
7749	0.000444404	590131240	ops_par_loop_advec_mom_kernel2_y_127	advec_mom_kernel2_y
7750	0.000489299	472842752	ops_par_loop_advec_mom_kernel_y2_128	advec_mom_kernel_y2
7751	0.000191825	236236864	ops_par_loop_advec_mom_kernel_mass_flux_y_129	advec_mom_kernel_mass_flux_y
7752	0.000533494	590438520	ops_par_loop_advec_mom_kernel_post_pre_advec_y_130	advec_mom_kernel_post_pre_advec_y
7753	0.000872757	472258640	ops_par_loop_advec_mom_kernel1_y_nonvector_131	advec_mom_kernel1_y_nonvector
7754	0.000732411	1062236232	ops_par_loop_group_98	advec_mom_kernel2_y+reset_field_kernel2
7755	0.000022352	430304	ops_par_loop_update_halo_kernel1_b1_136	update_halo_kernel1_b1
7756	0.000020018	430304	ops_par_loop_update_halo_kernel1_t1_137	update_halo_kernel1_t1
7757	0.000025198	430304	ops_par_loop_update_halo_kernel1_l1_138	update_halo_kernel1_l1
7758	0.000023846	430304	ops_par_loop_update_halo_kernel1_r1_139	update_halo_kernel1_r1
7759	0.000019808	245952	ops_par_loop_group_103	update_halo_kernel2_xvel_plus_2_a+update_halo_kernel2_yvel_minus_2_a
7760	0.000019247	245952	ops_par_loop_group_104	update_halo_kernel2_xvel_plus_2_b+update_halo_kernel2_yvel_minus_2_b
7761	0.000020749	245952	ops_par_loop_group_105	update_halo_kernel2_xvel_minus_2_a+update_halo_kernel2_yvel_plus_2_a
7762	0.000021421	245952	ops_par_loop_group_106	update_halo_kernel2_xvel_minus_2_b+update_halo_kernel2_yvel_plus_2_b
7763	0.001731429	589885440	ops_par_loop_viscosity_kernel_148	viscosity_kernel
7764	0.000021681	430304	ops_par_loop_update_halo_kernel1_b1_149	update_halo_kernel1_b1
7765	0.000019988	430304	ops_par_loop_update_halo_kernel1_t1_150	update_halo_kernel1_t1
7766	0.000023725	430304	ops_par_loop_update_halo_kernel1_l1_151	update_halo_kernel1_l1
7767	0.000023645	430304	ops_par_loop_update_halo_kernel1_r1_152	update_halo_kernel1_r1
7768	0.000916030	1061744640	ops_par_loop_calc_dt_kernel_153	calc_dt_kernel
7769	0.001505660	1887436800	ops_par_loop_group_0	PdV_kernel_predict+ideal_gas_kernel
7770	0.000022724	430304	ops_par_loop_update_halo_kernel1_b1_2	update_halo_kernel1_b1
7771	0.000020088	430304	ops_par_loop_update_halo_kernel1_t1_3	update_halo_kernel1_t1
7772	0.000024397	430304	ops_par_loop_update_halo_kernel1_l1_4	update_halo_kernel1_l1
7773	0.000023875	430304	ops_par_loop_update_halo_kernel1_r1_5	update_halo_kernel1_r1
7774	0.001558700	1770147928	ops_par_loop_group_5	revert_kernel+accelerate_kernel
7775	0.001356917	1651507200	ops_par_loop_PdV_kernel_nopredict_8	PdV_kernel_nopredict
7776	0.000367448	471982080	ops_par_loop_flux_calc_kernelx_9	flux_calc_kernelx
7777	0.000359703	471982080	ops_par_loop_flux_calc_kernely_10	flux_calc_kernely
7778	0.000026280	553536	ops_par_loop_group_9	update_halo_kernel1_b2+update_halo_kernel4_minus_4_a
7779	0.000025869	553536	ops_par_loop_group_10	update_halo_kernel1_b1+update_halo_kernel4_minus_2_a
7780	0.000022453	246080	ops_par_loop_group_11	update_halo_kernel3_plus_4_a+update_halo_kernel2_xvel_plus_4_a
7781	0.000020489	246080	ops_par_loop_group_12	update_halo_kernel3_plus_2_a+update_halo_kernel2_xvel_plus_2_a
7782	0.000021171	123008	ops_par_loop_update_halo_kernel4_minus_4_b_29	update_halo_kernel4_minus_4_b
7783	0.000022703	553536	ops_par_loop_group_14	update_halo_kernel1_t2+update_halo_kernel4_minus_2_b
7784	0.000020840	430528	ops_par_loop_update_halo_kernel1_t1_14	update_halo_kernel1_t1
7785	0.000021872	246080	ops_par_loop_group_16	update_halo_kernel2_xvel_plus_4_b+update_halo_kernel2_yvel_minus_4_b
7786	0.000020409	246080	ops_par_loop_group_17	update_halo_kernel3_plus_4_b+update_halo_kernel2_xvel_plus_2_b
7787	0.000019617	123040	ops_par_loop_update_halo_kernel3_plus_2_b_22	update_halo_kernel3_plus_2_b
7788	0.000026270	553536	ops_par_loop_group_19	update_halo_kernel1_l2+update_halo_kernel3_minus_4_a
7789	0.000024115	553536	ops_par_loop_group_20	update_halo_kernel1_l1+update_halo_kernel3_minus_2_a
7790	0.000019958	123008	ops_par_loop_update_halo_kernel3_minus_4_b_25	update_halo_kernel3_minus_4_b
7791	0.000025138	553536	ops_par_loop_group_22	update_halo_kernel1_r2+update_halo_kernel3_minus_2_b
7792	0.000022382	430528	ops_par_loop_update_halo_kernel1_r1_18	update_halo_kernel1_r1
7793	0.000022503	246080	ops_par_loop_group_24	update_halo_kernel4_plus_4_a+update_halo_kernel2_xvel_minus_4_a
7794	0.000020428	246080	ops_par_loop_group_25	update_halo_kernel4_plus_2_a+update_halo_kernel2_xvel_minus_2_a
7795	0.000018846	123040	ops_par_loop_update_halo_kernel2_yvel_minus_4_a_54	update_halo_kernel2_yvel_minus_4_a
7796	0.000019016	123040	ops_par_loop_update_halo_kernel2_yvel_minus_2_a_55	update_halo_kernel2_yvel_minus_2_a
7797	0.000018495	123040	ops_par_loop_update_halo_kernel2_yvel_minus_2_b_57	update_halo_kernel2_yvel_minus_2_b
7798	0.000021250	246080	ops_par_loop_group_29	update_halo_kernel2_xvel_minus_4_b+update_halo_kernel2_yvel_plus_4_b
7799	0.000021771	246080	ops_par_loop_group_30	update_halo_kernel4_plus_4_b+update_halo_kernel2_xvel_minus_2_b
7800	0.000018656	123040	ops_par_loop_update_halo_kernel4_plus_2_b_34	update_halo_kernel4_plus_2_b
7801	0.000565073	591053440	ops_par_loop_advec_cell_kernel1_ydir_35	advec_cell_kernel1_ydir
7802	0.000787946	708203544	ops_par_loop_advec_cell_kernel3_ydir_36	advec_cell_kernel3_ydir
7803	0.001472747	1533542400	ops_par_loop_advec_cell_kernel4_ydir_37	advec_cell_kernel4_ydir
7804	0.000022202	553536	ops_par_loop_group_35	update_halo_kernel1_b2+update_halo_kernel4_minus_4_a
7805	0.000021400	553536	ops_par_loop_group_36	update_halo_kernel1_b1+update_halo_kernel4_minus_2_a
7806	0.000019377	123008	ops_par_loop_update_halo_kernel4_minus_4_b_64	update_halo_kernel4_minus_4_b
7807	0.000021931	553536	ops_par_loop_group_38	update_halo_kernel1_t2+update_halo_kernel4_minus_2_b
7808	0.000020829	430528	ops_par_loop_update_halo_kernel1_t1_41	update_halo_kernel1_t1
7809	0.000023775	430528	ops_par_loop_update_halo_kernel1_l2_42	update_halo_kernel1_l2
7810	0.000021932	430528	ops_par_loop_update_halo_kernel1_l1_43	update_halo_kernel1_l1
7811	0.000023826	430528	ops_par_loop_update_halo_kernel1_r2_44	update_halo_kernel1_r2
7812	0.000021411	430528	ops_par_loop_update_halo_kernel1_r1_45	update_halo_kernel1_r1
7813	0.000020940	246080	ops_par_loop_group_44	update_halo_kernel2_yvel_plus_4_a+update_halo_kernel4_plus_4_a
7814	0.000020249	246080	ops_par_loop_group_45	update_halo_kernel2_yvel_plus_2_a+update_halo_kernel4_plus_2_a
7815	0.000022072	246080	ops_par_loop_group_46	update_halo_kernel2_yvel_plus_2_b+update_halo_kernel4_plus_4_b
7816	0.000018575	123040	ops_par_loop_update_halo_kernel4_plus_2_b_69	update_halo_kernel4_plus_2_b
7817	0.000559793	591053440	ops_par_loop_advec_mom_kernel_y1_70	advec_mom_kernel_y1
7818	0.000191614	236236864	ops_par_loop_advec_mom_kernel_mass_flux_y_71	advec_mom_kernel_mass_flux_y
7819	0.000534515	590438520	ops_par_loop_advec_mom_kernel_post_pre_advec_y_72	advec_mom_kernel_post_pre_advec_y
7820	0.000877577	472258640	ops_par_loop_advec_mom_kernel1_y_nonvector_73	advec_mom_kernel1_y_nonvector
7821	0.000447510	590131240	ops_par_loop_advec_mom_kernel2_y_74	advec_mom_kernel2_y
7822	0.000561727	591053440	ops_par_loop_advec_mom_kernel_y1_75	advec_mom_kernel_y1
7823	0.000191424	236236864	ops_par_loop_advec_mom_kernel_mass_flux_y_76	advec_mom_kernel_mass_flux_y
7824	0.000534014	590438520	ops_par_loop_advec_mom_kernel_post_pre_advec_y_77	advec_mom_kernel_post_pre_advec_y
7825	0.000872157	472258640	ops_par_loop_advec_mom_kernel1_y_nonvector_78	advec_mom_kernel1_y_nonvector
7826	0.000447019	590131240	ops_par_loop_advec_mom_kernel2_y_79	advec_mom_kernel2_y
7827	0.000491393	472842752	ops_par_loop_advec_cell_kernel2_xdir_80	advec_cell_kernel2_xdir
7828	0.000772668	708203544	ops_par_loop_advec_cell_kernel3_xdir_81	advec_cell_kernel3_xdir
7829	0.001466566	1533542400	ops_par_loop_advec_cell_kernel4_xdir_82	advec_cell_kernel4_xdir
7830	0.000022653	553536	ops_par_loop_group_61	update_halo_kernel1_b2+update_halo_kernel4_minus_4_a
7831	0.000022193	553536	ops_par_loop_group_62	update_halo_kernel1_b1+update_halo_kernel4_minus_2_a
7832	0.000020359	246080	ops_par_loop_group_63	update_halo_kernel2_xvel_plus_4_a+update_halo_kernel2_yvel_minus_4_a
7833	0.000019437	246080	ops_par_loop_group_64	update_halo_kernel2_xvel_plus_2_a+update_halo_kernel2_yvel_minus_2_a
7834	0.000019046	246080	ops_par_loop_group_65	update_halo_kernel2_xvel_plus_4_b+update_halo_kernel2_yvel_minus_4_b
7835	0.000020088	246080	ops_par_loop_group_66	update_halo_kernel2_xvel_plus_2_b+update_halo_kernel2_yvel_minus_2_b
7836	0.000021070	246080	ops_par_loop_group_67	update_halo_kernel2_xvel_minus_4_a+update_halo_kernel2_yvel_plus_4_a
7837	0.000020940	246080	ops_par_loop_group_68	update_halo_kernel2_xvel_minus_2_a+update_halo_kernel2_yvel_plus_2_a
7838	0.000020830	246080	ops_par_loop_group_69	update_halo_kernel2_xvel_minus_4_b+update_halo_kernel2_yvel_plus_4_b
7839	0.000020879	246080	ops_par_loop_group_70	update_halo_kernel2_xvel_minus_2_b+update_halo_kernel2_yvel_plus_2_b
7840	0.000017964	123040	ops_par_loop_update_halo_kernel3_plus_4_a_107	update_halo_kernel3_plus_4_a
7841	0.000018666	123040	ops_par_loop_update_halo_kernel3_plus_2_a_108	update_halo_kernel3_plus_2_a
7842	0.000018335	123040	ops_par_loop_update_halo_kernel3_plus_4_b_109	update_halo_kernel3_plus_4_b
7843	0.000018856	123040	ops_par_loop_update_halo_kernel3_plus_2_b_110	update_halo_kernel3_plus_2_b
7844	0.000020139	123008	ops_par_loop_update_halo_kernel3_minus_4_b_113	update_halo_kernel3_minus_4_b
7845	0.000017914	123008	ops_par_loop_update_halo_kernel4_minus_4_b_117	update_halo_kernel4_minus_4_b
7846	0.000021060	553536	ops_par_loop_group_77	update_halo_kernel1_t2+update_halo_kernel4_minus_2_b
7847	0.000020699	430528	ops_par_loop_update_halo_kernel1_t1_86	update_halo_kernel1_t1
7848	0.000025999	553536	ops_par_loop_group_79	update_halo_kernel1_l2+update_halo_kernel3_minus_4_a
7849	0.000022593	553536	ops_par_loop_group_80	update_halo_kernel1_l1+update_halo_kernel3_minus_2_a
7850	0.000024877	553536	ops_par_loop_group_81	update_halo_kernel1_r2+update_halo_kernel3_minus_2_b
7851	0.000021270	430528	ops_par_loop_update_halo_kernel1_r1_90	update_halo_kernel1_r1
7852	0.000019136	123040	ops_par_loop_update_halo_kernel4_plus_4_a_119	update_halo_kernel4_plus_4_a
7853	0.000018154	123040	ops_par_loop_update_halo_kernel4_plus_2_a_120	update_halo_kernel4_plus_2_a
7854	0.000019417	123040	ops_par_loop_update_halo_kernel4_plus_4_b_121	update_halo_kernel4_plus_4_b
7855	0.000018295	123040	ops_par_loop_update_halo_kernel4_plus_2_b_122	update_halo_kernel4_plus_2_b
7856	0.001199769	944701952	ops_par_loop_group_87	advec_mom_kernel_x2+reset_field_kernel1
7857	0.000803756	708096064	ops_par_loop_group_88	advec_mom_kernel_mass_flux_x+ideal_gas_kernel
7858	0.000576776	590438520	ops_par_loop_advec_mom_kernel_post_pre_advec_x_125	advec_mom_kernel_post_pre_advec_x
7859	0.000883188	472258640	ops_par_loop_advec_mom_kernel1_x_nonvector_126	advec_mom_kernel1_x_nonvector
7860	0.000447891	590131240	ops_par_loop_advec_mom_kernel2_x_127	advec_mom_kernel2_x
7861	0.000497435	472842752	ops_par_loop_advec_mom_kernel_x2_128	advec_mom_kernel_x2
7862	0.000194309	236236864	ops_par_loop_advec_mom_kernel_mass_flux_x_129	advec_mom_kernel_mass_flux_x
7863	0.000572387	590438520	ops_par_loop_advec_mom_kernel_post_pre_advec_x_130	advec_mom_kernel_post_pre_advec_x
7864	0.000883598	472258640	ops_par_loop_advec_mom_kernel1_x_nonvector_131	advec_mom_kernel1_x_nonvector
7865	0.000730998	1062236232	ops_par_loop_group_96	advec_mom_kernel2_x+reset_field_kernel2
7866	0.000491714	471859200	ops_par_loop_ideal_gas_kernel_0	ideal_gas_kernel
7867	0.000022342	430304	ops_par_loop_update_halo_kernel1_b1_1	update_halo_kernel1_b1
7868	0.000020058	430304	ops_par_loop_update_halo_kernel1_t1_2	update_halo_kernel1_t1
7869	0.000024036	430304	ops_par_loop_update_halo_kernel1_l1_3	update_halo_kernel1_l1
7870	0.000023424	430304	ops_par_loop_update_halo_kernel1_r1_4	update_halo_kernel1_r1
7871	0.000019707	245952	ops_par_loop_group_5	update_halo_kernel2_xvel_plus_2_a+update_halo_kernel2_yvel_minus_2_a
7872	0.000019076	245952	ops_par_loop_group_6	update_halo_kernel2_xvel_plus_2_b+update_halo_kernel2_yvel_minus_2_b
7873	0.000020399	245952	ops_par_loop_group_7	update_halo_kernel2_xvel_minus_2_a+update_halo_kernel2_yvel_plus_2_a
7874	0.000021331	245952	ops_par_loop_group_8	update_halo_kernel2_xvel_minus_2_b+update_halo_kernel2_yvel_plus_2_b
7875	0.001730236	589885440	ops_par_loop_viscosity_kernel_13	viscosity_kernel
7876	0.000021932	430304	ops_par_loop_update_halo_kernel1_b1_14	update_halo_kernel1_b1
7877	0.000020038	430304	ops_par_loop_update_halo_kernel1_t1_15	update_halo_kernel1_t1
7878	0.000022492	430304	ops_par_loop_update_halo_kernel1_l1_16	update_halo_kernel1_l1
7879	0.000023574	430304	ops_par_loop_update_halo_kernel1_r1_17	update_halo_kernel1_r1
7880	0.000915369	1061744640	ops_par_loop_calc_dt_kernel_18	calc_dt_kernel
7881	0.001484560	1887436800	ops_par_loop_group_0	PdV_kernel_predict+ideal_gas_kernel
7882	0.000021732	430304	ops_par_loop_update_halo_kernel1_b1_2	update_halo_kernel1_b1
7883	0.000020729	430304	ops_par_loop_update_halo_kernel1_t1_3	update_halo_kernel1_t1
7884	0.000023264	430304	ops_par_loop_update_halo_kernel1_l1_4	update_halo_kernel1_l1
7885	0.000024797	430304	ops_par_loop_update_halo_kernel1_r1_5	update_halo_kernel1_r1
7886	0.001558861	1770147928	ops_par_loop_group_5	revert_kernel+accelerate_kernel
7887	0.001354412	1651507200	ops_par_loop_PdV_kernel_nopredict_8	PdV_kernel_nopredict
7888	0.000360605	471982080	ops_par_loop_flux_calc_kernelx_9	flux_calc_kernelx
7889	0.000362037	471982080	ops_par_loop_flux_calc_kernely_10	flux_calc_kernely
7890	0.000021971	553536	ops_par_loop_group_9	update_halo_kernel1_b2+update_halo_kernel4_minus_4_a
7891	0.000021370	553536	ops_par_loop_group_10	update_halo_kernel1_b1+update_halo_kernel4_minus_2_a
7892	0.000020098	246080	ops_par_loop_group_11	update_halo_kernel3_plus_4_a+update_halo_kernel2_xvel_plus_4_a
7893	0.000019116	246080	ops_par_loop_group_12	update_halo_kernel3_plus_2_a+update_halo_kernel2_xvel_plus_2_a
7894	0.000018785	123008	ops_par_loop_update_halo_kernel4_minus_4_b_29	update_halo_kernel4_minus_4_b
7895	0.000020890	553536	ops_par_loop_group_14	update_halo_kernel1_t2+update_halo_kernel4_minus_2_b
7896	0.000019748	430528	ops_par_loop_update_halo_kernel1_t1_14	update_halo_kernel1_t1
7897	0.000019347	246080	ops_par_loop_group_16	update_halo_kernel2_xvel_plus_4_b+update_halo_kernel2_yvel_minus_4_b
7898	0.000019046	246080	ops_par_loop_group_17	update_halo_kernel3_plus_4_b+update_halo_kernel2_xvel_plus_2_b
7899	0.000018795	123040	ops_par_loop_update_halo_kernel3_plus_2_b_22	update_halo_kernel3_plus_2_b
7900	0.000026199	553536	ops_par_loop_group_19	update_halo_kernel1_l2+update_halo_kernel3_minus_4_a
7901	0.000023104	553536	ops_par_loop_group_20	update_halo_kernel1_l1+update_halo_kernel3_minus_2_a
7902	0.000019637	123008	ops_par_loop_update_halo_kernel3_minus_4_b_25	update_halo_kernel3_minus_4_b
7903	0.000024356	553536	ops_par_loop_group_22	update_halo_kernel1_r2+update_halo_kernel3_minus_2_b
7904	0.000021110	430528	ops_par_loop_update_halo_kernel1_r1_18	update_halo_kernel1_r1
7905	0.000020860	246080	ops_par_loop_group_24	update_halo_kernel4_plus_4_a+update_halo_kernel2_xvel_minus_4_a
7906	0.000020559	246080	ops_par_loop_group_25	update_halo_kernel4_plus_2_a+update_halo_kernel2_xvel_minus_2_a
7907	0.000024347	123040	ops_par_loop_update_halo_kernel2_yvel_minus_4_a_54	update_halo_kernel2_yvel_minus_4_a
7908	0.000017794	123040	ops_par_loop_update_halo_kernel2_yvel_minus_2_a_55	update_halo_kernel2_yvel_minus_2_a
7909	0.000017703	123040	ops_par_loop_update_halo_kernel2_yvel_minus_2_b_57	update_halo_kernel2_yvel_minus_2_b
7910	0.000020950	246080	ops_par_loop_group_29	update_halo_kernel2_xvel_minus_4_b+update_halo_kernel2_yvel_plus_4_b
7911	0.000020729	246080	ops_par_loop_group_30	update_halo_kernel4_plus_4_b+update_halo_kernel2_xvel_minus_2_b
7912	0.000017764	123040	ops_par_loop_update_halo_kernel4_plus_2_b_34	update_halo_kernel4_plus_2_b
7913	0.000562158	591053440	ops_par_loop_advec_cell_kernel1_xdir_35	advec_cell_kernel1_xdir
7914	0.000772677	708203544	ops_par_loop_advec_cell_kernel3_xdir_36	advec_cell_kernel3_xdir
7915	0.001460134	1533542400	ops_par_loop_advec_cell_kernel4_xdir_37	advec_cell_kernel4_xdir
7916	0.000022623	430528	ops_par_loop_update_halo_kernel1_b2_38	update_halo_kernel1_b2
7917	0.000021621	430528	ops_par_loop_update_halo_kernel1_b1_39	update_halo_kernel1_b1
7918	0.000020058	430528	ops_par_loop_update_halo_kernel1_t2_40	update_halo_kernel1_t2
7919	0.000020659	430528	ops_par_loop_update_halo_kernel1_t1_41	update_halo_kernel1_t1
7920	0.000018846	123040	ops_par_loop_update_halo_kernel3_plus_4_a_62	update_halo_kernel3_plus_4_a
7921	0.000018936	123040	ops_par_loop_update_halo_kernel3_plus_2_a_63	update_halo_kernel3_plus_2_a
7922	0.000019116	123040	ops_par_loop_update_halo_kernel3_plus_4_b_64	update_halo_kernel3_plus_4_b
7923	0.000018485	123040	ops_par_loop_update_halo_kernel3_plus_2_b_65	update_halo_kernel3_plus_2_b
7924	0.000025488	553536	ops_par_loop_group_43	update_halo_kernel1_l2+update_halo_kernel3_minus_4_a
7925	0.000022844	553536	ops_par_loop_group_44	update_halo_kernel1_l1+update_halo_kernel3_minus_2_a
7926	0.000019226	123008	ops_par_loop_update_halo_kernel3_minus_4_b_68	update_halo_kernel3_minus_4_b
7927	0.000024376	553536	ops_par_loop_group_46	update_halo_kernel1_r2+update_halo_kernel3_minus_2_b
7928	0.000021040	430528	ops_par_loop_update_halo_kernel1_r1_45	update_halo_kernel1_r1
7929	0.000563971	591053440	ops_par_loop_advec_mom_kernel_x1_70	advec_mom_kernel_x1
7930	0.000195010	236236864	ops_par_loop_advec_mom_kernel_mass_flux_x_71	advec_mom_kernel_mass_flux_x
7931	0.000580162	590438520	ops_par_loop_advec_mom_kernel_post_pre_advec_x_72	advec_mom_kernel_post_pre_advec_x
7932	0.000882166	472258640	ops_par_loop_advec_mom_kernel1_x_nonvector_73	advec_mom_kernel1_x_nonvector
7933	0.000454092	590131240	ops_par_loop_advec_mom_kernel2_x_74	advec_mom_kernel2_x
7934	0.000563360	591053440	ops_par_loop_advec_mom_kernel_x1_75	advec_mom_kernel_x1
7935	0.000193588	236236864	ops_par_loop_advec_mom_kernel_mass_flux_x_76	advec_mom_kernel_mass_flux_x
7936	0.000575173	590438520	ops_par_loop_advec_mom_kernel_post_pre_advec_x_77	advec_mom_kernel_post_pre_advec_x
7937	0.000020750	246080	ops_par_loop_group_56	update_halo_kernel2_xvel_plus_4_a+update_halo_kernel3_plus_4_a
7938	0.000018926	246080	ops_par_loop_group_57	update_halo_kernel2_xvel_plus_2_a+update_halo_kernel3_plus_2_a
7939	0.000018655	123040	ops_par_loop_update_halo_kernel2_xvel_plus_4_b_93	update_halo_kernel2_xvel_plus_4_b
7940	0.000019127	246080	ops_par_loop_group_59	update_halo_kernel2_xvel_plus_2_b+update_halo_kernel3_plus_4_b
7941	0.000022123	246080	ops_par_loop_group_60	update_halo_kernel2_yvel_plus_4_a+update_halo_kernel2_xvel_minus_4_a
7942	0.000019738	246080	ops_par_loop_group_61	update_halo_kernel2_yvel_plus_2_a+update_halo_kernel2_xvel_minus_2_a
7943	0.000019176	123040	ops_par_loop_update_halo_kernel2_xvel_minus_4_b_97	update_halo_kernel2_xvel_minus_4_b
7944	0.000020619	246080	ops_par_loop_group_63	update_halo_kernel2_yvel_plus_2_b+update_halo_kernel2_xvel_minus_2_b
7945	0.000882105	472258640	ops_par_loop_advec_mom_kernel1_x_nonvector_78	advec_mom_kernel1_x_nonvector
7946	0.000453512	590131240	ops_par_loop_advec_mom_kernel2_x_79	advec_mom_kernel2_x
7947	0.000498167	472842752	ops_par_loop_advec_cell_kernel2_ydir_80	advec_cell_kernel2_ydir
7948	0.000788207	708203544	ops_par_loop_advec_cell_kernel3_ydir_81	advec_cell_kernel3_ydir
7949	0.001474871	1533542400	ops_par_loop_advec_cell_kernel4_ydir_82	advec_cell_kernel4_ydir
7950	0.000023544	553536	ops_par_loop_group_69	update_halo_kernel1_b2+update_halo_kernel4_minus_4_a
7951	0.000021171	553536	ops_par_loop_group_70	update_halo_kernel1_b1+update_halo_kernel4_minus_2_a
7952	0.000018846	123040	ops_par_loop_update_halo_kernel2_yvel_minus_4_a_99	update_halo_kernel2_yvel_minus_4_a
7953	0.000017574	123040	ops_par_loop_update_halo_kernel2_yvel_minus_2_a_100	update_halo_kernel2_yvel_minus_2_a
7954	0.000018024	123040	ops_par_loop_update_halo_kernel2_yvel_minus_4_b_101	update_halo_kernel2_yvel_minus_4_b
7955	0.000017955	123040	ops_par_loop_update_halo_kernel2_yvel_minus_2_b_102	update_halo_kernel2_yvel_minus_2_b
7956	0.000020048	123040	ops_par_loop_update_halo_kernel2_yvel_plus_4_b_105	update_halo_kernel2_yvel_plus_4_b
7957	0.000018865	123040	ops_par_loop_update_halo_kernel3_plus_2_b_110	update_halo_kernel3_plus_2_b
7958	0.000018535	123008	ops_par_loop_update_halo_kernel3_minus_4_b_113	update_halo_kernel3_minus_4_b
7959	0.000018595	123008	ops_par_loop_update_halo_kernel4_minus_4_b_117	update_halo_kernel4_minus_4_b
7960	0.000021401	553536	ops_par_loop_group_79	update_halo_kernel1_t2+update_halo_kernel4_minus_2_b
7961	0.000020259	430528	ops_par_loop_update_halo_kernel1_t1_86	update_halo_kernel1_t1
7962	0.000026640	553536	ops_par_loop_group_81	update_halo_kernel1_l2+update_halo_kernel3_minus_4_a
7963	0.000023825	553536	ops_par_loop_group_82	update_halo_kernel1_l1+update_halo_kernel3_minus_2_a
7964	0.000024066	553536	ops_par_loop_group_83	update_halo_kernel1_r2+update_halo_kernel3_minus_2_b
7965	0.000021431	430528	ops_par_loop_update_halo_kernel1_r1_90	update_halo_kernel1_r1
7966	0.000021331	246080	ops_par_loop_group_85	update_halo_kernel2_yvel_plus_4_a+update_halo_kernel4_plus_4_a
7967	0.000019627	246080	ops_par_loop_group_86	update_halo_kernel2_yvel_plus_2_a+update_halo_kernel4_plus_2_a
7968	0.000020179	246080	ops_par_loop_group_87	update_halo_kernel2_yvel_plus_2_b+update_halo_kernel4_plus_4_b
7969	0.000018075	123040	ops_par_loop_update_halo_kernel4_plus_2_b_122	update_halo_kernel4_plus_2_b
7970	0.001196131	944701952	ops_par_loop_group_89	advec_mom_kernel_y2+reset_field_kernel1
7971	0.000737020	708096064	ops_par_loop_group_90	advec_mom_kernel_mass_flux_y+ideal_gas_kernel
7972	0.000529386	590438520	ops_par_loop_advec_mom_kernel_post_pre_advec_y_125	advec_mom_kernel_post_pre_advec_y
7973	0.000876905	472258640	ops_par_loop_advec_mom_kernel1_y_nonvector_126	advec_mom_kernel1_y_nonvector
7974	0.000458260	590131240	ops_par_loop_advec_mom_kernel2_y_127	advec_mom_kernel2_y
7975	0.000490692	472842752	ops_par_loop_advec_mom_kernel_y2_128	advec_mom_kernel_y2
7976	0.000191894	236236864	ops_par_loop_advec_mom_kernel_mass_flux_y_129	advec_mom_kernel_mass_flux_y
7977	0.000534645	590438520	ops_par_loop_advec_mom_kernel_post_pre_advec_y_130	advec_mom_kernel_post_pre_advec_y
7978	0.000872247	472258640	ops_par_loop_advec_mom_kernel1_y_nonvector_131	advec_mom_kernel1_y_nonvector
7979	0.000734926	1062236232	ops_par_loop_group_98	advec_mom_kernel2_y+reset_field_kernel2
7980	0.000021992	430304	ops_par_loop_update_halo_kernel1_b1_136	update_halo_kernel1_b1
7981	0.000019928	430304	ops_par_loop_update_halo_kernel1_t1_137	update_halo_kernel1_t1
7982	0.000024667	430304	ops_par_loop_update_halo_kernel1_l1_138	update_halo_kernel1_l1
7983	0.000024296	430304	ops_par_loop_update_halo_kernel1_r1_139	update_halo_kernel1_r1
7984	0.000019767	245952	ops_par_loop_group_103	update_halo_kernel2_xvel_plus_2_a+update_halo_kernel2_yvel_minus_2_a
7985	0.000019217	245952	ops_par_loop_group_104	update_halo_kernel2_xvel_plus_2_b+update_halo_kernel2_yvel_minus_2_b
7986	0.000021030	245952	ops_par_loop_group_105	update_halo_kernel2_xvel_minus_2_a+update_halo_kernel2_yvel_plus_2_a
7987	0.000020870	245952	ops_par_loop_group_106	update_halo_kernel2_xvel_minus_2_b+update_halo_kernel2_yvel_plus_2_b
7988	0.001730307	589885440	ops_par_loop_viscosity_kernel_148	viscosity_kernel
7989	0.000021621	430304	ops_par_loop_update_halo_kernel1_b1_149	update_halo_kernel1_b1
7990	0.000020148	430304	ops_par_loop_update_halo_kernel1_t1_150	update_halo_kernel1_t1
7991	0.000023935	430304	ops_par_loop_update_halo_kernel1_l1_151	update_halo_kernel1_l1
7992	0.000023515	430304	ops_par_loop_update_halo_kernel1_r1_152	update_halo_kernel1_r1
7993	0.000916210	1061744640	ops_par_loop_calc_dt_kernel_153	calc_dt_kernel
7994	0.001491432	1887436800	ops_par_loop_group_0	PdV_kernel_predict+ideal_gas_kernel
7995	0.000022663	430304	ops_par_loop_update_halo_kernel1_b1_2	update_halo_kernel1_b1
7996	0.000020690	430304	ops_par_loop_update_halo_kernel1_t1_3	update_halo_kernel1_t1
7997	0.000023504	430304	ops_par_loop_update_halo_kernel1_l1_4	update_halo_kernel1_l1
7998	0.000024106	430304	ops_par_loop_update_halo_kernel1_r1_5	update_halo_kernel1_r1
7999	0.001558581	1770147928	ops_par_loop_group_5	revert_kernel+accelerate_kernel
8000	0.001357419	1651507200	ops_par_loop_PdV_kernel_nopredict_8	PdV_kernel_nopredict
8001	0.000361567	471982080	ops_par_loop_flux_calc_kernelx_9	flux_calc_kernelx
8002	0.000357178	471982080	ops_par_loop_flux_calc_kernely_10	flux_calc_kernely
8003	0.000022002	553536	ops_par_loop_group_9	update_halo_kernel1_b2+update_halo_kernel4_minus_4_a
8004	0.000021140	553536	ops_par_loop_group_10	update_halo_kernel1_b1+update_halo_kernel4_minus_2_a
8005	0.000019667	246080	ops_par_loop_group_11	update_halo_kernel3_plus_4_a+update_halo_kernel2_xvel_plus_4_a
8006	0.000020108	246080	ops_par_loop_group_12	update_halo_kernel3_plus_2_a+update_halo_kernel2_xvel_plus_2_a
8007	0.000018976	123008	ops_par_loop_update_halo_kernel4_minus_4_b_29	update_halo_kernel4_minus_4_b
8008	0.000021000	553536	ops_par_loop_group_14	update_halo_kernel1_t2+update_halo_kernel4_minus_2_b
8009	0.000020078	430528	ops_par_loop_update_halo_kernel1_t1_14	update_halo_kernel1_t1
8010	0.000019116	246080	ops_par_loop_group_16	update_halo_kernel2_xvel_plus_4_b+update_halo_kernel2_yvel_minus_4_b
8011	0.000019267	246080	ops_par_loop_group_17	update_halo_kernel3_plus_4_b+update_halo_kernel2_xvel_plus_2_b
8012	0.000018806	123040	ops_par_loop_update_halo_kernel3_plus_2_b_22	update_halo_kernel3_plus_2_b
8013	0.000026150	553536	ops_par_loop_group_19	update_halo_kernel1_l2+update_halo_kernel3_minus_4_a
8014	0.000023965	553536	ops_par_loop_group_20	update_halo_kernel1_l1+update_halo_kernel3_minus_2_a
8015	0.000020839	123008	ops_par_loop_update_halo_kernel3_minus_4_b_25	update_halo_kernel3_minus_4_b
8016	0.000024787	553536	ops_par_loop_group_22	update_halo_kernel1_r2+update_halo_kernel3_minus_2_b
8017	0.000022042	430528	ops_par_loop_update_halo_kernel1_r1_18	update_halo_kernel1_r1
8018	0.000021050	246080	ops_par_loop_group_24	update_halo_kernel4_plus_4_a+update_halo_kernel2_xvel_minus_4_a
8019	0.000019778	246080	ops_par_loop_group_25	update_halo_kernel4_plus_2_a+update_halo_kernel2_xvel_minus_2_a
8020	0.000018776	123040	ops_par_loop_update_halo_kernel2_yvel_minus_4_a_54	update_halo_kernel2_yvel_minus_4_a
8021	0.000017493	123040	ops_par_loop_update_halo_kernel2_yvel_minus_2_a_55	update_halo_kernel2_yvel_minus_2_a
8022	0.000016922	123040	ops_par_loop_update_halo_kernel2_yvel_minus_2_b_57	update_halo_kernel2_yvel_minus_2_b
8023	0.000020529	246080	ops_par_loop_group_29	update_halo_kernel2_xvel_minus_4_b+update_halo_kernel2_yvel_plus_4_b
8024	0.000020208	246080	ops_par_loop_group_30	update_halo_kernel4_plus_4_b+update_halo_kernel2_xvel_minus_2_b
8025	0.000017924	123040	ops_par_loop_update_halo_kernel4_plus_2_b_34	update_halo_kernel4_plus_2_b
8026	0.000561516	591053440	ops_par_loop_advec_cell_kernel1_ydir_35	advec_cell_kernel1_ydir
8027	0.000787886	708203544	ops_par_loop_advec_cell_kernel3_ydir_36	advec_cell_kernel3_ydir
8028	0.001471866	1533542400	ops_par_loop_advec_cell_kernel4_ydir_37	advec_cell_kernel4_ydir
8029	0.000023304	553536	ops_par_loop_group_35	update_halo_kernel1_b2+update_halo_kernel4_minus_4_a
8030	0.000020960	553536	ops_par_loop_group_36	update_halo_kernel1_b1+update_halo_kernel4_minus_2_a
8031	0.000018956	123008	ops_par_loop_update_halo_kernel4_minus_4_b_64	update_halo_kernel4_minus_4_b
8032	0.000021491	553536	ops_par_loop_group_38	update_halo_kernel1_t2+update_halo_kernel4_minus_2_b
8033	0.000020549	430528	ops_par_loop_update_halo_kernel1_t1_41	update_halo_kernel1_t1
8034	0.000023625	430528	ops_par_loop_update_halo_kernel1_l2_42	update_halo_kernel1_l2
8035	0.000021291	430528	ops_par_loop_update_halo_kernel1_l1_43	update_halo_kernel1_l1
8036	0.000022724	430528	ops_par_loop_update_halo_kernel1_r2_44	update_halo_kernel1_r2
8037	0.000020980	430528	ops_par_loop_update_halo_kernel1_r1_45	update_halo_kernel1_r1
8038	0.000021932	246080	ops_par_loop_group_44	update_halo_kernel2_yvel_plus_4_a+update_halo_kernel4_plus_4_a
8039	0.000019898	246080	ops_par_loop_group_45	update_halo_kernel2_yvel_plus_2_a+update_halo_kernel4_plus_2_a
8040	0.000020619	246080	ops_par_loop_group_46	update_halo_kernel2_yvel_plus_2_b+update_halo_kernel4_plus_4_b
8041	0.000018505	123040	ops_par_loop_update_halo_kernel4_plus_2_b_69	update_halo_kernel4_plus_2_b
8042	0.000562168	591053440	ops_par_loop_advec_mom_kernel_y1_70	advec_mom_kernel_y1
8043	0.000191403	236236864	ops_par_loop_advec_mom_kernel_mass_flux_y_71	advec_mom_kernel_mass_flux_y
8044	0.000529737	590438520	ops_par_loop_advec_mom_kernel_post_pre_advec_y_72	advec_mom_kernel_post_pre_advec_y
8045	0.000877376	472258640	ops_par_loop_advec_mom_kernel1_y_nonvector_73	advec_mom_kernel1_y_nonvector
8046	0.000446128	590131240	ops_par_loop_advec_mom_kernel2_y_74	advec_mom_kernel2_y
8047	0.000560454	591053440	ops_par_loop_advec_mom_kernel_y1_75	advec_mom_kernel_y1
8048	0.000195822	236236864	ops_par_loop_advec_mom_kernel_mass_flux_y_76	advec_mom_kernel_mass_flux_y
8049	0.000532261	590438520	ops_par_loop_advec_mom_kernel_post_pre_advec_y_77	advec_mom_kernel_post_pre_advec_y
8050	0.000872567	472258640	ops_par_loop_advec_mom_kernel1_y_nonvector_78	advec_mom_kernel1_y_nonvector
8051	0.000452029	590131240	ops_par_loop_advec_mom_kernel2_y_79	advec_mom_kernel2_y
8052	0.000492385	472842752	ops_par_loop_advec_cell_kernel2_xdir_80	advec_cell_kernel2_xdir
8053	0.000772437	708203544	ops_par_loop_advec_cell_kernel3_xdir_81	advec_cell_kernel3_xdir
8054	0.001464943	1533542400	ops_par_loop_advec_cell_kernel4_xdir_82	advec_cell_kernel4_xdir
8055	0.000023795	553536	ops_par_loop_group_61	update_halo_kernel1_b2+update_halo_kernel4_minus_4_a
8056	0.000021401	553536	ops_par_loop_group_62	update_halo_kernel1_b1+update_halo_kernel4_minus_2_a
8057	0.000020108	246080	ops_par_loop_group_63	update_halo_kernel2_xvel_plus_4_a+update_halo_kernel2_yvel_minus_4_a
8058	0.000019497	246080	ops_par_loop_group_64	update_halo_kernel2_xvel_plus_2_a+update_halo_kernel2_yvel_minus_2_a
8059	0.000021361	246080	ops_par_loop_group_65	update_halo_kernel2_xvel_plus_4_b+update_halo_kernel2_yvel_minus_4_b
8060	0.000027001	246080	ops_par_loop_group_66	update_halo_kernel2_xvel_plus_2_b+update_halo_kernel2_yvel_minus_2_b
8061	0.000023314	246080	ops_par_loop_group_67	update_halo_kernel2_xvel_minus_4_a+update_halo_kernel2_yvel_plus_4_a
8062	0.000021591	246080	ops_par_loop_group_68	update_halo_kernel2_xvel_minus_2_a+update_halo_kernel2_yvel_plus_2_a
8063	0.000022924	246080	ops_par_loop_group_69	update_halo_kernel2_xvel_minus_4_b+update_halo_kernel2_yvel_plus_4_b
8064	0.000022964	246080	ops_par_loop_group_70	update_halo_kernel2_xvel_minus_2_b+update_halo_kernel2_yvel_plus_2_b
8065	0.000020619	123040	ops_par_loop_update_halo_kernel3_plus_4_a_107	update_halo_kernel3_plus_4_a
8066	0.000019998	123040	ops_par_loop_update_halo_kernel3_plus_2_a_108	update_halo_kernel3_plus_2_a
8067	0.000020709	123040	ops_par_loop_update_halo_kernel3_plus_4_b_109	update_halo_kernel3_plus_4_b
8068	0.000020088	123040	ops_par_loop_update_halo_kernel3_plus_2_b_110	update_halo_kernel3_plus_2_b
8069	0.000023625	123008	ops_par_loop_update_halo_kernel3_minus_4_b_113	update_halo_kernel3_minus_4_b
8070	0.000018836	123008	ops_par_loop_update_halo_kernel4_minus_4_b_117	update_halo_kernel4_minus_4_b
8071	0.000023485	553536	ops_par_loop_group_77	update_halo_kernel1_t2+update_halo_kernel4_minus_2_b
8072	0.000021711	430528	ops_par_loop_update_halo_kernel1_t1_86	update_halo_kernel1_t1
8073	0.000029436	553536	ops_par_loop_group_79	update_halo_kernel1_l2+update_halo_kernel3_minus_4_a
8074	0.000026911	553536	ops_par_loop_group_80	update_halo_kernel1_l1+update_halo_kernel3_minus_2_a
8075	0.000027773	553536	ops_par_loop_group_81	update_halo_kernel1_r2+update_halo_kernel3_minus_2_b
8076	0.000024386	430528	ops_par_loop_update_halo_kernel1_r1_90	update_halo_kernel1_r1
8077	0.000021060	123040	ops_par_loop_update_halo_kernel4_plus_4_a_119	update_halo_kernel4_plus_4_a
8078	0.000020709	123040	ops_par_loop_update_halo_kernel4_plus_2_a_120	update_halo_kernel4_plus_2_a
8079	0.000021570	123040	ops_par_loop_update_halo_kernel4_plus_4_b_121	update_halo_kernel4_plus_4_b
8080	0.000020859	123040	ops_par_loop_update_halo_kernel4_plus_2_b_122	update_halo_kernel4_plus_2_b
8081	0.001207444	944701952	ops_par_loop_group_87	advec_mom_kernel_x2+reset_field_kernel1
8082	0.000801222	708096064	ops_par_loop_group_88	advec_mom_kernel_mass_flux_x+ideal_gas_kernel
8083	0.000573019	590438520	ops_par_loop_advec_mom_kernel_post_pre_advec_x_125	advec_mom_kernel_post_pre_advec_x
8084	0.000881414	472258640	ops_par_loop_advec_mom_kernel1_x_nonvector_126	advec_mom_kernel1_x_nonvector
8085	0.000446298	590131240	ops_par_loop_advec_mom_kernel2_x_127	advec_mom_kernel2_x
8086	0.000497395	472842752	ops_par_loop_advec_mom_kernel_x2_128	advec_mom_kernel_x2
8087	0.000194720	236236864	ops_par_loop_advec_mom_kernel_mass_flux_x_129	advec_mom_kernel_mass_flux_x
8088	0.000575884	590438520	ops_par_loop_advec_mom_kernel_post_pre_advec_x_130	advec_mom_kernel_post_pre_advec_x
8089	0.000882586	472258640	ops_par_loop_advec_mom_kernel1_x_nonvector_131	advec_mom_kernel1_x_nonvector
8090	0.000730768	1062236232	ops_par_loop_group_96	advec_mom_kernel2_x+reset_field_kernel2
8091	0.000022052	430304	ops_par_loop_update_halo_kernel1_b1_136	update_halo_kernel1_b1
8092	0.000021220	430304	ops_par_loop_update_halo_kernel1_t1_137	update_halo_kernel1_t1
8093	0.000024377	430304	ops_par_loop_update_halo_kernel1_l1_138	update_halo_kernel1_l1
8094	0.000024276	430304	ops_par_loop_update_halo_kernel1_r1_139	update_halo_kernel1_r1
8095	0.000019647	245952	ops_par_loop_group_101	update_halo_kernel2_xvel_plus_2_a+update_halo_kernel2_yvel_minus_2_a
8096	0.000019156	245952	ops_par_loop_group_102	update_halo_kernel2_xvel_plus_2_b+update_halo_kernel2_yvel_minus_2_b
8097	0.000020609	245952	ops_par_loop_group_103	update_halo_kernel2_xvel_minus_2_a+update_halo_kernel2_yvel_plus_2_a
8098	0.000022152	245952	ops_par_loop_group_104	update_halo_kernel2_xvel_minus_2_b+update_halo_kernel2_yvel_plus_2_b
8099	0.001730267	589885440	ops_par_loop_viscosity_kernel_148	viscosity_kernel
8100	0.000021682	430304	ops_par_loop_update_halo_kernel1_b1_149	update_halo_kernel1_b1
8101	0.000019787	430304	ops_par_loop_update_halo_kernel1_t1_150	update_halo_kernel1_t1
8102	0.000023234	430304	ops_par_loop_update_halo_kernel1_l1_151	update_halo_kernel1_l1
8103	0.000023174	430304	ops_par_loop_update_halo_kernel1_r1_152	update_halo_kernel1_r1
8104	0.000916120	1061744640	ops_par_loop_calc_dt_kernel_153	calc_dt_kernel
8105	0.001486032	1887436800	ops_par_loop_group_0	PdV_kernel_predict+ideal_gas_kernel
8106	0.000022152	430304	ops_par_loop_update_halo_kernel1_b1_2	update_halo_kernel1_b1
8107	0.000020499	430304	ops_par_loop_update_halo_kernel1_t1_3	update_halo_kernel1_t1
8108	0.000022984	430304	ops_par_loop_update_halo_kernel1_l1_4	update_halo_kernel1_l1
8109	0.000024106	430304	ops_par_loop_update_halo_kernel1_r1_5	update_halo_kernel1_r1
8110	0.001556046	1770147928	ops_par_loop_group_5	revert_kernel+accelerate_kernel
8111	0.001352008	1651507200	ops_par_loop_PdV_kernel_nopredict_8	PdV_kernel_nopredict
8112	0.000365824	471982080	ops_par_loop_flux_calc_kernelx_9	flux_calc_kernelx
8113	0.000358191	471982080	ops_par_loop_flux_calc_kernely_10	flux_calc_kernely
8114	0.000021832	553536	ops_par_loop_group_9	update_halo_kernel1_b2+update_halo_kernel4_minus_4_a
8115	0.000021211	553536	ops_par_loop_group_10	update_halo_kernel1_b1+update_halo_kernel4_minus_2_a
8116	0.000019347	246080	ops_par_loop_group_11	update_halo_kernel3_plus_4_a+update_halo_kernel2_xvel_plus_4_a
8117	0.000019677	246080	ops_par_loop_group_12	update_halo_kernel3_plus_2_a+update_halo_kernel2_xvel_plus_2_a
8118	0.000018175	123008	ops_par_loop_update_halo_kernel4_minus_4_b_29	update_halo_kernel4_minus_4_b
8119	0.000020209	553536	ops_par_loop_group_14	update_halo_kernel1_t2+update_halo_kernel4_minus_2_b
8120	0.000020038	430528	ops_par_loop_update_halo_kernel1_t1_14	update_halo_kernel1_t1
8121	0.000019757	246080	ops_par_loop_group_16	update_halo_kernel2_xvel_plus_4_b+update_halo_kernel2_yvel_minus_4_b
8122	0.000019116	246080	ops_par_loop_group_17	update_halo_kernel3_plus_4_b+update_halo_kernel2_xvel_plus_2_b
8123	0.000018385	123040	ops_par_loop_update_halo_kernel3_plus_2_b_22	update_halo_kernel3_plus_2_b
8124	0.000025829	553536	ops_par_loop_group_19	update_halo_kernel1_l2+update_halo_kernel3_minus_4_a
8125	0.000022923	553536	ops_par_loop_group_20	update_halo_kernel1_l1+update_halo_kernel3_minus_2_a
8126	0.000019267	123008	ops_par_loop_update_halo_kernel3_minus_4_b_25	update_halo_kernel3_minus_4_b
8127	0.000024416	553536	ops_par_loop_group_22	update_halo_kernel1_r2+update_halo_kernel3_minus_2_b
8128	0.000021100	430528	ops_par_loop_update_halo_kernel1_r1_18	update_halo_kernel1_r1
8129	0.000020770	246080	ops_par_loop_group_24	update_halo_kernel4_plus_4_a+update_halo_kernel2_xvel_minus_4_a
8130	0.000019797	246080	ops_par_loop_group_25	update_halo_kernel4_plus_2_a+update_halo_kernel2_xvel_minus_2_a
8131	0.000019347	123040	ops_par_loop_update_halo_kernel2_yvel_minus_4_a_54	update_halo_kernel2_yvel_minus_4_a
8132	0.000018024	123040	ops_par_loop_update_halo_kernel2_yvel_minus_2_a_55	update_halo_kernel2_yvel_minus_2_a
8133	0.000019086	123040	ops_par_loop_update_halo_kernel2_yvel_minus_2_b_57	update_halo_kernel2_yvel_minus_2_b
8134	0.000020349	246080	ops_par_loop_group_29	update_halo_kernel2_xvel_minus_4_b+update_halo_kernel2_yvel_plus_4_b
8135	0.000020769	246080	ops_par_loop_group_30	update_halo_kernel4_plus_4_b+update_halo_kernel2_xvel_minus_2_b
8136	0.000017834	123040	ops_par_loop_update_halo_kernel4_plus_2_b_34	update_halo_kernel4_plus_2_b
8137	0.000562268	591053440	ops_par_loop_advec_cell_kernel1_xdir_35	advec_cell_kernel1_xdir
8138	0.000771986	708203544	ops_par_loop_advec_cell_kernel3_xdir_36	advec_cell_kernel3_xdir
8139	0.001459552	1533542400	ops_par_loop_advec_cell_kernel4_xdir_37	advec_cell_kernel4_xdir
8140	0.000025128	430528	ops_par_loop_update_halo_kernel1_b2_38	update_halo_kernel1_b2
8141	0.000020289	430528	ops_par_loop_update_halo_kernel1_b1_39	update_halo_kernel1_b1
8142	0.000020519	430528	ops_par_loop_update_halo_kernel1_t2_40	update_halo_kernel1_t2
8143	0.000020569	430528	ops_par_loop_update_halo_kernel1_t1_41	update_halo_kernel1_t1
8144	0.000019117	123040	ops_par_loop_update_halo_kernel3_plus_4_a_62	update_halo_kernel3_plus_4_a
8145	0.000019106	123040	ops_par_loop_update_halo_kernel3_plus_2_a_63	update_halo_kernel3_plus_2_a
8146	0.000018586	123040	ops_par_loop_update_halo_kernel3_plus_4_b_64	update_halo_kernel3_plus_4_b
8147	0.000018956	123040	ops_par_loop_update_halo_kernel3_plus_2_b_65	update_halo_kernel3_plus_2_b
8148	0.000026460	553536	ops_par_loop_group_43	update_halo_kernel1_l2+update_halo_kernel3_minus_4_a
8149	0.000023385	553536	ops_par_loop_group_44	update_halo_kernel1_l1+update_halo_kernel3_minus_2_a
8150	0.000019086	123008	ops_par_loop_update_halo_kernel3_minus_4_b_68	update_halo_kernel3_minus_4_b
8151	0.000024366	553536	ops_par_loop_group_46	update_halo_kernel1_r2+update_halo_kernel3_minus_2_b
8152	0.000021521	430528	ops_par_loop_update_halo_kernel1_r1_45	update_halo_kernel1_r1
8153	0.000562328	591053440	ops_par_loop_advec_mom_kernel_x1_70	advec_mom_kernel_x1
8154	0.000194269	236236864	ops_par_loop_advec_mom_kernel_mass_flux_x_71	advec_mom_kernel_mass_flux_x
8155	0.000574341	590438520	ops_par_loop_advec_mom_kernel_post_pre_advec_x_72	advec_mom_kernel_post_pre_advec_x
8156	0.000880863	472258640	ops_par_loop_advec_mom_kernel1_x_nonvector_73	advec_mom_kernel1_x_nonvector
8157	0.000454363	590131240	ops_par_loop_advec_mom_kernel2_x_74	advec_mom_kernel2_x
8158	0.000560865	591053440	ops_par_loop_advec_mom_kernel_x1_75	advec_mom_kernel_x1
8159	0.000193829	236236864	ops_par_loop_advec_mom_kernel_mass_flux_x_76	advec_mom_kernel_mass_flux_x
8160	0.000574912	590438520	ops_par_loop_advec_mom_kernel_post_pre_advec_x_77	advec_mom_kernel_post_pre_advec_x
8161	0.000021501	246080	ops_par_loop_group_56	update_halo_kernel2_xvel_plus_4_a+update_halo_kernel3_plus_4_a
8162	0.000019187	246080	ops_par_loop_group_57	update_halo_kernel2_xvel_plus_2_a+update_halo_kernel3_plus_2_a
8163	0.000018505	123040	ops_par_loop_update_halo_kernel2_xvel_plus_4_b_93	update_halo_kernel2_xvel_plus_4_b
8164	0.000018806	246080	ops_par_loop_group_59	update_halo_kernel2_xvel_plus_2_b+update_halo_kernel3_plus_4_b
8165	0.000021040	246080	ops_par_loop_group_60	update_halo_kernel2_yvel_plus_4_a+update_halo_kernel2_xvel_minus_4_a
8166	0.000019887	246080	ops_par_loop_group_61	update_halo_kernel2_yvel_plus_2_a+update_halo_kernel2_xvel_minus_2_a
8167	0.000024277	123040	ops_par_loop_update_halo_kernel2_xvel_minus_4_b_97	update_halo_kernel2_xvel_minus_4_b
8168	0.000021120	246080	ops_par_loop_group_63	update_halo_kernel2_yvel_plus_2_b+update_halo_kernel2_xvel_minus_2_b
8169	0.000882866	472258640	ops_par_loop_advec_mom_kernel1_x_nonvector_78	advec_mom_kernel1_x_nonvector
8170	0.000450866	590131240	ops_par_loop_advec_mom_kernel2_x_79	advec_mom_kernel2_x
8171	0.000498536	472842752	ops_par_loop_advec_cell_kernel2_ydir_80	advec_cell_kernel2_ydir
8172	0.000787977	708203544	ops_par_loop_advec_cell_kernel3_ydir_81	advec_cell_kernel3_ydir
8173	0.001472447	1533542400	ops_par_loop_advec_cell_kernel4_ydir_82	advec_cell_kernel4_ydir
8174	0.000023675	553536	ops_par_loop_group_69	update_halo_kernel1_b2+update_halo_kernel4_minus_4_a
8175	0.000021461	553536	ops_par_loop_group_70	update_halo_kernel1_b1+update_halo_kernel4_minus_2_a
8176	0.000018976	123040	ops_par_loop_update_halo_kernel2_yvel_minus_4_a_99	update_halo_kernel2_yvel_minus_4_a
8177	0.000018134	123040	ops_par_loop_update_halo_kernel2_yvel_minus_2_a_100	update_halo_kernel2_yvel_minus_2_a
8178	0.000018065	123040	ops_par_loop_update_halo_kernel2_yvel_minus_4_b_101	update_halo_kernel2_yvel_minus_4_b
8179	0.000018324	123040	ops_par_loop_update_halo_kernel2_yvel_minus_2_b_102	update_halo_kernel2_yvel_minus_2_b
8180	0.000020028	123040	ops_par_loop_update_halo_kernel2_yvel_plus_4_b_105	update_halo_kernel2_yvel_plus_4_b
8181	0.000018896	123040	ops_par_loop_update_halo_kernel3_plus_2_b_110	update_halo_kernel3_plus_2_b
8182	0.000019246	123008	ops_par_loop_update_halo_kernel3_minus_4_b_113	update_halo_kernel3_minus_4_b
8183	0.000023816	123008	ops_par_loop_update_halo_kernel4_minus_4_b_117	update_halo_kernel4_minus_4_b
8184	0.000021821	553536	ops_par_loop_group_79	update_halo_kernel1_t2+update_halo_kernel4_minus_2_b
8185	0.000020389	430528	ops_par_loop_update_halo_kernel1_t1_86	update_halo_kernel1_t1
8186	0.000026941	553536	ops_par_loop_group_81	update_halo_kernel1_l2+update_halo_kernel3_minus_4_a
8187	0.000023034	553536	ops_par_loop_group_82	update_halo_kernel1_l1+update_halo_kernel3_minus_2_a
8188	0.000024126	553536	ops_par_loop_group_83	update_halo_kernel1_r2+update_halo_kernel3_minus_2_b
8189	0.000021301	430528	ops_par_loop_update_halo_kernel1_r1_90	update_halo_kernel1_r1
8190	0.000022061	246080	ops_par_loop_group_85	update_halo_kernel2_yvel_plus_4_a+update_halo_kernel4_plus_4_a
8191	0.000020309	246080	ops_par_loop_group_86	update_halo_kernel2_yvel_plus_2_a+update_halo_kernel4_plus_2_a
8192	0.000020268	246080	ops_par_loop_group_87	update_halo_kernel2_yvel_plus_2_b+update_halo_kernel4_plus_4_b
8193	0.000019888	123040	ops_par_loop_update_halo_kernel4_plus_2_b_122	update_halo_kernel4_plus_2_b
8194	0.001198035	944701952	ops_par_loop_group_89	advec_mom_kernel_y2+reset_field_kernel1
8195	0.000736238	708096064	ops_par_loop_group_90	advec_mom_kernel_mass_flux_y+ideal_gas_kernel
8196	0.000529386	590438520	ops_par_loop_advec_mom_kernel_post_pre_advec_y_125	advec_mom_kernel_post_pre_advec_y
8197	0.000877787	472258640	ops_par_loop_advec_mom_kernel1_y_nonvector_126	advec_mom_kernel1_y_nonvector
8198	0.000446097	590131240	ops_par_loop_advec_mom_kernel2_y_127	advec_mom_kernel2_y
8199	0.000491553	472842752	ops_par_loop_advec_mom_kernel_y2_128	advec_mom_kernel_y2
8200	0.000192415	236236864	ops_par_loop_advec_mom_kernel_mass_flux_y_129	advec_mom_kernel_mass_flux_y
8201	0.000531770	590438520	ops_par_loop_advec_mom_kernel_post_pre_advec_y_130	advec_mom_kernel_post_pre_advec_y
8202	0.000872978	472258640	ops_par_loop_advec_mom_kernel1_y_nonvector_131	advec_mom_kernel1_y_nonvector
8203	0.000733613	1062236232	ops_par_loop_group_98	advec_mom_kernel2_y+reset_field_kernel2
8204	0.000021000	430304	ops_par_loop_update_halo_kernel1_b1_136	update_halo_kernel1_b1
8205	0.000020879	430304	ops_par_loop_update_halo_kernel1_t1_137	update_halo_kernel1_t1
8206	0.000024006	430304	ops_par_loop_update_halo_kernel1_l1_138	update_halo_kernel1_l1
8207	0.000024006	430304	ops_par_loop_update_halo_kernel1_r1_139	update_halo_kernel1_r1
8208	0.000019117	245952	ops_par_loop_group_103	update_halo_kernel2_xvel_plus_2_a+update_halo_kernel2_yvel_minus_2_a
8209	0.000019367	245952	ops_par_loop_group_104	update_halo_kernel2_xvel_plus_2_b+update_halo_kernel2_yvel_minus_2_b
8210	0.000021120	245952	ops_par_loop_group_105	update_halo_kernel2_xvel_minus_2_a+update_halo_kernel2_yvel_plus_2_a
8211	0.000020809	245952	ops_par_loop_group_106	update_halo_kernel2_xvel_minus_2_b+update_halo_kernel2_yvel_plus_2_b
8212	0.001729435	589885440	ops_par_loop_viscosity_kernel_148	viscosity_kernel
8213	0.000021851	430304	ops_par_loop_update_halo_kernel1_b1_149	update_halo_kernel1_b1
8214	0.000020559	430304	ops_par_loop_update_halo_kernel1_t1_150	update_halo_kernel1_t1
8215	0.000023184	430304	ops_par_loop_update_halo_kernel1_l1_151	update_halo_kernel1_l1
8216	0.000022703	430304	ops_par_loop_update_halo_kernel1_r1_152	update_halo_kernel1_r1
8217	0.000916160	1061744640	ops_par_loop_calc_dt_kernel_153	calc_dt_kernel
8218	0.001486122	1887436800	ops_par_loop_group_0	PdV_kernel_predict+ideal_gas_kernel
8219	0.000023214	430304	ops_par_loop_update_halo_kernel1_b1_2	update_halo_kernel1_b1
8220	0.000021270	430304	ops_par_loop_update_halo_kernel1_t1_3	update_halo_kernel1_t1
8221	0.000025969	430304	ops_par_loop_update_halo_kernel1_l1_4	update_halo_kernel1_l1
8222	0.000026500	430304	ops_par_loop_update_halo_kernel1_r1_5	update_halo_kernel1_r1
8223	0.001560043	1770147928	ops_par_loop_group_5	revert_kernel+accelerate_kernel
8224	0.001359262	1651507200	ops_par_loop_PdV_kernel_nopredict_8	PdV_kernel_nopredict
8225	0.000367037	471982080	ops_par_loop_flux_calc_kernelx_9	flux_calc_kernelx
8226	0.000356878	471982080	ops_par_loop_flux_calc_kernely_10	flux_calc_kernely
8227	0.000028003	553536	ops_par_loop_group_9	update_halo_kernel1_b2+update_halo_kernel4_minus_4_a
8228	0.000021801	553536	ops_par_loop_group_10	update_halo_kernel1_b1+update_halo_kernel4_minus_2_a
8229	0.000021000	246080	ops_par_loop_group_11	update_halo_kernel3_plus_4_a+update_halo_kernel2_xvel_plus_4_a
8230	0.000018645	246080	ops_par_loop_group_12	update_halo_kernel3_plus_2_a+update_halo_kernel2_xvel_plus_2_a
8231	0.000019287	123008	ops_par_loop_update_halo_kernel4_minus_4_b_29	update_halo_kernel4_minus_4_b
8232	0.000020870	553536	ops_par_loop_group_14	update_halo_kernel1_t2+update_halo_kernel4_minus_2_b
8233	0.000020149	430528	ops_par_loop_update_halo_kernel1_t1_14	update_halo_kernel1_t1
8234	0.000020088	246080	ops_par_loop_group_16	update_halo_kernel2_xvel_plus_4_b+update_halo_kernel2_yvel_minus_4_b
8235	0.000018866	246080	ops_par_loop_group_17	update_halo_kernel3_plus_4_b+update_halo_kernel2_xvel_plus_2_b
8236	0.000018395	123040	ops_par_loop_update_halo_kernel3_plus_2_b_22	update_halo_kernel3_plus_2_b
8237	0.000024957	553536	ops_par_loop_group_19	update_halo_kernel1_l2+update_halo_kernel3_minus_4_a
8238	0.000023174	553536	ops_par_loop_group_20	update_halo_kernel1_l1+update_halo_kernel3_minus_2_a
8239	0.000020038	123008	ops_par_loop_update_halo_kernel3_minus_4_b_25	update_halo_kernel3_minus_4_b
8240	0.000024857	553536	ops_par_loop_group_22	update_halo_kernel1_r2+update_halo_kernel3_minus_2_b
8241	0.000021430	430528	ops_par_loop_update_halo_kernel1_r1_18	update_halo_kernel1_r1
8242	0.000021551	246080	ops_par_loop_group_24	update_halo_kernel4_plus_4_a+update_halo_kernel2_xvel_minus_4_a
8243	0.000019668	246080	ops_par_loop_group_25	update_halo_kernel4_plus_2_a+update_halo_kernel2_xvel_minus_2_a
8244	0.000018615	123040	ops_par_loop_update_halo_kernel2_yvel_minus_4_a_54	update_halo_kernel2_yvel_minus_4_a
8245	0.000017784	123040	ops_par_loop_update_halo_kernel2_yvel_minus_2_a_55	update_halo_kernel2_yvel_minus_2_a
8246	0.000017463	123040	ops_par_loop_update_halo_kernel2_yvel_minus_2_b_57	update_halo_kernel2_yvel_minus_2_b
8247	0.000021060	246080	ops_par_loop_group_29	update_halo_kernel2_xvel_minus_4_b+update_halo_kernel2_yvel_plus_4_b
8248	0.000020499	246080	ops_par_loop_group_30	update_halo_kernel4_plus_4_b+update_halo_kernel2_xvel_minus_2_b
8249	0.000018195	123040	ops_par_loop_update_halo_kernel4_plus_2_b_34	update_halo_kernel4_plus_2_b
8250	0.000562949	591053440	ops_par_loop_advec_cell_kernel1_ydir_35	advec_cell_kernel1_ydir
8251	0.000787526	708203544	ops_par_loop_advec_cell_kernel3_ydir_36	advec_cell_kernel3_ydir
8252	0.001479310	1533542400	ops_par_loop_advec_cell_kernel4_ydir_37	advec_cell_kernel4_ydir
8253	0.000023174	553536	ops_par_loop_group_35	update_halo_kernel1_b2+update_halo_kernel4_minus_4_a
8254	0.000021110	553536	ops_par_loop_group_36	update_halo_kernel1_b1+update_halo_kernel4_minus_2_a
8255	0.000019176	123008	ops_par_loop_update_halo_kernel4_minus_4_b_64	update_halo_kernel4_minus_4_b
8256	0.000021080	553536	ops_par_loop_group_38	update_halo_kernel1_t2+update_halo_kernel4_minus_2_b
8257	0.000020208	430528	ops_par_loop_update_halo_kernel1_t1_41	update_halo_kernel1_t1
8258	0.000024136	430528	ops_par_loop_update_halo_kernel1_l2_42	update_halo_kernel1_l2
8259	0.000021070	430528	ops_par_loop_update_halo_kernel1_l1_43	update_halo_kernel1_l1
8260	0.000022713	430528	ops_par_loop_update_halo_kernel1_r2_44	update_halo_kernel1_r2
8261	0.000021080	430528	ops_par_loop_update_halo_kernel1_r1_45	update_halo_kernel1_r1
8262	0.000021471	246080	ops_par_loop_group_44	update_halo_kernel2_yvel_plus_4_a+update_halo_kernel4_plus_4_a
8263	0.000019437	246080	ops_par_loop_group_45	update_halo_kernel2_yvel_plus_2_a+update_halo_kernel4_plus_2_a
8264	0.000020730	246080	ops_par_loop_group_46	update_halo_kernel2_yvel_plus_2_b+update_halo_kernel4_plus_4_b
8265	0.000017904	123040	ops_par_loop_update_halo_kernel4_plus_2_b_69	update_halo_kernel4_plus_2_b
8266	0.000561998	591053440	ops_par_loop_advec_mom_kernel_y1_70	advec_mom_kernel_y1
8267	0.000191213	236236864	ops_par_loop_advec_mom_kernel_mass_flux_y_71	advec_mom_kernel_mass_flux_y
8268	0.000529816	590438520	ops_par_loop_advec_mom_kernel_post_pre_advec_y_72	advec_mom_kernel_post_pre_advec_y
8269	0.000879491	472258640	ops_par_loop_advec_mom_kernel1_y_nonvector_73	advec_mom_kernel1_y_nonvector
8270	0.000449554	590131240	ops_par_loop_advec_mom_kernel2_y_74	advec_mom_kernel2_y
8271	0.000560224	591053440	ops_par_loop_advec_mom_kernel_y1_75	advec_mom_kernel_y1
8272	0.000192024	236236864	ops_par_loop_advec_mom_kernel_mass_flux_y_76	advec_mom_kernel_mass_flux_y
8273	0.000530989	590438520	ops_par_loop_advec_mom_kernel_post_pre_advec_y_77	advec_mom_kernel_post_pre_advec_y
8274	0.000872477	472258640	ops_par_loop_advec_mom_kernel1_y_nonvector_78	advec_mom_kernel1_y_nonvector
8275	0.000453692	590131240	ops_par_loop_advec_mom_kernel2_y_79	advec_mom_kernel2_y
8276	0.000490872	472842752	ops_par_loop_advec_cell_kernel2_xdir_80	advec_cell_kernel2_xdir
8277	0.000772637	708203544	ops_par_loop_advec_cell_kernel3_xdir_81	advec_cell_kernel3_xdir
8278	0.001460043	1533542400	ops_par_loop_advec_cell_kernel4_xdir_82	advec_cell_kernel4_xdir
8279	0.000026771	553536	ops_par_loop_group_61	update_halo_kernel1_b2+update_halo_kernel4_minus_4_a
8280	0.000021902	553536	ops_par_loop_group_62	update_halo_kernel1_b1+update_halo_kernel4_minus_2_a
8281	0.000021411	246080	ops_par_loop_group_63	update_halo_kernel2_xvel_plus_4_a+update_halo_kernel2_yvel_minus_4_a
8282	0.000021040	246080	ops_par_loop_group_64	update_halo_kernel2_xvel_plus_2_a+update_halo_kernel2_yvel_minus_2_a
8283	0.000027142	246080	ops_par_loop_group_65	update_halo_kernel2_xvel_plus_4_b+update_halo_kernel2_yvel_minus_4_b
8284	0.000021500	246080	ops_par_loop_group_66	update_halo_kernel2_xvel_plus_2_b+update_halo_kernel2_yvel_minus_2_b
8285	0.000022503	246080	ops_par_loop_group_67	update_halo_kernel2_xvel_minus_4_a+update_halo_kernel2_yvel_plus_4_a
8286	0.000021751	246080	ops_par_loop_group_68	update_halo_kernel2_xvel_minus_2_a+update_halo_kernel2_yvel_plus_2_a
8287	0.000022323	246080	ops_par_loop_group_69	update_halo_kernel2_xvel_minus_4_b+update_halo_kernel2_yvel_plus_4_b
8288	0.000021882	246080	ops_par_loop_group_70	update_halo_kernel2_xvel_minus_2_b+update_halo_kernel2_yvel_plus_2_b
8289	0.000021911	123040	ops_par_loop_update_halo_kernel3_plus_4_a_107	update_halo_kernel3_plus_4_a
8290	0.000020228	123040	ops_par_loop_update_halo_kernel3_plus_2_a_108	update_halo_kernel3_plus_2_a
8291	0.000020379	123040	ops_par_loop_update_halo_kernel3_plus_4_b_109	update_halo_kernel3_plus_4_b
8292	0.000019086	123040	ops_par_loop_update_halo_kernel3_plus_2_b_110	update_halo_kernel3_plus_2_b
8293	0.000021271	123008	ops_par_loop_update_halo_kernel3_minus_4_b_113	update_halo_kernel3_minus_4_b
8294	0.000020238	123008	ops_par_loop_update_halo_kernel4_minus_4_b_117	update_halo_kernel4_minus_4_b
8295	0.000022102	553536	ops_par_loop_group_77	update_halo_kernel1_t2+update_halo_kernel4_minus_2_b
8296	0.000021732	430528	ops_par_loop_update_halo_kernel1_t1_86	update_halo_kernel1_t1
8297	0.000028835	553536	ops_par_loop_group_79	update_halo_kernel1_l2+update_halo_kernel3_minus_4_a
8298	0.000025879	553536	ops_par_loop_group_80	update_halo_kernel1_l1+update_halo_kernel3_minus_2_a
8299	0.000027983	553536	ops_par_loop_group_81	update_halo_kernel1_r2+update_halo_kernel3_minus_2_b
8300	0.000024577	430528	ops_par_loop_update_halo_kernel1_r1_90	update_halo_kernel1_r1
8301	0.000021711	123040	ops_par_loop_update_halo_kernel4_plus_4_a_119	update_halo_kernel4_plus_4_a
8302	0.000019568	123040	ops_par_loop_update_halo_kernel4_plus_2_a_120	update_halo_kernel4_plus_2_a
8303	0.000020068	123040	ops_par_loop_update_halo_kernel4_plus_4_b_121	update_halo_kernel4_plus_4_b
8304	0.000020328	123040	ops_par_loop_update_halo_kernel4_plus_2_b_122	update_halo_kernel4_plus_2_b
8305	0.001207043	944701952	ops_par_loop_group_87	advec_mom_kernel_x2+reset_field_kernel1
8306	0.000802774	708096064	ops_par_loop_group_88	advec_mom_kernel_mass_flux_x+ideal_gas_kernel
8307	0.000577177	590438520	ops_par_loop_advec_mom_kernel_post_pre_advec_x_125	advec_mom_kernel_post_pre_advec_x
8308	0.000882777	472258640	ops_par_loop_advec_mom_kernel1_x_nonvector_126	advec_mom_kernel1_x_nonvector
8309	0.000450055	590131240	ops_par_loop_advec_mom_kernel2_x_127	advec_mom_kernel2_x
8310	0.000496834	472842752	ops_par_loop_advec_mom_kernel_x2_128	advec_mom_kernel_x2
8311	0.000194920	236236864	ops_par_loop_advec_mom_kernel_mass_flux_x_129	advec_mom_kernel_mass_flux_x
8312	0.000576225	590438520	ops_par_loop_advec_mom_kernel_post_pre_advec_x_130	advec_mom_kernel_post_pre_advec_x
8313	0.000882757	472258640	ops_par_loop_advec_mom_kernel1_x_nonvector_131	advec_mom_kernel1_x_nonvector
8314	0.000730728	1062236232	ops_par_loop_group_96	advec_mom_kernel2_x+reset_field_kernel2
8315	0.000021190	430304	ops_par_loop_update_halo_kernel1_b1_136	update_halo_kernel1_b1
8316	0.000021120	430304	ops_par_loop_update_halo_kernel1_t1_137	update_halo_kernel1_t1
8317	0.000023936	430304	ops_par_loop_update_halo_kernel1_l1_138	update_halo_kernel1_l1
8318	0.000024026	430304	ops_par_loop_update_halo_kernel1_r1_139	update_halo_kernel1_r1
8319	0.000019547	245952	ops_par_loop_group_101	update_halo_kernel2_xvel_plus_2_a+update_halo_kernel2_yvel_minus_2_a
8320	0.000019386	245952	ops_par_loop_group_102	update_halo_kernel2_xvel_plus_2_b+update_halo_kernel2_yvel_minus_2_b
8321	0.000020348	245952	ops_par_loop_group_103	update_halo_kernel2_xvel_minus_2_a+update_halo_kernel2_yvel_plus_2_a
8322	0.000021491	245952	ops_par_loop_group_104	update_halo_kernel2_xvel_minus_2_b+update_halo_kernel2_yvel_plus_2_b
8323	0.001729746	589885440	ops_par_loop_viscosity_kernel_148	viscosity_kernel
8324	0.000022081	430304	ops_par_loop_update_halo_kernel1_b1_149	update_halo_kernel1_b1
8325	0.000020600	430304	ops_par_loop_update_halo_kernel1_t1_150	update_halo_kernel1_t1
8326	0.000022503	430304	ops_par_loop_update_halo_kernel1_l1_151	update_halo_kernel1_l1
8327	0.000023044	430304	ops_par_loop_update_halo_kernel1_r1_152	update_halo_kernel1_r1
8328	0.000914847	1061744640	ops_par_loop_calc_dt_kernel_153	calc_dt_kernel
8329	0.001483638	1887436800	ops_par_loop_group_0	PdV_kernel_predict+ideal_gas_kernel
8330	0.000022343	430304	ops_par_loop_update_halo_kernel1_b1_2	update_halo_kernel1_b1
8331	0.000020078	430304	ops_par_loop_update_halo_kernel1_t1_3	update_halo_kernel1_t1
8332	0.000024267	430304	ops_par_loop_update_halo_kernel1_l1_4	update_halo_kernel1_l1
8333	0.000023805	430304	ops_par_loop_update_halo_kernel1_r1_5	update_halo_kernel1_r1
8334	0.001555014	1770147928	ops_par_loop_group_5	revert_kernel+accelerate_kernel
8335	0.001354763	1651507200	ops_par_loop_PdV_kernel_nopredict_8	PdV_kernel_nopredict
8336	0.000360225	471982080	ops_par_loop_flux_calc_kernelx_9	flux_calc_kernelx
8337	0.000359774	471982080	ops_par_loop_flux_calc_kernely_10	flux_calc_kernely
8338	0.000021871	553536	ops_par_loop_group_9	update_halo_kernel1_b2+update_halo_kernel4_minus_4_a
8339	0.000021300	553536	ops_par_loop_group_10	update_halo_kernel1_b1+update_halo_kernel4_minus_2_a
8340	0.000019597	246080	ops_par_loop_group_11	update_halo_kernel3_plus_4_a+update_halo_kernel2_xvel_plus_4_a
8341	0.000019427	246080	ops_par_loop_group_12	update_halo_kernel3_plus_2_a+update_halo_kernel2_xvel_plus_2_a
8342	0.000018766	123008	ops_par_loop_update_halo_kernel4_minus_4_b_29	update_halo_kernel4_minus_4_b
8343	0.000020659	553536	ops_par_loop_group_14	update_halo_kernel1_t2+update_halo_kernel4_minus_2_b
8344	0.000019797	430528	ops_par_loop_update_halo_kernel1_t1_14	update_halo_kernel1_t1
8345	0.000020098	246080	ops_par_loop_group_16	update_halo_kernel2_xvel_plus_4_b+update_halo_kernel2_yvel_minus_4_b
8346	0.000018735	246080	ops_par_loop_group_17	update_halo_kernel3_plus_4_b+update_halo_kernel2_xvel_plus_2_b
8347	0.000018456	123040	ops_par_loop_update_halo_kernel3_plus_2_b_22	update_halo_kernel3_plus_2_b
8348	0.000025168	553536	ops_par_loop_group_19	update_halo_kernel1_l2+update_halo_kernel3_minus_4_a
8349	0.000023084	553536	ops_par_loop_group_20	update_halo_kernel1_l1+update_halo_kernel3_minus_2_a
8350	0.000019146	123008	ops_par_loop_update_halo_kernel3_minus_4_b_25	update_halo_kernel3_minus_4_b
8351	0.000023865	553536	ops_par_loop_group_22	update_halo_kernel1_r2+update_halo_kernel3_minus_2_b
8352	0.000020860	430528	ops_par_loop_update_halo_kernel1_r1_18	update_halo_kernel1_r1
8353	0.000020789	246080	ops_par_loop_group_24	update_halo_kernel4_plus_4_a+update_halo_kernel2_xvel_minus_4_a
8354	0.000019487	246080	ops_par_loop_group_25	update_halo_kernel4_plus_2_a+update_halo_kernel2_xvel_minus_2_a
8355	0.000018224	123040	ops_par_loop_update_halo_kernel2_yvel_minus_4_a_54	update_halo_kernel2_yvel_minus_4_a
8356	0.000017483	123040	ops_par_loop_update_halo_kernel2_yvel_minus_2_a_55	update_halo_kernel2_yvel_minus_2_a
8357	0.000017533	123040	ops_par_loop_update_halo_kernel2_yvel_minus_2_b_57	update_halo_kernel2_yvel_minus_2_b
8358	0.000020760	246080	ops_par_loop_group_29	update_halo_kernel2_xvel_minus_4_b+update_halo_kernel2_yvel_plus_4_b
8359	0.000020809	246080	ops_par_loop_group_30	update_halo_kernel4_plus_4_b+update_halo_kernel2_xvel_minus_2_b
8360	0.000017994	123040	ops_par_loop_update_halo_kernel4_plus_2_b_34	update_halo_kernel4_plus_2_b
8361	0.000562639	591053440	ops_par_loop_advec_cell_kernel1_xdir_35	advec_cell_kernel1_xdir
8362	0.000772017	708203544	ops_par_loop_advec_cell_kernel3_xdir_36	advec_cell_kernel3_xdir
8363	0.001460765	1533542400	ops_par_loop_advec_cell_kernel4_xdir_37	advec_cell_kernel4_xdir
8364	0.000021040	430528	ops_par_loop_update_halo_kernel1_b2_38	update_halo_kernel1_b2
8365	0.000020459	430528	ops_par_loop_update_halo_kernel1_b1_39	update_halo_kernel1_b1
8366	0.000020058	430528	ops_par_loop_update_halo_kernel1_t2_40	update_halo_kernel1_t2
8367	0.000020248	430528	ops_par_loop_update_halo_kernel1_t1_41	update_halo_kernel1_t1
8368	0.000018996	123040	ops_par_loop_update_halo_kernel3_plus_4_a_62	update_halo_kernel3_plus_4_a
8369	0.000018866	123040	ops_par_loop_update_halo_kernel3_plus_2_a_63	update_halo_kernel3_plus_2_a
8370	0.000018475	123040	ops_par_loop_update_halo_kernel3_plus_4_b_64	update_halo_kernel3_plus_4_b
8371	0.000018645	123040	ops_par_loop_update_halo_kernel3_plus_2_b_65	update_halo_kernel3_plus_2_b
8372	0.000026741	553536	ops_par_loop_group_43	update_halo_kernel1_l2+update_halo_kernel3_minus_4_a
8373	0.000023394	553536	ops_par_loop_group_44	update_halo_kernel1_l1+update_halo_kernel3_minus_2_a
8374	0.000019688	123008	ops_par_loop_update_halo_kernel3_minus_4_b_68	update_halo_kernel3_minus_4_b
8375	0.000024506	553536	ops_par_loop_group_46	update_halo_kernel1_r2+update_halo_kernel3_minus_2_b
8376	0.000021832	430528	ops_par_loop_update_halo_kernel1_r1_45	update_halo_kernel1_r1
8377	0.000560896	591053440	ops_par_loop_advec_mom_kernel_x1_70	advec_mom_kernel_x1
8378	0.000193708	236236864	ops_par_loop_advec_mom_kernel_mass_flux_x_71	advec_mom_kernel_mass_flux_x
8379	0.000574731	590438520	ops_par_loop_advec_mom_kernel_post_pre_advec_x_72	advec_mom_kernel_post_pre_advec_x
8380	0.000880332	472258640	ops_par_loop_advec_mom_kernel1_x_nonvector_73	advec_mom_kernel1_x_nonvector
8381	0.000447400	590131240	ops_par_loop_advec_mom_kernel2_x_74	advec_mom_kernel2_x
8382	0.000561627	591053440	ops_par_loop_advec_mom_kernel_x1_75	advec_mom_kernel_x1
8383	0.000194179	236236864	ops_par_loop_advec_mom_kernel_mass_flux_x_76	advec_mom_kernel_mass_flux_x
8384	0.000573359	590438520	ops_par_loop_advec_mom_kernel_post_pre_advec_x_77	advec_mom_kernel_post_pre_advec_x
8385	0.000020559	246080	ops_par_loop_group_56	update_halo_kernel2_xvel_plus_4_a+update_halo_kernel3_plus_4_a
8386	0.000018465	246080	ops_par_loop_group_57	update_halo_kernel2_xvel_plus_2_a+update_halo_kernel3_plus_2_a
8387	0.000018986	123040	ops_par_loop_update_halo_kernel2_xvel_plus_4_b_93	update_halo_kernel2_xvel_plus_4_b
8388	0.000019306	246080	ops_par_loop_group_59	update_halo_kernel2_xvel_plus_2_b+update_halo_kernel3_plus_4_b
8389	0.000021351	246080	ops_par_loop_group_60	update_halo_kernel2_yvel_plus_4_a+update_halo_kernel2_xvel_minus_4_a
8390	0.000019347	246080	ops_par_loop_group_61	update_halo_kernel2_yvel_plus_2_a+update_halo_kernel2_xvel_minus_2_a
8391	0.000019798	123040	ops_par_loop_update_halo_kernel2_xvel_minus_4_b_97	update_halo_kernel2_xvel_minus_4_b
8392	0.000020478	246080	ops_par_loop_group_63	update_halo_kernel2_yvel_plus_2_b+update_halo_kernel2_xvel_minus_2_b
8393	0.000881674	472258640	ops_par_loop_advec_mom_kernel1_x_nonvector_78	advec_mom_kernel1_x_nonvector
8394	0.000453221	590131240	ops_par_loop_advec_mom_kernel2_x_79	advec_mom_kernel2_x
8395	0.000497094	472842752	ops_par_loop_advec_cell_kernel2_ydir_80	advec_cell_kernel2_ydir
8396	0.000787946	708203544	ops_par_loop_advec_cell_kernel3_ydir_81	advec_cell_kernel3_ydir
8397	0.001474040	1533542400	ops_par_loop_advec_cell_kernel4_ydir_82	advec_cell_kernel4_ydir
8398	0.000023705	553536	ops_par_loop_group_69	update_halo_kernel1_b2+update_halo_kernel4_minus_4_a
8399	0.000021631	553536	ops_par_loop_group_70	update_halo_kernel1_b1+update_halo_kernel4_minus_2_a
8400	0.000018776	123040	ops_par_loop_update_halo_kernel2_yvel_minus_4_a_99	update_halo_kernel2_yvel_minus_4_a
8401	0.000017974	123040	ops_par_loop_update_halo_kernel2_yvel_minus_2_a_100	update_halo_kernel2_yvel_minus_2_a
8402	0.000017674	123040	ops_par_loop_update_halo_kernel2_yvel_minus_4_b_101	update_halo_kernel2_yvel_minus_4_b
8403	0.000017814	123040	ops_par_loop_update_halo_kernel2_yvel_minus_2_b_102	update_halo_kernel2_yvel_minus_2_b
8404	0.000019617	123040	ops_par_loop_update_halo_kernel2_yvel_plus_4_b_105	update_halo_kernel2_yvel_plus_4_b
8405	0.000019377	123040	ops_par_loop_update_halo_kernel3_plus_2_b_110	update_halo_kernel3_plus_2_b
8406	0.000019006	123008	ops_par_loop_update_halo_kernel3_minus_4_b_113	update_halo_kernel3_minus_4_b
8407	0.000018465	123008	ops_par_loop_update_halo_kernel4_minus_4_b_117	update_halo_kernel4_minus_4_b
8408	0.000021180	553536	ops_par_loop_group_79	update_halo_kernel1_t2+update_halo_kernel4_minus_2_b
8409	0.000020499	430528	ops_par_loop_update_halo_kernel1_t1_86	update_halo_kernel1_t1
8410	0.000026760	553536	ops_par_loop_group_81	update_halo_kernel1_l2+update_halo_kernel3_minus_4_a
8411	0.000023245	553536	ops_par_loop_group_82	update_halo_kernel1_l1+update_halo_kernel3_minus_2_a
8412	0.000024236	553536	ops_par_loop_group_83	update_halo_kernel1_r2+update_halo_kernel3_minus_2_b
8413	0.000021330	430528	ops_par_loop_update_halo_kernel1_r1_90	update_halo_kernel1_r1
8414	0.000021481	246080	ops_par_loop_group_85	update_halo_kernel2_yvel_plus_4_a+update_halo_kernel4_plus_4_a
8415	0.000020238	246080	ops_par_loop_group_86	update_halo_kernel2_yvel_plus_2_a+update_halo_kernel4_plus_2_a
8416	0.000020749	246080	ops_par_loop_group_87	update_halo_kernel2_yvel_plus_2_b+update_halo_kernel4_plus_4_b
8417	0.000018565	123040	ops_par_loop_update_halo_kernel4_plus_2_b_122	update_halo_kernel4_plus_2_b
8418	0.001193667	944701952	ops_par_loop_group_89	advec_mom_kernel_y2+reset_field_kernel1
8419	0.000738563	708096064	ops_par_loop_group_90	advec_mom_kernel_mass_flux_y+ideal_gas_kernel
8420	0.000533654	590438520	ops_par_loop_advec_mom_kernel_post_pre_advec_y_125	advec_mom_kernel_post_pre_advec_y
8421	0.000876404	472258640	ops_par_loop_advec_mom_kernel1_y_nonvector_126	advec_mom_kernel1_y_nonvector
8422	0.000447971	590131240	ops_par_loop_advec_mom_kernel2_y_127	advec_mom_kernel2_y
8423	0.000490742	472842752	ops_par_loop_advec_mom_kernel_y2_128	advec_mom_kernel_y2
8424	0.000192105	236236864	ops_par_loop_advec_mom_kernel_mass_flux_y_129	advec_mom_kernel_mass_flux_y
8425	0.000533093	590438520	ops_par_loop_advec_mom_kernel_post_pre_advec_y_130	advec_mom_kernel_post_pre_advec_y
8426	0.000873649	472258640	ops_par_loop_advec_mom_kernel1_y_nonvector_131	advec_mom_kernel1_y_nonvector
8427	0.000732351	1062236232	ops_par_loop_group_98	advec_mom_kernel2_y+reset_field_kernel2
8428	0.000022553	430304	ops_par_loop_update_halo_kernel1_b1_136	update_halo_kernel1_b1
8429	0.000020720	430304	ops_par_loop_update_halo_kernel1_t1_137	update_halo_kernel1_t1
8430	0.000026440	430304	ops_par_loop_update_halo_kernel1_l1_138	update_halo_kernel1_l1
8431	0.000026179	430304	ops_par_loop_update_halo_kernel1_r1_139	update_halo_kernel1_r1
8432	0.000021160	245952	ops_par_loop_group_103	update_halo_kernel2_xvel_plus_2_a+update_halo_kernel2_yvel_minus_2_a
8433	0.000026881	245952	ops_par_loop_group_104	update_halo_kernel2_xvel_plus_2_b+update_halo_kernel2_yvel_minus_2_b
8434	0.000023976	245952	ops_par_loop_group_105	update_halo_kernel2_xvel_minus_2_a+update_halo_kernel2_yvel_plus_2_a
8435	0.000022433	245952	ops_par_loop_group_106	update_halo_kernel2_xvel_minus_2_b+update_halo_kernel2_yvel_plus_2_b
8436	0.001730326	589885440	ops_par_loop_viscosity_kernel_148	viscosity_kernel
8437	0.000021251	430304	ops_par_loop_update_halo_kernel1_b1_149	update_halo_kernel1_b1
8438	0.000020389	430304	ops_par_loop_update_halo_kernel1_t1_150	update_halo_kernel1_t1
8439	0.000024267	430304	ops_par_loop_update_halo_kernel1_l1_151	update_halo_kernel1_l1
8440	0.000023916	430304	ops_par_loop_update_halo_kernel1_r1_152	update_halo_kernel1_r1
8441	0.000917303	1061744640	ops_par_loop_calc_dt_kernel_153	calc_dt_kernel
8442	0.001485041	1887436800	ops_par_loop_group_0	PdV_kernel_predict+ideal_gas_kernel
8443	0.000021230	430304	ops_par_loop_update_halo_kernel1_b1_2	update_halo_kernel1_b1
8444	0.000020650	430304	ops_par_loop_update_halo_kernel1_t1_3	update_halo_kernel1_t1
8445	0.000023514	430304	ops_par_loop_update_halo_kernel1_l1_4	update_halo_kernel1_l1
8446	0.000024126	430304	ops_par_loop_update_halo_kernel1_r1_5	update_halo_kernel1_r1
8447	0.001555936	1770147928	ops_par_loop_group_5	revert_kernel+accelerate_kernel
8448	0.001359533	1651507200	ops_par_loop_PdV_kernel_nopredict_8	PdV_kernel_nopredict
8449	0.000362679	471982080	ops_par_loop_flux_calc_kernelx_9	flux_calc_kernelx
8450	0.000356868	471982080	ops_par_loop_flux_calc_kernely_10	flux_calc_kernely
8451	0.000022613	553536	ops_par_loop_group_9	update_halo_kernel1_b2+update_halo_kernel4_minus_4_a
8452	0.000021641	553536	ops_par_loop_group_10	update_halo_kernel1_b1+update_halo_kernel4_minus_2_a
8453	0.000019396	246080	ops_par_loop_group_11	update_halo_kernel3_plus_4_a+update_halo_kernel2_xvel_plus_4_a
8454	0.000019166	246080	ops_par_loop_group_12	update_halo_kernel3_plus_2_a+update_halo_kernel2_xvel_plus_2_a
8455	0.000019006	123008	ops_par_loop_update_halo_kernel4_minus_4_b_29	update_halo_kernel4_minus_4_b
8456	0.000020880	553536	ops_par_loop_group_14	update_halo_kernel1_t2+update_halo_kernel4_minus_2_b
8457	0.000020699	430528	ops_par_loop_update_halo_kernel1_t1_14	update_halo_kernel1_t1
8458	0.000019116	246080	ops_par_loop_group_16	update_halo_kernel2_xvel_plus_4_b+update_halo_kernel2_yvel_minus_4_b
8459	0.000019176	246080	ops_par_loop_group_17	update_halo_kernel3_plus_4_b+update_halo_kernel2_xvel_plus_2_b
8460	0.000018796	123040	ops_par_loop_update_halo_kernel3_plus_2_b_22	update_halo_kernel3_plus_2_b
8461	0.000025889	553536	ops_par_loop_group_19	update_halo_kernel1_l2+update_halo_kernel3_minus_4_a
8462	0.000022693	553536	ops_par_loop_group_20	update_halo_kernel1_l1+update_halo_kernel3_minus_2_a
8463	0.000019598	123008	ops_par_loop_update_halo_kernel3_minus_4_b_25	update_halo_kernel3_minus_4_b
8464	0.000024326	553536	ops_par_loop_group_22	update_halo_kernel1_r2+update_halo_kernel3_minus_2_b
8465	0.000021380	430528	ops_par_loop_update_halo_kernel1_r1_18	update_halo_kernel1_r1
8466	0.000021581	246080	ops_par_loop_group_24	update_halo_kernel4_plus_4_a+update_halo_kernel2_xvel_minus_4_a
8467	0.000020499	246080	ops_par_loop_group_25	update_halo_kernel4_plus_2_a+update_halo_kernel2_xvel_minus_2_a
8468	0.000017864	123040	ops_par_loop_update_halo_kernel2_yvel_minus_4_a_54	update_halo_kernel2_yvel_minus_4_a
8469	0.000018455	123040	ops_par_loop_update_halo_kernel2_yvel_minus_2_a_55	update_halo_kernel2_yvel_minus_2_a
8470	0.000017433	123040	ops_par_loop_update_halo_kernel2_yvel_minus_2_b_57	update_halo_kernel2_yvel_minus_2_b
8471	0.000020940	246080	ops_par_loop_group_29	update_halo_kernel2_xvel_minus_4_b+update_halo_kernel2_yvel_plus_4_b
8472	0.000020559	246080	ops_par_loop_group_30	update_halo_kernel4_plus_4_b+update_halo_kernel2_xvel_minus_2_b
8473	0.000018265	123040	ops_par_loop_update_halo_kernel4_plus_2_b_34	update_halo_kernel4_plus_2_b
8474	0.000561386	591053440	ops_par_loop_advec_cell_kernel1_ydir_35	advec_cell_kernel1_ydir
8475	0.000787115	708203544	ops_par_loop_advec_cell_kernel3_ydir_36	advec_cell_kernel3_ydir
8476	0.001473669	1533542400	ops_par_loop_advec_cell_kernel4_ydir_37	advec_cell_kernel4_ydir
8477	0.000022353	553536	ops_par_loop_group_35	update_halo_kernel1_b2+update_halo_kernel4_minus_4_a
8478	0.000021330	553536	ops_par_loop_group_36	update_halo_kernel1_b1+update_halo_kernel4_minus_2_a
8479	0.000018555	123008	ops_par_loop_update_halo_kernel4_minus_4_b_64	update_halo_kernel4_minus_4_b
8480	0.000020939	553536	ops_par_loop_group_38	update_halo_kernel1_t2+update_halo_kernel4_minus_2_b
8481	0.000020018	430528	ops_par_loop_update_halo_kernel1_t1_41	update_halo_kernel1_t1
8482	0.000023184	430528	ops_par_loop_update_halo_kernel1_l2_42	update_halo_kernel1_l2
8483	0.000021130	430528	ops_par_loop_update_halo_kernel1_l1_43	update_halo_kernel1_l1
8484	0.000023996	430528	ops_par_loop_update_halo_kernel1_r2_44	update_halo_kernel1_r2
8485	0.000021251	430528	ops_par_loop_update_halo_kernel1_r1_45	update_halo_kernel1_r1
8486	0.000021881	246080	ops_par_loop_group_44	update_halo_kernel2_yvel_plus_4_a+update_halo_kernel4_plus_4_a
8487	0.000019927	246080	ops_par_loop_group_45	update_halo_kernel2_yvel_plus_2_a+update_halo_kernel4_plus_2_a
8488	0.000021211	246080	ops_par_loop_group_46	update_halo_kernel2_yvel_plus_2_b+update_halo_kernel4_plus_4_b
8489	0.000018586	123040	ops_par_loop_update_halo_kernel4_plus_2_b_69	update_halo_kernel4_plus_2_b
8490	0.000561517	591053440	ops_par_loop_advec_mom_kernel_y1_70	advec_mom_kernel_y1
8491	0.000191674	236236864	ops_par_loop_advec_mom_kernel_mass_flux_y_71	advec_mom_kernel_mass_flux_y
8492	0.000533213	590438520	ops_par_loop_advec_mom_kernel_post_pre_advec_y_72	advec_mom_kernel_post_pre_advec_y
8493	0.000877788	472258640	ops_par_loop_advec_mom_kernel1_y_nonvector_73	advec_mom_kernel1_y_nonvector
8494	0.000446308	590131240	ops_par_loop_advec_mom_kernel2_y_74	advec_mom_kernel2_y
8495	0.000561627	591053440	ops_par_loop_advec_mom_kernel_y1_75	advec_mom_kernel_y1
8496	0.000191473	236236864	ops_par_loop_advec_mom_kernel_mass_flux_y_76	advec_mom_kernel_mass_flux_y
8497	0.000531770	590438520	ops_par_loop_advec_mom_kernel_post_pre_advec_y_77	advec_mom_kernel_post_pre_advec_y
8498	0.000876184	472258640	ops_par_loop_advec_mom_kernel1_y_nonvector_78	advec_mom_kernel1_y_nonvector
8499	0.000448312	590131240	ops_par_loop_advec_mom_kernel2_y_79	advec_mom_kernel2_y
8500	0.000491684	472842752	ops_par_loop_advec_cell_kernel2_xdir_80	advec_cell_kernel2_xdir
8501	0.000772818	708203544	ops_par_loop_advec_cell_kernel3_xdir_81	advec_cell_kernel3_xdir
8502	0.001461075	1533542400	ops_par_loop_advec_cell_kernel4_xdir_82	advec_cell_kernel4_xdir
8503	0.000023024	553536	ops_par_loop_group_61	update_halo_kernel1_b2+update_halo_kernel4_minus_4_a
8504	0.000021381	553536	ops_par_loop_group_62	update_halo_kernel1_b1+update_halo_kernel4_minus_2_a
8505	0.000019978	246080	ops_par_loop_group_63	update_halo_kernel2_xvel_plus_4_a+update_halo_kernel2_yvel_minus_4_a
8506	0.000019227	246080	ops_par_loop_group_64	update_halo_kernel2_xvel_plus_2_a+update_halo_kernel2_yvel_minus_2_a
8507	0.000019918	246080	ops_par_loop_group_65	update_halo_kernel2_xvel_plus_4_b+update_halo_kernel2_yvel_minus_4_b
8508	0.000019186	246080	ops_par_loop_group_66	update_halo_kernel2_xvel_plus_2_b+update_halo_kernel2_yvel_minus_2_b
8509	0.000022202	246080	ops_par_loop_group_67	update_halo_kernel2_xvel_minus_4_a+update_halo_kernel2_yvel_plus_4_a
8510	0.000019878	246080	ops_par_loop_group_68	update_halo_kernel2_xvel_minus_2_a+update_halo_kernel2_yvel_plus_2_a
8511	0.000021330	246080	ops_par_loop_group_69	update_halo_kernel2_xvel_minus_4_b+update_halo_kernel2_yvel_plus_4_b
8512	0.000020539	246080	ops_par_loop_group_70	update_halo_kernel2_xvel_minus_2_b+update_halo_kernel2_yvel_plus_2_b
8513	0.000019507	123040	ops_par_loop_update_halo_kernel3_plus_4_a_107	update_halo_kernel3_plus_4_a
8514	0.000018605	123040	ops_par_loop_update_halo_kernel3_plus_2_a_108	update_halo_kernel3_plus_2_a
8515	0.000018836	123040	ops_par_loop_update_halo_kernel3_plus_4_b_109	update_halo_kernel3_plus_4_b
8516	0.000018094	123040	ops_par_loop_update_halo_kernel3_plus_2_b_110	update_halo_kernel3_plus_2_b
8517	0.000019648	123008	ops_par_loop_update_halo_kernel3_minus_4_b_113	update_halo_kernel3_minus_4_b
8518	0.000017774	123008	ops_par_loop_update_halo_kernel4_minus_4_b_117	update_halo_kernel4_minus_4_b
8519	0.000020879	553536	ops_par_loop_group_77	update_halo_kernel1_t2+update_halo_kernel4_minus_2_b
8520	0.000020008	430528	ops_par_loop_update_halo_kernel1_t1_86	update_halo_kernel1_t1
8521	0.000025328	553536	ops_par_loop_group_79	update_halo_kernel1_l2+update_halo_kernel3_minus_4_a
8522	0.000023224	553536	ops_par_loop_group_80	update_halo_kernel1_l1+update_halo_kernel3_minus_2_a
8523	0.000024516	553536	ops_par_loop_group_81	update_halo_kernel1_r2+update_halo_kernel3_minus_2_b
8524	0.000021661	430528	ops_par_loop_update_halo_kernel1_r1_90	update_halo_kernel1_r1
8525	0.000019257	123040	ops_par_loop_update_halo_kernel4_plus_4_a_119	update_halo_kernel4_plus_4_a
8526	0.000018805	123040	ops_par_loop_update_halo_kernel4_plus_2_a_120	update_halo_kernel4_plus_2_a
8527	0.000019908	123040	ops_par_loop_update_halo_kernel4_plus_4_b_121	update_halo_kernel4_plus_4_b
8528	0.000017964	123040	ops_par_loop_update_halo_kernel4_plus_2_b_122	update_halo_kernel4_plus_2_b
8529	0.001203125	944701952	ops_par_loop_group_87	advec_mom_kernel_x2+reset_field_kernel1
8530	0.000802835	708096064	ops_par_loop_group_88	advec_mom_kernel_mass_flux_x+ideal_gas_kernel
8531	0.000574571	590438520	ops_par_loop_advec_mom_kernel_post_pre_advec_x_125	advec_mom_kernel_post_pre_advec_x
8532	0.000881254	472258640	ops_par_loop_advec_mom_kernel1_x_nonvector_126	advec_mom_kernel1_x_nonvector
8533	0.000448522	590131240	ops_par_loop_advec_mom_kernel2_x_127	advec_mom_kernel2_x
8534	0.000497265	472842752	ops_par_loop_advec_mom_kernel_x2_128	advec_mom_kernel_x2
8535	0.000193918	236236864	ops_par_loop_advec_mom_kernel_mass_flux_x_129	advec_mom_kernel_mass_flux_x
8536	0.000576264	590438520	ops_par_loop_advec_mom_kernel_post_pre_advec_x_130	advec_mom_kernel_post_pre_advec_x
8537	0.000882546	472258640	ops_par_loop_advec_mom_kernel1_x_nonvector_131	advec_mom_kernel1_x_nonvector
8538	0.000731470	1062236232	ops_par_loop_group_96	advec_mom_kernel2_x+reset_field_kernel2
8539	0.000021912	430304	ops_par_loop_update_halo_kernel1_b1_136	update_halo_kernel1_b1
8540	0.000020379	430304	ops_par_loop_update_halo_kernel1_t1_137	update_halo_kernel1_t1
8541	0.000024487	430304	ops_par_loop_update_halo_kernel1_l1_138	update_halo_kernel1_l1
8542	0.000024126	430304	ops_par_loop_update_halo_kernel1_r1_139	update_halo_kernel1_r1
8543	0.000019768	245952	ops_par_loop_group_101	update_halo_kernel2_xvel_plus_2_a+update_halo_kernel2_yvel_minus_2_a
8544	0.000019527	245952	ops_par_loop_group_102	update_halo_kernel2_xvel_plus_2_b+update_halo_kernel2_yvel_minus_2_b
8545	0.000022173	245952	ops_par_loop_group_103	update_halo_kernel2_xvel_minus_2_a+update_halo_kernel2_yvel_plus_2_a
8546	0.000023204	245952	ops_par_loop_group_104	update_halo_kernel2_xvel_minus_2_b+update_halo_kernel2_yvel_plus_2_b
8547	0.001730557	589885440	ops_par_loop_viscosity_kernel_148	viscosity_kernel
8548	0.000021862	430304	ops_par_loop_update_halo_kernel1_b1_149	update_halo_kernel1_b1
8549	0.000020259	430304	ops_par_loop_update_halo_kernel1_t1_150	update_halo_kernel1_t1
8550	0.000023625	430304	ops_par_loop_update_halo_kernel1_l1_151	update_halo_kernel1_l1
8551	0.000022693	430304	ops_par_loop_update_halo_kernel1_r1_152	update_halo_kernel1_r1
8552	0.000915038	1061744640	ops_par_loop_calc_dt_kernel_153	calc_dt_kernel
8553	0.001483418	1887436800	ops_par_loop_group_0	PdV_kernel_predict+ideal_gas_kernel
8554	0.000022012	430304	ops_par_loop_update_halo_kernel1_b1_2	update_halo_kernel1_b1
8555	0.000020258	430304	ops_par_loop_update_halo_kernel1_t1_3	update_halo_kernel1_t1
8556	0.000023685	430304	ops_par_loop_update_halo_kernel1_l1_4	update_halo_kernel1_l1
8557	0.000023514	430304	ops_par_loop_update_halo_kernel1_r1_5	update_halo_kernel1_r1
8558	0.001556877	1770147928	ops_par_loop_group_5	revert_kernel+accelerate_kernel
8559	0.001356717	1651507200	ops_par_loop_PdV_kernel_nopredict_8	PdV_kernel_nopredict
8560	0.000365244	471982080	ops_par_loop_flux_calc_kernelx_9	flux_calc_kernelx
8561	0.000359953	471982080	ops_par_loop_flux_calc_kernely_10	flux_calc_kernely
8562	0.000021851	553536	ops_par_loop_group_9	update_halo_kernel1_b2+update_halo_kernel4_minus_4_a
8563	0.000020929	553536	ops_par_loop_group_10	update_halo_kernel1_b1+update_halo_kernel4_minus_2_a
8564	0.000020048	246080	ops_par_loop_group_11	update_halo_kernel3_plus_4_a+update_halo_kernel2_xvel_plus_4_a
8565	0.000018896	246080	ops_par_loop_group_12	update_halo_kernel3_plus_2_a+update_halo_kernel2_xvel_plus_2_a
8566	0.000019116	123008	ops_par_loop_update_halo_kernel4_minus_4_b_29	update_halo_kernel4_minus_4_b
8567	0.000021491	553536	ops_par_loop_group_14	update_halo_kernel1_t2+update_halo_kernel4_minus_2_b
8568	0.000021250	430528	ops_par_loop_update_halo_kernel1_t1_14	update_halo_kernel1_t1
8569	0.000019177	246080	ops_par_loop_group_16	update_halo_kernel2_xvel_plus_4_b+update_halo_kernel2_yvel_minus_4_b
8570	0.000018655	246080	ops_par_loop_group_17	update_halo_kernel3_plus_4_b+update_halo_kernel2_xvel_plus_2_b
8571	0.000018686	123040	ops_par_loop_update_halo_kernel3_plus_2_b_22	update_halo_kernel3_plus_2_b
8572	0.000026089	553536	ops_par_loop_group_19	update_halo_kernel1_l2+update_halo_kernel3_minus_4_a
8573	0.000023866	553536	ops_par_loop_group_20	update_halo_kernel1_l1+update_halo_kernel3_minus_2_a
8574	0.000019888	123008	ops_par_loop_update_halo_kernel3_minus_4_b_25	update_halo_kernel3_minus_4_b
8575	0.000025468	553536	ops_par_loop_group_22	update_halo_kernel1_r2+update_halo_kernel3_minus_2_b
8576	0.000022383	430528	ops_par_loop_update_halo_kernel1_r1_18	update_halo_kernel1_r1
8577	0.000021400	246080	ops_par_loop_group_24	update_halo_kernel4_plus_4_a+update_halo_kernel2_xvel_minus_4_a
8578	0.000020229	246080	ops_par_loop_group_25	update_halo_kernel4_plus_2_a+update_halo_kernel2_xvel_minus_2_a
8579	0.000019127	123040	ops_par_loop_update_halo_kernel2_yvel_minus_4_a_54	update_halo_kernel2_yvel_minus_4_a
8580	0.000018676	123040	ops_par_loop_update_halo_kernel2_yvel_minus_2_a_55	update_halo_kernel2_yvel_minus_2_a
8581	0.000018305	123040	ops_par_loop_update_halo_kernel2_yvel_minus_2_b_57	update_halo_kernel2_yvel_minus_2_b
8582	0.000022042	246080	ops_par_loop_group_29	update_halo_kernel2_xvel_minus_4_b+update_halo_kernel2_yvel_plus_4_b
8583	0.000021250	246080	ops_par_loop_group_30	update_halo_kernel4_plus_4_b+update_halo_kernel2_xvel_minus_2_b
8584	0.000018606	123040	ops_par_loop_update_halo_kernel4_plus_2_b_34	update_halo_kernel4_plus_2_b
8585	0.000564873	591053440	ops_par_loop_advec_cell_kernel1_xdir_35	advec_cell_kernel1_xdir
8586	0.000772979	708203544	ops_par_loop_advec_cell_kernel3_xdir_36	advec_cell_kernel3_xdir
8587	0.001460273	1533542400	ops_par_loop_advec_cell_kernel4_xdir_37	advec_cell_kernel4_xdir
8588	0.000020870	430528	ops_par_loop_update_halo_kernel1_b2_38	update_halo_kernel1_b2
8589	0.000020129	430528	ops_par_loop_update_halo_kernel1_b1_39	update_halo_kernel1_b1
8590	0.000020569	430528	ops_par_loop_update_halo_kernel1_t2_40	update_halo_kernel1_t2
8591	0.000020689	430528	ops_par_loop_update_halo_kernel1_t1_41	update_halo_kernel1_t1
8592	0.000018636	123040	ops_par_loop_update_halo_kernel3_plus_4_a_62	update_halo_kernel3_plus_4_a
8593	0.000018756	123040	ops_par_loop_update_halo_kernel3_plus_2_a_63	update_halo_kernel3_plus_2_a
8594	0.000018665	123040	ops_par_loop_update_halo_kernel3_plus_4_b_64	update_halo_kernel3_plus_4_b
8595	0.000018154	123040	ops_par_loop_update_halo_kernel3_plus_2_b_65	update_halo_kernel3_plus_2_b
8596	0.000026370	553536	ops_par_loop_group_43	update_halo_kernel1_l2+update_halo_kernel3_minus_4_a
8597	0.000022412	553536	ops_par_loop_group_44	update_halo_kernel1_l1+update_halo_kernel3_minus_2_a
8598	0.000018606	123008	ops_par_loop_update_halo_kernel3_minus_4_b_68	update_halo_kernel3_minus_4_b
8599	0.000024446	553536	ops_par_loop_group_46	update_halo_kernel1_r2+update_halo_kernel3_minus_2_b
8600	0.000020860	430528	ops_par_loop_update_halo_kernel1_r1_45	update_halo_kernel1_r1
8601	0.000561757	591053440	ops_par_loop_advec_mom_kernel_x1_70	advec_mom_kernel_x1
8602	0.000194239	236236864	ops_par_loop_advec_mom_kernel_mass_flux_x_71	advec_mom_kernel_mass_flux_x
8603	0.000575954	590438520	ops_par_loop_advec_mom_kernel_post_pre_advec_x_72	advec_mom_kernel_post_pre_advec_x
8604	0.000880823	472258640	ops_par_loop_advec_mom_kernel1_x_nonvector_73	advec_mom_kernel1_x_nonvector
8605	0.000449715	590131240	ops_par_loop_advec_mom_kernel2_x_74	advec_mom_kernel2_x
8606	0.000561256	591053440	ops_par_loop_advec_mom_kernel_x1_75	advec_mom_kernel_x1
8607	0.000194520	236236864	ops_par_loop_advec_mom_kernel_mass_flux_x_76	advec_mom_kernel_mass_flux_x
8608	0.000575263	590438520	ops_par_loop_advec_mom_kernel_post_pre_advec_x_77	advec_mom_kernel_post_pre_advec_x
8609	0.000020389	246080	ops_par_loop_group_56	update_halo_kernel2_xvel_plus_4_a+update_halo_kernel3_plus_4_a
8610	0.000019276	246080	ops_par_loop_group_57	update_halo_kernel2_xvel_plus_2_a+update_halo_kernel3_plus_2_a
8611	0.000018685	123040	ops_par_loop_update_halo_kernel2_xvel_plus_4_b_93	update_halo_kernel2_xvel_plus_4_b
8612	0.000019126	246080	ops_par_loop_group_59	update_halo_kernel2_xvel_plus_2_b+update_halo_kernel3_plus_4_b
8613	0.000020900	246080	ops_par_loop_group_60	update_halo_kernel2_yvel_plus_4_a+update_halo_kernel2_xvel_minus_4_a
8614	0.000019456	246080	ops_par_loop_group_61	update_halo_kernel2_yvel_plus_2_a+update_halo_kernel2_xvel_minus_2_a
8615	0.000019076	123040	ops_par_loop_update_halo_kernel2_xvel_minus_4_b_97	update_halo_kernel2_xvel_minus_4_b
8616	0.000019888	246080	ops_par_loop_group_63	update_halo_kernel2_yvel_plus_2_b+update_halo_kernel2_xvel_minus_2_b
8617	0.000882025	472258640	ops_par_loop_advec_mom_kernel1_x_nonvector_78	advec_mom_kernel1_x_nonvector
8618	0.000446498	590131240	ops_par_loop_advec_mom_kernel2_x_79	advec_mom_kernel2_x
8619	0.000499318	472842752	ops_par_loop_advec_cell_kernel2_ydir_80	advec_cell_kernel2_ydir
8620	0.000787015	708203544	ops_par_loop_advec_cell_kernel3_ydir_81	advec_cell_kernel3_ydir
8621	0.001471395	1533542400	ops_par_loop_advec_cell_kernel4_ydir_82	advec_cell_kernel4_ydir
8622	0.000023345	553536	ops_par_loop_group_69	update_halo_kernel1_b2+update_halo_kernel4_minus_4_a
8623	0.000021441	553536	ops_par_loop_group_70	update_halo_kernel1_b1+update_halo_kernel4_minus_2_a
8624	0.000017673	123040	ops_par_loop_update_halo_kernel2_yvel_minus_4_a_99	update_halo_kernel2_yvel_minus_4_a
8625	0.000017734	123040	ops_par_loop_update_halo_kernel2_yvel_minus_2_a_100	update_halo_kernel2_yvel_minus_2_a
8626	0.000017604	123040	ops_par_loop_update_halo_kernel2_yvel_minus_4_b_101	update_halo_kernel2_yvel_minus_4_b
8627	0.000017714	123040	ops_par_loop_update_halo_kernel2_yvel_minus_2_b_102	update_halo_kernel2_yvel_minus_2_b
8628	0.000019708	123040	ops_par_loop_update_halo_kernel2_yvel_plus_4_b_105	update_halo_kernel2_yvel_plus_4_b
8629	0.000018626	123040	ops_par_loop_update_halo_kernel3_plus_2_b_110	update_halo_kernel3_plus_2_b
8630	0.000019166	123008	ops_par_loop_update_halo_kernel3_minus_4_b_113	update_halo_kernel3_minus_4_b
8631	0.000018234	123008	ops_par_loop_update_halo_kernel4_minus_4_b_117	update_halo_kernel4_minus_4_b
8632	0.000021210	553536	ops_par_loop_group_79	update_halo_kernel1_t2+update_halo_kernel4_minus_2_b
8633	0.000019597	430528	ops_par_loop_update_halo_kernel1_t1_86	update_halo_kernel1_t1
8634	0.000026340	553536	ops_par_loop_group_81	update_halo_kernel1_l2+update_halo_kernel3_minus_4_a
8635	0.000022703	553536	ops_par_loop_group_82	update_halo_kernel1_l1+update_halo_kernel3_minus_2_a
8636	0.000029607	553536	ops_par_loop_group_83	update_halo_kernel1_r2+update_halo_kernel3_minus_2_b
8637	0.000021241	430528	ops_par_loop_update_halo_kernel1_r1_90	update_halo_kernel1_r1
8638	0.000020749	246080	ops_par_loop_group_85	update_halo_kernel2_yvel_plus_4_a+update_halo_kernel4_plus_4_a
8639	0.000019888	246080	ops_par_loop_group_86	update_halo_kernel2_yvel_plus_2_a+update_halo_kernel4_plus_2_a
8640	0.000020178	246080	ops_par_loop_group_87	update_halo_kernel2_yvel_plus_2_b+update_halo_kernel4_plus_4_b
8641	0.000018755	123040	ops_par_loop_update_halo_kernel4_plus_2_b_122	update_halo_kernel4_plus_2_b
8642	0.001197545	944701952	ops_par_loop_group_89	advec_mom_kernel_y2+reset_field_kernel1
8643	0.000737080	708096064	ops_par_loop_group_90	advec_mom_kernel_mass_flux_y+ideal_gas_kernel
8644	0.000533023	590438520	ops_par_loop_advec_mom_kernel_post_pre_advec_y_125	advec_mom_kernel_post_pre_advec_y
8645	0.000876785	472258640	ops_par_loop_advec_mom_kernel1_y_nonvector_126	advec_mom_kernel1_y_nonvector
8646	0.000449984	590131240	ops_par_loop_advec_mom_kernel2_y_127	advec_mom_kernel2_y
8647	0.000491163	472842752	ops_par_loop_advec_mom_kernel_y2_128	advec_mom_kernel_y2
8648	0.000192737	236236864	ops_par_loop_advec_mom_kernel_mass_flux_y_129	advec_mom_kernel_mass_flux_y
8649	0.000531981	590438520	ops_par_loop_advec_mom_kernel_post_pre_advec_y_130	advec_mom_kernel_post_pre_advec_y
8650	0.000871686	472258640	ops_par_loop_advec_mom_kernel1_y_nonvector_131	advec_mom_kernel1_y_nonvector
8651	0.000730187	1062236232	ops_par_loop_group_98	advec_mom_kernel2_y+reset_field_kernel2
8652	0.000021290	430304	ops_par_loop_update_halo_kernel1_b1_136	update_halo_kernel1_b1
8653	0.000019998	430304	ops_par_loop_update_halo_kernel1_t1_137	update_halo_kernel1_t1
8654	0.000023645	430304	ops_par_loop_update_halo_kernel1_l1_138	update_halo_kernel1_l1
8655	0.000023575	430304	ops_par_loop_update_halo_kernel1_r1_139	update_halo_kernel1_r1
8656	0.000020008	245952	ops_par_loop_group_103	update_halo_kernel2_xvel_plus_2_a+update_halo_kernel2_yvel_minus_2_a
8657	0.000018666	245952	ops_par_loop_group_104	update_halo_kernel2_xvel_plus_2_b+update_halo_kernel2_yvel_minus_2_b
8658	0.000021170	245952	ops_par_loop_group_105	update_halo_kernel2_xvel_minus_2_a+update_halo_kernel2_yvel_plus_2_a
8659	0.000021110	245952	ops_par_loop_group_106	update_halo_kernel2_xvel_minus_2_b+update_halo_kernel2_yvel_plus_2_b
8660	0.001728663	589885440	ops_par_loop_viscosity_kernel_148	viscosity_kernel
8661	0.000020980	430304	ops_par_loop_update_halo_kernel1_b1_149	update_halo_kernel1_b1
8662	0.000020499	430304	ops_par_loop_update_halo_kernel1_t1_150	update_halo_kernel1_t1
8663	0.000022933	430304	ops_par_loop_update_halo_kernel1_l1_151	update_halo_kernel1_l1
8664	0.000023024	430304	ops_par_loop_update_halo_kernel1_r1_152	update_halo_kernel1_r1
8665	0.000915068	1061744640	ops_par_loop_calc_dt_kernel_153	calc_dt_kernel
8666	0.001484289	1887436800	ops_par_loop_group_0	PdV_kernel_predict+ideal_gas_kernel
8667	0.000022463	430304	ops_par_loop_update_halo_kernel1_b1_2	update_halo_kernel1_b1
8668	0.000021070	430304	ops_par_loop_update_halo_kernel1_t1_3	update_halo_kernel1_t1
8669	0.000023525	430304	ops_par_loop_update_halo_kernel1_l1_4	update_halo_kernel1_l1
8670	0.000023625	430304	ops_par_loop_update_halo_kernel1_r1_5	update_halo_kernel1_r1
8671	0.001555384	1770147928	ops_par_loop_group_5	revert_kernel+accelerate_kernel
8672	0.001352338	1651507200	ops_par_loop_PdV_kernel_nopredict_8	PdV_kernel_nopredict
8673	0.000361116	471982080	ops_par_loop_flux_calc_kernelx_9	flux_calc_kernelx
8674	0.000359102	471982080	ops_par_loop_flux_calc_kernely_10	flux_calc_kernely
8675	0.000024046	553536	ops_par_loop_group_9	update_halo_kernel1_b2+update_halo_kernel4_minus_4_a
8676	0.000021771	553536	ops_par_loop_group_10	update_halo_kernel1_b1+update_halo_kernel4_minus_2_a
8677	0.000019327	246080	ops_par_loop_group_11	update_halo_kernel3_plus_4_a+update_halo_kernel2_xvel_plus_4_a
8678	0.000019507	246080	ops_par_loop_group_12	update_halo_kernel3_plus_2_a+update_halo_kernel2_xvel_plus_2_a
8679	0.000018886	123008	ops_par_loop_update_halo_kernel4_minus_4_b_29	update_halo_kernel4_minus_4_b
8680	0.000021110	553536	ops_par_loop_group_14	update_halo_kernel1_t2+update_halo_kernel4_minus_2_b
8681	0.000020369	430528	ops_par_loop_update_halo_kernel1_t1_14	update_halo_kernel1_t1
8682	0.000018736	246080	ops_par_loop_group_16	update_halo_kernel2_xvel_plus_4_b+update_halo_kernel2_yvel_minus_4_b
8683	0.000019067	246080	ops_par_loop_group_17	update_halo_kernel3_plus_4_b+update_halo_kernel2_xvel_plus_2_b
8684	0.000018906	123040	ops_par_loop_update_halo_kernel3_plus_2_b_22	update_halo_kernel3_plus_2_b
8685	0.000025208	553536	ops_par_loop_group_19	update_halo_kernel1_l2+update_halo_kernel3_minus_4_a
8686	0.000022153	553536	ops_par_loop_group_20	update_halo_kernel1_l1+update_halo_kernel3_minus_2_a
8687	0.000019067	123008	ops_par_loop_update_halo_kernel3_minus_4_b_25	update_halo_kernel3_minus_4_b
8688	0.000024256	553536	ops_par_loop_group_22	update_halo_kernel1_r2+update_halo_kernel3_minus_2_b
8689	0.000021070	430528	ops_par_loop_update_halo_kernel1_r1_18	update_halo_kernel1_r1
8690	0.000021401	246080	ops_par_loop_group_24	update_halo_kernel4_plus_4_a+update_halo_kernel2_xvel_minus_4_a
8691	0.000019828	246080	ops_par_loop_group_25	update_halo_kernel4_plus_2_a+update_halo_kernel2_xvel_minus_2_a
8692	0.000018635	123040	ops_par_loop_update_halo_kernel2_yvel_minus_4_a_54	update_halo_kernel2_yvel_minus_4_a
8693	0.000017563	123040	ops_par_loop_update_halo_kernel2_yvel_minus_2_a_55	update_halo_kernel2_yvel_minus_2_a
8694	0.000017262	123040	ops_par_loop_update_halo_kernel2_yvel_minus_2_b_57	update_halo_kernel2_yvel_minus_2_b
8695	0.000020559	246080	ops_par_loop_group_29	update_halo_kernel2_xvel_minus_4_b+update_halo_kernel2_yvel_plus_4_b
8696	0.000020058	246080	ops_par_loop_group_30	update_halo_kernel4_plus_4_b+update_halo_kernel2_xvel_minus_2_b
8697	0.000018134	123040	ops_par_loop_update_halo_kernel4_plus_2_b_34	update_halo_kernel4_plus_2_b
8698	0.000560694	591053440	ops_par_loop_advec_cell_kernel1_ydir_35	advec_cell_kernel1_ydir
8699	0.000787035	708203544	ops_par_loop_advec_cell_kernel3_ydir_36	advec_cell_kernel3_ydir
8700	0.001470413	1533542400	ops_par_loop_advec_cell_kernel4_ydir_37	advec_cell_kernel4_ydir
8701	0.000024196	553536	ops_par_loop_group_35	update_halo_kernel1_b2+update_halo_kernel4_minus_4_a
8702	0.000021601	553536	ops_par_loop_group_36	update_halo_kernel1_b1+update_halo_kernel4_minus_2_a
8703	0.000019948	123008	ops_par_loop_update_halo_kernel4_minus_4_b_64	update_halo_kernel4_minus_4_b
8704	0.000022032	553536	ops_par_loop_group_38	update_halo_kernel1_t2+update_halo_kernel4_minus_2_b
8705	0.000022282	430528	ops_par_loop_update_halo_kernel1_t1_41	update_halo_kernel1_t1
8706	0.000024206	430528	ops_par_loop_update_halo_kernel1_l2_42	update_halo_kernel1_l2
8707	0.000022042	430528	ops_par_loop_update_halo_kernel1_l1_43	update_halo_kernel1_l1
8708	0.000023555	430528	ops_par_loop_update_halo_kernel1_r2_44	update_halo_kernel1_r2
8709	0.000022213	430528	ops_par_loop_update_halo_kernel1_r1_45	update_halo_kernel1_r1
8710	0.000022252	246080	ops_par_loop_group_44	update_halo_kernel2_yvel_plus_4_a+update_halo_kernel4_plus_4_a
8711	0.000019867	246080	ops_par_loop_group_45	update_halo_kernel2_yvel_plus_2_a+update_halo_kernel4_plus_2_a
8712	0.000020980	246080	ops_par_loop_group_46	update_halo_kernel2_yvel_plus_2_b+update_halo_kernel4_plus_4_b
8713	0.000018565	123040	ops_par_loop_update_halo_kernel4_plus_2_b_69	update_halo_kernel4_plus_2_b
8714	0.000563551	591053440	ops_par_loop_advec_mom_kernel_y1_70	advec_mom_kernel_y1
8715	0.000192265	236236864	ops_par_loop_advec_mom_kernel_mass_flux_y_71	advec_mom_kernel_mass_flux_y
8716	0.000533844	590438520	ops_par_loop_advec_mom_kernel_post_pre_advec_y_72	advec_mom_kernel_post_pre_advec_y
8717	0.000878098	472258640	ops_par_loop_advec_mom_kernel1_y_nonvector_73	advec_mom_kernel1_y_nonvector
8718	0.000451147	590131240	ops_par_loop_advec_mom_kernel2_y_74	advec_mom_kernel2_y
8719	0.000562328	591053440	ops_par_loop_advec_mom_kernel_y1_75	advec_mom_kernel_y1
8720	0.000191934	236236864	ops_par_loop_advec_mom_kernel_mass_flux_y_76	advec_mom_kernel_mass_flux_y
8721	0.000532261	590438520	ops_par_loop_advec_mom_kernel_post_pre_advec_y_77	advec_mom_kernel_post_pre_advec_y
8722	0.000871475	472258640	ops_par_loop_advec_mom_kernel1_y_nonvector_78	advec_mom_kernel1_y_nonvector
8723	0.000452660	590131240	ops_par_loop_advec_mom_kernel2_y_79	advec_mom_kernel2_y
8724	0.000489861	472842752	ops_par_loop_advec_cell_kernel2_xdir_80	advec_cell_kernel2_xdir
8725	0.000772437	708203544	ops_par_loop_advec_cell_kernel3_xdir_81	advec_cell_kernel3_xdir
8726	0.001463499	1533542400	ops_par_loop_advec_cell_kernel4_xdir_82	advec_cell_kernel4_xdir
8727	0.000022974	553536	ops_par_loop_group_61	update_halo_kernel1_b2+update_halo_kernel4_minus_4_a
8728	0.000021250	553536	ops_par_loop_group_62	update_halo_kernel1_b1+update_halo_kernel4_minus_2_a
8729	0.000019417	246080	ops_par_loop_group_63	update_halo_kernel2_xvel_plus_4_a+update_halo_kernel2_yvel_minus_4_a
8730	0.000018856	246080	ops_par_loop_group_64	update_halo_kernel2_xvel_plus_2_a+update_halo_kernel2_yvel_minus_2_a
8731	0.000019286	246080	ops_par_loop_group_65	update_halo_kernel2_xvel_plus_4_b+update_halo_kernel2_yvel_minus_4_b
8732	0.000018776	246080	ops_par_loop_group_66	update_halo_kernel2_xvel_plus_2_b+update_halo_kernel2_yvel_minus_2_b
8733	0.000021581	246080	ops_par_loop_group_67	update_halo_kernel2_xvel_minus_4_a+update_halo_kernel2_yvel_plus_4_a
8734	0.000020028	246080	ops_par_loop_group_68	update_halo_kernel2_xvel_minus_2_a+update_halo_kernel2_yvel_plus_2_a
8735	0.000021481	246080	ops_par_loop_group_69	update_halo_kernel2_xvel_minus_4_b+update_halo_kernel2_yvel_plus_4_b
8736	0.000019778	246080	ops_par_loop_group_70	update_halo_kernel2_xvel_minus_2_b+update_halo_kernel2_yvel_plus_2_b
8737	0.000018785	123040	ops_par_loop_update_halo_kernel3_plus_4_a_107	update_halo_kernel3_plus_4_a
8738	0.000018085	123040	ops_par_loop_update_halo_kernel3_plus_2_a_108	update_halo_kernel3_plus_2_a
8739	0.000018234	123040	ops_par_loop_update_halo_kernel3_plus_4_b_109	update_halo_kernel3_plus_4_b
8740	0.000018265	123040	ops_par_loop_update_halo_kernel3_plus_2_b_110	update_halo_kernel3_plus_2_b
8741	0.000019126	123008	ops_par_loop_update_halo_kernel3_minus_4_b_113	update_halo_kernel3_minus_4_b
8742	0.000017853	123008	ops_par_loop_update_halo_kernel4_minus_4_b_117	update_halo_kernel4_minus_4_b
8743	0.000020589	553536	ops_par_loop_group_77	update_halo_kernel1_t2+update_halo_kernel4_minus_2_b
8744	0.000019908	430528	ops_par_loop_update_halo_kernel1_t1_86	update_halo_kernel1_t1
8745	0.000026030	553536	ops_par_loop_group_79	update_halo_kernel1_l2+update_halo_kernel3_minus_4_a
8746	0.000022693	553536	ops_par_loop_group_80	update_halo_kernel1_l1+update_halo_kernel3_minus_2_a
8747	0.000024626	553536	ops_par_loop_group_81	update_halo_kernel1_r2+update_halo_kernel3_minus_2_b
8748	0.000021531	430528	ops_par_loop_update_halo_kernel1_r1_90	update_halo_kernel1_r1
8749	0.000019277	123040	ops_par_loop_update_halo_kernel4_plus_4_a_119	update_halo_kernel4_plus_4_a
8750	0.000018334	123040	ops_par_loop_update_halo_kernel4_plus_2_a_120	update_halo_kernel4_plus_2_a
8751	0.000019767	123040	ops_par_loop_update_halo_kernel4_plus_4_b_121	update_halo_kernel4_plus_4_b
8752	0.000017814	123040	ops_par_loop_update_halo_kernel4_plus_2_b_122	update_halo_kernel4_plus_2_b
8753	0.001203866	944701952	ops_par_loop_group_87	advec_mom_kernel_x2+reset_field_kernel1
8754	0.000803606	708096064	ops_par_loop_group_88	advec_mom_kernel_mass_flux_x+ideal_gas_kernel
8755	0.000573649	590438520	ops_par_loop_advec_mom_kernel_post_pre_advec_x_125	advec_mom_kernel_post_pre_advec_x
8756	0.000881064	472258640	ops_par_loop_advec_mom_kernel1_x_nonvector_126	advec_mom_kernel1_x_nonvector
8757	0.000450385	590131240	ops_par_loop_advec_mom_kernel2_x_127	advec_mom_kernel2_x
8758	0.000498126	472842752	ops_par_loop_advec_mom_kernel_x2_128	advec_mom_kernel_x2
8759	0.000194529	236236864	ops_par_loop_advec_mom_kernel_mass_flux_x_129	advec_mom_kernel_mass_flux_x
8760	0.000577227	590438520	ops_par_loop_advec_mom_kernel_post_pre_advec_x_130	advec_mom_kernel_post_pre_advec_x
8761	0.000883238	472258640	ops_par_loop_advec_mom_kernel1_x_nonvector_131	advec_mom_kernel1_x_nonvector
8762	0.000729185	1062236232	ops_par_loop_group_96	advec_mom_kernel2_x+reset_field_kernel2
8763	0.000021852	430304	ops_par_loop_update_halo_kernel1_b1_136	update_halo_kernel1_b1
8764	0.000020900	430304	ops_par_loop_update_halo_kernel1_t1_137	update_halo_kernel1_t1
8765	0.000024056	430304	ops_par_loop_update_halo_kernel1_l1_138	update_halo_kernel1_l1
8766	0.000023806	430304	ops_par_loop_update_halo_kernel1_r1_139	update_halo_kernel1_r1
8767	0.000019818	245952	ops_par_loop_group_101	update_halo_kernel2_xvel_plus_2_a+update_halo_kernel2_yvel_minus_2_a
8768	0.000018665	245952	ops_par_loop_group_102	update_halo_kernel2_xvel_plus_2_b+update_halo_kernel2_yvel_minus_2_b
8769	0.000020439	245952	ops_par_loop_group_103	update_halo_kernel2_xvel_minus_2_a+update_halo_kernel2_yvel_plus_2_a
8770	0.000021511	245952	ops_par_loop_group_104	update_halo_kernel2_xvel_minus_2_b+update_halo_kernel2_yvel_plus_2_b
8771	0.001729525	589885440	ops_par_loop_viscosity_kernel_148	viscosity_kernel
8772	0.000021521	430304	ops_par_loop_update_halo_kernel1_b1_149	update_halo_kernel1_b1
8773	0.000019717	430304	ops_par_loop_update_halo_kernel1_t1_150	update_halo_kernel1_t1
8774	0.000022894	430304	ops_par_loop_update_halo_kernel1_l1_151	update_halo_kernel1_l1
8775	0.000023315	430304	ops_par_loop_update_halo_kernel1_r1_152	update_halo_kernel1_r1
8776	0.000914647	1061744640	ops_par_loop_calc_dt_kernel_153	calc_dt_kernel
8777	0.001486794	1887436800	ops_par_loop_group_0	PdV_kernel_predict+ideal_gas_kernel
8778	0.000022282	430304	ops_par_loop_update_halo_kernel1_b1_2	update_halo_kernel1_b1
8779	0.000020750	430304	ops_par_loop_update_halo_kernel1_t1_3	update_halo_kernel1_t1
8780	0.000023324	430304	ops_par_loop_update_halo_kernel1_l1_4	update_halo_kernel1_l1
8781	0.000023925	430304	ops_par_loop_update_halo_kernel1_r1_5	update_halo_kernel1_r1
8782	0.001557438	1770147928	ops_par_loop_group_5	revert_kernel+accelerate_kernel
8783	0.001354162	1651507200	ops_par_loop_PdV_kernel_nopredict_8	PdV_kernel_nopredict
8784	0.000361065	471982080	ops_par_loop_flux_calc_kernelx_9	flux_calc_kernelx
8785	0.000359683	471982080	ops_par_loop_flux_calc_kernely_10	flux_calc_kernely
8786	0.000022303	553536	ops_par_loop_group_9	update_halo_kernel1_b2+update_halo_kernel4_minus_4_a
8787	0.000021721	553536	ops_par_loop_group_10	update_halo_kernel1_b1+update_halo_kernel4_minus_2_a
8788	0.000019347	246080	ops_par_loop_group_11	update_halo_kernel3_plus_4_a+update_halo_kernel2_xvel_plus_4_a
8789	0.000018596	246080	ops_par_loop_group_12	update_halo_kernel3_plus_2_a+update_halo_kernel2_xvel_plus_2_a
8790	0.000019167	123008	ops_par_loop_update_halo_kernel4_minus_4_b_29	update_halo_kernel4_minus_4_b
8791	0.000020689	553536	ops_par_loop_group_14	update_halo_kernel1_t2+update_halo_kernel4_minus_2_b
8792	0.000020018	430528	ops_par_loop_update_halo_kernel1_t1_14	update_halo_kernel1_t1
8793	0.000019397	246080	ops_par_loop_group_16	update_halo_kernel2_xvel_plus_4_b+update_halo_kernel2_yvel_minus_4_b
8794	0.000019056	246080	ops_par_loop_group_17	update_halo_kernel3_plus_4_b+update_halo_kernel2_xvel_plus_2_b
8795	0.000018194	123040	ops_par_loop_update_halo_kernel3_plus_2_b_22	update_halo_kernel3_plus_2_b
8796	0.000026360	553536	ops_par_loop_group_19	update_halo_kernel1_l2+update_halo_kernel3_minus_4_a
8797	0.000022623	553536	ops_par_loop_group_20	update_halo_kernel1_l1+update_halo_kernel3_minus_2_a
8798	0.000019126	123008	ops_par_loop_update_halo_kernel3_minus_4_b_25	update_halo_kernel3_minus_4_b
8799	0.000023655	553536	ops_par_loop_group_22	update_halo_kernel1_r2+update_halo_kernel3_minus_2_b
8800	0.000022082	430528	ops_par_loop_update_halo_kernel1_r1_18	update_halo_kernel1_r1
8801	0.000020940	246080	ops_par_loop_group_24	update_halo_kernel4_plus_4_a+update_halo_kernel2_xvel_minus_4_a
8802	0.000019587	246080	ops_par_loop_group_25	update_halo_kernel4_plus_2_a+update_halo_kernel2_xvel_minus_2_a
8803	0.000018355	123040	ops_par_loop_update_halo_kernel2_yvel_minus_4_a_54	update_halo_kernel2_yvel_minus_4_a
8804	0.000018054	123040	ops_par_loop_update_halo_kernel2_yvel_minus_2_a_55	update_halo_kernel2_yvel_minus_2_a
8805	0.000017754	123040	ops_par_loop_update_halo_kernel2_yvel_minus_2_b_57	update_halo_kernel2_yvel_minus_2_b
8806	0.000021070	246080	ops_par_loop_group_29	update_halo_kernel2_xvel_minus_4_b+update_halo_kernel2_yvel_plus_4_b
8807	0.000020479	246080	ops_par_loop_group_30	update_halo_kernel4_plus_4_b+update_halo_kernel2_xvel_minus_2_b
8808	0.000017633	123040	ops_par_loop_update_halo_kernel4_plus_2_b_34	update_halo_kernel4_plus_2_b
8809	0.000562058	591053440	ops_par_loop_advec_cell_kernel1_xdir_35	advec_cell_kernel1_xdir
8810	0.000772918	708203544	ops_par_loop_advec_cell_kernel3_xdir_36	advec_cell_kernel3_xdir
8811	0.001461045	1533542400	ops_par_loop_advec_cell_kernel4_xdir_37	advec_cell_kernel4_xdir
8812	0.000021852	430528	ops_par_loop_update_halo_kernel1_b2_38	update_halo_kernel1_b2
8813	0.000020770	430528	ops_par_loop_update_halo_kernel1_b1_39	update_halo_kernel1_b1
8814	0.000020619	430528	ops_par_loop_update_halo_kernel1_t2_40	update_halo_kernel1_t2
8815	0.000020449	430528	ops_par_loop_update_halo_kernel1_t1_41	update_halo_kernel1_t1
8816	0.000019146	123040	ops_par_loop_update_halo_kernel3_plus_4_a_62	update_halo_kernel3_plus_4_a
8817	0.000019356	123040	ops_par_loop_update_halo_kernel3_plus_2_a_63	update_halo_kernel3_plus_2_a
8818	0.000018565	123040	ops_par_loop_update_halo_kernel3_plus_4_b_64	update_halo_kernel3_plus_4_b
8819	0.000019137	123040	ops_par_loop_update_halo_kernel3_plus_2_b_65	update_halo_kernel3_plus_2_b
8820	0.000026952	553536	ops_par_loop_group_43	update_halo_kernel1_l2+update_halo_kernel3_minus_4_a
8821	0.000030348	553536	ops_par_loop_group_44	update_halo_kernel1_l1+update_halo_kernel3_minus_2_a
8822	0.000019747	123008	ops_par_loop_update_halo_kernel3_minus_4_b_68	update_halo_kernel3_minus_4_b
8823	0.000025799	553536	ops_par_loop_group_46	update_halo_kernel1_r2+update_halo_kernel3_minus_2_b
8824	0.000022022	430528	ops_par_loop_update_halo_kernel1_r1_45	update_halo_kernel1_r1
8825	0.000562518	591053440	ops_par_loop_advec_mom_kernel_x1_70	advec_mom_kernel_x1
8826	0.000194219	236236864	ops_par_loop_advec_mom_kernel_mass_flux_x_71	advec_mom_kernel_mass_flux_x
8827	0.000574151	590438520	ops_par_loop_advec_mom_kernel_post_pre_advec_x_72	advec_mom_kernel_post_pre_advec_x
8828	0.000880783	472258640	ops_par_loop_advec_mom_kernel1_x_nonvector_73	advec_mom_kernel1_x_nonvector
8829	0.000454824	590131240	ops_par_loop_advec_mom_kernel2_x_74	advec_mom_kernel2_x
8830	0.000562027	591053440	ops_par_loop_advec_mom_kernel_x1_75	advec_mom_kernel_x1
8831	0.000194520	236236864	ops_par_loop_advec_mom_kernel_mass_flux_x_76	advec_mom_kernel_mass_flux_x
8832	0.000574962	590438520	ops_par_loop_advec_mom_kernel_post_pre_advec_x_77	advec_mom_kernel_post_pre_advec_x
8833	0.000021310	246080	ops_par_loop_group_56	update_halo_kernel2_xvel_plus_4_a+update_halo_kernel3_plus_4_a
8834	0.000018906	246080	ops_par_loop_group_57	update_halo_kernel2_xvel_plus_2_a+update_halo_kernel3_plus_2_a
8835	0.000018716	123040	ops_par_loop_update_halo_kernel2_xvel_plus_4_b_93	update_halo_kernel2_xvel_plus_4_b
8836	0.000019477	246080	ops_par_loop_group_59	update_halo_kernel2_xvel_plus_2_b+update_halo_kernel3_plus_4_b
8837	0.000022052	246080	ops_par_loop_group_60	update_halo_kernel2_yvel_plus_4_a+update_halo_kernel2_xvel_minus_4_a
8838	0.000019828	246080	ops_par_loop_group_61	update_halo_kernel2_yvel_plus_2_a+update_halo_kernel2_xvel_minus_2_a
8839	0.000019336	123040	ops_par_loop_update_halo_kernel2_xvel_minus_4_b_97	update_halo_kernel2_xvel_minus_4_b
8840	0.000021040	246080	ops_par_loop_group_63	update_halo_kernel2_yvel_plus_2_b+update_halo_kernel2_xvel_minus_2_b
8841	0.000882707	472258640	ops_par_loop_advec_mom_kernel1_x_nonvector_78	advec_mom_kernel1_x_nonvector
8842	0.000448172	590131240	ops_par_loop_advec_mom_kernel2_x_79	advec_mom_kernel2_x
8843	0.000498196	472842752	ops_par_loop_advec_cell_kernel2_ydir_80	advec_cell_kernel2_ydir
8844	0.000788408	708203544	ops_par_loop_advec_cell_kernel3_ydir_81	advec_cell_kernel3_ydir
8845	0.001473228	1533542400	ops_par_loop_advec_cell_kernel4_ydir_82	advec_cell_kernel4_ydir
8846	0.000023394	553536	ops_par_loop_group_69	update_halo_kernel1_b2+update_halo_kernel4_minus_4_a
8847	0.000021891	553536	ops_par_loop_group_70	update_halo_kernel1_b1+update_halo_kernel4_minus_2_a
8848	0.000018746	123040	ops_par_loop_update_halo_kernel2_yvel_minus_4_a_99	update_halo_kernel2_yvel_minus_4_a
8849	0.000018225	123040	ops_par_loop_update_halo_kernel2_yvel_minus_2_a_100	update_halo_kernel2_yvel_minus_2_a
8850	0.000018325	123040	ops_par_loop_update_halo_kernel2_yvel_minus_4_b_101	update_halo_kernel2_yvel_minus_4_b
8851	0.000018355	123040	ops_par_loop_update_halo_kernel2_yvel_minus_2_b_102	update_halo_kernel2_yvel_minus_2_b
8852	0.000020138	123040	ops_par_loop_update_halo_kernel2_yvel_plus_4_b_105	update_halo_kernel2_yvel_plus_4_b
8853	0.000019567	123040	ops_par_loop_update_halo_kernel3_plus_2_b_110	update_halo_kernel3_plus_2_b
8854	0.000019898	123008	ops_par_loop_update_halo_kernel3_minus_4_b_113	update_halo_kernel3_minus_4_b
8855	0.000018676	123008	ops_par_loop_update_halo_kernel4_minus_4_b_117	update_halo_kernel4_minus_4_b
8856	0.000021971	553536	ops_par_loop_group_79	update_halo_kernel1_t2+update_halo_kernel4_minus_2_b
8857	0.000019687	430528	ops_par_loop_update_halo_kernel1_t1_86	update_halo_kernel1_t1
8858	0.000026100	553536	ops_par_loop_group_81	update_halo_kernel1_l2+update_halo_kernel3_minus_4_a
8859	0.000023295	553536	ops_par_loop_group_82	update_halo_kernel1_l1+update_halo_kernel3_minus_2_a
8860	0.000024647	553536	ops_par_loop_group_83	update_halo_kernel1_r2+update_halo_kernel3_minus_2_b
8861	0.000021371	430528	ops_par_loop_update_halo_kernel1_r1_90	update_halo_kernel1_r1
8862	0.000021260	246080	ops_par_loop_group_85	update_halo_kernel2_yvel_plus_4_a+update_halo_kernel4_plus_4_a
8863	0.000020569	246080	ops_par_loop_group_86	update_halo_kernel2_yvel_plus_2_a+update_halo_kernel4_plus_2_a
8864	0.000022042	246080	ops_par_loop_group_87	update_halo_kernel2_yvel_plus_2_b+update_halo_kernel4_plus_4_b
8865	0.000019307	123040	ops_par_loop_update_halo_kernel4_plus_2_b_122	update_halo_kernel4_plus_2_b
8866	0.001193898	944701952	ops_par_loop_group_89	advec_mom_kernel_y2+reset_field_kernel1
8867	0.000736409	708096064	ops_par_loop_group_90	advec_mom_kernel_mass_flux_y+ideal_gas_kernel
8868	0.000531700	590438520	ops_par_loop_advec_mom_kernel_post_pre_advec_y_125	advec_mom_kernel_post_pre_advec_y
8869	0.000876515	472258640	ops_par_loop_advec_mom_kernel1_y_nonvector_126	advec_mom_kernel1_y_nonvector
8870	0.000448983	590131240	ops_par_loop_advec_mom_kernel2_y_127	advec_mom_kernel2_y
8871	0.000489560	472842752	ops_par_loop_advec_mom_kernel_y2_128	advec_mom_kernel_y2
8872	0.000191754	236236864	ops_par_loop_advec_mom_kernel_mass_flux_y_129	advec_mom_kernel_mass_flux_y
8873	0.000533443	590438520	ops_par_loop_advec_mom_kernel_post_pre_advec_y_130	advec_mom_kernel_post_pre_advec_y
8874	0.000872076	472258640	ops_par_loop_advec_mom_kernel1_y_nonvector_131	advec_mom_kernel1_y_nonvector
8875	0.000733864	1062236232	ops_par_loop_group_98	advec_mom_kernel2_y+reset_field_kernel2
8876	0.000021300	430304	ops_par_loop_update_halo_kernel1_b1_136	update_halo_kernel1_b1
8877	0.000020359	430304	ops_par_loop_update_halo_kernel1_t1_137	update_halo_kernel1_t1
8878	0.000023735	430304	ops_par_loop_update_halo_kernel1_l1_138	update_halo_kernel1_l1
8879	0.000023775	430304	ops_par_loop_update_halo_kernel1_r1_139	update_halo_kernel1_r1
8880	0.000019216	245952	ops_par_loop_group_103	update_halo_kernel2_xvel_plus_2_a+update_halo_kernel2_yvel_minus_2_a
8881	0.000019026	245952	ops_par_loop_group_104	update_halo_kernel2_xvel_plus_2_b+update_halo_kernel2_yvel_minus_2_b
8882	0.000020419	245952	ops_par_loop_group_105	update_halo_kernel2_xvel_minus_2_a+update_halo_kernel2_yvel_plus_2_a
8883	0.000021581	245952	ops_par_loop_group_106	update_halo_kernel2_xvel_minus_2_b+update_halo_kernel2_yvel_plus_2_b
8884	0.001728643	589885440	ops_par_loop_viscosity_kernel_148	viscosity_kernel
8885	0.000021090	430304	ops_par_loop_update_halo_kernel1_b1_149	update_halo_kernel1_b1
8886	0.000020058	430304	ops_par_loop_update_halo_kernel1_t1_150	update_halo_kernel1_t1
8887	0.000023354	430304	ops_par_loop_update_halo_kernel1_l1_151	update_halo_kernel1_l1
8888	0.000023775	430304	ops_par_loop_update_halo_kernel1_r1_152	update_halo_kernel1_r1
8889	0.000915869	1061744640	ops_par_loop_calc_dt_kernel_153	calc_dt_kernel
8890	0.001489168	1887436800	ops_par_loop_group_0	PdV_kernel_predict+ideal_gas_kernel
8891	0.000022904	430304	ops_par_loop_update_halo_kernel1_b1_2	update_halo_kernel1_b1
8892	0.000019667	430304	ops_par_loop_update_halo_kernel1_t1_3	update_halo_kernel1_t1
8893	0.000024306	430304	ops_par_loop_update_halo_kernel1_l1_4	update_halo_kernel1_l1
8894	0.000023314	430304	ops_par_loop_update_halo_kernel1_r1_5	update_halo_kernel1_r1
8895	0.001555454	1770147928	ops_par_loop_group_5	revert_kernel+accelerate_kernel
8896	0.001354673	1651507200	ops_par_loop_PdV_kernel_nopredict_8	PdV_kernel_nopredict
8897	0.000361847	471982080	ops_par_loop_flux_calc_kernelx_9	flux_calc_kernelx
8898	0.000361186	471982080	ops_par_loop_flux_calc_kernely_10	flux_calc_kernely
8899	0.000021531	553536	ops_par_loop_group_9	update_halo_kernel1_b2+update_halo_kernel4_minus_4_a
8900	0.000021550	553536	ops_par_loop_group_10	update_halo_kernel1_b1+update_halo_kernel4_minus_2_a
8901	0.000019517	246080	ops_par_loop_group_11	update_halo_kernel3_plus_4_a+update_halo_kernel2_xvel_plus_4_a
8902	0.000018726	246080	ops_par_loop_group_12	update_halo_kernel3_plus_2_a+update_halo_kernel2_xvel_plus_2_a
8903	0.000019166	123008	ops_par_loop_update_halo_kernel4_minus_4_b_29	update_halo_kernel4_minus_4_b
8904	0.000020759	553536	ops_par_loop_group_14	update_halo_kernel1_t2+update_halo_kernel4_minus_2_b
8905	0.000020028	430528	ops_par_loop_update_halo_kernel1_t1_14	update_halo_kernel1_t1
8906	0.000019778	246080	ops_par_loop_group_16	update_halo_kernel2_xvel_plus_4_b+update_halo_kernel2_yvel_minus_4_b
8907	0.000019927	246080	ops_par_loop_group_17	update_halo_kernel3_plus_4_b+update_halo_kernel2_xvel_plus_2_b
8908	0.000018826	123040	ops_par_loop_update_halo_kernel3_plus_2_b_22	update_halo_kernel3_plus_2_b
8909	0.000025819	553536	ops_par_loop_group_19	update_halo_kernel1_l2+update_halo_kernel3_minus_4_a
8910	0.000023134	553536	ops_par_loop_group_20	update_halo_kernel1_l1+update_halo_kernel3_minus_2_a
8911	0.000019046	123008	ops_par_loop_update_halo_kernel3_minus_4_b_25	update_halo_kernel3_minus_4_b
8912	0.000024156	553536	ops_par_loop_group_22	update_halo_kernel1_r2+update_halo_kernel3_minus_2_b
8913	0.000021341	430528	ops_par_loop_update_halo_kernel1_r1_18	update_halo_kernel1_r1
8914	0.000020719	246080	ops_par_loop_group_24	update_halo_kernel4_plus_4_a+update_halo_kernel2_xvel_minus_4_a
8915	0.000019757	246080	ops_par_loop_group_25	update_halo_kernel4_plus_2_a+update_halo_kernel2_xvel_minus_2_a
8916	0.000018505	123040	ops_par_loop_update_halo_kernel2_yvel_minus_4_a_54	update_halo_kernel2_yvel_minus_4_a
8917	0.000018294	123040	ops_par_loop_update_halo_kernel2_yvel_minus_2_a_55	update_halo_kernel2_yvel_minus_2_a
8918	0.000018375	123040	ops_par_loop_update_halo_kernel2_yvel_minus_2_b_57	update_halo_kernel2_yvel_minus_2_b
8919	0.000021200	246080	ops_par_loop_group_29	update_halo_kernel2_xvel_minus_4_b+update_halo_kernel2_yvel_plus_4_b
8920	0.000020399	246080	ops_par_loop_group_30	update_halo_kernel4_plus_4_b+update_halo_kernel2_xvel_minus_2_b
8921	0.000017804	123040	ops_par_loop_update_halo_kernel4_plus_2_b_34	update_halo_kernel4_plus_2_b
8922	0.000561667	591053440	ops_par_loop_advec_cell_kernel1_ydir_35	advec_cell_kernel1_ydir
8923	0.000787246	708203544	ops_par_loop_advec_cell_kernel3_ydir_36	advec_cell_kernel3_ydir
8924	0.001470493	1533542400	ops_par_loop_advec_cell_kernel4_ydir_37	advec_cell_kernel4_ydir
8925	0.000022974	553536	ops_par_loop_group_35	update_halo_kernel1_b2+update_halo_kernel4_minus_4_a
8926	0.000021631	553536	ops_par_loop_group_36	update_halo_kernel1_b1+update_halo_kernel4_minus_2_a
8927	0.000019206	123008	ops_par_loop_update_halo_kernel4_minus_4_b_64	update_halo_kernel4_minus_4_b
8928	0.000021250	553536	ops_par_loop_group_38	update_halo_kernel1_t2+update_halo_kernel4_minus_2_b
8929	0.000020479	430528	ops_par_loop_update_halo_kernel1_t1_41	update_halo_kernel1_t1
8930	0.000023966	430528	ops_par_loop_update_halo_kernel1_l2_42	update_halo_kernel1_l2
8931	0.000022132	430528	ops_par_loop_update_halo_kernel1_l1_43	update_halo_kernel1_l1
8932	0.000023515	430528	ops_par_loop_update_halo_kernel1_r2_44	update_halo_kernel1_r2
8933	0.000021370	430528	ops_par_loop_update_halo_kernel1_r1_45	update_halo_kernel1_r1
8934	0.000020890	246080	ops_par_loop_group_44	update_halo_kernel2_yvel_plus_4_a+update_halo_kernel4_plus_4_a
8935	0.000020919	246080	ops_par_loop_group_45	update_halo_kernel2_yvel_plus_2_a+update_halo_kernel4_plus_2_a
8936	0.000022152	246080	ops_par_loop_group_46	update_halo_kernel2_yvel_plus_2_b+update_halo_kernel4_plus_4_b
8937	0.000018305	123040	ops_par_loop_update_halo_kernel4_plus_2_b_69	update_halo_kernel4_plus_2_b
8938	0.000562859	591053440	ops_par_loop_advec_mom_kernel_y1_70	advec_mom_kernel_y1
8939	0.000191955	236236864	ops_par_loop_advec_mom_kernel_mass_flux_y_71	advec_mom_kernel_mass_flux_y
8940	0.000534776	590438520	ops_par_loop_advec_mom_kernel_post_pre_advec_y_72	advec_mom_kernel_post_pre_advec_y
8941	0.000876755	472258640	ops_par_loop_advec_mom_kernel1_y_nonvector_73	advec_mom_kernel1_y_nonvector
8942	0.000447160	590131240	ops_par_loop_advec_mom_kernel2_y_74	advec_mom_kernel2_y
8943	0.000562639	591053440	ops_par_loop_advec_mom_kernel_y1_75	advec_mom_kernel_y1
8944	0.000192175	236236864	ops_par_loop_advec_mom_kernel_mass_flux_y_76	advec_mom_kernel_mass_flux_y
8945	0.000534856	590438520	ops_par_loop_advec_mom_kernel_post_pre_advec_y_77	advec_mom_kernel_post_pre_advec_y
8946	0.000872187	472258640	ops_par_loop_advec_mom_kernel1_y_nonvector_78	advec_mom_kernel1_y_nonvector
8947	0.000447930	590131240	ops_par_loop_advec_mom_kernel2_y_79	advec_mom_kernel2_y
8948	0.000489880	472842752	ops_par_loop_advec_cell_kernel2_xdir_80	advec_cell_kernel2_xdir
8949	0.000772869	708203544	ops_par_loop_advec_cell_kernel3_xdir_81	advec_cell_kernel3_xdir
8950	0.001461826	1533542400	ops_par_loop_advec_cell_kernel4_xdir_82	advec_cell_kernel4_xdir
8951	0.000022904	553536	ops_par_loop_group_61	update_halo_kernel1_b2+update_halo_kernel4_minus_4_a
8952	0.000021500	553536	ops_par_loop_group_62	update_halo_kernel1_b1+update_halo_kernel4_minus_2_a
8953	0.000020730	246080	ops_par_loop_group_63	update_halo_kernel2_xvel_plus_4_a+update_halo_kernel2_yvel_minus_4_a
8954	0.000019688	246080	ops_par_loop_group_64	update_halo_kernel2_xvel_plus_2_a+update_halo_kernel2_yvel_minus_2_a
8955	0.000020219	246080	ops_par_loop_group_65	update_halo_kernel2_xvel_plus_4_b+update_halo_kernel2_yvel_minus_4_b
8956	0.000019567	246080	ops_par_loop_group_66	update_halo_kernel2_xvel_plus_2_b+update_halo_kernel2_yvel_minus_2_b
8957	0.000021401	246080	ops_par_loop_group_67	update_halo_kernel2_xvel_minus_4_a+update_halo_kernel2_yvel_plus_4_a
8958	0.000021140	246080	ops_par_loop_group_68	update_halo_kernel2_xvel_minus_2_a+update_halo_kernel2_yvel_plus_2_a
8959	0.000021020	246080	ops_par_loop_group_69	update_halo_kernel2_xvel_minus_4_b+update_halo_kernel2_yvel_plus_4_b
8960	0.000020398	246080	ops_par_loop_group_70	update_halo_kernel2_xvel_minus_2_b+update_halo_kernel2_yvel_plus_2_b
8961	0.000019036	123040	ops_par_loop_update_halo_kernel3_plus_4_a_107	update_halo_kernel3_plus_4_a
8962	0.000024406	123040	ops_par_loop_update_halo_kernel3_plus_2_a_108	update_halo_kernel3_plus_2_a
8963	0.000018415	123040	ops_par_loop_update_halo_kernel3_plus_4_b_109	update_halo_kernel3_plus_4_b
8964	0.000019497	123040	ops_par_loop_update_halo_kernel3_plus_2_b_110	update_halo_kernel3_plus_2_b
8965	0.000019327	123008	ops_par_loop_update_halo_kernel3_minus_4_b_113	update_halo_kernel3_minus_4_b
8966	0.000018656	123008	ops_par_loop_update_halo_kernel4_minus_4_b_117	update_halo_kernel4_minus_4_b
8967	0.000021140	553536	ops_par_loop_group_77	update_halo_kernel1_t2+update_halo_kernel4_minus_2_b
8968	0.000020559	430528	ops_par_loop_update_halo_kernel1_t1_86	update_halo_kernel1_t1
8969	0.000026661	553536	ops_par_loop_group_79	update_halo_kernel1_l2+update_halo_kernel3_minus_4_a
8970	0.000022673	553536	ops_par_loop_group_80	update_halo_kernel1_l1+update_halo_kernel3_minus_2_a
8971	0.000025008	553536	ops_par_loop_group_81	update_halo_kernel1_r2+update_halo_kernel3_minus_2_b
8972	0.000021411	430528	ops_par_loop_update_halo_kernel1_r1_90	update_halo_kernel1_r1
8973	0.000019487	123040	ops_par_loop_update_halo_kernel4_plus_4_a_119	update_halo_kernel4_plus_4_a
8974	0.000018616	123040	ops_par_loop_update_halo_kernel4_plus_2_a_120	update_halo_kernel4_plus_2_a
8975	0.000019177	123040	ops_par_loop_update_halo_kernel4_plus_4_b_121	update_halo_kernel4_plus_4_b
8976	0.000018084	123040	ops_par_loop_update_halo_kernel4_plus_2_b_122	update_halo_kernel4_plus_2_b
8977	0.001200751	944701952	ops_par_loop_group_87	advec_mom_kernel_x2+reset_field_kernel1
8978	0.000800471	708096064	ops_par_loop_group_88	advec_mom_kernel_mass_flux_x+ideal_gas_kernel
8979	0.000574561	590438520	ops_par_loop_advec_mom_kernel_post_pre_advec_x_125	advec_mom_kernel_post_pre_advec_x
8980	0.000881795	472258640	ops_par_loop_advec_mom_kernel1_x_nonvector_126	advec_mom_kernel1_x_nonvector
8981	0.000450536	590131240	ops_par_loop_advec_mom_kernel2_x_127	advec_mom_kernel2_x
8982	0.000499699	472842752	ops_par_loop_advec_mom_kernel_x2_128	advec_mom_kernel_x2
8983	0.000194820	236236864	ops_par_loop_advec_mom_kernel_mass_flux_x_129	advec_mom_kernel_mass_flux_x
8984	0.000575784	590438520	ops_par_loop_advec_mom_kernel_post_pre_advec_x_130	advec_mom_kernel_post_pre_advec_x
8985	0.000882616	472258640	ops_par_loop_advec_mom_kernel1_x_nonvector_131	advec_mom_kernel1_x_nonvector
8986	0.000733713	1062236232	ops_par_loop_group_96	advec_mom_kernel2_x+reset_field_kernel2
8987	0.000491323	471859200	ops_par_loop_ideal_gas_kernel_0	ideal_gas_kernel
8988	0.000022963	430304	ops_par_loop_update_halo_kernel1_b1_1	update_halo_kernel1_b1
8989	0.000020739	430304	ops_par_loop_update_halo_kernel1_t1_2	update_halo_kernel1_t1
8990	0.000024517	430304	ops_par_loop_update_halo_kernel1_l1_3	update_halo_kernel1_l1
8991	0.000024206	430304	ops_par_loop_update_halo_kernel1_r1_4	update_halo_kernel1_r1
8992	0.000019257	245952	ops_par_loop_group_5	update_halo_kernel2_xvel_plus_2_a+update_halo_kernel2_yvel_minus_2_a
8993	0.000018866	245952	ops_par_loop_group_6	update_halo_kernel2_xvel_plus_2_b+update_halo_kernel2_yvel_minus_2_b
8994	0.000020619	245952	ops_par_loop_group_7	update_halo_kernel2_xvel_minus_2_a+update_halo_kernel2_yvel_plus_2_a
8995	0.000021661	245952	ops_par_loop_group_8	update_halo_kernel2_xvel_minus_2_b+update_halo_kernel2_yvel_plus_2_b
8996	0.001729915	589885440	ops_par_loop_viscosity_kernel_13	viscosity_kernel
8997	0.000021371	430304	ops_par_loop_update_halo_kernel1_b1_14	update_halo_kernel1_b1
8998	0.000020219	430304	ops_par_loop_update_halo_kernel1_t1_15	update_halo_kernel1_t1
8999	0.000023164	430304	ops_par_loop_update_halo_kernel1_l1_16	update_halo_kernel1_l1
9000	0.000023084	430304	ops_par_loop_update_halo_kernel1_r1_17	update_halo_kernel1_r1
9001	0.000915279	1061744640	ops_par_loop_calc_dt_kernel_18	calc_dt_kernel
9002	0.001484410	1887436800	ops_par_loop_group_0	PdV_kernel_predict+ideal_gas_kernel
9003	0.000023244	430304	ops_par_loop_update_halo_kernel1_b1_2	update_halo_kernel1_b1
9004	0.000019918	430304	ops_par_loop_update_halo_kernel1_t1_3	update_halo_kernel1_t1
9005	0.000023564	430304	ops_par_loop_update_halo_kernel1_l1_4	update_halo_kernel1_l1
9006	0.000024216	430304	ops_par_loop_update_halo_kernel1_r1_5	update_halo_kernel1_r1
9007	0.001557058	1770147928	ops_par_loop_group_5	revert_kernel+accelerate_kernel
9008	0.001352379	1651507200	ops_par_loop_PdV_kernel_nopredict_8	PdV_kernel_nopredict
9009	0.000365835	471982080	ops_par_loop_flux_calc_kernelx_9	flux_calc_kernelx
9010	0.000358842	471982080	ops_par_loop_flux_calc_kernely_10	flux_calc_kernely
9011	0.000022472	553536	ops_par_loop_group_9	update_halo_kernel1_b2+update_halo_kernel4_minus_4_a
9012	0.000020690	553536	ops_par_loop_group_10	update_halo_kernel1_b1+update_halo_kernel4_minus_2_a
9013	0.000020218	246080	ops_par_loop_group_11	update_halo_kernel3_plus_4_a+update_halo_kernel2_xvel_plus_4_a
9014	0.000019467	246080	ops_par_loop_group_12	update_halo_kernel3_plus_2_a+update_halo_kernel2_xvel_plus_2_a
9015	0.000018846	123008	ops_par_loop_update_halo_kernel4_minus_4_b_29	update_halo_kernel4_minus_4_b
9016	0.000020960	553536	ops_par_loop_group_14	update_halo_kernel1_t2+update_halo_kernel4_minus_2_b
9017	0.000020289	430528	ops_par_loop_update_halo_kernel1_t1_14	update_halo_kernel1_t1
9018	0.000018896	246080	ops_par_loop_group_16	update_halo_kernel2_xvel_plus_4_b+update_halo_kernel2_yvel_minus_4_b
9019	0.000019176	246080	ops_par_loop_group_17	update_halo_kernel3_plus_4_b+update_halo_kernel2_xvel_plus_2_b
9020	0.000018535	123040	ops_par_loop_update_halo_kernel3_plus_2_b_22	update_halo_kernel3_plus_2_b
9021	0.000025879	553536	ops_par_loop_group_19	update_halo_kernel1_l2+update_halo_kernel3_minus_4_a
9022	0.000022963	553536	ops_par_loop_group_20	update_halo_kernel1_l1+update_halo_kernel3_minus_2_a
9023	0.000019257	123008	ops_par_loop_update_halo_kernel3_minus_4_b_25	update_halo_kernel3_minus_4_b
9024	0.000023935	553536	ops_par_loop_group_22	update_halo_kernel1_r2+update_halo_kernel3_minus_2_b
9025	0.000020809	430528	ops_par_loop_update_halo_kernel1_r1_18	update_halo_kernel1_r1
9026	0.000020629	246080	ops_par_loop_group_24	update_halo_kernel4_plus_4_a+update_halo_kernel2_xvel_minus_4_a
9027	0.000019387	246080	ops_par_loop_group_25	update_halo_kernel4_plus_2_a+update_halo_kernel2_xvel_minus_2_a
9028	0.000018415	123040	ops_par_loop_update_halo_kernel2_yvel_minus_4_a_54	update_halo_kernel2_yvel_minus_4_a
9029	0.000017553	123040	ops_par_loop_update_halo_kernel2_yvel_minus_2_a_55	update_halo_kernel2_yvel_minus_2_a
9030	0.000017733	123040	ops_par_loop_update_halo_kernel2_yvel_minus_2_b_57	update_halo_kernel2_yvel_minus_2_b
9031	0.000020459	246080	ops_par_loop_group_29	update_halo_kernel2_xvel_minus_4_b+update_halo_kernel2_yvel_plus_4_b
9032	0.000020168	246080	ops_par_loop_group_30	update_halo_kernel4_plus_4_b+update_halo_kernel2_xvel_minus_2_b
9033	0.000018014	123040	ops_par_loop_update_halo_kernel4_plus_2_b_34	update_halo_kernel4_plus_2_b
9034	0.000563080	591053440	ops_par_loop_advec_cell_kernel1_xdir_35	advec_cell_kernel1_xdir
9035	0.000772136	708203544	ops_par_loop_advec_cell_kernel3_xdir_36	advec_cell_kernel3_xdir
9036	0.001455525	1533542400	ops_par_loop_advec_cell_kernel4_xdir_37	advec_cell_kernel4_xdir
9037	0.000020990	430528	ops_par_loop_update_halo_kernel1_b2_38	update_halo_kernel1_b2
9038	0.000020879	430528	ops_par_loop_update_halo_kernel1_b1_39	update_halo_kernel1_b1
9039	0.000020779	430528	ops_par_loop_update_halo_kernel1_t2_40	update_halo_kernel1_t2
9040	0.000020178	430528	ops_par_loop_update_halo_kernel1_t1_41	update_halo_kernel1_t1
9041	0.000019196	123040	ops_par_loop_update_halo_kernel3_plus_4_a_62	update_halo_kernel3_plus_4_a
9042	0.000018766	123040	ops_par_loop_update_halo_kernel3_plus_2_a_63	update_halo_kernel3_plus_2_a
9043	0.000018385	123040	ops_par_loop_update_halo_kernel3_plus_4_b_64	update_halo_kernel3_plus_4_b
9044	0.000017944	123040	ops_par_loop_update_halo_kernel3_plus_2_b_65	update_halo_kernel3_plus_2_b
9045	0.000026670	553536	ops_par_loop_group_43	update_halo_kernel1_l2+update_halo_kernel3_minus_4_a
9046	0.000023184	553536	ops_par_loop_group_44	update_halo_kernel1_l1+update_halo_kernel3_minus_2_a
9047	0.000018886	123008	ops_par_loop_update_halo_kernel3_minus_4_b_68	update_halo_kernel3_minus_4_b
9048	0.000024186	553536	ops_par_loop_group_46	update_halo_kernel1_r2+update_halo_kernel3_minus_2_b
9049	0.000021010	430528	ops_par_loop_update_halo_kernel1_r1_45	update_halo_kernel1_r1
9050	0.000564703	591053440	ops_par_loop_advec_mom_kernel_x1_70	advec_mom_kernel_x1
9051	0.000193958	236236864	ops_par_loop_advec_mom_kernel_mass_flux_x_71	advec_mom_kernel_mass_flux_x
9052	0.000576134	590438520	ops_par_loop_advec_mom_kernel_post_pre_advec_x_72	advec_mom_kernel_post_pre_advec_x
9053	0.000880813	472258640	ops_par_loop_advec_mom_kernel1_x_nonvector_73	advec_mom_kernel1_x_nonvector
9054	0.000454433	590131240	ops_par_loop_advec_mom_kernel2_x_74	advec_mom_kernel2_x
9055	0.000561306	591053440	ops_par_loop_advec_mom_kernel_x1_75	advec_mom_kernel_x1
9056	0.000193768	236236864	ops_par_loop_advec_mom_kernel_mass_flux_x_76	advec_mom_kernel_mass_flux_x
9057	0.000572567	590438520	ops_par_loop_advec_mom_kernel_post_pre_advec_x_77	advec_mom_kernel_post_pre_advec_x
9058	0.000021351	246080	ops_par_loop_group_56	update_halo_kernel2_xvel_plus_4_a+update_halo_kernel3_plus_4_a
9059	0.000019557	246080	ops_par_loop_group_57	update_halo_kernel2_xvel_plus_2_a+update_halo_kernel3_plus_2_a
9060	0.000018846	123040	ops_par_loop_update_halo_kernel2_xvel_plus_4_b_93	update_halo_kernel2_xvel_plus_4_b
9061	0.000019036	246080	ops_par_loop_group_59	update_halo_kernel2_xvel_plus_2_b+update_halo_kernel3_plus_4_b
9062	0.000021020	246080	ops_par_loop_group_60	update_halo_kernel2_yvel_plus_4_a+update_halo_kernel2_xvel_minus_4_a
9063	0.000019637	246080	ops_par_loop_group_61	update_halo_kernel2_yvel_plus_2_a+update_halo_kernel2_xvel_minus_2_a
9064	0.000019426	123040	ops_par_loop_update_halo_kernel2_xvel_minus_4_b_97	update_halo_kernel2_xvel_minus_4_b
9065	0.000020389	246080	ops_par_loop_group_63	update_halo_kernel2_yvel_plus_2_b+update_halo_kernel2_xvel_minus_2_b
9066	0.000881514	472258640	ops_par_loop_advec_mom_kernel1_x_nonvector_78	advec_mom_kernel1_x_nonvector
9067	0.000443532	590131240	ops_par_loop_advec_mom_kernel2_x_79	advec_mom_kernel2_x
9068	0.000499579	472842752	ops_par_loop_advec_cell_kernel2_ydir_80	advec_cell_kernel2_ydir
9069	0.000788248	708203544	ops_par_loop_advec_cell_kernel3_ydir_81	advec_cell_kernel3_ydir
9070	0.001472567	1533542400	ops_par_loop_advec_cell_kernel4_ydir_82	advec_cell_kernel4_ydir
9071	0.000024035	553536	ops_par_loop_group_69	update_halo_kernel1_b2+update_halo_kernel4_minus_4_a
9072	0.000021370	553536	ops_par_loop_group_70	update_halo_kernel1_b1+update_halo_kernel4_minus_2_a
9073	0.000018966	123040	ops_par_loop_update_halo_kernel2_yvel_minus_4_a_99	update_halo_kernel2_yvel_minus_4_a
9074	0.000018375	123040	ops_par_loop_update_halo_kernel2_yvel_minus_2_a_100	update_halo_kernel2_yvel_minus_2_a
9075	0.000018665	123040	ops_par_loop_update_halo_kernel2_yvel_minus_4_b_101	update_halo_kernel2_yvel_minus_4_b
9076	0.000017473	123040	ops_par_loop_update_halo_kernel2_yvel_minus_2_b_102	update_halo_kernel2_yvel_minus_2_b
9077	0.000019186	123040	ops_par_loop_update_halo_kernel2_yvel_plus_4_b_105	update_halo_kernel2_yvel_plus_4_b
9078	0.000018756	123040	ops_par_loop_update_halo_kernel3_plus_2_b_110	update_halo_kernel3_plus_2_b
9079	0.000019287	123008	ops_par_loop_update_halo_kernel3_minus_4_b_113	update_halo_kernel3_minus_4_b
9080	0.000018395	123008	ops_par_loop_update_halo_kernel4_minus_4_b_117	update_halo_kernel4_minus_4_b
9081	0.000021420	553536	ops_par_loop_group_79	update_halo_kernel1_t2+update_halo_kernel4_minus_2_b
9082	0.000019767	430528	ops_par_loop_update_halo_kernel1_t1_86	update_halo_kernel1_t1
9083	0.000027072	553536	ops_par_loop_group_81	update_halo_kernel1_l2+update_halo_kernel3_minus_4_a
9084	0.000023034	553536	ops_par_loop_group_82	update_halo_kernel1_l1+update_halo_kernel3_minus_2_a
9085	0.000025408	553536	ops_par_loop_group_83	update_halo_kernel1_r2+update_halo_kernel3_minus_2_b
9086	0.000022022	430528	ops_par_loop_update_halo_kernel1_r1_90	update_halo_kernel1_r1
9087	0.000021611	246080	ops_par_loop_group_85	update_halo_kernel2_yvel_plus_4_a+update_halo_kernel4_plus_4_a
9088	0.000019467	246080	ops_par_loop_group_86	update_halo_kernel2_yvel_plus_2_a+update_halo_kernel4_plus_2_a
9089	0.000020228	246080	ops_par_loop_group_87	update_halo_kernel2_yvel_plus_2_b+update_halo_kernel4_plus_4_b
9090	0.000018685	123040	ops_par_loop_update_halo_kernel4_plus_2_b_122	update_halo_kernel4_plus_2_b
9091	0.001193908	944701952	ops_par_loop_group_89	advec_mom_kernel_y2+reset_field_kernel1
9092	0.000734615	708096064	ops_par_loop_group_90	advec_mom_kernel_mass_flux_y+ideal_gas_kernel
9093	0.000531410	590438520	ops_par_loop_advec_mom_kernel_post_pre_advec_y_125	advec_mom_kernel_post_pre_advec_y
9094	0.000877507	472258640	ops_par_loop_advec_mom_kernel1_y_nonvector_126	advec_mom_kernel1_y_nonvector
9095	0.000445927	590131240	ops_par_loop_advec_mom_kernel2_y_127	advec_mom_kernel2_y
9096	0.000491834	472842752	ops_par_loop_advec_mom_kernel_y2_128	advec_mom_kernel_y2
9097	0.000192546	236236864	ops_par_loop_advec_mom_kernel_mass_flux_y_129	advec_mom_kernel_mass_flux_y
9098	0.000532842	590438520	ops_par_loop_advec_mom_kernel_post_pre_advec_y_130	advec_mom_kernel_post_pre_advec_y
9099	0.000871636	472258640	ops_par_loop_advec_mom_kernel1_y_nonvector_131	advec_mom_kernel1_y_nonvector
9100	0.000736929	1062236232	ops_par_loop_group_98	advec_mom_kernel2_y+reset_field_kernel2
9101	0.000021972	430304	ops_par_loop_update_halo_kernel1_b1_136	update_halo_kernel1_b1
9102	0.000020068	430304	ops_par_loop_update_halo_kernel1_t1_137	update_halo_kernel1_t1
9103	0.000024115	430304	ops_par_loop_update_halo_kernel1_l1_138	update_halo_kernel1_l1
9104	0.000023434	430304	ops_par_loop_update_halo_kernel1_r1_139	update_halo_kernel1_r1
9105	0.000019096	245952	ops_par_loop_group_103	update_halo_kernel2_xvel_plus_2_a+update_halo_kernel2_yvel_minus_2_a
9106	0.000019046	245952	ops_par_loop_group_104	update_halo_kernel2_xvel_plus_2_b+update_halo_kernel2_yvel_minus_2_b
9107	0.000020559	245952	ops_par_loop_group_105	update_halo_kernel2_xvel_minus_2_a+update_halo_kernel2_yvel_plus_2_a
9108	0.000021211	245952	ops_par_loop_group_106	update_halo_kernel2_xvel_minus_2_b+update_halo_kernel2_yvel_plus_2_b
9109	0.001728283	589885440	ops_par_loop_viscosity_kernel_148	viscosity_kernel
9110	0.000021631	430304	ops_par_loop_update_halo_kernel1_b1_149	update_halo_kernel1_b1
9111	0.000020298	430304	ops_par_loop_update_halo_kernel1_t1_150	update_halo_kernel1_t1
9112	0.000023384	430304	ops_par_loop_update_halo_kernel1_l1_151	update_halo_kernel1_l1
9113	0.000023064	430304	ops_par_loop_update_halo_kernel1_r1_152	update_halo_kernel1_r1
9114	0.000916331	1061744640	ops_par_loop_calc_dt_kernel_153	calc_dt_kernel
9115	0.001485141	1887436800	ops_par_loop_group_0	PdV_kernel_predict+ideal_gas_kernel
9116	0.000023014	430304	ops_par_loop_update_halo_kernel1_b1_2	update_halo_kernel1_b1
9117	0.000020679	430304	ops_par_loop_update_halo_kernel1_t1_3	update_halo_kernel1_t1
9118	0.000024046	430304	ops_par_loop_update_halo_kernel1_l1_4	update_halo_kernel1_l1
9119	0.000024877	430304	ops_par_loop_update_halo_kernel1_r1_5	update_halo_kernel1_r1
9120	0.001557148	1770147928	ops_par_loop_group_5	revert_kernel+accelerate_kernel
9121	0.001358199	1651507200	ops_par_loop_PdV_kernel_nopredict_8	PdV_kernel_nopredict
9122	0.000360645	471982080	ops_par_loop_flux_calc_kernelx_9	flux_calc_kernelx
9123	0.000357319	471982080	ops_par_loop_flux_calc_kernely_10	flux_calc_kernely
9124	0.000028264	553536	ops_par_loop_group_9	update_halo_kernel1_b2+update_halo_kernel4_minus_4_a
9125	0.000021110	553536	ops_par_loop_group_10	update_halo_kernel1_b1+update_halo_kernel4_minus_2_a
9126	0.000019847	246080	ops_par_loop_group_11	update_halo_kernel3_plus_4_a+update_halo_kernel2_xvel_plus_4_a
9127	0.000018896	246080	ops_par_loop_group_12	update_halo_kernel3_plus_2_a+update_halo_kernel2_xvel_plus_2_a
9128	0.000017974	123008	ops_par_loop_update_halo_kernel4_minus_4_b_29	update_halo_kernel4_minus_4_b
9129	0.000020519	553536	ops_par_loop_group_14	update_halo_kernel1_t2+update_halo_kernel4_minus_2_b
9130	0.000020178	430528	ops_par_loop_update_halo_kernel1_t1_14	update_halo_kernel1_t1
9131	0.000019086	246080	ops_par_loop_group_16	update_halo_kernel2_xvel_plus_4_b+update_halo_kernel2_yvel_minus_4_b
9132	0.000018776	246080	ops_par_loop_group_17	update_halo_kernel3_plus_4_b+update_halo_kernel2_xvel_plus_2_b
9133	0.000018355	123040	ops_par_loop_update_halo_kernel3_plus_2_b_22	update_halo_kernel3_plus_2_b
9134	0.000025218	553536	ops_par_loop_group_19	update_halo_kernel1_l2+update_halo_kernel3_minus_4_a
9135	0.000023715	553536	ops_par_loop_group_20	update_halo_kernel1_l1+update_halo_kernel3_minus_2_a
9136	0.000018666	123008	ops_par_loop_update_halo_kernel3_minus_4_b_25	update_halo_kernel3_minus_4_b
9137	0.000023956	553536	ops_par_loop_group_22	update_halo_kernel1_r2+update_halo_kernel3_minus_2_b
9138	0.000021771	430528	ops_par_loop_update_halo_kernel1_r1_18	update_halo_kernel1_r1
9139	0.000021330	246080	ops_par_loop_group_24	update_halo_kernel4_plus_4_a+update_halo_kernel2_xvel_minus_4_a
9140	0.000019768	246080	ops_par_loop_group_25	update_halo_kernel4_plus_2_a+update_halo_kernel2_xvel_minus_2_a
9141	0.000017964	123040	ops_par_loop_update_halo_kernel2_yvel_minus_4_a_54	update_halo_kernel2_yvel_minus_4_a
9142	0.000017593	123040	ops_par_loop_update_halo_kernel2_yvel_minus_2_a_55	update_halo_kernel2_yvel_minus_2_a
9143	0.000017093	123040	ops_par_loop_update_halo_kernel2_yvel_minus_2_b_57	update_halo_kernel2_yvel_minus_2_b
9144	0.000020629	246080	ops_par_loop_group_29	update_halo_kernel2_xvel_minus_4_b+update_halo_kernel2_yvel_plus_4_b
9145	0.000020619	246080	ops_par_loop_group_30	update_halo_kernel4_plus_4_b+update_halo_kernel2_xvel_minus_2_b
9146	0.000017654	123040	ops_par_loop_update_halo_kernel4_plus_2_b_34	update_halo_kernel4_plus_2_b
9147	0.000561727	591053440	ops_par_loop_advec_cell_kernel1_ydir_35	advec_cell_kernel1_ydir
9148	0.000786784	708203544	ops_par_loop_advec_cell_kernel3_ydir_36	advec_cell_kernel3_ydir
9149	0.001470863	1533542400	ops_par_loop_advec_cell_kernel4_ydir_37	advec_cell_kernel4_ydir
9150	0.000024437	553536	ops_par_loop_group_35	update_halo_kernel1_b2+update_halo_kernel4_minus_4_a
9151	0.000021190	553536	ops_par_loop_group_36	update_halo_kernel1_b1+update_halo_kernel4_minus_2_a
9152	0.000018095	123008	ops_par_loop_update_halo_kernel4_minus_4_b_64	update_halo_kernel4_minus_4_b
9153	0.000020869	553536	ops_par_loop_group_38	update_halo_kernel1_t2+update_halo_kernel4_minus_2_b
9154	0.000019798	430528	ops_par_loop_update_halo_kernel1_t1_41	update_halo_kernel1_t1
9155	0.000023485	430528	ops_par_loop_update_halo_kernel1_l2_42	update_halo_kernel1_l2
9156	0.000021321	430528	ops_par_loop_update_halo_kernel1_l1_43	update_halo_kernel1_l1
9157	0.000023224	430528	ops_par_loop_update_halo_kernel1_r2_44	update_halo_kernel1_r2
9158	0.000021010	430528	ops_par_loop_update_halo_kernel1_r1_45	update_halo_kernel1_r1
9159	0.000022163	246080	ops_par_loop_group_44	update_halo_kernel2_yvel_plus_4_a+update_halo_kernel4_plus_4_a
9160	0.000019767	246080	ops_par_loop_group_45	update_halo_kernel2_yvel_plus_2_a+update_halo_kernel4_plus_2_a
9161	0.000020589	246080	ops_par_loop_group_46	update_halo_kernel2_yvel_plus_2_b+update_halo_kernel4_plus_4_b
9162	0.000018675	123040	ops_par_loop_update_halo_kernel4_plus_2_b_69	update_halo_kernel4_plus_2_b
9163	0.000562258	591053440	ops_par_loop_advec_mom_kernel_y1_70	advec_mom_kernel_y1
9164	0.000192215	236236864	ops_par_loop_advec_mom_kernel_mass_flux_y_71	advec_mom_kernel_mass_flux_y
9165	0.000533223	590438520	ops_par_loop_advec_mom_kernel_post_pre_advec_y_72	advec_mom_kernel_post_pre_advec_y
9166	0.000877126	472258640	ops_par_loop_advec_mom_kernel1_y_nonvector_73	advec_mom_kernel1_y_nonvector
9167	0.000448492	590131240	ops_par_loop_advec_mom_kernel2_y_74	advec_mom_kernel2_y
9168	0.000564021	591053440	ops_par_loop_advec_mom_kernel_y1_75	advec_mom_kernel_y1
9169	0.000191694	236236864	ops_par_loop_advec_mom_kernel_mass_flux_y_76	advec_mom_kernel_mass_flux_y
9170	0.000531219	590438520	ops_par_loop_advec_mom_kernel_post_pre_advec_y_77	advec_mom_kernel_post_pre_advec_y
9171	0.000870374	472258640	ops_par_loop_advec_mom_kernel1_y_nonvector_78	advec_mom_kernel1_y_nonvector
9172	0.000448482	590131240	ops_par_loop_advec_mom_kernel2_y_79	advec_mom_kernel2_y
9173	0.000491404	472842752	ops_par_loop_advec_cell_kernel2_xdir_80	advec_cell_kernel2_xdir
9174	0.000772428	708203544	ops_par_loop_advec_cell_kernel3_xdir_81	advec_cell_kernel3_xdir
9175	0.001462828	1533542400	ops_par_loop_advec_cell_kernel4_xdir_82	advec_cell_kernel4_xdir
9176	0.000022493	553536	ops_par_loop_group_61	update_halo_kernel1_b2+update_halo_kernel4_minus_4_a
9177	0.000021080	553536	ops_par_loop_group_62	update_halo_kernel1_b1+update_halo_kernel4_minus_2_a
9178	0.000019887	246080	ops_par_loop_group_63	update_halo_kernel2_xvel_plus_4_a+update_halo_kernel2_yvel_minus_4_a
9179	0.000020058	246080	ops_par_loop_group_64	update_halo_kernel2_xvel_plus_2_a+update_halo_kernel2_yvel_minus_2_a
9180	0.000019227	246080	ops_par_loop_group_65	update_halo_kernel2_xvel_plus_4_b+update_halo_kernel2_yvel_minus_4_b
9181	0.000019638	246080	ops_par_loop_group_66	update_halo_kernel2_xvel_plus_2_b+update_halo_kernel2_yvel_minus_2_b
9182	0.000022031	246080	ops_par_loop_group_67	update_halo_kernel2_xvel_minus_4_a+update_halo_kernel2_yvel_plus_4_a
9183	0.000019517	246080	ops_par_loop_group_68	update_halo_kernel2_xvel_minus_2_a+update_halo_kernel2_yvel_plus_2_a
9184	0.000021181	246080	ops_par_loop_group_69	update_halo_kernel2_xvel_minus_4_b+update_halo_kernel2_yvel_plus_4_b
9185	0.000019337	246080	ops_par_loop_group_70	update_halo_kernel2_xvel_minus_2_b+update_halo_kernel2_yvel_plus_2_b
9186	0.000018606	123040	ops_par_loop_update_halo_kernel3_plus_4_a_107	update_halo_kernel3_plus_4_a
9187	0.000018435	123040	ops_par_loop_update_halo_kernel3_plus_2_a_108	update_halo_kernel3_plus_2_a
9188	0.000023585	123040	ops_par_loop_update_halo_kernel3_plus_4_b_109	update_halo_kernel3_plus_4_b
9189	0.000018385	123040	ops_par_loop_update_halo_kernel3_plus_2_b_110	update_halo_kernel3_plus_2_b
9190	0.000019136	123008	ops_par_loop_update_halo_kernel3_minus_4_b_113	update_halo_kernel3_minus_4_b
9191	0.000018365	123008	ops_par_loop_update_halo_kernel4_minus_4_b_117	update_halo_kernel4_minus_4_b
9192	0.000020810	553536	ops_par_loop_group_77	update_halo_kernel1_t2+update_halo_kernel4_minus_2_b
9193	0.000019938	430528	ops_par_loop_update_halo_kernel1_t1_86	update_halo_kernel1_t1
9194	0.000026220	553536	ops_par_loop_group_79	update_halo_kernel1_l2+update_halo_kernel3_minus_4_a
9195	0.000023284	553536	ops_par_loop_group_80	update_halo_kernel1_l1+update_halo_kernel3_minus_2_a
9196	0.000024897	553536	ops_par_loop_group_81	update_halo_kernel1_r2+update_halo_kernel3_minus_2_b
9197	0.000021771	430528	ops_par_loop_update_halo_kernel1_r1_90	update_halo_kernel1_r1
9198	0.000019347	123040	ops_par_loop_update_halo_kernel4_plus_4_a_119	update_halo_kernel4_plus_4_a
9199	0.000019096	123040	ops_par_loop_update_halo_kernel4_plus_2_a_120	update_halo_kernel4_plus_2_a
9200	0.000019487	123040	ops_par_loop_update_halo_kernel4_plus_4_b_121	update_halo_kernel4_plus_4_b
9201	0.000017503	123040	ops_par_loop_update_halo_kernel4_plus_2_b_122	update_halo_kernel4_plus_2_b
9202	0.001202474	944701952	ops_par_loop_group_87	advec_mom_kernel_x2+reset_field_kernel1
9203	0.000802314	708096064	ops_par_loop_group_88	advec_mom_kernel_mass_flux_x+ideal_gas_kernel
9204	0.000574822	590438520	ops_par_loop_advec_mom_kernel_post_pre_advec_x_125	advec_mom_kernel_post_pre_advec_x
9205	0.000880923	472258640	ops_par_loop_advec_mom_kernel1_x_nonvector_126	advec_mom_kernel1_x_nonvector
9206	0.000446698	590131240	ops_par_loop_advec_mom_kernel2_x_127	advec_mom_kernel2_x
9207	0.000499569	472842752	ops_par_loop_advec_mom_kernel_x2_128	advec_mom_kernel_x2
9208	0.000196604	236236864	ops_par_loop_advec_mom_kernel_mass_flux_x_129	advec_mom_kernel_mass_flux_x
9209	0.000573530	590438520	ops_par_loop_advec_mom_kernel_post_pre_advec_x_130	advec_mom_kernel_post_pre_advec_x
9210	0.000883008	472258640	ops_par_loop_advec_mom_kernel1_x_nonvector_131	advec_mom_kernel1_x_nonvector
9211	0.000729656	1062236232	ops_par_loop_group_96	advec_mom_kernel2_x+reset_field_kernel2
9212	0.000021872	430304	ops_par_loop_update_halo_kernel1_b1_136	update_halo_kernel1_b1
9213	0.000021220	430304	ops_par_loop_update_halo_kernel1_t1_137	update_halo_kernel1_t1
9214	0.000024256	430304	ops_par_loop_update_halo_kernel1_l1_138	update_halo_kernel1_l1
9215	0.000024677	430304	ops_par_loop_update_halo_kernel1_r1_139	update_halo_kernel1_r1
9216	0.000019336	245952	ops_par_loop_group_101	update_halo_kernel2_xvel_plus_2_a+update_halo_kernel2_yvel_minus_2_a
9217	0.000019477	245952	ops_par_loop_group_102	update_halo_kernel2_xvel_plus_2_b+update_halo_kernel2_yvel_minus_2_b
9218	0.000020569	245952	ops_par_loop_group_103	update_halo_kernel2_xvel_minus_2_a+update_halo_kernel2_yvel_plus_2_a
9219	0.000021591	245952	ops_par_loop_group_104	update_halo_kernel2_xvel_minus_2_b+update_halo_kernel2_yvel_plus_2_b
9220	0.001728593	589885440	ops_par_loop_viscosity_kernel_148	viscosity_kernel
9221	0.000021240	430304	ops_par_loop_update_halo_kernel1_b1_149	update_halo_kernel1_b1
9222	0.000019106	430304	ops_par_loop_update_halo_kernel1_t1_150	update_halo_kernel1_t1
9223	0.000023504	430304	ops_par_loop_update_halo_kernel1_l1_151	update_halo_kernel1_l1
9224	0.000022944	430304	ops_par_loop_update_halo_kernel1_r1_152	update_halo_kernel1_r1
9225	0.000915268	1061744640	ops_par_loop_calc_dt_kernel_153	calc_dt_kernel
9226	0.001484379	1887436800	ops_par_loop_group_0	PdV_kernel_predict+ideal_gas_kernel
9227	0.000022663	430304	ops_par_loop_update_halo_kernel1_b1_2	update_halo_kernel1_b1
9228	0.000020850	430304	ops_par_loop_update_halo_kernel1_t1_3	update_halo_kernel1_t1
9229	0.000024797	430304	ops_par_loop_update_halo_kernel1_l1_4	update_halo_kernel1_l1
9230	0.000024867	430304	ops_par_loop_update_halo_kernel1_r1_5	update_halo_kernel1_r1
9231	0.001558731	1770147928	ops_par_loop_group_5	revert_kernel+accelerate_kernel
9232	0.001353130	1651507200	ops_par_loop_PdV_kernel_nopredict_8	PdV_kernel_nopredict
9233	0.000365464	471982080	ops_par_loop_flux_calc_kernelx_9	flux_calc_kernelx
9234	0.000358541	471982080	ops_par_loop_flux_calc_kernely_10	flux_calc_kernely
9235	0.000022091	553536	ops_par_loop_group_9	update_halo_kernel1_b2+update_halo_kernel4_minus_4_a
9236	0.000021150	553536	ops_par_loop_group_10	update_halo_kernel1_b1+update_halo_kernel4_minus_2_a
9237	0.000019888	246080	ops_par_loop_group_11	update_halo_kernel3_plus_4_a+update_halo_kernel2_xvel_plus_4_a
9238	0.000019217	246080	ops_par_loop_group_12	update_halo_kernel3_plus_2_a+update_halo_kernel2_xvel_plus_2_a
9239	0.000019006	123008	ops_par_loop_update_halo_kernel4_minus_4_b_29	update_halo_kernel4_minus_4_b
9240	0.000020910	553536	ops_par_loop_group_14	update_halo_kernel1_t2+update_halo_kernel4_minus_2_b
9241	0.000020218	430528	ops_par_loop_update_halo_kernel1_t1_14	update_halo_kernel1_t1
9242	0.000019176	246080	ops_par_loop_group_16	update_halo_kernel2_xvel_plus_4_b+update_halo_kernel2_yvel_minus_4_b
9243	0.000019287	246080	ops_par_loop_group_17	update_halo_kernel3_plus_4_b+update_halo_kernel2_xvel_plus_2_b
9244	0.000018394	123040	ops_par_loop_update_halo_kernel3_plus_2_b_22	update_halo_kernel3_plus_2_b
9245	0.000026350	553536	ops_par_loop_group_19	update_halo_kernel1_l2+update_halo_kernel3_minus_4_a
9246	0.000023405	553536	ops_par_loop_group_20	update_halo_kernel1_l1+update_halo_kernel3_minus_2_a
9247	0.000019207	123008	ops_par_loop_update_halo_kernel3_minus_4_b_25	update_halo_kernel3_minus_4_b
9248	0.000025758	553536	ops_par_loop_group_22	update_halo_kernel1_r2+update_halo_kernel3_minus_2_b
9249	0.000020960	430528	ops_par_loop_update_halo_kernel1_r1_18	update_halo_kernel1_r1
9250	0.000020539	246080	ops_par_loop_group_24	update_halo_kernel4_plus_4_a+update_halo_kernel2_xvel_minus_4_a
9251	0.000019998	246080	ops_par_loop_group_25	update_halo_kernel4_plus_2_a+update_halo_kernel2_xvel_minus_2_a
9252	0.000018555	123040	ops_par_loop_update_halo_kernel2_yvel_minus_4_a_54	update_halo_kernel2_yvel_minus_4_a
9253	0.000017504	123040	ops_par_loop_update_halo_kernel2_yvel_minus_2_a_55	update_halo_kernel2_yvel_minus_2_a
9254	0.000017494	123040	ops_par_loop_update_halo_kernel2_yvel_minus_2_b_57	update_halo_kernel2_yvel_minus_2_b
9255	0.000020369	246080	ops_par_loop_group_29	update_halo_kernel2_xvel_minus_4_b+update_halo_kernel2_yvel_plus_4_b
9256	0.000019768	246080	ops_par_loop_group_30	update_halo_kernel4_plus_4_b+update_halo_kernel2_xvel_minus_2_b
9257	0.000017724	123040	ops_par_loop_update_halo_kernel4_plus_2_b_34	update_halo_kernel4_plus_2_b
9258	0.000562528	591053440	ops_par_loop_advec_cell_kernel1_xdir_35	advec_cell_kernel1_xdir
9259	0.000772718	708203544	ops_par_loop_advec_cell_kernel3_xdir_36	advec_cell_kernel3_xdir
9260	0.001459732	1533542400	ops_par_loop_advec_cell_kernel4_xdir_37	advec_cell_kernel4_xdir
9261	0.000021661	430528	ops_par_loop_update_halo_kernel1_b2_38	update_halo_kernel1_b2
9262	0.000019597	430528	ops_par_loop_update_halo_kernel1_b1_39	update_halo_kernel1_b1
9263	0.000020248	430528	ops_par_loop_update_halo_kernel1_t2_40	update_halo_kernel1_t2
9264	0.000019728	430528	ops_par_loop_update_halo_kernel1_t1_41	update_halo_kernel1_t1
9265	0.000019386	123040	ops_par_loop_update_halo_kernel3_plus_4_a_62	update_halo_kernel3_plus_4_a
9266	0.000018395	123040	ops_par_loop_update_halo_kernel3_plus_2_a_63	update_halo_kernel3_plus_2_a
9267	0.000018045	123040	ops_par_loop_update_halo_kernel3_plus_4_b_64	update_halo_kernel3_plus_4_b
9268	0.000018455	123040	ops_par_loop_update_halo_kernel3_plus_2_b_65	update_halo_kernel3_plus_2_b
9269	0.000026370	553536	ops_par_loop_group_43	update_halo_kernel1_l2+update_halo_kernel3_minus_4_a
9270	0.000023194	553536	ops_par_loop_group_44	update_halo_kernel1_l1+update_halo_kernel3_minus_2_a
9271	0.000018786	123008	ops_par_loop_update_halo_kernel3_minus_4_b_68	update_halo_kernel3_minus_4_b
9272	0.000024676	553536	ops_par_loop_group_46	update_halo_kernel1_r2+update_halo_kernel3_minus_2_b
9273	0.000020970	430528	ops_par_loop_update_halo_kernel1_r1_45	update_halo_kernel1_r1
9274	0.000562268	591053440	ops_par_loop_advec_mom_kernel_x1_70	advec_mom_kernel_x1
9275	0.000194159	236236864	ops_par_loop_advec_mom_kernel_mass_flux_x_71	advec_mom_kernel_mass_flux_x
9276	0.000576746	590438520	ops_par_loop_advec_mom_kernel_post_pre_advec_x_72	advec_mom_kernel_post_pre_advec_x
9277	0.000880563	472258640	ops_par_loop_advec_mom_kernel1_x_nonvector_73	advec_mom_kernel1_x_nonvector
9278	0.000446187	590131240	ops_par_loop_advec_mom_kernel2_x_74	advec_mom_kernel2_x
9279	0.000563661	591053440	ops_par_loop_advec_mom_kernel_x1_75	advec_mom_kernel_x1
9280	0.000193768	236236864	ops_par_loop_advec_mom_kernel_mass_flux_x_76	advec_mom_kernel_mass_flux_x
9281	0.000573319	590438520	ops_par_loop_advec_mom_kernel_post_pre_advec_x_77	advec_mom_kernel_post_pre_advec_x
9282	0.000021461	246080	ops_par_loop_group_56	update_halo_kernel2_xvel_plus_4_a+update_halo_kernel3_plus_4_a
9283	0.000019026	246080	ops_par_loop_group_57	update_halo_kernel2_xvel_plus_2_a+update_halo_kernel3_plus_2_a
9284	0.000018645	123040	ops_par_loop_update_halo_kernel2_xvel_plus_4_b_93	update_halo_kernel2_xvel_plus_4_b
9285	0.000020108	246080	ops_par_loop_group_59	update_halo_kernel2_xvel_plus_2_b+update_halo_kernel3_plus_4_b
9286	0.000020890	246080	ops_par_loop_group_60	update_halo_kernel2_yvel_plus_4_a+update_halo_kernel2_xvel_minus_4_a
9287	0.000019597	246080	ops_par_loop_group_61	update_halo_kernel2_yvel_plus_2_a+update_halo_kernel2_xvel_minus_2_a
9288	0.000018555	123040	ops_par_loop_update_halo_kernel2_xvel_minus_4_b_97	update_halo_kernel2_xvel_minus_4_b
9289	0.000020179	246080	ops_par_loop_group_63	update_halo_kernel2_yvel_plus_2_b+update_halo_kernel2_xvel_minus_2_b
9290	0.000881715	472258640	ops_par_loop_advec_mom_kernel1_x_nonvector_78	advec_mom_kernel1_x_nonvector
9291	0.000447660	590131240	ops_par_loop_advec_mom_kernel2_x_79	advec_mom_kernel2_x
9292	0.000500671	472842752	ops_par_loop_advec_cell_kernel2_ydir_80	advec_cell_kernel2_ydir
9293	0.000786624	708203544	ops_par_loop_advec_cell_kernel3_ydir_81	advec_cell_kernel3_ydir
9294	0.001473849	1533542400	ops_par_loop_advec_cell_kernel4_ydir_82	advec_cell_kernel4_ydir
9295	0.000023284	553536	ops_par_loop_group_69	update_halo_kernel1_b2+update_halo_kernel4_minus_4_a
9296	0.000022392	553536	ops_par_loop_group_70	update_halo_kernel1_b1+update_halo_kernel4_minus_2_a
9297	0.000018805	123040	ops_par_loop_update_halo_kernel2_yvel_minus_4_a_99	update_halo_kernel2_yvel_minus_4_a
9298	0.000017693	123040	ops_par_loop_update_halo_kernel2_yvel_minus_2_a_100	update_halo_kernel2_yvel_minus_2_a
9299	0.000017914	123040	ops_par_loop_update_halo_kernel2_yvel_minus_4_b_101	update_halo_kernel2_yvel_minus_4_b
9300	0.000017573	123040	ops_par_loop_update_halo_kernel2_yvel_minus_2_b_102	update_halo_kernel2_yvel_minus_2_b
9301	0.000019217	123040	ops_par_loop_update_halo_kernel2_yvel_plus_4_b_105	update_halo_kernel2_yvel_plus_4_b
9302	0.000019427	123040	ops_par_loop_update_halo_kernel3_plus_2_b_110	update_halo_kernel3_plus_2_b
9303	0.000019436	123008	ops_par_loop_update_halo_kernel3_minus_4_b_113	update_halo_kernel3_minus_4_b
9304	0.000017954	123008	ops_par_loop_update_halo_kernel4_minus_4_b_117	update_halo_kernel4_minus_4_b
9305	0.000021421	553536	ops_par_loop_group_79	update_halo_kernel1_t2+update_halo_kernel4_minus_2_b
9306	0.000019858	430528	ops_par_loop_update_halo_kernel1_t1_86	update_halo_kernel1_t1
9307	0.000026911	553536	ops_par_loop_group_81	update_halo_kernel1_l2+update_halo_kernel3_minus_4_a
9308	0.000023164	553536	ops_par_loop_group_82	update_halo_kernel1_l1+update_halo_kernel3_minus_2_a
9309	0.000024446	553536	ops_par_loop_group_83	update_halo_kernel1_r2+update_halo_kernel3_minus_2_b
9310	0.000021451	430528	ops_par_loop_update_halo_kernel1_r1_90	update_halo_kernel1_r1
9311	0.000021531	246080	ops_par_loop_group_85	update_halo_kernel2_yvel_plus_4_a+update_halo_kernel4_plus_4_a
9312	0.000019827	246080	ops_par_loop_group_86	update_halo_kernel2_yvel_plus_2_a+update_halo_kernel4_plus_2_a
9313	0.000020159	246080	ops_par_loop_group_87	update_halo_kernel2_yvel_plus_2_b+update_halo_kernel4_plus_4_b
9314	0.000019056	123040	ops_par_loop_update_halo_kernel4_plus_2_b_122	update_halo_kernel4_plus_2_b
9315	0.001195841	944701952	ops_par_loop_group_89	advec_mom_kernel_y2+reset_field_kernel1
9316	0.000738483	708096064	ops_par_loop_group_90	advec_mom_kernel_mass_flux_y+ideal_gas_kernel
9317	0.000530879	590438520	ops_par_loop_advec_mom_kernel_post_pre_advec_y_125	advec_mom_kernel_post_pre_advec_y
9318	0.000877997	472258640	ops_par_loop_advec_mom_kernel1_y_nonvector_126	advec_mom_kernel1_y_nonvector
9319	0.000451958	590131240	ops_par_loop_advec_mom_kernel2_y_127	advec_mom_kernel2_y
9320	0.000489720	472842752	ops_par_loop_advec_mom_kernel_y2_128	advec_mom_kernel_y2
9321	0.000192656	236236864	ops_par_loop_advec_mom_kernel_mass_flux_y_129	advec_mom_kernel_mass_flux_y
9322	0.000533183	590438520	ops_par_loop_advec_mom_kernel_post_pre_advec_y_130	advec_mom_kernel_post_pre_advec_y
9323	0.000870965	472258640	ops_par_loop_advec_mom_kernel1_y_nonvector_131	advec_mom_kernel1_y_nonvector
9324	0.000732281	1062236232	ops_par_loop_group_98	advec_mom_kernel2_y+reset_field_kernel2
9325	0.000022693	430304	ops_par_loop_update_halo_kernel1_b1_136	update_halo_kernel1_b1
9326	0.000020859	430304	ops_par_loop_update_halo_kernel1_t1_137	update_halo_kernel1_t1
9327	0.000023785	430304	ops_par_loop_update_halo_kernel1_l1_138	update_halo_kernel1_l1
9328	0.000023355	430304	ops_par_loop_update_halo_kernel1_r1_139	update_halo_kernel1_r1
9329	0.000018856	245952	ops_par_loop_group_103	update_halo_kernel2_xvel_plus_2_a+update_halo_kernel2_yvel_minus_2_a
9330	0.000019056	245952	ops_par_loop_group_104	update_halo_kernel2_xvel_plus_2_b+update_halo_kernel2_yvel_minus_2_b
9331	0.000020600	245952	ops_par_loop_group_105	update_halo_kernel2_xvel_minus_2_a+update_halo_kernel2_yvel_plus_2_a
9332	0.000020529	245952	ops_par_loop_group_106	update_halo_kernel2_xvel_minus_2_b+update_halo_kernel2_yvel_plus_2_b
9333	0.001728323	589885440	ops_par_loop_viscosity_kernel_148	viscosity_kernel
9334	0.000023324	430304	ops_par_loop_update_halo_kernel1_b1_149	update_halo_kernel1_b1
9335	0.000020559	430304	ops_par_loop_update_halo_kernel1_t1_150	update_halo_kernel1_t1
9336	0.000023285	430304	ops_par_loop_update_halo_kernel1_l1_151	update_halo_kernel1_l1
9337	0.000022884	430304	ops_par_loop_update_halo_kernel1_r1_152	update_halo_kernel1_r1
9338	0.000915799	1061744640	ops_par_loop_calc_dt_kernel_153	calc_dt_kernel
9339	0.001488868	1887436800	ops_par_loop_group_0	PdV_kernel_predict+ideal_gas_kernel
9340	0.000022974	430304	ops_par_loop_update_halo_kernel1_b1_2	update_halo_kernel1_b1
9341	0.000021340	430304	ops_par_loop_update_halo_kernel1_t1_3	update_halo_kernel1_t1
9342	0.000024046	430304	ops_par_loop_update_halo_kernel1_l1_4	update_halo_kernel1_l1
9343	0.000024837	430304	ops_par_loop_update_halo_kernel1_r1_5	update_halo_kernel1_r1
9344	0.001559402	1770147928	ops_par_loop_group_5	revert_kernel+accelerate_kernel
9345	0.001355685	1651507200	ops_par_loop_PdV_kernel_nopredict_8	PdV_kernel_nopredict
9346	0.000363350	471982080	ops_par_loop_flux_calc_kernelx_9	flux_calc_kernelx
9347	0.000357439	471982080	ops_par_loop_flux_calc_kernely_10	flux_calc_kernely
9348	0.000022683	553536	ops_par_loop_group_9	update_halo_kernel1_b2+update_halo_kernel4_minus_4_a
9349	0.000021220	553536	ops_par_loop_group_10	update_halo_kernel1_b1+update_halo_kernel4_minus_2_a
9350	0.000020028	246080	ops_par_loop_group_11	update_halo_kernel3_plus_4_a+update_halo_kernel2_xvel_plus_4_a
9351	0.000019187	246080	ops_par_loop_group_12	update_halo_kernel3_plus_2_a+update_halo_kernel2_xvel_plus_2_a
9352	0.000018264	123008	ops_par_loop_update_halo_kernel4_minus_4_b_29	update_halo_kernel4_minus_4_b
9353	0.000021050	553536	ops_par_loop_group_14	update_halo_kernel1_t2+update_halo_kernel4_minus_2_b
9354	0.000020218	430528	ops_par_loop_update_halo_kernel1_t1_14	update_halo_kernel1_t1
9355	0.000019507	246080	ops_par_loop_group_16	update_halo_kernel2_xvel_plus_4_b+update_halo_kernel2_yvel_minus_4_b
9356	0.000018726	246080	ops_par_loop_group_17	update_halo_kernel3_plus_4_b+update_halo_kernel2_xvel_plus_2_b
9357	0.000018676	123040	ops_par_loop_update_halo_kernel3_plus_2_b_22	update_halo_kernel3_plus_2_b
9358	0.000025649	553536	ops_par_loop_group_19	update_halo_kernel1_l2+update_halo_kernel3_minus_4_a
9359	0.000023554	553536	ops_par_loop_group_20	update_halo_kernel1_l1+update_halo_kernel3_minus_2_a
9360	0.000019126	123008	ops_par_loop_update_halo_kernel3_minus_4_b_25	update_halo_kernel3_minus_4_b
9361	0.000024918	553536	ops_par_loop_group_22	update_halo_kernel1_r2+update_halo_kernel3_minus_2_b
9362	0.000021511	430528	ops_par_loop_update_halo_kernel1_r1_18	update_halo_kernel1_r1
9363	0.000021270	246080	ops_par_loop_group_24	update_halo_kernel4_plus_4_a+update_halo_kernel2_xvel_minus_4_a
9364	0.000020248	246080	ops_par_loop_group_25	update_halo_kernel4_plus_2_a+update_halo_kernel2_xvel_minus_2_a
9365	0.000018354	123040	ops_par_loop_update_halo_kernel2_yvel_minus_4_a_54	update_halo_kernel2_yvel_minus_4_a
9366	0.000017754	123040	ops_par_loop_update_halo_kernel2_yvel_minus_2_a_55	update_halo_kernel2_yvel_minus_2_a
9367	0.000017443	123040	ops_par_loop_update_halo_kernel2_yvel_minus_2_b_57	update_halo_kernel2_yvel_minus_2_b
9368	0.000020589	246080	ops_par_loop_group_29	update_halo_kernel2_xvel_minus_4_b+update_halo_kernel2_yvel_plus_4_b
9369	0.000020939	246080	ops_par_loop_group_30	update_halo_kernel4_plus_4_b+update_halo_kernel2_xvel_minus_2_b
9370	0.000017784	123040	ops_par_loop_update_halo_kernel4_plus_2_b_34	update_halo_kernel4_plus_2_b
9371	0.000563360	591053440	ops_par_loop_advec_cell_kernel1_ydir_35	advec_cell_kernel1_ydir
9372	0.000786725	708203544	ops_par_loop_advec_cell_kernel3_ydir_36	advec_cell_kernel3_ydir
9373	0.001477166	1533542400	ops_par_loop_advec_cell_kernel4_ydir_37	advec_cell_kernel4_ydir
9374	0.000022562	553536	ops_par_loop_group_35	update_halo_kernel1_b2+update_halo_kernel4_minus_4_a
9375	0.000021140	553536	ops_par_loop_group_36	update_halo_kernel1_b1+update_halo_kernel4_minus_2_a
9376	0.000018194	123008	ops_par_loop_update_halo_kernel4_minus_4_b_64	update_halo_kernel4_minus_4_b
9377	0.000021000	553536	ops_par_loop_group_38	update_halo_kernel1_t2+update_halo_kernel4_minus_2_b
9378	0.000020258	430528	ops_par_loop_update_halo_kernel1_t1_41	update_halo_kernel1_t1
9379	0.000024126	430528	ops_par_loop_update_halo_kernel1_l2_42	update_halo_kernel1_l2
9380	0.000020639	430528	ops_par_loop_update_halo_kernel1_l1_43	update_halo_kernel1_l1
9381	0.000022563	430528	ops_par_loop_update_halo_kernel1_r2_44	update_halo_kernel1_r2
9382	0.000021461	430528	ops_par_loop_update_halo_kernel1_r1_45	update_halo_kernel1_r1
9383	0.000021551	246080	ops_par_loop_group_44	update_halo_kernel2_yvel_plus_4_a+update_halo_kernel4_plus_4_a
9384	0.000019727	246080	ops_par_loop_group_45	update_halo_kernel2_yvel_plus_2_a+update_halo_kernel4_plus_2_a
9385	0.000021300	246080	ops_par_loop_group_46	update_halo_kernel2_yvel_plus_2_b+update_halo_kernel4_plus_4_b
9386	0.000018826	123040	ops_par_loop_update_halo_kernel4_plus_2_b_69	update_halo_kernel4_plus_2_b
9387	0.000559603	591053440	ops_par_loop_advec_mom_kernel_y1_70	advec_mom_kernel_y1
9388	0.000191403	236236864	ops_par_loop_advec_mom_kernel_mass_flux_y_71	advec_mom_kernel_mass_flux_y
9389	0.000533263	590438520	ops_par_loop_advec_mom_kernel_post_pre_advec_y_72	advec_mom_kernel_post_pre_advec_y
9390	0.000878058	472258640	ops_par_loop_advec_mom_kernel1_y_nonvector_73	advec_mom_kernel1_y_nonvector
9391	0.000446609	590131240	ops_par_loop_advec_mom_kernel2_y_74	advec_mom_kernel2_y
9392	0.000562328	591053440	ops_par_loop_advec_mom_kernel_y1_75	advec_mom_kernel_y1
9393	0.000191413	236236864	ops_par_loop_advec_mom_kernel_mass_flux_y_76	advec_mom_kernel_mass_flux_y
9394	0.000532532	590438520	ops_par_loop_advec_mom_kernel_post_pre_advec_y_77	advec_mom_kernel_post_pre_advec_y
9395	0.000871405	472258640	ops_par_loop_advec_mom_kernel1_y_nonvector_78	advec_mom_kernel1_y_nonvector
9396	0.000448041	590131240	ops_par_loop_advec_mom_kernel2_y_79	advec_mom_kernel2_y
9397	0.000490442	472842752	ops_par_loop_advec_cell_kernel2_xdir_80	advec_cell_kernel2_xdir
9398	0.000772628	708203544	ops_par_loop_advec_cell_kernel3_xdir_81	advec_cell_kernel3_xdir
9399	0.001463720	1533542400	ops_par_loop_advec_cell_kernel4_xdir_82	advec_cell_kernel4_xdir
9400	0.000025889	553536	ops_par_loop_group_61	update_halo_kernel1_b2+update_halo_kernel4_minus_4_a
9401	0.000022042	553536	ops_par_loop_group_62	update_halo_kernel1_b1+update_halo_kernel4_minus_2_a
9402	0.000020489	246080	ops_par_loop_group_63	update_halo_kernel2_xvel_plus_4_a+update_halo_kernel2_yvel_minus_4_a
9403	0.000020178	246080	ops_par_loop_group_64	update_halo_kernel2_xvel_plus_2_a+update_halo_kernel2_yvel_minus_2_a
9404	0.000019868	246080	ops_par_loop_group_65	update_halo_kernel2_xvel_plus_4_b+update_halo_kernel2_yvel_minus_4_b
9405	0.000019607	246080	ops_par_loop_group_66	update_halo_kernel2_xvel_plus_2_b+update_halo_kernel2_yvel_minus_2_b
9406	0.000022303	246080	ops_par_loop_group_67	update_halo_kernel2_xvel_minus_4_a+update_halo_kernel2_yvel_plus_4_a
9407	0.000020600	246080	ops_par_loop_group_68	update_halo_kernel2_xvel_minus_2_a+update_halo_kernel2_yvel_plus_2_a
9408	0.000021772	246080	ops_par_loop_group_69	update_halo_kernel2_xvel_minus_4_b+update_halo_kernel2_yvel_plus_4_b
9409	0.000020469	246080	ops_par_loop_group_70	update_halo_kernel2_xvel_minus_2_b+update_halo_kernel2_yvel_plus_2_b
9410	0.000019928	123040	ops_par_loop_update_halo_kernel3_plus_4_a_107	update_halo_kernel3_plus_4_a
9411	0.000018996	123040	ops_par_loop_update_halo_kernel3_plus_2_a_108	update_halo_kernel3_plus_2_a
9412	0.000018264	123040	ops_par_loop_update_halo_kernel3_plus_4_b_109	update_halo_kernel3_plus_4_b
9413	0.000019327	123040	ops_par_loop_update_halo_kernel3_plus_2_b_110	update_halo_kernel3_plus_2_b
9414	0.000020118	123008	ops_par_loop_update_halo_kernel3_minus_4_b_113	update_halo_kernel3_minus_4_b
9415	0.000018575	123008	ops_par_loop_update_halo_kernel4_minus_4_b_117	update_halo_kernel4_minus_4_b
9416	0.000021451	553536	ops_par_loop_group_77	update_halo_kernel1_t2+update_halo_kernel4_minus_2_b
9417	0.000020008	430528	ops_par_loop_update_halo_kernel1_t1_86	update_halo_kernel1_t1
9418	0.000026691	553536	ops_par_loop_group_79	update_halo_kernel1_l2+update_halo_kernel3_minus_4_a
9419	0.000023755	553536	ops_par_loop_group_80	update_halo_kernel1_l1+update_halo_kernel3_minus_2_a
9420	0.000025338	553536	ops_par_loop_group_81	update_halo_kernel1_r2+update_halo_kernel3_minus_2_b
9421	0.000022122	430528	ops_par_loop_update_halo_kernel1_r1_90	update_halo_kernel1_r1
9422	0.000019578	123040	ops_par_loop_update_halo_kernel4_plus_4_a_119	update_halo_kernel4_plus_4_a
9423	0.000019327	123040	ops_par_loop_update_halo_kernel4_plus_2_a_120	update_halo_kernel4_plus_2_a
9424	0.000018856	123040	ops_par_loop_update_halo_kernel4_plus_4_b_121	update_halo_kernel4_plus_4_b
9425	0.000018224	123040	ops_par_loop_update_halo_kernel4_plus_2_b_122	update_halo_kernel4_plus_2_b
9426	0.001200149	944701952	ops_par_loop_group_87	advec_mom_kernel_x2+reset_field_kernel1
9427	0.000802855	708096064	ops_par_loop_group_88	advec_mom_kernel_mass_flux_x+ideal_gas_kernel
9428	0.000574462	590438520	ops_par_loop_advec_mom_kernel_post_pre_advec_x_125	advec_mom_kernel_post_pre_advec_x
9429	0.000881474	472258640	ops_par_loop_advec_mom_kernel1_x_nonvector_126	advec_mom_kernel1_x_nonvector
9430	0.000448342	590131240	ops_par_loop_advec_mom_kernel2_x_127	advec_mom_kernel2_x
9431	0.000497545	472842752	ops_par_loop_advec_mom_kernel_x2_128	advec_mom_kernel_x2
9432	0.000194710	236236864	ops_par_loop_advec_mom_kernel_mass_flux_x_129	advec_mom_kernel_mass_flux_x
9433	0.000574101	590438520	ops_par_loop_advec_mom_kernel_post_pre_advec_x_130	advec_mom_kernel_post_pre_advec_x
9434	0.000883569	472258640	ops_par_loop_advec_mom_kernel1_x_nonvector_131	advec_mom_kernel1_x_nonvector
9435	0.000729064	1062236232	ops_par_loop_group_96	advec_mom_kernel2_x+reset_field_kernel2
9436	0.000023334	430304	ops_par_loop_update_halo_kernel1_b1_136	update_halo_kernel1_b1
9437	0.000021210	430304	ops_par_loop_update_halo_kernel1_t1_137	update_halo_kernel1_t1
9438	0.000025228	430304	ops_par_loop_update_halo_kernel1_l1_138	update_halo_kernel1_l1
9439	0.000023485	430304	ops_par_loop_update_halo_kernel1_r1_139	update_halo_kernel1_r1
9440	0.000019567	245952	ops_par_loop_group_101	update_halo_kernel2_xvel_plus_2_a+update_halo_kernel2_yvel_minus_2_a
9441	0.000019296	245952	ops_par_loop_group_102	update_halo_kernel2_xvel_plus_2_b+update_halo_kernel2_yvel_minus_2_b
9442	0.000021000	245952	ops_par_loop_group_103	update_halo_kernel2_xvel_minus_2_a+update_halo_kernel2_yvel_plus_2_a
9443	0.000020950	245952	ops_par_loop_group_104	update_halo_kernel2_xvel_minus_2_b+update_halo_kernel2_yvel_plus_2_b
9444	0.001728193	589885440	ops_par_loop_viscosity_kernel_148	viscosity_kernel
9445	0.000022192	430304	ops_par_loop_update_halo_kernel1_b1_149	update_halo_kernel1_b1
9446	0.000020008	430304	ops_par_loop_update_halo_kernel1_t1_150	update_halo_kernel1_t1
9447	0.000023975	430304	ops_par_loop_update_halo_kernel1_l1_151	update_halo_kernel1_l1
9448	0.000023205	430304	ops_par_loop_update_halo_kernel1_r1_152	update_halo_kernel1_r1
9449	0.000915248	1061744640	ops_par_loop_calc_dt_kernel_153	calc_dt_kernel
9450	0.001484149	1887436800	ops_par_loop_group_0	PdV_kernel_predict+ideal_gas_kernel
9451	0.000022352	430304	ops_par_loop_update_halo_kernel1_b1_2	update_halo_kernel1_b1
9452	0.000020499	430304	ops_par_loop_update_halo_kernel1_t1_3	update_halo_kernel1_t1
9453	0.000023414	430304	ops_par_loop_update_halo_kernel1_l1_4	update_halo_kernel1_l1
9454	0.000024497	430304	ops_par_loop_update_halo_kernel1_r1_5	update_halo_kernel1_r1
9455	0.001557188	1770147928	ops_par_loop_group_5	revert_kernel+accelerate_kernel
9456	0.001358410	1651507200	ops_par_loop_PdV_kernel_nopredict_8	PdV_kernel_nopredict
9457	0.000363981	471982080	ops_par_loop_flux_calc_kernelx_9	flux_calc_kernelx
9458	0.000359884	471982080	ops_par_loop_flux_calc_kernely_10	flux_calc_kernely
9459	0.000022904	553536	ops_par_loop_group_9	update_halo_kernel1_b2+update_halo_kernel4_minus_4_a
9460	0.000021150	553536	ops_par_loop_group_10	update_halo_kernel1_b1+update_halo_kernel4_minus_2_a
9461	0.000019988	246080	ops_par_loop_group_11	update_halo_kernel3_plus_4_a+update_halo_kernel2_xvel_plus_4_a
9462	0.000019146	246080	ops_par_loop_group_12	update_halo_kernel3_plus_2_a+update_halo_kernel2_xvel_plus_2_a
9463	0.000019016	123008	ops_par_loop_update_halo_kernel4_minus_4_b_29	update_halo_kernel4_minus_4_b
9464	0.000020910	553536	ops_par_loop_group_14	update_halo_kernel1_t2+update_halo_kernel4_minus_2_b
9465	0.000021100	430528	ops_par_loop_update_halo_kernel1_t1_14	update_halo_kernel1_t1
9466	0.000019758	246080	ops_par_loop_group_16	update_halo_kernel2_xvel_plus_4_b+update_halo_kernel2_yvel_minus_4_b
9467	0.000019778	246080	ops_par_loop_group_17	update_halo_kernel3_plus_4_b+update_halo_kernel2_xvel_plus_2_b
9468	0.000018896	123040	ops_par_loop_update_halo_kernel3_plus_2_b_22	update_halo_kernel3_plus_2_b
9469	0.000025709	553536	ops_par_loop_group_19	update_halo_kernel1_l2+update_halo_kernel3_minus_4_a
9470	0.000023665	553536	ops_par_loop_group_20	update_halo_kernel1_l1+update_halo_kernel3_minus_2_a
9471	0.000020539	123008	ops_par_loop_update_halo_kernel3_minus_4_b_25	update_halo_kernel3_minus_4_b
9472	0.000025178	553536	ops_par_loop_group_22	update_halo_kernel1_r2+update_halo_kernel3_minus_2_b
9473	0.000020769	430528	ops_par_loop_update_halo_kernel1_r1_18	update_halo_kernel1_r1
9474	0.000021180	246080	ops_par_loop_group_24	update_halo_kernel4_plus_4_a+update_halo_kernel2_xvel_minus_4_a
9475	0.000019598	246080	ops_par_loop_group_25	update_halo_kernel4_plus_2_a+update_halo_kernel2_xvel_minus_2_a
9476	0.000020329	123040	ops_par_loop_update_halo_kernel2_yvel_minus_4_a_54	update_halo_kernel2_yvel_minus_4_a
9477	0.000018385	123040	ops_par_loop_update_halo_kernel2_yvel_minus_2_a_55	update_halo_kernel2_yvel_minus_2_a
9478	0.000018796	123040	ops_par_loop_update_halo_kernel2_yvel_minus_2_b_57	update_halo_kernel2_yvel_minus_2_b
9479	0.000023255	246080	ops_par_loop_group_29	update_halo_kernel2_xvel_minus_4_b+update_halo_kernel2_yvel_plus_4_b
9480	0.000021851	246080	ops_par_loop_group_30	update_halo_kernel4_plus_4_b+update_halo_kernel2_xvel_minus_2_b
9481	0.000018655	123040	ops_par_loop_update_halo_kernel4_plus_2_b_34	update_halo_kernel4_plus_2_b
9482	0.000565674	591053440	ops_par_loop_advec_cell_kernel1_xdir_35	advec_cell_kernel1_xdir
9483	0.000775122	708203544	ops_par_loop_advec_cell_kernel3_xdir_36	advec_cell_kernel3_xdir
9484	0.001461506	1533542400	ops_par_loop_advec_cell_kernel4_xdir_37	advec_cell_kernel4_xdir
9485	0.000021290	430528	ops_par_loop_update_halo_kernel1_b2_38	update_halo_kernel1_b2
9486	0.000020459	430528	ops_par_loop_update_halo_kernel1_b1_39	update_halo_kernel1_b1
9487	0.000021631	430528	ops_par_loop_update_halo_kernel1_t2_40	update_halo_kernel1_t2
9488	0.000021050	430528	ops_par_loop_update_halo_kernel1_t1_41	update_halo_kernel1_t1
9489	0.000019437	123040	ops_par_loop_update_halo_kernel3_plus_4_a_62	update_halo_kernel3_plus_4_a
9490	0.000018766	123040	ops_par_loop_update_halo_kernel3_plus_2_a_63	update_halo_kernel3_plus_2_a
9491	0.000018244	123040	ops_par_loop_update_halo_kernel3_plus_4_b_64	update_halo_kernel3_plus_4_b
9492	0.000019116	123040	ops_par_loop_update_halo_kernel3_plus_2_b_65	update_halo_kernel3_plus_2_b
9493	0.000026470	553536	ops_par_loop_group_43	update_halo_kernel1_l2+update_halo_kernel3_minus_4_a
9494	0.000023184	553536	ops_par_loop_group_44	update_halo_kernel1_l1+update_halo_kernel3_minus_2_a
9495	0.000018946	123008	ops_par_loop_update_halo_kernel3_minus_4_b_68	update_halo_kernel3_minus_4_b
9496	0.000024456	553536	ops_par_loop_group_46	update_halo_kernel1_r2+update_halo_kernel3_minus_2_b
9497	0.000021300	430528	ops_par_loop_update_halo_kernel1_r1_45	update_halo_kernel1_r1
9498	0.000560845	591053440	ops_par_loop_advec_mom_kernel_x1_70	advec_mom_kernel_x1
9499	0.000194489	236236864	ops_par_loop_advec_mom_kernel_mass_flux_x_71	advec_mom_kernel_mass_flux_x
9500	0.000574751	590438520	ops_par_loop_advec_mom_kernel_post_pre_advec_x_72	advec_mom_kernel_post_pre_advec_x
9501	0.000880953	472258640	ops_par_loop_advec_mom_kernel1_x_nonvector_73	advec_mom_kernel1_x_nonvector
9502	0.000444745	590131240	ops_par_loop_advec_mom_kernel2_x_74	advec_mom_kernel2_x
9503	0.000562368	591053440	ops_par_loop_advec_mom_kernel_x1_75	advec_mom_kernel_x1
9504	0.000193478	236236864	ops_par_loop_advec_mom_kernel_mass_flux_x_76	advec_mom_kernel_mass_flux_x
9505	0.000572016	590438520	ops_par_loop_advec_mom_kernel_post_pre_advec_x_77	advec_mom_kernel_post_pre_advec_x
9506	0.000021060	246080	ops_par_loop_group_56	update_halo_kernel2_xvel_plus_4_a+update_halo_kernel3_plus_4_a
9507	0.000019136	246080	ops_par_loop_group_57	update_halo_kernel2_xvel_plus_2_a+update_halo_kernel3_plus_2_a
9508	0.000017864	123040	ops_par_loop_update_halo_kernel2_xvel_plus_4_b_93	update_halo_kernel2_xvel_plus_4_b
9509	0.000019117	246080	ops_par_loop_group_59	update_halo_kernel2_xvel_plus_2_b+update_halo_kernel3_plus_4_b
9510	0.000022012	246080	ops_par_loop_group_60	update_halo_kernel2_yvel_plus_4_a+update_halo_kernel2_xvel_minus_4_a
9511	0.000020359	246080	ops_par_loop_group_61	update_halo_kernel2_yvel_plus_2_a+update_halo_kernel2_xvel_minus_2_a
9512	0.000019077	123040	ops_par_loop_update_halo_kernel2_xvel_minus_4_b_97	update_halo_kernel2_xvel_minus_4_b
9513	0.000020509	246080	ops_par_loop_group_63	update_halo_kernel2_yvel_plus_2_b+update_halo_kernel2_xvel_minus_2_b
9514	0.000882376	472258640	ops_par_loop_advec_mom_kernel1_x_nonvector_78	advec_mom_kernel1_x_nonvector
9515	0.000449253	590131240	ops_par_loop_advec_mom_kernel2_x_79	advec_mom_kernel2_x
9516	0.000498587	472842752	ops_par_loop_advec_cell_kernel2_ydir_80	advec_cell_kernel2_ydir
9517	0.000787235	708203544	ops_par_loop_advec_cell_kernel3_ydir_81	advec_cell_kernel3_ydir
9518	0.001471665	1533542400	ops_par_loop_advec_cell_kernel4_ydir_82	advec_cell_kernel4_ydir
9519	0.000022603	553536	ops_par_loop_group_69	update_halo_kernel1_b2+update_halo_kernel4_minus_4_a
9520	0.000021441	553536	ops_par_loop_group_70	update_halo_kernel1_b1+update_halo_kernel4_minus_2_a
9521	0.000018846	123040	ops_par_loop_update_halo_kernel2_yvel_minus_4_a_99	update_halo_kernel2_yvel_minus_4_a
9522	0.000018665	123040	ops_par_loop_update_halo_kernel2_yvel_minus_2_a_100	update_halo_kernel2_yvel_minus_2_a
9523	0.000018726	123040	ops_par_loop_update_halo_kernel2_yvel_minus_4_b_101	update_halo_kernel2_yvel_minus_4_b
9524	0.000018294	123040	ops_par_loop_update_halo_kernel2_yvel_minus_2_b_102	update_halo_kernel2_yvel_minus_2_b
9525	0.000019457	123040	ops_par_loop_update_halo_kernel2_yvel_plus_4_b_105	update_halo_kernel2_yvel_plus_4_b
9526	0.000018926	123040	ops_par_loop_update_halo_kernel3_plus_2_b_110	update_halo_kernel3_plus_2_b
9527	0.000019006	123008	ops_par_loop_update_halo_kernel3_minus_4_b_113	update_halo_kernel3_minus_4_b
9528	0.000018646	123008	ops_par_loop_update_halo_kernel4_minus_4_b_117	update_halo_kernel4_minus_4_b
9529	0.000022392	553536	ops_par_loop_group_79	update_halo_kernel1_t2+update_halo_kernel4_minus_2_b
9530	0.000019858	430528	ops_par_loop_update_halo_kernel1_t1_86	update_halo_kernel1_t1
9531	0.000027282	553536	ops_par_loop_group_81	update_halo_kernel1_l2+update_halo_kernel3_minus_4_a
9532	0.000024476	553536	ops_par_loop_group_82	update_halo_kernel1_l1+update_halo_kernel3_minus_2_a
9533	0.000024496	553536	ops_par_loop_group_83	update_halo_kernel1_r2+update_halo_kernel3_minus_2_b
9534	0.000021361	430528	ops_par_loop_update_halo_kernel1_r1_90	update_halo_kernel1_r1
9535	0.000022212	246080	ops_par_loop_group_85	update_halo_kernel2_yvel_plus_4_a+update_halo_kernel4_plus_4_a
9536	0.000020870	246080	ops_par_loop_group_86	update_halo_kernel2_yvel_plus_2_a+update_halo_kernel4_plus_2_a
9537	0.000020409	246080	ops_par_loop_group_87	update_halo_kernel2_yvel_plus_2_b+update_halo_kernel4_plus_4_b
9538	0.000018856	123040	ops_par_loop_update_halo_kernel4_plus_2_b_122	update_halo_kernel4_plus_2_b
9539	0.001194949	944701952	ops_par_loop_group_89	advec_mom_kernel_y2+reset_field_kernel1
9540	0.000736789	708096064	ops_par_loop_group_90	advec_mom_kernel_mass_flux_y+ideal_gas_kernel
9541	0.000533353	590438520	ops_par_loop_advec_mom_kernel_post_pre_advec_y_125	advec_mom_kernel_post_pre_advec_y
9542	0.000877196	472258640	ops_par_loop_advec_mom_kernel1_y_nonvector_126	advec_mom_kernel1_y_nonvector
9543	0.000450686	590131240	ops_par_loop_advec_mom_kernel2_y_127	advec_mom_kernel2_y
9544	0.000493026	472842752	ops_par_loop_advec_mom_kernel_y2_128	advec_mom_kernel_y2
9545	0.000193437	236236864	ops_par_loop_advec_mom_kernel_mass_flux_y_129	advec_mom_kernel_mass_flux_y
9546	0.000535317	590438520	ops_par_loop_advec_mom_kernel_post_pre_advec_y_130	advec_mom_kernel_post_pre_advec_y
9547	0.000872377	472258640	ops_par_loop_advec_mom_kernel1_y_nonvector_131	advec_mom_kernel1_y_nonvector
9548	0.000736820	1062236232	ops_par_loop_group_98	advec_mom_kernel2_y+reset_field_kernel2
9549	0.000022623	430304	ops_par_loop_update_halo_kernel1_b1_136	update_halo_kernel1_b1
9550	0.000020879	430304	ops_par_loop_update_halo_kernel1_t1_137	update_halo_kernel1_t1
9551	0.000024807	430304	ops_par_loop_update_halo_kernel1_l1_138	update_halo_kernel1_l1
9552	0.000024085	430304	ops_par_loop_update_halo_kernel1_r1_139	update_halo_kernel1_r1
9553	0.000020098	245952	ops_par_loop_group_103	update_halo_kernel2_xvel_plus_2_a+update_halo_kernel2_yvel_minus_2_a
9554	0.000019838	245952	ops_par_loop_group_104	update_halo_kernel2_xvel_plus_2_b+update_halo_kernel2_yvel_minus_2_b
9555	0.000022082	245952	ops_par_loop_group_105	update_halo_kernel2_xvel_minus_2_a+update_halo_kernel2_yvel_plus_2_a
9556	0.000021451	245952	ops_par_loop_group_106	update_halo_kernel2_xvel_minus_2_b+update_halo_kernel2_yvel_plus_2_b
9557	0.001729195	589885440	ops_par_loop_viscosity_kernel_148	viscosity_kernel
9558	0.000022092	430304	ops_par_loop_update_halo_kernel1_b1_149	update_halo_kernel1_b1
9559	0.000020900	430304	ops_par_loop_update_halo_kernel1_t1_150	update_halo_kernel1_t1
9560	0.000023795	430304	ops_par_loop_update_halo_kernel1_l1_151	update_halo_kernel1_l1
9561	0.000023875	430304	ops_par_loop_update_halo_kernel1_r1_152	update_halo_kernel1_r1
9562	0.000916060	1061744640	ops_par_loop_calc_dt_kernel_153	calc_dt_kernel
9563	0.001486924	1887436800	ops_par_loop_group_0	PdV_kernel_predict+ideal_gas_kernel
9564	0.000022764	430304	ops_par_loop_update_halo_kernel1_b1_2	update_halo_kernel1_b1
9565	0.000020970	430304	ops_par_loop_update_halo_kernel1_t1_3	update_halo_kernel1_t1
9566	0.000024346	430304	ops_par_loop_update_halo_kernel1_l1_4	update_halo_kernel1_l1
9567	0.000023935	430304	ops_par_loop_update_halo_kernel1_r1_5	update_halo_kernel1_r1
9568	0.001560635	1770147928	ops_par_loop_group_5	revert_kernel+accelerate_kernel
9569	0.001356867	1651507200	ops_par_loop_PdV_kernel_nopredict_8	PdV_kernel_nopredict
9570	0.000359162	471982080	ops_par_loop_flux_calc_kernelx_9	flux_calc_kernelx
9571	0.000358511	471982080	ops_par_loop_flux_calc_kernely_10	flux_calc_kernely
9572	0.000022332	553536	ops_par_loop_group_9	update_halo_kernel1_b2+update_halo_kernel4_minus_4_a
9573	0.000020909	553536	ops_par_loop_group_10	update_halo_kernel1_b1+update_halo_kernel4_minus_2_a
9574	0.000019818	246080	ops_par_loop_group_11	update_halo_kernel3_plus_4_a+update_halo_kernel2_xvel_plus_4_a
9575	0.000018525	246080	ops_par_loop_group_12	update_halo_kernel3_plus_2_a+update_halo_kernel2_xvel_plus_2_a
9576	0.000018565	123008	ops_par_loop_update_halo_kernel4_minus_4_b_29	update_halo_kernel4_minus_4_b
9577	0.000021351	553536	ops_par_loop_group_14	update_halo_kernel1_t2+update_halo_kernel4_minus_2_b
9578	0.000020278	430528	ops_par_loop_update_halo_kernel1_t1_14	update_halo_kernel1_t1
9579	0.000019397	246080	ops_par_loop_group_16	update_halo_kernel2_xvel_plus_4_b+update_halo_kernel2_yvel_minus_4_b
9580	0.000018926	246080	ops_par_loop_group_17	update_halo_kernel3_plus_4_b+update_halo_kernel2_xvel_plus_2_b
9581	0.000018736	123040	ops_par_loop_update_halo_kernel3_plus_2_b_22	update_halo_kernel3_plus_2_b
9582	0.000026461	553536	ops_par_loop_group_19	update_halo_kernel1_l2+update_halo_kernel3_minus_4_a
9583	0.000023434	553536	ops_par_loop_group_20	update_halo_kernel1_l1+update_halo_kernel3_minus_2_a
9584	0.000019006	123008	ops_par_loop_update_halo_kernel3_minus_4_b_25	update_halo_kernel3_minus_4_b
9585	0.000024627	553536	ops_par_loop_group_22	update_halo_kernel1_r2+update_halo_kernel3_minus_2_b
9586	0.000021802	430528	ops_par_loop_update_halo_kernel1_r1_18	update_halo_kernel1_r1
9587	0.000021150	246080	ops_par_loop_group_24	update_halo_kernel4_plus_4_a+update_halo_kernel2_xvel_minus_4_a
9588	0.000020089	246080	ops_par_loop_group_25	update_halo_kernel4_plus_2_a+update_halo_kernel2_xvel_minus_2_a
9589	0.000018926	123040	ops_par_loop_update_halo_kernel2_yvel_minus_4_a_54	update_halo_kernel2_yvel_minus_4_a
9590	0.000017643	123040	ops_par_loop_update_halo_kernel2_yvel_minus_2_a_55	update_halo_kernel2_yvel_minus_2_a
9591	0.000024085	123040	ops_par_loop_update_halo_kernel2_yvel_minus_2_b_57	update_halo_kernel2_yvel_minus_2_b
9592	0.000021220	246080	ops_par_loop_group_29	update_halo_kernel2_xvel_minus_4_b+update_halo_kernel2_yvel_plus_4_b
9593	0.000021030	246080	ops_par_loop_group_30	update_halo_kernel4_plus_4_b+update_halo_kernel2_xvel_minus_2_b
9594	0.000018074	123040	ops_par_loop_update_halo_kernel4_plus_2_b_34	update_halo_kernel4_plus_2_b
9595	0.000566416	591053440	ops_par_loop_advec_cell_kernel1_ydir_35	advec_cell_kernel1_ydir
9596	0.000786594	708203544	ops_par_loop_advec_cell_kernel3_ydir_36	advec_cell_kernel3_ydir
9597	0.001478668	1533542400	ops_par_loop_advec_cell_kernel4_ydir_37	advec_cell_kernel4_ydir
9598	0.000022232	553536	ops_par_loop_group_35	update_halo_kernel1_b2+update_halo_kernel4_minus_4_a
9599	0.000021791	553536	ops_par_loop_group_36	update_halo_kernel1_b1+update_halo_kernel4_minus_2_a
9600	0.000018796	123008	ops_par_loop_update_halo_kernel4_minus_4_b_64	update_halo_kernel4_minus_4_b
9601	0.000021931	553536	ops_par_loop_group_38	update_halo_kernel1_t2+update_halo_kernel4_minus_2_b
9602	0.000020780	430528	ops_par_loop_update_halo_kernel1_t1_41	update_halo_kernel1_t1
9603	0.000024145	430528	ops_par_loop_update_halo_kernel1_l2_42	update_halo_kernel1_l2
9604	0.000022102	430528	ops_par_loop_update_halo_kernel1_l1_43	update_halo_kernel1_l1
9605	0.000023004	430528	ops_par_loop_update_halo_kernel1_r2_44	update_halo_kernel1_r2
9606	0.000021601	430528	ops_par_loop_update_halo_kernel1_r1_45	update_halo_kernel1_r1
9607	0.000021631	246080	ops_par_loop_group_44	update_halo_kernel2_yvel_plus_4_a+update_halo_kernel4_plus_4_a
9608	0.000019026	246080	ops_par_loop_group_45	update_halo_kernel2_yvel_plus_2_a+update_halo_kernel4_plus_2_a
9609	0.000021160	246080	ops_par_loop_group_46	update_halo_kernel2_yvel_plus_2_b+update_halo_kernel4_plus_4_b
9610	0.000018746	123040	ops_par_loop_update_halo_kernel4_plus_2_b_69	update_halo_kernel4_plus_2_b
9611	0.000560755	591053440	ops_par_loop_advec_mom_kernel_y1_70	advec_mom_kernel_y1
9612	0.000191614	236236864	ops_par_loop_advec_mom_kernel_mass_flux_y_71	advec_mom_kernel_mass_flux_y
9613	0.000531699	590438520	ops_par_loop_advec_mom_kernel_post_pre_advec_y_72	advec_mom_kernel_post_pre_advec_y
9614	0.000877286	472258640	ops_par_loop_advec_mom_kernel1_y_nonvector_73	advec_mom_kernel1_y_nonvector
9615	0.000445616	590131240	ops_par_loop_advec_mom_kernel2_y_74	advec_mom_kernel2_y
9616	0.000566105	591053440	ops_par_loop_advec_mom_kernel_y1_75	advec_mom_kernel_y1
9617	0.000192205	236236864	ops_par_loop_advec_mom_kernel_mass_flux_y_76	advec_mom_kernel_mass_flux_y
9618	0.000531099	590438520	ops_par_loop_advec_mom_kernel_post_pre_advec_y_77	advec_mom_kernel_post_pre_advec_y
9619	0.000871194	472258640	ops_par_loop_advec_mom_kernel1_y_nonvector_78	advec_mom_kernel1_y_nonvector
9620	0.000446669	590131240	ops_par_loop_advec_mom_kernel2_y_79	advec_mom_kernel2_y
9621	0.000491824	472842752	ops_par_loop_advec_cell_kernel2_xdir_80	advec_cell_kernel2_xdir
9622	0.000773039	708203544	ops_par_loop_advec_cell_kernel3_xdir_81	advec_cell_kernel3_xdir
9623	0.001460604	1533542400	ops_par_loop_advec_cell_kernel4_xdir_82	advec_cell_kernel4_xdir
9624	0.000031420	553536	ops_par_loop_group_61	update_halo_kernel1_b2+update_halo_kernel4_minus_4_a
9625	0.000022903	553536	ops_par_loop_group_62	update_halo_kernel1_b1+update_halo_kernel4_minus_2_a
9626	0.000021812	246080	ops_par_loop_group_63	update_halo_kernel2_xvel_plus_4_a+update_halo_kernel2_yvel_minus_4_a
9627	0.000021651	246080	ops_par_loop_group_64	update_halo_kernel2_xvel_plus_2_a+update_halo_kernel2_yvel_minus_2_a
9628	0.000021871	246080	ops_par_loop_group_65	update_halo_kernel2_xvel_plus_4_b+update_halo_kernel2_yvel_minus_4_b
9629	0.000020619	246080	ops_par_loop_group_66	update_halo_kernel2_xvel_plus_2_b+update_halo_kernel2_yvel_minus_2_b
9630	0.000022844	246080	ops_par_loop_group_67	update_halo_kernel2_xvel_minus_4_a+update_halo_kernel2_yvel_plus_4_a
9631	0.000022142	246080	ops_par_loop_group_68	update_halo_kernel2_xvel_minus_2_a+update_halo_kernel2_yvel_plus_2_a
9632	0.000025308	246080	ops_par_loop_group_69	update_halo_kernel2_xvel_minus_4_b+update_halo_kernel2_yvel_plus_4_b
9633	0.000021892	246080	ops_par_loop_group_70	update_halo_kernel2_xvel_minus_2_b+update_halo_kernel2_yvel_plus_2_b
9634	0.000022964	123040	ops_par_loop_update_halo_kernel3_plus_4_a_107	update_halo_kernel3_plus_4_a
9635	0.000020709	123040	ops_par_loop_update_halo_kernel3_plus_2_a_108	update_halo_kernel3_plus_2_a
9636	0.000020710	123040	ops_par_loop_update_halo_kernel3_plus_4_b_109	update_halo_kernel3_plus_4_b
9637	0.000021901	123040	ops_par_loop_update_halo_kernel3_plus_2_b_110	update_halo_kernel3_plus_2_b
9638	0.000020078	123008	ops_par_loop_update_halo_kernel3_minus_4_b_113	update_halo_kernel3_minus_4_b
9639	0.000019377	123008	ops_par_loop_update_halo_kernel4_minus_4_b_117	update_halo_kernel4_minus_4_b
9640	0.000023634	553536	ops_par_loop_group_77	update_halo_kernel1_t2+update_halo_kernel4_minus_2_b
9641	0.000022242	430528	ops_par_loop_update_halo_kernel1_t1_86	update_halo_kernel1_t1
9642	0.000027933	553536	ops_par_loop_group_79	update_halo_kernel1_l2+update_halo_kernel3_minus_4_a
9643	0.000028023	553536	ops_par_loop_group_80	update_halo_kernel1_l1+update_halo_kernel3_minus_2_a
9644	0.000028003	553536	ops_par_loop_group_81	update_halo_kernel1_r2+update_halo_kernel3_minus_2_b
9645	0.000024156	430528	ops_par_loop_update_halo_kernel1_r1_90	update_halo_kernel1_r1
9646	0.000022803	123040	ops_par_loop_update_halo_kernel4_plus_4_a_119	update_halo_kernel4_plus_4_a
9647	0.000021982	123040	ops_par_loop_update_halo_kernel4_plus_2_a_120	update_halo_kernel4_plus_2_a
9648	0.000021591	123040	ops_par_loop_update_halo_kernel4_plus_4_b_121	update_halo_kernel4_plus_4_b
9649	0.000019647	123040	ops_par_loop_update_halo_kernel4_plus_2_b_122	update_halo_kernel4_plus_2_b
9650	0.001201542	944701952	ops_par_loop_group_87	advec_mom_kernel_x2+reset_field_kernel1
9651	0.000803206	708096064	ops_par_loop_group_88	advec_mom_kernel_mass_flux_x+ideal_gas_kernel
9652	0.000576114	590438520	ops_par_loop_advec_mom_kernel_post_pre_advec_x_125	advec_mom_kernel_post_pre_advec_x
9653	0.000881314	472258640	ops_par_loop_advec_mom_kernel1_x_nonvector_126	advec_mom_kernel1_x_nonvector
9654	0.000449403	590131240	ops_par_loop_advec_mom_kernel2_x_127	advec_mom_kernel2_x
9655	0.000499509	472842752	ops_par_loop_advec_mom_kernel_x2_128	advec_mom_kernel_x2
9656	0.000194639	236236864	ops_par_loop_advec_mom_kernel_mass_flux_x_129	advec_mom_kernel_mass_flux_x
9657	0.000574350	590438520	ops_par_loop_advec_mom_kernel_post_pre_advec_x_130	advec_mom_kernel_post_pre_advec_x
9658	0.000883208	472258640	ops_par_loop_advec_mom_kernel1_x_nonvector_131	advec_mom_kernel1_x_nonvector
9659	0.000733724	1062236232	ops_par_loop_group_96	advec_mom_kernel2_x+reset_field_kernel2
9660	0.000021692	430304	ops_par_loop_update_halo_kernel1_b1_136	update_halo_kernel1_b1
9661	0.000022202	430304	ops_par_loop_update_halo_kernel1_t1_137	update_halo_kernel1_t1
9662	0.000023866	430304	ops_par_loop_update_halo_kernel1_l1_138	update_halo_kernel1_l1
9663	0.000024547	430304	ops_par_loop_update_halo_kernel1_r1_139	update_halo_kernel1_r1
9664	0.000019818	245952	ops_par_loop_group_101	update_halo_kernel2_xvel_plus_2_a+update_halo_kernel2_yvel_minus_2_a
9665	0.000019037	245952	ops_par_loop_group_102	update_halo_kernel2_xvel_plus_2_b+update_halo_kernel2_yvel_minus_2_b
9666	0.000020518	245952	ops_par_loop_group_103	update_halo_kernel2_xvel_minus_2_a+update_halo_kernel2_yvel_plus_2_a
9667	0.000021350	245952	ops_par_loop_group_104	update_halo_kernel2_xvel_minus_2_b+update_halo_kernel2_yvel_plus_2_b
9668	0.001728483	589885440	ops_par_loop_viscosity_kernel_148	viscosity_kernel
9669	0.000021902	430304	ops_par_loop_update_halo_kernel1_b1_149	update_halo_kernel1_b1
9670	0.000022202	430304	ops_par_loop_update_halo_kernel1_t1_150	update_halo_kernel1_t1
9671	0.000023335	430304	ops_par_loop_update_halo_kernel1_l1_151	update_halo_kernel1_l1
9672	0.000022913	430304	ops_par_loop_update_halo_kernel1_r1_152	update_halo_kernel1_r1
9673	0.000914838	1061744640	ops_par_loop_calc_dt_kernel_153	calc_dt_kernel
9674	1.081594775	1887436800	ops_par_loop_group_0	PdV_kernel_predict+ideal_gas_kernel
9675	0.000042711	430304	ops_par_loop_update_halo_kernel1_b1_2	update_halo_kernel1_b1
9676	0.000034977	430304	ops_par_loop_update_halo_kernel1_t1_3	update_halo_kernel1_t1
9677	0.000291554	430304	ops_par_loop_update_halo_kernel1_l1_4	update_halo_kernel1_l1
9678	0.000040376	430304	ops_par_loop_update_halo_kernel1_r1_5	update_halo_kernel1_r1
9679	0.001572497	1770147928	ops_par_loop_group_5	revert_kernel+accelerate_kernel
9680	0.001379741	1651507200	ops_par_loop_PdV_kernel_nopredict_8	PdV_kernel_nopredict
9681	0.000377477	471982080	ops_par_loop_flux_calc_kernelx_9	flux_calc_kernelx
9682	0.000370003	471982080	ops_par_loop_flux_calc_kernely_10	flux_calc_kernely
9683	0.000038504	553536	ops_par_loop_group_9	update_halo_kernel1_b2+update_halo_kernel4_minus_4_a
9684	0.000036559	553536	ops_par_loop_group_10	update_halo_kernel1_b1+update_halo_kernel4_minus_2_a
9685	0.000035778	246080	ops_par_loop_group_11	update_halo_kernel3_plus_4_a+update_halo_kernel2_xvel_plus_4_a
9686	0.000032421	246080	ops_par_loop_group_12	update_halo_kernel3_plus_2_a+update_halo_kernel2_xvel_plus_2_a
9687	0.000032312	123008	ops_par_loop_update_halo_kernel4_minus_4_b_29	update_halo_kernel4_minus_4_b
9688	0.000036318	553536	ops_par_loop_group_14	update_halo_kernel1_t2+update_halo_kernel4_minus_2_b
9689	0.000034035	430528	ops_par_loop_update_halo_kernel1_t1_14	update_halo_kernel1_t1
9690	0.000033965	246080	ops_par_loop_group_16	update_halo_kernel2_xvel_plus_4_b+update_halo_kernel2_yvel_minus_4_b
9691	0.000032582	246080	ops_par_loop_group_17	update_halo_kernel3_plus_4_b+update_halo_kernel2_xvel_plus_2_b
9692	0.000032592	123040	ops_par_loop_update_halo_kernel3_plus_2_b_22	update_halo_kernel3_plus_2_b
9693	0.000039084	553536	ops_par_loop_group_19	update_halo_kernel1_l2+update_halo_kernel3_minus_4_a
9694	0.000037331	553536	ops_par_loop_group_20	update_halo_kernel1_l1+update_halo_kernel3_minus_2_a
9695	0.000031791	123008	ops_par_loop_update_halo_kernel3_minus_4_b_25	update_halo_kernel3_minus_4_b
9696	0.000038032	553536	ops_par_loop_group_22	update_halo_kernel1_r2+update_halo_kernel3_minus_2_b
9697	0.000033624	430528	ops_par_loop_update_halo_kernel1_r1_18	update_halo_kernel1_r1
9698	0.000035077	246080	ops_par_loop_group_24	update_halo_kernel4_plus_4_a+update_halo_kernel2_xvel_minus_4_a
9699	0.000031781	246080	ops_par_loop_group_25	update_halo_kernel4_plus_2_a+update_halo_kernel2_xvel_minus_2_a
9700	0.000037351	123040	ops_par_loop_update_halo_kernel2_yvel_minus_4_a_54	update_halo_kernel2_yvel_minus_4_a
9701	0.000031329	123040	ops_par_loop_update_halo_kernel2_yvel_minus_2_a_55	update_halo_kernel2_yvel_minus_2_a
9702	0.000030578	123040	ops_par_loop_update_halo_kernel2_yvel_minus_2_b_57	update_halo_kernel2_yvel_minus_2_b
9703	0.000037081	246080	ops_par_loop_group_29	update_halo_kernel2_xvel_minus_4_b+update_halo_kernel2_yvel_plus_4_b
9704	0.000033604	246080	ops_par_loop_group_30	update_halo_kernel4_plus_4_b+update_halo_kernel2_xvel_minus_2_b
9705	0.000031079	123040	ops_par_loop_update_halo_kernel4_plus_2_b_34	update_halo_kernel4_plus_2_b
9706	0.000574411	591053440	ops_par_loop_advec_cell_kernel1_xdir_35	advec_cell_kernel1_xdir
9707	0.000806181	708203544	ops_par_loop_advec_cell_kernel3_xdir_36	advec_cell_kernel3_xdir
9708	0.001478799	1533542400	ops_par_loop_advec_cell_kernel4_xdir_37	advec_cell_kernel4_xdir
9709	0.000038233	430528	ops_par_loop_update_halo_kernel1_b2_38	update_halo_kernel1_b2
9710	0.000035177	430528	ops_par_loop_update_halo_kernel1_b1_39	update_halo_kernel1_b1
9711	0.000032682	430528	ops_par_loop_update_halo_kernel1_t2_40	update_halo_kernel1_t2
9712	0.000032151	430528	ops_par_loop_update_halo_kernel1_t1_41	update_halo_kernel1_t1
9713	0.000032592	123040	ops_par_loop_update_halo_kernel3_plus_4_a_62	update_halo_kernel3_plus_4_a
9714	0.000030788	123040	ops_par_loop_update_halo_kernel3_plus_2_a_63	update_halo_kernel3_plus_2_a
9715	0.000030097	123040	ops_par_loop_update_halo_kernel3_plus_4_b_64	update_halo_kernel3_plus_4_b
9716	0.000029456	123040	ops_par_loop_update_halo_kernel3_plus_2_b_65	update_halo_kernel3_plus_2_b
9717	0.000039525	553536	ops_par_loop_group_43	update_halo_kernel1_l2+update_halo_kernel3_minus_4_a
9718	0.000037962	553536	ops_par_loop_group_44	update_halo_kernel1_l1+update_halo_kernel3_minus_2_a
9719	0.000032902	123008	ops_par_loop_update_halo_kernel3_minus_4_b_68	update_halo_kernel3_minus_4_b
9720	0.000036710	553536	ops_par_loop_group_46	update_halo_kernel1_r2+update_halo_kernel3_minus_2_b
9721	0.000034155	430528	ops_par_loop_update_halo_kernel1_r1_45	update_halo_kernel1_r1
9722	0.000574060	591053440	ops_par_loop_advec_mom_kernel_x1_70	advec_mom_kernel_x1
9723	0.000209298	236236864	ops_par_loop_advec_mom_kernel_mass_flux_x_71	advec_mom_kernel_mass_flux_x
9724	0.000589119	590438520	ops_par_loop_advec_mom_kernel_post_pre_advec_x_72	advec_mom_kernel_post_pre_advec_x
9725	0.000897855	472258640	ops_par_loop_advec_mom_kernel1_x_nonvector_73	advec_mom_kernel1_x_nonvector
9726	0.000466486	590131240	ops_par_loop_advec_mom_kernel2_x_74	advec_mom_kernel2_x
9727	0.000578859	591053440	ops_par_loop_advec_mom_kernel_x1_75	advec_mom_kernel_x1
9728	0.000207775	236236864	ops_par_loop_advec_mom_kernel_mass_flux_x_76	advec_mom_kernel_mass_flux_x
9729	0.000585712	590438520	ops_par_loop_advec_mom_kernel_post_pre_advec_x_77	advec_mom_kernel_post_pre_advec_x
9730	0.000034486	246080	ops_par_loop_group_56	update_halo_kernel2_xvel_plus_4_a+update_halo_kernel3_plus_4_a
9731	0.000030759	246080	ops_par_loop_group_57	update_halo_kernel2_xvel_plus_2_a+update_halo_kernel3_plus_2_a
9732	0.000030578	123040	ops_par_loop_update_halo_kernel2_xvel_plus_4_b_93	update_halo_kernel2_xvel_plus_4_b
9733	0.000038613	246080	ops_par_loop_group_59	update_halo_kernel2_xvel_plus_2_b+update_halo_kernel3_plus_4_b
9734	0.000036690	246080	ops_par_loop_group_60	update_halo_kernel2_yvel_plus_4_a+update_halo_kernel2_xvel_minus_4_a
9735	0.000035318	246080	ops_par_loop_group_61	update_halo_kernel2_yvel_plus_2_a+update_halo_kernel2_xvel_minus_2_a
9736	0.000032712	123040	ops_par_loop_update_halo_kernel2_xvel_minus_4_b_97	update_halo_kernel2_xvel_minus_4_b
9737	0.000032852	246080	ops_par_loop_group_63	update_halo_kernel2_yvel_plus_2_b+update_halo_kernel2_xvel_minus_2_b
9738	0.000897986	472258640	ops_par_loop_advec_mom_kernel1_x_nonvector_78	advec_mom_kernel1_x_nonvector
9739	0.000471446	590131240	ops_par_loop_advec_mom_kernel2_x_79	advec_mom_kernel2_x
9740	0.000514828	472842752	ops_par_loop_advec_cell_kernel2_ydir_80	advec_cell_kernel2_ydir
9741	0.000826129	708203544	ops_par_loop_advec_cell_kernel3_ydir_81	advec_cell_kernel3_ydir
9742	0.001492886	1533542400	ops_par_loop_advec_cell_kernel4_ydir_82	advec_cell_kernel4_ydir
9743	0.000039265	553536	ops_par_loop_group_69	update_halo_kernel1_b2+update_halo_kernel4_minus_4_a
9744	0.000034645	553536	ops_par_loop_group_70	update_halo_kernel1_b1+update_halo_kernel4_minus_2_a
9745	0.000033463	123040	ops_par_loop_update_halo_kernel2_yvel_minus_4_a_99	update_halo_kernel2_yvel_minus_4_a
9746	0.000030909	123040	ops_par_loop_update_halo_kernel2_yvel_minus_2_a_100	update_halo_kernel2_yvel_minus_2_a
9747	0.000030197	123040	ops_par_loop_update_halo_kernel2_yvel_minus_4_b_101	update_halo_kernel2_yvel_minus_4_b
9748	0.000030377	123040	ops_par_loop_update_halo_kernel2_yvel_minus_2_b_102	update_halo_kernel2_yvel_minus_2_b
9749	0.000031479	123040	ops_par_loop_update_halo_kernel2_yvel_plus_4_b_105	update_halo_kernel2_yvel_plus_4_b
9750	0.000031139	123040	ops_par_loop_update_halo_kernel3_plus_2_b_110	update_halo_kernel3_plus_2_b
9751	0.000032502	123008	ops_par_loop_update_halo_kernel3_minus_4_b_113	update_halo_kernel3_minus_4_b
9752	0.000030288	123008	ops_par_loop_update_halo_kernel4_minus_4_b_117	update_halo_kernel4_minus_4_b
9753	0.000034265	553536	ops_par_loop_group_79	update_halo_kernel1_t2+update_halo_kernel4_minus_2_b
9754	0.000033704	430528	ops_par_loop_update_halo_kernel1_t1_86	update_halo_kernel1_t1
9755	0.000040978	553536	ops_par_loop_group_81	update_halo_kernel1_l2+update_halo_kernel3_minus_4_a
9756	0.000042360	553536	ops_par_loop_group_82	update_halo_kernel1_l1+update_halo_kernel3_minus_2_a
9757	0.000037832	553536	ops_par_loop_group_83	update_halo_kernel1_r2+update_halo_kernel3_minus_2_b
9758	0.000034817	430528	ops_par_loop_update_halo_kernel1_r1_90	update_halo_kernel1_r1
9759	0.000034325	246080	ops_par_loop_group_85	update_halo_kernel2_yvel_plus_4_a+update_halo_kernel4_plus_4_a
9760	0.000031600	246080	ops_par_loop_group_86	update_halo_kernel2_yvel_plus_2_a+update_halo_kernel4_plus_2_a
9761	0.000032882	246080	ops_par_loop_group_87	update_halo_kernel2_yvel_plus_2_b+update_halo_kernel4_plus_4_b
9762	0.000032382	123040	ops_par_loop_update_halo_kernel4_plus_2_b_122	update_halo_kernel4_plus_2_b
9763	0.001208736	944701952	ops_par_loop_group_89	advec_mom_kernel_y2+reset_field_kernel1
9764	0.000766416	708096064	ops_par_loop_group_90	advec_mom_kernel_mass_flux_y+ideal_gas_kernel
9765	0.000545947	590438520	ops_par_loop_advec_mom_kernel_post_pre_advec_y_125	advec_mom_kernel_post_pre_advec_y
9766	0.000892986	472258640	ops_par_loop_advec_mom_kernel1_y_nonvector_126	advec_mom_kernel1_y_nonvector
9767	0.000466325	590131240	ops_par_loop_advec_mom_kernel2_y_127	advec_mom_kernel2_y
9768	0.000503756	472842752	ops_par_loop_advec_mom_kernel_y2_128	advec_mom_kernel_y2
9769	0.000206161	236236864	ops_par_loop_advec_mom_kernel_mass_flux_y_129	advec_mom_kernel_mass_flux_y
9770	0.000544895	590438520	ops_par_loop_advec_mom_kernel_post_pre_advec_y_130	advec_mom_kernel_post_pre_advec_y
9771	0.000886825	472258640	ops_par_loop_advec_mom_kernel1_y_nonvector_131	advec_mom_kernel1_y_nonvector
9772	0.000748953	1062236232	ops_par_loop_group_98	advec_mom_kernel2_y+reset_field_kernel2
