0	0.013815270	354693568	ops_par_loop_initialise_chunk_kernel_volume_0	initialise_chunk_kernel_volume
1	0.255990474	471859200	ops_par_loop_ideal_gas_kernel_0	ideal_gas_kernel
2	0.000167578	430528	ops_par_loop_update_halo_kernel1_b2_1	update_halo_kernel1_b2
3	0.000042411	430528	ops_par_loop_update_halo_kernel1_b1_2	update_halo_kernel1_b1
4	0.000037572	430528	ops_par_loop_update_halo_kernel1_t2_3	update_halo_kernel1_t2
5	0.000034024	430528	ops_par_loop_update_halo_kernel1_t1_4	update_halo_kernel1_t1
6	0.000036780	430528	ops_par_loop_update_halo_kernel1_l2_5	update_halo_kernel1_l2
7	0.000035748	430528	ops_par_loop_update_halo_kernel1_l1_6	update_halo_kernel1_l1
8	0.000036410	430528	ops_par_loop_update_halo_kernel1_r2_7	update_halo_kernel1_r2
9	0.000033764	430528	ops_par_loop_update_halo_kernel1_r1_8	update_halo_kernel1_r1
10	0.000115830	246080	ops_par_loop_group_9	update_halo_kernel2_xvel_plus_4_a+update_halo_kernel2_yvel_minus_4_a
11	0.000033814	246080	ops_par_loop_group_10	update_halo_kernel2_xvel_plus_2_a+update_halo_kernel2_yvel_minus_2_a
12	0.000034515	246080	ops_par_loop_group_11	update_halo_kernel2_xvel_plus_4_b+update_halo_kernel2_yvel_minus_4_b
13	0.000030909	246080	ops_par_loop_group_12	update_halo_kernel2_xvel_plus_2_b+update_halo_kernel2_yvel_minus_2_b
14	0.000039595	246080	ops_par_loop_group_13	update_halo_kernel2_xvel_minus_4_a+update_halo_kernel2_yvel_plus_4_a
15	0.000031399	246080	ops_par_loop_group_14	update_halo_kernel2_xvel_minus_2_a+update_halo_kernel2_yvel_plus_2_a
16	0.000032412	246080	ops_par_loop_group_15	update_halo_kernel2_xvel_minus_4_b+update_halo_kernel2_yvel_plus_4_b
17	0.000032843	246080	ops_par_loop_group_16	update_halo_kernel2_xvel_minus_2_b+update_halo_kernel2_yvel_plus_2_b
18	0.000467678	471859200	ops_par_loop_ideal_gas_kernel_25	ideal_gas_kernel
19	0.192808269	471859200	ops_par_loop_ideal_gas_kernel_0	ideal_gas_kernel
20	0.000036660	430304	ops_par_loop_update_halo_kernel1_b1_1	update_halo_kernel1_b1
21	0.000030929	430304	ops_par_loop_update_halo_kernel1_t1_2	update_halo_kernel1_t1
22	0.000036138	430304	ops_par_loop_update_halo_kernel1_l1_3	update_halo_kernel1_l1
23	0.000032642	430304	ops_par_loop_update_halo_kernel1_r1_4	update_halo_kernel1_r1
24	0.000030127	245952	ops_par_loop_group_5	update_halo_kernel2_xvel_plus_2_a+update_halo_kernel2_yvel_minus_2_a
25	0.000027382	245952	ops_par_loop_group_6	update_halo_kernel2_xvel_plus_2_b+update_halo_kernel2_yvel_minus_2_b
26	0.000030889	245952	ops_par_loop_group_7	update_halo_kernel2_xvel_minus_2_a+update_halo_kernel2_yvel_plus_2_a
27	0.000029556	245952	ops_par_loop_group_8	update_halo_kernel2_xvel_minus_2_b+update_halo_kernel2_yvel_plus_2_b
28	0.001758280	589885440	ops_par_loop_viscosity_kernel_13	viscosity_kernel
29	0.000033434	430304	ops_par_loop_update_halo_kernel1_b1_14	update_halo_kernel1_b1
30	0.000028414	430304	ops_par_loop_update_halo_kernel1_t1_15	update_halo_kernel1_t1
31	0.000032712	430304	ops_par_loop_update_halo_kernel1_l1_16	update_halo_kernel1_l1
32	0.000031360	430304	ops_par_loop_update_halo_kernel1_r1_17	update_halo_kernel1_r1
33	0.001030006	1061744640	ops_par_loop_calc_dt_kernel_18	calc_dt_kernel
34	1.218485070	1887436800	ops_par_loop_group_0	PdV_kernel_predict+ideal_gas_kernel
35	0.000039936	430304	ops_par_loop_update_halo_kernel1_b1_2	update_halo_kernel1_b1
36	0.000032913	430304	ops_par_loop_update_halo_kernel1_t1_3	update_halo_kernel1_t1
37	0.000036089	430304	ops_par_loop_update_halo_kernel1_l1_4	update_halo_kernel1_l1
38	0.000036499	430304	ops_par_loop_update_halo_kernel1_r1_5	update_halo_kernel1_r1
39	0.001572116	1770147928	ops_par_loop_group_5	revert_kernel+accelerate_kernel
40	0.001368930	1651507200	ops_par_loop_PdV_kernel_nopredict_8	PdV_kernel_nopredict
41	0.000455034	471982080	ops_par_loop_flux_calc_kernelx_9	flux_calc_kernelx
42	0.000459973	471982080	ops_par_loop_flux_calc_kernely_10	flux_calc_kernely
43	0.000141969	553536	ops_par_loop_group_9	update_halo_kernel1_b2+update_halo_kernel4_minus_4_a
44	0.000042531	553536	ops_par_loop_group_10	update_halo_kernel1_b1+update_halo_kernel4_minus_2_a
45	0.000115540	369120	ops_par_loop_group_11	update_halo_kernel3_plus_4_a+update_halo_kernel2_xvel_plus_4_a+update_halo_kernel2_yvel_minus_4_a
46	0.000036248	369120	ops_par_loop_group_12	update_halo_kernel3_plus_2_a+update_halo_kernel2_xvel_plus_2_a+update_halo_kernel2_yvel_minus_2_a
47	0.000032682	123008	ops_par_loop_update_halo_kernel4_minus_4_b_29	update_halo_kernel4_minus_4_b
48	0.000040957	553536	ops_par_loop_group_14	update_halo_kernel1_t2+update_halo_kernel4_minus_2_b
49	0.000034987	430528	ops_par_loop_update_halo_kernel1_t1_14	update_halo_kernel1_t1
50	0.000033173	246080	ops_par_loop_group_16	update_halo_kernel2_xvel_plus_4_b+update_halo_kernel2_yvel_minus_4_b
51	0.000032612	369120	ops_par_loop_group_17	update_halo_kernel3_plus_4_b+update_halo_kernel2_xvel_plus_2_b+update_halo_kernel2_yvel_minus_2_b
52	0.000032451	123040	ops_par_loop_update_halo_kernel3_plus_2_b_22	update_halo_kernel3_plus_2_b
53	0.000045326	553536	ops_par_loop_group_19	update_halo_kernel1_l2+update_halo_kernel3_minus_4_a
54	0.000035638	553536	ops_par_loop_group_20	update_halo_kernel1_l1+update_halo_kernel3_minus_2_a
55	0.000029246	123008	ops_par_loop_update_halo_kernel3_minus_4_b_25	update_halo_kernel3_minus_4_b
56	0.000035197	553536	ops_par_loop_group_22	update_halo_kernel1_r2+update_halo_kernel3_minus_2_b
57	0.000033854	430528	ops_par_loop_update_halo_kernel1_r1_18	update_halo_kernel1_r1
58	0.000038964	369120	ops_par_loop_group_24	update_halo_kernel4_plus_4_a+update_halo_kernel2_xvel_minus_4_a+update_halo_kernel2_yvel_plus_4_a
59	0.000033263	369120	ops_par_loop_group_25	update_halo_kernel4_plus_2_a+update_halo_kernel2_xvel_minus_2_a+update_halo_kernel2_yvel_plus_2_a
60	0.000032221	246080	ops_par_loop_group_26	update_halo_kernel2_xvel_minus_4_b+update_halo_kernel2_yvel_plus_4_b
61	0.000033353	369120	ops_par_loop_group_27	update_halo_kernel4_plus_4_b+update_halo_kernel2_xvel_minus_2_b+update_halo_kernel2_yvel_plus_2_b
62	0.000029596	123040	ops_par_loop_update_halo_kernel4_plus_2_b_34	update_halo_kernel4_plus_2_b
63	0.000651318	591053440	ops_par_loop_advec_cell_kernel1_xdir_35	advec_cell_kernel1_xdir
64	0.000886103	708203544	ops_par_loop_advec_cell_kernel3_xdir_36	advec_cell_kernel3_xdir
65	0.001573639	1533542400	ops_par_loop_advec_cell_kernel4_xdir_37	advec_cell_kernel4_xdir
66	0.000041509	430528	ops_par_loop_update_halo_kernel1_b2_38	update_halo_kernel1_b2
67	0.000034576	430528	ops_par_loop_update_halo_kernel1_b1_39	update_halo_kernel1_b1
68	0.000032732	430528	ops_par_loop_update_halo_kernel1_t2_40	update_halo_kernel1_t2
69	0.000032151	430528	ops_par_loop_update_halo_kernel1_t1_41	update_halo_kernel1_t1
70	0.000033324	123040	ops_par_loop_update_halo_kernel3_plus_4_a_62	update_halo_kernel3_plus_4_a
71	0.000029536	123040	ops_par_loop_update_halo_kernel3_plus_2_a_63	update_halo_kernel3_plus_2_a
72	0.000028945	123040	ops_par_loop_update_halo_kernel3_plus_4_b_64	update_halo_kernel3_plus_4_b
73	0.000029305	123040	ops_par_loop_update_halo_kernel3_plus_2_b_65	update_halo_kernel3_plus_2_b
74	0.000039014	553536	ops_par_loop_group_40	update_halo_kernel1_l2+update_halo_kernel3_minus_4_a
75	0.000035367	553536	ops_par_loop_group_41	update_halo_kernel1_l1+update_halo_kernel3_minus_2_a
76	0.000029977	123008	ops_par_loop_update_halo_kernel3_minus_4_b_68	update_halo_kernel3_minus_4_b
77	0.000038974	553536	ops_par_loop_group_43	update_halo_kernel1_r2+update_halo_kernel3_minus_2_b
78	0.000034976	430528	ops_par_loop_update_halo_kernel1_r1_45	update_halo_kernel1_r1
79	0.000574782	591053440	ops_par_loop_advec_mom_kernel_x1_70	advec_mom_kernel_x1
80	0.000205981	236236864	ops_par_loop_advec_mom_kernel_mass_flux_x_71	advec_mom_kernel_mass_flux_x
81	0.000587626	590438520	ops_par_loop_advec_mom_kernel_post_pre_advec_x_72	advec_mom_kernel_post_pre_advec_x
82	0.000901823	472258640	ops_par_loop_advec_mom_kernel1_x_nonvector_73	advec_mom_kernel1_x_nonvector
83	0.000455976	590131240	ops_par_loop_advec_mom_kernel2_x_74	advec_mom_kernel2_x
84	0.000573650	591053440	ops_par_loop_advec_mom_kernel_x1_75	advec_mom_kernel_x1
85	0.000207173	236236864	ops_par_loop_advec_mom_kernel_mass_flux_x_76	advec_mom_kernel_mass_flux_x
86	0.000588117	590438520	ops_par_loop_advec_mom_kernel_post_pre_advec_x_77	advec_mom_kernel_post_pre_advec_x
87	0.000966446	472258640	ops_par_loop_advec_mom_kernel1_x_nonvector_78	advec_mom_kernel1_x_nonvector
88	0.000459202	590131240	ops_par_loop_advec_mom_kernel2_x_79	advec_mom_kernel2_x
89	0.000512454	472842752	ops_par_loop_advec_cell_kernel2_ydir_80	advec_cell_kernel2_ydir
90	0.000824566	708203544	ops_par_loop_advec_cell_kernel3_ydir_81	advec_cell_kernel3_ydir
91	0.001490972	1533542400	ops_par_loop_advec_cell_kernel4_ydir_82	advec_cell_kernel4_ydir
92	0.000037822	553536	ops_par_loop_group_58	update_halo_kernel1_b2+update_halo_kernel4_minus_4_a
93	0.000033413	553536	ops_par_loop_group_59	update_halo_kernel1_b1+update_halo_kernel4_minus_2_a
94	0.000034575	369120	ops_par_loop_group_60	update_halo_kernel2_xvel_plus_4_a+update_halo_kernel2_yvel_minus_4_a+update_halo_kernel3_plus_4_a
95	0.000032732	369120	ops_par_loop_group_61	update_halo_kernel2_xvel_plus_2_a+update_halo_kernel2_yvel_minus_2_a+update_halo_kernel3_plus_2_a
96	0.000031971	246080	ops_par_loop_group_62	update_halo_kernel2_xvel_plus_4_b+update_halo_kernel2_yvel_minus_4_b
97	0.000032973	369120	ops_par_loop_group_63	update_halo_kernel2_xvel_plus_2_b+update_halo_kernel2_yvel_minus_2_b+update_halo_kernel3_plus_4_b
98	0.000034175	246080	ops_par_loop_group_64	update_halo_kernel2_xvel_minus_4_b+update_halo_kernel2_yvel_plus_4_b
99	0.000033022	123040	ops_par_loop_update_halo_kernel3_plus_2_b_110	update_halo_kernel3_plus_2_b
100	0.000037852	123008	ops_par_loop_update_halo_kernel3_minus_4_b_113	update_halo_kernel3_minus_4_b
101	0.000029817	123008	ops_par_loop_update_halo_kernel4_minus_4_b_117	update_halo_kernel4_minus_4_b
102	0.000034094	553536	ops_par_loop_group_68	update_halo_kernel1_t2+update_halo_kernel4_minus_2_b
103	0.000032422	430528	ops_par_loop_update_halo_kernel1_t1_86	update_halo_kernel1_t1
104	0.000037741	553536	ops_par_loop_group_70	update_halo_kernel1_l2+update_halo_kernel3_minus_4_a
105	0.000035437	553536	ops_par_loop_group_71	update_halo_kernel1_l1+update_halo_kernel3_minus_2_a
106	0.000036480	553536	ops_par_loop_group_72	update_halo_kernel1_r2+update_halo_kernel3_minus_2_b
107	0.000032692	430528	ops_par_loop_update_halo_kernel1_r1_90	update_halo_kernel1_r1
108	0.000035027	369120	ops_par_loop_group_74	update_halo_kernel2_xvel_minus_4_a+update_halo_kernel2_yvel_plus_4_a+update_halo_kernel4_plus_4_a
109	0.000031781	369120	ops_par_loop_group_75	update_halo_kernel2_xvel_minus_2_a+update_halo_kernel2_yvel_plus_2_a+update_halo_kernel4_plus_2_a
110	0.000033233	369120	ops_par_loop_group_76	update_halo_kernel2_xvel_minus_2_b+update_halo_kernel2_yvel_plus_2_b+update_halo_kernel4_plus_4_b
111	0.000030729	123040	ops_par_loop_update_halo_kernel4_plus_2_b_122	update_halo_kernel4_plus_2_b
112	0.001822001	1416561152	ops_par_loop_group_78	advec_mom_kernel_y2+reset_field_kernel1+ideal_gas_kernel
113	0.000208085	236236864	ops_par_loop_advec_mom_kernel_mass_flux_y_124	advec_mom_kernel_mass_flux_y
114	0.000544284	590438520	ops_par_loop_advec_mom_kernel_post_pre_advec_y_125	advec_mom_kernel_post_pre_advec_y
115	0.000894048	472258640	ops_par_loop_advec_mom_kernel1_y_nonvector_126	advec_mom_kernel1_y_nonvector
116	0.000468109	590131240	ops_par_loop_advec_mom_kernel2_y_127	advec_mom_kernel2_y
117	0.000502425	472842752	ops_par_loop_advec_mom_kernel_y2_128	advec_mom_kernel_y2
118	0.000205180	236236864	ops_par_loop_advec_mom_kernel_mass_flux_y_129	advec_mom_kernel_mass_flux_y
119	0.000544725	590438520	ops_par_loop_advec_mom_kernel_post_pre_advec_y_130	advec_mom_kernel_post_pre_advec_y
120	0.000893738	472258640	ops_par_loop_advec_mom_kernel1_y_nonvector_131	advec_mom_kernel1_y_nonvector
121	0.000749383	1062236232	ops_par_loop_group_87	advec_mom_kernel2_y+reset_field_kernel2
122	0.000039044	430304	ops_par_loop_update_halo_kernel1_b1_136	update_halo_kernel1_b1
123	0.000034926	430304	ops_par_loop_update_halo_kernel1_t1_137	update_halo_kernel1_t1
124	0.000040317	430304	ops_par_loop_update_halo_kernel1_l1_138	update_halo_kernel1_l1
125	0.000037802	430304	ops_par_loop_update_halo_kernel1_r1_139	update_halo_kernel1_r1
126	0.000035437	245952	ops_par_loop_group_92	update_halo_kernel2_xvel_plus_2_a+update_halo_kernel2_yvel_minus_2_a
127	0.000031660	245952	ops_par_loop_group_93	update_halo_kernel2_xvel_plus_2_b+update_halo_kernel2_yvel_minus_2_b
128	0.000035998	245952	ops_par_loop_group_94	update_halo_kernel2_xvel_minus_2_a+update_halo_kernel2_yvel_plus_2_a
129	0.000035608	245952	ops_par_loop_group_95	update_halo_kernel2_xvel_minus_2_b+update_halo_kernel2_yvel_plus_2_b
130	0.001770243	589885440	ops_par_loop_viscosity_kernel_148	viscosity_kernel
131	0.000036880	430304	ops_par_loop_update_halo_kernel1_b1_149	update_halo_kernel1_b1
132	0.000033694	430304	ops_par_loop_update_halo_kernel1_t1_150	update_halo_kernel1_t1
133	0.000037231	430304	ops_par_loop_update_halo_kernel1_l1_151	update_halo_kernel1_l1
134	0.000035187	430304	ops_par_loop_update_halo_kernel1_r1_152	update_halo_kernel1_r1
135	0.000939465	1061744640	ops_par_loop_calc_dt_kernel_153	calc_dt_kernel
136	1.196126292	1887436800	ops_par_loop_group_0	PdV_kernel_predict+ideal_gas_kernel
137	0.000039755	430304	ops_par_loop_update_halo_kernel1_b1_2	update_halo_kernel1_b1
138	0.000032662	430304	ops_par_loop_update_halo_kernel1_t1_3	update_halo_kernel1_t1
139	0.000036509	430304	ops_par_loop_update_halo_kernel1_l1_4	update_halo_kernel1_l1
140	0.000040507	430304	ops_par_loop_update_halo_kernel1_r1_5	update_halo_kernel1_r1
141	0.001571134	1770147928	ops_par_loop_group_5	revert_kernel+accelerate_kernel
142	0.001378157	1651507200	ops_par_loop_PdV_kernel_nopredict_8	PdV_kernel_nopredict
143	0.000375954	471982080	ops_par_loop_flux_calc_kernelx_9	flux_calc_kernelx
144	0.000373820	471982080	ops_par_loop_flux_calc_kernely_10	flux_calc_kernely
145	0.000036229	553536	ops_par_loop_group_9	update_halo_kernel1_b2+update_halo_kernel4_minus_4_a
146	0.000032972	553536	ops_par_loop_group_10	update_halo_kernel1_b1+update_halo_kernel4_minus_2_a
147	0.000032522	369120	ops_par_loop_group_11	update_halo_kernel3_plus_4_a+update_halo_kernel2_xvel_plus_4_a+update_halo_kernel2_yvel_minus_4_a
148	0.000031420	369120	ops_par_loop_group_12	update_halo_kernel3_plus_2_a+update_halo_kernel2_xvel_plus_2_a+update_halo_kernel2_yvel_minus_2_a
149	0.000029546	123008	ops_par_loop_update_halo_kernel4_minus_4_b_29	update_halo_kernel4_minus_4_b
150	0.000039155	553536	ops_par_loop_group_14	update_halo_kernel1_t2+update_halo_kernel4_minus_2_b
151	0.000034235	430528	ops_par_loop_update_halo_kernel1_t1_14	update_halo_kernel1_t1
152	0.000031620	246080	ops_par_loop_group_16	update_halo_kernel2_xvel_plus_4_b+update_halo_kernel2_yvel_minus_4_b
153	0.000031701	369120	ops_par_loop_group_17	update_halo_kernel3_plus_4_b+update_halo_kernel2_xvel_plus_2_b+update_halo_kernel2_yvel_minus_2_b
154	0.000031230	123040	ops_par_loop_update_halo_kernel3_plus_2_b_22	update_halo_kernel3_plus_2_b
155	0.000038994	553536	ops_par_loop_group_19	update_halo_kernel1_l2+update_halo_kernel3_minus_4_a
156	0.000035327	553536	ops_par_loop_group_20	update_halo_kernel1_l1+update_halo_kernel3_minus_2_a
157	0.000029756	123008	ops_par_loop_update_halo_kernel3_minus_4_b_25	update_halo_kernel3_minus_4_b
158	0.000036279	553536	ops_par_loop_group_22	update_halo_kernel1_r2+update_halo_kernel3_minus_2_b
159	0.000033744	430528	ops_par_loop_update_halo_kernel1_r1_18	update_halo_kernel1_r1
160	0.000034696	369120	ops_par_loop_group_24	update_halo_kernel4_plus_4_a+update_halo_kernel2_xvel_minus_4_a+update_halo_kernel2_yvel_plus_4_a
161	0.000032883	369120	ops_par_loop_group_25	update_halo_kernel4_plus_2_a+update_halo_kernel2_xvel_minus_2_a+update_halo_kernel2_yvel_plus_2_a
162	0.000032662	246080	ops_par_loop_group_26	update_halo_kernel2_xvel_minus_4_b+update_halo_kernel2_yvel_plus_4_b
163	0.000033744	369120	ops_par_loop_group_27	update_halo_kernel4_plus_4_b+update_halo_kernel2_xvel_minus_2_b+update_halo_kernel2_yvel_plus_2_b
164	0.000030658	123040	ops_par_loop_update_halo_kernel4_plus_2_b_34	update_halo_kernel4_plus_2_b
165	0.000572648	591053440	ops_par_loop_advec_cell_kernel1_ydir_35	advec_cell_kernel1_ydir
166	0.000820999	708203544	ops_par_loop_advec_cell_kernel3_ydir_36	advec_cell_kernel3_ydir
167	0.001490691	1533542400	ops_par_loop_advec_cell_kernel4_ydir_37	advec_cell_kernel4_ydir
168	0.000036279	553536	ops_par_loop_group_32	update_halo_kernel1_b2+update_halo_kernel4_minus_4_a
169	0.000033173	553536	ops_par_loop_group_33	update_halo_kernel1_b1+update_halo_kernel4_minus_2_a
170	0.000031290	123008	ops_par_loop_update_halo_kernel4_minus_4_b_64	update_halo_kernel4_minus_4_b
171	0.000034235	553536	ops_par_loop_group_35	update_halo_kernel1_t2+update_halo_kernel4_minus_2_b
172	0.000032693	430528	ops_par_loop_update_halo_kernel1_t1_41	update_halo_kernel1_t1
173	0.000035959	430528	ops_par_loop_update_halo_kernel1_l2_42	update_halo_kernel1_l2
174	0.000033654	430528	ops_par_loop_update_halo_kernel1_l1_43	update_halo_kernel1_l1
175	0.000035878	430528	ops_par_loop_update_halo_kernel1_r2_44	update_halo_kernel1_r2
176	0.000032732	430528	ops_par_loop_update_halo_kernel1_r1_45	update_halo_kernel1_r1
177	0.000031920	123040	ops_par_loop_update_halo_kernel4_plus_4_a_66	update_halo_kernel4_plus_4_a
178	0.000033333	123040	ops_par_loop_update_halo_kernel4_plus_2_a_67	update_halo_kernel4_plus_2_a
179	0.000030528	123040	ops_par_loop_update_halo_kernel4_plus_4_b_68	update_halo_kernel4_plus_4_b
180	0.000029345	123040	ops_par_loop_update_halo_kernel4_plus_2_b_69	update_halo_kernel4_plus_2_b
181	0.000573730	591053440	ops_par_loop_advec_mom_kernel_y1_70	advec_mom_kernel_y1
182	0.000204809	236236864	ops_par_loop_advec_mom_kernel_mass_flux_y_71	advec_mom_kernel_mass_flux_y
183	0.000544925	590438520	ops_par_loop_advec_mom_kernel_post_pre_advec_y_72	advec_mom_kernel_post_pre_advec_y
184	0.000894890	472258640	ops_par_loop_advec_mom_kernel1_y_nonvector_73	advec_mom_kernel1_y_nonvector
185	0.000465113	590131240	ops_par_loop_advec_mom_kernel2_y_74	advec_mom_kernel2_y
186	0.000575173	591053440	ops_par_loop_advec_mom_kernel_y1_75	advec_mom_kernel_y1
187	0.000204919	236236864	ops_par_loop_advec_mom_kernel_mass_flux_y_76	advec_mom_kernel_mass_flux_y
188	0.000545305	590438520	ops_par_loop_advec_mom_kernel_post_pre_advec_y_77	advec_mom_kernel_post_pre_advec_y
189	0.000894209	472258640	ops_par_loop_advec_mom_kernel1_y_nonvector_78	advec_mom_kernel1_y_nonvector
190	0.000464221	590131240	ops_par_loop_advec_mom_kernel2_y_79	advec_mom_kernel2_y
191	0.000504919	472842752	ops_par_loop_advec_cell_kernel2_xdir_80	advec_cell_kernel2_xdir
192	0.000804137	708203544	ops_par_loop_advec_cell_kernel3_xdir_81	advec_cell_kernel3_xdir
193	0.001473248	1533542400	ops_par_loop_advec_cell_kernel4_xdir_82	advec_cell_kernel4_xdir
194	0.000037812	553536	ops_par_loop_group_58	update_halo_kernel1_b2+update_halo_kernel4_minus_4_a
195	0.000034045	553536	ops_par_loop_group_59	update_halo_kernel1_b1+update_halo_kernel4_minus_2_a
196	0.000035076	369120	ops_par_loop_group_60	update_halo_kernel2_xvel_plus_4_a+update_halo_kernel2_yvel_minus_4_a+update_halo_kernel3_plus_4_a
197	0.000032783	369120	ops_par_loop_group_61	update_halo_kernel2_xvel_plus_2_a+update_halo_kernel2_yvel_minus_2_a+update_halo_kernel3_plus_2_a
198	0.000031630	246080	ops_par_loop_group_62	update_halo_kernel2_xvel_plus_4_b+update_halo_kernel2_yvel_minus_4_b
199	0.000033554	369120	ops_par_loop_group_63	update_halo_kernel2_xvel_plus_2_b+update_halo_kernel2_yvel_minus_2_b+update_halo_kernel3_plus_4_b
200	0.000033123	246080	ops_par_loop_group_64	update_halo_kernel2_xvel_minus_4_b+update_halo_kernel2_yvel_plus_4_b
201	0.000031079	123040	ops_par_loop_update_halo_kernel3_plus_2_b_110	update_halo_kernel3_plus_2_b
202	0.000030698	123008	ops_par_loop_update_halo_kernel3_minus_4_b_113	update_halo_kernel3_minus_4_b
203	0.000029596	123008	ops_par_loop_update_halo_kernel4_minus_4_b_117	update_halo_kernel4_minus_4_b
204	0.000032913	553536	ops_par_loop_group_68	update_halo_kernel1_t2+update_halo_kernel4_minus_2_b
205	0.000033533	430528	ops_par_loop_update_halo_kernel1_t1_86	update_halo_kernel1_t1
206	0.000038903	553536	ops_par_loop_group_70	update_halo_kernel1_l2+update_halo_kernel3_minus_4_a
207	0.000036540	553536	ops_par_loop_group_71	update_halo_kernel1_l1+update_halo_kernel3_minus_2_a
208	0.000037661	553536	ops_par_loop_group_72	update_halo_kernel1_r2+update_halo_kernel3_minus_2_b
209	0.000098978	430528	ops_par_loop_update_halo_kernel1_r1_90	update_halo_kernel1_r1
210	0.000036028	369120	ops_par_loop_group_74	update_halo_kernel2_xvel_minus_4_a+update_halo_kernel2_yvel_plus_4_a+update_halo_kernel4_plus_4_a
211	0.000033273	369120	ops_par_loop_group_75	update_halo_kernel2_xvel_minus_2_a+update_halo_kernel2_yvel_plus_2_a+update_halo_kernel4_plus_2_a
212	0.000035017	369120	ops_par_loop_group_76	update_halo_kernel2_xvel_minus_2_b+update_halo_kernel2_yvel_plus_2_b+update_halo_kernel4_plus_4_b
213	0.000031009	123040	ops_par_loop_update_halo_kernel4_plus_2_b_122	update_halo_kernel4_plus_2_b
214	0.001827962	1416561152	ops_par_loop_group_78	advec_mom_kernel_x2+reset_field_kernel1+ideal_gas_kernel
215	0.000212003	236236864	ops_par_loop_advec_mom_kernel_mass_flux_x_124	advec_mom_kernel_mass_flux_x
216	0.000586023	590438520	ops_par_loop_advec_mom_kernel_post_pre_advec_x_125	advec_mom_kernel_post_pre_advec_x
217	0.000899368	472258640	ops_par_loop_advec_mom_kernel1_x_nonvector_126	advec_mom_kernel1_x_nonvector
218	0.000468751	590131240	ops_par_loop_advec_mom_kernel2_x_127	advec_mom_kernel2_x
219	0.000511362	472842752	ops_par_loop_advec_mom_kernel_x2_128	advec_mom_kernel_x2
220	0.000208345	236236864	ops_par_loop_advec_mom_kernel_mass_flux_x_129	advec_mom_kernel_mass_flux_x
221	0.000585563	590438520	ops_par_loop_advec_mom_kernel_post_pre_advec_x_130	advec_mom_kernel_post_pre_advec_x
222	0.000898736	472258640	ops_par_loop_advec_mom_kernel1_x_nonvector_131	advec_mom_kernel1_x_nonvector
223	0.000744684	1062236232	ops_par_loop_group_87	advec_mom_kernel2_x+reset_field_kernel2
224	0.000035116	430304	ops_par_loop_update_halo_kernel1_b1_136	update_halo_kernel1_b1
225	0.000032071	430304	ops_par_loop_update_halo_kernel1_t1_137	update_halo_kernel1_t1
226	0.000037762	430304	ops_par_loop_update_halo_kernel1_l1_138	update_halo_kernel1_l1
227	0.000035217	430304	ops_par_loop_update_halo_kernel1_r1_139	update_halo_kernel1_r1
228	0.000032542	245952	ops_par_loop_group_92	update_halo_kernel2_xvel_plus_2_a+update_halo_kernel2_yvel_minus_2_a
229	0.000030808	245952	ops_par_loop_group_93	update_halo_kernel2_xvel_plus_2_b+update_halo_kernel2_yvel_minus_2_b
230	0.000033283	245952	ops_par_loop_group_94	update_halo_kernel2_xvel_minus_2_a+update_halo_kernel2_yvel_plus_2_a
231	0.000034506	245952	ops_par_loop_group_95	update_halo_kernel2_xvel_minus_2_b+update_halo_kernel2_yvel_plus_2_b
232	0.001765042	589885440	ops_par_loop_viscosity_kernel_148	viscosity_kernel
233	0.000035277	430304	ops_par_loop_update_halo_kernel1_b1_149	update_halo_kernel1_b1
234	0.000031600	430304	ops_par_loop_update_halo_kernel1_t1_150	update_halo_kernel1_t1
235	0.000035858	430304	ops_par_loop_update_halo_kernel1_l1_151	update_halo_kernel1_l1
236	0.000035047	430304	ops_par_loop_update_halo_kernel1_r1_152	update_halo_kernel1_r1
237	0.000935587	1061744640	ops_par_loop_calc_dt_kernel_153	calc_dt_kernel
238	0.001489178	1887436800	ops_par_loop_group_0	PdV_kernel_predict+ideal_gas_kernel
239	0.000023154	430304	ops_par_loop_update_halo_kernel1_b1_2	update_halo_kernel1_b1
240	0.000020429	430304	ops_par_loop_update_halo_kernel1_t1_3	update_halo_kernel1_t1
241	0.000024587	430304	ops_par_loop_update_halo_kernel1_l1_4	update_halo_kernel1_l1
242	0.000024686	430304	ops_par_loop_update_halo_kernel1_r1_5	update_halo_kernel1_r1
243	0.001555956	1770147928	ops_par_loop_group_5	revert_kernel+accelerate_kernel
244	0.001360074	1651507200	ops_par_loop_PdV_kernel_nopredict_8	PdV_kernel_nopredict
245	0.000478329	471982080	ops_par_loop_flux_calc_kernelx_9	flux_calc_kernelx
246	0.000359884	471982080	ops_par_loop_flux_calc_kernely_10	flux_calc_kernely
247	0.000022944	553536	ops_par_loop_group_9	update_halo_kernel1_b2+update_halo_kernel4_minus_4_a
248	0.000021671	553536	ops_par_loop_group_10	update_halo_kernel1_b1+update_halo_kernel4_minus_2_a
249	0.000022202	369120	ops_par_loop_group_11	update_halo_kernel3_plus_4_a+update_halo_kernel2_xvel_plus_4_a+update_halo_kernel2_yvel_minus_4_a
250	0.000019938	369120	ops_par_loop_group_12	update_halo_kernel3_plus_2_a+update_halo_kernel2_xvel_plus_2_a+update_halo_kernel2_yvel_minus_2_a
251	0.000019557	123008	ops_par_loop_update_halo_kernel4_minus_4_b_29	update_halo_kernel4_minus_4_b
252	0.000021490	553536	ops_par_loop_group_14	update_halo_kernel1_t2+update_halo_kernel4_minus_2_b
253	0.000020749	430528	ops_par_loop_update_halo_kernel1_t1_14	update_halo_kernel1_t1
254	0.000020338	246080	ops_par_loop_group_16	update_halo_kernel2_xvel_plus_4_b+update_halo_kernel2_yvel_minus_4_b
255	0.000020789	369120	ops_par_loop_group_17	update_halo_kernel3_plus_4_b+update_halo_kernel2_xvel_plus_2_b+update_halo_kernel2_yvel_minus_2_b
256	0.000018826	123040	ops_par_loop_update_halo_kernel3_plus_2_b_22	update_halo_kernel3_plus_2_b
257	0.000026350	553536	ops_par_loop_group_19	update_halo_kernel1_l2+update_halo_kernel3_minus_4_a
258	0.000023304	553536	ops_par_loop_group_20	update_halo_kernel1_l1+update_halo_kernel3_minus_2_a
259	0.000019026	123008	ops_par_loop_update_halo_kernel3_minus_4_b_25	update_halo_kernel3_minus_4_b
260	0.000024526	553536	ops_par_loop_group_22	update_halo_kernel1_r2+update_halo_kernel3_minus_2_b
261	0.000022202	430528	ops_par_loop_update_halo_kernel1_r1_18	update_halo_kernel1_r1
262	0.000023485	369120	ops_par_loop_group_24	update_halo_kernel4_plus_4_a+update_halo_kernel2_xvel_minus_4_a+update_halo_kernel2_yvel_plus_4_a
263	0.000021130	369120	ops_par_loop_group_25	update_halo_kernel4_plus_2_a+update_halo_kernel2_xvel_minus_2_a+update_halo_kernel2_yvel_plus_2_a
264	0.000020609	246080	ops_par_loop_group_26	update_halo_kernel2_xvel_minus_4_b+update_halo_kernel2_yvel_plus_4_b
265	0.000022593	369120	ops_par_loop_group_27	update_halo_kernel4_plus_4_b+update_halo_kernel2_xvel_minus_2_b+update_halo_kernel2_yvel_plus_2_b
266	0.000018055	123040	ops_par_loop_update_halo_kernel4_plus_2_b_34	update_halo_kernel4_plus_2_b
267	0.000563931	591053440	ops_par_loop_advec_cell_kernel1_xdir_35	advec_cell_kernel1_xdir
268	0.000773499	708203544	ops_par_loop_advec_cell_kernel3_xdir_36	advec_cell_kernel3_xdir
269	0.001459753	1533542400	ops_par_loop_advec_cell_kernel4_xdir_37	advec_cell_kernel4_xdir
270	0.000021751	430528	ops_par_loop_update_halo_kernel1_b2_38	update_halo_kernel1_b2
271	0.000020599	430528	ops_par_loop_update_halo_kernel1_b1_39	update_halo_kernel1_b1
272	0.000020289	430528	ops_par_loop_update_halo_kernel1_t2_40	update_halo_kernel1_t2
273	0.000020569	430528	ops_par_loop_update_halo_kernel1_t1_41	update_halo_kernel1_t1
274	0.000018926	123040	ops_par_loop_update_halo_kernel3_plus_4_a_62	update_halo_kernel3_plus_4_a
275	0.000018796	123040	ops_par_loop_update_halo_kernel3_plus_2_a_63	update_halo_kernel3_plus_2_a
276	0.000018094	123040	ops_par_loop_update_halo_kernel3_plus_4_b_64	update_halo_kernel3_plus_4_b
277	0.000018004	123040	ops_par_loop_update_halo_kernel3_plus_2_b_65	update_halo_kernel3_plus_2_b
278	0.000026410	553536	ops_par_loop_group_40	update_halo_kernel1_l2+update_halo_kernel3_minus_4_a
279	0.000023726	553536	ops_par_loop_group_41	update_halo_kernel1_l1+update_halo_kernel3_minus_2_a
280	0.000019106	123008	ops_par_loop_update_halo_kernel3_minus_4_b_68	update_halo_kernel3_minus_4_b
281	0.000024427	553536	ops_par_loop_group_43	update_halo_kernel1_r2+update_halo_kernel3_minus_2_b
282	0.000021111	430528	ops_par_loop_update_halo_kernel1_r1_45	update_halo_kernel1_r1
283	0.000561316	591053440	ops_par_loop_advec_mom_kernel_x1_70	advec_mom_kernel_x1
284	0.000194229	236236864	ops_par_loop_advec_mom_kernel_mass_flux_x_71	advec_mom_kernel_mass_flux_x
285	0.000571846	590438520	ops_par_loop_advec_mom_kernel_post_pre_advec_x_72	advec_mom_kernel_post_pre_advec_x
286	0.000883598	472258640	ops_par_loop_advec_mom_kernel1_x_nonvector_73	advec_mom_kernel1_x_nonvector
287	0.000447690	590131240	ops_par_loop_advec_mom_kernel2_x_74	advec_mom_kernel2_x
288	0.000561346	591053440	ops_par_loop_advec_mom_kernel_x1_75	advec_mom_kernel_x1
289	0.000193377	236236864	ops_par_loop_advec_mom_kernel_mass_flux_x_76	advec_mom_kernel_mass_flux_x
290	0.000574992	590438520	ops_par_loop_advec_mom_kernel_post_pre_advec_x_77	advec_mom_kernel_post_pre_advec_x
291	0.000884079	472258640	ops_par_loop_advec_mom_kernel1_x_nonvector_78	advec_mom_kernel1_x_nonvector
292	0.000447149	590131240	ops_par_loop_advec_mom_kernel2_x_79	advec_mom_kernel2_x
293	0.000498206	472842752	ops_par_loop_advec_cell_kernel2_ydir_80	advec_cell_kernel2_ydir
294	0.000790231	708203544	ops_par_loop_advec_cell_kernel3_ydir_81	advec_cell_kernel3_ydir
295	0.001474982	1533542400	ops_par_loop_advec_cell_kernel4_ydir_82	advec_cell_kernel4_ydir
296	0.000023164	553536	ops_par_loop_group_58	update_halo_kernel1_b2+update_halo_kernel4_minus_4_a
297	0.000021541	553536	ops_par_loop_group_59	update_halo_kernel1_b1+update_halo_kernel4_minus_2_a
298	0.000022924	369120	ops_par_loop_group_60	update_halo_kernel2_xvel_plus_4_a+update_halo_kernel2_yvel_minus_4_a+update_halo_kernel3_plus_4_a
299	0.000020719	369120	ops_par_loop_group_61	update_halo_kernel2_xvel_plus_2_a+update_halo_kernel2_yvel_minus_2_a+update_halo_kernel3_plus_2_a
300	0.000019477	246080	ops_par_loop_group_62	update_halo_kernel2_xvel_plus_4_b+update_halo_kernel2_yvel_minus_4_b
301	0.000021181	369120	ops_par_loop_group_63	update_halo_kernel2_xvel_plus_2_b+update_halo_kernel2_yvel_minus_2_b+update_halo_kernel3_plus_4_b
302	0.000021962	246080	ops_par_loop_group_64	update_halo_kernel2_xvel_minus_4_b+update_halo_kernel2_yvel_plus_4_b
303	0.000020148	123040	ops_par_loop_update_halo_kernel3_plus_2_b_110	update_halo_kernel3_plus_2_b
304	0.000019527	123008	ops_par_loop_update_halo_kernel3_minus_4_b_113	update_halo_kernel3_minus_4_b
305	0.000017493	123008	ops_par_loop_update_halo_kernel4_minus_4_b_117	update_halo_kernel4_minus_4_b
306	0.000021662	553536	ops_par_loop_group_68	update_halo_kernel1_t2+update_halo_kernel4_minus_2_b
307	0.000020710	430528	ops_par_loop_update_halo_kernel1_t1_86	update_halo_kernel1_t1
308	0.000026801	553536	ops_par_loop_group_70	update_halo_kernel1_l2+update_halo_kernel3_minus_4_a
309	0.000023625	553536	ops_par_loop_group_71	update_halo_kernel1_l1+update_halo_kernel3_minus_2_a
310	0.000025458	553536	ops_par_loop_group_72	update_halo_kernel1_r2+update_halo_kernel3_minus_2_b
311	0.000021641	430528	ops_par_loop_update_halo_kernel1_r1_90	update_halo_kernel1_r1
312	0.000023344	369120	ops_par_loop_group_74	update_halo_kernel2_xvel_minus_4_a+update_halo_kernel2_yvel_plus_4_a+update_halo_kernel4_plus_4_a
313	0.000021992	369120	ops_par_loop_group_75	update_halo_kernel2_xvel_minus_2_a+update_halo_kernel2_yvel_plus_2_a+update_halo_kernel4_plus_2_a
314	0.000022743	369120	ops_par_loop_group_76	update_halo_kernel2_xvel_minus_2_b+update_halo_kernel2_yvel_plus_2_b+update_halo_kernel4_plus_4_b
315	0.000018786	123040	ops_par_loop_update_halo_kernel4_plus_2_b_122	update_halo_kernel4_plus_2_b
316	0.001790911	1416561152	ops_par_loop_group_78	advec_mom_kernel_y2+reset_field_kernel1+ideal_gas_kernel
317	0.000194520	236236864	ops_par_loop_advec_mom_kernel_mass_flux_y_124	advec_mom_kernel_mass_flux_y
318	0.000533533	590438520	ops_par_loop_advec_mom_kernel_post_pre_advec_y_125	advec_mom_kernel_post_pre_advec_y
319	0.000878799	472258640	ops_par_loop_advec_mom_kernel1_y_nonvector_126	advec_mom_kernel1_y_nonvector
320	0.000449474	590131240	ops_par_loop_advec_mom_kernel2_y_127	advec_mom_kernel2_y
321	0.000489741	472842752	ops_par_loop_advec_mom_kernel_y2_128	advec_mom_kernel_y2
322	0.000192055	236236864	ops_par_loop_advec_mom_kernel_mass_flux_y_129	advec_mom_kernel_mass_flux_y
323	0.000532010	590438520	ops_par_loop_advec_mom_kernel_post_pre_advec_y_130	advec_mom_kernel_post_pre_advec_y
324	0.000878729	472258640	ops_par_loop_advec_mom_kernel1_y_nonvector_131	advec_mom_kernel1_y_nonvector
325	0.000732862	1062236232	ops_par_loop_group_87	advec_mom_kernel2_y+reset_field_kernel2
326	0.000021591	430304	ops_par_loop_update_halo_kernel1_b1_136	update_halo_kernel1_b1
327	0.000021090	430304	ops_par_loop_update_halo_kernel1_t1_137	update_halo_kernel1_t1
328	0.000024527	430304	ops_par_loop_update_halo_kernel1_l1_138	update_halo_kernel1_l1
329	0.000023795	430304	ops_par_loop_update_halo_kernel1_r1_139	update_halo_kernel1_r1
330	0.000019236	245952	ops_par_loop_group_92	update_halo_kernel2_xvel_plus_2_a+update_halo_kernel2_yvel_minus_2_a
331	0.000020078	245952	ops_par_loop_group_93	update_halo_kernel2_xvel_plus_2_b+update_halo_kernel2_yvel_minus_2_b
332	0.000021341	245952	ops_par_loop_group_94	update_halo_kernel2_xvel_minus_2_a+update_halo_kernel2_yvel_plus_2_a
333	0.000021170	245952	ops_par_loop_group_95	update_halo_kernel2_xvel_minus_2_b+update_halo_kernel2_yvel_plus_2_b
334	0.001738041	589885440	ops_par_loop_viscosity_kernel_148	viscosity_kernel
335	0.000023905	430304	ops_par_loop_update_halo_kernel1_b1_149	update_halo_kernel1_b1
336	0.000021080	430304	ops_par_loop_update_halo_kernel1_t1_150	update_halo_kernel1_t1
337	0.000024526	430304	ops_par_loop_update_halo_kernel1_l1_151	update_halo_kernel1_l1
338	0.000023815	430304	ops_par_loop_update_halo_kernel1_r1_152	update_halo_kernel1_r1
339	0.000919757	1061744640	ops_par_loop_calc_dt_kernel_153	calc_dt_kernel
340	0.001490311	1887436800	ops_par_loop_group_0	PdV_kernel_predict+ideal_gas_kernel
341	0.000022673	430304	ops_par_loop_update_halo_kernel1_b1_2	update_halo_kernel1_b1
342	0.000020329	430304	ops_par_loop_update_halo_kernel1_t1_3	update_halo_kernel1_t1
343	0.000023715	430304	ops_par_loop_update_halo_kernel1_l1_4	update_halo_kernel1_l1
344	0.000023325	430304	ops_par_loop_update_halo_kernel1_r1_5	update_halo_kernel1_r1
345	0.001558911	1770147928	ops_par_loop_group_5	revert_kernel+accelerate_kernel
346	0.001357669	1651507200	ops_par_loop_PdV_kernel_nopredict_8	PdV_kernel_nopredict
347	0.000361777	471982080	ops_par_loop_flux_calc_kernelx_9	flux_calc_kernelx
348	0.000358681	471982080	ops_par_loop_flux_calc_kernely_10	flux_calc_kernely
349	0.000022332	553536	ops_par_loop_group_9	update_halo_kernel1_b2+update_halo_kernel4_minus_4_a
350	0.000022162	553536	ops_par_loop_group_10	update_halo_kernel1_b1+update_halo_kernel4_minus_2_a
351	0.000021842	369120	ops_par_loop_group_11	update_halo_kernel3_plus_4_a+update_halo_kernel2_xvel_plus_4_a+update_halo_kernel2_yvel_minus_4_a
352	0.000020188	369120	ops_par_loop_group_12	update_halo_kernel3_plus_2_a+update_halo_kernel2_xvel_plus_2_a+update_halo_kernel2_yvel_minus_2_a
353	0.000018545	123008	ops_par_loop_update_halo_kernel4_minus_4_b_29	update_halo_kernel4_minus_4_b
354	0.000020749	553536	ops_par_loop_group_14	update_halo_kernel1_t2+update_halo_kernel4_minus_2_b
355	0.000021301	430528	ops_par_loop_update_halo_kernel1_t1_14	update_halo_kernel1_t1
356	0.000019728	246080	ops_par_loop_group_16	update_halo_kernel2_xvel_plus_4_b+update_halo_kernel2_yvel_minus_4_b
357	0.000020629	369120	ops_par_loop_group_17	update_halo_kernel3_plus_4_b+update_halo_kernel2_xvel_plus_2_b+update_halo_kernel2_yvel_minus_2_b
358	0.000018966	123040	ops_par_loop_update_halo_kernel3_plus_2_b_22	update_halo_kernel3_plus_2_b
359	0.000027181	553536	ops_par_loop_group_19	update_halo_kernel1_l2+update_halo_kernel3_minus_4_a
360	0.000023124	553536	ops_par_loop_group_20	update_halo_kernel1_l1+update_halo_kernel3_minus_2_a
361	0.000018926	123008	ops_par_loop_update_halo_kernel3_minus_4_b_25	update_halo_kernel3_minus_4_b
362	0.000024656	553536	ops_par_loop_group_22	update_halo_kernel1_r2+update_halo_kernel3_minus_2_b
363	0.000022022	430528	ops_par_loop_update_halo_kernel1_r1_18	update_halo_kernel1_r1
364	0.000023535	369120	ops_par_loop_group_24	update_halo_kernel4_plus_4_a+update_halo_kernel2_xvel_minus_4_a+update_halo_kernel2_yvel_plus_4_a
365	0.000022253	369120	ops_par_loop_group_25	update_halo_kernel4_plus_2_a+update_halo_kernel2_xvel_minus_2_a+update_halo_kernel2_yvel_plus_2_a
366	0.000021972	246080	ops_par_loop_group_26	update_halo_kernel2_xvel_minus_4_b+update_halo_kernel2_yvel_plus_4_b
367	0.000022913	369120	ops_par_loop_group_27	update_halo_kernel4_plus_4_b+update_halo_kernel2_xvel_minus_2_b+update_halo_kernel2_yvel_plus_2_b
368	0.000018184	123040	ops_par_loop_update_halo_kernel4_plus_2_b_34	update_halo_kernel4_plus_2_b
369	0.000563220	591053440	ops_par_loop_advec_cell_kernel1_ydir_35	advec_cell_kernel1_ydir
370	0.000789540	708203544	ops_par_loop_advec_cell_kernel3_ydir_36	advec_cell_kernel3_ydir
371	0.001470864	1533542400	ops_par_loop_advec_cell_kernel4_ydir_37	advec_cell_kernel4_ydir
372	0.000023013	553536	ops_par_loop_group_32	update_halo_kernel1_b2+update_halo_kernel4_minus_4_a
373	0.000022302	553536	ops_par_loop_group_33	update_halo_kernel1_b1+update_halo_kernel4_minus_2_a
374	0.000018004	123008	ops_par_loop_update_halo_kernel4_minus_4_b_64	update_halo_kernel4_minus_4_b
375	0.000022353	553536	ops_par_loop_group_35	update_halo_kernel1_t2+update_halo_kernel4_minus_2_b
376	0.000020309	430528	ops_par_loop_update_halo_kernel1_t1_41	update_halo_kernel1_t1
377	0.000024637	430528	ops_par_loop_update_halo_kernel1_l2_42	update_halo_kernel1_l2
378	0.000021140	430528	ops_par_loop_update_halo_kernel1_l1_43	update_halo_kernel1_l1
379	0.000023124	430528	ops_par_loop_update_halo_kernel1_r2_44	update_halo_kernel1_r2
380	0.000022363	430528	ops_par_loop_update_halo_kernel1_r1_45	update_halo_kernel1_r1
381	0.000019487	123040	ops_par_loop_update_halo_kernel4_plus_4_a_66	update_halo_kernel4_plus_4_a
382	0.000019006	123040	ops_par_loop_update_halo_kernel4_plus_2_a_67	update_halo_kernel4_plus_2_a
383	0.000019417	123040	ops_par_loop_update_halo_kernel4_plus_4_b_68	update_halo_kernel4_plus_4_b
384	0.000018014	123040	ops_par_loop_update_halo_kernel4_plus_2_b_69	update_halo_kernel4_plus_2_b
385	0.000562729	591053440	ops_par_loop_advec_mom_kernel_y1_70	advec_mom_kernel_y1
386	0.000192165	236236864	ops_par_loop_advec_mom_kernel_mass_flux_y_71	advec_mom_kernel_mass_flux_y
387	0.000534576	590438520	ops_par_loop_advec_mom_kernel_post_pre_advec_y_72	advec_mom_kernel_post_pre_advec_y
388	0.000879240	472258640	ops_par_loop_advec_mom_kernel1_y_nonvector_73	advec_mom_kernel1_y_nonvector
389	0.000444284	590131240	ops_par_loop_advec_mom_kernel2_y_74	advec_mom_kernel2_y
390	0.000562579	591053440	ops_par_loop_advec_mom_kernel_y1_75	advec_mom_kernel_y1
391	0.000191704	236236864	ops_par_loop_advec_mom_kernel_mass_flux_y_76	advec_mom_kernel_mass_flux_y
392	0.000533003	590438520	ops_par_loop_advec_mom_kernel_post_pre_advec_y_77	advec_mom_kernel_post_pre_advec_y
393	0.000878729	472258640	ops_par_loop_advec_mom_kernel1_y_nonvector_78	advec_mom_kernel1_y_nonvector
394	0.000451307	590131240	ops_par_loop_advec_mom_kernel2_y_79	advec_mom_kernel2_y
395	0.000490040	472842752	ops_par_loop_advec_cell_kernel2_xdir_80	advec_cell_kernel2_xdir
396	0.000774231	708203544	ops_par_loop_advec_cell_kernel3_xdir_81	advec_cell_kernel3_xdir
397	0.001459923	1533542400	ops_par_loop_advec_cell_kernel4_xdir_82	advec_cell_kernel4_xdir
398	0.000024386	553536	ops_par_loop_group_58	update_halo_kernel1_b2+update_halo_kernel4_minus_4_a
399	0.000021632	553536	ops_par_loop_group_59	update_halo_kernel1_b1+update_halo_kernel4_minus_2_a
400	0.000022472	369120	ops_par_loop_group_60	update_halo_kernel2_xvel_plus_4_a+update_halo_kernel2_yvel_minus_4_a+update_halo_kernel3_plus_4_a
401	0.000021591	369120	ops_par_loop_group_61	update_halo_kernel2_xvel_plus_2_a+update_halo_kernel2_yvel_minus_2_a+update_halo_kernel3_plus_2_a
402	0.000019147	246080	ops_par_loop_group_62	update_halo_kernel2_xvel_plus_4_b+update_halo_kernel2_yvel_minus_4_b
403	0.000020379	369120	ops_par_loop_group_63	update_halo_kernel2_xvel_plus_2_b+update_halo_kernel2_yvel_minus_2_b+update_halo_kernel3_plus_4_b
404	0.000021571	246080	ops_par_loop_group_64	update_halo_kernel2_xvel_minus_4_b+update_halo_kernel2_yvel_plus_4_b
405	0.000019497	123040	ops_par_loop_update_halo_kernel3_plus_2_b_110	update_halo_kernel3_plus_2_b
406	0.000019828	123008	ops_par_loop_update_halo_kernel3_minus_4_b_113	update_halo_kernel3_minus_4_b
407	0.000018716	123008	ops_par_loop_update_halo_kernel4_minus_4_b_117	update_halo_kernel4_minus_4_b
408	0.000023835	553536	ops_par_loop_group_68	update_halo_kernel1_t2+update_halo_kernel4_minus_2_b
409	0.000022502	430528	ops_par_loop_update_halo_kernel1_t1_86	update_halo_kernel1_t1
410	0.000027622	553536	ops_par_loop_group_70	update_halo_kernel1_l2+update_halo_kernel3_minus_4_a
411	0.000024687	553536	ops_par_loop_group_71	update_halo_kernel1_l1+update_halo_kernel3_minus_2_a
412	0.000027011	553536	ops_par_loop_group_72	update_halo_kernel1_r2+update_halo_kernel3_minus_2_b
413	0.000022943	430528	ops_par_loop_update_halo_kernel1_r1_90	update_halo_kernel1_r1
414	0.000025258	369120	ops_par_loop_group_74	update_halo_kernel2_xvel_minus_4_a+update_halo_kernel2_yvel_plus_4_a+update_halo_kernel4_plus_4_a
415	0.000027452	369120	ops_par_loop_group_75	update_halo_kernel2_xvel_minus_2_a+update_halo_kernel2_yvel_plus_2_a+update_halo_kernel4_plus_2_a
416	0.000024717	369120	ops_par_loop_group_76	update_halo_kernel2_xvel_minus_2_b+update_halo_kernel2_yvel_plus_2_b+update_halo_kernel4_plus_4_b
417	0.000019347	123040	ops_par_loop_update_halo_kernel4_plus_2_b_122	update_halo_kernel4_plus_2_b
418	0.001792584	1416561152	ops_par_loop_group_78	advec_mom_kernel_x2+reset_field_kernel1+ideal_gas_kernel
419	0.000196824	236236864	ops_par_loop_advec_mom_kernel_mass_flux_x_124	advec_mom_kernel_mass_flux_x
420	0.000574371	590438520	ops_par_loop_advec_mom_kernel_post_pre_advec_x_125	advec_mom_kernel_post_pre_advec_x
421	0.000884129	472258640	ops_par_loop_advec_mom_kernel1_x_nonvector_126	advec_mom_kernel1_x_nonvector
422	0.000452189	590131240	ops_par_loop_advec_mom_kernel2_x_127	advec_mom_kernel2_x
423	0.000500240	472842752	ops_par_loop_advec_mom_kernel_x2_128	advec_mom_kernel_x2
424	0.000196483	236236864	ops_par_loop_advec_mom_kernel_mass_flux_x_129	advec_mom_kernel_mass_flux_x
425	0.000580873	590438520	ops_par_loop_advec_mom_kernel_post_pre_advec_x_130	advec_mom_kernel_post_pre_advec_x
426	0.000885181	472258640	ops_par_loop_advec_mom_kernel1_x_nonvector_131	advec_mom_kernel1_x_nonvector
427	0.000730988	1062236232	ops_par_loop_group_87	advec_mom_kernel2_x+reset_field_kernel2
428	0.000023274	430304	ops_par_loop_update_halo_kernel1_b1_136	update_halo_kernel1_b1
429	0.000022112	430304	ops_par_loop_update_halo_kernel1_t1_137	update_halo_kernel1_t1
430	0.000025458	430304	ops_par_loop_update_halo_kernel1_l1_138	update_halo_kernel1_l1
431	0.000025479	430304	ops_par_loop_update_halo_kernel1_r1_139	update_halo_kernel1_r1
432	0.000020519	245952	ops_par_loop_group_92	update_halo_kernel2_xvel_plus_2_a+update_halo_kernel2_yvel_minus_2_a
433	0.000019938	245952	ops_par_loop_group_93	update_halo_kernel2_xvel_plus_2_b+update_halo_kernel2_yvel_minus_2_b
434	0.000022493	245952	ops_par_loop_group_94	update_halo_kernel2_xvel_minus_2_a+update_halo_kernel2_yvel_plus_2_a
435	0.000023705	245952	ops_par_loop_group_95	update_halo_kernel2_xvel_minus_2_b+update_halo_kernel2_yvel_plus_2_b
436	0.001738622	589885440	ops_par_loop_viscosity_kernel_148	viscosity_kernel
437	0.000022873	430304	ops_par_loop_update_halo_kernel1_b1_149	update_halo_kernel1_b1
438	0.000022032	430304	ops_par_loop_update_halo_kernel1_t1_150	update_halo_kernel1_t1
439	0.000024877	430304	ops_par_loop_update_halo_kernel1_l1_151	update_halo_kernel1_l1
440	0.000023976	430304	ops_par_loop_update_halo_kernel1_r1_152	update_halo_kernel1_r1
441	0.000918775	1061744640	ops_par_loop_calc_dt_kernel_153	calc_dt_kernel
442	0.001495020	1887436800	ops_par_loop_group_0	PdV_kernel_predict+ideal_gas_kernel
443	0.000022543	430304	ops_par_loop_update_halo_kernel1_b1_2	update_halo_kernel1_b1
444	0.000020509	430304	ops_par_loop_update_halo_kernel1_t1_3	update_halo_kernel1_t1
445	0.000024897	430304	ops_par_loop_update_halo_kernel1_l1_4	update_halo_kernel1_l1
446	0.000023755	430304	ops_par_loop_update_halo_kernel1_r1_5	update_halo_kernel1_r1
447	0.001556596	1770147928	ops_par_loop_group_5	revert_kernel+accelerate_kernel
448	0.001354622	1651507200	ops_par_loop_PdV_kernel_nopredict_8	PdV_kernel_nopredict
449	0.000361115	471982080	ops_par_loop_flux_calc_kernelx_9	flux_calc_kernelx
450	0.000361086	471982080	ops_par_loop_flux_calc_kernely_10	flux_calc_kernely
451	0.000023033	553536	ops_par_loop_group_9	update_halo_kernel1_b2+update_halo_kernel4_minus_4_a
452	0.000021461	553536	ops_par_loop_group_10	update_halo_kernel1_b1+update_halo_kernel4_minus_2_a
453	0.000022793	369120	ops_par_loop_group_11	update_halo_kernel3_plus_4_a+update_halo_kernel2_xvel_plus_4_a+update_halo_kernel2_yvel_minus_4_a
454	0.000021310	369120	ops_par_loop_group_12	update_halo_kernel3_plus_2_a+update_halo_kernel2_xvel_plus_2_a+update_halo_kernel2_yvel_minus_2_a
455	0.000019357	123008	ops_par_loop_update_halo_kernel4_minus_4_b_29	update_halo_kernel4_minus_4_b
456	0.000020709	553536	ops_par_loop_group_14	update_halo_kernel1_t2+update_halo_kernel4_minus_2_b
457	0.000020149	430528	ops_par_loop_update_halo_kernel1_t1_14	update_halo_kernel1_t1
458	0.000019887	246080	ops_par_loop_group_16	update_halo_kernel2_xvel_plus_4_b+update_halo_kernel2_yvel_minus_4_b
459	0.000020519	369120	ops_par_loop_group_17	update_halo_kernel3_plus_4_b+update_halo_kernel2_xvel_plus_2_b+update_halo_kernel2_yvel_minus_2_b
460	0.000018676	123040	ops_par_loop_update_halo_kernel3_plus_2_b_22	update_halo_kernel3_plus_2_b
461	0.000025779	553536	ops_par_loop_group_19	update_halo_kernel1_l2+update_halo_kernel3_minus_4_a
462	0.000023094	553536	ops_par_loop_group_20	update_halo_kernel1_l1+update_halo_kernel3_minus_2_a
463	0.000019367	123008	ops_par_loop_update_halo_kernel3_minus_4_b_25	update_halo_kernel3_minus_4_b
464	0.000024376	553536	ops_par_loop_group_22	update_halo_kernel1_r2+update_halo_kernel3_minus_2_b
465	0.000021702	430528	ops_par_loop_update_halo_kernel1_r1_18	update_halo_kernel1_r1
466	0.000022973	369120	ops_par_loop_group_24	update_halo_kernel4_plus_4_a+update_halo_kernel2_xvel_minus_4_a+update_halo_kernel2_yvel_plus_4_a
467	0.000021491	369120	ops_par_loop_group_25	update_halo_kernel4_plus_2_a+update_halo_kernel2_xvel_minus_2_a+update_halo_kernel2_yvel_plus_2_a
468	0.000020870	246080	ops_par_loop_group_26	update_halo_kernel2_xvel_minus_4_b+update_halo_kernel2_yvel_plus_4_b
469	0.000022714	369120	ops_par_loop_group_27	update_halo_kernel4_plus_4_b+update_halo_kernel2_xvel_minus_2_b+update_halo_kernel2_yvel_plus_2_b
470	0.000018305	123040	ops_par_loop_update_halo_kernel4_plus_2_b_34	update_halo_kernel4_plus_2_b
471	0.000562439	591053440	ops_par_loop_advec_cell_kernel1_xdir_35	advec_cell_kernel1_xdir
472	0.000773249	708203544	ops_par_loop_advec_cell_kernel3_xdir_36	advec_cell_kernel3_xdir
473	0.001462768	1533542400	ops_par_loop_advec_cell_kernel4_xdir_37	advec_cell_kernel4_xdir
474	0.000021591	430528	ops_par_loop_update_halo_kernel1_b2_38	update_halo_kernel1_b2
475	0.000019557	430528	ops_par_loop_update_halo_kernel1_b1_39	update_halo_kernel1_b1
476	0.000019958	430528	ops_par_loop_update_halo_kernel1_t2_40	update_halo_kernel1_t2
477	0.000020329	430528	ops_par_loop_update_halo_kernel1_t1_41	update_halo_kernel1_t1
478	0.000018946	123040	ops_par_loop_update_halo_kernel3_plus_4_a_62	update_halo_kernel3_plus_4_a
479	0.000018255	123040	ops_par_loop_update_halo_kernel3_plus_2_a_63	update_halo_kernel3_plus_2_a
480	0.000017584	123040	ops_par_loop_update_halo_kernel3_plus_4_b_64	update_halo_kernel3_plus_4_b
481	0.000018275	123040	ops_par_loop_update_halo_kernel3_plus_2_b_65	update_halo_kernel3_plus_2_b
482	0.000026721	553536	ops_par_loop_group_40	update_halo_kernel1_l2+update_halo_kernel3_minus_4_a
483	0.000023404	553536	ops_par_loop_group_41	update_halo_kernel1_l1+update_halo_kernel3_minus_2_a
484	0.000018876	123008	ops_par_loop_update_halo_kernel3_minus_4_b_68	update_halo_kernel3_minus_4_b
485	0.000024817	553536	ops_par_loop_group_43	update_halo_kernel1_r2+update_halo_kernel3_minus_2_b
486	0.000021481	430528	ops_par_loop_update_halo_kernel1_r1_45	update_halo_kernel1_r1
487	0.000563881	591053440	ops_par_loop_advec_mom_kernel_x1_70	advec_mom_kernel_x1
488	0.000194379	236236864	ops_par_loop_advec_mom_kernel_mass_flux_x_71	advec_mom_kernel_mass_flux_x
489	0.000571796	590438520	ops_par_loop_advec_mom_kernel_post_pre_advec_x_72	advec_mom_kernel_post_pre_advec_x
490	0.000884270	472258640	ops_par_loop_advec_mom_kernel1_x_nonvector_73	advec_mom_kernel1_x_nonvector
491	0.000446838	590131240	ops_par_loop_advec_mom_kernel2_x_74	advec_mom_kernel2_x
492	0.000560835	591053440	ops_par_loop_advec_mom_kernel_x1_75	advec_mom_kernel_x1
493	0.000195661	236236864	ops_par_loop_advec_mom_kernel_mass_flux_x_76	advec_mom_kernel_mass_flux_x
494	0.000574301	590438520	ops_par_loop_advec_mom_kernel_post_pre_advec_x_77	advec_mom_kernel_post_pre_advec_x
495	0.000885922	472258640	ops_par_loop_advec_mom_kernel1_x_nonvector_78	advec_mom_kernel1_x_nonvector
496	0.000453742	590131240	ops_par_loop_advec_mom_kernel2_x_79	advec_mom_kernel2_x
497	0.000501032	472842752	ops_par_loop_advec_cell_kernel2_ydir_80	advec_cell_kernel2_ydir
498	0.000790752	708203544	ops_par_loop_advec_cell_kernel3_ydir_81	advec_cell_kernel3_ydir
499	0.001479150	1533542400	ops_par_loop_advec_cell_kernel4_ydir_82	advec_cell_kernel4_ydir
500	0.000023615	553536	ops_par_loop_group_58	update_halo_kernel1_b2+update_halo_kernel4_minus_4_a
501	0.000022593	553536	ops_par_loop_group_59	update_halo_kernel1_b1+update_halo_kernel4_minus_2_a
502	0.000022373	369120	ops_par_loop_group_60	update_halo_kernel2_xvel_plus_4_a+update_halo_kernel2_yvel_minus_4_a+update_halo_kernel3_plus_4_a
503	0.000021891	369120	ops_par_loop_group_61	update_halo_kernel2_xvel_plus_2_a+update_halo_kernel2_yvel_minus_2_a+update_halo_kernel3_plus_2_a
504	0.000018655	246080	ops_par_loop_group_62	update_halo_kernel2_xvel_plus_4_b+update_halo_kernel2_yvel_minus_4_b
505	0.000021921	369120	ops_par_loop_group_63	update_halo_kernel2_xvel_plus_2_b+update_halo_kernel2_yvel_minus_2_b+update_halo_kernel3_plus_4_b
506	0.000021231	246080	ops_par_loop_group_64	update_halo_kernel2_xvel_minus_4_b+update_halo_kernel2_yvel_plus_4_b
507	0.000020068	123040	ops_par_loop_update_halo_kernel3_plus_2_b_110	update_halo_kernel3_plus_2_b
508	0.000019477	123008	ops_par_loop_update_halo_kernel3_minus_4_b_113	update_halo_kernel3_minus_4_b
509	0.000018415	123008	ops_par_loop_update_halo_kernel4_minus_4_b_117	update_halo_kernel4_minus_4_b
510	0.000021571	553536	ops_par_loop_group_68	update_halo_kernel1_t2+update_halo_kernel4_minus_2_b
511	0.000020719	430528	ops_par_loop_update_halo_kernel1_t1_86	update_halo_kernel1_t1
512	0.000026691	553536	ops_par_loop_group_70	update_halo_kernel1_l2+update_halo_kernel3_minus_4_a
513	0.000023124	553536	ops_par_loop_group_71	update_halo_kernel1_l1+update_halo_kernel3_minus_2_a
514	0.000025328	553536	ops_par_loop_group_72	update_halo_kernel1_r2+update_halo_kernel3_minus_2_b
515	0.000021791	430528	ops_par_loop_update_halo_kernel1_r1_90	update_halo_kernel1_r1
516	0.000023144	369120	ops_par_loop_group_74	update_halo_kernel2_xvel_minus_4_a+update_halo_kernel2_yvel_plus_4_a+update_halo_kernel4_plus_4_a
517	0.000021742	369120	ops_par_loop_group_75	update_halo_kernel2_xvel_minus_2_a+update_halo_kernel2_yvel_plus_2_a+update_halo_kernel4_plus_2_a
518	0.000022693	369120	ops_par_loop_group_76	update_halo_kernel2_xvel_minus_2_b+update_halo_kernel2_yvel_plus_2_b+update_halo_kernel4_plus_4_b
519	0.000018726	123040	ops_par_loop_update_halo_kernel4_plus_2_b_122	update_halo_kernel4_plus_2_b
520	0.001785782	1416561152	ops_par_loop_group_78	advec_mom_kernel_y2+reset_field_kernel1+ideal_gas_kernel
521	0.000194439	236236864	ops_par_loop_advec_mom_kernel_mass_flux_y_124	advec_mom_kernel_mass_flux_y
522	0.000532842	590438520	ops_par_loop_advec_mom_kernel_post_pre_advec_y_125	advec_mom_kernel_post_pre_advec_y
523	0.000879441	472258640	ops_par_loop_advec_mom_kernel1_y_nonvector_126	advec_mom_kernel1_y_nonvector
524	0.000453361	590131240	ops_par_loop_advec_mom_kernel2_y_127	advec_mom_kernel2_y
525	0.000493337	472842752	ops_par_loop_advec_mom_kernel_y2_128	advec_mom_kernel_y2
526	0.000192655	236236864	ops_par_loop_advec_mom_kernel_mass_flux_y_129	advec_mom_kernel_mass_flux_y
527	0.000534184	590438520	ops_par_loop_advec_mom_kernel_post_pre_advec_y_130	advec_mom_kernel_post_pre_advec_y
528	0.000878528	472258640	ops_par_loop_advec_mom_kernel1_y_nonvector_131	advec_mom_kernel1_y_nonvector
529	0.000735507	1062236232	ops_par_loop_group_87	advec_mom_kernel2_y+reset_field_kernel2
530	0.000022743	430304	ops_par_loop_update_halo_kernel1_b1_136	update_halo_kernel1_b1
531	0.000021420	430304	ops_par_loop_update_halo_kernel1_t1_137	update_halo_kernel1_t1
532	0.000024406	430304	ops_par_loop_update_halo_kernel1_l1_138	update_halo_kernel1_l1
533	0.000023925	430304	ops_par_loop_update_halo_kernel1_r1_139	update_halo_kernel1_r1
534	0.000019718	245952	ops_par_loop_group_92	update_halo_kernel2_xvel_plus_2_a+update_halo_kernel2_yvel_minus_2_a
535	0.000020209	245952	ops_par_loop_group_93	update_halo_kernel2_xvel_plus_2_b+update_halo_kernel2_yvel_minus_2_b
536	0.000020829	245952	ops_par_loop_group_94	update_halo_kernel2_xvel_minus_2_a+update_halo_kernel2_yvel_plus_2_a
537	0.000021841	245952	ops_par_loop_group_95	update_halo_kernel2_xvel_minus_2_b+update_halo_kernel2_yvel_plus_2_b
538	0.001740215	589885440	ops_par_loop_viscosity_kernel_148	viscosity_kernel
539	0.000023354	430304	ops_par_loop_update_halo_kernel1_b1_149	update_halo_kernel1_b1
540	0.000021020	430304	ops_par_loop_update_halo_kernel1_t1_150	update_halo_kernel1_t1
541	0.000023084	430304	ops_par_loop_update_halo_kernel1_l1_151	update_halo_kernel1_l1
542	0.000023395	430304	ops_par_loop_update_halo_kernel1_r1_152	update_halo_kernel1_r1
543	0.000919707	1061744640	ops_par_loop_calc_dt_kernel_153	calc_dt_kernel
544	0.001484069	1887436800	ops_par_loop_group_0	PdV_kernel_predict+ideal_gas_kernel
545	0.000022072	430304	ops_par_loop_update_halo_kernel1_b1_2	update_halo_kernel1_b1
546	0.000019928	430304	ops_par_loop_update_halo_kernel1_t1_3	update_halo_kernel1_t1
547	0.000023986	430304	ops_par_loop_update_halo_kernel1_l1_4	update_halo_kernel1_l1
548	0.000023365	430304	ops_par_loop_update_halo_kernel1_r1_5	update_halo_kernel1_r1
549	0.001556516	1770147928	ops_par_loop_group_5	revert_kernel+accelerate_kernel
550	0.001355374	1651507200	ops_par_loop_PdV_kernel_nopredict_8	PdV_kernel_nopredict
551	0.000360215	471982080	ops_par_loop_flux_calc_kernelx_9	flux_calc_kernelx
552	0.000358180	471982080	ops_par_loop_flux_calc_kernely_10	flux_calc_kernely
553	0.000025278	553536	ops_par_loop_group_9	update_halo_kernel1_b2+update_halo_kernel4_minus_4_a
554	0.000025097	553536	ops_par_loop_group_10	update_halo_kernel1_b1+update_halo_kernel4_minus_2_a
555	0.000022593	369120	ops_par_loop_group_11	update_halo_kernel3_plus_4_a+update_halo_kernel2_xvel_plus_4_a+update_halo_kernel2_yvel_minus_4_a
556	0.000023064	369120	ops_par_loop_group_12	update_halo_kernel3_plus_2_a+update_halo_kernel2_xvel_plus_2_a+update_halo_kernel2_yvel_minus_2_a
557	0.000020259	123008	ops_par_loop_update_halo_kernel4_minus_4_b_29	update_halo_kernel4_minus_4_b
558	0.000023495	553536	ops_par_loop_group_14	update_halo_kernel1_t2+update_halo_kernel4_minus_2_b
559	0.000022623	430528	ops_par_loop_update_halo_kernel1_t1_14	update_halo_kernel1_t1
560	0.000021500	246080	ops_par_loop_group_16	update_halo_kernel2_xvel_plus_4_b+update_halo_kernel2_yvel_minus_4_b
561	0.000023285	369120	ops_par_loop_group_17	update_halo_kernel3_plus_4_b+update_halo_kernel2_xvel_plus_2_b+update_halo_kernel2_yvel_minus_2_b
562	0.000020278	123040	ops_par_loop_update_halo_kernel3_plus_2_b_22	update_halo_kernel3_plus_2_b
563	0.000027863	553536	ops_par_loop_group_19	update_halo_kernel1_l2+update_halo_kernel3_minus_4_a
564	0.000025228	553536	ops_par_loop_group_20	update_halo_kernel1_l1+update_halo_kernel3_minus_2_a
565	0.000019447	123008	ops_par_loop_update_halo_kernel3_minus_4_b_25	update_halo_kernel3_minus_4_b
566	0.000026801	553536	ops_par_loop_group_22	update_halo_kernel1_r2+update_halo_kernel3_minus_2_b
567	0.000028825	430528	ops_par_loop_update_halo_kernel1_r1_18	update_halo_kernel1_r1
568	0.000025128	369120	ops_par_loop_group_24	update_halo_kernel4_plus_4_a+update_halo_kernel2_xvel_minus_4_a+update_halo_kernel2_yvel_plus_4_a
569	0.000023695	369120	ops_par_loop_group_25	update_halo_kernel4_plus_2_a+update_halo_kernel2_xvel_minus_2_a+update_halo_kernel2_yvel_plus_2_a
570	0.000022102	246080	ops_par_loop_group_26	update_halo_kernel2_xvel_minus_4_b+update_halo_kernel2_yvel_plus_4_b
571	0.000026029	369120	ops_par_loop_group_27	update_halo_kernel4_plus_4_b+update_halo_kernel2_xvel_minus_2_b+update_halo_kernel2_yvel_plus_2_b
572	0.000020519	123040	ops_par_loop_update_halo_kernel4_plus_2_b_34	update_halo_kernel4_plus_2_b
573	0.000564262	591053440	ops_par_loop_advec_cell_kernel1_ydir_35	advec_cell_kernel1_ydir
574	0.000804548	708203544	ops_par_loop_advec_cell_kernel3_ydir_36	advec_cell_kernel3_ydir
575	0.001470804	1533542400	ops_par_loop_advec_cell_kernel4_ydir_37	advec_cell_kernel4_ydir
576	0.000022583	553536	ops_par_loop_group_32	update_halo_kernel1_b2+update_halo_kernel4_minus_4_a
577	0.000022513	553536	ops_par_loop_group_33	update_halo_kernel1_b1+update_halo_kernel4_minus_2_a
578	0.000018154	123008	ops_par_loop_update_halo_kernel4_minus_4_b_64	update_halo_kernel4_minus_4_b
579	0.000021952	553536	ops_par_loop_group_35	update_halo_kernel1_t2+update_halo_kernel4_minus_2_b
580	0.000020970	430528	ops_par_loop_update_halo_kernel1_t1_41	update_halo_kernel1_t1
581	0.000023615	430528	ops_par_loop_update_halo_kernel1_l2_42	update_halo_kernel1_l2
582	0.000021862	430528	ops_par_loop_update_halo_kernel1_l1_43	update_halo_kernel1_l1
583	0.000024456	430528	ops_par_loop_update_halo_kernel1_r2_44	update_halo_kernel1_r2
584	0.000021601	430528	ops_par_loop_update_halo_kernel1_r1_45	update_halo_kernel1_r1
585	0.000019507	123040	ops_par_loop_update_halo_kernel4_plus_4_a_66	update_halo_kernel4_plus_4_a
586	0.000019537	123040	ops_par_loop_update_halo_kernel4_plus_2_a_67	update_halo_kernel4_plus_2_a
587	0.000019737	123040	ops_par_loop_update_halo_kernel4_plus_4_b_68	update_halo_kernel4_plus_4_b
588	0.000018184	123040	ops_par_loop_update_halo_kernel4_plus_2_b_69	update_halo_kernel4_plus_2_b
589	0.000561276	591053440	ops_par_loop_advec_mom_kernel_y1_70	advec_mom_kernel_y1
590	0.000198788	236236864	ops_par_loop_advec_mom_kernel_mass_flux_y_71	advec_mom_kernel_mass_flux_y
591	0.000532932	590438520	ops_par_loop_advec_mom_kernel_post_pre_advec_y_72	advec_mom_kernel_post_pre_advec_y
592	0.000879540	472258640	ops_par_loop_advec_mom_kernel1_y_nonvector_73	advec_mom_kernel1_y_nonvector
593	0.000452349	590131240	ops_par_loop_advec_mom_kernel2_y_74	advec_mom_kernel2_y
594	0.000562038	591053440	ops_par_loop_advec_mom_kernel_y1_75	advec_mom_kernel_y1
595	0.000192426	236236864	ops_par_loop_advec_mom_kernel_mass_flux_y_76	advec_mom_kernel_mass_flux_y
596	0.000534735	590438520	ops_par_loop_advec_mom_kernel_post_pre_advec_y_77	advec_mom_kernel_post_pre_advec_y
597	0.000879460	472258640	ops_par_loop_advec_mom_kernel1_y_nonvector_78	advec_mom_kernel1_y_nonvector
598	0.000452860	590131240	ops_par_loop_advec_mom_kernel2_y_79	advec_mom_kernel2_y
599	0.000491263	472842752	ops_par_loop_advec_cell_kernel2_xdir_80	advec_cell_kernel2_xdir
600	0.000774100	708203544	ops_par_loop_advec_cell_kernel3_xdir_81	advec_cell_kernel3_xdir
601	0.001455625	1533542400	ops_par_loop_advec_cell_kernel4_xdir_82	advec_cell_kernel4_xdir
602	0.000022763	553536	ops_par_loop_group_58	update_halo_kernel1_b2+update_halo_kernel4_minus_4_a
603	0.000022001	553536	ops_par_loop_group_59	update_halo_kernel1_b1+update_halo_kernel4_minus_2_a
604	0.000022372	369120	ops_par_loop_group_60	update_halo_kernel2_xvel_plus_4_a+update_halo_kernel2_yvel_minus_4_a+update_halo_kernel3_plus_4_a
605	0.000021460	369120	ops_par_loop_group_61	update_halo_kernel2_xvel_plus_2_a+update_halo_kernel2_yvel_minus_2_a+update_halo_kernel3_plus_2_a
606	0.000019076	246080	ops_par_loop_group_62	update_halo_kernel2_xvel_plus_4_b+update_halo_kernel2_yvel_minus_4_b
607	0.000022172	369120	ops_par_loop_group_63	update_halo_kernel2_xvel_plus_2_b+update_halo_kernel2_yvel_minus_2_b+update_halo_kernel3_plus_4_b
608	0.000022532	246080	ops_par_loop_group_64	update_halo_kernel2_xvel_minus_4_b+update_halo_kernel2_yvel_plus_4_b
609	0.000019407	123040	ops_par_loop_update_halo_kernel3_plus_2_b_110	update_halo_kernel3_plus_2_b
610	0.000018916	123008	ops_par_loop_update_halo_kernel3_minus_4_b_113	update_halo_kernel3_minus_4_b
611	0.000018555	123008	ops_par_loop_update_halo_kernel4_minus_4_b_117	update_halo_kernel4_minus_4_b
612	0.000021631	553536	ops_par_loop_group_68	update_halo_kernel1_t2+update_halo_kernel4_minus_2_b
613	0.000020729	430528	ops_par_loop_update_halo_kernel1_t1_86	update_halo_kernel1_t1
614	0.000027502	553536	ops_par_loop_group_70	update_halo_kernel1_l2+update_halo_kernel3_minus_4_a
615	0.000023876	553536	ops_par_loop_group_71	update_halo_kernel1_l1+update_halo_kernel3_minus_2_a
616	0.000024798	553536	ops_par_loop_group_72	update_halo_kernel1_r2+update_halo_kernel3_minus_2_b
617	0.000021962	430528	ops_par_loop_update_halo_kernel1_r1_90	update_halo_kernel1_r1
618	0.000025308	369120	ops_par_loop_group_74	update_halo_kernel2_xvel_minus_4_a+update_halo_kernel2_yvel_plus_4_a+update_halo_kernel4_plus_4_a
619	0.000022342	369120	ops_par_loop_group_75	update_halo_kernel2_xvel_minus_2_a+update_halo_kernel2_yvel_plus_2_a+update_halo_kernel4_plus_2_a
620	0.000023665	369120	ops_par_loop_group_76	update_halo_kernel2_xvel_minus_2_b+update_halo_kernel2_yvel_plus_2_b+update_halo_kernel4_plus_4_b
621	0.000019477	123040	ops_par_loop_update_halo_kernel4_plus_2_b_122	update_halo_kernel4_plus_2_b
622	0.001789269	1416561152	ops_par_loop_group_78	advec_mom_kernel_x2+reset_field_kernel1+ideal_gas_kernel
623	0.000196453	236236864	ops_par_loop_advec_mom_kernel_mass_flux_x_124	advec_mom_kernel_mass_flux_x
624	0.000578198	590438520	ops_par_loop_advec_mom_kernel_post_pre_advec_x_125	advec_mom_kernel_post_pre_advec_x
625	0.000885803	472258640	ops_par_loop_advec_mom_kernel1_x_nonvector_126	advec_mom_kernel1_x_nonvector
626	0.000445005	590131240	ops_par_loop_advec_mom_kernel2_x_127	advec_mom_kernel2_x
627	0.000499158	472842752	ops_par_loop_advec_mom_kernel_x2_128	advec_mom_kernel_x2
628	0.000195452	236236864	ops_par_loop_advec_mom_kernel_mass_flux_x_129	advec_mom_kernel_mass_flux_x
629	0.000575392	590438520	ops_par_loop_advec_mom_kernel_post_pre_advec_x_130	advec_mom_kernel_post_pre_advec_x
630	0.000885211	472258640	ops_par_loop_advec_mom_kernel1_x_nonvector_131	advec_mom_kernel1_x_nonvector
631	0.000728684	1062236232	ops_par_loop_group_87	advec_mom_kernel2_x+reset_field_kernel2
632	0.000029316	430304	ops_par_loop_update_halo_kernel1_b1_136	update_halo_kernel1_b1
633	0.000020909	430304	ops_par_loop_update_halo_kernel1_t1_137	update_halo_kernel1_t1
634	0.000024296	430304	ops_par_loop_update_halo_kernel1_l1_138	update_halo_kernel1_l1
635	0.000024737	430304	ops_par_loop_update_halo_kernel1_r1_139	update_halo_kernel1_r1
636	0.000019807	245952	ops_par_loop_group_92	update_halo_kernel2_xvel_plus_2_a+update_halo_kernel2_yvel_minus_2_a
637	0.000019116	245952	ops_par_loop_group_93	update_halo_kernel2_xvel_plus_2_b+update_halo_kernel2_yvel_minus_2_b
638	0.000021571	245952	ops_par_loop_group_94	update_halo_kernel2_xvel_minus_2_a+update_halo_kernel2_yvel_plus_2_a
639	0.000021591	245952	ops_par_loop_group_95	update_halo_kernel2_xvel_minus_2_b+update_halo_kernel2_yvel_plus_2_b
640	0.001738522	589885440	ops_par_loop_viscosity_kernel_148	viscosity_kernel
641	0.000021260	430304	ops_par_loop_update_halo_kernel1_b1_149	update_halo_kernel1_b1
642	0.000020810	430304	ops_par_loop_update_halo_kernel1_t1_150	update_halo_kernel1_t1
643	0.000023614	430304	ops_par_loop_update_halo_kernel1_l1_151	update_halo_kernel1_l1
644	0.000023575	430304	ops_par_loop_update_halo_kernel1_r1_152	update_halo_kernel1_r1
645	0.000919817	1061744640	ops_par_loop_calc_dt_kernel_153	calc_dt_kernel
646	0.001505760	1887436800	ops_par_loop_group_0	PdV_kernel_predict+ideal_gas_kernel
647	0.000022232	430304	ops_par_loop_update_halo_kernel1_b1_2	update_halo_kernel1_b1
648	0.000019798	430304	ops_par_loop_update_halo_kernel1_t1_3	update_halo_kernel1_t1
649	0.000023504	430304	ops_par_loop_update_halo_kernel1_l1_4	update_halo_kernel1_l1
650	0.000023384	430304	ops_par_loop_update_halo_kernel1_r1_5	update_halo_kernel1_r1
651	0.001558800	1770147928	ops_par_loop_group_5	revert_kernel+accelerate_kernel
652	0.001360735	1651507200	ops_par_loop_PdV_kernel_nopredict_8	PdV_kernel_nopredict
653	0.000360515	471982080	ops_par_loop_flux_calc_kernelx_9	flux_calc_kernelx
654	0.000358250	471982080	ops_par_loop_flux_calc_kernely_10	flux_calc_kernely
655	0.000022032	553536	ops_par_loop_group_9	update_halo_kernel1_b2+update_halo_kernel4_minus_4_a
656	0.000020339	553536	ops_par_loop_group_10	update_halo_kernel1_b1+update_halo_kernel4_minus_2_a
657	0.000020950	369120	ops_par_loop_group_11	update_halo_kernel3_plus_4_a+update_halo_kernel2_xvel_plus_4_a+update_halo_kernel2_yvel_minus_4_a
658	0.000020629	369120	ops_par_loop_group_12	update_halo_kernel3_plus_2_a+update_halo_kernel2_xvel_plus_2_a+update_halo_kernel2_yvel_minus_2_a
659	0.000018555	123008	ops_par_loop_update_halo_kernel4_minus_4_b_29	update_halo_kernel4_minus_4_b
660	0.000021190	553536	ops_par_loop_group_14	update_halo_kernel1_t2+update_halo_kernel4_minus_2_b
661	0.000020188	430528	ops_par_loop_update_halo_kernel1_t1_14	update_halo_kernel1_t1
662	0.000019527	246080	ops_par_loop_group_16	update_halo_kernel2_xvel_plus_4_b+update_halo_kernel2_yvel_minus_4_b
663	0.000019998	369120	ops_par_loop_group_17	update_halo_kernel3_plus_4_b+update_halo_kernel2_xvel_plus_2_b+update_halo_kernel2_yvel_minus_2_b
664	0.000019166	123040	ops_par_loop_update_halo_kernel3_plus_2_b_22	update_halo_kernel3_plus_2_b
665	0.000025328	553536	ops_par_loop_group_19	update_halo_kernel1_l2+update_halo_kernel3_minus_4_a
666	0.000022512	553536	ops_par_loop_group_20	update_halo_kernel1_l1+update_halo_kernel3_minus_2_a
667	0.000019077	123008	ops_par_loop_update_halo_kernel3_minus_4_b_25	update_halo_kernel3_minus_4_b
668	0.000023554	553536	ops_par_loop_group_22	update_halo_kernel1_r2+update_halo_kernel3_minus_2_b
669	0.000021351	430528	ops_par_loop_update_halo_kernel1_r1_18	update_halo_kernel1_r1
670	0.000022874	369120	ops_par_loop_group_24	update_halo_kernel4_plus_4_a+update_halo_kernel2_xvel_minus_4_a+update_halo_kernel2_yvel_plus_4_a
671	0.000021381	369120	ops_par_loop_group_25	update_halo_kernel4_plus_2_a+update_halo_kernel2_xvel_minus_2_a+update_halo_kernel2_yvel_plus_2_a
672	0.000020569	246080	ops_par_loop_group_26	update_halo_kernel2_xvel_minus_4_b+update_halo_kernel2_yvel_plus_4_b
673	0.000022012	369120	ops_par_loop_group_27	update_halo_kernel4_plus_4_b+update_halo_kernel2_xvel_minus_2_b+update_halo_kernel2_yvel_plus_2_b
674	0.000018164	123040	ops_par_loop_update_halo_kernel4_plus_2_b_34	update_halo_kernel4_plus_2_b
675	0.000564081	591053440	ops_par_loop_advec_cell_kernel1_xdir_35	advec_cell_kernel1_xdir
676	0.000773670	708203544	ops_par_loop_advec_cell_kernel3_xdir_36	advec_cell_kernel3_xdir
677	0.001457598	1533542400	ops_par_loop_advec_cell_kernel4_xdir_37	advec_cell_kernel4_xdir
678	0.000021681	430528	ops_par_loop_update_halo_kernel1_b2_38	update_halo_kernel1_b2
679	0.000019477	430528	ops_par_loop_update_halo_kernel1_b1_39	update_halo_kernel1_b1
680	0.000020439	430528	ops_par_loop_update_halo_kernel1_t2_40	update_halo_kernel1_t2
681	0.000019417	430528	ops_par_loop_update_halo_kernel1_t1_41	update_halo_kernel1_t1
682	0.000018274	123040	ops_par_loop_update_halo_kernel3_plus_4_a_62	update_halo_kernel3_plus_4_a
683	0.000018284	123040	ops_par_loop_update_halo_kernel3_plus_2_a_63	update_halo_kernel3_plus_2_a
684	0.000017533	123040	ops_par_loop_update_halo_kernel3_plus_4_b_64	update_halo_kernel3_plus_4_b
685	0.000018325	123040	ops_par_loop_update_halo_kernel3_plus_2_b_65	update_halo_kernel3_plus_2_b
686	0.000027012	553536	ops_par_loop_group_40	update_halo_kernel1_l2+update_halo_kernel3_minus_4_a
687	0.000023374	553536	ops_par_loop_group_41	update_halo_kernel1_l1+update_halo_kernel3_minus_2_a
688	0.000019817	123008	ops_par_loop_update_halo_kernel3_minus_4_b_68	update_halo_kernel3_minus_4_b
689	0.000024216	553536	ops_par_loop_group_43	update_halo_kernel1_r2+update_halo_kernel3_minus_2_b
690	0.000020709	430528	ops_par_loop_update_halo_kernel1_r1_45	update_halo_kernel1_r1
691	0.000561717	591053440	ops_par_loop_advec_mom_kernel_x1_70	advec_mom_kernel_x1
692	0.000193818	236236864	ops_par_loop_advec_mom_kernel_mass_flux_x_71	advec_mom_kernel_mass_flux_x
693	0.000575012	590438520	ops_par_loop_advec_mom_kernel_post_pre_advec_x_72	advec_mom_kernel_post_pre_advec_x
694	0.000889219	472258640	ops_par_loop_advec_mom_kernel1_x_nonvector_73	advec_mom_kernel1_x_nonvector
695	0.000444925	590131240	ops_par_loop_advec_mom_kernel2_x_74	advec_mom_kernel2_x
696	0.000562178	591053440	ops_par_loop_advec_mom_kernel_x1_75	advec_mom_kernel_x1
697	0.000193858	236236864	ops_par_loop_advec_mom_kernel_mass_flux_x_76	advec_mom_kernel_mass_flux_x
698	0.000576405	590438520	ops_par_loop_advec_mom_kernel_post_pre_advec_x_77	advec_mom_kernel_post_pre_advec_x
699	0.000884550	472258640	ops_par_loop_advec_mom_kernel1_x_nonvector_78	advec_mom_kernel1_x_nonvector
700	0.000449644	590131240	ops_par_loop_advec_mom_kernel2_x_79	advec_mom_kernel2_x
701	0.000499298	472842752	ops_par_loop_advec_cell_kernel2_ydir_80	advec_cell_kernel2_ydir
702	0.000792024	708203544	ops_par_loop_advec_cell_kernel3_ydir_81	advec_cell_kernel3_ydir
703	0.001475733	1533542400	ops_par_loop_advec_cell_kernel4_ydir_82	advec_cell_kernel4_ydir
704	0.000028815	553536	ops_par_loop_group_58	update_halo_kernel1_b2+update_halo_kernel4_minus_4_a
705	0.000022082	553536	ops_par_loop_group_59	update_halo_kernel1_b1+update_halo_kernel4_minus_2_a
706	0.000022052	369120	ops_par_loop_group_60	update_halo_kernel2_xvel_plus_4_a+update_halo_kernel2_yvel_minus_4_a+update_halo_kernel3_plus_4_a
707	0.000021702	369120	ops_par_loop_group_61	update_halo_kernel2_xvel_plus_2_a+update_halo_kernel2_yvel_minus_2_a+update_halo_kernel3_plus_2_a
708	0.000020509	246080	ops_par_loop_group_62	update_halo_kernel2_xvel_plus_4_b+update_halo_kernel2_yvel_minus_4_b
709	0.000021811	369120	ops_par_loop_group_63	update_halo_kernel2_xvel_plus_2_b+update_halo_kernel2_yvel_minus_2_b+update_halo_kernel3_plus_4_b
710	0.000023334	246080	ops_par_loop_group_64	update_halo_kernel2_xvel_minus_4_b+update_halo_kernel2_yvel_plus_4_b
711	0.000020038	123040	ops_par_loop_update_halo_kernel3_plus_2_b_110	update_halo_kernel3_plus_2_b
712	0.000020018	123008	ops_par_loop_update_halo_kernel3_minus_4_b_113	update_halo_kernel3_minus_4_b
713	0.000018225	123008	ops_par_loop_update_halo_kernel4_minus_4_b_117	update_halo_kernel4_minus_4_b
714	0.000021932	553536	ops_par_loop_group_68	update_halo_kernel1_t2+update_halo_kernel4_minus_2_b
715	0.000020889	430528	ops_par_loop_update_halo_kernel1_t1_86	update_halo_kernel1_t1
716	0.000027252	553536	ops_par_loop_group_70	update_halo_kernel1_l2+update_halo_kernel3_minus_4_a
717	0.000023114	553536	ops_par_loop_group_71	update_halo_kernel1_l1+update_halo_kernel3_minus_2_a
718	0.000025138	553536	ops_par_loop_group_72	update_halo_kernel1_r2+update_halo_kernel3_minus_2_b
719	0.000022142	430528	ops_par_loop_update_halo_kernel1_r1_90	update_halo_kernel1_r1
720	0.000023204	369120	ops_par_loop_group_74	update_halo_kernel2_xvel_minus_4_a+update_halo_kernel2_yvel_plus_4_a+update_halo_kernel4_plus_4_a
721	0.000021942	369120	ops_par_loop_group_75	update_halo_kernel2_xvel_minus_2_a+update_halo_kernel2_yvel_plus_2_a+update_halo_kernel4_plus_2_a
722	0.000022372	369120	ops_par_loop_group_76	update_halo_kernel2_xvel_minus_2_b+update_halo_kernel2_yvel_plus_2_b+update_halo_kernel4_plus_4_b
723	0.000019166	123040	ops_par_loop_update_halo_kernel4_plus_2_b_122	update_halo_kernel4_plus_2_b
724	0.001796121	1416561152	ops_par_loop_group_78	advec_mom_kernel_y2+reset_field_kernel1+ideal_gas_kernel
725	0.000194840	236236864	ops_par_loop_advec_mom_kernel_mass_flux_y_124	advec_mom_kernel_mass_flux_y
726	0.000531199	590438520	ops_par_loop_advec_mom_kernel_post_pre_advec_y_125	advec_mom_kernel_post_pre_advec_y
727	0.000879451	472258640	ops_par_loop_advec_mom_kernel1_y_nonvector_126	advec_mom_kernel1_y_nonvector
728	0.000449373	590131240	ops_par_loop_advec_mom_kernel2_y_127	advec_mom_kernel2_y
729	0.000489259	472842752	ops_par_loop_advec_mom_kernel_y2_128	advec_mom_kernel_y2
730	0.000191644	236236864	ops_par_loop_advec_mom_kernel_mass_flux_y_129	advec_mom_kernel_mass_flux_y
731	0.000533183	590438520	ops_par_loop_advec_mom_kernel_post_pre_advec_y_130	advec_mom_kernel_post_pre_advec_y
732	0.000878418	472258640	ops_par_loop_advec_mom_kernel1_y_nonvector_131	advec_mom_kernel1_y_nonvector
733	0.000731038	1062236232	ops_par_loop_group_87	advec_mom_kernel2_y+reset_field_kernel2
734	0.000022252	430304	ops_par_loop_update_halo_kernel1_b1_136	update_halo_kernel1_b1
735	0.000020890	430304	ops_par_loop_update_halo_kernel1_t1_137	update_halo_kernel1_t1
736	0.000023043	430304	ops_par_loop_update_halo_kernel1_l1_138	update_halo_kernel1_l1
737	0.000023215	430304	ops_par_loop_update_halo_kernel1_r1_139	update_halo_kernel1_r1
738	0.000020279	245952	ops_par_loop_group_92	update_halo_kernel2_xvel_plus_2_a+update_halo_kernel2_yvel_minus_2_a
739	0.000018786	245952	ops_par_loop_group_93	update_halo_kernel2_xvel_plus_2_b+update_halo_kernel2_yvel_minus_2_b
740	0.000021571	245952	ops_par_loop_group_94	update_halo_kernel2_xvel_minus_2_a+update_halo_kernel2_yvel_plus_2_a
741	0.000021651	245952	ops_par_loop_group_95	update_halo_kernel2_xvel_minus_2_b+update_halo_kernel2_yvel_plus_2_b
742	0.001737921	589885440	ops_par_loop_viscosity_kernel_148	viscosity_kernel
743	0.000021892	430304	ops_par_loop_update_halo_kernel1_b1_149	update_halo_kernel1_b1
744	0.000020559	430304	ops_par_loop_update_halo_kernel1_t1_150	update_halo_kernel1_t1
745	0.000023395	430304	ops_par_loop_update_halo_kernel1_l1_151	update_halo_kernel1_l1
746	0.000023044	430304	ops_par_loop_update_halo_kernel1_r1_152	update_halo_kernel1_r1
747	0.000920137	1061744640	ops_par_loop_calc_dt_kernel_153	calc_dt_kernel
748	0.001490681	1887436800	ops_par_loop_group_0	PdV_kernel_predict+ideal_gas_kernel
749	0.000022653	430304	ops_par_loop_update_halo_kernel1_b1_2	update_halo_kernel1_b1
750	0.000019186	430304	ops_par_loop_update_halo_kernel1_t1_3	update_halo_kernel1_t1
751	0.000023595	430304	ops_par_loop_update_halo_kernel1_l1_4	update_halo_kernel1_l1
752	0.000023395	430304	ops_par_loop_update_halo_kernel1_r1_5	update_halo_kernel1_r1
753	0.001560965	1770147928	ops_par_loop_group_5	revert_kernel+accelerate_kernel
754	0.001357879	1651507200	ops_par_loop_PdV_kernel_nopredict_8	PdV_kernel_nopredict
755	0.000363991	471982080	ops_par_loop_flux_calc_kernelx_9	flux_calc_kernelx
756	0.000356527	471982080	ops_par_loop_flux_calc_kernely_10	flux_calc_kernely
757	0.000022452	553536	ops_par_loop_group_9	update_halo_kernel1_b2+update_halo_kernel4_minus_4_a
758	0.000020779	553536	ops_par_loop_group_10	update_halo_kernel1_b1+update_halo_kernel4_minus_2_a
759	0.000021651	369120	ops_par_loop_group_11	update_halo_kernel3_plus_4_a+update_halo_kernel2_xvel_plus_4_a+update_halo_kernel2_yvel_minus_4_a
760	0.000019817	369120	ops_par_loop_group_12	update_halo_kernel3_plus_2_a+update_halo_kernel2_xvel_plus_2_a+update_halo_kernel2_yvel_minus_2_a
761	0.000018385	123008	ops_par_loop_update_halo_kernel4_minus_4_b_29	update_halo_kernel4_minus_4_b
762	0.000020930	553536	ops_par_loop_group_14	update_halo_kernel1_t2+update_halo_kernel4_minus_2_b
763	0.000020279	430528	ops_par_loop_update_halo_kernel1_t1_14	update_halo_kernel1_t1
764	0.000019477	246080	ops_par_loop_group_16	update_halo_kernel2_xvel_plus_4_b+update_halo_kernel2_yvel_minus_4_b
765	0.000019868	369120	ops_par_loop_group_17	update_halo_kernel3_plus_4_b+update_halo_kernel2_xvel_plus_2_b+update_halo_kernel2_yvel_minus_2_b
766	0.000018074	123040	ops_par_loop_update_halo_kernel3_plus_2_b_22	update_halo_kernel3_plus_2_b
767	0.000026330	553536	ops_par_loop_group_19	update_halo_kernel1_l2+update_halo_kernel3_minus_4_a
768	0.000023174	553536	ops_par_loop_group_20	update_halo_kernel1_l1+update_halo_kernel3_minus_2_a
769	0.000018074	123008	ops_par_loop_update_halo_kernel3_minus_4_b_25	update_halo_kernel3_minus_4_b
770	0.000024777	553536	ops_par_loop_group_22	update_halo_kernel1_r2+update_halo_kernel3_minus_2_b
771	0.000021411	430528	ops_par_loop_update_halo_kernel1_r1_18	update_halo_kernel1_r1
772	0.000022894	369120	ops_par_loop_group_24	update_halo_kernel4_plus_4_a+update_halo_kernel2_xvel_minus_4_a+update_halo_kernel2_yvel_plus_4_a
773	0.000022122	369120	ops_par_loop_group_25	update_halo_kernel4_plus_2_a+update_halo_kernel2_xvel_minus_2_a+update_halo_kernel2_yvel_plus_2_a
774	0.000020730	246080	ops_par_loop_group_26	update_halo_kernel2_xvel_minus_4_b+update_halo_kernel2_yvel_plus_4_b
775	0.000148923	369120	ops_par_loop_group_27	update_halo_kernel4_plus_4_b+update_halo_kernel2_xvel_minus_2_b+update_halo_kernel2_yvel_plus_2_b
776	0.000018285	123040	ops_par_loop_update_halo_kernel4_plus_2_b_34	update_halo_kernel4_plus_2_b
777	0.000562488	591053440	ops_par_loop_advec_cell_kernel1_ydir_35	advec_cell_kernel1_ydir
778	0.000790191	708203544	ops_par_loop_advec_cell_kernel3_ydir_36	advec_cell_kernel3_ydir
779	0.001476084	1533542400	ops_par_loop_advec_cell_kernel4_ydir_37	advec_cell_kernel4_ydir
780	0.000022132	553536	ops_par_loop_group_32	update_halo_kernel1_b2+update_halo_kernel4_minus_4_a
781	0.000021231	553536	ops_par_loop_group_33	update_halo_kernel1_b1+update_halo_kernel4_minus_2_a
782	0.000018455	123008	ops_par_loop_update_halo_kernel4_minus_4_b_64	update_halo_kernel4_minus_4_b
783	0.000021842	553536	ops_par_loop_group_35	update_halo_kernel1_t2+update_halo_kernel4_minus_2_b
784	0.000020138	430528	ops_par_loop_update_halo_kernel1_t1_41	update_halo_kernel1_t1
785	0.000022944	430528	ops_par_loop_update_halo_kernel1_l2_42	update_halo_kernel1_l2
786	0.000021631	430528	ops_par_loop_update_halo_kernel1_l1_43	update_halo_kernel1_l1
787	0.000024066	430528	ops_par_loop_update_halo_kernel1_r2_44	update_halo_kernel1_r2
788	0.000021331	430528	ops_par_loop_update_halo_kernel1_r1_45	update_halo_kernel1_r1
789	0.000021531	123040	ops_par_loop_update_halo_kernel4_plus_4_a_66	update_halo_kernel4_plus_4_a
790	0.000019006	123040	ops_par_loop_update_halo_kernel4_plus_2_a_67	update_halo_kernel4_plus_2_a
791	0.000019838	123040	ops_par_loop_update_halo_kernel4_plus_4_b_68	update_halo_kernel4_plus_4_b
792	0.000018415	123040	ops_par_loop_update_halo_kernel4_plus_2_b_69	update_halo_kernel4_plus_2_b
793	0.000561927	591053440	ops_par_loop_advec_mom_kernel_y1_70	advec_mom_kernel_y1
794	0.000191915	236236864	ops_par_loop_advec_mom_kernel_mass_flux_y_71	advec_mom_kernel_mass_flux_y
795	0.000533784	590438520	ops_par_loop_advec_mom_kernel_post_pre_advec_y_72	advec_mom_kernel_post_pre_advec_y
796	0.000881434	472258640	ops_par_loop_advec_mom_kernel1_y_nonvector_73	advec_mom_kernel1_y_nonvector
797	0.000449284	590131240	ops_par_loop_advec_mom_kernel2_y_74	advec_mom_kernel2_y
798	0.000561957	591053440	ops_par_loop_advec_mom_kernel_y1_75	advec_mom_kernel_y1
799	0.000192255	236236864	ops_par_loop_advec_mom_kernel_mass_flux_y_76	advec_mom_kernel_mass_flux_y
800	0.000530457	590438520	ops_par_loop_advec_mom_kernel_post_pre_advec_y_77	advec_mom_kernel_post_pre_advec_y
801	0.000878489	472258640	ops_par_loop_advec_mom_kernel1_y_nonvector_78	advec_mom_kernel1_y_nonvector
802	0.000447620	590131240	ops_par_loop_advec_mom_kernel2_y_79	advec_mom_kernel2_y
803	0.000492235	472842752	ops_par_loop_advec_cell_kernel2_xdir_80	advec_cell_kernel2_xdir
804	0.000773659	708203544	ops_par_loop_advec_cell_kernel3_xdir_81	advec_cell_kernel3_xdir
805	0.001458460	1533542400	ops_par_loop_advec_cell_kernel4_xdir_82	advec_cell_kernel4_xdir
806	0.000022462	553536	ops_par_loop_group_58	update_halo_kernel1_b2+update_halo_kernel4_minus_4_a
807	0.000021100	553536	ops_par_loop_group_59	update_halo_kernel1_b1+update_halo_kernel4_minus_2_a
808	0.000021361	369120	ops_par_loop_group_60	update_halo_kernel2_xvel_plus_4_a+update_halo_kernel2_yvel_minus_4_a+update_halo_kernel3_plus_4_a
809	0.000020570	369120	ops_par_loop_group_61	update_halo_kernel2_xvel_plus_2_a+update_halo_kernel2_yvel_minus_2_a+update_halo_kernel3_plus_2_a
810	0.000019086	246080	ops_par_loop_group_62	update_halo_kernel2_xvel_plus_4_b+update_halo_kernel2_yvel_minus_4_b
811	0.000019778	369120	ops_par_loop_group_63	update_halo_kernel2_xvel_plus_2_b+update_halo_kernel2_yvel_minus_2_b+update_halo_kernel3_plus_4_b
812	0.000021691	246080	ops_par_loop_group_64	update_halo_kernel2_xvel_minus_4_b+update_halo_kernel2_yvel_plus_4_b
813	0.000019136	123040	ops_par_loop_update_halo_kernel3_plus_2_b_110	update_halo_kernel3_plus_2_b
814	0.000018786	123008	ops_par_loop_update_halo_kernel3_minus_4_b_113	update_halo_kernel3_minus_4_b
815	0.000018155	123008	ops_par_loop_update_halo_kernel4_minus_4_b_117	update_halo_kernel4_minus_4_b
816	0.000020630	553536	ops_par_loop_group_68	update_halo_kernel1_t2+update_halo_kernel4_minus_2_b
817	0.000020289	430528	ops_par_loop_update_halo_kernel1_t1_86	update_halo_kernel1_t1
818	0.000027953	553536	ops_par_loop_group_70	update_halo_kernel1_l2+update_halo_kernel3_minus_4_a
819	0.000023906	553536	ops_par_loop_group_71	update_halo_kernel1_l1+update_halo_kernel3_minus_2_a
820	0.000024467	553536	ops_par_loop_group_72	update_halo_kernel1_r2+update_halo_kernel3_minus_2_b
821	0.000021161	430528	ops_par_loop_update_halo_kernel1_r1_90	update_halo_kernel1_r1
822	0.000024036	369120	ops_par_loop_group_74	update_halo_kernel2_xvel_minus_4_a+update_halo_kernel2_yvel_plus_4_a+update_halo_kernel4_plus_4_a
823	0.000021151	369120	ops_par_loop_group_75	update_halo_kernel2_xvel_minus_2_a+update_halo_kernel2_yvel_plus_2_a+update_halo_kernel4_plus_2_a
824	0.000022002	369120	ops_par_loop_group_76	update_halo_kernel2_xvel_minus_2_b+update_halo_kernel2_yvel_plus_2_b+update_halo_kernel4_plus_4_b
825	0.000018616	123040	ops_par_loop_update_halo_kernel4_plus_2_b_122	update_halo_kernel4_plus_2_b
826	0.001798476	1416561152	ops_par_loop_group_78	advec_mom_kernel_x2+reset_field_kernel1+ideal_gas_kernel
827	0.000195962	236236864	ops_par_loop_advec_mom_kernel_mass_flux_x_124	advec_mom_kernel_mass_flux_x
828	0.000574411	590438520	ops_par_loop_advec_mom_kernel_post_pre_advec_x_125	advec_mom_kernel_post_pre_advec_x
829	0.000883568	472258640	ops_par_loop_advec_mom_kernel1_x_nonvector_126	advec_mom_kernel1_x_nonvector
830	0.000455355	590131240	ops_par_loop_advec_mom_kernel2_x_127	advec_mom_kernel2_x
831	0.000499118	472842752	ops_par_loop_advec_mom_kernel_x2_128	advec_mom_kernel_x2
832	0.000193497	236236864	ops_par_loop_advec_mom_kernel_mass_flux_x_129	advec_mom_kernel_mass_flux_x
833	0.000573248	590438520	ops_par_loop_advec_mom_kernel_post_pre_advec_x_130	advec_mom_kernel_post_pre_advec_x
834	0.000884530	472258640	ops_par_loop_advec_mom_kernel1_x_nonvector_131	advec_mom_kernel1_x_nonvector
835	0.000733232	1062236232	ops_par_loop_group_87	advec_mom_kernel2_x+reset_field_kernel2
836	0.000021741	430304	ops_par_loop_update_halo_kernel1_b1_136	update_halo_kernel1_b1
837	0.000019928	430304	ops_par_loop_update_halo_kernel1_t1_137	update_halo_kernel1_t1
838	0.000024045	430304	ops_par_loop_update_halo_kernel1_l1_138	update_halo_kernel1_l1
839	0.000023735	430304	ops_par_loop_update_halo_kernel1_r1_139	update_halo_kernel1_r1
840	0.000019107	245952	ops_par_loop_group_92	update_halo_kernel2_xvel_plus_2_a+update_halo_kernel2_yvel_minus_2_a
841	0.000019046	245952	ops_par_loop_group_93	update_halo_kernel2_xvel_plus_2_b+update_halo_kernel2_yvel_minus_2_b
842	0.000020328	245952	ops_par_loop_group_94	update_halo_kernel2_xvel_minus_2_a+update_halo_kernel2_yvel_plus_2_a
843	0.000020379	245952	ops_par_loop_group_95	update_halo_kernel2_xvel_minus_2_b+update_halo_kernel2_yvel_plus_2_b
844	0.001737560	589885440	ops_par_loop_viscosity_kernel_148	viscosity_kernel
845	0.000021732	430304	ops_par_loop_update_halo_kernel1_b1_149	update_halo_kernel1_b1
846	0.000020629	430304	ops_par_loop_update_halo_kernel1_t1_150	update_halo_kernel1_t1
847	0.000023545	430304	ops_par_loop_update_halo_kernel1_l1_151	update_halo_kernel1_l1
848	0.000022253	430304	ops_par_loop_update_halo_kernel1_r1_152	update_halo_kernel1_r1
849	0.000917893	1061744640	ops_par_loop_calc_dt_kernel_153	calc_dt_kernel
850	0.001482315	1887436800	ops_par_loop_group_0	PdV_kernel_predict+ideal_gas_kernel
851	0.000021781	430304	ops_par_loop_update_halo_kernel1_b1_2	update_halo_kernel1_b1
852	0.000020539	430304	ops_par_loop_update_halo_kernel1_t1_3	update_halo_kernel1_t1
853	0.000023725	430304	ops_par_loop_update_halo_kernel1_l1_4	update_halo_kernel1_l1
854	0.000023525	430304	ops_par_loop_update_halo_kernel1_r1_5	update_halo_kernel1_r1
855	0.001557458	1770147928	ops_par_loop_group_5	revert_kernel+accelerate_kernel
856	0.001352910	1651507200	ops_par_loop_PdV_kernel_nopredict_8	PdV_kernel_nopredict
857	0.000362749	471982080	ops_par_loop_flux_calc_kernelx_9	flux_calc_kernelx
858	0.000358320	471982080	ops_par_loop_flux_calc_kernely_10	flux_calc_kernely
859	0.000021331	553536	ops_par_loop_group_9	update_halo_kernel1_b2+update_halo_kernel4_minus_4_a
860	0.000021100	553536	ops_par_loop_group_10	update_halo_kernel1_b1+update_halo_kernel4_minus_2_a
861	0.000020799	369120	ops_par_loop_group_11	update_halo_kernel3_plus_4_a+update_halo_kernel2_xvel_plus_4_a+update_halo_kernel2_yvel_minus_4_a
862	0.000019848	369120	ops_par_loop_group_12	update_halo_kernel3_plus_2_a+update_halo_kernel2_xvel_plus_2_a+update_halo_kernel2_yvel_minus_2_a
863	0.000018415	123008	ops_par_loop_update_halo_kernel4_minus_4_b_29	update_halo_kernel4_minus_4_b
864	0.000020359	553536	ops_par_loop_group_14	update_halo_kernel1_t2+update_halo_kernel4_minus_2_b
865	0.000019648	430528	ops_par_loop_update_halo_kernel1_t1_14	update_halo_kernel1_t1
866	0.000018816	246080	ops_par_loop_group_16	update_halo_kernel2_xvel_plus_4_b+update_halo_kernel2_yvel_minus_4_b
867	0.000019708	369120	ops_par_loop_group_17	update_halo_kernel3_plus_4_b+update_halo_kernel2_xvel_plus_2_b+update_halo_kernel2_yvel_minus_2_b
868	0.000018445	123040	ops_par_loop_update_halo_kernel3_plus_2_b_22	update_halo_kernel3_plus_2_b
869	0.000025589	553536	ops_par_loop_group_19	update_halo_kernel1_l2+update_halo_kernel3_minus_4_a
870	0.000024256	553536	ops_par_loop_group_20	update_halo_kernel1_l1+update_halo_kernel3_minus_2_a
871	0.000019407	123008	ops_par_loop_update_halo_kernel3_minus_4_b_25	update_halo_kernel3_minus_4_b
872	0.000023755	553536	ops_par_loop_group_22	update_halo_kernel1_r2+update_halo_kernel3_minus_2_b
873	0.000022052	430528	ops_par_loop_update_halo_kernel1_r1_18	update_halo_kernel1_r1
874	0.000023395	369120	ops_par_loop_group_24	update_halo_kernel4_plus_4_a+update_halo_kernel2_xvel_minus_4_a+update_halo_kernel2_yvel_plus_4_a
875	0.000021140	369120	ops_par_loop_group_25	update_halo_kernel4_plus_2_a+update_halo_kernel2_xvel_minus_2_a+update_halo_kernel2_yvel_plus_2_a
876	0.000020459	246080	ops_par_loop_group_26	update_halo_kernel2_xvel_minus_4_b+update_halo_kernel2_yvel_plus_4_b
877	0.000023114	369120	ops_par_loop_group_27	update_halo_kernel4_plus_4_b+update_halo_kernel2_xvel_minus_2_b+update_halo_kernel2_yvel_plus_2_b
878	0.000024186	123040	ops_par_loop_update_halo_kernel4_plus_2_b_34	update_halo_kernel4_plus_2_b
879	0.000562689	591053440	ops_par_loop_advec_cell_kernel1_xdir_35	advec_cell_kernel1_xdir
880	0.000773178	708203544	ops_par_loop_advec_cell_kernel3_xdir_36	advec_cell_kernel3_xdir
881	0.001461436	1533542400	ops_par_loop_advec_cell_kernel4_xdir_37	advec_cell_kernel4_xdir
882	0.000021010	430528	ops_par_loop_update_halo_kernel1_b2_38	update_halo_kernel1_b2
883	0.000019487	430528	ops_par_loop_update_halo_kernel1_b1_39	update_halo_kernel1_b1
884	0.000019718	430528	ops_par_loop_update_halo_kernel1_t2_40	update_halo_kernel1_t2
885	0.000019827	430528	ops_par_loop_update_halo_kernel1_t1_41	update_halo_kernel1_t1
886	0.000018104	123040	ops_par_loop_update_halo_kernel3_plus_4_a_62	update_halo_kernel3_plus_4_a
887	0.000018224	123040	ops_par_loop_update_halo_kernel3_plus_2_a_63	update_halo_kernel3_plus_2_a
888	0.000024486	123040	ops_par_loop_update_halo_kernel3_plus_4_b_64	update_halo_kernel3_plus_4_b
889	0.000018244	123040	ops_par_loop_update_halo_kernel3_plus_2_b_65	update_halo_kernel3_plus_2_b
890	0.000025709	553536	ops_par_loop_group_40	update_halo_kernel1_l2+update_halo_kernel3_minus_4_a
891	0.000023104	553536	ops_par_loop_group_41	update_halo_kernel1_l1+update_halo_kernel3_minus_2_a
892	0.000018545	123008	ops_par_loop_update_halo_kernel3_minus_4_b_68	update_halo_kernel3_minus_4_b
893	0.000023655	553536	ops_par_loop_group_43	update_halo_kernel1_r2+update_halo_kernel3_minus_2_b
894	0.000020479	430528	ops_par_loop_update_halo_kernel1_r1_45	update_halo_kernel1_r1
895	0.000563259	591053440	ops_par_loop_advec_mom_kernel_x1_70	advec_mom_kernel_x1
896	0.000193067	236236864	ops_par_loop_advec_mom_kernel_mass_flux_x_71	advec_mom_kernel_mass_flux_x
897	0.000576234	590438520	ops_par_loop_advec_mom_kernel_post_pre_advec_x_72	advec_mom_kernel_post_pre_advec_x
898	0.000885632	472258640	ops_par_loop_advec_mom_kernel1_x_nonvector_73	advec_mom_kernel1_x_nonvector
899	0.000447420	590131240	ops_par_loop_advec_mom_kernel2_x_74	advec_mom_kernel2_x
900	0.000560004	591053440	ops_par_loop_advec_mom_kernel_x1_75	advec_mom_kernel_x1
901	0.000194058	236236864	ops_par_loop_advec_mom_kernel_mass_flux_x_76	advec_mom_kernel_mass_flux_x
902	0.000576806	590438520	ops_par_loop_advec_mom_kernel_post_pre_advec_x_77	advec_mom_kernel_post_pre_advec_x
903	0.000884109	472258640	ops_par_loop_advec_mom_kernel1_x_nonvector_78	advec_mom_kernel1_x_nonvector
904	0.000443983	590131240	ops_par_loop_advec_mom_kernel2_x_79	advec_mom_kernel2_x
905	0.000497244	472842752	ops_par_loop_advec_cell_kernel2_ydir_80	advec_cell_kernel2_ydir
906	0.000791023	708203544	ops_par_loop_advec_cell_kernel3_ydir_81	advec_cell_kernel3_ydir
907	0.001471205	1533542400	ops_par_loop_advec_cell_kernel4_ydir_82	advec_cell_kernel4_ydir
908	0.000021400	553536	ops_par_loop_group_58	update_halo_kernel1_b2+update_halo_kernel4_minus_4_a
909	0.000021150	553536	ops_par_loop_group_59	update_halo_kernel1_b1+update_halo_kernel4_minus_2_a
910	0.000021511	369120	ops_par_loop_group_60	update_halo_kernel2_xvel_plus_4_a+update_halo_kernel2_yvel_minus_4_a+update_halo_kernel3_plus_4_a
911	0.000020749	369120	ops_par_loop_group_61	update_halo_kernel2_xvel_plus_2_a+update_halo_kernel2_yvel_minus_2_a+update_halo_kernel3_plus_2_a
912	0.000019087	246080	ops_par_loop_group_62	update_halo_kernel2_xvel_plus_4_b+update_halo_kernel2_yvel_minus_4_b
913	0.000020208	369120	ops_par_loop_group_63	update_halo_kernel2_xvel_plus_2_b+update_halo_kernel2_yvel_minus_2_b+update_halo_kernel3_plus_4_b
914	0.000021020	246080	ops_par_loop_group_64	update_halo_kernel2_xvel_minus_4_b+update_halo_kernel2_yvel_plus_4_b
915	0.000019427	123040	ops_par_loop_update_halo_kernel3_plus_2_b_110	update_halo_kernel3_plus_2_b
916	0.000018475	123008	ops_par_loop_update_halo_kernel3_minus_4_b_113	update_halo_kernel3_minus_4_b
917	0.000017613	123008	ops_par_loop_update_halo_kernel4_minus_4_b_117	update_halo_kernel4_minus_4_b
918	0.000020960	553536	ops_par_loop_group_68	update_halo_kernel1_t2+update_halo_kernel4_minus_2_b
919	0.000019868	430528	ops_par_loop_update_halo_kernel1_t1_86	update_halo_kernel1_t1
920	0.000025909	553536	ops_par_loop_group_70	update_halo_kernel1_l2+update_halo_kernel3_minus_4_a
921	0.000022323	553536	ops_par_loop_group_71	update_halo_kernel1_l1+update_halo_kernel3_minus_2_a
922	0.000024456	553536	ops_par_loop_group_72	update_halo_kernel1_r2+update_halo_kernel3_minus_2_b
923	0.000021000	430528	ops_par_loop_update_halo_kernel1_r1_90	update_halo_kernel1_r1
924	0.000022894	369120	ops_par_loop_group_74	update_halo_kernel2_xvel_minus_4_a+update_halo_kernel2_yvel_plus_4_a+update_halo_kernel4_plus_4_a
925	0.000021421	369120	ops_par_loop_group_75	update_halo_kernel2_xvel_minus_2_a+update_halo_kernel2_yvel_plus_2_a+update_halo_kernel4_plus_2_a
926	0.000022593	369120	ops_par_loop_group_76	update_halo_kernel2_xvel_minus_2_b+update_halo_kernel2_yvel_plus_2_b+update_halo_kernel4_plus_4_b
927	0.000018615	123040	ops_par_loop_update_halo_kernel4_plus_2_b_122	update_halo_kernel4_plus_2_b
928	0.001774450	1416561152	ops_par_loop_group_78	advec_mom_kernel_y2+reset_field_kernel1+ideal_gas_kernel
929	0.000193618	236236864	ops_par_loop_advec_mom_kernel_mass_flux_y_124	advec_mom_kernel_mass_flux_y
930	0.000531770	590438520	ops_par_loop_advec_mom_kernel_post_pre_advec_y_125	advec_mom_kernel_post_pre_advec_y
931	0.000879010	472258640	ops_par_loop_advec_mom_kernel1_y_nonvector_126	advec_mom_kernel1_y_nonvector
932	0.000446377	590131240	ops_par_loop_advec_mom_kernel2_y_127	advec_mom_kernel2_y
933	0.000487616	472842752	ops_par_loop_advec_mom_kernel_y2_128	advec_mom_kernel_y2
934	0.000192415	236236864	ops_par_loop_advec_mom_kernel_mass_flux_y_129	advec_mom_kernel_mass_flux_y
935	0.000529726	590438520	ops_par_loop_advec_mom_kernel_post_pre_advec_y_130	advec_mom_kernel_post_pre_advec_y
936	0.000876965	472258640	ops_par_loop_advec_mom_kernel1_y_nonvector_131	advec_mom_kernel1_y_nonvector
937	0.000735026	1062236232	ops_par_loop_group_87	advec_mom_kernel2_y+reset_field_kernel2
938	0.000021330	430304	ops_par_loop_update_halo_kernel1_b1_136	update_halo_kernel1_b1
939	0.000019687	430304	ops_par_loop_update_halo_kernel1_t1_137	update_halo_kernel1_t1
940	0.000022773	430304	ops_par_loop_update_halo_kernel1_l1_138	update_halo_kernel1_l1
941	0.000023915	430304	ops_par_loop_update_halo_kernel1_r1_139	update_halo_kernel1_r1
942	0.000018936	245952	ops_par_loop_group_92	update_halo_kernel2_xvel_plus_2_a+update_halo_kernel2_yvel_minus_2_a
943	0.000019076	245952	ops_par_loop_group_93	update_halo_kernel2_xvel_plus_2_b+update_halo_kernel2_yvel_minus_2_b
944	0.000020569	245952	ops_par_loop_group_94	update_halo_kernel2_xvel_minus_2_a+update_halo_kernel2_yvel_plus_2_a
945	0.000020980	245952	ops_par_loop_group_95	update_halo_kernel2_xvel_minus_2_b+update_halo_kernel2_yvel_plus_2_b
946	0.001738121	589885440	ops_par_loop_viscosity_kernel_148	viscosity_kernel
947	0.000020599	430304	ops_par_loop_update_halo_kernel1_b1_149	update_halo_kernel1_b1
948	0.000019898	430304	ops_par_loop_update_halo_kernel1_t1_150	update_halo_kernel1_t1
949	0.000022863	430304	ops_par_loop_update_halo_kernel1_l1_151	update_halo_kernel1_l1
950	0.000022713	430304	ops_par_loop_update_halo_kernel1_r1_152	update_halo_kernel1_r1
951	0.000917983	1061744640	ops_par_loop_calc_dt_kernel_153	calc_dt_kernel
952	1.041126916	1887436800	ops_par_loop_group_0	PdV_kernel_predict+ideal_gas_kernel
953	0.000039445	430304	ops_par_loop_update_halo_kernel1_b1_2	update_halo_kernel1_b1
954	0.000030578	430304	ops_par_loop_update_halo_kernel1_t1_3	update_halo_kernel1_t1
955	0.000034606	430304	ops_par_loop_update_halo_kernel1_l1_4	update_halo_kernel1_l1
956	0.000032893	430304	ops_par_loop_update_halo_kernel1_r1_5	update_halo_kernel1_r1
957	0.001569151	1770147928	ops_par_loop_group_5	revert_kernel+accelerate_kernel
958	0.001375953	1651507200	ops_par_loop_PdV_kernel_nopredict_8	PdV_kernel_nopredict
959	0.000375534	471982080	ops_par_loop_flux_calc_kernelx_9	flux_calc_kernelx
960	0.000373109	471982080	ops_par_loop_flux_calc_kernely_10	flux_calc_kernely
961	0.000034836	553536	ops_par_loop_group_9	update_halo_kernel1_b2+update_halo_kernel4_minus_4_a
962	0.000031951	553536	ops_par_loop_group_10	update_halo_kernel1_b1+update_halo_kernel4_minus_2_a
963	0.000030938	369120	ops_par_loop_group_11	update_halo_kernel3_plus_4_a+update_halo_kernel2_xvel_plus_4_a+update_halo_kernel2_yvel_minus_4_a
964	0.000031410	369120	ops_par_loop_group_12	update_halo_kernel3_plus_2_a+update_halo_kernel2_xvel_plus_2_a+update_halo_kernel2_yvel_minus_2_a
965	0.000028033	123008	ops_par_loop_update_halo_kernel4_minus_4_b_29	update_halo_kernel4_minus_4_b
966	0.000030859	553536	ops_par_loop_group_14	update_halo_kernel1_t2+update_halo_kernel4_minus_2_b
967	0.000030468	430528	ops_par_loop_update_halo_kernel1_t1_14	update_halo_kernel1_t1
968	0.000028965	246080	ops_par_loop_group_16	update_halo_kernel2_xvel_plus_4_b+update_halo_kernel2_yvel_minus_4_b
969	0.000031009	369120	ops_par_loop_group_17	update_halo_kernel3_plus_4_b+update_halo_kernel2_xvel_plus_2_b+update_halo_kernel2_yvel_minus_2_b
970	0.000029506	123040	ops_par_loop_update_halo_kernel3_plus_2_b_22	update_halo_kernel3_plus_2_b
971	0.000036810	553536	ops_par_loop_group_19	update_halo_kernel1_l2+update_halo_kernel3_minus_4_a
972	0.000034145	553536	ops_par_loop_group_20	update_halo_kernel1_l1+update_halo_kernel3_minus_2_a
973	0.000028845	123008	ops_par_loop_update_halo_kernel3_minus_4_b_25	update_halo_kernel3_minus_4_b
974	0.000035828	553536	ops_par_loop_group_22	update_halo_kernel1_r2+update_halo_kernel3_minus_2_b
975	0.000032361	430528	ops_par_loop_update_halo_kernel1_r1_18	update_halo_kernel1_r1
976	0.000038282	369120	ops_par_loop_group_24	update_halo_kernel4_plus_4_a+update_halo_kernel2_xvel_minus_4_a+update_halo_kernel2_yvel_plus_4_a
977	0.000032642	369120	ops_par_loop_group_25	update_halo_kernel4_plus_2_a+update_halo_kernel2_xvel_minus_2_a+update_halo_kernel2_yvel_plus_2_a
978	0.000032101	246080	ops_par_loop_group_26	update_halo_kernel2_xvel_minus_4_b+update_halo_kernel2_yvel_plus_4_b
979	0.000033203	369120	ops_par_loop_group_27	update_halo_kernel4_plus_4_b+update_halo_kernel2_xvel_minus_2_b+update_halo_kernel2_yvel_plus_2_b
980	0.000029025	123040	ops_par_loop_update_halo_kernel4_plus_2_b_34	update_halo_kernel4_plus_2_b
981	0.000573549	591053440	ops_par_loop_advec_cell_kernel1_ydir_35	advec_cell_kernel1_ydir
982	0.000813645	708203544	ops_par_loop_advec_cell_kernel3_ydir_36	advec_cell_kernel3_ydir
983	0.001488948	1533542400	ops_par_loop_advec_cell_kernel4_ydir_37	advec_cell_kernel4_ydir
984	0.000035939	553536	ops_par_loop_group_32	update_halo_kernel1_b2+update_halo_kernel4_minus_4_a
985	0.000032051	553536	ops_par_loop_group_33	update_halo_kernel1_b1+update_halo_kernel4_minus_2_a
986	0.000029446	123008	ops_par_loop_update_halo_kernel4_minus_4_b_64	update_halo_kernel4_minus_4_b
987	0.000031800	553536	ops_par_loop_group_35	update_halo_kernel1_t2+update_halo_kernel4_minus_2_b
988	0.000030958	430528	ops_par_loop_update_halo_kernel1_t1_41	update_halo_kernel1_t1
989	0.000034886	430528	ops_par_loop_update_halo_kernel1_l2_42	update_halo_kernel1_l2
990	0.000033123	430528	ops_par_loop_update_halo_kernel1_l1_43	update_halo_kernel1_l1
991	0.000033143	430528	ops_par_loop_update_halo_kernel1_r2_44	update_halo_kernel1_r2
992	0.000031621	430528	ops_par_loop_update_halo_kernel1_r1_45	update_halo_kernel1_r1
993	0.000030358	123040	ops_par_loop_update_halo_kernel4_plus_4_a_66	update_halo_kernel4_plus_4_a
994	0.000028273	123040	ops_par_loop_update_halo_kernel4_plus_2_a_67	update_halo_kernel4_plus_2_a
995	0.000028785	123040	ops_par_loop_update_halo_kernel4_plus_4_b_68	update_halo_kernel4_plus_4_b
996	0.000028554	123040	ops_par_loop_update_halo_kernel4_plus_2_b_69	update_halo_kernel4_plus_2_b
997	0.000573379	591053440	ops_par_loop_advec_mom_kernel_y1_70	advec_mom_kernel_y1
998	0.000204488	236236864	ops_par_loop_advec_mom_kernel_mass_flux_y_71	advec_mom_kernel_mass_flux_y
999	0.000549002	590438520	ops_par_loop_advec_mom_kernel_post_pre_advec_y_72	advec_mom_kernel_post_pre_advec_y
1000	0.000892625	472258640	ops_par_loop_advec_mom_kernel1_y_nonvector_73	advec_mom_kernel1_y_nonvector
1001	0.000465875	590131240	ops_par_loop_advec_mom_kernel2_y_74	advec_mom_kernel2_y
1002	0.000576034	591053440	ops_par_loop_advec_mom_kernel_y1_75	advec_mom_kernel_y1
1003	0.000203296	236236864	ops_par_loop_advec_mom_kernel_mass_flux_y_76	advec_mom_kernel_mass_flux_y
1004	0.000547099	590438520	ops_par_loop_advec_mom_kernel_post_pre_advec_y_77	advec_mom_kernel_post_pre_advec_y
1005	0.000892055	472258640	ops_par_loop_advec_mom_kernel1_y_nonvector_78	advec_mom_kernel1_y_nonvector
1006	0.000469502	590131240	ops_par_loop_advec_mom_kernel2_y_79	advec_mom_kernel2_y
1007	0.000502765	472842752	ops_par_loop_advec_cell_kernel2_xdir_80	advec_cell_kernel2_xdir
1008	0.000796262	708203544	ops_par_loop_advec_cell_kernel3_xdir_81	advec_cell_kernel3_xdir
1009	0.001478077	1533542400	ops_par_loop_advec_cell_kernel4_xdir_82	advec_cell_kernel4_xdir
1010	0.000038223	553536	ops_par_loop_group_58	update_halo_kernel1_b2+update_halo_kernel4_minus_4_a
1011	0.000033132	553536	ops_par_loop_group_59	update_halo_kernel1_b1+update_halo_kernel4_minus_2_a
1012	0.000033494	369120	ops_par_loop_group_60	update_halo_kernel2_xvel_plus_4_a+update_halo_kernel2_yvel_minus_4_a+update_halo_kernel3_plus_4_a
1013	0.000031730	369120	ops_par_loop_group_61	update_halo_kernel2_xvel_plus_2_a+update_halo_kernel2_yvel_minus_2_a+update_halo_kernel3_plus_2_a
1014	0.000032080	246080	ops_par_loop_group_62	update_halo_kernel2_xvel_plus_4_b+update_halo_kernel2_yvel_minus_4_b
1015	0.000032021	369120	ops_par_loop_group_63	update_halo_kernel2_xvel_plus_2_b+update_halo_kernel2_yvel_minus_2_b+update_halo_kernel3_plus_4_b
1016	0.000035868	246080	ops_par_loop_group_64	update_halo_kernel2_xvel_minus_4_b+update_halo_kernel2_yvel_plus_4_b
1017	0.000031430	123040	ops_par_loop_update_halo_kernel3_plus_2_b_110	update_halo_kernel3_plus_2_b
1018	0.000030218	123008	ops_par_loop_update_halo_kernel3_minus_4_b_113	update_halo_kernel3_minus_4_b
1019	0.000029126	123008	ops_par_loop_update_halo_kernel4_minus_4_b_117	update_halo_kernel4_minus_4_b
1020	0.000037882	553536	ops_par_loop_group_68	update_halo_kernel1_t2+update_halo_kernel4_minus_2_b
1021	0.000032311	430528	ops_par_loop_update_halo_kernel1_t1_86	update_halo_kernel1_t1
1022	0.000037732	553536	ops_par_loop_group_70	update_halo_kernel1_l2+update_halo_kernel3_minus_4_a
1023	0.000034886	553536	ops_par_loop_group_71	update_halo_kernel1_l1+update_halo_kernel3_minus_2_a
1024	0.000036109	553536	ops_par_loop_group_72	update_halo_kernel1_r2+update_halo_kernel3_minus_2_b
1025	0.000032252	430528	ops_par_loop_update_halo_kernel1_r1_90	update_halo_kernel1_r1
1026	0.000034686	369120	ops_par_loop_group_74	update_halo_kernel2_xvel_minus_4_a+update_halo_kernel2_yvel_plus_4_a+update_halo_kernel4_plus_4_a
1027	0.000033594	369120	ops_par_loop_group_75	update_halo_kernel2_xvel_minus_2_a+update_halo_kernel2_yvel_plus_2_a+update_halo_kernel4_plus_2_a
1028	0.000034305	369120	ops_par_loop_group_76	update_halo_kernel2_xvel_minus_2_b+update_halo_kernel2_yvel_plus_2_b+update_halo_kernel4_plus_4_b
1029	0.000030428	123040	ops_par_loop_update_halo_kernel4_plus_2_b_122	update_halo_kernel4_plus_2_b
1030	0.001815217	1416561152	ops_par_loop_group_78	advec_mom_kernel_x2+reset_field_kernel1+ideal_gas_kernel
1031	0.000210620	236236864	ops_par_loop_advec_mom_kernel_mass_flux_x_124	advec_mom_kernel_mass_flux_x
1032	0.000585311	590438520	ops_par_loop_advec_mom_kernel_post_pre_advec_x_125	advec_mom_kernel_post_pre_advec_x
1033	0.000899539	472258640	ops_par_loop_advec_mom_kernel1_x_nonvector_126	advec_mom_kernel1_x_nonvector
1034	0.000463932	590131240	ops_par_loop_advec_mom_kernel2_x_127	advec_mom_kernel2_x
1035	0.000509187	472842752	ops_par_loop_advec_mom_kernel_x2_128	advec_mom_kernel_x2
1036	0.000207324	236236864	ops_par_loop_advec_mom_kernel_mass_flux_x_129	advec_mom_kernel_mass_flux_x
1037	0.000582907	590438520	ops_par_loop_advec_mom_kernel_post_pre_advec_x_130	advec_mom_kernel_post_pre_advec_x
1038	0.000898477	472258640	ops_par_loop_advec_mom_kernel1_x_nonvector_131	advec_mom_kernel1_x_nonvector
1039	0.000746047	1062236232	ops_par_loop_group_87	advec_mom_kernel2_x+reset_field_kernel2
1040	0.000506862	471859200	ops_par_loop_ideal_gas_kernel_0	ideal_gas_kernel
1041	0.000028003	430304	ops_par_loop_update_halo_kernel1_b1_1	update_halo_kernel1_b1
1042	0.000021020	430304	ops_par_loop_update_halo_kernel1_t1_2	update_halo_kernel1_t1
1043	0.000023605	430304	ops_par_loop_update_halo_kernel1_l1_3	update_halo_kernel1_l1
1044	0.000024136	430304	ops_par_loop_update_halo_kernel1_r1_4	update_halo_kernel1_r1
1045	0.000019407	245952	ops_par_loop_group_5	update_halo_kernel2_xvel_plus_2_a+update_halo_kernel2_yvel_minus_2_a
1046	0.000019868	245952	ops_par_loop_group_6	update_halo_kernel2_xvel_plus_2_b+update_halo_kernel2_yvel_minus_2_b
1047	0.000020508	245952	ops_par_loop_group_7	update_halo_kernel2_xvel_minus_2_a+update_halo_kernel2_yvel_plus_2_a
1048	0.000020519	245952	ops_par_loop_group_8	update_halo_kernel2_xvel_minus_2_b+update_halo_kernel2_yvel_plus_2_b
1049	0.001737025	589885440	ops_par_loop_viscosity_kernel_13	viscosity_kernel
1050	0.000021271	430304	ops_par_loop_update_halo_kernel1_b1_14	update_halo_kernel1_b1
1051	0.000019988	430304	ops_par_loop_update_halo_kernel1_t1_15	update_halo_kernel1_t1
1052	0.000023684	430304	ops_par_loop_update_halo_kernel1_l1_16	update_halo_kernel1_l1
1053	0.000022823	430304	ops_par_loop_update_halo_kernel1_r1_17	update_halo_kernel1_r1
1054	0.000919033	1061744640	ops_par_loop_calc_dt_kernel_18	calc_dt_kernel
1055	0.001486790	1887436800	ops_par_loop_group_0	PdV_kernel_predict+ideal_gas_kernel
1056	0.000022222	430304	ops_par_loop_update_halo_kernel1_b1_2	update_halo_kernel1_b1
1057	0.000020138	430304	ops_par_loop_update_halo_kernel1_t1_3	update_halo_kernel1_t1
1058	0.000024116	430304	ops_par_loop_update_halo_kernel1_l1_4	update_halo_kernel1_l1
1059	0.000024397	430304	ops_par_loop_update_halo_kernel1_r1_5	update_halo_kernel1_r1
1060	0.001559348	1770147928	ops_par_loop_group_5	revert_kernel+accelerate_kernel
1061	0.001357865	1651507200	ops_par_loop_PdV_kernel_nopredict_8	PdV_kernel_nopredict
1062	0.000362057	471982080	ops_par_loop_flux_calc_kernelx_9	flux_calc_kernelx
1063	0.000357909	471982080	ops_par_loop_flux_calc_kernely_10	flux_calc_kernely
1064	0.000022162	553536	ops_par_loop_group_9	update_halo_kernel1_b2+update_halo_kernel4_minus_4_a
1065	0.000020619	553536	ops_par_loop_group_10	update_halo_kernel1_b1+update_halo_kernel4_minus_2_a
1066	0.000020439	369120	ops_par_loop_group_11	update_halo_kernel3_plus_4_a+update_halo_kernel2_xvel_plus_4_a+update_halo_kernel2_yvel_minus_4_a
1067	0.000019947	369120	ops_par_loop_group_12	update_halo_kernel3_plus_2_a+update_halo_kernel2_xvel_plus_2_a+update_halo_kernel2_yvel_minus_2_a
1068	0.000018826	123008	ops_par_loop_update_halo_kernel4_minus_4_b_29	update_halo_kernel4_minus_4_b
1069	0.000021240	553536	ops_par_loop_group_14	update_halo_kernel1_t2+update_halo_kernel4_minus_2_b
1070	0.000020238	430528	ops_par_loop_update_halo_kernel1_t1_14	update_halo_kernel1_t1
1071	0.000019357	246080	ops_par_loop_group_16	update_halo_kernel2_xvel_plus_4_b+update_halo_kernel2_yvel_minus_4_b
1072	0.000019617	369120	ops_par_loop_group_17	update_halo_kernel3_plus_4_b+update_halo_kernel2_xvel_plus_2_b+update_halo_kernel2_yvel_minus_2_b
1073	0.000018204	123040	ops_par_loop_update_halo_kernel3_plus_2_b_22	update_halo_kernel3_plus_2_b
1074	0.000026320	553536	ops_par_loop_group_19	update_halo_kernel1_l2+update_halo_kernel3_minus_4_a
1075	0.000023565	553536	ops_par_loop_group_20	update_halo_kernel1_l1+update_halo_kernel3_minus_2_a
1076	0.000018655	123008	ops_par_loop_update_halo_kernel3_minus_4_b_25	update_halo_kernel3_minus_4_b
1077	0.000023965	553536	ops_par_loop_group_22	update_halo_kernel1_r2+update_halo_kernel3_minus_2_b
1078	0.000021501	430528	ops_par_loop_update_halo_kernel1_r1_18	update_halo_kernel1_r1
1079	0.000023194	369120	ops_par_loop_group_24	update_halo_kernel4_plus_4_a+update_halo_kernel2_xvel_minus_4_a+update_halo_kernel2_yvel_plus_4_a
1080	0.000021080	369120	ops_par_loop_group_25	update_halo_kernel4_plus_2_a+update_halo_kernel2_xvel_minus_2_a+update_halo_kernel2_yvel_plus_2_a
1081	0.000020529	246080	ops_par_loop_group_26	update_halo_kernel2_xvel_minus_4_b+update_halo_kernel2_yvel_plus_4_b
1082	0.000022332	369120	ops_par_loop_group_27	update_halo_kernel4_plus_4_b+update_halo_kernel2_xvel_minus_2_b+update_halo_kernel2_yvel_plus_2_b
1083	0.000018025	123040	ops_par_loop_update_halo_kernel4_plus_2_b_34	update_halo_kernel4_plus_2_b
1084	0.000562747	591053440	ops_par_loop_advec_cell_kernel1_xdir_35	advec_cell_kernel1_xdir
1085	0.000773197	708203544	ops_par_loop_advec_cell_kernel3_xdir_36	advec_cell_kernel3_xdir
1086	0.001460401	1533542400	ops_par_loop_advec_cell_kernel4_xdir_37	advec_cell_kernel4_xdir
1087	0.000021932	430528	ops_par_loop_update_halo_kernel1_b2_38	update_halo_kernel1_b2
1088	0.000019457	430528	ops_par_loop_update_halo_kernel1_b1_39	update_halo_kernel1_b1
1089	0.000019988	430528	ops_par_loop_update_halo_kernel1_t2_40	update_halo_kernel1_t2
1090	0.000020439	430528	ops_par_loop_update_halo_kernel1_t1_41	update_halo_kernel1_t1
1091	0.000018705	123040	ops_par_loop_update_halo_kernel3_plus_4_a_62	update_halo_kernel3_plus_4_a
1092	0.000018104	123040	ops_par_loop_update_halo_kernel3_plus_2_a_63	update_halo_kernel3_plus_2_a
1093	0.000018445	123040	ops_par_loop_update_halo_kernel3_plus_4_b_64	update_halo_kernel3_plus_4_b
1094	0.000144775	123040	ops_par_loop_update_halo_kernel3_plus_2_b_65	update_halo_kernel3_plus_2_b
1095	0.000026931	553536	ops_par_loop_group_40	update_halo_kernel1_l2+update_halo_kernel3_minus_4_a
1096	0.000022813	553536	ops_par_loop_group_41	update_halo_kernel1_l1+update_halo_kernel3_minus_2_a
1097	0.000018965	123008	ops_par_loop_update_halo_kernel3_minus_4_b_68	update_halo_kernel3_minus_4_b
1098	0.000024296	553536	ops_par_loop_group_43	update_halo_kernel1_r2+update_halo_kernel3_minus_2_b
1099	0.000020840	430528	ops_par_loop_update_halo_kernel1_r1_45	update_halo_kernel1_r1
1100	0.000562688	591053440	ops_par_loop_advec_mom_kernel_x1_70	advec_mom_kernel_x1
1101	0.000194068	236236864	ops_par_loop_advec_mom_kernel_mass_flux_x_71	advec_mom_kernel_mass_flux_x
1102	0.000574110	590438520	ops_par_loop_advec_mom_kernel_post_pre_advec_x_72	advec_mom_kernel_post_pre_advec_x
1103	0.000883506	472258640	ops_par_loop_advec_mom_kernel1_x_nonvector_73	advec_mom_kernel1_x_nonvector
1104	0.000448350	590131240	ops_par_loop_advec_mom_kernel2_x_74	advec_mom_kernel2_x
1105	0.000560664	591053440	ops_par_loop_advec_mom_kernel_x1_75	advec_mom_kernel_x1
1106	0.000193808	236236864	ops_par_loop_advec_mom_kernel_mass_flux_x_76	advec_mom_kernel_mass_flux_x
1107	0.000572866	590438520	ops_par_loop_advec_mom_kernel_post_pre_advec_x_77	advec_mom_kernel_post_pre_advec_x
1108	0.000883466	472258640	ops_par_loop_advec_mom_kernel1_x_nonvector_78	advec_mom_kernel1_x_nonvector
1109	0.000446658	590131240	ops_par_loop_advec_mom_kernel2_x_79	advec_mom_kernel2_x
1110	0.000497624	472842752	ops_par_loop_advec_cell_kernel2_ydir_80	advec_cell_kernel2_ydir
1111	0.000788927	708203544	ops_par_loop_advec_cell_kernel3_ydir_81	advec_cell_kernel3_ydir
1112	0.001470730	1533542400	ops_par_loop_advec_cell_kernel4_ydir_82	advec_cell_kernel4_ydir
1113	0.000022041	553536	ops_par_loop_group_58	update_halo_kernel1_b2+update_halo_kernel4_minus_4_a
1114	0.000021551	553536	ops_par_loop_group_59	update_halo_kernel1_b1+update_halo_kernel4_minus_2_a
1115	0.000022082	369120	ops_par_loop_group_60	update_halo_kernel2_xvel_plus_4_a+update_halo_kernel2_yvel_minus_4_a+update_halo_kernel3_plus_4_a
1116	0.000021772	369120	ops_par_loop_group_61	update_halo_kernel2_xvel_plus_2_a+update_halo_kernel2_yvel_minus_2_a+update_halo_kernel3_plus_2_a
1117	0.000019717	246080	ops_par_loop_group_62	update_halo_kernel2_xvel_plus_4_b+update_halo_kernel2_yvel_minus_4_b
1118	0.000020889	369120	ops_par_loop_group_63	update_halo_kernel2_xvel_plus_2_b+update_halo_kernel2_yvel_minus_2_b+update_halo_kernel3_plus_4_b
1119	0.000021761	246080	ops_par_loop_group_64	update_halo_kernel2_xvel_minus_4_b+update_halo_kernel2_yvel_plus_4_b
1120	0.000018956	123040	ops_par_loop_update_halo_kernel3_plus_2_b_110	update_halo_kernel3_plus_2_b
1121	0.000019367	123008	ops_par_loop_update_halo_kernel3_minus_4_b_113	update_halo_kernel3_minus_4_b
1122	0.000018104	123008	ops_par_loop_update_halo_kernel4_minus_4_b_117	update_halo_kernel4_minus_4_b
1123	0.000021691	553536	ops_par_loop_group_68	update_halo_kernel1_t2+update_halo_kernel4_minus_2_b
1124	0.000019978	430528	ops_par_loop_update_halo_kernel1_t1_86	update_halo_kernel1_t1
1125	0.000026310	553536	ops_par_loop_group_70	update_halo_kernel1_l2+update_halo_kernel3_minus_4_a
1126	0.000023394	553536	ops_par_loop_group_71	update_halo_kernel1_l1+update_halo_kernel3_minus_2_a
1127	0.000024746	553536	ops_par_loop_group_72	update_halo_kernel1_r2+update_halo_kernel3_minus_2_b
1128	0.000021461	430528	ops_par_loop_update_halo_kernel1_r1_90	update_halo_kernel1_r1
1129	0.000022774	369120	ops_par_loop_group_74	update_halo_kernel2_xvel_minus_4_a+update_halo_kernel2_yvel_plus_4_a+update_halo_kernel4_plus_4_a
1130	0.000021221	369120	ops_par_loop_group_75	update_halo_kernel2_xvel_minus_2_a+update_halo_kernel2_yvel_plus_2_a+update_halo_kernel4_plus_2_a
1131	0.000022433	369120	ops_par_loop_group_76	update_halo_kernel2_xvel_minus_2_b+update_halo_kernel2_yvel_plus_2_b+update_halo_kernel4_plus_4_b
1132	0.000018715	123040	ops_par_loop_update_halo_kernel4_plus_2_b_122	update_halo_kernel4_plus_2_b
1133	0.001775919	1416561152	ops_par_loop_group_78	advec_mom_kernel_y2+reset_field_kernel1+ideal_gas_kernel
1134	0.000193968	236236864	ops_par_loop_advec_mom_kernel_mass_flux_y_124	advec_mom_kernel_mass_flux_y
1135	0.000531368	590438520	ops_par_loop_advec_mom_kernel_post_pre_advec_y_125	advec_mom_kernel_post_pre_advec_y
1136	0.000878858	472258640	ops_par_loop_advec_mom_kernel1_y_nonvector_126	advec_mom_kernel1_y_nonvector
1137	0.000450535	590131240	ops_par_loop_advec_mom_kernel2_y_127	advec_mom_kernel2_y
1138	0.000489158	472842752	ops_par_loop_advec_mom_kernel_y2_128	advec_mom_kernel_y2
1139	0.000192375	236236864	ops_par_loop_advec_mom_kernel_mass_flux_y_129	advec_mom_kernel_mass_flux_y
1140	0.000534234	590438520	ops_par_loop_advec_mom_kernel_post_pre_advec_y_130	advec_mom_kernel_post_pre_advec_y
1141	0.000877615	472258640	ops_par_loop_advec_mom_kernel1_y_nonvector_131	advec_mom_kernel1_y_nonvector
1142	0.000733161	1062236232	ops_par_loop_group_87	advec_mom_kernel2_y+reset_field_kernel2
1143	0.000021801	430304	ops_par_loop_update_halo_kernel1_b1_136	update_halo_kernel1_b1
1144	0.000020880	430304	ops_par_loop_update_halo_kernel1_t1_137	update_halo_kernel1_t1
1145	0.000024025	430304	ops_par_loop_update_halo_kernel1_l1_138	update_halo_kernel1_l1
1146	0.000023935	430304	ops_par_loop_update_halo_kernel1_r1_139	update_halo_kernel1_r1
1147	0.000019717	245952	ops_par_loop_group_92	update_halo_kernel2_xvel_plus_2_a+update_halo_kernel2_yvel_minus_2_a
1148	0.000019426	245952	ops_par_loop_group_93	update_halo_kernel2_xvel_plus_2_b+update_halo_kernel2_yvel_minus_2_b
1149	0.000021140	245952	ops_par_loop_group_94	update_halo_kernel2_xvel_minus_2_a+update_halo_kernel2_yvel_plus_2_a
1150	0.000021200	245952	ops_par_loop_group_95	update_halo_kernel2_xvel_minus_2_b+update_halo_kernel2_yvel_plus_2_b
1151	0.001738026	589885440	ops_par_loop_viscosity_kernel_148	viscosity_kernel
1152	0.000021270	430304	ops_par_loop_update_halo_kernel1_b1_149	update_halo_kernel1_b1
1153	0.000020208	430304	ops_par_loop_update_halo_kernel1_t1_150	update_halo_kernel1_t1
1154	0.000023395	430304	ops_par_loop_update_halo_kernel1_l1_151	update_halo_kernel1_l1
1155	0.000023665	430304	ops_par_loop_update_halo_kernel1_r1_152	update_halo_kernel1_r1
1156	0.000920396	1061744640	ops_par_loop_calc_dt_kernel_153	calc_dt_kernel
1157	0.001486861	1887436800	ops_par_loop_group_0	PdV_kernel_predict+ideal_gas_kernel
1158	0.000022132	430304	ops_par_loop_update_halo_kernel1_b1_2	update_halo_kernel1_b1
1159	0.000020569	430304	ops_par_loop_update_halo_kernel1_t1_3	update_halo_kernel1_t1
1160	0.000024336	430304	ops_par_loop_update_halo_kernel1_l1_4	update_halo_kernel1_l1
1161	0.000023415	430304	ops_par_loop_update_halo_kernel1_r1_5	update_halo_kernel1_r1
1162	0.001554068	1770147928	ops_par_loop_group_5	revert_kernel+accelerate_kernel
1163	0.001355130	1651507200	ops_par_loop_PdV_kernel_nopredict_8	PdV_kernel_nopredict
1164	0.000362728	471982080	ops_par_loop_flux_calc_kernelx_9	flux_calc_kernelx
1165	0.000359142	471982080	ops_par_loop_flux_calc_kernely_10	flux_calc_kernely
1166	0.000022883	553536	ops_par_loop_group_9	update_halo_kernel1_b2+update_halo_kernel4_minus_4_a
1167	0.000020849	553536	ops_par_loop_group_10	update_halo_kernel1_b1+update_halo_kernel4_minus_2_a
1168	0.000022713	369120	ops_par_loop_group_11	update_halo_kernel3_plus_4_a+update_halo_kernel2_xvel_plus_4_a+update_halo_kernel2_yvel_minus_4_a
1169	0.000020549	369120	ops_par_loop_group_12	update_halo_kernel3_plus_2_a+update_halo_kernel2_xvel_plus_2_a+update_halo_kernel2_yvel_minus_2_a
1170	0.000018505	123008	ops_par_loop_update_halo_kernel4_minus_4_b_29	update_halo_kernel4_minus_4_b
1171	0.000021060	553536	ops_par_loop_group_14	update_halo_kernel1_t2+update_halo_kernel4_minus_2_b
1172	0.000019918	430528	ops_par_loop_update_halo_kernel1_t1_14	update_halo_kernel1_t1
1173	0.000019377	246080	ops_par_loop_group_16	update_halo_kernel2_xvel_plus_4_b+update_halo_kernel2_yvel_minus_4_b
1174	0.000021120	369120	ops_par_loop_group_17	update_halo_kernel3_plus_4_b+update_halo_kernel2_xvel_plus_2_b+update_halo_kernel2_yvel_minus_2_b
1175	0.000018826	123040	ops_par_loop_update_halo_kernel3_plus_2_b_22	update_halo_kernel3_plus_2_b
1176	0.000025508	553536	ops_par_loop_group_19	update_halo_kernel1_l2+update_halo_kernel3_minus_4_a
1177	0.000022632	553536	ops_par_loop_group_20	update_halo_kernel1_l1+update_halo_kernel3_minus_2_a
1178	0.000019316	123008	ops_par_loop_update_halo_kernel3_minus_4_b_25	update_halo_kernel3_minus_4_b
1179	0.000024337	553536	ops_par_loop_group_22	update_halo_kernel1_r2+update_halo_kernel3_minus_2_b
1180	0.000021441	430528	ops_par_loop_update_halo_kernel1_r1_18	update_halo_kernel1_r1
1181	0.000023414	369120	ops_par_loop_group_24	update_halo_kernel4_plus_4_a+update_halo_kernel2_xvel_minus_4_a+update_halo_kernel2_yvel_plus_4_a
1182	0.000022042	369120	ops_par_loop_group_25	update_halo_kernel4_plus_2_a+update_halo_kernel2_xvel_minus_2_a+update_halo_kernel2_yvel_plus_2_a
1183	0.000020609	246080	ops_par_loop_group_26	update_halo_kernel2_xvel_minus_4_b+update_halo_kernel2_yvel_plus_4_b
1184	0.000022082	369120	ops_par_loop_group_27	update_halo_kernel4_plus_4_b+update_halo_kernel2_xvel_minus_2_b+update_halo_kernel2_yvel_plus_2_b
1185	0.000018014	123040	ops_par_loop_update_halo_kernel4_plus_2_b_34	update_halo_kernel4_plus_2_b
1186	0.000562607	591053440	ops_par_loop_advec_cell_kernel1_ydir_35	advec_cell_kernel1_ydir
1187	0.000789097	708203544	ops_par_loop_advec_cell_kernel3_ydir_36	advec_cell_kernel3_ydir
1188	0.001471632	1533542400	ops_par_loop_advec_cell_kernel4_ydir_37	advec_cell_kernel4_ydir
1189	0.000022522	553536	ops_par_loop_group_32	update_halo_kernel1_b2+update_halo_kernel4_minus_4_a
1190	0.000021361	553536	ops_par_loop_group_33	update_halo_kernel1_b1+update_halo_kernel4_minus_2_a
1191	0.000018796	123008	ops_par_loop_update_halo_kernel4_minus_4_b_64	update_halo_kernel4_minus_4_b
1192	0.000021621	553536	ops_par_loop_group_35	update_halo_kernel1_t2+update_halo_kernel4_minus_2_b
1193	0.000019537	430528	ops_par_loop_update_halo_kernel1_t1_41	update_halo_kernel1_t1
1194	0.000023715	430528	ops_par_loop_update_halo_kernel1_l2_42	update_halo_kernel1_l2
1195	0.000021180	430528	ops_par_loop_update_halo_kernel1_l1_43	update_halo_kernel1_l1
1196	0.000023405	430528	ops_par_loop_update_halo_kernel1_r2_44	update_halo_kernel1_r2
1197	0.000026400	430528	ops_par_loop_update_halo_kernel1_r1_45	update_halo_kernel1_r1
1198	0.000019808	123040	ops_par_loop_update_halo_kernel4_plus_4_a_66	update_halo_kernel4_plus_4_a
1199	0.000019047	123040	ops_par_loop_update_halo_kernel4_plus_2_a_67	update_halo_kernel4_plus_2_a
1200	0.000018455	123040	ops_par_loop_update_halo_kernel4_plus_4_b_68	update_halo_kernel4_plus_4_b
1201	0.000018034	123040	ops_par_loop_update_halo_kernel4_plus_2_b_69	update_halo_kernel4_plus_2_b
1202	0.000558840	591053440	ops_par_loop_advec_mom_kernel_y1_70	advec_mom_kernel_y1
1203	0.000191313	236236864	ops_par_loop_advec_mom_kernel_mass_flux_y_71	advec_mom_kernel_mass_flux_y
1204	0.000530677	590438520	ops_par_loop_advec_mom_kernel_post_pre_advec_y_72	advec_mom_kernel_post_pre_advec_y
1205	0.000878837	472258640	ops_par_loop_advec_mom_kernel1_y_nonvector_73	advec_mom_kernel1_y_nonvector
1206	0.000446647	590131240	ops_par_loop_advec_mom_kernel2_y_74	advec_mom_kernel2_y
1207	0.000560944	591053440	ops_par_loop_advec_mom_kernel_y1_75	advec_mom_kernel_y1
1208	0.000191323	236236864	ops_par_loop_advec_mom_kernel_mass_flux_y_76	advec_mom_kernel_mass_flux_y
1209	0.000531137	590438520	ops_par_loop_advec_mom_kernel_post_pre_advec_y_77	advec_mom_kernel_post_pre_advec_y
1210	0.000877324	472258640	ops_par_loop_advec_mom_kernel1_y_nonvector_78	advec_mom_kernel1_y_nonvector
1211	0.000454002	590131240	ops_par_loop_advec_mom_kernel2_y_79	advec_mom_kernel2_y
1212	0.000489308	472842752	ops_par_loop_advec_cell_kernel2_xdir_80	advec_cell_kernel2_xdir
1213	0.000773327	708203544	ops_par_loop_advec_cell_kernel3_xdir_81	advec_cell_kernel3_xdir
1214	0.001460971	1533542400	ops_par_loop_advec_cell_kernel4_xdir_82	advec_cell_kernel4_xdir
1215	0.000022523	553536	ops_par_loop_group_58	update_halo_kernel1_b2+update_halo_kernel4_minus_4_a
1216	0.000021310	553536	ops_par_loop_group_59	update_halo_kernel1_b1+update_halo_kernel4_minus_2_a
1217	0.000021540	369120	ops_par_loop_group_60	update_halo_kernel2_xvel_plus_4_a+update_halo_kernel2_yvel_minus_4_a+update_halo_kernel3_plus_4_a
1218	0.000021261	369120	ops_par_loop_group_61	update_halo_kernel2_xvel_plus_2_a+update_halo_kernel2_yvel_minus_2_a+update_halo_kernel3_plus_2_a
1219	0.000018625	246080	ops_par_loop_group_62	update_halo_kernel2_xvel_plus_4_b+update_halo_kernel2_yvel_minus_4_b
1220	0.000020669	369120	ops_par_loop_group_63	update_halo_kernel2_xvel_plus_2_b+update_halo_kernel2_yvel_minus_2_b+update_halo_kernel3_plus_4_b
1221	0.000021922	246080	ops_par_loop_group_64	update_halo_kernel2_xvel_minus_4_b+update_halo_kernel2_yvel_plus_4_b
1222	0.000019367	123040	ops_par_loop_update_halo_kernel3_plus_2_b_110	update_halo_kernel3_plus_2_b
1223	0.000019487	123008	ops_par_loop_update_halo_kernel3_minus_4_b_113	update_halo_kernel3_minus_4_b
1224	0.000018475	123008	ops_par_loop_update_halo_kernel4_minus_4_b_117	update_halo_kernel4_minus_4_b
1225	0.000020810	553536	ops_par_loop_group_68	update_halo_kernel1_t2+update_halo_kernel4_minus_2_b
1226	0.000019697	430528	ops_par_loop_update_halo_kernel1_t1_86	update_halo_kernel1_t1
1227	0.000026881	553536	ops_par_loop_group_70	update_halo_kernel1_l2+update_halo_kernel3_minus_4_a
1228	0.000023094	553536	ops_par_loop_group_71	update_halo_kernel1_l1+update_halo_kernel3_minus_2_a
1229	0.000024427	553536	ops_par_loop_group_72	update_halo_kernel1_r2+update_halo_kernel3_minus_2_b
1230	0.000021501	430528	ops_par_loop_update_halo_kernel1_r1_90	update_halo_kernel1_r1
1231	0.000024046	369120	ops_par_loop_group_74	update_halo_kernel2_xvel_minus_4_a+update_halo_kernel2_yvel_plus_4_a+update_halo_kernel4_plus_4_a
1232	0.000021581	369120	ops_par_loop_group_75	update_halo_kernel2_xvel_minus_2_a+update_halo_kernel2_yvel_plus_2_a+update_halo_kernel4_plus_2_a
1233	0.000022723	369120	ops_par_loop_group_76	update_halo_kernel2_xvel_minus_2_b+update_halo_kernel2_yvel_plus_2_b+update_halo_kernel4_plus_4_b
1234	0.000018585	123040	ops_par_loop_update_halo_kernel4_plus_2_b_122	update_halo_kernel4_plus_2_b
1235	0.001785136	1416561152	ops_par_loop_group_78	advec_mom_kernel_x2+reset_field_kernel1+ideal_gas_kernel
1236	0.000196923	236236864	ops_par_loop_advec_mom_kernel_mass_flux_x_124	advec_mom_kernel_mass_flux_x
1237	0.000574189	590438520	ops_par_loop_advec_mom_kernel_post_pre_advec_x_125	advec_mom_kernel_post_pre_advec_x
1238	0.000884037	472258640	ops_par_loop_advec_mom_kernel1_x_nonvector_126	advec_mom_kernel1_x_nonvector
1239	0.000447108	590131240	ops_par_loop_advec_mom_kernel2_x_127	advec_mom_kernel2_x
1240	0.000498987	472842752	ops_par_loop_advec_mom_kernel_x2_128	advec_mom_kernel_x2
1241	0.000194730	236236864	ops_par_loop_advec_mom_kernel_mass_flux_x_129	advec_mom_kernel_mass_flux_x
1242	0.000571935	590438520	ops_par_loop_advec_mom_kernel_post_pre_advec_x_130	advec_mom_kernel_post_pre_advec_x
1243	0.000883406	472258640	ops_par_loop_advec_mom_kernel1_x_nonvector_131	advec_mom_kernel1_x_nonvector
1244	0.000730376	1062236232	ops_par_loop_group_87	advec_mom_kernel2_x+reset_field_kernel2
1245	0.000021250	430304	ops_par_loop_update_halo_kernel1_b1_136	update_halo_kernel1_b1
1246	0.000020880	430304	ops_par_loop_update_halo_kernel1_t1_137	update_halo_kernel1_t1
1247	0.000024146	430304	ops_par_loop_update_halo_kernel1_l1_138	update_halo_kernel1_l1
1248	0.000023554	430304	ops_par_loop_update_halo_kernel1_r1_139	update_halo_kernel1_r1
1249	0.000019167	245952	ops_par_loop_group_92	update_halo_kernel2_xvel_plus_2_a+update_halo_kernel2_yvel_minus_2_a
1250	0.000019557	245952	ops_par_loop_group_93	update_halo_kernel2_xvel_plus_2_b+update_halo_kernel2_yvel_minus_2_b
1251	0.000020899	245952	ops_par_loop_group_94	update_halo_kernel2_xvel_minus_2_a+update_halo_kernel2_yvel_plus_2_a
1252	0.000020428	245952	ops_par_loop_group_95	update_halo_kernel2_xvel_minus_2_b+update_halo_kernel2_yvel_plus_2_b
1253	0.001737186	589885440	ops_par_loop_viscosity_kernel_148	viscosity_kernel
1254	0.000021941	430304	ops_par_loop_update_halo_kernel1_b1_149	update_halo_kernel1_b1
1255	0.000020329	430304	ops_par_loop_update_halo_kernel1_t1_150	update_halo_kernel1_t1
1256	0.000022943	430304	ops_par_loop_update_halo_kernel1_l1_151	update_halo_kernel1_l1
1257	0.000022763	430304	ops_par_loop_update_halo_kernel1_r1_152	update_halo_kernel1_r1
1258	0.000918001	1061744640	ops_par_loop_calc_dt_kernel_153	calc_dt_kernel
1259	0.001483614	1887436800	ops_par_loop_group_0	PdV_kernel_predict+ideal_gas_kernel
1260	0.000021661	430304	ops_par_loop_update_halo_kernel1_b1_2	update_halo_kernel1_b1
1261	0.000019587	430304	ops_par_loop_update_halo_kernel1_t1_3	update_halo_kernel1_t1
1262	0.000023856	430304	ops_par_loop_update_halo_kernel1_l1_4	update_halo_kernel1_l1
1263	0.000024216	430304	ops_par_loop_update_halo_kernel1_r1_5	update_halo_kernel1_r1
1264	0.001553978	1770147928	ops_par_loop_group_5	revert_kernel+accelerate_kernel
1265	0.001353448	1651507200	ops_par_loop_PdV_kernel_nopredict_8	PdV_kernel_nopredict
1266	0.000362949	471982080	ops_par_loop_flux_calc_kernelx_9	flux_calc_kernelx
1267	0.000359211	471982080	ops_par_loop_flux_calc_kernely_10	flux_calc_kernely
1268	0.000022142	553536	ops_par_loop_group_9	update_halo_kernel1_b2+update_halo_kernel4_minus_4_a
1269	0.000020389	553536	ops_par_loop_group_10	update_halo_kernel1_b1+update_halo_kernel4_minus_2_a
1270	0.000021069	369120	ops_par_loop_group_11	update_halo_kernel3_plus_4_a+update_halo_kernel2_xvel_plus_4_a+update_halo_kernel2_yvel_minus_4_a
1271	0.000021651	369120	ops_par_loop_group_12	update_halo_kernel3_plus_2_a+update_halo_kernel2_xvel_plus_2_a+update_halo_kernel2_yvel_minus_2_a
1272	0.000019116	123008	ops_par_loop_update_halo_kernel4_minus_4_b_29	update_halo_kernel4_minus_4_b
1273	0.000021050	553536	ops_par_loop_group_14	update_halo_kernel1_t2+update_halo_kernel4_minus_2_b
1274	0.000019587	430528	ops_par_loop_update_halo_kernel1_t1_14	update_halo_kernel1_t1
1275	0.000019617	246080	ops_par_loop_group_16	update_halo_kernel2_xvel_plus_4_b+update_halo_kernel2_yvel_minus_4_b
1276	0.000020078	369120	ops_par_loop_group_17	update_halo_kernel3_plus_4_b+update_halo_kernel2_xvel_plus_2_b+update_halo_kernel2_yvel_minus_2_b
1277	0.000018846	123040	ops_par_loop_update_halo_kernel3_plus_2_b_22	update_halo_kernel3_plus_2_b
1278	0.000026300	553536	ops_par_loop_group_19	update_halo_kernel1_l2+update_halo_kernel3_minus_4_a
1279	0.000023494	553536	ops_par_loop_group_20	update_halo_kernel1_l1+update_halo_kernel3_minus_2_a
1280	0.000018575	123008	ops_par_loop_update_halo_kernel3_minus_4_b_25	update_halo_kernel3_minus_4_b
1281	0.000023635	553536	ops_par_loop_group_22	update_halo_kernel1_r2+update_halo_kernel3_minus_2_b
1282	0.000021491	430528	ops_par_loop_update_halo_kernel1_r1_18	update_halo_kernel1_r1
1283	0.000023725	369120	ops_par_loop_group_24	update_halo_kernel4_plus_4_a+update_halo_kernel2_xvel_minus_4_a+update_halo_kernel2_yvel_plus_4_a
1284	0.000021110	369120	ops_par_loop_group_25	update_halo_kernel4_plus_2_a+update_halo_kernel2_xvel_minus_2_a+update_halo_kernel2_yvel_plus_2_a
1285	0.000020369	246080	ops_par_loop_group_26	update_halo_kernel2_xvel_minus_4_b+update_halo_kernel2_yvel_plus_4_b
1286	0.000022222	369120	ops_par_loop_group_27	update_halo_kernel4_plus_4_b+update_halo_kernel2_xvel_minus_2_b+update_halo_kernel2_yvel_plus_2_b
1287	0.000017724	123040	ops_par_loop_update_halo_kernel4_plus_2_b_34	update_halo_kernel4_plus_2_b
1288	0.000563448	591053440	ops_par_loop_advec_cell_kernel1_xdir_35	advec_cell_kernel1_xdir
1289	0.000772746	708203544	ops_par_loop_advec_cell_kernel3_xdir_36	advec_cell_kernel3_xdir
1290	0.001460901	1533542400	ops_par_loop_advec_cell_kernel4_xdir_37	advec_cell_kernel4_xdir
1291	0.000021591	430528	ops_par_loop_update_halo_kernel1_b2_38	update_halo_kernel1_b2
1292	0.000020038	430528	ops_par_loop_update_halo_kernel1_b1_39	update_halo_kernel1_b1
1293	0.000019817	430528	ops_par_loop_update_halo_kernel1_t2_40	update_halo_kernel1_t2
1294	0.000021230	430528	ops_par_loop_update_halo_kernel1_t1_41	update_halo_kernel1_t1
1295	0.000018836	123040	ops_par_loop_update_halo_kernel3_plus_4_a_62	update_halo_kernel3_plus_4_a
1296	0.000018405	123040	ops_par_loop_update_halo_kernel3_plus_2_a_63	update_halo_kernel3_plus_2_a
1297	0.000018334	123040	ops_par_loop_update_halo_kernel3_plus_4_b_64	update_halo_kernel3_plus_4_b
1298	0.000017554	123040	ops_par_loop_update_halo_kernel3_plus_2_b_65	update_halo_kernel3_plus_2_b
1299	0.000025689	553536	ops_par_loop_group_40	update_halo_kernel1_l2+update_halo_kernel3_minus_4_a
1300	0.000022733	553536	ops_par_loop_group_41	update_halo_kernel1_l1+update_halo_kernel3_minus_2_a
1301	0.000019277	123008	ops_par_loop_update_halo_kernel3_minus_4_b_68	update_halo_kernel3_minus_4_b
1302	0.000024537	553536	ops_par_loop_group_43	update_halo_kernel1_r2+update_halo_kernel3_minus_2_b
1303	0.000021571	430528	ops_par_loop_update_halo_kernel1_r1_45	update_halo_kernel1_r1
1304	0.000573087	591053440	ops_par_loop_advec_mom_kernel_x1_70	advec_mom_kernel_x1
1305	0.000193717	236236864	ops_par_loop_advec_mom_kernel_mass_flux_x_71	advec_mom_kernel_mass_flux_x
1306	0.000575802	590438520	ops_par_loop_advec_mom_kernel_post_pre_advec_x_72	advec_mom_kernel_post_pre_advec_x
1307	0.000883476	472258640	ops_par_loop_advec_mom_kernel1_x_nonvector_73	advec_mom_kernel1_x_nonvector
1308	0.000444133	590131240	ops_par_loop_advec_mom_kernel2_x_74	advec_mom_kernel2_x
1309	0.000561385	591053440	ops_par_loop_advec_mom_kernel_x1_75	advec_mom_kernel_x1
1310	0.000193707	236236864	ops_par_loop_advec_mom_kernel_mass_flux_x_76	advec_mom_kernel_mass_flux_x
1311	0.000576063	590438520	ops_par_loop_advec_mom_kernel_post_pre_advec_x_77	advec_mom_kernel_post_pre_advec_x
1312	0.000883566	472258640	ops_par_loop_advec_mom_kernel1_x_nonvector_78	advec_mom_kernel1_x_nonvector
1313	0.000448400	590131240	ops_par_loop_advec_mom_kernel2_x_79	advec_mom_kernel2_x
1314	0.000497133	472842752	ops_par_loop_advec_cell_kernel2_ydir_80	advec_cell_kernel2_ydir
1315	0.000789507	708203544	ops_par_loop_advec_cell_kernel3_ydir_81	advec_cell_kernel3_ydir
1316	0.001472924	1533542400	ops_par_loop_advec_cell_kernel4_ydir_82	advec_cell_kernel4_ydir
1317	0.000021701	553536	ops_par_loop_group_58	update_halo_kernel1_b2+update_halo_kernel4_minus_4_a
1318	0.000020909	553536	ops_par_loop_group_59	update_halo_kernel1_b1+update_halo_kernel4_minus_2_a
1319	0.000021501	369120	ops_par_loop_group_60	update_halo_kernel2_xvel_plus_4_a+update_halo_kernel2_yvel_minus_4_a+update_halo_kernel3_plus_4_a
1320	0.000021421	369120	ops_par_loop_group_61	update_halo_kernel2_xvel_plus_2_a+update_halo_kernel2_yvel_minus_2_a+update_halo_kernel3_plus_2_a
1321	0.000020008	246080	ops_par_loop_group_62	update_halo_kernel2_xvel_plus_4_b+update_halo_kernel2_yvel_minus_4_b
1322	0.000022042	369120	ops_par_loop_group_63	update_halo_kernel2_xvel_plus_2_b+update_halo_kernel2_yvel_minus_2_b+update_halo_kernel3_plus_4_b
1323	0.000021380	246080	ops_par_loop_group_64	update_halo_kernel2_xvel_minus_4_b+update_halo_kernel2_yvel_plus_4_b
1324	0.000019747	123040	ops_par_loop_update_halo_kernel3_plus_2_b_110	update_halo_kernel3_plus_2_b
1325	0.000019286	123008	ops_par_loop_update_halo_kernel3_minus_4_b_113	update_halo_kernel3_minus_4_b
1326	0.000017473	123008	ops_par_loop_update_halo_kernel4_minus_4_b_117	update_halo_kernel4_minus_4_b
1327	0.000021972	553536	ops_par_loop_group_68	update_halo_kernel1_t2+update_halo_kernel4_minus_2_b
1328	0.000020189	430528	ops_par_loop_update_halo_kernel1_t1_86	update_halo_kernel1_t1
1329	0.000026140	553536	ops_par_loop_group_70	update_halo_kernel1_l2+update_halo_kernel3_minus_4_a
1330	0.000022864	553536	ops_par_loop_group_71	update_halo_kernel1_l1+update_halo_kernel3_minus_2_a
1331	0.000024496	553536	ops_par_loop_group_72	update_halo_kernel1_r2+update_halo_kernel3_minus_2_b
1332	0.000021251	430528	ops_par_loop_update_halo_kernel1_r1_90	update_halo_kernel1_r1
1333	0.000028474	369120	ops_par_loop_group_74	update_halo_kernel2_xvel_minus_4_a+update_halo_kernel2_yvel_plus_4_a+update_halo_kernel4_plus_4_a
1334	0.000021991	369120	ops_par_loop_group_75	update_halo_kernel2_xvel_minus_2_a+update_halo_kernel2_yvel_plus_2_a+update_halo_kernel4_plus_2_a
1335	0.000022152	369120	ops_par_loop_group_76	update_halo_kernel2_xvel_minus_2_b+update_halo_kernel2_yvel_plus_2_b+update_halo_kernel4_plus_4_b
1336	0.000018635	123040	ops_par_loop_update_halo_kernel4_plus_2_b_122	update_halo_kernel4_plus_2_b
1337	0.001786609	1416561152	ops_par_loop_group_78	advec_mom_kernel_y2+reset_field_kernel1+ideal_gas_kernel
1338	0.000194299	236236864	ops_par_loop_advec_mom_kernel_mass_flux_y_124	advec_mom_kernel_mass_flux_y
1339	0.000533372	590438520	ops_par_loop_advec_mom_kernel_post_pre_advec_y_125	advec_mom_kernel_post_pre_advec_y
1340	0.000878356	472258640	ops_par_loop_advec_mom_kernel1_y_nonvector_126	advec_mom_kernel1_y_nonvector
1341	0.000448231	590131240	ops_par_loop_advec_mom_kernel2_y_127	advec_mom_kernel2_y
1342	0.000489980	472842752	ops_par_loop_advec_mom_kernel_y2_128	advec_mom_kernel_y2
1343	0.000192385	236236864	ops_par_loop_advec_mom_kernel_mass_flux_y_129	advec_mom_kernel_mass_flux_y
1344	0.000530747	590438520	ops_par_loop_advec_mom_kernel_post_pre_advec_y_130	advec_mom_kernel_post_pre_advec_y
1345	0.000877525	472258640	ops_par_loop_advec_mom_kernel1_y_nonvector_131	advec_mom_kernel1_y_nonvector
1346	0.000733782	1062236232	ops_par_loop_group_87	advec_mom_kernel2_y+reset_field_kernel2
1347	0.000021712	430304	ops_par_loop_update_halo_kernel1_b1_136	update_halo_kernel1_b1
1348	0.000020178	430304	ops_par_loop_update_halo_kernel1_t1_137	update_halo_kernel1_t1
1349	0.000023264	430304	ops_par_loop_update_halo_kernel1_l1_138	update_halo_kernel1_l1
1350	0.000023986	430304	ops_par_loop_update_halo_kernel1_r1_139	update_halo_kernel1_r1
1351	0.000020329	245952	ops_par_loop_group_92	update_halo_kernel2_xvel_plus_2_a+update_halo_kernel2_yvel_minus_2_a
1352	0.000020089	245952	ops_par_loop_group_93	update_halo_kernel2_xvel_plus_2_b+update_halo_kernel2_yvel_minus_2_b
1353	0.000021400	245952	ops_par_loop_group_94	update_halo_kernel2_xvel_minus_2_a+update_halo_kernel2_yvel_plus_2_a
1354	0.000021080	245952	ops_par_loop_group_95	update_halo_kernel2_xvel_minus_2_b+update_halo_kernel2_yvel_plus_2_b
1355	0.001737506	589885440	ops_par_loop_viscosity_kernel_148	viscosity_kernel
1356	0.000021551	430304	ops_par_loop_update_halo_kernel1_b1_149	update_halo_kernel1_b1
1357	0.000020068	430304	ops_par_loop_update_halo_kernel1_t1_150	update_halo_kernel1_t1
1358	0.000023625	430304	ops_par_loop_update_halo_kernel1_l1_151	update_halo_kernel1_l1
1359	0.000023013	430304	ops_par_loop_update_halo_kernel1_r1_152	update_halo_kernel1_r1
1360	0.000917761	1061744640	ops_par_loop_calc_dt_kernel_153	calc_dt_kernel
1361	0.001489044	1887436800	ops_par_loop_group_0	PdV_kernel_predict+ideal_gas_kernel
1362	0.000021731	430304	ops_par_loop_update_halo_kernel1_b1_2	update_halo_kernel1_b1
1363	0.000020689	430304	ops_par_loop_update_halo_kernel1_t1_3	update_halo_kernel1_t1
1364	0.000023695	430304	ops_par_loop_update_halo_kernel1_l1_4	update_halo_kernel1_l1
1365	0.000023635	430304	ops_par_loop_update_halo_kernel1_r1_5	update_halo_kernel1_r1
1366	0.001554910	1770147928	ops_par_loop_group_5	revert_kernel+accelerate_kernel
1367	0.001357886	1651507200	ops_par_loop_PdV_kernel_nopredict_8	PdV_kernel_nopredict
1368	0.000361575	471982080	ops_par_loop_flux_calc_kernelx_9	flux_calc_kernelx
1369	0.000359071	471982080	ops_par_loop_flux_calc_kernely_10	flux_calc_kernely
1370	0.000022162	553536	ops_par_loop_group_9	update_halo_kernel1_b2+update_halo_kernel4_minus_4_a
1371	0.000020980	553536	ops_par_loop_group_10	update_halo_kernel1_b1+update_halo_kernel4_minus_2_a
1372	0.000021771	369120	ops_par_loop_group_11	update_halo_kernel3_plus_4_a+update_halo_kernel2_xvel_plus_4_a+update_halo_kernel2_yvel_minus_4_a
1373	0.000020449	369120	ops_par_loop_group_12	update_halo_kernel3_plus_2_a+update_halo_kernel2_xvel_plus_2_a+update_halo_kernel2_yvel_minus_2_a
1374	0.000019016	123008	ops_par_loop_update_halo_kernel4_minus_4_b_29	update_halo_kernel4_minus_4_b
1375	0.000021070	553536	ops_par_loop_group_14	update_halo_kernel1_t2+update_halo_kernel4_minus_2_b
1376	0.000019727	430528	ops_par_loop_update_halo_kernel1_t1_14	update_halo_kernel1_t1
1377	0.000019607	246080	ops_par_loop_group_16	update_halo_kernel2_xvel_plus_4_b+update_halo_kernel2_yvel_minus_4_b
1378	0.000021421	369120	ops_par_loop_group_17	update_halo_kernel3_plus_4_b+update_halo_kernel2_xvel_plus_2_b+update_halo_kernel2_yvel_minus_2_b
1379	0.000018425	123040	ops_par_loop_update_halo_kernel3_plus_2_b_22	update_halo_kernel3_plus_2_b
1380	0.000025879	553536	ops_par_loop_group_19	update_halo_kernel1_l2+update_halo_kernel3_minus_4_a
1381	0.000022903	553536	ops_par_loop_group_20	update_halo_kernel1_l1+update_halo_kernel3_minus_2_a
1382	0.000019678	123008	ops_par_loop_update_halo_kernel3_minus_4_b_25	update_halo_kernel3_minus_4_b
1383	0.000024847	553536	ops_par_loop_group_22	update_halo_kernel1_r2+update_halo_kernel3_minus_2_b
1384	0.000021040	430528	ops_par_loop_update_halo_kernel1_r1_18	update_halo_kernel1_r1
1385	0.000023124	369120	ops_par_loop_group_24	update_halo_kernel4_plus_4_a+update_halo_kernel2_xvel_minus_4_a+update_halo_kernel2_yvel_plus_4_a
1386	0.000021932	369120	ops_par_loop_group_25	update_halo_kernel4_plus_2_a+update_halo_kernel2_xvel_minus_2_a+update_halo_kernel2_yvel_plus_2_a
1387	0.000021631	246080	ops_par_loop_group_26	update_halo_kernel2_xvel_minus_4_b+update_halo_kernel2_yvel_plus_4_b
1388	0.000022493	369120	ops_par_loop_group_27	update_halo_kernel4_plus_4_b+update_halo_kernel2_xvel_minus_2_b+update_halo_kernel2_yvel_plus_2_b
1389	0.000017934	123040	ops_par_loop_update_halo_kernel4_plus_2_b_34	update_halo_kernel4_plus_2_b
1390	0.000561845	591053440	ops_par_loop_advec_cell_kernel1_ydir_35	advec_cell_kernel1_ydir
1391	0.000788987	708203544	ops_par_loop_advec_cell_kernel3_ydir_36	advec_cell_kernel3_ydir
1392	0.001473114	1533542400	ops_par_loop_advec_cell_kernel4_ydir_37	advec_cell_kernel4_ydir
1393	0.000021741	553536	ops_par_loop_group_32	update_halo_kernel1_b2+update_halo_kernel4_minus_4_a
1394	0.000147340	553536	ops_par_loop_group_33	update_halo_kernel1_b1+update_halo_kernel4_minus_2_a
1395	0.000018785	123008	ops_par_loop_update_halo_kernel4_minus_4_b_64	update_halo_kernel4_minus_4_b
1396	0.000020999	553536	ops_par_loop_group_35	update_halo_kernel1_t2+update_halo_kernel4_minus_2_b
1397	0.000020089	430528	ops_par_loop_update_halo_kernel1_t1_41	update_halo_kernel1_t1
1398	0.000023385	430528	ops_par_loop_update_halo_kernel1_l2_42	update_halo_kernel1_l2
1399	0.000021330	430528	ops_par_loop_update_halo_kernel1_l1_43	update_halo_kernel1_l1
1400	0.000022493	430528	ops_par_loop_update_halo_kernel1_r2_44	update_halo_kernel1_r2
1401	0.000021120	430528	ops_par_loop_update_halo_kernel1_r1_45	update_halo_kernel1_r1
1402	0.000019297	123040	ops_par_loop_update_halo_kernel4_plus_4_a_66	update_halo_kernel4_plus_4_a
1403	0.000018715	123040	ops_par_loop_update_halo_kernel4_plus_2_a_67	update_halo_kernel4_plus_2_a
1404	0.000019116	123040	ops_par_loop_update_halo_kernel4_plus_4_b_68	update_halo_kernel4_plus_4_b
1405	0.000018265	123040	ops_par_loop_update_halo_kernel4_plus_2_b_69	update_halo_kernel4_plus_2_b
1406	0.000560654	591053440	ops_par_loop_advec_mom_kernel_y1_70	advec_mom_kernel_y1
1407	0.000191243	236236864	ops_par_loop_advec_mom_kernel_mass_flux_y_71	advec_mom_kernel_mass_flux_y
1408	0.000531749	590438520	ops_par_loop_advec_mom_kernel_post_pre_advec_y_72	advec_mom_kernel_post_pre_advec_y
1409	0.000878497	472258640	ops_par_loop_advec_mom_kernel1_y_nonvector_73	advec_mom_kernel1_y_nonvector
1410	0.000450124	590131240	ops_par_loop_advec_mom_kernel2_y_74	advec_mom_kernel2_y
1411	0.000563179	591053440	ops_par_loop_advec_mom_kernel_y1_75	advec_mom_kernel_y1
1412	0.000191493	236236864	ops_par_loop_advec_mom_kernel_mass_flux_y_76	advec_mom_kernel_mass_flux_y
1413	0.000530436	590438520	ops_par_loop_advec_mom_kernel_post_pre_advec_y_77	advec_mom_kernel_post_pre_advec_y
1414	0.000876884	472258640	ops_par_loop_advec_mom_kernel1_y_nonvector_78	advec_mom_kernel1_y_nonvector
1415	0.000449934	590131240	ops_par_loop_advec_mom_kernel2_y_79	advec_mom_kernel2_y
1416	0.000488256	472842752	ops_par_loop_advec_cell_kernel2_xdir_80	advec_cell_kernel2_xdir
1417	0.000772986	708203544	ops_par_loop_advec_cell_kernel3_xdir_81	advec_cell_kernel3_xdir
1418	0.001462885	1533542400	ops_par_loop_advec_cell_kernel4_xdir_82	advec_cell_kernel4_xdir
1419	0.000022422	553536	ops_par_loop_group_58	update_halo_kernel1_b2+update_halo_kernel4_minus_4_a
1420	0.000020919	553536	ops_par_loop_group_59	update_halo_kernel1_b1+update_halo_kernel4_minus_2_a
1421	0.000021641	369120	ops_par_loop_group_60	update_halo_kernel2_xvel_plus_4_a+update_halo_kernel2_yvel_minus_4_a+update_halo_kernel3_plus_4_a
1422	0.000020839	369120	ops_par_loop_group_61	update_halo_kernel2_xvel_plus_2_a+update_halo_kernel2_yvel_minus_2_a+update_halo_kernel3_plus_2_a
1423	0.000018906	246080	ops_par_loop_group_62	update_halo_kernel2_xvel_plus_4_b+update_halo_kernel2_yvel_minus_4_b
1424	0.000020468	369120	ops_par_loop_group_63	update_halo_kernel2_xvel_plus_2_b+update_halo_kernel2_yvel_minus_2_b+update_halo_kernel3_plus_4_b
1425	0.000021521	246080	ops_par_loop_group_64	update_halo_kernel2_xvel_minus_4_b+update_halo_kernel2_yvel_plus_4_b
1426	0.000018886	123040	ops_par_loop_update_halo_kernel3_plus_2_b_110	update_halo_kernel3_plus_2_b
1427	0.000019026	123008	ops_par_loop_update_halo_kernel3_minus_4_b_113	update_halo_kernel3_minus_4_b
1428	0.000017944	123008	ops_par_loop_update_halo_kernel4_minus_4_b_117	update_halo_kernel4_minus_4_b
1429	0.000020699	553536	ops_par_loop_group_68	update_halo_kernel1_t2+update_halo_kernel4_minus_2_b
1430	0.000019657	430528	ops_par_loop_update_halo_kernel1_t1_86	update_halo_kernel1_t1
1431	0.000026590	553536	ops_par_loop_group_70	update_halo_kernel1_l2+update_halo_kernel3_minus_4_a
1432	0.000022804	553536	ops_par_loop_group_71	update_halo_kernel1_l1+update_halo_kernel3_minus_2_a
1433	0.000025038	553536	ops_par_loop_group_72	update_halo_kernel1_r2+update_halo_kernel3_minus_2_b
1434	0.000022242	430528	ops_par_loop_update_halo_kernel1_r1_90	update_halo_kernel1_r1
1435	0.000023504	369120	ops_par_loop_group_74	update_halo_kernel2_xvel_minus_4_a+update_halo_kernel2_yvel_plus_4_a+update_halo_kernel4_plus_4_a
1436	0.000020669	369120	ops_par_loop_group_75	update_halo_kernel2_xvel_minus_2_a+update_halo_kernel2_yvel_plus_2_a+update_halo_kernel4_plus_2_a
1437	0.000022273	369120	ops_par_loop_group_76	update_halo_kernel2_xvel_minus_2_b+update_halo_kernel2_yvel_plus_2_b+update_halo_kernel4_plus_4_b
1438	0.000018355	123040	ops_par_loop_update_halo_kernel4_plus_2_b_122	update_halo_kernel4_plus_2_b
1439	0.001793993	1416561152	ops_par_loop_group_78	advec_mom_kernel_x2+reset_field_kernel1+ideal_gas_kernel
1440	0.000195952	236236864	ops_par_loop_advec_mom_kernel_mass_flux_x_124	advec_mom_kernel_mass_flux_x
1441	0.000574229	590438520	ops_par_loop_advec_mom_kernel_post_pre_advec_x_125	advec_mom_kernel_post_pre_advec_x
1442	0.000883797	472258640	ops_par_loop_advec_mom_kernel1_x_nonvector_126	advec_mom_kernel1_x_nonvector
1443	0.000446928	590131240	ops_par_loop_advec_mom_kernel2_x_127	advec_mom_kernel2_x
1444	0.000504848	472842752	ops_par_loop_advec_mom_kernel_x2_128	advec_mom_kernel_x2
1445	0.000194790	236236864	ops_par_loop_advec_mom_kernel_mass_flux_x_129	advec_mom_kernel_mass_flux_x
1446	0.000576965	590438520	ops_par_loop_advec_mom_kernel_post_pre_advec_x_130	advec_mom_kernel_post_pre_advec_x
1447	0.000883726	472258640	ops_par_loop_advec_mom_kernel1_x_nonvector_131	advec_mom_kernel1_x_nonvector
1448	0.000730766	1062236232	ops_par_loop_group_87	advec_mom_kernel2_x+reset_field_kernel2
1449	0.000021291	430304	ops_par_loop_update_halo_kernel1_b1_136	update_halo_kernel1_b1
1450	0.000020899	430304	ops_par_loop_update_halo_kernel1_t1_137	update_halo_kernel1_t1
1451	0.000025628	430304	ops_par_loop_update_halo_kernel1_l1_138	update_halo_kernel1_l1
1452	0.000024297	430304	ops_par_loop_update_halo_kernel1_r1_139	update_halo_kernel1_r1
1453	0.000018846	245952	ops_par_loop_group_92	update_halo_kernel2_xvel_plus_2_a+update_halo_kernel2_yvel_minus_2_a
1454	0.000018805	245952	ops_par_loop_group_93	update_halo_kernel2_xvel_plus_2_b+update_halo_kernel2_yvel_minus_2_b
1455	0.000020899	245952	ops_par_loop_group_94	update_halo_kernel2_xvel_minus_2_a+update_halo_kernel2_yvel_plus_2_a
1456	0.000020589	245952	ops_par_loop_group_95	update_halo_kernel2_xvel_minus_2_b+update_halo_kernel2_yvel_plus_2_b
1457	0.001737055	589885440	ops_par_loop_viscosity_kernel_148	viscosity_kernel
1458	0.000020619	430304	ops_par_loop_update_halo_kernel1_b1_149	update_halo_kernel1_b1
1459	0.000019998	430304	ops_par_loop_update_halo_kernel1_t1_150	update_halo_kernel1_t1
1460	0.000022743	430304	ops_par_loop_update_halo_kernel1_l1_151	update_halo_kernel1_l1
1461	0.000024216	430304	ops_par_loop_update_halo_kernel1_r1_152	update_halo_kernel1_r1
1462	0.000918773	1061744640	ops_par_loop_calc_dt_kernel_153	calc_dt_kernel
1463	0.001490878	1887436800	ops_par_loop_group_0	PdV_kernel_predict+ideal_gas_kernel
1464	0.000022262	430304	ops_par_loop_update_halo_kernel1_b1_2	update_halo_kernel1_b1
1465	0.000019657	430304	ops_par_loop_update_halo_kernel1_t1_3	update_halo_kernel1_t1
1466	0.000024627	430304	ops_par_loop_update_halo_kernel1_l1_4	update_halo_kernel1_l1
1467	0.000024036	430304	ops_par_loop_update_halo_kernel1_r1_5	update_halo_kernel1_r1
1468	0.001558636	1770147928	ops_par_loop_group_5	revert_kernel+accelerate_kernel
1469	0.001353577	1651507200	ops_par_loop_PdV_kernel_nopredict_8	PdV_kernel_nopredict
1470	0.000367106	471982080	ops_par_loop_flux_calc_kernelx_9	flux_calc_kernelx
1471	0.000359802	471982080	ops_par_loop_flux_calc_kernely_10	flux_calc_kernely
1472	0.000025498	553536	ops_par_loop_group_9	update_halo_kernel1_b2+update_halo_kernel4_minus_4_a
1473	0.000023835	553536	ops_par_loop_group_10	update_halo_kernel1_b1+update_halo_kernel4_minus_2_a
1474	0.000022904	369120	ops_par_loop_group_11	update_halo_kernel3_plus_4_a+update_halo_kernel2_xvel_plus_4_a+update_halo_kernel2_yvel_minus_4_a
1475	0.000021251	369120	ops_par_loop_group_12	update_halo_kernel3_plus_2_a+update_halo_kernel2_xvel_plus_2_a+update_halo_kernel2_yvel_minus_2_a
1476	0.000018986	123008	ops_par_loop_update_halo_kernel4_minus_4_b_29	update_halo_kernel4_minus_4_b
1477	0.000023525	553536	ops_par_loop_group_14	update_halo_kernel1_t2+update_halo_kernel4_minus_2_b
1478	0.000021811	430528	ops_par_loop_update_halo_kernel1_t1_14	update_halo_kernel1_t1
1479	0.000019346	246080	ops_par_loop_group_16	update_halo_kernel2_xvel_plus_4_b+update_halo_kernel2_yvel_minus_4_b
1480	0.000020599	369120	ops_par_loop_group_17	update_halo_kernel3_plus_4_b+update_halo_kernel2_xvel_plus_2_b+update_halo_kernel2_yvel_minus_2_b
1481	0.000018646	123040	ops_par_loop_update_halo_kernel3_plus_2_b_22	update_halo_kernel3_plus_2_b
1482	0.000026300	553536	ops_par_loop_group_19	update_halo_kernel1_l2+update_halo_kernel3_minus_4_a
1483	0.000024387	553536	ops_par_loop_group_20	update_halo_kernel1_l1+update_halo_kernel3_minus_2_a
1484	0.000019076	123008	ops_par_loop_update_halo_kernel3_minus_4_b_25	update_halo_kernel3_minus_4_b
1485	0.000024376	553536	ops_par_loop_group_22	update_halo_kernel1_r2+update_halo_kernel3_minus_2_b
1486	0.000022342	430528	ops_par_loop_update_halo_kernel1_r1_18	update_halo_kernel1_r1
1487	0.000023034	369120	ops_par_loop_group_24	update_halo_kernel4_plus_4_a+update_halo_kernel2_xvel_minus_4_a+update_halo_kernel2_yvel_plus_4_a
1488	0.000021571	369120	ops_par_loop_group_25	update_halo_kernel4_plus_2_a+update_halo_kernel2_xvel_minus_2_a+update_halo_kernel2_yvel_plus_2_a
1489	0.000020349	246080	ops_par_loop_group_26	update_halo_kernel2_xvel_minus_4_b+update_halo_kernel2_yvel_plus_4_b
1490	0.000022883	369120	ops_par_loop_group_27	update_halo_kernel4_plus_4_b+update_halo_kernel2_xvel_minus_2_b+update_halo_kernel2_yvel_plus_2_b
1491	0.000018996	123040	ops_par_loop_update_halo_kernel4_plus_2_b_34	update_halo_kernel4_plus_2_b
1492	0.000569390	591053440	ops_par_loop_advec_cell_kernel1_xdir_35	advec_cell_kernel1_xdir
1493	0.000772525	708203544	ops_par_loop_advec_cell_kernel3_xdir_36	advec_cell_kernel3_xdir
1494	0.001462324	1533542400	ops_par_loop_advec_cell_kernel4_xdir_37	advec_cell_kernel4_xdir
1495	0.000020840	430528	ops_par_loop_update_halo_kernel1_b2_38	update_halo_kernel1_b2
1496	0.000019527	430528	ops_par_loop_update_halo_kernel1_b1_39	update_halo_kernel1_b1
1497	0.000020198	430528	ops_par_loop_update_halo_kernel1_t2_40	update_halo_kernel1_t2
1498	0.000019957	430528	ops_par_loop_update_halo_kernel1_t1_41	update_halo_kernel1_t1
1499	0.000019026	123040	ops_par_loop_update_halo_kernel3_plus_4_a_62	update_halo_kernel3_plus_4_a
1500	0.000018375	123040	ops_par_loop_update_halo_kernel3_plus_2_a_63	update_halo_kernel3_plus_2_a
1501	0.000017834	123040	ops_par_loop_update_halo_kernel3_plus_4_b_64	update_halo_kernel3_plus_4_b
1502	0.000018655	123040	ops_par_loop_update_halo_kernel3_plus_2_b_65	update_halo_kernel3_plus_2_b
1503	0.000026461	553536	ops_par_loop_group_40	update_halo_kernel1_l2+update_halo_kernel3_minus_4_a
1504	0.000023845	553536	ops_par_loop_group_41	update_halo_kernel1_l1+update_halo_kernel3_minus_2_a
1505	0.000019026	123008	ops_par_loop_update_halo_kernel3_minus_4_b_68	update_halo_kernel3_minus_4_b
1506	0.000024437	553536	ops_par_loop_group_43	update_halo_kernel1_r2+update_halo_kernel3_minus_2_b
1507	0.000021721	430528	ops_par_loop_update_halo_kernel1_r1_45	update_halo_kernel1_r1
1508	0.000562437	591053440	ops_par_loop_advec_mom_kernel_x1_70	advec_mom_kernel_x1
1509	0.000193587	236236864	ops_par_loop_advec_mom_kernel_mass_flux_x_71	advec_mom_kernel_mass_flux_x
1510	0.000575080	590438520	ops_par_loop_advec_mom_kernel_post_pre_advec_x_72	advec_mom_kernel_post_pre_advec_x
1511	0.000884368	472258640	ops_par_loop_advec_mom_kernel1_x_nonvector_73	advec_mom_kernel1_x_nonvector
1512	0.000443000	590131240	ops_par_loop_advec_mom_kernel2_x_74	advec_mom_kernel2_x
1513	0.000562618	591053440	ops_par_loop_advec_mom_kernel_x1_75	advec_mom_kernel_x1
1514	0.000193998	236236864	ops_par_loop_advec_mom_kernel_mass_flux_x_76	advec_mom_kernel_mass_flux_x
1515	0.000577405	590438520	ops_par_loop_advec_mom_kernel_post_pre_advec_x_77	advec_mom_kernel_post_pre_advec_x
1516	0.000883686	472258640	ops_par_loop_advec_mom_kernel1_x_nonvector_78	advec_mom_kernel1_x_nonvector
1517	0.000444222	590131240	ops_par_loop_advec_mom_kernel2_x_79	advec_mom_kernel2_x
1518	0.000497604	472842752	ops_par_loop_advec_cell_kernel2_ydir_80	advec_cell_kernel2_ydir
1519	0.000790450	708203544	ops_par_loop_advec_cell_kernel3_ydir_81	advec_cell_kernel3_ydir
1520	0.001472293	1533542400	ops_par_loop_advec_cell_kernel4_ydir_82	advec_cell_kernel4_ydir
1521	0.000023866	553536	ops_par_loop_group_58	update_halo_kernel1_b2+update_halo_kernel4_minus_4_a
1522	0.000021371	553536	ops_par_loop_group_59	update_halo_kernel1_b1+update_halo_kernel4_minus_2_a
1523	0.000022162	369120	ops_par_loop_group_60	update_halo_kernel2_xvel_plus_4_a+update_halo_kernel2_yvel_minus_4_a+update_halo_kernel3_plus_4_a
1524	0.000021180	369120	ops_par_loop_group_61	update_halo_kernel2_xvel_plus_2_a+update_halo_kernel2_yvel_minus_2_a+update_halo_kernel3_plus_2_a
1525	0.000019617	246080	ops_par_loop_group_62	update_halo_kernel2_xvel_plus_4_b+update_halo_kernel2_yvel_minus_4_b
1526	0.000021310	369120	ops_par_loop_group_63	update_halo_kernel2_xvel_plus_2_b+update_halo_kernel2_yvel_minus_2_b+update_halo_kernel3_plus_4_b
1527	0.000022332	246080	ops_par_loop_group_64	update_halo_kernel2_xvel_minus_4_b+update_halo_kernel2_yvel_plus_4_b
1528	0.000019557	123040	ops_par_loop_update_halo_kernel3_plus_2_b_110	update_halo_kernel3_plus_2_b
1529	0.000019708	123008	ops_par_loop_update_halo_kernel3_minus_4_b_113	update_halo_kernel3_minus_4_b
1530	0.000018315	123008	ops_par_loop_update_halo_kernel4_minus_4_b_117	update_halo_kernel4_minus_4_b
1531	0.000021241	553536	ops_par_loop_group_68	update_halo_kernel1_t2+update_halo_kernel4_minus_2_b
1532	0.000020829	430528	ops_par_loop_update_halo_kernel1_t1_86	update_halo_kernel1_t1
1533	0.000026860	553536	ops_par_loop_group_70	update_halo_kernel1_l2+update_halo_kernel3_minus_4_a
1534	0.000023795	553536	ops_par_loop_group_71	update_halo_kernel1_l1+update_halo_kernel3_minus_2_a
1535	0.000026690	553536	ops_par_loop_group_72	update_halo_kernel1_r2+update_halo_kernel3_minus_2_b
1536	0.000021310	430528	ops_par_loop_update_halo_kernel1_r1_90	update_halo_kernel1_r1
1537	0.000023254	369120	ops_par_loop_group_74	update_halo_kernel2_xvel_minus_4_a+update_halo_kernel2_yvel_plus_4_a+update_halo_kernel4_plus_4_a
1538	0.000021711	369120	ops_par_loop_group_75	update_halo_kernel2_xvel_minus_2_a+update_halo_kernel2_yvel_plus_2_a+update_halo_kernel4_plus_2_a
1539	0.000023254	369120	ops_par_loop_group_76	update_halo_kernel2_xvel_minus_2_b+update_halo_kernel2_yvel_plus_2_b+update_halo_kernel4_plus_4_b
1540	0.000019196	123040	ops_par_loop_update_halo_kernel4_plus_2_b_122	update_halo_kernel4_plus_2_b
1541	0.001779115	1416561152	ops_par_loop_group_78	advec_mom_kernel_y2+reset_field_kernel1+ideal_gas_kernel
1542	0.000195561	236236864	ops_par_loop_advec_mom_kernel_mass_flux_y_124	advec_mom_kernel_mass_flux_y
1543	0.000533261	590438520	ops_par_loop_advec_mom_kernel_post_pre_advec_y_125	advec_mom_kernel_post_pre_advec_y
1544	0.000935444	472258640	ops_par_loop_advec_mom_kernel1_y_nonvector_126	advec_mom_kernel1_y_nonvector
1545	0.000446577	590131240	ops_par_loop_advec_mom_kernel2_y_127	advec_mom_kernel2_y
1546	0.000491132	472842752	ops_par_loop_advec_mom_kernel_y2_128	advec_mom_kernel_y2
1547	0.000192746	236236864	ops_par_loop_advec_mom_kernel_mass_flux_y_129	advec_mom_kernel_mass_flux_y
1548	0.000533231	590438520	ops_par_loop_advec_mom_kernel_post_pre_advec_y_130	advec_mom_kernel_post_pre_advec_y
1549	0.000878306	472258640	ops_par_loop_advec_mom_kernel1_y_nonvector_131	advec_mom_kernel1_y_nonvector
1550	0.000736027	1062236232	ops_par_loop_group_87	advec_mom_kernel2_y+reset_field_kernel2
1551	0.000020890	430304	ops_par_loop_update_halo_kernel1_b1_136	update_halo_kernel1_b1
1552	0.000020339	430304	ops_par_loop_update_halo_kernel1_t1_137	update_halo_kernel1_t1
1553	0.000023845	430304	ops_par_loop_update_halo_kernel1_l1_138	update_halo_kernel1_l1
1554	0.000024156	430304	ops_par_loop_update_halo_kernel1_r1_139	update_halo_kernel1_r1
1555	0.000019858	245952	ops_par_loop_group_92	update_halo_kernel2_xvel_plus_2_a+update_halo_kernel2_yvel_minus_2_a
1556	0.000018846	245952	ops_par_loop_group_93	update_halo_kernel2_xvel_plus_2_b+update_halo_kernel2_yvel_minus_2_b
1557	0.000020879	245952	ops_par_loop_group_94	update_halo_kernel2_xvel_minus_2_a+update_halo_kernel2_yvel_plus_2_a
1558	0.000022442	245952	ops_par_loop_group_95	update_halo_kernel2_xvel_minus_2_b+update_halo_kernel2_yvel_plus_2_b
1559	0.001737867	589885440	ops_par_loop_viscosity_kernel_148	viscosity_kernel
1560	0.000021772	430304	ops_par_loop_update_halo_kernel1_b1_149	update_halo_kernel1_b1
1561	0.000020529	430304	ops_par_loop_update_halo_kernel1_t1_150	update_halo_kernel1_t1
1562	0.000024276	430304	ops_par_loop_update_halo_kernel1_l1_151	update_halo_kernel1_l1
1563	0.000023304	430304	ops_par_loop_update_halo_kernel1_r1_152	update_halo_kernel1_r1
1564	0.000918753	1061744640	ops_par_loop_calc_dt_kernel_153	calc_dt_kernel
1565	0.001489585	1887436800	ops_par_loop_group_0	PdV_kernel_predict+ideal_gas_kernel
1566	0.000022112	430304	ops_par_loop_update_halo_kernel1_b1_2	update_halo_kernel1_b1
1567	0.000020840	430304	ops_par_loop_update_halo_kernel1_t1_3	update_halo_kernel1_t1
1568	0.000024657	430304	ops_par_loop_update_halo_kernel1_l1_4	update_halo_kernel1_l1
1569	0.000023595	430304	ops_par_loop_update_halo_kernel1_r1_5	update_halo_kernel1_r1
1570	0.001555901	1770147928	ops_par_loop_group_5	revert_kernel+accelerate_kernel
1571	0.001354399	1651507200	ops_par_loop_PdV_kernel_nopredict_8	PdV_kernel_nopredict
1572	0.000362397	471982080	ops_par_loop_flux_calc_kernelx_9	flux_calc_kernelx
1573	0.000357679	471982080	ops_par_loop_flux_calc_kernely_10	flux_calc_kernely
1574	0.000027813	553536	ops_par_loop_group_9	update_halo_kernel1_b2+update_halo_kernel4_minus_4_a
1575	0.000022273	553536	ops_par_loop_group_10	update_halo_kernel1_b1+update_halo_kernel4_minus_2_a
1576	0.000022031	369120	ops_par_loop_group_11	update_halo_kernel3_plus_4_a+update_halo_kernel2_xvel_plus_4_a+update_halo_kernel2_yvel_minus_4_a
1577	0.000021250	369120	ops_par_loop_group_12	update_halo_kernel3_plus_2_a+update_halo_kernel2_xvel_plus_2_a+update_halo_kernel2_yvel_minus_2_a
1578	0.000018515	123008	ops_par_loop_update_halo_kernel4_minus_4_b_29	update_halo_kernel4_minus_4_b
1579	0.000022443	553536	ops_par_loop_group_14	update_halo_kernel1_t2+update_halo_kernel4_minus_2_b
1580	0.000020208	430528	ops_par_loop_update_halo_kernel1_t1_14	update_halo_kernel1_t1
1581	0.000019918	246080	ops_par_loop_group_16	update_halo_kernel2_xvel_plus_4_b+update_halo_kernel2_yvel_minus_4_b
1582	0.000021942	369120	ops_par_loop_group_17	update_halo_kernel3_plus_4_b+update_halo_kernel2_xvel_plus_2_b+update_halo_kernel2_yvel_minus_2_b
1583	0.000018716	123040	ops_par_loop_update_halo_kernel3_plus_2_b_22	update_halo_kernel3_plus_2_b
1584	0.000026310	553536	ops_par_loop_group_19	update_halo_kernel1_l2+update_halo_kernel3_minus_4_a
1585	0.000023464	553536	ops_par_loop_group_20	update_halo_kernel1_l1+update_halo_kernel3_minus_2_a
1586	0.000019207	123008	ops_par_loop_update_halo_kernel3_minus_4_b_25	update_halo_kernel3_minus_4_b
1587	0.000025218	553536	ops_par_loop_group_22	update_halo_kernel1_r2+update_halo_kernel3_minus_2_b
1588	0.000021691	430528	ops_par_loop_update_halo_kernel1_r1_18	update_halo_kernel1_r1
1589	0.000023254	369120	ops_par_loop_group_24	update_halo_kernel4_plus_4_a+update_halo_kernel2_xvel_minus_4_a+update_halo_kernel2_yvel_plus_4_a
1590	0.000022343	369120	ops_par_loop_group_25	update_halo_kernel4_plus_2_a+update_halo_kernel2_xvel_minus_2_a+update_halo_kernel2_yvel_plus_2_a
1591	0.000020840	246080	ops_par_loop_group_26	update_halo_kernel2_xvel_minus_4_b+update_halo_kernel2_yvel_plus_4_b
1592	0.000021881	369120	ops_par_loop_group_27	update_halo_kernel4_plus_4_b+update_halo_kernel2_xvel_minus_2_b+update_halo_kernel2_yvel_plus_2_b
1593	0.000018275	123040	ops_par_loop_update_halo_kernel4_plus_2_b_34	update_halo_kernel4_plus_2_b
1594	0.000563889	591053440	ops_par_loop_advec_cell_kernel1_ydir_35	advec_cell_kernel1_ydir
1595	0.000789247	708203544	ops_par_loop_advec_cell_kernel3_ydir_36	advec_cell_kernel3_ydir
1596	0.001474096	1533542400	ops_par_loop_advec_cell_kernel4_ydir_37	advec_cell_kernel4_ydir
1597	0.000022463	553536	ops_par_loop_group_32	update_halo_kernel1_b2+update_halo_kernel4_minus_4_a
1598	0.000021872	553536	ops_par_loop_group_33	update_halo_kernel1_b1+update_halo_kernel4_minus_2_a
1599	0.000019988	123008	ops_par_loop_update_halo_kernel4_minus_4_b_64	update_halo_kernel4_minus_4_b
1600	0.000027622	553536	ops_par_loop_group_35	update_halo_kernel1_t2+update_halo_kernel4_minus_2_b
1601	0.000021471	430528	ops_par_loop_update_halo_kernel1_t1_41	update_halo_kernel1_t1
1602	0.000026761	430528	ops_par_loop_update_halo_kernel1_l2_42	update_halo_kernel1_l2
1603	0.000023434	430528	ops_par_loop_update_halo_kernel1_l1_43	update_halo_kernel1_l1
1604	0.000025098	430528	ops_par_loop_update_halo_kernel1_r2_44	update_halo_kernel1_r2
1605	0.000023314	430528	ops_par_loop_update_halo_kernel1_r1_45	update_halo_kernel1_r1
1606	0.000021411	123040	ops_par_loop_update_halo_kernel4_plus_4_a_66	update_halo_kernel4_plus_4_a
1607	0.000020299	123040	ops_par_loop_update_halo_kernel4_plus_2_a_67	update_halo_kernel4_plus_2_a
1608	0.000022814	123040	ops_par_loop_update_halo_kernel4_plus_4_b_68	update_halo_kernel4_plus_4_b
1609	0.000019677	123040	ops_par_loop_update_halo_kernel4_plus_2_b_69	update_halo_kernel4_plus_2_b
1610	0.000563098	591053440	ops_par_loop_advec_mom_kernel_y1_70	advec_mom_kernel_y1
1611	0.000194299	236236864	ops_par_loop_advec_mom_kernel_mass_flux_y_71	advec_mom_kernel_mass_flux_y
1612	0.000534705	590438520	ops_par_loop_advec_mom_kernel_post_pre_advec_y_72	advec_mom_kernel_post_pre_advec_y
1613	0.000879228	472258640	ops_par_loop_advec_mom_kernel1_y_nonvector_73	advec_mom_kernel1_y_nonvector
1614	0.000448070	590131240	ops_par_loop_advec_mom_kernel2_y_74	advec_mom_kernel2_y
1615	0.000561325	591053440	ops_par_loop_advec_mom_kernel_y1_75	advec_mom_kernel_y1
1616	0.000191483	236236864	ops_par_loop_advec_mom_kernel_mass_flux_y_76	advec_mom_kernel_mass_flux_y
1617	0.000533912	590438520	ops_par_loop_advec_mom_kernel_post_pre_advec_y_77	advec_mom_kernel_post_pre_advec_y
1618	0.000877374	472258640	ops_par_loop_advec_mom_kernel1_y_nonvector_78	advec_mom_kernel1_y_nonvector
1619	0.000449362	590131240	ops_par_loop_advec_mom_kernel2_y_79	advec_mom_kernel2_y
1620	0.000489730	472842752	ops_par_loop_advec_cell_kernel2_xdir_80	advec_cell_kernel2_xdir
1621	0.000773698	708203544	ops_par_loop_advec_cell_kernel3_xdir_81	advec_cell_kernel3_xdir
1622	0.001462455	1533542400	ops_par_loop_advec_cell_kernel4_xdir_82	advec_cell_kernel4_xdir
1623	0.000022112	553536	ops_par_loop_group_58	update_halo_kernel1_b2+update_halo_kernel4_minus_4_a
1624	0.000021171	553536	ops_par_loop_group_59	update_halo_kernel1_b1+update_halo_kernel4_minus_2_a
1625	0.000021271	369120	ops_par_loop_group_60	update_halo_kernel2_xvel_plus_4_a+update_halo_kernel2_yvel_minus_4_a+update_halo_kernel3_plus_4_a
1626	0.000023475	369120	ops_par_loop_group_61	update_halo_kernel2_xvel_plus_2_a+update_halo_kernel2_yvel_minus_2_a+update_halo_kernel3_plus_2_a
1627	0.000019627	246080	ops_par_loop_group_62	update_halo_kernel2_xvel_plus_4_b+update_halo_kernel2_yvel_minus_4_b
1628	0.000021050	369120	ops_par_loop_group_63	update_halo_kernel2_xvel_plus_2_b+update_halo_kernel2_yvel_minus_2_b+update_halo_kernel3_plus_4_b
1629	0.000021550	246080	ops_par_loop_group_64	update_halo_kernel2_xvel_minus_4_b+update_halo_kernel2_yvel_plus_4_b
1630	0.000019868	123040	ops_par_loop_update_halo_kernel3_plus_2_b_110	update_halo_kernel3_plus_2_b
1631	0.000019517	123008	ops_par_loop_update_halo_kernel3_minus_4_b_113	update_halo_kernel3_minus_4_b
1632	0.000017373	123008	ops_par_loop_update_halo_kernel4_minus_4_b_117	update_halo_kernel4_minus_4_b
1633	0.000020689	553536	ops_par_loop_group_68	update_halo_kernel1_t2+update_halo_kernel4_minus_2_b
1634	0.000020109	430528	ops_par_loop_update_halo_kernel1_t1_86	update_halo_kernel1_t1
1635	0.000027672	553536	ops_par_loop_group_70	update_halo_kernel1_l2+update_halo_kernel3_minus_4_a
1636	0.000024126	553536	ops_par_loop_group_71	update_halo_kernel1_l1+update_halo_kernel3_minus_2_a
1637	0.000024466	553536	ops_par_loop_group_72	update_halo_kernel1_r2+update_halo_kernel3_minus_2_b
1638	0.000021541	430528	ops_par_loop_update_halo_kernel1_r1_90	update_halo_kernel1_r1
1639	0.000023715	369120	ops_par_loop_group_74	update_halo_kernel2_xvel_minus_4_a+update_halo_kernel2_yvel_plus_4_a+update_halo_kernel4_plus_4_a
1640	0.000021641	369120	ops_par_loop_group_75	update_halo_kernel2_xvel_minus_2_a+update_halo_kernel2_yvel_plus_2_a+update_halo_kernel4_plus_2_a
1641	0.000022092	369120	ops_par_loop_group_76	update_halo_kernel2_xvel_minus_2_b+update_halo_kernel2_yvel_plus_2_b+update_halo_kernel4_plus_4_b
1642	0.000018435	123040	ops_par_loop_update_halo_kernel4_plus_2_b_122	update_halo_kernel4_plus_2_b
1643	0.001791759	1416561152	ops_par_loop_group_78	advec_mom_kernel_x2+reset_field_kernel1+ideal_gas_kernel
1644	0.000196493	236236864	ops_par_loop_advec_mom_kernel_mass_flux_x_124	advec_mom_kernel_mass_flux_x
1645	0.000577396	590438520	ops_par_loop_advec_mom_kernel_post_pre_advec_x_125	advec_mom_kernel_post_pre_advec_x
1646	0.000885359	472258640	ops_par_loop_advec_mom_kernel1_x_nonvector_126	advec_mom_kernel1_x_nonvector
1647	0.000448601	590131240	ops_par_loop_advec_mom_kernel2_x_127	advec_mom_kernel2_x
1648	0.000500380	472842752	ops_par_loop_advec_mom_kernel_x2_128	advec_mom_kernel_x2
1649	0.000194108	236236864	ops_par_loop_advec_mom_kernel_mass_flux_x_129	advec_mom_kernel_mass_flux_x
1650	0.000574600	590438520	ops_par_loop_advec_mom_kernel_post_pre_advec_x_130	advec_mom_kernel_post_pre_advec_x
1651	0.000884027	472258640	ops_par_loop_advec_mom_kernel1_x_nonvector_131	advec_mom_kernel1_x_nonvector
1652	0.000729403	1062236232	ops_par_loop_group_87	advec_mom_kernel2_x+reset_field_kernel2
1653	0.000021601	430304	ops_par_loop_update_halo_kernel1_b1_136	update_halo_kernel1_b1
1654	0.000020198	430304	ops_par_loop_update_halo_kernel1_t1_137	update_halo_kernel1_t1
1655	0.000024657	430304	ops_par_loop_update_halo_kernel1_l1_138	update_halo_kernel1_l1
1656	0.000024366	430304	ops_par_loop_update_halo_kernel1_r1_139	update_halo_kernel1_r1
1657	0.000019447	245952	ops_par_loop_group_92	update_halo_kernel2_xvel_plus_2_a+update_halo_kernel2_yvel_minus_2_a
1658	0.000019497	245952	ops_par_loop_group_93	update_halo_kernel2_xvel_plus_2_b+update_halo_kernel2_yvel_minus_2_b
1659	0.000021301	245952	ops_par_loop_group_94	update_halo_kernel2_xvel_minus_2_a+update_halo_kernel2_yvel_plus_2_a
1660	0.000020850	245952	ops_par_loop_group_95	update_halo_kernel2_xvel_minus_2_b+update_halo_kernel2_yvel_plus_2_b
1661	0.001737606	589885440	ops_par_loop_viscosity_kernel_148	viscosity_kernel
1662	0.000022132	430304	ops_par_loop_update_halo_kernel1_b1_149	update_halo_kernel1_b1
1663	0.000020799	430304	ops_par_loop_update_halo_kernel1_t1_150	update_halo_kernel1_t1
1664	0.000023966	430304	ops_par_loop_update_halo_kernel1_l1_151	update_halo_kernel1_l1
1665	0.000023996	430304	ops_par_loop_update_halo_kernel1_r1_152	update_halo_kernel1_r1
1666	0.000918453	1061744640	ops_par_loop_calc_dt_kernel_153	calc_dt_kernel
1667	0.001486059	1887436800	ops_par_loop_group_0	PdV_kernel_predict+ideal_gas_kernel
1668	0.000023154	430304	ops_par_loop_update_halo_kernel1_b1_2	update_halo_kernel1_b1
1669	0.000021360	430304	ops_par_loop_update_halo_kernel1_t1_3	update_halo_kernel1_t1
1670	0.000023815	430304	ops_par_loop_update_halo_kernel1_l1_4	update_halo_kernel1_l1
1671	0.000025037	430304	ops_par_loop_update_halo_kernel1_r1_5	update_halo_kernel1_r1
1672	0.001556753	1770147928	ops_par_loop_group_5	revert_kernel+accelerate_kernel
1673	0.001354449	1651507200	ops_par_loop_PdV_kernel_nopredict_8	PdV_kernel_nopredict
1674	0.000363890	471982080	ops_par_loop_flux_calc_kernelx_9	flux_calc_kernelx
1675	0.000358359	471982080	ops_par_loop_flux_calc_kernely_10	flux_calc_kernely
1676	0.000022753	553536	ops_par_loop_group_9	update_halo_kernel1_b2+update_halo_kernel4_minus_4_a
1677	0.000020849	553536	ops_par_loop_group_10	update_halo_kernel1_b1+update_halo_kernel4_minus_2_a
1678	0.000021761	369120	ops_par_loop_group_11	update_halo_kernel3_plus_4_a+update_halo_kernel2_xvel_plus_4_a+update_halo_kernel2_yvel_minus_4_a
1679	0.000020920	369120	ops_par_loop_group_12	update_halo_kernel3_plus_2_a+update_halo_kernel2_xvel_plus_2_a+update_halo_kernel2_yvel_minus_2_a
1680	0.000017944	123008	ops_par_loop_update_halo_kernel4_minus_4_b_29	update_halo_kernel4_minus_4_b
1681	0.000020819	553536	ops_par_loop_group_14	update_halo_kernel1_t2+update_halo_kernel4_minus_2_b
1682	0.000020068	430528	ops_par_loop_update_halo_kernel1_t1_14	update_halo_kernel1_t1
1683	0.000019838	246080	ops_par_loop_group_16	update_halo_kernel2_xvel_plus_4_b+update_halo_kernel2_yvel_minus_4_b
1684	0.000020098	369120	ops_par_loop_group_17	update_halo_kernel3_plus_4_b+update_halo_kernel2_xvel_plus_2_b+update_halo_kernel2_yvel_minus_2_b
1685	0.000018635	123040	ops_par_loop_update_halo_kernel3_plus_2_b_22	update_halo_kernel3_plus_2_b
1686	0.000026190	553536	ops_par_loop_group_19	update_halo_kernel1_l2+update_halo_kernel3_minus_4_a
1687	0.000023335	553536	ops_par_loop_group_20	update_halo_kernel1_l1+update_halo_kernel3_minus_2_a
1688	0.000018956	123008	ops_par_loop_update_halo_kernel3_minus_4_b_25	update_halo_kernel3_minus_4_b
1689	0.000024036	553536	ops_par_loop_group_22	update_halo_kernel1_r2+update_halo_kernel3_minus_2_b
1690	0.000021440	430528	ops_par_loop_update_halo_kernel1_r1_18	update_halo_kernel1_r1
1691	0.000023645	369120	ops_par_loop_group_24	update_halo_kernel4_plus_4_a+update_halo_kernel2_xvel_minus_4_a+update_halo_kernel2_yvel_plus_4_a
1692	0.000021521	369120	ops_par_loop_group_25	update_halo_kernel4_plus_2_a+update_halo_kernel2_xvel_minus_2_a+update_halo_kernel2_yvel_plus_2_a
1693	0.000020108	246080	ops_par_loop_group_26	update_halo_kernel2_xvel_minus_4_b+update_halo_kernel2_yvel_plus_4_b
1694	0.000022402	369120	ops_par_loop_group_27	update_halo_kernel4_plus_4_b+update_halo_kernel2_xvel_minus_2_b+update_halo_kernel2_yvel_plus_2_b
1695	0.000018314	123040	ops_par_loop_update_halo_kernel4_plus_2_b_34	update_halo_kernel4_plus_2_b
1696	0.000563580	591053440	ops_par_loop_advec_cell_kernel1_xdir_35	advec_cell_kernel1_xdir
1697	0.000774069	708203544	ops_par_loop_advec_cell_kernel3_xdir_36	advec_cell_kernel3_xdir
1698	0.001459028	1533542400	ops_par_loop_advec_cell_kernel4_xdir_37	advec_cell_kernel4_xdir
1699	0.000021130	430528	ops_par_loop_update_halo_kernel1_b2_38	update_halo_kernel1_b2
1700	0.000020018	430528	ops_par_loop_update_halo_kernel1_b1_39	update_halo_kernel1_b1
1701	0.000020469	430528	ops_par_loop_update_halo_kernel1_t2_40	update_halo_kernel1_t2
1702	0.000020238	430528	ops_par_loop_update_halo_kernel1_t1_41	update_halo_kernel1_t1
1703	0.000019217	123040	ops_par_loop_update_halo_kernel3_plus_4_a_62	update_halo_kernel3_plus_4_a
1704	0.000017844	123040	ops_par_loop_update_halo_kernel3_plus_2_a_63	update_halo_kernel3_plus_2_a
1705	0.000017693	123040	ops_par_loop_update_halo_kernel3_plus_4_b_64	update_halo_kernel3_plus_4_b
1706	0.000018616	123040	ops_par_loop_update_halo_kernel3_plus_2_b_65	update_halo_kernel3_plus_2_b
1707	0.000026891	553536	ops_par_loop_group_40	update_halo_kernel1_l2+update_halo_kernel3_minus_4_a
1708	0.000023454	553536	ops_par_loop_group_41	update_halo_kernel1_l1+update_halo_kernel3_minus_2_a
1709	0.000019177	123008	ops_par_loop_update_halo_kernel3_minus_4_b_68	update_halo_kernel3_minus_4_b
1710	0.000024417	553536	ops_par_loop_group_43	update_halo_kernel1_r2+update_halo_kernel3_minus_2_b
1711	0.000021371	430528	ops_par_loop_update_halo_kernel1_r1_45	update_halo_kernel1_r1
1712	0.000561695	591053440	ops_par_loop_advec_mom_kernel_x1_70	advec_mom_kernel_x1
1713	0.000194318	236236864	ops_par_loop_advec_mom_kernel_mass_flux_x_71	advec_mom_kernel_mass_flux_x
1714	0.000573518	590438520	ops_par_loop_advec_mom_kernel_post_pre_advec_x_72	advec_mom_kernel_post_pre_advec_x
1715	0.000883706	472258640	ops_par_loop_advec_mom_kernel1_x_nonvector_73	advec_mom_kernel1_x_nonvector
1716	0.000443872	590131240	ops_par_loop_advec_mom_kernel2_x_74	advec_mom_kernel2_x
1717	0.000560593	591053440	ops_par_loop_advec_mom_kernel_x1_75	advec_mom_kernel_x1
1718	0.000194288	236236864	ops_par_loop_advec_mom_kernel_mass_flux_x_76	advec_mom_kernel_mass_flux_x
1719	0.000574751	590438520	ops_par_loop_advec_mom_kernel_post_pre_advec_x_77	advec_mom_kernel_post_pre_advec_x
1720	0.000883907	472258640	ops_par_loop_advec_mom_kernel1_x_nonvector_78	advec_mom_kernel1_x_nonvector
1721	0.000455654	590131240	ops_par_loop_advec_mom_kernel2_x_79	advec_mom_kernel2_x
1722	0.000496903	472842752	ops_par_loop_advec_cell_kernel2_ydir_80	advec_cell_kernel2_ydir
1723	0.000789397	708203544	ops_par_loop_advec_cell_kernel3_ydir_81	advec_cell_kernel3_ydir
1724	0.001468897	1533542400	ops_par_loop_advec_cell_kernel4_ydir_82	advec_cell_kernel4_ydir
1725	0.000023044	553536	ops_par_loop_group_58	update_halo_kernel1_b2+update_halo_kernel4_minus_4_a
1726	0.000021360	553536	ops_par_loop_group_59	update_halo_kernel1_b1+update_halo_kernel4_minus_2_a
1727	0.000022122	369120	ops_par_loop_group_60	update_halo_kernel2_xvel_plus_4_a+update_halo_kernel2_yvel_minus_4_a+update_halo_kernel3_plus_4_a
1728	0.000021040	369120	ops_par_loop_group_61	update_halo_kernel2_xvel_plus_2_a+update_halo_kernel2_yvel_minus_2_a+update_halo_kernel3_plus_2_a
1729	0.000019627	246080	ops_par_loop_group_62	update_halo_kernel2_xvel_plus_4_b+update_halo_kernel2_yvel_minus_4_b
1730	0.000020819	369120	ops_par_loop_group_63	update_halo_kernel2_xvel_plus_2_b+update_halo_kernel2_yvel_minus_2_b+update_halo_kernel3_plus_4_b
1731	0.000021802	246080	ops_par_loop_group_64	update_halo_kernel2_xvel_minus_4_b+update_halo_kernel2_yvel_plus_4_b
1732	0.000019056	123040	ops_par_loop_update_halo_kernel3_plus_2_b_110	update_halo_kernel3_plus_2_b
1733	0.000019497	123008	ops_par_loop_update_halo_kernel3_minus_4_b_113	update_halo_kernel3_minus_4_b
1734	0.000017844	123008	ops_par_loop_update_halo_kernel4_minus_4_b_117	update_halo_kernel4_minus_4_b
1735	0.000020819	553536	ops_par_loop_group_68	update_halo_kernel1_t2+update_halo_kernel4_minus_2_b
1736	0.000020419	430528	ops_par_loop_update_halo_kernel1_t1_86	update_halo_kernel1_t1
1737	0.000026741	553536	ops_par_loop_group_70	update_halo_kernel1_l2+update_halo_kernel3_minus_4_a
1738	0.000023895	553536	ops_par_loop_group_71	update_halo_kernel1_l1+update_halo_kernel3_minus_2_a
1739	0.000025509	553536	ops_par_loop_group_72	update_halo_kernel1_r2+update_halo_kernel3_minus_2_b
1740	0.000021891	430528	ops_par_loop_update_halo_kernel1_r1_90	update_halo_kernel1_r1
1741	0.000023265	369120	ops_par_loop_group_74	update_halo_kernel2_xvel_minus_4_a+update_halo_kernel2_yvel_plus_4_a+update_halo_kernel4_plus_4_a
1742	0.000021872	369120	ops_par_loop_group_75	update_halo_kernel2_xvel_minus_2_a+update_halo_kernel2_yvel_plus_2_a+update_halo_kernel4_plus_2_a
1743	0.000022853	369120	ops_par_loop_group_76	update_halo_kernel2_xvel_minus_2_b+update_halo_kernel2_yvel_plus_2_b+update_halo_kernel4_plus_4_b
1744	0.000018254	123040	ops_par_loop_update_halo_kernel4_plus_2_b_122	update_halo_kernel4_plus_2_b
1745	0.001795506	1416561152	ops_par_loop_group_78	advec_mom_kernel_y2+reset_field_kernel1+ideal_gas_kernel
1746	0.000194098	236236864	ops_par_loop_advec_mom_kernel_mass_flux_y_124	advec_mom_kernel_mass_flux_y
1747	0.000532370	590438520	ops_par_loop_advec_mom_kernel_post_pre_advec_y_125	advec_mom_kernel_post_pre_advec_y
1748	0.000878848	472258640	ops_par_loop_advec_mom_kernel1_y_nonvector_126	advec_mom_kernel1_y_nonvector
1749	0.000445435	590131240	ops_par_loop_advec_mom_kernel2_y_127	advec_mom_kernel2_y
1750	0.000491192	472842752	ops_par_loop_advec_mom_kernel_y2_128	advec_mom_kernel_y2
1751	0.000193127	236236864	ops_par_loop_advec_mom_kernel_mass_flux_y_129	advec_mom_kernel_mass_flux_y
1752	0.000530597	590438520	ops_par_loop_advec_mom_kernel_post_pre_advec_y_130	advec_mom_kernel_post_pre_advec_y
1753	0.000876874	472258640	ops_par_loop_advec_mom_kernel1_y_nonvector_131	advec_mom_kernel1_y_nonvector
1754	0.000732851	1062236232	ops_par_loop_group_87	advec_mom_kernel2_y+reset_field_kernel2
1755	0.000022392	430304	ops_par_loop_update_halo_kernel1_b1_136	update_halo_kernel1_b1
1756	0.000019877	430304	ops_par_loop_update_halo_kernel1_t1_137	update_halo_kernel1_t1
1757	0.000024016	430304	ops_par_loop_update_halo_kernel1_l1_138	update_halo_kernel1_l1
1758	0.000024136	430304	ops_par_loop_update_halo_kernel1_r1_139	update_halo_kernel1_r1
1759	0.000019367	245952	ops_par_loop_group_92	update_halo_kernel2_xvel_plus_2_a+update_halo_kernel2_yvel_minus_2_a
1760	0.000018966	245952	ops_par_loop_group_93	update_halo_kernel2_xvel_plus_2_b+update_halo_kernel2_yvel_minus_2_b
1761	0.000021080	245952	ops_par_loop_group_94	update_halo_kernel2_xvel_minus_2_a+update_halo_kernel2_yvel_plus_2_a
1762	0.000021040	245952	ops_par_loop_group_95	update_halo_kernel2_xvel_minus_2_b+update_halo_kernel2_yvel_plus_2_b
1763	0.001737326	589885440	ops_par_loop_viscosity_kernel_148	viscosity_kernel
1764	0.000021591	430304	ops_par_loop_update_halo_kernel1_b1_149	update_halo_kernel1_b1
1765	0.000020769	430304	ops_par_loop_update_halo_kernel1_t1_150	update_halo_kernel1_t1
1766	0.000023635	430304	ops_par_loop_update_halo_kernel1_l1_151	update_halo_kernel1_l1
1767	0.000023614	430304	ops_par_loop_update_halo_kernel1_r1_152	update_halo_kernel1_r1
1768	0.000918392	1061744640	ops_par_loop_calc_dt_kernel_153	calc_dt_kernel
1769	0.001485278	1887436800	ops_par_loop_group_0	PdV_kernel_predict+ideal_gas_kernel
1770	0.000022573	430304	ops_par_loop_update_halo_kernel1_b1_2	update_halo_kernel1_b1
1771	0.000020519	430304	ops_par_loop_update_halo_kernel1_t1_3	update_halo_kernel1_t1
1772	0.000023525	430304	ops_par_loop_update_halo_kernel1_l1_4	update_halo_kernel1_l1
1773	0.000023545	430304	ops_par_loop_update_halo_kernel1_r1_5	update_halo_kernel1_r1
1774	0.001553477	1770147928	ops_par_loop_group_5	revert_kernel+accelerate_kernel
1775	0.001357736	1651507200	ops_par_loop_PdV_kernel_nopredict_8	PdV_kernel_nopredict
1776	0.000362247	471982080	ops_par_loop_flux_calc_kernelx_9	flux_calc_kernelx
1777	0.000359462	471982080	ops_par_loop_flux_calc_kernely_10	flux_calc_kernely
1778	0.000022924	553536	ops_par_loop_group_9	update_halo_kernel1_b2+update_halo_kernel4_minus_4_a
1779	0.000020820	553536	ops_par_loop_group_10	update_halo_kernel1_b1+update_halo_kernel4_minus_2_a
1780	0.000020398	369120	ops_par_loop_group_11	update_halo_kernel3_plus_4_a+update_halo_kernel2_xvel_plus_4_a+update_halo_kernel2_yvel_minus_4_a
1781	0.000020619	369120	ops_par_loop_group_12	update_halo_kernel3_plus_2_a+update_halo_kernel2_xvel_plus_2_a+update_halo_kernel2_yvel_minus_2_a
1782	0.000019006	123008	ops_par_loop_update_halo_kernel4_minus_4_b_29	update_halo_kernel4_minus_4_b
1783	0.000021060	553536	ops_par_loop_group_14	update_halo_kernel1_t2+update_halo_kernel4_minus_2_b
1784	0.000020138	430528	ops_par_loop_update_halo_kernel1_t1_14	update_halo_kernel1_t1
1785	0.000019246	246080	ops_par_loop_group_16	update_halo_kernel2_xvel_plus_4_b+update_halo_kernel2_yvel_minus_4_b
1786	0.000021541	369120	ops_par_loop_group_17	update_halo_kernel3_plus_4_b+update_halo_kernel2_xvel_plus_2_b+update_halo_kernel2_yvel_minus_2_b
1787	0.000018766	123040	ops_par_loop_update_halo_kernel3_plus_2_b_22	update_halo_kernel3_plus_2_b
1788	0.000026420	553536	ops_par_loop_group_19	update_halo_kernel1_l2+update_halo_kernel3_minus_4_a
1789	0.000023494	553536	ops_par_loop_group_20	update_halo_kernel1_l1+update_halo_kernel3_minus_2_a
1790	0.000019377	123008	ops_par_loop_update_halo_kernel3_minus_4_b_25	update_halo_kernel3_minus_4_b
1791	0.000025238	553536	ops_par_loop_group_22	update_halo_kernel1_r2+update_halo_kernel3_minus_2_b
1792	0.000021331	430528	ops_par_loop_update_halo_kernel1_r1_18	update_halo_kernel1_r1
1793	0.000023314	369120	ops_par_loop_group_24	update_halo_kernel4_plus_4_a+update_halo_kernel2_xvel_minus_4_a+update_halo_kernel2_yvel_plus_4_a
1794	0.000021901	369120	ops_par_loop_group_25	update_halo_kernel4_plus_2_a+update_halo_kernel2_xvel_minus_2_a+update_halo_kernel2_yvel_plus_2_a
1795	0.000020919	246080	ops_par_loop_group_26	update_halo_kernel2_xvel_minus_4_b+update_halo_kernel2_yvel_plus_4_b
1796	0.000022202	369120	ops_par_loop_group_27	update_halo_kernel4_plus_4_b+update_halo_kernel2_xvel_minus_2_b+update_halo_kernel2_yvel_plus_2_b
1797	0.000018334	123040	ops_par_loop_update_halo_kernel4_plus_2_b_34	update_halo_kernel4_plus_2_b
1798	0.000560083	591053440	ops_par_loop_advec_cell_kernel1_ydir_35	advec_cell_kernel1_ydir
1799	0.000789157	708203544	ops_par_loop_advec_cell_kernel3_ydir_36	advec_cell_kernel3_ydir
1800	0.001469407	1533542400	ops_par_loop_advec_cell_kernel4_ydir_37	advec_cell_kernel4_ydir
1801	0.000022342	553536	ops_par_loop_group_32	update_halo_kernel1_b2+update_halo_kernel4_minus_4_a
1802	0.000021490	553536	ops_par_loop_group_33	update_halo_kernel1_b1+update_halo_kernel4_minus_2_a
1803	0.000017593	123008	ops_par_loop_update_halo_kernel4_minus_4_b_64	update_halo_kernel4_minus_4_b
1804	0.000021832	553536	ops_par_loop_group_35	update_halo_kernel1_t2+update_halo_kernel4_minus_2_b
1805	0.000019176	430528	ops_par_loop_update_halo_kernel1_t1_41	update_halo_kernel1_t1
1806	0.000024186	430528	ops_par_loop_update_halo_kernel1_l2_42	update_halo_kernel1_l2
1807	0.000021531	430528	ops_par_loop_update_halo_kernel1_l1_43	update_halo_kernel1_l1
1808	0.000022884	430528	ops_par_loop_update_halo_kernel1_r2_44	update_halo_kernel1_r2
1809	0.000021180	430528	ops_par_loop_update_halo_kernel1_r1_45	update_halo_kernel1_r1
1810	0.000018986	123040	ops_par_loop_update_halo_kernel4_plus_4_a_66	update_halo_kernel4_plus_4_a
1811	0.000018635	123040	ops_par_loop_update_halo_kernel4_plus_2_a_67	update_halo_kernel4_plus_2_a
1812	0.000019126	123040	ops_par_loop_update_halo_kernel4_plus_4_b_68	update_halo_kernel4_plus_4_b
1813	0.000018355	123040	ops_par_loop_update_halo_kernel4_plus_2_b_69	update_halo_kernel4_plus_2_b
1814	0.000561044	591053440	ops_par_loop_advec_mom_kernel_y1_70	advec_mom_kernel_y1
1815	0.000191544	236236864	ops_par_loop_advec_mom_kernel_mass_flux_y_71	advec_mom_kernel_mass_flux_y
1816	0.000535285	590438520	ops_par_loop_advec_mom_kernel_post_pre_advec_y_72	advec_mom_kernel_post_pre_advec_y
1817	0.000878838	472258640	ops_par_loop_advec_mom_kernel1_y_nonvector_73	advec_mom_kernel1_y_nonvector
1818	0.000450625	590131240	ops_par_loop_advec_mom_kernel2_y_74	advec_mom_kernel2_y
1819	0.000560894	591053440	ops_par_loop_advec_mom_kernel_y1_75	advec_mom_kernel_y1
1820	0.000192215	236236864	ops_par_loop_advec_mom_kernel_mass_flux_y_76	advec_mom_kernel_mass_flux_y
1821	0.000532370	590438520	ops_par_loop_advec_mom_kernel_post_pre_advec_y_77	advec_mom_kernel_post_pre_advec_y
1822	0.000877094	472258640	ops_par_loop_advec_mom_kernel1_y_nonvector_78	advec_mom_kernel1_y_nonvector
1823	0.000452298	590131240	ops_par_loop_advec_mom_kernel2_y_79	advec_mom_kernel2_y
1824	0.000490701	472842752	ops_par_loop_advec_cell_kernel2_xdir_80	advec_cell_kernel2_xdir
1825	0.000773217	708203544	ops_par_loop_advec_cell_kernel3_xdir_81	advec_cell_kernel3_xdir
1826	0.001457013	1533542400	ops_par_loop_advec_cell_kernel4_xdir_82	advec_cell_kernel4_xdir
1827	0.000022422	553536	ops_par_loop_group_58	update_halo_kernel1_b2+update_halo_kernel4_minus_4_a
1828	0.000020880	553536	ops_par_loop_group_59	update_halo_kernel1_b1+update_halo_kernel4_minus_2_a
1829	0.000021441	369120	ops_par_loop_group_60	update_halo_kernel2_xvel_plus_4_a+update_halo_kernel2_yvel_minus_4_a+update_halo_kernel3_plus_4_a
1830	0.000020820	369120	ops_par_loop_group_61	update_halo_kernel2_xvel_plus_2_a+update_halo_kernel2_yvel_minus_2_a+update_halo_kernel3_plus_2_a
1831	0.000019016	246080	ops_par_loop_group_62	update_halo_kernel2_xvel_plus_4_b+update_halo_kernel2_yvel_minus_4_b
1832	0.000020519	369120	ops_par_loop_group_63	update_halo_kernel2_xvel_plus_2_b+update_halo_kernel2_yvel_minus_2_b+update_halo_kernel3_plus_4_b
1833	0.000021531	246080	ops_par_loop_group_64	update_halo_kernel2_xvel_minus_4_b+update_halo_kernel2_yvel_plus_4_b
1834	0.000018976	123040	ops_par_loop_update_halo_kernel3_plus_2_b_110	update_halo_kernel3_plus_2_b
1835	0.000019927	123008	ops_par_loop_update_halo_kernel3_minus_4_b_113	update_halo_kernel3_minus_4_b
1836	0.000017954	123008	ops_par_loop_update_halo_kernel4_minus_4_b_117	update_halo_kernel4_minus_4_b
1837	0.000020889	553536	ops_par_loop_group_68	update_halo_kernel1_t2+update_halo_kernel4_minus_2_b
1838	0.000020749	430528	ops_par_loop_update_halo_kernel1_t1_86	update_halo_kernel1_t1
1839	0.000027532	553536	ops_par_loop_group_70	update_halo_kernel1_l2+update_halo_kernel3_minus_4_a
1840	0.000023365	553536	ops_par_loop_group_71	update_halo_kernel1_l1+update_halo_kernel3_minus_2_a
1841	0.000024276	553536	ops_par_loop_group_72	update_halo_kernel1_r2+update_halo_kernel3_minus_2_b
1842	0.000022112	430528	ops_par_loop_update_halo_kernel1_r1_90	update_halo_kernel1_r1
1843	0.000023344	369120	ops_par_loop_group_74	update_halo_kernel2_xvel_minus_4_a+update_halo_kernel2_yvel_plus_4_a+update_halo_kernel4_plus_4_a
1844	0.000021331	369120	ops_par_loop_group_75	update_halo_kernel2_xvel_minus_2_a+update_halo_kernel2_yvel_plus_2_a+update_halo_kernel4_plus_2_a
1845	0.000022172	369120	ops_par_loop_group_76	update_halo_kernel2_xvel_minus_2_b+update_halo_kernel2_yvel_plus_2_b+update_halo_kernel4_plus_4_b
1846	0.000018335	123040	ops_par_loop_update_halo_kernel4_plus_2_b_122	update_halo_kernel4_plus_2_b
1847	0.001797049	1416561152	ops_par_loop_group_78	advec_mom_kernel_x2+reset_field_kernel1+ideal_gas_kernel
1848	0.000196704	236236864	ops_par_loop_advec_mom_kernel_mass_flux_x_124	advec_mom_kernel_mass_flux_x
1849	0.000574970	590438520	ops_par_loop_advec_mom_kernel_post_pre_advec_x_125	advec_mom_kernel_post_pre_advec_x
1850	0.000884678	472258640	ops_par_loop_advec_mom_kernel1_x_nonvector_126	advec_mom_kernel1_x_nonvector
1851	0.000450605	590131240	ops_par_loop_advec_mom_kernel2_x_127	advec_mom_kernel2_x
1852	0.000497975	472842752	ops_par_loop_advec_mom_kernel_x2_128	advec_mom_kernel_x2
1853	0.000194448	236236864	ops_par_loop_advec_mom_kernel_mass_flux_x_129	advec_mom_kernel_mass_flux_x
1854	0.000572676	590438520	ops_par_loop_advec_mom_kernel_post_pre_advec_x_130	advec_mom_kernel_post_pre_advec_x
1855	0.000884087	472258640	ops_par_loop_advec_mom_kernel1_x_nonvector_131	advec_mom_kernel1_x_nonvector
1856	0.000729624	1062236232	ops_par_loop_group_87	advec_mom_kernel2_x+reset_field_kernel2
1857	0.000022102	430304	ops_par_loop_update_halo_kernel1_b1_136	update_halo_kernel1_b1
1858	0.000020028	430304	ops_par_loop_update_halo_kernel1_t1_137	update_halo_kernel1_t1
1859	0.000023935	430304	ops_par_loop_update_halo_kernel1_l1_138	update_halo_kernel1_l1
1860	0.000023925	430304	ops_par_loop_update_halo_kernel1_r1_139	update_halo_kernel1_r1
1861	0.000019637	245952	ops_par_loop_group_92	update_halo_kernel2_xvel_plus_2_a+update_halo_kernel2_yvel_minus_2_a
1862	0.000019106	245952	ops_par_loop_group_93	update_halo_kernel2_xvel_plus_2_b+update_halo_kernel2_yvel_minus_2_b
1863	0.000021150	245952	ops_par_loop_group_94	update_halo_kernel2_xvel_minus_2_a+update_halo_kernel2_yvel_plus_2_a
1864	0.000021361	245952	ops_par_loop_group_95	update_halo_kernel2_xvel_minus_2_b+update_halo_kernel2_yvel_plus_2_b
1865	0.001737366	589885440	ops_par_loop_viscosity_kernel_148	viscosity_kernel
1866	0.000022112	430304	ops_par_loop_update_halo_kernel1_b1_149	update_halo_kernel1_b1
1867	0.000020088	430304	ops_par_loop_update_halo_kernel1_t1_150	update_halo_kernel1_t1
1868	0.000023264	430304	ops_par_loop_update_halo_kernel1_l1_151	update_halo_kernel1_l1
1869	0.000023514	430304	ops_par_loop_update_halo_kernel1_r1_152	update_halo_kernel1_r1
1870	0.000918703	1061744640	ops_par_loop_calc_dt_kernel_153	calc_dt_kernel
1871	0.001483043	1887436800	ops_par_loop_group_0	PdV_kernel_predict+ideal_gas_kernel
1872	0.000022413	430304	ops_par_loop_update_halo_kernel1_b1_2	update_halo_kernel1_b1
1873	0.000019637	430304	ops_par_loop_update_halo_kernel1_t1_3	update_halo_kernel1_t1
1874	0.000024828	430304	ops_par_loop_update_halo_kernel1_l1_4	update_halo_kernel1_l1
1875	0.000024116	430304	ops_par_loop_update_halo_kernel1_r1_5	update_halo_kernel1_r1
1876	0.001557344	1770147928	ops_par_loop_group_5	revert_kernel+accelerate_kernel
1877	0.001352446	1651507200	ops_par_loop_PdV_kernel_nopredict_8	PdV_kernel_nopredict
1878	0.000363750	471982080	ops_par_loop_flux_calc_kernelx_9	flux_calc_kernelx
1879	0.000358190	471982080	ops_par_loop_flux_calc_kernely_10	flux_calc_kernely
1880	0.000022222	553536	ops_par_loop_group_9	update_halo_kernel1_b2+update_halo_kernel4_minus_4_a
1881	0.000021120	553536	ops_par_loop_group_10	update_halo_kernel1_b1+update_halo_kernel4_minus_2_a
1882	0.000020349	369120	ops_par_loop_group_11	update_halo_kernel3_plus_4_a+update_halo_kernel2_xvel_plus_4_a+update_halo_kernel2_yvel_minus_4_a
1883	0.000020439	369120	ops_par_loop_group_12	update_halo_kernel3_plus_2_a+update_halo_kernel2_xvel_plus_2_a+update_halo_kernel2_yvel_minus_2_a
1884	0.000018936	123008	ops_par_loop_update_halo_kernel4_minus_4_b_29	update_halo_kernel4_minus_4_b
1885	0.000021281	553536	ops_par_loop_group_14	update_halo_kernel1_t2+update_halo_kernel4_minus_2_b
1886	0.000024076	430528	ops_par_loop_update_halo_kernel1_t1_14	update_halo_kernel1_t1
1887	0.000020088	246080	ops_par_loop_group_16	update_halo_kernel2_xvel_plus_4_b+update_halo_kernel2_yvel_minus_4_b
1888	0.000019937	369120	ops_par_loop_group_17	update_halo_kernel3_plus_4_b+update_halo_kernel2_xvel_plus_2_b+update_halo_kernel2_yvel_minus_2_b
1889	0.000019747	123040	ops_par_loop_update_halo_kernel3_plus_2_b_22	update_halo_kernel3_plus_2_b
1890	0.000026180	553536	ops_par_loop_group_19	update_halo_kernel1_l2+update_halo_kernel3_minus_4_a
1891	0.000023224	553536	ops_par_loop_group_20	update_halo_kernel1_l1+update_halo_kernel3_minus_2_a
1892	0.000018836	123008	ops_par_loop_update_halo_kernel3_minus_4_b_25	update_halo_kernel3_minus_4_b
1893	0.000024025	553536	ops_par_loop_group_22	update_halo_kernel1_r2+update_halo_kernel3_minus_2_b
1894	0.000022022	430528	ops_par_loop_update_halo_kernel1_r1_18	update_halo_kernel1_r1
1895	0.000022913	369120	ops_par_loop_group_24	update_halo_kernel4_plus_4_a+update_halo_kernel2_xvel_minus_4_a+update_halo_kernel2_yvel_plus_4_a
1896	0.000021601	369120	ops_par_loop_group_25	update_halo_kernel4_plus_2_a+update_halo_kernel2_xvel_minus_2_a+update_halo_kernel2_yvel_plus_2_a
1897	0.000020710	246080	ops_par_loop_group_26	update_halo_kernel2_xvel_minus_4_b+update_halo_kernel2_yvel_plus_4_b
1898	0.000022473	369120	ops_par_loop_group_27	update_halo_kernel4_plus_4_b+update_halo_kernel2_xvel_minus_2_b+update_halo_kernel2_yvel_plus_2_b
1899	0.000018095	123040	ops_par_loop_update_halo_kernel4_plus_2_b_34	update_halo_kernel4_plus_2_b
1900	0.000562917	591053440	ops_par_loop_advec_cell_kernel1_xdir_35	advec_cell_kernel1_xdir
1901	0.000773236	708203544	ops_par_loop_advec_cell_kernel3_xdir_36	advec_cell_kernel3_xdir
1902	0.001461002	1533542400	ops_par_loop_advec_cell_kernel4_xdir_37	advec_cell_kernel4_xdir
1903	0.000021571	430528	ops_par_loop_update_halo_kernel1_b2_38	update_halo_kernel1_b2
1904	0.000019697	430528	ops_par_loop_update_halo_kernel1_b1_39	update_halo_kernel1_b1
1905	0.000021160	430528	ops_par_loop_update_halo_kernel1_t2_40	update_halo_kernel1_t2
1906	0.000020459	430528	ops_par_loop_update_halo_kernel1_t1_41	update_halo_kernel1_t1
1907	0.000018565	123040	ops_par_loop_update_halo_kernel3_plus_4_a_62	update_halo_kernel3_plus_4_a
1908	0.000018164	123040	ops_par_loop_update_halo_kernel3_plus_2_a_63	update_halo_kernel3_plus_2_a
1909	0.000018044	123040	ops_par_loop_update_halo_kernel3_plus_4_b_64	update_halo_kernel3_plus_4_b
1910	0.000018074	123040	ops_par_loop_update_halo_kernel3_plus_2_b_65	update_halo_kernel3_plus_2_b
1911	0.000026320	553536	ops_par_loop_group_40	update_halo_kernel1_l2+update_halo_kernel3_minus_4_a
1912	0.000023074	553536	ops_par_loop_group_41	update_halo_kernel1_l1+update_halo_kernel3_minus_2_a
1913	0.000019367	123008	ops_par_loop_update_halo_kernel3_minus_4_b_68	update_halo_kernel3_minus_4_b
1914	0.000023986	553536	ops_par_loop_group_43	update_halo_kernel1_r2+update_halo_kernel3_minus_2_b
1915	0.000021411	430528	ops_par_loop_update_halo_kernel1_r1_45	update_halo_kernel1_r1
1916	0.000561466	591053440	ops_par_loop_advec_mom_kernel_x1_70	advec_mom_kernel_x1
1917	0.000193898	236236864	ops_par_loop_advec_mom_kernel_mass_flux_x_71	advec_mom_kernel_mass_flux_x
1918	0.000575001	590438520	ops_par_loop_advec_mom_kernel_post_pre_advec_x_72	advec_mom_kernel_post_pre_advec_x
1919	0.000883706	472258640	ops_par_loop_advec_mom_kernel1_x_nonvector_73	advec_mom_kernel1_x_nonvector
1920	0.000451015	590131240	ops_par_loop_advec_mom_kernel2_x_74	advec_mom_kernel2_x
1921	0.000562747	591053440	ops_par_loop_advec_mom_kernel_x1_75	advec_mom_kernel_x1
1922	0.000194459	236236864	ops_par_loop_advec_mom_kernel_mass_flux_x_76	advec_mom_kernel_mass_flux_x
1923	0.000575753	590438520	ops_par_loop_advec_mom_kernel_post_pre_advec_x_77	advec_mom_kernel_post_pre_advec_x
1924	0.000883847	472258640	ops_par_loop_advec_mom_kernel1_x_nonvector_78	advec_mom_kernel1_x_nonvector
1925	0.000449353	590131240	ops_par_loop_advec_mom_kernel2_x_79	advec_mom_kernel2_x
1926	0.000499437	472842752	ops_par_loop_advec_cell_kernel2_ydir_80	advec_cell_kernel2_ydir
1927	0.000790109	708203544	ops_par_loop_advec_cell_kernel3_ydir_81	advec_cell_kernel3_ydir
1928	0.001478364	1533542400	ops_par_loop_advec_cell_kernel4_ydir_82	advec_cell_kernel4_ydir
1929	0.000023134	553536	ops_par_loop_group_58	update_halo_kernel1_b2+update_halo_kernel4_minus_4_a
1930	0.000020809	553536	ops_par_loop_group_59	update_halo_kernel1_b1+update_halo_kernel4_minus_2_a
1931	0.000021711	369120	ops_par_loop_group_60	update_halo_kernel2_xvel_plus_4_a+update_halo_kernel2_yvel_minus_4_a+update_halo_kernel3_plus_4_a
1932	0.000021540	369120	ops_par_loop_group_61	update_halo_kernel2_xvel_plus_2_a+update_halo_kernel2_yvel_minus_2_a+update_halo_kernel3_plus_2_a
1933	0.000019577	246080	ops_par_loop_group_62	update_halo_kernel2_xvel_plus_4_b+update_halo_kernel2_yvel_minus_4_b
1934	0.000021029	369120	ops_par_loop_group_63	update_halo_kernel2_xvel_plus_2_b+update_halo_kernel2_yvel_minus_2_b+update_halo_kernel3_plus_4_b
1935	0.000021761	246080	ops_par_loop_group_64	update_halo_kernel2_xvel_minus_4_b+update_halo_kernel2_yvel_plus_4_b
1936	0.000019207	123040	ops_par_loop_update_halo_kernel3_plus_2_b_110	update_halo_kernel3_plus_2_b
1937	0.000024697	123008	ops_par_loop_update_halo_kernel3_minus_4_b_113	update_halo_kernel3_minus_4_b
1938	0.000017633	123008	ops_par_loop_update_halo_kernel4_minus_4_b_117	update_halo_kernel4_minus_4_b
1939	0.000022583	553536	ops_par_loop_group_68	update_halo_kernel1_t2+update_halo_kernel4_minus_2_b
1940	0.000019998	430528	ops_par_loop_update_halo_kernel1_t1_86	update_halo_kernel1_t1
1941	0.000026420	553536	ops_par_loop_group_70	update_halo_kernel1_l2+update_halo_kernel3_minus_4_a
1942	0.000023023	553536	ops_par_loop_group_71	update_halo_kernel1_l1+update_halo_kernel3_minus_2_a
1943	0.000025038	553536	ops_par_loop_group_72	update_halo_kernel1_r2+update_halo_kernel3_minus_2_b
1944	0.000021832	430528	ops_par_loop_update_halo_kernel1_r1_90	update_halo_kernel1_r1
1945	0.000026220	369120	ops_par_loop_group_74	update_halo_kernel2_xvel_minus_4_a+update_halo_kernel2_yvel_plus_4_a+update_halo_kernel4_plus_4_a
1946	0.000022523	369120	ops_par_loop_group_75	update_halo_kernel2_xvel_minus_2_a+update_halo_kernel2_yvel_plus_2_a+update_halo_kernel4_plus_2_a
1947	0.000024065	369120	ops_par_loop_group_76	update_halo_kernel2_xvel_minus_2_b+update_halo_kernel2_yvel_plus_2_b+update_halo_kernel4_plus_4_b
1948	0.000020729	123040	ops_par_loop_update_halo_kernel4_plus_2_b_122	update_halo_kernel4_plus_2_b
1949	0.001777432	1416561152	ops_par_loop_group_78	advec_mom_kernel_y2+reset_field_kernel1+ideal_gas_kernel
1950	0.000195160	236236864	ops_par_loop_advec_mom_kernel_mass_flux_y_124	advec_mom_kernel_mass_flux_y
1951	0.000532610	590438520	ops_par_loop_advec_mom_kernel_post_pre_advec_y_125	advec_mom_kernel_post_pre_advec_y
1952	0.000877865	472258640	ops_par_loop_advec_mom_kernel1_y_nonvector_126	advec_mom_kernel1_y_nonvector
1953	0.000451607	590131240	ops_par_loop_advec_mom_kernel2_y_127	advec_mom_kernel2_y
1954	0.000490410	472842752	ops_par_loop_advec_mom_kernel_y2_128	advec_mom_kernel_y2
1955	0.000191924	236236864	ops_par_loop_advec_mom_kernel_mass_flux_y_129	advec_mom_kernel_mass_flux_y
1956	0.000530987	590438520	ops_par_loop_advec_mom_kernel_post_pre_advec_y_130	advec_mom_kernel_post_pre_advec_y
1957	0.000876653	472258640	ops_par_loop_advec_mom_kernel1_y_nonvector_131	advec_mom_kernel1_y_nonvector
1958	0.000734774	1062236232	ops_par_loop_group_87	advec_mom_kernel2_y+reset_field_kernel2
1959	0.000021901	430304	ops_par_loop_update_halo_kernel1_b1_136	update_halo_kernel1_b1
1960	0.000020539	430304	ops_par_loop_update_halo_kernel1_t1_137	update_halo_kernel1_t1
1961	0.000023735	430304	ops_par_loop_update_halo_kernel1_l1_138	update_halo_kernel1_l1
1962	0.000024396	430304	ops_par_loop_update_halo_kernel1_r1_139	update_halo_kernel1_r1
1963	0.000019376	245952	ops_par_loop_group_92	update_halo_kernel2_xvel_plus_2_a+update_halo_kernel2_yvel_minus_2_a
1964	0.000019216	245952	ops_par_loop_group_93	update_halo_kernel2_xvel_plus_2_b+update_halo_kernel2_yvel_minus_2_b
1965	0.000020800	245952	ops_par_loop_group_94	update_halo_kernel2_xvel_minus_2_a+update_halo_kernel2_yvel_plus_2_a
1966	0.000021341	245952	ops_par_loop_group_95	update_halo_kernel2_xvel_minus_2_b+update_halo_kernel2_yvel_plus_2_b
1967	0.001737947	589885440	ops_par_loop_viscosity_kernel_148	viscosity_kernel
1968	0.000023294	430304	ops_par_loop_update_halo_kernel1_b1_149	update_halo_kernel1_b1
1969	0.000021381	430304	ops_par_loop_update_halo_kernel1_t1_150	update_halo_kernel1_t1
1970	0.000023895	430304	ops_par_loop_update_halo_kernel1_l1_151	update_halo_kernel1_l1
1971	0.000024686	430304	ops_par_loop_update_halo_kernel1_r1_152	update_halo_kernel1_r1
1972	0.000919314	1061744640	ops_par_loop_calc_dt_kernel_153	calc_dt_kernel
1973	0.001488624	1887436800	ops_par_loop_group_0	PdV_kernel_predict+ideal_gas_kernel
1974	0.000022863	430304	ops_par_loop_update_halo_kernel1_b1_2	update_halo_kernel1_b1
1975	0.000020950	430304	ops_par_loop_update_halo_kernel1_t1_3	update_halo_kernel1_t1
1976	0.000024897	430304	ops_par_loop_update_halo_kernel1_l1_4	update_halo_kernel1_l1
1977	0.000024407	430304	ops_par_loop_update_halo_kernel1_r1_5	update_halo_kernel1_r1
1978	0.001559459	1770147928	ops_par_loop_group_5	revert_kernel+accelerate_kernel
1979	0.001353558	1651507200	ops_par_loop_PdV_kernel_nopredict_8	PdV_kernel_nopredict
1980	0.000361897	471982080	ops_par_loop_flux_calc_kernelx_9	flux_calc_kernelx
1981	0.000359042	471982080	ops_par_loop_flux_calc_kernely_10	flux_calc_kernely
1982	0.000022703	553536	ops_par_loop_group_9	update_halo_kernel1_b2+update_halo_kernel4_minus_4_a
1983	0.000022203	553536	ops_par_loop_group_10	update_halo_kernel1_b1+update_halo_kernel4_minus_2_a
1984	0.000021321	369120	ops_par_loop_group_11	update_halo_kernel3_plus_4_a+update_halo_kernel2_xvel_plus_4_a+update_halo_kernel2_yvel_minus_4_a
1985	0.000021410	369120	ops_par_loop_group_12	update_halo_kernel3_plus_2_a+update_halo_kernel2_xvel_plus_2_a+update_halo_kernel2_yvel_minus_2_a
1986	0.000019226	123008	ops_par_loop_update_halo_kernel4_minus_4_b_29	update_halo_kernel4_minus_4_b
1987	0.000021921	553536	ops_par_loop_group_14	update_halo_kernel1_t2+update_halo_kernel4_minus_2_b
1988	0.000020168	430528	ops_par_loop_update_halo_kernel1_t1_14	update_halo_kernel1_t1
1989	0.000020609	246080	ops_par_loop_group_16	update_halo_kernel2_xvel_plus_4_b+update_halo_kernel2_yvel_minus_4_b
1990	0.000021090	369120	ops_par_loop_group_17	update_halo_kernel3_plus_4_b+update_halo_kernel2_xvel_plus_2_b+update_halo_kernel2_yvel_minus_2_b
1991	0.000019267	123040	ops_par_loop_update_halo_kernel3_plus_2_b_22	update_halo_kernel3_plus_2_b
1992	0.000025669	553536	ops_par_loop_group_19	update_halo_kernel1_l2+update_halo_kernel3_minus_4_a
1993	0.000022954	553536	ops_par_loop_group_20	update_halo_kernel1_l1+update_halo_kernel3_minus_2_a
1994	0.000019557	123008	ops_par_loop_update_halo_kernel3_minus_4_b_25	update_halo_kernel3_minus_4_b
1995	0.000024937	553536	ops_par_loop_group_22	update_halo_kernel1_r2+update_halo_kernel3_minus_2_b
1996	0.000022573	430528	ops_par_loop_update_halo_kernel1_r1_18	update_halo_kernel1_r1
1997	0.000023956	369120	ops_par_loop_group_24	update_halo_kernel4_plus_4_a+update_halo_kernel2_xvel_minus_4_a+update_halo_kernel2_yvel_plus_4_a
1998	0.000022082	369120	ops_par_loop_group_25	update_halo_kernel4_plus_2_a+update_halo_kernel2_xvel_minus_2_a+update_halo_kernel2_yvel_plus_2_a
1999	0.000021220	246080	ops_par_loop_group_26	update_halo_kernel2_xvel_minus_4_b+update_halo_kernel2_yvel_plus_4_b
2000	0.000022572	369120	ops_par_loop_group_27	update_halo_kernel4_plus_4_b+update_halo_kernel2_xvel_minus_2_b+update_halo_kernel2_yvel_plus_2_b
2001	0.000019186	123040	ops_par_loop_update_halo_kernel4_plus_2_b_34	update_halo_kernel4_plus_2_b
2002	0.000561986	591053440	ops_par_loop_advec_cell_kernel1_ydir_35	advec_cell_kernel1_ydir
2003	0.000789738	708203544	ops_par_loop_advec_cell_kernel3_ydir_36	advec_cell_kernel3_ydir
2004	0.001475068	1533542400	ops_par_loop_advec_cell_kernel4_ydir_37	advec_cell_kernel4_ydir
2005	0.000022954	553536	ops_par_loop_group_32	update_halo_kernel1_b2+update_halo_kernel4_minus_4_a
2006	0.000021921	553536	ops_par_loop_group_33	update_halo_kernel1_b1+update_halo_kernel4_minus_2_a
2007	0.000019227	123008	ops_par_loop_update_halo_kernel4_minus_4_b_64	update_halo_kernel4_minus_4_b
2008	0.000027753	553536	ops_par_loop_group_35	update_halo_kernel1_t2+update_halo_kernel4_minus_2_b
2009	0.000020750	430528	ops_par_loop_update_halo_kernel1_t1_41	update_halo_kernel1_t1
2010	0.000024146	430528	ops_par_loop_update_halo_kernel1_l2_42	update_halo_kernel1_l2
2011	0.000022192	430528	ops_par_loop_update_halo_kernel1_l1_43	update_halo_kernel1_l1
2012	0.000023555	430528	ops_par_loop_update_halo_kernel1_r2_44	update_halo_kernel1_r2
2013	0.000022813	430528	ops_par_loop_update_halo_kernel1_r1_45	update_halo_kernel1_r1
2014	0.000022673	123040	ops_par_loop_update_halo_kernel4_plus_4_a_66	update_halo_kernel4_plus_4_a
2015	0.000018926	123040	ops_par_loop_update_halo_kernel4_plus_2_a_67	update_halo_kernel4_plus_2_a
2016	0.000022653	123040	ops_par_loop_update_halo_kernel4_plus_4_b_68	update_halo_kernel4_plus_4_b
2017	0.000018685	123040	ops_par_loop_update_halo_kernel4_plus_2_b_69	update_halo_kernel4_plus_2_b
2018	0.000561796	591053440	ops_par_loop_advec_mom_kernel_y1_70	advec_mom_kernel_y1
2019	0.000192245	236236864	ops_par_loop_advec_mom_kernel_mass_flux_y_71	advec_mom_kernel_mass_flux_y
2020	0.000534984	590438520	ops_par_loop_advec_mom_kernel_post_pre_advec_y_72	advec_mom_kernel_post_pre_advec_y
2021	0.000879058	472258640	ops_par_loop_advec_mom_kernel1_y_nonvector_73	advec_mom_kernel1_y_nonvector
2022	0.000451176	590131240	ops_par_loop_advec_mom_kernel2_y_74	advec_mom_kernel2_y
2023	0.000560153	591053440	ops_par_loop_advec_mom_kernel_y1_75	advec_mom_kernel_y1
2024	0.000191714	236236864	ops_par_loop_advec_mom_kernel_mass_flux_y_76	advec_mom_kernel_mass_flux_y
2025	0.000532811	590438520	ops_par_loop_advec_mom_kernel_post_pre_advec_y_77	advec_mom_kernel_post_pre_advec_y
2026	0.000878055	472258640	ops_par_loop_advec_mom_kernel1_y_nonvector_78	advec_mom_kernel1_y_nonvector
2027	0.000455975	590131240	ops_par_loop_advec_mom_kernel2_y_79	advec_mom_kernel2_y
2028	0.000490400	472842752	ops_par_loop_advec_cell_kernel2_xdir_80	advec_cell_kernel2_xdir
2029	0.000774449	708203544	ops_par_loop_advec_cell_kernel3_xdir_81	advec_cell_kernel3_xdir
2030	0.001466973	1533542400	ops_par_loop_advec_cell_kernel4_xdir_82	advec_cell_kernel4_xdir
2031	0.000023003	553536	ops_par_loop_group_58	update_halo_kernel1_b2+update_halo_kernel4_minus_4_a
2032	0.000021210	553536	ops_par_loop_group_59	update_halo_kernel1_b1+update_halo_kernel4_minus_2_a
2033	0.000021521	369120	ops_par_loop_group_60	update_halo_kernel2_xvel_plus_4_a+update_halo_kernel2_yvel_minus_4_a+update_halo_kernel3_plus_4_a
2034	0.000021040	369120	ops_par_loop_group_61	update_halo_kernel2_xvel_plus_2_a+update_halo_kernel2_yvel_minus_2_a+update_halo_kernel3_plus_2_a
2035	0.000020038	246080	ops_par_loop_group_62	update_halo_kernel2_xvel_plus_4_b+update_halo_kernel2_yvel_minus_4_b
2036	0.000021010	369120	ops_par_loop_group_63	update_halo_kernel2_xvel_plus_2_b+update_halo_kernel2_yvel_minus_2_b+update_halo_kernel3_plus_4_b
2037	0.000021341	246080	ops_par_loop_group_64	update_halo_kernel2_xvel_minus_4_b+update_halo_kernel2_yvel_plus_4_b
2038	0.000019978	123040	ops_par_loop_update_halo_kernel3_plus_2_b_110	update_halo_kernel3_plus_2_b
2039	0.000019858	123008	ops_par_loop_update_halo_kernel3_minus_4_b_113	update_halo_kernel3_minus_4_b
2040	0.000018435	123008	ops_par_loop_update_halo_kernel4_minus_4_b_117	update_halo_kernel4_minus_4_b
2041	0.000025799	553536	ops_par_loop_group_68	update_halo_kernel1_t2+update_halo_kernel4_minus_2_b
2042	0.000020348	430528	ops_par_loop_update_halo_kernel1_t1_86	update_halo_kernel1_t1
2043	0.000027803	553536	ops_par_loop_group_70	update_halo_kernel1_l2+update_halo_kernel3_minus_4_a
2044	0.000023615	553536	ops_par_loop_group_71	update_halo_kernel1_l1+update_halo_kernel3_minus_2_a
2045	0.000027503	553536	ops_par_loop_group_72	update_halo_kernel1_r2+update_halo_kernel3_minus_2_b
2046	0.000021862	430528	ops_par_loop_update_halo_kernel1_r1_90	update_halo_kernel1_r1
2047	0.000024356	369120	ops_par_loop_group_74	update_halo_kernel2_xvel_minus_4_a+update_halo_kernel2_yvel_plus_4_a+update_halo_kernel4_plus_4_a
2048	0.000021210	369120	ops_par_loop_group_75	update_halo_kernel2_xvel_minus_2_a+update_halo_kernel2_yvel_plus_2_a+update_halo_kernel4_plus_2_a
2049	0.000022803	369120	ops_par_loop_group_76	update_halo_kernel2_xvel_minus_2_b+update_halo_kernel2_yvel_plus_2_b+update_halo_kernel4_plus_4_b
2050	0.000019107	123040	ops_par_loop_update_halo_kernel4_plus_2_b_122	update_halo_kernel4_plus_2_b
2051	0.001798332	1416561152	ops_par_loop_group_78	advec_mom_kernel_x2+reset_field_kernel1+ideal_gas_kernel
2052	0.000196763	236236864	ops_par_loop_advec_mom_kernel_mass_flux_x_124	advec_mom_kernel_mass_flux_x
2053	0.000575672	590438520	ops_par_loop_advec_mom_kernel_post_pre_advec_x_125	advec_mom_kernel_post_pre_advec_x
2054	0.000884598	472258640	ops_par_loop_advec_mom_kernel1_x_nonvector_126	advec_mom_kernel1_x_nonvector
2055	0.000450264	590131240	ops_par_loop_advec_mom_kernel2_x_127	advec_mom_kernel2_x
2056	0.000497604	472842752	ops_par_loop_advec_mom_kernel_x2_128	advec_mom_kernel_x2
2057	0.000194579	236236864	ops_par_loop_advec_mom_kernel_mass_flux_x_129	advec_mom_kernel_mass_flux_x
2058	0.000571294	590438520	ops_par_loop_advec_mom_kernel_post_pre_advec_x_130	advec_mom_kernel_post_pre_advec_x
2059	0.000884508	472258640	ops_par_loop_advec_mom_kernel1_x_nonvector_131	advec_mom_kernel1_x_nonvector
2060	0.000732721	1062236232	ops_par_loop_group_87	advec_mom_kernel2_x+reset_field_kernel2
2061	0.000495289	471859200	ops_par_loop_ideal_gas_kernel_0	ideal_gas_kernel
2062	0.000022282	430304	ops_par_loop_update_halo_kernel1_b1_1	update_halo_kernel1_b1
2063	0.000021151	430304	ops_par_loop_update_halo_kernel1_t1_2	update_halo_kernel1_t1
2064	0.000023765	430304	ops_par_loop_update_halo_kernel1_l1_3	update_halo_kernel1_l1
2065	0.000024427	430304	ops_par_loop_update_halo_kernel1_r1_4	update_halo_kernel1_r1
2066	0.000019237	245952	ops_par_loop_group_5	update_halo_kernel2_xvel_plus_2_a+update_halo_kernel2_yvel_minus_2_a
2067	0.000019437	245952	ops_par_loop_group_6	update_halo_kernel2_xvel_plus_2_b+update_halo_kernel2_yvel_minus_2_b
2068	0.000020659	245952	ops_par_loop_group_7	update_halo_kernel2_xvel_minus_2_a+update_halo_kernel2_yvel_plus_2_a
2069	0.000021501	245952	ops_par_loop_group_8	update_halo_kernel2_xvel_minus_2_b+update_halo_kernel2_yvel_plus_2_b
2070	0.001736454	589885440	ops_par_loop_viscosity_kernel_13	viscosity_kernel
2071	0.000021460	430304	ops_par_loop_update_halo_kernel1_b1_14	update_halo_kernel1_b1
2072	0.000020549	430304	ops_par_loop_update_halo_kernel1_t1_15	update_halo_kernel1_t1
2073	0.000023635	430304	ops_par_loop_update_halo_kernel1_l1_16	update_halo_kernel1_l1
2074	0.000024607	430304	ops_par_loop_update_halo_kernel1_r1_17	update_halo_kernel1_r1
2075	0.000919014	1061744640	ops_par_loop_calc_dt_kernel_18	calc_dt_kernel
2076	0.001489065	1887436800	ops_par_loop_group_0	PdV_kernel_predict+ideal_gas_kernel
2077	0.000023274	430304	ops_par_loop_update_halo_kernel1_b1_2	update_halo_kernel1_b1
2078	0.000021932	430304	ops_par_loop_update_halo_kernel1_t1_3	update_halo_kernel1_t1
2079	0.000027122	430304	ops_par_loop_update_halo_kernel1_l1_4	update_halo_kernel1_l1
2080	0.000031009	430304	ops_par_loop_update_halo_kernel1_r1_5	update_halo_kernel1_r1
2081	0.001557946	1770147928	ops_par_loop_group_5	revert_kernel+accelerate_kernel
2082	0.001358026	1651507200	ops_par_loop_PdV_kernel_nopredict_8	PdV_kernel_nopredict
2083	0.000361987	471982080	ops_par_loop_flux_calc_kernelx_9	flux_calc_kernelx
2084	0.000358941	471982080	ops_par_loop_flux_calc_kernely_10	flux_calc_kernely
2085	0.000023074	553536	ops_par_loop_group_9	update_halo_kernel1_b2+update_halo_kernel4_minus_4_a
2086	0.000022172	553536	ops_par_loop_group_10	update_halo_kernel1_b1+update_halo_kernel4_minus_2_a
2087	0.000022522	369120	ops_par_loop_group_11	update_halo_kernel3_plus_4_a+update_halo_kernel2_xvel_plus_4_a+update_halo_kernel2_yvel_minus_4_a
2088	0.000020729	369120	ops_par_loop_group_12	update_halo_kernel3_plus_2_a+update_halo_kernel2_xvel_plus_2_a+update_halo_kernel2_yvel_minus_2_a
2089	0.000019347	123008	ops_par_loop_update_halo_kernel4_minus_4_b_29	update_halo_kernel4_minus_4_b
2090	0.000021761	553536	ops_par_loop_group_14	update_halo_kernel1_t2+update_halo_kernel4_minus_2_b
2091	0.000020890	430528	ops_par_loop_update_halo_kernel1_t1_14	update_halo_kernel1_t1
2092	0.000020990	246080	ops_par_loop_group_16	update_halo_kernel2_xvel_plus_4_b+update_halo_kernel2_yvel_minus_4_b
2093	0.000019677	369120	ops_par_loop_group_17	update_halo_kernel3_plus_4_b+update_halo_kernel2_xvel_plus_2_b+update_halo_kernel2_yvel_minus_2_b
2094	0.000018906	123040	ops_par_loop_update_halo_kernel3_plus_2_b_22	update_halo_kernel3_plus_2_b
2095	0.000026320	553536	ops_par_loop_group_19	update_halo_kernel1_l2+update_halo_kernel3_minus_4_a
2096	0.000023876	553536	ops_par_loop_group_20	update_halo_kernel1_l1+update_halo_kernel3_minus_2_a
2097	0.000019627	123008	ops_par_loop_update_halo_kernel3_minus_4_b_25	update_halo_kernel3_minus_4_b
2098	0.000024547	553536	ops_par_loop_group_22	update_halo_kernel1_r2+update_halo_kernel3_minus_2_b
2099	0.000022573	430528	ops_par_loop_update_halo_kernel1_r1_18	update_halo_kernel1_r1
2100	0.000023544	369120	ops_par_loop_group_24	update_halo_kernel4_plus_4_a+update_halo_kernel2_xvel_minus_4_a+update_halo_kernel2_yvel_plus_4_a
2101	0.000020970	369120	ops_par_loop_group_25	update_halo_kernel4_plus_2_a+update_halo_kernel2_xvel_minus_2_a+update_halo_kernel2_yvel_plus_2_a
2102	0.000020869	246080	ops_par_loop_group_26	update_halo_kernel2_xvel_minus_4_b+update_halo_kernel2_yvel_plus_4_b
2103	0.000022602	369120	ops_par_loop_group_27	update_halo_kernel4_plus_4_b+update_halo_kernel2_xvel_minus_2_b+update_halo_kernel2_yvel_plus_2_b
2104	0.000018325	123040	ops_par_loop_update_halo_kernel4_plus_2_b_34	update_halo_kernel4_plus_2_b
2105	0.000563398	591053440	ops_par_loop_advec_cell_kernel1_xdir_35	advec_cell_kernel1_xdir
2106	0.000772315	708203544	ops_par_loop_advec_cell_kernel3_xdir_36	advec_cell_kernel3_xdir
2107	0.001458126	1533542400	ops_par_loop_advec_cell_kernel4_xdir_37	advec_cell_kernel4_xdir
2108	0.000022242	430528	ops_par_loop_update_halo_kernel1_b2_38	update_halo_kernel1_b2
2109	0.000020670	430528	ops_par_loop_update_halo_kernel1_b1_39	update_halo_kernel1_b1
2110	0.000021010	430528	ops_par_loop_update_halo_kernel1_t2_40	update_halo_kernel1_t2
2111	0.000021050	430528	ops_par_loop_update_halo_kernel1_t1_41	update_halo_kernel1_t1
2112	0.000018786	123040	ops_par_loop_update_halo_kernel3_plus_4_a_62	update_halo_kernel3_plus_4_a
2113	0.000018976	123040	ops_par_loop_update_halo_kernel3_plus_2_a_63	update_halo_kernel3_plus_2_a
2114	0.000018736	123040	ops_par_loop_update_halo_kernel3_plus_4_b_64	update_halo_kernel3_plus_4_b
2115	0.000019327	123040	ops_par_loop_update_halo_kernel3_plus_2_b_65	update_halo_kernel3_plus_2_b
2116	0.000026841	553536	ops_par_loop_group_40	update_halo_kernel1_l2+update_halo_kernel3_minus_4_a
2117	0.000023294	553536	ops_par_loop_group_41	update_halo_kernel1_l1+update_halo_kernel3_minus_2_a
2118	0.000019316	123008	ops_par_loop_update_halo_kernel3_minus_4_b_68	update_halo_kernel3_minus_4_b
2119	0.000025038	553536	ops_par_loop_group_43	update_halo_kernel1_r2+update_halo_kernel3_minus_2_b
2120	0.000021220	430528	ops_par_loop_update_halo_kernel1_r1_45	update_halo_kernel1_r1
2121	0.000561886	591053440	ops_par_loop_advec_mom_kernel_x1_70	advec_mom_kernel_x1
2122	0.000194108	236236864	ops_par_loop_advec_mom_kernel_mass_flux_x_71	advec_mom_kernel_mass_flux_x
2123	0.000574009	590438520	ops_par_loop_advec_mom_kernel_post_pre_advec_x_72	advec_mom_kernel_post_pre_advec_x
2124	0.000884047	472258640	ops_par_loop_advec_mom_kernel1_x_nonvector_73	advec_mom_kernel1_x_nonvector
2125	0.000450885	590131240	ops_par_loop_advec_mom_kernel2_x_74	advec_mom_kernel2_x
2126	0.000562006	591053440	ops_par_loop_advec_mom_kernel_x1_75	advec_mom_kernel_x1
2127	0.000193868	236236864	ops_par_loop_advec_mom_kernel_mass_flux_x_76	advec_mom_kernel_mass_flux_x
2128	0.000576975	590438520	ops_par_loop_advec_mom_kernel_post_pre_advec_x_77	advec_mom_kernel_post_pre_advec_x
2129	0.000883907	472258640	ops_par_loop_advec_mom_kernel1_x_nonvector_78	advec_mom_kernel1_x_nonvector
2130	0.000445776	590131240	ops_par_loop_advec_mom_kernel2_x_79	advec_mom_kernel2_x
2131	0.000496923	472842752	ops_par_loop_advec_cell_kernel2_ydir_80	advec_cell_kernel2_ydir
2132	0.000790269	708203544	ops_par_loop_advec_cell_kernel3_ydir_81	advec_cell_kernel3_ydir
2133	0.001473896	1533542400	ops_par_loop_advec_cell_kernel4_ydir_82	advec_cell_kernel4_ydir
2134	0.000022693	553536	ops_par_loop_group_58	update_halo_kernel1_b2+update_halo_kernel4_minus_4_a
2135	0.000021912	553536	ops_par_loop_group_59	update_halo_kernel1_b1+update_halo_kernel4_minus_2_a
2136	0.000021671	369120	ops_par_loop_group_60	update_halo_kernel2_xvel_plus_4_a+update_halo_kernel2_yvel_minus_4_a+update_halo_kernel3_plus_4_a
2137	0.000021931	369120	ops_par_loop_group_61	update_halo_kernel2_xvel_plus_2_a+update_halo_kernel2_yvel_minus_2_a+update_halo_kernel3_plus_2_a
2138	0.000020098	246080	ops_par_loop_group_62	update_halo_kernel2_xvel_plus_4_b+update_halo_kernel2_yvel_minus_4_b
2139	0.000021261	369120	ops_par_loop_group_63	update_halo_kernel2_xvel_plus_2_b+update_halo_kernel2_yvel_minus_2_b+update_halo_kernel3_plus_4_b
2140	0.000022042	246080	ops_par_loop_group_64	update_halo_kernel2_xvel_minus_4_b+update_halo_kernel2_yvel_plus_4_b
2141	0.000019437	123040	ops_par_loop_update_halo_kernel3_plus_2_b_110	update_halo_kernel3_plus_2_b
2142	0.000019386	123008	ops_par_loop_update_halo_kernel3_minus_4_b_113	update_halo_kernel3_minus_4_b
2143	0.000018124	123008	ops_par_loop_update_halo_kernel4_minus_4_b_117	update_halo_kernel4_minus_4_b
2144	0.000021811	553536	ops_par_loop_group_68	update_halo_kernel1_t2+update_halo_kernel4_minus_2_b
2145	0.000022112	430528	ops_par_loop_update_halo_kernel1_t1_86	update_halo_kernel1_t1
2146	0.000038944	553536	ops_par_loop_group_70	update_halo_kernel1_l2+update_halo_kernel3_minus_4_a
2147	0.000023475	553536	ops_par_loop_group_71	update_halo_kernel1_l1+update_halo_kernel3_minus_2_a
2148	0.000025218	553536	ops_par_loop_group_72	update_halo_kernel1_r2+update_halo_kernel3_minus_2_b
2149	0.000021771	430528	ops_par_loop_update_halo_kernel1_r1_90	update_halo_kernel1_r1
2150	0.000023895	369120	ops_par_loop_group_74	update_halo_kernel2_xvel_minus_4_a+update_halo_kernel2_yvel_plus_4_a+update_halo_kernel4_plus_4_a
2151	0.000021661	369120	ops_par_loop_group_75	update_halo_kernel2_xvel_minus_2_a+update_halo_kernel2_yvel_plus_2_a+update_halo_kernel4_plus_2_a
2152	0.000023064	369120	ops_par_loop_group_76	update_halo_kernel2_xvel_minus_2_b+update_halo_kernel2_yvel_plus_2_b+update_halo_kernel4_plus_4_b
2153	0.000018555	123040	ops_par_loop_update_halo_kernel4_plus_2_b_122	update_halo_kernel4_plus_2_b
2154	0.001783743	1416561152	ops_par_loop_group_78	advec_mom_kernel_y2+reset_field_kernel1+ideal_gas_kernel
2155	0.000196943	236236864	ops_par_loop_advec_mom_kernel_mass_flux_y_124	advec_mom_kernel_mass_flux_y
2156	0.000535025	590438520	ops_par_loop_advec_mom_kernel_post_pre_advec_y_125	advec_mom_kernel_post_pre_advec_y
2157	0.000878928	472258640	ops_par_loop_advec_mom_kernel1_y_nonvector_126	advec_mom_kernel1_y_nonvector
2158	0.000450214	590131240	ops_par_loop_advec_mom_kernel2_y_127	advec_mom_kernel2_y
2159	0.000489839	472842752	ops_par_loop_advec_mom_kernel_y2_128	advec_mom_kernel_y2
2160	0.000192184	236236864	ops_par_loop_advec_mom_kernel_mass_flux_y_129	advec_mom_kernel_mass_flux_y
2161	0.000533331	590438520	ops_par_loop_advec_mom_kernel_post_pre_advec_y_130	advec_mom_kernel_post_pre_advec_y
2162	0.000877164	472258640	ops_par_loop_advec_mom_kernel1_y_nonvector_131	advec_mom_kernel1_y_nonvector
2163	0.000732460	1062236232	ops_par_loop_group_87	advec_mom_kernel2_y+reset_field_kernel2
2164	0.000022292	430304	ops_par_loop_update_halo_kernel1_b1_136	update_halo_kernel1_b1
2165	0.000021050	430304	ops_par_loop_update_halo_kernel1_t1_137	update_halo_kernel1_t1
2166	0.000024296	430304	ops_par_loop_update_halo_kernel1_l1_138	update_halo_kernel1_l1
2167	0.000024817	430304	ops_par_loop_update_halo_kernel1_r1_139	update_halo_kernel1_r1
2168	0.000019967	245952	ops_par_loop_group_92	update_halo_kernel2_xvel_plus_2_a+update_halo_kernel2_yvel_minus_2_a
2169	0.000020218	245952	ops_par_loop_group_93	update_halo_kernel2_xvel_plus_2_b+update_halo_kernel2_yvel_minus_2_b
2170	0.000020990	245952	ops_par_loop_group_94	update_halo_kernel2_xvel_minus_2_a+update_halo_kernel2_yvel_plus_2_a
2171	0.000021370	245952	ops_par_loop_group_95	update_halo_kernel2_xvel_minus_2_b+update_halo_kernel2_yvel_plus_2_b
2172	0.001740943	589885440	ops_par_loop_viscosity_kernel_148	viscosity_kernel
2173	0.000021551	430304	ops_par_loop_update_halo_kernel1_b1_149	update_halo_kernel1_b1
2174	0.000021661	430304	ops_par_loop_update_halo_kernel1_t1_150	update_halo_kernel1_t1
2175	0.000024016	430304	ops_par_loop_update_halo_kernel1_l1_151	update_halo_kernel1_l1
2176	0.000023445	430304	ops_par_loop_update_halo_kernel1_r1_152	update_halo_kernel1_r1
2177	0.000919505	1061744640	ops_par_loop_calc_dt_kernel_153	calc_dt_kernel
2178	0.001494175	1887436800	ops_par_loop_group_0	PdV_kernel_predict+ideal_gas_kernel
2179	0.000022232	430304	ops_par_loop_update_halo_kernel1_b1_2	update_halo_kernel1_b1
2180	0.000020719	430304	ops_par_loop_update_halo_kernel1_t1_3	update_halo_kernel1_t1
2181	0.000024236	430304	ops_par_loop_update_halo_kernel1_l1_4	update_halo_kernel1_l1
2182	0.000023544	430304	ops_par_loop_update_halo_kernel1_r1_5	update_halo_kernel1_r1
2183	0.001555120	1770147928	ops_par_loop_group_5	revert_kernel+accelerate_kernel
2184	0.001355701	1651507200	ops_par_loop_PdV_kernel_nopredict_8	PdV_kernel_nopredict
2185	0.000364001	471982080	ops_par_loop_flux_calc_kernelx_9	flux_calc_kernelx
2186	0.000358771	471982080	ops_par_loop_flux_calc_kernely_10	flux_calc_kernely
2187	0.000022824	553536	ops_par_loop_group_9	update_halo_kernel1_b2+update_halo_kernel4_minus_4_a
2188	0.000020720	553536	ops_par_loop_group_10	update_halo_kernel1_b1+update_halo_kernel4_minus_2_a
2189	0.000020940	369120	ops_par_loop_group_11	update_halo_kernel3_plus_4_a+update_halo_kernel2_xvel_plus_4_a+update_halo_kernel2_yvel_minus_4_a
2190	0.000020790	369120	ops_par_loop_group_12	update_halo_kernel3_plus_2_a+update_halo_kernel2_xvel_plus_2_a+update_halo_kernel2_yvel_minus_2_a
2191	0.000019356	123008	ops_par_loop_update_halo_kernel4_minus_4_b_29	update_halo_kernel4_minus_4_b
2192	0.000021360	553536	ops_par_loop_group_14	update_halo_kernel1_t2+update_halo_kernel4_minus_2_b
2193	0.000020188	430528	ops_par_loop_update_halo_kernel1_t1_14	update_halo_kernel1_t1
2194	0.000019968	246080	ops_par_loop_group_16	update_halo_kernel2_xvel_plus_4_b+update_halo_kernel2_yvel_minus_4_b
2195	0.000021100	369120	ops_par_loop_group_17	update_halo_kernel3_plus_4_b+update_halo_kernel2_xvel_plus_2_b+update_halo_kernel2_yvel_minus_2_b
2196	0.000018796	123040	ops_par_loop_update_halo_kernel3_plus_2_b_22	update_halo_kernel3_plus_2_b
2197	0.000026671	553536	ops_par_loop_group_19	update_halo_kernel1_l2+update_halo_kernel3_minus_4_a
2198	0.000024086	553536	ops_par_loop_group_20	update_halo_kernel1_l1+update_halo_kernel3_minus_2_a
2199	0.000019647	123008	ops_par_loop_update_halo_kernel3_minus_4_b_25	update_halo_kernel3_minus_4_b
2200	0.000025398	553536	ops_par_loop_group_22	update_halo_kernel1_r2+update_halo_kernel3_minus_2_b
2201	0.000021881	430528	ops_par_loop_update_halo_kernel1_r1_18	update_halo_kernel1_r1
2202	0.000023134	369120	ops_par_loop_group_24	update_halo_kernel4_plus_4_a+update_halo_kernel2_xvel_minus_4_a+update_halo_kernel2_yvel_plus_4_a
2203	0.000023575	369120	ops_par_loop_group_25	update_halo_kernel4_plus_2_a+update_halo_kernel2_xvel_minus_2_a+update_halo_kernel2_yvel_plus_2_a
2204	0.000021220	246080	ops_par_loop_group_26	update_halo_kernel2_xvel_minus_4_b+update_halo_kernel2_yvel_plus_4_b
2205	0.000022623	369120	ops_par_loop_group_27	update_halo_kernel4_plus_4_b+update_halo_kernel2_xvel_minus_2_b+update_halo_kernel2_yvel_plus_2_b
2206	0.000019096	123040	ops_par_loop_update_halo_kernel4_plus_2_b_34	update_halo_kernel4_plus_2_b
2207	0.000564050	591053440	ops_par_loop_advec_cell_kernel1_ydir_35	advec_cell_kernel1_ydir
2208	0.000789117	708203544	ops_par_loop_advec_cell_kernel3_ydir_36	advec_cell_kernel3_ydir
2209	0.001472192	1533542400	ops_par_loop_advec_cell_kernel4_ydir_37	advec_cell_kernel4_ydir
2210	0.000023284	553536	ops_par_loop_group_32	update_halo_kernel1_b2+update_halo_kernel4_minus_4_a
2211	0.000021902	553536	ops_par_loop_group_33	update_halo_kernel1_b1+update_halo_kernel4_minus_2_a
2212	0.000019116	123008	ops_par_loop_update_halo_kernel4_minus_4_b_64	update_halo_kernel4_minus_4_b
2213	0.000022192	553536	ops_par_loop_group_35	update_halo_kernel1_t2+update_halo_kernel4_minus_2_b
2214	0.000020559	430528	ops_par_loop_update_halo_kernel1_t1_41	update_halo_kernel1_t1
2215	0.000024417	430528	ops_par_loop_update_halo_kernel1_l2_42	update_halo_kernel1_l2
2216	0.000021260	430528	ops_par_loop_update_halo_kernel1_l1_43	update_halo_kernel1_l1
2217	0.000023495	430528	ops_par_loop_update_halo_kernel1_r2_44	update_halo_kernel1_r2
2218	0.000021200	430528	ops_par_loop_update_halo_kernel1_r1_45	update_halo_kernel1_r1
2219	0.000019797	123040	ops_par_loop_update_halo_kernel4_plus_4_a_66	update_halo_kernel4_plus_4_a
2220	0.000018645	123040	ops_par_loop_update_halo_kernel4_plus_2_a_67	update_halo_kernel4_plus_2_a
2221	0.000019136	123040	ops_par_loop_update_halo_kernel4_plus_4_b_68	update_halo_kernel4_plus_4_b
2222	0.000018785	123040	ops_par_loop_update_halo_kernel4_plus_2_b_69	update_halo_kernel4_plus_2_b
2223	0.000562567	591053440	ops_par_loop_advec_mom_kernel_y1_70	advec_mom_kernel_y1
2224	0.000192195	236236864	ops_par_loop_advec_mom_kernel_mass_flux_y_71	advec_mom_kernel_mass_flux_y
2225	0.000533221	590438520	ops_par_loop_advec_mom_kernel_post_pre_advec_y_72	advec_mom_kernel_post_pre_advec_y
2226	0.000878546	472258640	ops_par_loop_advec_mom_kernel1_y_nonvector_73	advec_mom_kernel1_y_nonvector
2227	0.000452077	590131240	ops_par_loop_advec_mom_kernel2_y_74	advec_mom_kernel2_y
2228	0.000568318	591053440	ops_par_loop_advec_mom_kernel_y1_75	advec_mom_kernel_y1
2229	0.000191634	236236864	ops_par_loop_advec_mom_kernel_mass_flux_y_76	advec_mom_kernel_mass_flux_y
2230	0.000533833	590438520	ops_par_loop_advec_mom_kernel_post_pre_advec_y_77	advec_mom_kernel_post_pre_advec_y
2231	0.000877144	472258640	ops_par_loop_advec_mom_kernel1_y_nonvector_78	advec_mom_kernel1_y_nonvector
2232	0.000446256	590131240	ops_par_loop_advec_mom_kernel2_y_79	advec_mom_kernel2_y
2233	0.000491983	472842752	ops_par_loop_advec_cell_kernel2_xdir_80	advec_cell_kernel2_xdir
2234	0.000773417	708203544	ops_par_loop_advec_cell_kernel3_xdir_81	advec_cell_kernel3_xdir
2235	0.001458427	1533542400	ops_par_loop_advec_cell_kernel4_xdir_82	advec_cell_kernel4_xdir
2236	0.000022883	553536	ops_par_loop_group_58	update_halo_kernel1_b2+update_halo_kernel4_minus_4_a
2237	0.000021972	553536	ops_par_loop_group_59	update_halo_kernel1_b1+update_halo_kernel4_minus_2_a
2238	0.000022233	369120	ops_par_loop_group_60	update_halo_kernel2_xvel_plus_4_a+update_halo_kernel2_yvel_minus_4_a+update_halo_kernel3_plus_4_a
2239	0.000021521	369120	ops_par_loop_group_61	update_halo_kernel2_xvel_plus_2_a+update_halo_kernel2_yvel_minus_2_a+update_halo_kernel3_plus_2_a
2240	0.000019637	246080	ops_par_loop_group_62	update_halo_kernel2_xvel_plus_4_b+update_halo_kernel2_yvel_minus_4_b
2241	0.000020819	369120	ops_par_loop_group_63	update_halo_kernel2_xvel_plus_2_b+update_halo_kernel2_yvel_minus_2_b+update_halo_kernel3_plus_4_b
2242	0.000021661	246080	ops_par_loop_group_64	update_halo_kernel2_xvel_minus_4_b+update_halo_kernel2_yvel_plus_4_b
2243	0.000019217	123040	ops_par_loop_update_halo_kernel3_plus_2_b_110	update_halo_kernel3_plus_2_b
2244	0.000019276	123008	ops_par_loop_update_halo_kernel3_minus_4_b_113	update_halo_kernel3_minus_4_b
2245	0.000018545	123008	ops_par_loop_update_halo_kernel4_minus_4_b_117	update_halo_kernel4_minus_4_b
2246	0.000021841	553536	ops_par_loop_group_68	update_halo_kernel1_t2+update_halo_kernel4_minus_2_b
2247	0.000020419	430528	ops_par_loop_update_halo_kernel1_t1_86	update_halo_kernel1_t1
2248	0.000027352	553536	ops_par_loop_group_70	update_halo_kernel1_l2+update_halo_kernel3_minus_4_a
2249	0.000024487	553536	ops_par_loop_group_71	update_halo_kernel1_l1+update_halo_kernel3_minus_2_a
2250	0.000024416	553536	ops_par_loop_group_72	update_halo_kernel1_r2+update_halo_kernel3_minus_2_b
2251	0.000022252	430528	ops_par_loop_update_halo_kernel1_r1_90	update_halo_kernel1_r1
2252	0.000023394	369120	ops_par_loop_group_74	update_halo_kernel2_xvel_minus_4_a+update_halo_kernel2_yvel_plus_4_a+update_halo_kernel4_plus_4_a
2253	0.000021631	369120	ops_par_loop_group_75	update_halo_kernel2_xvel_minus_2_a+update_halo_kernel2_yvel_plus_2_a+update_halo_kernel4_plus_2_a
2254	0.000022383	369120	ops_par_loop_group_76	update_halo_kernel2_xvel_minus_2_b+update_halo_kernel2_yvel_plus_2_b+update_halo_kernel4_plus_4_b
2255	0.000019357	123040	ops_par_loop_update_halo_kernel4_plus_2_b_122	update_halo_kernel4_plus_2_b
2256	0.001800676	1416561152	ops_par_loop_group_78	advec_mom_kernel_x2+reset_field_kernel1+ideal_gas_kernel
2257	0.000196453	236236864	ops_par_loop_advec_mom_kernel_mass_flux_x_124	advec_mom_kernel_mass_flux_x
2258	0.000573417	590438520	ops_par_loop_advec_mom_kernel_post_pre_advec_x_125	advec_mom_kernel_post_pre_advec_x
2259	0.000884077	472258640	ops_par_loop_advec_mom_kernel1_x_nonvector_126	advec_mom_kernel1_x_nonvector
2260	0.000450235	590131240	ops_par_loop_advec_mom_kernel2_x_127	advec_mom_kernel2_x
2261	0.000498566	472842752	ops_par_loop_advec_mom_kernel_x2_128	advec_mom_kernel_x2
2262	0.000194719	236236864	ops_par_loop_advec_mom_kernel_mass_flux_x_129	advec_mom_kernel_mass_flux_x
2263	0.000576333	590438520	ops_par_loop_advec_mom_kernel_post_pre_advec_x_130	advec_mom_kernel_post_pre_advec_x
2264	0.000884167	472258640	ops_par_loop_advec_mom_kernel1_x_nonvector_131	advec_mom_kernel1_x_nonvector
2265	0.000732249	1062236232	ops_par_loop_group_87	advec_mom_kernel2_x+reset_field_kernel2
2266	0.000021160	430304	ops_par_loop_update_halo_kernel1_b1_136	update_halo_kernel1_b1
2267	0.000021270	430304	ops_par_loop_update_halo_kernel1_t1_137	update_halo_kernel1_t1
2268	0.000024276	430304	ops_par_loop_update_halo_kernel1_l1_138	update_halo_kernel1_l1
2269	0.000028273	430304	ops_par_loop_update_halo_kernel1_r1_139	update_halo_kernel1_r1
2270	0.000019357	245952	ops_par_loop_group_92	update_halo_kernel2_xvel_plus_2_a+update_halo_kernel2_yvel_minus_2_a
2271	0.000020089	245952	ops_par_loop_group_93	update_halo_kernel2_xvel_plus_2_b+update_halo_kernel2_yvel_minus_2_b
2272	0.000020950	245952	ops_par_loop_group_94	update_halo_kernel2_xvel_minus_2_a+update_halo_kernel2_yvel_plus_2_a
2273	0.000020839	245952	ops_par_loop_group_95	update_halo_kernel2_xvel_minus_2_b+update_halo_kernel2_yvel_plus_2_b
2274	0.001737156	589885440	ops_par_loop_viscosity_kernel_148	viscosity_kernel
2275	0.000020900	430304	ops_par_loop_update_halo_kernel1_b1_149	update_halo_kernel1_b1
2276	0.000020720	430304	ops_par_loop_update_halo_kernel1_t1_150	update_halo_kernel1_t1
2277	0.000023425	430304	ops_par_loop_update_halo_kernel1_l1_151	update_halo_kernel1_l1
2278	0.000022824	430304	ops_par_loop_update_halo_kernel1_r1_152	update_halo_kernel1_r1
2279	0.000923341	1061744640	ops_par_loop_calc_dt_kernel_153	calc_dt_kernel
2280	0.001495287	1887436800	ops_par_loop_group_0	PdV_kernel_predict+ideal_gas_kernel
2281	0.000022763	430304	ops_par_loop_update_halo_kernel1_b1_2	update_halo_kernel1_b1
2282	0.000019727	430304	ops_par_loop_update_halo_kernel1_t1_3	update_halo_kernel1_t1
2283	0.000025298	430304	ops_par_loop_update_halo_kernel1_l1_4	update_halo_kernel1_l1
2284	0.000023705	430304	ops_par_loop_update_halo_kernel1_r1_5	update_halo_kernel1_r1
2285	0.001559248	1770147928	ops_par_loop_group_5	revert_kernel+accelerate_kernel
2286	0.001357175	1651507200	ops_par_loop_PdV_kernel_nopredict_8	PdV_kernel_nopredict
2287	0.000361426	471982080	ops_par_loop_flux_calc_kernelx_9	flux_calc_kernelx
2288	0.000357749	471982080	ops_par_loop_flux_calc_kernely_10	flux_calc_kernely
2289	0.000022643	553536	ops_par_loop_group_9	update_halo_kernel1_b2+update_halo_kernel4_minus_4_a
2290	0.000021521	553536	ops_par_loop_group_10	update_halo_kernel1_b1+update_halo_kernel4_minus_2_a
2291	0.000021511	369120	ops_par_loop_group_11	update_halo_kernel3_plus_4_a+update_halo_kernel2_xvel_plus_4_a+update_halo_kernel2_yvel_minus_4_a
2292	0.000021040	369120	ops_par_loop_group_12	update_halo_kernel3_plus_2_a+update_halo_kernel2_xvel_plus_2_a+update_halo_kernel2_yvel_minus_2_a
2293	0.000018605	123008	ops_par_loop_update_halo_kernel4_minus_4_b_29	update_halo_kernel4_minus_4_b
2294	0.000021501	553536	ops_par_loop_group_14	update_halo_kernel1_t2+update_halo_kernel4_minus_2_b
2295	0.000021751	430528	ops_par_loop_update_halo_kernel1_t1_14	update_halo_kernel1_t1
2296	0.000020418	246080	ops_par_loop_group_16	update_halo_kernel2_xvel_plus_4_b+update_halo_kernel2_yvel_minus_4_b
2297	0.000019958	369120	ops_par_loop_group_17	update_halo_kernel3_plus_4_b+update_halo_kernel2_xvel_plus_2_b+update_halo_kernel2_yvel_minus_2_b
2298	0.000018526	123040	ops_par_loop_update_halo_kernel3_plus_2_b_22	update_halo_kernel3_plus_2_b
2299	0.000026019	553536	ops_par_loop_group_19	update_halo_kernel1_l2+update_halo_kernel3_minus_4_a
2300	0.000023494	553536	ops_par_loop_group_20	update_halo_kernel1_l1+update_halo_kernel3_minus_2_a
2301	0.000019577	123008	ops_par_loop_update_halo_kernel3_minus_4_b_25	update_halo_kernel3_minus_4_b
2302	0.000025057	553536	ops_par_loop_group_22	update_halo_kernel1_r2+update_halo_kernel3_minus_2_b
2303	0.000022623	430528	ops_par_loop_update_halo_kernel1_r1_18	update_halo_kernel1_r1
2304	0.000022944	369120	ops_par_loop_group_24	update_halo_kernel4_plus_4_a+update_halo_kernel2_xvel_minus_4_a+update_halo_kernel2_yvel_plus_4_a
2305	0.000021421	369120	ops_par_loop_group_25	update_halo_kernel4_plus_2_a+update_halo_kernel2_xvel_minus_2_a+update_halo_kernel2_yvel_plus_2_a
2306	0.000021240	246080	ops_par_loop_group_26	update_halo_kernel2_xvel_minus_4_b+update_halo_kernel2_yvel_plus_4_b
2307	0.000022483	369120	ops_par_loop_group_27	update_halo_kernel4_plus_4_b+update_halo_kernel2_xvel_minus_2_b+update_halo_kernel2_yvel_plus_2_b
2308	0.000018104	123040	ops_par_loop_update_halo_kernel4_plus_2_b_34	update_halo_kernel4_plus_2_b
2309	0.000562057	591053440	ops_par_loop_advec_cell_kernel1_xdir_35	advec_cell_kernel1_xdir
2310	0.000773538	708203544	ops_par_loop_advec_cell_kernel3_xdir_36	advec_cell_kernel3_xdir
2311	0.001461963	1533542400	ops_par_loop_advec_cell_kernel4_xdir_37	advec_cell_kernel4_xdir
2312	0.000021391	430528	ops_par_loop_update_halo_kernel1_b2_38	update_halo_kernel1_b2
2313	0.000019888	430528	ops_par_loop_update_halo_kernel1_b1_39	update_halo_kernel1_b1
2314	0.000020118	430528	ops_par_loop_update_halo_kernel1_t2_40	update_halo_kernel1_t2
2315	0.000020368	430528	ops_par_loop_update_halo_kernel1_t1_41	update_halo_kernel1_t1
2316	0.000018495	123040	ops_par_loop_update_halo_kernel3_plus_4_a_62	update_halo_kernel3_plus_4_a
2317	0.000019527	123040	ops_par_loop_update_halo_kernel3_plus_2_a_63	update_halo_kernel3_plus_2_a
2318	0.000018725	123040	ops_par_loop_update_halo_kernel3_plus_4_b_64	update_halo_kernel3_plus_4_b
2319	0.000018525	123040	ops_par_loop_update_halo_kernel3_plus_2_b_65	update_halo_kernel3_plus_2_b
2320	0.000025879	553536	ops_par_loop_group_40	update_halo_kernel1_l2+update_halo_kernel3_minus_4_a
2321	0.000023635	553536	ops_par_loop_group_41	update_halo_kernel1_l1+update_halo_kernel3_minus_2_a
2322	0.000019156	123008	ops_par_loop_update_halo_kernel3_minus_4_b_68	update_halo_kernel3_minus_4_b
2323	0.000025228	553536	ops_par_loop_group_43	update_halo_kernel1_r2+update_halo_kernel3_minus_2_b
2324	0.000022263	430528	ops_par_loop_update_halo_kernel1_r1_45	update_halo_kernel1_r1
2325	0.000562807	591053440	ops_par_loop_advec_mom_kernel_x1_70	advec_mom_kernel_x1
2326	0.000193216	236236864	ops_par_loop_advec_mom_kernel_mass_flux_x_71	advec_mom_kernel_mass_flux_x
2327	0.000575763	590438520	ops_par_loop_advec_mom_kernel_post_pre_advec_x_72	advec_mom_kernel_post_pre_advec_x
2328	0.000884117	472258640	ops_par_loop_advec_mom_kernel1_x_nonvector_73	advec_mom_kernel1_x_nonvector
2329	0.000441968	590131240	ops_par_loop_advec_mom_kernel2_x_74	advec_mom_kernel2_x
2330	0.000563900	591053440	ops_par_loop_advec_mom_kernel_x1_75	advec_mom_kernel_x1
2331	0.000193908	236236864	ops_par_loop_advec_mom_kernel_mass_flux_x_76	advec_mom_kernel_mass_flux_x
2332	0.000574830	590438520	ops_par_loop_advec_mom_kernel_post_pre_advec_x_77	advec_mom_kernel_post_pre_advec_x
2333	0.000884217	472258640	ops_par_loop_advec_mom_kernel1_x_nonvector_78	advec_mom_kernel1_x_nonvector
2334	0.000453070	590131240	ops_par_loop_advec_mom_kernel2_x_79	advec_mom_kernel2_x
2335	0.000496923	472842752	ops_par_loop_advec_cell_kernel2_ydir_80	advec_cell_kernel2_ydir
2336	0.000789137	708203544	ops_par_loop_advec_cell_kernel3_ydir_81	advec_cell_kernel3_ydir
2337	0.001472393	1533542400	ops_par_loop_advec_cell_kernel4_ydir_82	advec_cell_kernel4_ydir
2338	0.000023114	553536	ops_par_loop_group_58	update_halo_kernel1_b2+update_halo_kernel4_minus_4_a
2339	0.000021130	553536	ops_par_loop_group_59	update_halo_kernel1_b1+update_halo_kernel4_minus_2_a
2340	0.000021280	369120	ops_par_loop_group_60	update_halo_kernel2_xvel_plus_4_a+update_halo_kernel2_yvel_minus_4_a+update_halo_kernel3_plus_4_a
2341	0.000021621	369120	ops_par_loop_group_61	update_halo_kernel2_xvel_plus_2_a+update_halo_kernel2_yvel_minus_2_a+update_halo_kernel3_plus_2_a
2342	0.000020088	246080	ops_par_loop_group_62	update_halo_kernel2_xvel_plus_4_b+update_halo_kernel2_yvel_minus_4_b
2343	0.000021611	369120	ops_par_loop_group_63	update_halo_kernel2_xvel_plus_2_b+update_halo_kernel2_yvel_minus_2_b+update_halo_kernel3_plus_4_b
2344	0.000021782	246080	ops_par_loop_group_64	update_halo_kernel2_xvel_minus_4_b+update_halo_kernel2_yvel_plus_4_b
2345	0.000020108	123040	ops_par_loop_update_halo_kernel3_plus_2_b_110	update_halo_kernel3_plus_2_b
2346	0.000019477	123008	ops_par_loop_update_halo_kernel3_minus_4_b_113	update_halo_kernel3_minus_4_b
2347	0.000018195	123008	ops_par_loop_update_halo_kernel4_minus_4_b_117	update_halo_kernel4_minus_4_b
2348	0.000021100	553536	ops_par_loop_group_68	update_halo_kernel1_t2+update_halo_kernel4_minus_2_b
2349	0.000020679	430528	ops_par_loop_update_halo_kernel1_t1_86	update_halo_kernel1_t1
2350	0.000026931	553536	ops_par_loop_group_70	update_halo_kernel1_l2+update_halo_kernel3_minus_4_a
2351	0.000023024	553536	ops_par_loop_group_71	update_halo_kernel1_l1+update_halo_kernel3_minus_2_a
2352	0.000024867	553536	ops_par_loop_group_72	update_halo_kernel1_r2+update_halo_kernel3_minus_2_b
2353	0.000022031	430528	ops_par_loop_update_halo_kernel1_r1_90	update_halo_kernel1_r1
2354	0.000023144	369120	ops_par_loop_group_74	update_halo_kernel2_xvel_minus_4_a+update_halo_kernel2_yvel_plus_4_a+update_halo_kernel4_plus_4_a
2355	0.000022042	369120	ops_par_loop_group_75	update_halo_kernel2_xvel_minus_2_a+update_halo_kernel2_yvel_plus_2_a+update_halo_kernel4_plus_2_a
2356	0.000022633	369120	ops_par_loop_group_76	update_halo_kernel2_xvel_minus_2_b+update_halo_kernel2_yvel_plus_2_b+update_halo_kernel4_plus_4_b
2357	0.000019426	123040	ops_par_loop_update_halo_kernel4_plus_2_b_122	update_halo_kernel4_plus_2_b
2358	0.001780217	1416561152	ops_par_loop_group_78	advec_mom_kernel_y2+reset_field_kernel1+ideal_gas_kernel
2359	0.000194849	236236864	ops_par_loop_advec_mom_kernel_mass_flux_y_124	advec_mom_kernel_mass_flux_y
2360	0.000533181	590438520	ops_par_loop_advec_mom_kernel_post_pre_advec_y_125	advec_mom_kernel_post_pre_advec_y
2361	0.000878978	472258640	ops_par_loop_advec_mom_kernel1_y_nonvector_126	advec_mom_kernel1_y_nonvector
2362	0.000445765	590131240	ops_par_loop_advec_mom_kernel2_y_127	advec_mom_kernel2_y
2363	0.000490651	472842752	ops_par_loop_advec_mom_kernel_y2_128	advec_mom_kernel_y2
2364	0.000192876	236236864	ops_par_loop_advec_mom_kernel_mass_flux_y_129	advec_mom_kernel_mass_flux_y
2365	0.000537289	590438520	ops_par_loop_advec_mom_kernel_post_pre_advec_y_130	advec_mom_kernel_post_pre_advec_y
2366	0.000876533	472258640	ops_par_loop_advec_mom_kernel1_y_nonvector_131	advec_mom_kernel1_y_nonvector
2367	0.000731277	1062236232	ops_par_loop_group_87	advec_mom_kernel2_y+reset_field_kernel2
2368	0.000021671	430304	ops_par_loop_update_halo_kernel1_b1_136	update_halo_kernel1_b1
2369	0.000020660	430304	ops_par_loop_update_halo_kernel1_t1_137	update_halo_kernel1_t1
2370	0.000023835	430304	ops_par_loop_update_halo_kernel1_l1_138	update_halo_kernel1_l1
2371	0.000024236	430304	ops_par_loop_update_halo_kernel1_r1_139	update_halo_kernel1_r1
2372	0.000019477	245952	ops_par_loop_group_92	update_halo_kernel2_xvel_plus_2_a+update_halo_kernel2_yvel_minus_2_a
2373	0.000019778	245952	ops_par_loop_group_93	update_halo_kernel2_xvel_plus_2_b+update_halo_kernel2_yvel_minus_2_b
2374	0.000021060	245952	ops_par_loop_group_94	update_halo_kernel2_xvel_minus_2_a+update_halo_kernel2_yvel_plus_2_a
2375	0.000022243	245952	ops_par_loop_group_95	update_halo_kernel2_xvel_minus_2_b+update_halo_kernel2_yvel_plus_2_b
2376	0.001737376	589885440	ops_par_loop_viscosity_kernel_148	viscosity_kernel
2377	0.000021220	430304	ops_par_loop_update_halo_kernel1_b1_149	update_halo_kernel1_b1
2378	0.000021411	430304	ops_par_loop_update_halo_kernel1_t1_150	update_halo_kernel1_t1
2379	0.000023845	430304	ops_par_loop_update_halo_kernel1_l1_151	update_halo_kernel1_l1
2380	0.000023645	430304	ops_par_loop_update_halo_kernel1_r1_152	update_halo_kernel1_r1
2381	0.000918593	1061744640	ops_par_loop_calc_dt_kernel_153	calc_dt_kernel
2382	0.001488674	1887436800	ops_par_loop_group_0	PdV_kernel_predict+ideal_gas_kernel
2383	0.000022893	430304	ops_par_loop_update_halo_kernel1_b1_2	update_halo_kernel1_b1
2384	0.000020338	430304	ops_par_loop_update_halo_kernel1_t1_3	update_halo_kernel1_t1
2385	0.000023956	430304	ops_par_loop_update_halo_kernel1_l1_4	update_halo_kernel1_l1
2386	0.000024136	430304	ops_par_loop_update_halo_kernel1_r1_5	update_halo_kernel1_r1
2387	0.001556643	1770147928	ops_par_loop_group_5	revert_kernel+accelerate_kernel
2388	0.001364238	1651507200	ops_par_loop_PdV_kernel_nopredict_8	PdV_kernel_nopredict
2389	0.000361095	471982080	ops_par_loop_flux_calc_kernelx_9	flux_calc_kernelx
2390	0.000358170	471982080	ops_par_loop_flux_calc_kernely_10	flux_calc_kernely
2391	0.000023194	553536	ops_par_loop_group_9	update_halo_kernel1_b2+update_halo_kernel4_minus_4_a
2392	0.000020909	553536	ops_par_loop_group_10	update_halo_kernel1_b1+update_halo_kernel4_minus_2_a
2393	0.000027552	369120	ops_par_loop_group_11	update_halo_kernel3_plus_4_a+update_halo_kernel2_xvel_plus_4_a+update_halo_kernel2_yvel_minus_4_a
2394	0.000021531	369120	ops_par_loop_group_12	update_halo_kernel3_plus_2_a+update_halo_kernel2_xvel_plus_2_a+update_halo_kernel2_yvel_minus_2_a
2395	0.000019226	123008	ops_par_loop_update_halo_kernel4_minus_4_b_29	update_halo_kernel4_minus_4_b
2396	0.000021851	553536	ops_par_loop_group_14	update_halo_kernel1_t2+update_halo_kernel4_minus_2_b
2397	0.000020549	430528	ops_par_loop_update_halo_kernel1_t1_14	update_halo_kernel1_t1
2398	0.000020098	246080	ops_par_loop_group_16	update_halo_kernel2_xvel_plus_4_b+update_halo_kernel2_yvel_minus_4_b
2399	0.000021090	369120	ops_par_loop_group_17	update_halo_kernel3_plus_4_b+update_halo_kernel2_xvel_plus_2_b+update_halo_kernel2_yvel_minus_2_b
2400	0.000018866	123040	ops_par_loop_update_halo_kernel3_plus_2_b_22	update_halo_kernel3_plus_2_b
2401	0.000025769	553536	ops_par_loop_group_19	update_halo_kernel1_l2+update_halo_kernel3_minus_4_a
2402	0.000024116	553536	ops_par_loop_group_20	update_halo_kernel1_l1+update_halo_kernel3_minus_2_a
2403	0.000020239	123008	ops_par_loop_update_halo_kernel3_minus_4_b_25	update_halo_kernel3_minus_4_b
2404	0.000024837	553536	ops_par_loop_group_22	update_halo_kernel1_r2+update_halo_kernel3_minus_2_b
2405	0.000021561	430528	ops_par_loop_update_halo_kernel1_r1_18	update_halo_kernel1_r1
2406	0.000023565	369120	ops_par_loop_group_24	update_halo_kernel4_plus_4_a+update_halo_kernel2_xvel_minus_4_a+update_halo_kernel2_yvel_plus_4_a
2407	0.000022453	369120	ops_par_loop_group_25	update_halo_kernel4_plus_2_a+update_halo_kernel2_xvel_minus_2_a+update_halo_kernel2_yvel_plus_2_a
2408	0.000021711	246080	ops_par_loop_group_26	update_halo_kernel2_xvel_minus_4_b+update_halo_kernel2_yvel_plus_4_b
2409	0.000022813	369120	ops_par_loop_group_27	update_halo_kernel4_plus_4_b+update_halo_kernel2_xvel_minus_2_b+update_halo_kernel2_yvel_plus_2_b
2410	0.000018835	123040	ops_par_loop_update_halo_kernel4_plus_2_b_34	update_halo_kernel4_plus_2_b
2411	0.000563920	591053440	ops_par_loop_advec_cell_kernel1_ydir_35	advec_cell_kernel1_ydir
2412	0.000788556	708203544	ops_par_loop_advec_cell_kernel3_ydir_36	advec_cell_kernel3_ydir
2413	0.001475188	1533542400	ops_par_loop_advec_cell_kernel4_ydir_37	advec_cell_kernel4_ydir
2414	0.000022983	553536	ops_par_loop_group_32	update_halo_kernel1_b2+update_halo_kernel4_minus_4_a
2415	0.000022372	553536	ops_par_loop_group_33	update_halo_kernel1_b1+update_halo_kernel4_minus_2_a
2416	0.000018796	123008	ops_par_loop_update_halo_kernel4_minus_4_b_64	update_halo_kernel4_minus_4_b
2417	0.000021971	553536	ops_par_loop_group_35	update_halo_kernel1_t2+update_halo_kernel4_minus_2_b
2418	0.000020649	430528	ops_par_loop_update_halo_kernel1_t1_41	update_halo_kernel1_t1
2419	0.000024416	430528	ops_par_loop_update_halo_kernel1_l2_42	update_halo_kernel1_l2
2420	0.000021290	430528	ops_par_loop_update_halo_kernel1_l1_43	update_halo_kernel1_l1
2421	0.000022773	430528	ops_par_loop_update_halo_kernel1_r2_44	update_halo_kernel1_r2
2422	0.000021551	430528	ops_par_loop_update_halo_kernel1_r1_45	update_halo_kernel1_r1
2423	0.000020028	123040	ops_par_loop_update_halo_kernel4_plus_4_a_66	update_halo_kernel4_plus_4_a
2424	0.000017934	123040	ops_par_loop_update_halo_kernel4_plus_2_a_67	update_halo_kernel4_plus_2_a
2425	0.000019347	123040	ops_par_loop_update_halo_kernel4_plus_4_b_68	update_halo_kernel4_plus_4_b
2426	0.000018035	123040	ops_par_loop_update_halo_kernel4_plus_2_b_69	update_halo_kernel4_plus_2_b
2427	0.000562527	591053440	ops_par_loop_advec_mom_kernel_y1_70	advec_mom_kernel_y1
2428	0.000191734	236236864	ops_par_loop_advec_mom_kernel_mass_flux_y_71	advec_mom_kernel_mass_flux_y
2429	0.000532871	590438520	ops_par_loop_advec_mom_kernel_post_pre_advec_y_72	advec_mom_kernel_post_pre_advec_y
2430	0.000878997	472258640	ops_par_loop_advec_mom_kernel1_y_nonvector_73	advec_mom_kernel1_y_nonvector
2431	0.000449022	590131240	ops_par_loop_advec_mom_kernel2_y_74	advec_mom_kernel2_y
2432	0.000563279	591053440	ops_par_loop_advec_mom_kernel_y1_75	advec_mom_kernel_y1
2433	0.000191944	236236864	ops_par_loop_advec_mom_kernel_mass_flux_y_76	advec_mom_kernel_mass_flux_y
2434	0.000532651	590438520	ops_par_loop_advec_mom_kernel_post_pre_advec_y_77	advec_mom_kernel_post_pre_advec_y
2435	0.000876523	472258640	ops_par_loop_advec_mom_kernel1_y_nonvector_78	advec_mom_kernel1_y_nonvector
2436	0.000450535	590131240	ops_par_loop_advec_mom_kernel2_y_79	advec_mom_kernel2_y
2437	0.000491662	472842752	ops_par_loop_advec_cell_kernel2_xdir_80	advec_cell_kernel2_xdir
2438	0.000773528	708203544	ops_par_loop_advec_cell_kernel3_xdir_81	advec_cell_kernel3_xdir
2439	0.001463105	1533542400	ops_par_loop_advec_cell_kernel4_xdir_82	advec_cell_kernel4_xdir
2440	0.000023134	553536	ops_par_loop_group_58	update_halo_kernel1_b2+update_halo_kernel4_minus_4_a
2441	0.000024165	553536	ops_par_loop_group_59	update_halo_kernel1_b1+update_halo_kernel4_minus_2_a
2442	0.000025758	369120	ops_par_loop_group_60	update_halo_kernel2_xvel_plus_4_a+update_halo_kernel2_yvel_minus_4_a+update_halo_kernel3_plus_4_a
2443	0.000021761	369120	ops_par_loop_group_61	update_halo_kernel2_xvel_plus_2_a+update_halo_kernel2_yvel_minus_2_a+update_halo_kernel3_plus_2_a
2444	0.000020028	246080	ops_par_loop_group_62	update_halo_kernel2_xvel_plus_4_b+update_halo_kernel2_yvel_minus_4_b
2445	0.000026260	369120	ops_par_loop_group_63	update_halo_kernel2_xvel_plus_2_b+update_halo_kernel2_yvel_minus_2_b+update_halo_kernel3_plus_4_b
2446	0.000031290	246080	ops_par_loop_group_64	update_halo_kernel2_xvel_minus_4_b+update_halo_kernel2_yvel_plus_4_b
2447	0.000021631	123040	ops_par_loop_update_halo_kernel3_plus_2_b_110	update_halo_kernel3_plus_2_b
2448	0.000021361	123008	ops_par_loop_update_halo_kernel3_minus_4_b_113	update_halo_kernel3_minus_4_b
2449	0.000019186	123008	ops_par_loop_update_halo_kernel4_minus_4_b_117	update_halo_kernel4_minus_4_b
2450	0.000022503	553536	ops_par_loop_group_68	update_halo_kernel1_t2+update_halo_kernel4_minus_2_b
2451	0.000021210	430528	ops_par_loop_update_halo_kernel1_t1_86	update_halo_kernel1_t1
2452	0.000030428	553536	ops_par_loop_group_70	update_halo_kernel1_l2+update_halo_kernel3_minus_4_a
2453	0.000026761	553536	ops_par_loop_group_71	update_halo_kernel1_l1+update_halo_kernel3_minus_2_a
2454	0.000026791	553536	ops_par_loop_group_72	update_halo_kernel1_r2+update_halo_kernel3_minus_2_b
2455	0.000023674	430528	ops_par_loop_update_halo_kernel1_r1_90	update_halo_kernel1_r1
2456	0.000025047	369120	ops_par_loop_group_74	update_halo_kernel2_xvel_minus_4_a+update_halo_kernel2_yvel_plus_4_a+update_halo_kernel4_plus_4_a
2457	0.000022102	369120	ops_par_loop_group_75	update_halo_kernel2_xvel_minus_2_a+update_halo_kernel2_yvel_plus_2_a+update_halo_kernel4_plus_2_a
2458	0.000024376	369120	ops_par_loop_group_76	update_halo_kernel2_xvel_minus_2_b+update_halo_kernel2_yvel_plus_2_b+update_halo_kernel4_plus_4_b
2459	0.000019728	123040	ops_par_loop_update_halo_kernel4_plus_2_b_122	update_halo_kernel4_plus_2_b
2460	0.001781449	1416561152	ops_par_loop_group_78	advec_mom_kernel_x2+reset_field_kernel1+ideal_gas_kernel
2461	0.000197564	236236864	ops_par_loop_advec_mom_kernel_mass_flux_x_124	advec_mom_kernel_mass_flux_x
2462	0.000576063	590438520	ops_par_loop_advec_mom_kernel_post_pre_advec_x_125	advec_mom_kernel_post_pre_advec_x
2463	0.000884167	472258640	ops_par_loop_advec_mom_kernel1_x_nonvector_126	advec_mom_kernel1_x_nonvector
2464	0.000447929	590131240	ops_par_loop_advec_mom_kernel2_x_127	advec_mom_kernel2_x
2465	0.000497985	472842752	ops_par_loop_advec_mom_kernel_x2_128	advec_mom_kernel_x2
2466	0.000221971	236236864	ops_par_loop_advec_mom_kernel_mass_flux_x_129	advec_mom_kernel_mass_flux_x
2467	0.000575952	590438520	ops_par_loop_advec_mom_kernel_post_pre_advec_x_130	advec_mom_kernel_post_pre_advec_x
2468	0.000883556	472258640	ops_par_loop_advec_mom_kernel1_x_nonvector_131	advec_mom_kernel1_x_nonvector
2469	0.000729985	1062236232	ops_par_loop_group_87	advec_mom_kernel2_x+reset_field_kernel2
2470	0.000021881	430304	ops_par_loop_update_halo_kernel1_b1_136	update_halo_kernel1_b1
2471	0.000021100	430304	ops_par_loop_update_halo_kernel1_t1_137	update_halo_kernel1_t1
2472	0.000023996	430304	ops_par_loop_update_halo_kernel1_l1_138	update_halo_kernel1_l1
2473	0.000024086	430304	ops_par_loop_update_halo_kernel1_r1_139	update_halo_kernel1_r1
2474	0.000019277	245952	ops_par_loop_group_92	update_halo_kernel2_xvel_plus_2_a+update_halo_kernel2_yvel_minus_2_a
2475	0.000019567	245952	ops_par_loop_group_93	update_halo_kernel2_xvel_plus_2_b+update_halo_kernel2_yvel_minus_2_b
2476	0.000021170	245952	ops_par_loop_group_94	update_halo_kernel2_xvel_minus_2_a+update_halo_kernel2_yvel_plus_2_a
2477	0.000021410	245952	ops_par_loop_group_95	update_halo_kernel2_xvel_minus_2_b+update_halo_kernel2_yvel_plus_2_b
2478	0.001736705	589885440	ops_par_loop_viscosity_kernel_148	viscosity_kernel
2479	0.000022523	430304	ops_par_loop_update_halo_kernel1_b1_149	update_halo_kernel1_b1
2480	0.000020429	430304	ops_par_loop_update_halo_kernel1_t1_150	update_halo_kernel1_t1
2481	0.000023725	430304	ops_par_loop_update_halo_kernel1_l1_151	update_halo_kernel1_l1
2482	0.000022613	430304	ops_par_loop_update_halo_kernel1_r1_152	update_halo_kernel1_r1
2483	0.000918783	1061744640	ops_par_loop_calc_dt_kernel_153	calc_dt_kernel
2484	0.001488554	1887436800	ops_par_loop_group_0	PdV_kernel_predict+ideal_gas_kernel
2485	0.000022874	430304	ops_par_loop_update_halo_kernel1_b1_2	update_halo_kernel1_b1
2486	0.000020689	430304	ops_par_loop_update_halo_kernel1_t1_3	update_halo_kernel1_t1
2487	0.000023965	430304	ops_par_loop_update_halo_kernel1_l1_4	update_halo_kernel1_l1
2488	0.000024006	430304	ops_par_loop_update_halo_kernel1_r1_5	update_halo_kernel1_r1
2489	0.001559939	1770147928	ops_par_loop_group_5	revert_kernel+accelerate_kernel
2490	0.001354289	1651507200	ops_par_loop_PdV_kernel_nopredict_8	PdV_kernel_nopredict
2491	0.000367908	471982080	ops_par_loop_flux_calc_kernelx_9	flux_calc_kernelx
2492	0.000359181	471982080	ops_par_loop_flux_calc_kernely_10	flux_calc_kernely
2493	0.000022493	553536	ops_par_loop_group_9	update_halo_kernel1_b2+update_halo_kernel4_minus_4_a
2494	0.000021300	553536	ops_par_loop_group_10	update_halo_kernel1_b1+update_halo_kernel4_minus_2_a
2495	0.000021200	369120	ops_par_loop_group_11	update_halo_kernel3_plus_4_a+update_halo_kernel2_xvel_plus_4_a+update_halo_kernel2_yvel_minus_4_a
2496	0.000021000	369120	ops_par_loop_group_12	update_halo_kernel3_plus_2_a+update_halo_kernel2_xvel_plus_2_a+update_halo_kernel2_yvel_minus_2_a
2497	0.000018735	123008	ops_par_loop_update_halo_kernel4_minus_4_b_29	update_halo_kernel4_minus_4_b
2498	0.000021210	553536	ops_par_loop_group_14	update_halo_kernel1_t2+update_halo_kernel4_minus_2_b
2499	0.000020840	430528	ops_par_loop_update_halo_kernel1_t1_14	update_halo_kernel1_t1
2500	0.000020089	246080	ops_par_loop_group_16	update_halo_kernel2_xvel_plus_4_b+update_halo_kernel2_yvel_minus_4_b
2501	0.000020418	369120	ops_par_loop_group_17	update_halo_kernel3_plus_4_b+update_halo_kernel2_xvel_plus_2_b+update_halo_kernel2_yvel_minus_2_b
2502	0.000019056	123040	ops_par_loop_update_halo_kernel3_plus_2_b_22	update_halo_kernel3_plus_2_b
2503	0.000026330	553536	ops_par_loop_group_19	update_halo_kernel1_l2+update_halo_kernel3_minus_4_a
2504	0.000023184	553536	ops_par_loop_group_20	update_halo_kernel1_l1+update_halo_kernel3_minus_2_a
2505	0.000018986	123008	ops_par_loop_update_halo_kernel3_minus_4_b_25	update_halo_kernel3_minus_4_b
2506	0.000024807	553536	ops_par_loop_group_22	update_halo_kernel1_r2+update_halo_kernel3_minus_2_b
2507	0.000021792	430528	ops_par_loop_update_halo_kernel1_r1_18	update_halo_kernel1_r1
2508	0.000023094	369120	ops_par_loop_group_24	update_halo_kernel4_plus_4_a+update_halo_kernel2_xvel_minus_4_a+update_halo_kernel2_yvel_plus_4_a
2509	0.000021391	369120	ops_par_loop_group_25	update_halo_kernel4_plus_2_a+update_halo_kernel2_xvel_minus_2_a+update_halo_kernel2_yvel_plus_2_a
2510	0.000020979	246080	ops_par_loop_group_26	update_halo_kernel2_xvel_minus_4_b+update_halo_kernel2_yvel_plus_4_b
2511	0.000022893	369120	ops_par_loop_group_27	update_halo_kernel4_plus_4_b+update_halo_kernel2_xvel_minus_2_b+update_halo_kernel2_yvel_plus_2_b
2512	0.000018365	123040	ops_par_loop_update_halo_kernel4_plus_2_b_34	update_halo_kernel4_plus_2_b
2513	0.000562838	591053440	ops_par_loop_advec_cell_kernel1_xdir_35	advec_cell_kernel1_xdir
2514	0.000773247	708203544	ops_par_loop_advec_cell_kernel3_xdir_36	advec_cell_kernel3_xdir
2515	0.001464969	1533542400	ops_par_loop_advec_cell_kernel4_xdir_37	advec_cell_kernel4_xdir
2516	0.000022092	430528	ops_par_loop_update_halo_kernel1_b2_38	update_halo_kernel1_b2
2517	0.000019237	430528	ops_par_loop_update_halo_kernel1_b1_39	update_halo_kernel1_b1
2518	0.000020408	430528	ops_par_loop_update_halo_kernel1_t2_40	update_halo_kernel1_t2
2519	0.000020138	430528	ops_par_loop_update_halo_kernel1_t1_41	update_halo_kernel1_t1
2520	0.000018876	123040	ops_par_loop_update_halo_kernel3_plus_4_a_62	update_halo_kernel3_plus_4_a
2521	0.000018135	123040	ops_par_loop_update_halo_kernel3_plus_2_a_63	update_halo_kernel3_plus_2_a
2522	0.000018435	123040	ops_par_loop_update_halo_kernel3_plus_4_b_64	update_halo_kernel3_plus_4_b
2523	0.000018646	123040	ops_par_loop_update_halo_kernel3_plus_2_b_65	update_halo_kernel3_plus_2_b
2524	0.000026490	553536	ops_par_loop_group_40	update_halo_kernel1_l2+update_halo_kernel3_minus_4_a
2525	0.000023876	553536	ops_par_loop_group_41	update_halo_kernel1_l1+update_halo_kernel3_minus_2_a
2526	0.000019668	123008	ops_par_loop_update_halo_kernel3_minus_4_b_68	update_halo_kernel3_minus_4_b
2527	0.000024626	553536	ops_par_loop_group_43	update_halo_kernel1_r2+update_halo_kernel3_minus_2_b
2528	0.000022012	430528	ops_par_loop_update_halo_kernel1_r1_45	update_halo_kernel1_r1
2529	0.000562086	591053440	ops_par_loop_advec_mom_kernel_x1_70	advec_mom_kernel_x1
2530	0.000194449	236236864	ops_par_loop_advec_mom_kernel_mass_flux_x_71	advec_mom_kernel_mass_flux_x
2531	0.000574851	590438520	ops_par_loop_advec_mom_kernel_post_pre_advec_x_72	advec_mom_kernel_post_pre_advec_x
2532	0.000883977	472258640	ops_par_loop_advec_mom_kernel1_x_nonvector_73	advec_mom_kernel1_x_nonvector
2533	0.000444674	590131240	ops_par_loop_advec_mom_kernel2_x_74	advec_mom_kernel2_x
2534	0.000562507	591053440	ops_par_loop_advec_mom_kernel_x1_75	advec_mom_kernel_x1
2535	0.000193838	236236864	ops_par_loop_advec_mom_kernel_mass_flux_x_76	advec_mom_kernel_mass_flux_x
2536	0.000575231	590438520	ops_par_loop_advec_mom_kernel_post_pre_advec_x_77	advec_mom_kernel_post_pre_advec_x
2537	0.000884077	472258640	ops_par_loop_advec_mom_kernel1_x_nonvector_78	advec_mom_kernel1_x_nonvector
2538	0.000450525	590131240	ops_par_loop_advec_mom_kernel2_x_79	advec_mom_kernel2_x
2539	0.000499978	472842752	ops_par_loop_advec_cell_kernel2_ydir_80	advec_cell_kernel2_ydir
2540	0.000789147	708203544	ops_par_loop_advec_cell_kernel3_ydir_81	advec_cell_kernel3_ydir
2541	0.001474026	1533542400	ops_par_loop_advec_cell_kernel4_ydir_82	advec_cell_kernel4_ydir
2542	0.000023936	553536	ops_par_loop_group_58	update_halo_kernel1_b2+update_halo_kernel4_minus_4_a
2543	0.000023284	553536	ops_par_loop_group_59	update_halo_kernel1_b1+update_halo_kernel4_minus_2_a
2544	0.000021871	369120	ops_par_loop_group_60	update_halo_kernel2_xvel_plus_4_a+update_halo_kernel2_yvel_minus_4_a+update_halo_kernel3_plus_4_a
2545	0.000021050	369120	ops_par_loop_group_61	update_halo_kernel2_xvel_plus_2_a+update_halo_kernel2_yvel_minus_2_a+update_halo_kernel3_plus_2_a
2546	0.000019988	246080	ops_par_loop_group_62	update_halo_kernel2_xvel_plus_4_b+update_halo_kernel2_yvel_minus_4_b
2547	0.000020840	369120	ops_par_loop_group_63	update_halo_kernel2_xvel_plus_2_b+update_halo_kernel2_yvel_minus_2_b+update_halo_kernel3_plus_4_b
2548	0.000021711	246080	ops_par_loop_group_64	update_halo_kernel2_xvel_minus_4_b+update_halo_kernel2_yvel_plus_4_b
2549	0.000019187	123040	ops_par_loop_update_halo_kernel3_plus_2_b_110	update_halo_kernel3_plus_2_b
2550	0.000019176	123008	ops_par_loop_update_halo_kernel3_minus_4_b_113	update_halo_kernel3_minus_4_b
2551	0.000018725	123008	ops_par_loop_update_halo_kernel4_minus_4_b_117	update_halo_kernel4_minus_4_b
2552	0.000021622	553536	ops_par_loop_group_68	update_halo_kernel1_t2+update_halo_kernel4_minus_2_b
2553	0.000020469	430528	ops_par_loop_update_halo_kernel1_t1_86	update_halo_kernel1_t1
2554	0.000027362	553536	ops_par_loop_group_70	update_halo_kernel1_l2+update_halo_kernel3_minus_4_a
2555	0.000023785	553536	ops_par_loop_group_71	update_halo_kernel1_l1+update_halo_kernel3_minus_2_a
2556	0.000024947	553536	ops_par_loop_group_72	update_halo_kernel1_r2+update_halo_kernel3_minus_2_b
2557	0.000021741	430528	ops_par_loop_update_halo_kernel1_r1_90	update_halo_kernel1_r1
2558	0.000023474	369120	ops_par_loop_group_74	update_halo_kernel2_xvel_minus_4_a+update_halo_kernel2_yvel_plus_4_a+update_halo_kernel4_plus_4_a
2559	0.000021852	369120	ops_par_loop_group_75	update_halo_kernel2_xvel_minus_2_a+update_halo_kernel2_yvel_plus_2_a+update_halo_kernel4_plus_2_a
2560	0.000022402	369120	ops_par_loop_group_76	update_halo_kernel2_xvel_minus_2_b+update_halo_kernel2_yvel_plus_2_b+update_halo_kernel4_plus_4_b
2561	0.000019046	123040	ops_par_loop_update_halo_kernel4_plus_2_b_122	update_halo_kernel4_plus_2_b
2562	0.001783363	1416561152	ops_par_loop_group_78	advec_mom_kernel_y2+reset_field_kernel1+ideal_gas_kernel
2563	0.000194328	236236864	ops_par_loop_advec_mom_kernel_mass_flux_y_124	advec_mom_kernel_mass_flux_y
2564	0.000531258	590438520	ops_par_loop_advec_mom_kernel_post_pre_advec_y_125	advec_mom_kernel_post_pre_advec_y
2565	0.000878296	472258640	ops_par_loop_advec_mom_kernel1_y_nonvector_126	advec_mom_kernel1_y_nonvector
2566	0.000450535	590131240	ops_par_loop_advec_mom_kernel2_y_127	advec_mom_kernel2_y
2567	0.000488306	472842752	ops_par_loop_advec_mom_kernel_y2_128	advec_mom_kernel_y2
2568	0.000193818	236236864	ops_par_loop_advec_mom_kernel_mass_flux_y_129	advec_mom_kernel_mass_flux_y
2569	0.000533813	590438520	ops_par_loop_advec_mom_kernel_post_pre_advec_y_130	advec_mom_kernel_post_pre_advec_y
2570	0.000875941	472258640	ops_par_loop_advec_mom_kernel1_y_nonvector_131	advec_mom_kernel1_y_nonvector
2571	0.000730916	1062236232	ops_par_loop_group_87	advec_mom_kernel2_y+reset_field_kernel2
2572	0.000021411	430304	ops_par_loop_update_halo_kernel1_b1_136	update_halo_kernel1_b1
2573	0.000020609	430304	ops_par_loop_update_halo_kernel1_t1_137	update_halo_kernel1_t1
2574	0.000023465	430304	ops_par_loop_update_halo_kernel1_l1_138	update_halo_kernel1_l1
2575	0.000023906	430304	ops_par_loop_update_halo_kernel1_r1_139	update_halo_kernel1_r1
2576	0.000019416	245952	ops_par_loop_group_92	update_halo_kernel2_xvel_plus_2_a+update_halo_kernel2_yvel_minus_2_a
2577	0.000019507	245952	ops_par_loop_group_93	update_halo_kernel2_xvel_plus_2_b+update_halo_kernel2_yvel_minus_2_b
2578	0.000020829	245952	ops_par_loop_group_94	update_halo_kernel2_xvel_minus_2_a+update_halo_kernel2_yvel_plus_2_a
2579	0.000021751	245952	ops_par_loop_group_95	update_halo_kernel2_xvel_minus_2_b+update_halo_kernel2_yvel_plus_2_b
2580	0.001736414	589885440	ops_par_loop_viscosity_kernel_148	viscosity_kernel
2581	0.000021501	430304	ops_par_loop_update_halo_kernel1_b1_149	update_halo_kernel1_b1
2582	0.000020378	430304	ops_par_loop_update_halo_kernel1_t1_150	update_halo_kernel1_t1
2583	0.000023765	430304	ops_par_loop_update_halo_kernel1_l1_151	update_halo_kernel1_l1
2584	0.000023995	430304	ops_par_loop_update_halo_kernel1_r1_152	update_halo_kernel1_r1
2585	0.000918863	1061744640	ops_par_loop_calc_dt_kernel_153	calc_dt_kernel
2586	0.001490357	1887436800	ops_par_loop_group_0	PdV_kernel_predict+ideal_gas_kernel
2587	0.000022673	430304	ops_par_loop_update_halo_kernel1_b1_2	update_halo_kernel1_b1
2588	0.000020489	430304	ops_par_loop_update_halo_kernel1_t1_3	update_halo_kernel1_t1
2589	0.000024807	430304	ops_par_loop_update_halo_kernel1_l1_4	update_halo_kernel1_l1
2590	0.000023595	430304	ops_par_loop_update_halo_kernel1_r1_5	update_halo_kernel1_r1
2591	0.001555781	1770147928	ops_par_loop_group_5	revert_kernel+accelerate_kernel
2592	0.001356473	1651507200	ops_par_loop_PdV_kernel_nopredict_8	PdV_kernel_nopredict
2593	0.000361396	471982080	ops_par_loop_flux_calc_kernelx_9	flux_calc_kernelx
2594	0.000357168	471982080	ops_par_loop_flux_calc_kernely_10	flux_calc_kernely
2595	0.000022042	553536	ops_par_loop_group_9	update_halo_kernel1_b2+update_halo_kernel4_minus_4_a
2596	0.000020949	553536	ops_par_loop_group_10	update_halo_kernel1_b1+update_halo_kernel4_minus_2_a
2597	0.000021010	369120	ops_par_loop_group_11	update_halo_kernel3_plus_4_a+update_halo_kernel2_xvel_plus_4_a+update_halo_kernel2_yvel_minus_4_a
2598	0.000020679	369120	ops_par_loop_group_12	update_halo_kernel3_plus_2_a+update_halo_kernel2_xvel_plus_2_a+update_halo_kernel2_yvel_minus_2_a
2599	0.000019457	123008	ops_par_loop_update_halo_kernel4_minus_4_b_29	update_halo_kernel4_minus_4_b
2600	0.000021490	553536	ops_par_loop_group_14	update_halo_kernel1_t2+update_halo_kernel4_minus_2_b
2601	0.000020518	430528	ops_par_loop_update_halo_kernel1_t1_14	update_halo_kernel1_t1
2602	0.000019727	246080	ops_par_loop_group_16	update_halo_kernel2_xvel_plus_4_b+update_halo_kernel2_yvel_minus_4_b
2603	0.000021300	369120	ops_par_loop_group_17	update_halo_kernel3_plus_4_b+update_halo_kernel2_xvel_plus_2_b+update_halo_kernel2_yvel_minus_2_b
2604	0.000018565	123040	ops_par_loop_update_halo_kernel3_plus_2_b_22	update_halo_kernel3_plus_2_b
2605	0.000026129	553536	ops_par_loop_group_19	update_halo_kernel1_l2+update_halo_kernel3_minus_4_a
2606	0.000023244	553536	ops_par_loop_group_20	update_halo_kernel1_l1+update_halo_kernel3_minus_2_a
2607	0.000019918	123008	ops_par_loop_update_halo_kernel3_minus_4_b_25	update_halo_kernel3_minus_4_b
2608	0.000024607	553536	ops_par_loop_group_22	update_halo_kernel1_r2+update_halo_kernel3_minus_2_b
2609	0.000021601	430528	ops_par_loop_update_halo_kernel1_r1_18	update_halo_kernel1_r1
2610	0.000023645	369120	ops_par_loop_group_24	update_halo_kernel4_plus_4_a+update_halo_kernel2_xvel_minus_4_a+update_halo_kernel2_yvel_plus_4_a
2611	0.000022754	369120	ops_par_loop_group_25	update_halo_kernel4_plus_2_a+update_halo_kernel2_xvel_minus_2_a+update_halo_kernel2_yvel_plus_2_a
2612	0.000021520	246080	ops_par_loop_group_26	update_halo_kernel2_xvel_minus_4_b+update_halo_kernel2_yvel_plus_4_b
2613	0.000022442	369120	ops_par_loop_group_27	update_halo_kernel4_plus_4_b+update_halo_kernel2_xvel_minus_2_b+update_halo_kernel2_yvel_plus_2_b
2614	0.000018756	123040	ops_par_loop_update_halo_kernel4_plus_2_b_34	update_halo_kernel4_plus_2_b
2615	0.000562907	591053440	ops_par_loop_advec_cell_kernel1_ydir_35	advec_cell_kernel1_ydir
2616	0.000789608	708203544	ops_par_loop_advec_cell_kernel3_ydir_36	advec_cell_kernel3_ydir
2617	0.001472914	1533542400	ops_par_loop_advec_cell_kernel4_ydir_37	advec_cell_kernel4_ydir
2618	0.000022874	553536	ops_par_loop_group_32	update_halo_kernel1_b2+update_halo_kernel4_minus_4_a
2619	0.000020809	553536	ops_par_loop_group_33	update_halo_kernel1_b1+update_halo_kernel4_minus_2_a
2620	0.000018325	123008	ops_par_loop_update_halo_kernel4_minus_4_b_64	update_halo_kernel4_minus_4_b
2621	0.000022613	553536	ops_par_loop_group_35	update_halo_kernel1_t2+update_halo_kernel4_minus_2_b
2622	0.000020639	430528	ops_par_loop_update_halo_kernel1_t1_41	update_halo_kernel1_t1
2623	0.000023695	430528	ops_par_loop_update_halo_kernel1_l2_42	update_halo_kernel1_l2
2624	0.000021130	430528	ops_par_loop_update_halo_kernel1_l1_43	update_halo_kernel1_l1
2625	0.000023294	430528	ops_par_loop_update_halo_kernel1_r2_44	update_halo_kernel1_r2
2626	0.000021441	430528	ops_par_loop_update_halo_kernel1_r1_45	update_halo_kernel1_r1
2627	0.000019757	123040	ops_par_loop_update_halo_kernel4_plus_4_a_66	update_halo_kernel4_plus_4_a
2628	0.000018425	123040	ops_par_loop_update_halo_kernel4_plus_2_a_67	update_halo_kernel4_plus_2_a
2629	0.000019598	123040	ops_par_loop_update_halo_kernel4_plus_4_b_68	update_halo_kernel4_plus_4_b
2630	0.000018665	123040	ops_par_loop_update_halo_kernel4_plus_2_b_69	update_halo_kernel4_plus_2_b
2631	0.000562647	591053440	ops_par_loop_advec_mom_kernel_y1_70	advec_mom_kernel_y1
2632	0.000191753	236236864	ops_par_loop_advec_mom_kernel_mass_flux_y_71	advec_mom_kernel_mass_flux_y
2633	0.000532270	590438520	ops_par_loop_advec_mom_kernel_post_pre_advec_y_72	advec_mom_kernel_post_pre_advec_y
2634	0.000878828	472258640	ops_par_loop_advec_mom_kernel1_y_nonvector_73	advec_mom_kernel1_y_nonvector
2635	0.000450024	590131240	ops_par_loop_advec_mom_kernel2_y_74	advec_mom_kernel2_y
2636	0.000562798	591053440	ops_par_loop_advec_mom_kernel_y1_75	advec_mom_kernel_y1
2637	0.000192064	236236864	ops_par_loop_advec_mom_kernel_mass_flux_y_76	advec_mom_kernel_mass_flux_y
2638	0.000531719	590438520	ops_par_loop_advec_mom_kernel_post_pre_advec_y_77	advec_mom_kernel_post_pre_advec_y
2639	0.000877384	472258640	ops_par_loop_advec_mom_kernel1_y_nonvector_78	advec_mom_kernel1_y_nonvector
2640	0.000445225	590131240	ops_par_loop_advec_mom_kernel2_y_79	advec_mom_kernel2_y
2641	0.000490941	472842752	ops_par_loop_advec_cell_kernel2_xdir_80	advec_cell_kernel2_xdir
2642	0.000774138	708203544	ops_par_loop_advec_cell_kernel3_xdir_81	advec_cell_kernel3_xdir
2643	0.001461212	1533542400	ops_par_loop_advec_cell_kernel4_xdir_82	advec_cell_kernel4_xdir
2644	0.000024065	553536	ops_par_loop_group_58	update_halo_kernel1_b2+update_halo_kernel4_minus_4_a
2645	0.000021490	553536	ops_par_loop_group_59	update_halo_kernel1_b1+update_halo_kernel4_minus_2_a
2646	0.000021591	369120	ops_par_loop_group_60	update_halo_kernel2_xvel_plus_4_a+update_halo_kernel2_yvel_minus_4_a+update_halo_kernel3_plus_4_a
2647	0.000021662	369120	ops_par_loop_group_61	update_halo_kernel2_xvel_plus_2_a+update_halo_kernel2_yvel_minus_2_a+update_halo_kernel3_plus_2_a
2648	0.000018986	246080	ops_par_loop_group_62	update_halo_kernel2_xvel_plus_4_b+update_halo_kernel2_yvel_minus_4_b
2649	0.000020920	369120	ops_par_loop_group_63	update_halo_kernel2_xvel_plus_2_b+update_halo_kernel2_yvel_minus_2_b+update_halo_kernel3_plus_4_b
2650	0.000022092	246080	ops_par_loop_group_64	update_halo_kernel2_xvel_minus_4_b+update_halo_kernel2_yvel_plus_4_b
2651	0.000019287	123040	ops_par_loop_update_halo_kernel3_plus_2_b_110	update_halo_kernel3_plus_2_b
2652	0.000019657	123008	ops_par_loop_update_halo_kernel3_minus_4_b_113	update_halo_kernel3_minus_4_b
2653	0.000019226	123008	ops_par_loop_update_halo_kernel4_minus_4_b_117	update_halo_kernel4_minus_4_b
2654	0.000021791	553536	ops_par_loop_group_68	update_halo_kernel1_t2+update_halo_kernel4_minus_2_b
2655	0.000020489	430528	ops_par_loop_update_halo_kernel1_t1_86	update_halo_kernel1_t1
2656	0.000027352	553536	ops_par_loop_group_70	update_halo_kernel1_l2+update_halo_kernel3_minus_4_a
2657	0.000023715	553536	ops_par_loop_group_71	update_halo_kernel1_l1+update_halo_kernel3_minus_2_a
2658	0.000024557	553536	ops_par_loop_group_72	update_halo_kernel1_r2+update_halo_kernel3_minus_2_b
2659	0.000022051	430528	ops_par_loop_update_halo_kernel1_r1_90	update_halo_kernel1_r1
2660	0.000023434	369120	ops_par_loop_group_74	update_halo_kernel2_xvel_minus_4_a+update_halo_kernel2_yvel_plus_4_a+update_halo_kernel4_plus_4_a
2661	0.000021551	369120	ops_par_loop_group_75	update_halo_kernel2_xvel_minus_2_a+update_halo_kernel2_yvel_plus_2_a+update_halo_kernel4_plus_2_a
2662	0.000023454	369120	ops_par_loop_group_76	update_halo_kernel2_xvel_minus_2_b+update_halo_kernel2_yvel_plus_2_b+update_halo_kernel4_plus_4_b
2663	0.000019758	123040	ops_par_loop_update_halo_kernel4_plus_2_b_122	update_halo_kernel4_plus_2_b
2664	0.001797229	1416561152	ops_par_loop_group_78	advec_mom_kernel_x2+reset_field_kernel1+ideal_gas_kernel
2665	0.000196563	236236864	ops_par_loop_advec_mom_kernel_mass_flux_x_124	advec_mom_kernel_mass_flux_x
2666	0.000573178	590438520	ops_par_loop_advec_mom_kernel_post_pre_advec_x_125	advec_mom_kernel_post_pre_advec_x
2667	0.000884408	472258640	ops_par_loop_advec_mom_kernel1_x_nonvector_126	advec_mom_kernel1_x_nonvector
2668	0.000447779	590131240	ops_par_loop_advec_mom_kernel2_x_127	advec_mom_kernel2_x
2669	0.000499217	472842752	ops_par_loop_advec_mom_kernel_x2_128	advec_mom_kernel_x2
2670	0.000194399	236236864	ops_par_loop_advec_mom_kernel_mass_flux_x_129	advec_mom_kernel_mass_flux_x
2671	0.000572336	590438520	ops_par_loop_advec_mom_kernel_post_pre_advec_x_130	advec_mom_kernel_post_pre_advec_x
2672	0.000884017	472258640	ops_par_loop_advec_mom_kernel1_x_nonvector_131	advec_mom_kernel1_x_nonvector
2673	0.000730446	1062236232	ops_par_loop_group_87	advec_mom_kernel2_x+reset_field_kernel2
2674	0.000021791	430304	ops_par_loop_update_halo_kernel1_b1_136	update_halo_kernel1_b1
2675	0.000020910	430304	ops_par_loop_update_halo_kernel1_t1_137	update_halo_kernel1_t1
2676	0.000024827	430304	ops_par_loop_update_halo_kernel1_l1_138	update_halo_kernel1_l1
2677	0.000024447	430304	ops_par_loop_update_halo_kernel1_r1_139	update_halo_kernel1_r1
2678	0.000019016	245952	ops_par_loop_group_92	update_halo_kernel2_xvel_plus_2_a+update_halo_kernel2_yvel_minus_2_a
2679	0.000019958	245952	ops_par_loop_group_93	update_halo_kernel2_xvel_plus_2_b+update_halo_kernel2_yvel_minus_2_b
2680	0.000020930	245952	ops_par_loop_group_94	update_halo_kernel2_xvel_minus_2_a+update_halo_kernel2_yvel_plus_2_a
2681	0.000021571	245952	ops_par_loop_group_95	update_halo_kernel2_xvel_minus_2_b+update_halo_kernel2_yvel_plus_2_b
2682	0.001736744	589885440	ops_par_loop_viscosity_kernel_148	viscosity_kernel
2683	0.000021360	430304	ops_par_loop_update_halo_kernel1_b1_149	update_halo_kernel1_b1
2684	0.000020249	430304	ops_par_loop_update_halo_kernel1_t1_150	update_halo_kernel1_t1
2685	0.000023906	430304	ops_par_loop_update_halo_kernel1_l1_151	update_halo_kernel1_l1
2686	0.000023384	430304	ops_par_loop_update_halo_kernel1_r1_152	update_halo_kernel1_r1
2687	0.000918672	1061744640	ops_par_loop_calc_dt_kernel_153	calc_dt_kernel
2688	0.001487502	1887436800	ops_par_loop_group_0	PdV_kernel_predict+ideal_gas_kernel
2689	0.000022543	430304	ops_par_loop_update_halo_kernel1_b1_2	update_halo_kernel1_b1
2690	0.000026680	430304	ops_par_loop_update_halo_kernel1_t1_3	update_halo_kernel1_t1
2691	0.000024666	430304	ops_par_loop_update_halo_kernel1_l1_4	update_halo_kernel1_l1
2692	0.000024717	430304	ops_par_loop_update_halo_kernel1_r1_5	update_halo_kernel1_r1
2693	0.001558998	1770147928	ops_par_loop_group_5	revert_kernel+accelerate_kernel
2694	0.001357636	1651507200	ops_par_loop_PdV_kernel_nopredict_8	PdV_kernel_nopredict
2695	0.000361275	471982080	ops_par_loop_flux_calc_kernelx_9	flux_calc_kernelx
2696	0.000355594	471982080	ops_par_loop_flux_calc_kernely_10	flux_calc_kernely
2697	0.000022052	553536	ops_par_loop_group_9	update_halo_kernel1_b2+update_halo_kernel4_minus_4_a
2698	0.000021070	553536	ops_par_loop_group_10	update_halo_kernel1_b1+update_halo_kernel4_minus_2_a
2699	0.000021310	369120	ops_par_loop_group_11	update_halo_kernel3_plus_4_a+update_halo_kernel2_xvel_plus_4_a+update_halo_kernel2_yvel_minus_4_a
2700	0.000020920	369120	ops_par_loop_group_12	update_halo_kernel3_plus_2_a+update_halo_kernel2_xvel_plus_2_a+update_halo_kernel2_yvel_minus_2_a
2701	0.000018686	123008	ops_par_loop_update_halo_kernel4_minus_4_b_29	update_halo_kernel4_minus_4_b
2702	0.000020740	553536	ops_par_loop_group_14	update_halo_kernel1_t2+update_halo_kernel4_minus_2_b
2703	0.000020399	430528	ops_par_loop_update_halo_kernel1_t1_14	update_halo_kernel1_t1
2704	0.000020549	246080	ops_par_loop_group_16	update_halo_kernel2_xvel_plus_4_b+update_halo_kernel2_yvel_minus_4_b
2705	0.000020449	369120	ops_par_loop_group_17	update_halo_kernel3_plus_4_b+update_halo_kernel2_xvel_plus_2_b+update_halo_kernel2_yvel_minus_2_b
2706	0.000019517	123040	ops_par_loop_update_halo_kernel3_plus_2_b_22	update_halo_kernel3_plus_2_b
2707	0.000026360	553536	ops_par_loop_group_19	update_halo_kernel1_l2+update_halo_kernel3_minus_4_a
2708	0.000023134	553536	ops_par_loop_group_20	update_halo_kernel1_l1+update_halo_kernel3_minus_2_a
2709	0.000019036	123008	ops_par_loop_update_halo_kernel3_minus_4_b_25	update_halo_kernel3_minus_4_b
2710	0.000024016	553536	ops_par_loop_group_22	update_halo_kernel1_r2+update_halo_kernel3_minus_2_b
2711	0.000021801	430528	ops_par_loop_update_halo_kernel1_r1_18	update_halo_kernel1_r1
2712	0.000023635	369120	ops_par_loop_group_24	update_halo_kernel4_plus_4_a+update_halo_kernel2_xvel_minus_4_a+update_halo_kernel2_yvel_plus_4_a
2713	0.000021260	369120	ops_par_loop_group_25	update_halo_kernel4_plus_2_a+update_halo_kernel2_xvel_minus_2_a+update_halo_kernel2_yvel_plus_2_a
2714	0.000020719	246080	ops_par_loop_group_26	update_halo_kernel2_xvel_minus_4_b+update_halo_kernel2_yvel_plus_4_b
2715	0.000022793	369120	ops_par_loop_group_27	update_halo_kernel4_plus_4_b+update_halo_kernel2_xvel_minus_2_b+update_halo_kernel2_yvel_plus_2_b
2716	0.000018635	123040	ops_par_loop_update_halo_kernel4_plus_2_b_34	update_halo_kernel4_plus_2_b
2717	0.000562196	591053440	ops_par_loop_advec_cell_kernel1_xdir_35	advec_cell_kernel1_xdir
2718	0.000773347	708203544	ops_par_loop_advec_cell_kernel3_xdir_36	advec_cell_kernel3_xdir
2719	0.001460170	1533542400	ops_par_loop_advec_cell_kernel4_xdir_37	advec_cell_kernel4_xdir
2720	0.000022773	430528	ops_par_loop_update_halo_kernel1_b2_38	update_halo_kernel1_b2
2721	0.000020469	430528	ops_par_loop_update_halo_kernel1_b1_39	update_halo_kernel1_b1
2722	0.000020499	430528	ops_par_loop_update_halo_kernel1_t2_40	update_halo_kernel1_t2
2723	0.000020358	430528	ops_par_loop_update_halo_kernel1_t1_41	update_halo_kernel1_t1
2724	0.000018846	123040	ops_par_loop_update_halo_kernel3_plus_4_a_62	update_halo_kernel3_plus_4_a
2725	0.000018565	123040	ops_par_loop_update_halo_kernel3_plus_2_a_63	update_halo_kernel3_plus_2_a
2726	0.000018295	123040	ops_par_loop_update_halo_kernel3_plus_4_b_64	update_halo_kernel3_plus_4_b
2727	0.000018605	123040	ops_par_loop_update_halo_kernel3_plus_2_b_65	update_halo_kernel3_plus_2_b
2728	0.000025779	553536	ops_par_loop_group_40	update_halo_kernel1_l2+update_halo_kernel3_minus_4_a
2729	0.000023104	553536	ops_par_loop_group_41	update_halo_kernel1_l1+update_halo_kernel3_minus_2_a
2730	0.000018866	123008	ops_par_loop_update_halo_kernel3_minus_4_b_68	update_halo_kernel3_minus_4_b
2731	0.000025288	553536	ops_par_loop_group_43	update_halo_kernel1_r2+update_halo_kernel3_minus_2_b
2732	0.000021591	430528	ops_par_loop_update_halo_kernel1_r1_45	update_halo_kernel1_r1
2733	0.000562026	591053440	ops_par_loop_advec_mom_kernel_x1_70	advec_mom_kernel_x1
2734	0.000194158	236236864	ops_par_loop_advec_mom_kernel_mass_flux_x_71	advec_mom_kernel_mass_flux_x
2735	0.000576062	590438520	ops_par_loop_advec_mom_kernel_post_pre_advec_x_72	advec_mom_kernel_post_pre_advec_x
2736	0.000883356	472258640	ops_par_loop_advec_mom_kernel1_x_nonvector_73	advec_mom_kernel1_x_nonvector
2737	0.000447349	590131240	ops_par_loop_advec_mom_kernel2_x_74	advec_mom_kernel2_x
2738	0.000561025	591053440	ops_par_loop_advec_mom_kernel_x1_75	advec_mom_kernel_x1
2739	0.000193707	236236864	ops_par_loop_advec_mom_kernel_mass_flux_x_76	advec_mom_kernel_mass_flux_x
2740	0.000573157	590438520	ops_par_loop_advec_mom_kernel_post_pre_advec_x_77	advec_mom_kernel_post_pre_advec_x
2741	0.000884448	472258640	ops_par_loop_advec_mom_kernel1_x_nonvector_78	advec_mom_kernel1_x_nonvector
2742	0.000448611	590131240	ops_par_loop_advec_mom_kernel2_x_79	advec_mom_kernel2_x
2743	0.000500971	472842752	ops_par_loop_advec_cell_kernel2_ydir_80	advec_cell_kernel2_ydir
2744	0.000789929	708203544	ops_par_loop_advec_cell_kernel3_ydir_81	advec_cell_kernel3_ydir
2745	0.001476491	1533542400	ops_par_loop_advec_cell_kernel4_ydir_82	advec_cell_kernel4_ydir
2746	0.000022703	553536	ops_par_loop_group_58	update_halo_kernel1_b2+update_halo_kernel4_minus_4_a
2747	0.000021611	553536	ops_par_loop_group_59	update_halo_kernel1_b1+update_halo_kernel4_minus_2_a
2748	0.000022022	369120	ops_par_loop_group_60	update_halo_kernel2_xvel_plus_4_a+update_halo_kernel2_yvel_minus_4_a+update_halo_kernel3_plus_4_a
2749	0.000021391	369120	ops_par_loop_group_61	update_halo_kernel2_xvel_plus_2_a+update_halo_kernel2_yvel_minus_2_a+update_halo_kernel3_plus_2_a
2750	0.000019727	246080	ops_par_loop_group_62	update_halo_kernel2_xvel_plus_4_b+update_halo_kernel2_yvel_minus_4_b
2751	0.000021581	369120	ops_par_loop_group_63	update_halo_kernel2_xvel_plus_2_b+update_halo_kernel2_yvel_minus_2_b+update_halo_kernel3_plus_4_b
2752	0.000021942	246080	ops_par_loop_group_64	update_halo_kernel2_xvel_minus_4_b+update_halo_kernel2_yvel_plus_4_b
2753	0.000019346	123040	ops_par_loop_update_halo_kernel3_plus_2_b_110	update_halo_kernel3_plus_2_b
2754	0.000019456	123008	ops_par_loop_update_halo_kernel3_minus_4_b_113	update_halo_kernel3_minus_4_b
2755	0.000018424	123008	ops_par_loop_update_halo_kernel4_minus_4_b_117	update_halo_kernel4_minus_4_b
2756	0.000022313	553536	ops_par_loop_group_68	update_halo_kernel1_t2+update_halo_kernel4_minus_2_b
2757	0.000021281	430528	ops_par_loop_update_halo_kernel1_t1_86	update_halo_kernel1_t1
2758	0.000027182	553536	ops_par_loop_group_70	update_halo_kernel1_l2+update_halo_kernel3_minus_4_a
2759	0.000024156	553536	ops_par_loop_group_71	update_halo_kernel1_l1+update_halo_kernel3_minus_2_a
2760	0.000024256	553536	ops_par_loop_group_72	update_halo_kernel1_r2+update_halo_kernel3_minus_2_b
2761	0.000021561	430528	ops_par_loop_update_halo_kernel1_r1_90	update_halo_kernel1_r1
2762	0.000023245	369120	ops_par_loop_group_74	update_halo_kernel2_xvel_minus_4_a+update_halo_kernel2_yvel_plus_4_a+update_halo_kernel4_plus_4_a
2763	0.000022603	369120	ops_par_loop_group_75	update_halo_kernel2_xvel_minus_2_a+update_halo_kernel2_yvel_plus_2_a+update_halo_kernel4_plus_2_a
2764	0.000023024	369120	ops_par_loop_group_76	update_halo_kernel2_xvel_minus_2_b+update_halo_kernel2_yvel_plus_2_b+update_halo_kernel4_plus_4_b
2765	0.000019056	123040	ops_par_loop_update_halo_kernel4_plus_2_b_122	update_halo_kernel4_plus_2_b
2766	0.001778784	1416561152	ops_par_loop_group_78	advec_mom_kernel_y2+reset_field_kernel1+ideal_gas_kernel
2767	0.000194299	236236864	ops_par_loop_advec_mom_kernel_mass_flux_y_124	advec_mom_kernel_mass_flux_y
2768	0.000532771	590438520	ops_par_loop_advec_mom_kernel_post_pre_advec_y_125	advec_mom_kernel_post_pre_advec_y
2769	0.000879959	472258640	ops_par_loop_advec_mom_kernel1_y_nonvector_126	advec_mom_kernel1_y_nonvector
2770	0.000448761	590131240	ops_par_loop_advec_mom_kernel2_y_127	advec_mom_kernel2_y
2771	0.000492494	472842752	ops_par_loop_advec_mom_kernel_y2_128	advec_mom_kernel_y2
2772	0.000193728	236236864	ops_par_loop_advec_mom_kernel_mass_flux_y_129	advec_mom_kernel_mass_flux_y
2773	0.000536438	590438520	ops_par_loop_advec_mom_kernel_post_pre_advec_y_130	advec_mom_kernel_post_pre_advec_y
2774	0.000877304	472258640	ops_par_loop_advec_mom_kernel1_y_nonvector_131	advec_mom_kernel1_y_nonvector
2775	0.000730345	1062236232	ops_par_loop_group_87	advec_mom_kernel2_y+reset_field_kernel2
2776	0.000022062	430304	ops_par_loop_update_halo_kernel1_b1_136	update_halo_kernel1_b1
2777	0.000020148	430304	ops_par_loop_update_halo_kernel1_t1_137	update_halo_kernel1_t1
2778	0.000023805	430304	ops_par_loop_update_halo_kernel1_l1_138	update_halo_kernel1_l1
2779	0.000024306	430304	ops_par_loop_update_halo_kernel1_r1_139	update_halo_kernel1_r1
2780	0.000019738	245952	ops_par_loop_group_92	update_halo_kernel2_xvel_plus_2_a+update_halo_kernel2_yvel_minus_2_a
2781	0.000020199	245952	ops_par_loop_group_93	update_halo_kernel2_xvel_plus_2_b+update_halo_kernel2_yvel_minus_2_b
2782	0.000021832	245952	ops_par_loop_group_94	update_halo_kernel2_xvel_minus_2_a+update_halo_kernel2_yvel_plus_2_a
2783	0.000021942	245952	ops_par_loop_group_95	update_halo_kernel2_xvel_minus_2_b+update_halo_kernel2_yvel_plus_2_b
2784	0.001736233	589885440	ops_par_loop_viscosity_kernel_148	viscosity_kernel
2785	0.000021842	430304	ops_par_loop_update_halo_kernel1_b1_149	update_halo_kernel1_b1
2786	0.000020759	430304	ops_par_loop_update_halo_kernel1_t1_150	update_halo_kernel1_t1
2787	0.000023956	430304	ops_par_loop_update_halo_kernel1_l1_151	update_halo_kernel1_l1
2788	0.000023425	430304	ops_par_loop_update_halo_kernel1_r1_152	update_halo_kernel1_r1
2789	0.000917852	1061744640	ops_par_loop_calc_dt_kernel_153	calc_dt_kernel
2790	0.001480959	1887436800	ops_par_loop_group_0	PdV_kernel_predict+ideal_gas_kernel
2791	0.000022453	430304	ops_par_loop_update_halo_kernel1_b1_2	update_halo_kernel1_b1
2792	0.000021211	430304	ops_par_loop_update_halo_kernel1_t1_3	update_halo_kernel1_t1
2793	0.000023505	430304	ops_par_loop_update_halo_kernel1_l1_4	update_halo_kernel1_l1
2794	0.000023515	430304	ops_par_loop_update_halo_kernel1_r1_5	update_halo_kernel1_r1
2795	0.001558156	1770147928	ops_par_loop_group_5	revert_kernel+accelerate_kernel
2796	0.001359108	1651507200	ops_par_loop_PdV_kernel_nopredict_8	PdV_kernel_nopredict
2797	0.000362989	471982080	ops_par_loop_flux_calc_kernelx_9	flux_calc_kernelx
2798	0.000358239	471982080	ops_par_loop_flux_calc_kernely_10	flux_calc_kernely
2799	0.000022222	553536	ops_par_loop_group_9	update_halo_kernel1_b2+update_halo_kernel4_minus_4_a
2800	0.000020790	553536	ops_par_loop_group_10	update_halo_kernel1_b1+update_halo_kernel4_minus_2_a
2801	0.000021080	369120	ops_par_loop_group_11	update_halo_kernel3_plus_4_a+update_halo_kernel2_xvel_plus_4_a+update_halo_kernel2_yvel_minus_4_a
2802	0.000021080	369120	ops_par_loop_group_12	update_halo_kernel3_plus_2_a+update_halo_kernel2_xvel_plus_2_a+update_halo_kernel2_yvel_minus_2_a
2803	0.000018686	123008	ops_par_loop_update_halo_kernel4_minus_4_b_29	update_halo_kernel4_minus_4_b
2804	0.000021050	553536	ops_par_loop_group_14	update_halo_kernel1_t2+update_halo_kernel4_minus_2_b
2805	0.000020388	430528	ops_par_loop_update_halo_kernel1_t1_14	update_halo_kernel1_t1
2806	0.000019788	246080	ops_par_loop_group_16	update_halo_kernel2_xvel_plus_4_b+update_halo_kernel2_yvel_minus_4_b
2807	0.000021511	369120	ops_par_loop_group_17	update_halo_kernel3_plus_4_b+update_halo_kernel2_xvel_plus_2_b+update_halo_kernel2_yvel_minus_2_b
2808	0.000018535	123040	ops_par_loop_update_halo_kernel3_plus_2_b_22	update_halo_kernel3_plus_2_b
2809	0.000026029	553536	ops_par_loop_group_19	update_halo_kernel1_l2+update_halo_kernel3_minus_4_a
2810	0.000023595	553536	ops_par_loop_group_20	update_halo_kernel1_l1+update_halo_kernel3_minus_2_a
2811	0.000019617	123008	ops_par_loop_update_halo_kernel3_minus_4_b_25	update_halo_kernel3_minus_4_b
2812	0.000024917	553536	ops_par_loop_group_22	update_halo_kernel1_r2+update_halo_kernel3_minus_2_b
2813	0.000022242	430528	ops_par_loop_update_halo_kernel1_r1_18	update_halo_kernel1_r1
2814	0.000023224	369120	ops_par_loop_group_24	update_halo_kernel4_plus_4_a+update_halo_kernel2_xvel_minus_4_a+update_halo_kernel2_yvel_plus_4_a
2815	0.000021882	369120	ops_par_loop_group_25	update_halo_kernel4_plus_2_a+update_halo_kernel2_xvel_minus_2_a+update_halo_kernel2_yvel_plus_2_a
2816	0.000021260	246080	ops_par_loop_group_26	update_halo_kernel2_xvel_minus_4_b+update_halo_kernel2_yvel_plus_4_b
2817	0.000040818	369120	ops_par_loop_group_27	update_halo_kernel4_plus_4_b+update_halo_kernel2_xvel_minus_2_b+update_halo_kernel2_yvel_plus_2_b
2818	0.000019677	123040	ops_par_loop_update_halo_kernel4_plus_2_b_34	update_halo_kernel4_plus_2_b
2819	0.000562356	591053440	ops_par_loop_advec_cell_kernel1_ydir_35	advec_cell_kernel1_ydir
2820	0.000788496	708203544	ops_par_loop_advec_cell_kernel3_ydir_36	advec_cell_kernel3_ydir
2821	0.001475419	1533542400	ops_par_loop_advec_cell_kernel4_ydir_37	advec_cell_kernel4_ydir
2822	0.000022773	553536	ops_par_loop_group_32	update_halo_kernel1_b2+update_halo_kernel4_minus_4_a
2823	0.000021691	553536	ops_par_loop_group_33	update_halo_kernel1_b1+update_halo_kernel4_minus_2_a
2824	0.000017814	123008	ops_par_loop_update_halo_kernel4_minus_4_b_64	update_halo_kernel4_minus_4_b
2825	0.000028264	553536	ops_par_loop_group_35	update_halo_kernel1_t2+update_halo_kernel4_minus_2_b
2826	0.000020419	430528	ops_par_loop_update_halo_kernel1_t1_41	update_halo_kernel1_t1
2827	0.000025068	430528	ops_par_loop_update_halo_kernel1_l2_42	update_halo_kernel1_l2
2828	0.000021360	430528	ops_par_loop_update_halo_kernel1_l1_43	update_halo_kernel1_l1
2829	0.000023003	430528	ops_par_loop_update_halo_kernel1_r2_44	update_halo_kernel1_r2
2830	0.000021410	430528	ops_par_loop_update_halo_kernel1_r1_45	update_halo_kernel1_r1
2831	0.000019427	123040	ops_par_loop_update_halo_kernel4_plus_4_a_66	update_halo_kernel4_plus_4_a
2832	0.000018445	123040	ops_par_loop_update_halo_kernel4_plus_2_a_67	update_halo_kernel4_plus_2_a
2833	0.000019097	123040	ops_par_loop_update_halo_kernel4_plus_4_b_68	update_halo_kernel4_plus_4_b
2834	0.000017574	123040	ops_par_loop_update_halo_kernel4_plus_2_b_69	update_halo_kernel4_plus_2_b
2835	0.000563990	591053440	ops_par_loop_advec_mom_kernel_y1_70	advec_mom_kernel_y1
2836	0.000191684	236236864	ops_par_loop_advec_mom_kernel_mass_flux_y_71	advec_mom_kernel_mass_flux_y
2837	0.000532671	590438520	ops_par_loop_advec_mom_kernel_post_pre_advec_y_72	advec_mom_kernel_post_pre_advec_y
2838	0.000878136	472258640	ops_par_loop_advec_mom_kernel1_y_nonvector_73	advec_mom_kernel1_y_nonvector
2839	0.000446848	590131240	ops_par_loop_advec_mom_kernel2_y_74	advec_mom_kernel2_y
2840	0.000565092	591053440	ops_par_loop_advec_mom_kernel_y1_75	advec_mom_kernel_y1
2841	0.000191494	236236864	ops_par_loop_advec_mom_kernel_mass_flux_y_76	advec_mom_kernel_mass_flux_y
2842	0.000530957	590438520	ops_par_loop_advec_mom_kernel_post_pre_advec_y_77	advec_mom_kernel_post_pre_advec_y
2843	0.000876141	472258640	ops_par_loop_advec_mom_kernel1_y_nonvector_78	advec_mom_kernel1_y_nonvector
2844	0.000444012	590131240	ops_par_loop_advec_mom_kernel2_y_79	advec_mom_kernel2_y
2845	0.000491573	472842752	ops_par_loop_advec_cell_kernel2_xdir_80	advec_cell_kernel2_xdir
2846	0.000773938	708203544	ops_par_loop_advec_cell_kernel3_xdir_81	advec_cell_kernel3_xdir
2847	0.001459769	1533542400	ops_par_loop_advec_cell_kernel4_xdir_82	advec_cell_kernel4_xdir
2848	0.000023104	553536	ops_par_loop_group_58	update_halo_kernel1_b2+update_halo_kernel4_minus_4_a
2849	0.000021170	553536	ops_par_loop_group_59	update_halo_kernel1_b1+update_halo_kernel4_minus_2_a
2850	0.000021030	369120	ops_par_loop_group_60	update_halo_kernel2_xvel_plus_4_a+update_halo_kernel2_yvel_minus_4_a+update_halo_kernel3_plus_4_a
2851	0.000021621	369120	ops_par_loop_group_61	update_halo_kernel2_xvel_plus_2_a+update_halo_kernel2_yvel_minus_2_a+update_halo_kernel3_plus_2_a
2852	0.000019407	246080	ops_par_loop_group_62	update_halo_kernel2_xvel_plus_4_b+update_halo_kernel2_yvel_minus_4_b
2853	0.000020860	369120	ops_par_loop_group_63	update_halo_kernel2_xvel_plus_2_b+update_halo_kernel2_yvel_minus_2_b+update_halo_kernel3_plus_4_b
2854	0.000022332	246080	ops_par_loop_group_64	update_halo_kernel2_xvel_minus_4_b+update_halo_kernel2_yvel_plus_4_b
2855	0.000020118	123040	ops_par_loop_update_halo_kernel3_plus_2_b_110	update_halo_kernel3_plus_2_b
2856	0.000019407	123008	ops_par_loop_update_halo_kernel3_minus_4_b_113	update_halo_kernel3_minus_4_b
2857	0.000018836	123008	ops_par_loop_update_halo_kernel4_minus_4_b_117	update_halo_kernel4_minus_4_b
2858	0.000021771	553536	ops_par_loop_group_68	update_halo_kernel1_t2+update_halo_kernel4_minus_2_b
2859	0.000020770	430528	ops_par_loop_update_halo_kernel1_t1_86	update_halo_kernel1_t1
2860	0.000027332	553536	ops_par_loop_group_70	update_halo_kernel1_l2+update_halo_kernel3_minus_4_a
2861	0.000023805	553536	ops_par_loop_group_71	update_halo_kernel1_l1+update_halo_kernel3_minus_2_a
2862	0.000025057	553536	ops_par_loop_group_72	update_halo_kernel1_r2+update_halo_kernel3_minus_2_b
2863	0.000021701	430528	ops_par_loop_update_halo_kernel1_r1_90	update_halo_kernel1_r1
2864	0.000023895	369120	ops_par_loop_group_74	update_halo_kernel2_xvel_minus_4_a+update_halo_kernel2_yvel_plus_4_a+update_halo_kernel4_plus_4_a
2865	0.000021350	369120	ops_par_loop_group_75	update_halo_kernel2_xvel_minus_2_a+update_halo_kernel2_yvel_plus_2_a+update_halo_kernel4_plus_2_a
2866	0.000022573	369120	ops_par_loop_group_76	update_halo_kernel2_xvel_minus_2_b+update_halo_kernel2_yvel_plus_2_b+update_halo_kernel4_plus_4_b
2867	0.000019076	123040	ops_par_loop_update_halo_kernel4_plus_2_b_122	update_halo_kernel4_plus_2_b
2868	0.001801207	1416561152	ops_par_loop_group_78	advec_mom_kernel_x2+reset_field_kernel1+ideal_gas_kernel
2869	0.000197936	236236864	ops_par_loop_advec_mom_kernel_mass_flux_x_124	advec_mom_kernel_mass_flux_x
2870	0.000575351	590438520	ops_par_loop_advec_mom_kernel_post_pre_advec_x_125	advec_mom_kernel_post_pre_advec_x
2871	0.000885049	472258640	ops_par_loop_advec_mom_kernel1_x_nonvector_126	advec_mom_kernel1_x_nonvector
2872	0.000450445	590131240	ops_par_loop_advec_mom_kernel2_x_127	advec_mom_kernel2_x
2873	0.000497734	472842752	ops_par_loop_advec_mom_kernel_x2_128	advec_mom_kernel_x2
2874	0.000194599	236236864	ops_par_loop_advec_mom_kernel_mass_flux_x_129	advec_mom_kernel_mass_flux_x
2875	0.000575361	590438520	ops_par_loop_advec_mom_kernel_post_pre_advec_x_130	advec_mom_kernel_post_pre_advec_x
2876	0.000884448	472258640	ops_par_loop_advec_mom_kernel1_x_nonvector_131	advec_mom_kernel1_x_nonvector
2877	0.000730365	1062236232	ops_par_loop_group_87	advec_mom_kernel2_x+reset_field_kernel2
2878	0.000021892	430304	ops_par_loop_update_halo_kernel1_b1_136	update_halo_kernel1_b1
2879	0.000020779	430304	ops_par_loop_update_halo_kernel1_t1_137	update_halo_kernel1_t1
2880	0.000024326	430304	ops_par_loop_update_halo_kernel1_l1_138	update_halo_kernel1_l1
2881	0.000023896	430304	ops_par_loop_update_halo_kernel1_r1_139	update_halo_kernel1_r1
2882	0.000021140	245952	ops_par_loop_group_92	update_halo_kernel2_xvel_plus_2_a+update_halo_kernel2_yvel_minus_2_a
2883	0.000019367	245952	ops_par_loop_group_93	update_halo_kernel2_xvel_plus_2_b+update_halo_kernel2_yvel_minus_2_b
2884	0.000021461	245952	ops_par_loop_group_94	update_halo_kernel2_xvel_minus_2_a+update_halo_kernel2_yvel_plus_2_a
2885	0.000020750	245952	ops_par_loop_group_95	update_halo_kernel2_xvel_minus_2_b+update_halo_kernel2_yvel_plus_2_b
2886	0.001737566	589885440	ops_par_loop_viscosity_kernel_148	viscosity_kernel
2887	0.000021191	430304	ops_par_loop_update_halo_kernel1_b1_149	update_halo_kernel1_b1
2888	0.000020398	430304	ops_par_loop_update_halo_kernel1_t1_150	update_halo_kernel1_t1
2889	0.000023755	430304	ops_par_loop_update_halo_kernel1_l1_151	update_halo_kernel1_l1
2890	0.000023715	430304	ops_par_loop_update_halo_kernel1_r1_152	update_halo_kernel1_r1
2891	0.000918793	1061744640	ops_par_loop_calc_dt_kernel_153	calc_dt_kernel
2892	0.001484305	1887436800	ops_par_loop_group_0	PdV_kernel_predict+ideal_gas_kernel
2893	0.000022623	430304	ops_par_loop_update_halo_kernel1_b1_2	update_halo_kernel1_b1
2894	0.000021110	430304	ops_par_loop_update_halo_kernel1_t1_3	update_halo_kernel1_t1
2895	0.000024186	430304	ops_par_loop_update_halo_kernel1_l1_4	update_halo_kernel1_l1
2896	0.000023995	430304	ops_par_loop_update_halo_kernel1_r1_5	update_halo_kernel1_r1
2897	0.001558316	1770147928	ops_par_loop_group_5	revert_kernel+accelerate_kernel
2898	0.001355161	1651507200	ops_par_loop_PdV_kernel_nopredict_8	PdV_kernel_nopredict
2899	0.000364501	471982080	ops_par_loop_flux_calc_kernelx_9	flux_calc_kernelx
2900	0.000357959	471982080	ops_par_loop_flux_calc_kernely_10	flux_calc_kernely
2901	0.000022693	553536	ops_par_loop_group_9	update_halo_kernel1_b2+update_halo_kernel4_minus_4_a
2902	0.000021140	553536	ops_par_loop_group_10	update_halo_kernel1_b1+update_halo_kernel4_minus_2_a
2903	0.000021771	369120	ops_par_loop_group_11	update_halo_kernel3_plus_4_a+update_halo_kernel2_xvel_plus_4_a+update_halo_kernel2_yvel_minus_4_a
2904	0.000020930	369120	ops_par_loop_group_12	update_halo_kernel3_plus_2_a+update_halo_kernel2_xvel_plus_2_a+update_halo_kernel2_yvel_minus_2_a
2905	0.000018455	123008	ops_par_loop_update_halo_kernel4_minus_4_b_29	update_halo_kernel4_minus_4_b
2906	0.000021361	553536	ops_par_loop_group_14	update_halo_kernel1_t2+update_halo_kernel4_minus_2_b
2907	0.000020549	430528	ops_par_loop_update_halo_kernel1_t1_14	update_halo_kernel1_t1
2908	0.000020228	246080	ops_par_loop_group_16	update_halo_kernel2_xvel_plus_4_b+update_halo_kernel2_yvel_minus_4_b
2909	0.000020759	369120	ops_par_loop_group_17	update_halo_kernel3_plus_4_b+update_halo_kernel2_xvel_plus_2_b+update_halo_kernel2_yvel_minus_2_b
2910	0.000018776	123040	ops_par_loop_update_halo_kernel3_plus_2_b_22	update_halo_kernel3_plus_2_b
2911	0.000025959	553536	ops_par_loop_group_19	update_halo_kernel1_l2+update_halo_kernel3_minus_4_a
2912	0.000023164	553536	ops_par_loop_group_20	update_halo_kernel1_l1+update_halo_kernel3_minus_2_a
2913	0.000018986	123008	ops_par_loop_update_halo_kernel3_minus_4_b_25	update_halo_kernel3_minus_4_b
2914	0.000023866	553536	ops_par_loop_group_22	update_halo_kernel1_r2+update_halo_kernel3_minus_2_b
2915	0.000021872	430528	ops_par_loop_update_halo_kernel1_r1_18	update_halo_kernel1_r1
2916	0.000023465	369120	ops_par_loop_group_24	update_halo_kernel4_plus_4_a+update_halo_kernel2_xvel_minus_4_a+update_halo_kernel2_yvel_plus_4_a
2917	0.000021250	369120	ops_par_loop_group_25	update_halo_kernel4_plus_2_a+update_halo_kernel2_xvel_minus_2_a+update_halo_kernel2_yvel_plus_2_a
2918	0.000020479	246080	ops_par_loop_group_26	update_halo_kernel2_xvel_minus_4_b+update_halo_kernel2_yvel_plus_4_b
2919	0.000023104	369120	ops_par_loop_group_27	update_halo_kernel4_plus_4_b+update_halo_kernel2_xvel_minus_2_b+update_halo_kernel2_yvel_plus_2_b
2920	0.000021941	123040	ops_par_loop_update_halo_kernel4_plus_2_b_34	update_halo_kernel4_plus_2_b
2921	0.000562538	591053440	ops_par_loop_advec_cell_kernel1_xdir_35	advec_cell_kernel1_xdir
2922	0.000773577	708203544	ops_par_loop_advec_cell_kernel3_xdir_36	advec_cell_kernel3_xdir
2923	0.001459248	1533542400	ops_par_loop_advec_cell_kernel4_xdir_37	advec_cell_kernel4_xdir
2924	0.000021861	430528	ops_par_loop_update_halo_kernel1_b2_38	update_halo_kernel1_b2
2925	0.000019487	430528	ops_par_loop_update_halo_kernel1_b1_39	update_halo_kernel1_b1
2926	0.000021161	430528	ops_par_loop_update_halo_kernel1_t2_40	update_halo_kernel1_t2
2927	0.000020298	430528	ops_par_loop_update_halo_kernel1_t1_41	update_halo_kernel1_t1
2928	0.000018796	123040	ops_par_loop_update_halo_kernel3_plus_4_a_62	update_halo_kernel3_plus_4_a
2929	0.000018535	123040	ops_par_loop_update_halo_kernel3_plus_2_a_63	update_halo_kernel3_plus_2_a
2930	0.000019156	123040	ops_par_loop_update_halo_kernel3_plus_4_b_64	update_halo_kernel3_plus_4_b
2931	0.000019006	123040	ops_par_loop_update_halo_kernel3_plus_2_b_65	update_halo_kernel3_plus_2_b
2932	0.000026711	553536	ops_par_loop_group_40	update_halo_kernel1_l2+update_halo_kernel3_minus_4_a
2933	0.000023455	553536	ops_par_loop_group_41	update_halo_kernel1_l1+update_halo_kernel3_minus_2_a
2934	0.000019346	123008	ops_par_loop_update_halo_kernel3_minus_4_b_68	update_halo_kernel3_minus_4_b
2935	0.000024647	553536	ops_par_loop_group_43	update_halo_kernel1_r2+update_halo_kernel3_minus_2_b
2936	0.000022202	430528	ops_par_loop_update_halo_kernel1_r1_45	update_halo_kernel1_r1
2937	0.000562026	591053440	ops_par_loop_advec_mom_kernel_x1_70	advec_mom_kernel_x1
2938	0.000193727	236236864	ops_par_loop_advec_mom_kernel_mass_flux_x_71	advec_mom_kernel_mass_flux_x
2939	0.000573909	590438520	ops_par_loop_advec_mom_kernel_post_pre_advec_x_72	advec_mom_kernel_post_pre_advec_x
2940	0.000884007	472258640	ops_par_loop_advec_mom_kernel1_x_nonvector_73	advec_mom_kernel1_x_nonvector
2941	0.000449082	590131240	ops_par_loop_advec_mom_kernel2_x_74	advec_mom_kernel2_x
2942	0.000563068	591053440	ops_par_loop_advec_mom_kernel_x1_75	advec_mom_kernel_x1
2943	0.000195250	236236864	ops_par_loop_advec_mom_kernel_mass_flux_x_76	advec_mom_kernel_mass_flux_x
2944	0.000573348	590438520	ops_par_loop_advec_mom_kernel_post_pre_advec_x_77	advec_mom_kernel_post_pre_advec_x
2945	0.000884648	472258640	ops_par_loop_advec_mom_kernel1_x_nonvector_78	advec_mom_kernel1_x_nonvector
2946	0.000453139	590131240	ops_par_loop_advec_mom_kernel2_x_79	advec_mom_kernel2_x
2947	0.000498786	472842752	ops_par_loop_advec_cell_kernel2_ydir_80	advec_cell_kernel2_ydir
2948	0.000789998	708203544	ops_par_loop_advec_cell_kernel3_ydir_81	advec_cell_kernel3_ydir
2949	0.001475900	1533542400	ops_par_loop_advec_cell_kernel4_ydir_82	advec_cell_kernel4_ydir
2950	0.000022583	553536	ops_par_loop_group_58	update_halo_kernel1_b2+update_halo_kernel4_minus_4_a
2951	0.000021732	553536	ops_par_loop_group_59	update_halo_kernel1_b1+update_halo_kernel4_minus_2_a
2952	0.000021501	369120	ops_par_loop_group_60	update_halo_kernel2_xvel_plus_4_a+update_halo_kernel2_yvel_minus_4_a+update_halo_kernel3_plus_4_a
2953	0.000020830	369120	ops_par_loop_group_61	update_halo_kernel2_xvel_plus_2_a+update_halo_kernel2_yvel_minus_2_a+update_halo_kernel3_plus_2_a
2954	0.000020218	246080	ops_par_loop_group_62	update_halo_kernel2_xvel_plus_4_b+update_halo_kernel2_yvel_minus_4_b
2955	0.000021010	369120	ops_par_loop_group_63	update_halo_kernel2_xvel_plus_2_b+update_halo_kernel2_yvel_minus_2_b+update_halo_kernel3_plus_4_b
2956	0.000022693	246080	ops_par_loop_group_64	update_halo_kernel2_xvel_minus_4_b+update_halo_kernel2_yvel_plus_4_b
2957	0.000019257	123040	ops_par_loop_update_halo_kernel3_plus_2_b_110	update_halo_kernel3_plus_2_b
2958	0.000019597	123008	ops_par_loop_update_halo_kernel3_minus_4_b_113	update_halo_kernel3_minus_4_b
2959	0.000018706	123008	ops_par_loop_update_halo_kernel4_minus_4_b_117	update_halo_kernel4_minus_4_b
2960	0.000022393	553536	ops_par_loop_group_68	update_halo_kernel1_t2+update_halo_kernel4_minus_2_b
2961	0.000020679	430528	ops_par_loop_update_halo_kernel1_t1_86	update_halo_kernel1_t1
2962	0.000027272	553536	ops_par_loop_group_70	update_halo_kernel1_l2+update_halo_kernel3_minus_4_a
2963	0.000023915	553536	ops_par_loop_group_71	update_halo_kernel1_l1+update_halo_kernel3_minus_2_a
2964	0.000024888	553536	ops_par_loop_group_72	update_halo_kernel1_r2+update_halo_kernel3_minus_2_b
2965	0.000021961	430528	ops_par_loop_update_halo_kernel1_r1_90	update_halo_kernel1_r1
2966	0.000023715	369120	ops_par_loop_group_74	update_halo_kernel2_xvel_minus_4_a+update_halo_kernel2_yvel_plus_4_a+update_halo_kernel4_plus_4_a
2967	0.000022342	369120	ops_par_loop_group_75	update_halo_kernel2_xvel_minus_2_a+update_halo_kernel2_yvel_plus_2_a+update_halo_kernel4_plus_2_a
2968	0.000023234	369120	ops_par_loop_group_76	update_halo_kernel2_xvel_minus_2_b+update_halo_kernel2_yvel_plus_2_b+update_halo_kernel4_plus_4_b
2969	0.000019067	123040	ops_par_loop_update_halo_kernel4_plus_2_b_122	update_halo_kernel4_plus_2_b
2970	0.001794354	1416561152	ops_par_loop_group_78	advec_mom_kernel_y2+reset_field_kernel1+ideal_gas_kernel
2971	0.000195080	236236864	ops_par_loop_advec_mom_kernel_mass_flux_y_124	advec_mom_kernel_mass_flux_y
2972	0.000534724	590438520	ops_par_loop_advec_mom_kernel_post_pre_advec_y_125	advec_mom_kernel_post_pre_advec_y
2973	0.000878386	472258640	ops_par_loop_advec_mom_kernel1_y_nonvector_126	advec_mom_kernel1_y_nonvector
2974	0.000449854	590131240	ops_par_loop_advec_mom_kernel2_y_127	advec_mom_kernel2_y
2975	0.000490881	472842752	ops_par_loop_advec_mom_kernel_y2_128	advec_mom_kernel_y2
2976	0.000192305	236236864	ops_par_loop_advec_mom_kernel_mass_flux_y_129	advec_mom_kernel_mass_flux_y
2977	0.000532811	590438520	ops_par_loop_advec_mom_kernel_post_pre_advec_y_130	advec_mom_kernel_post_pre_advec_y
2978	0.000876192	472258640	ops_par_loop_advec_mom_kernel1_y_nonvector_131	advec_mom_kernel1_y_nonvector
2979	0.000730285	1062236232	ops_par_loop_group_87	advec_mom_kernel2_y+reset_field_kernel2
2980	0.000021210	430304	ops_par_loop_update_halo_kernel1_b1_136	update_halo_kernel1_b1
2981	0.000021581	430304	ops_par_loop_update_halo_kernel1_t1_137	update_halo_kernel1_t1
2982	0.000023625	430304	ops_par_loop_update_halo_kernel1_l1_138	update_halo_kernel1_l1
2983	0.000024136	430304	ops_par_loop_update_halo_kernel1_r1_139	update_halo_kernel1_r1
2984	0.000019848	245952	ops_par_loop_group_92	update_halo_kernel2_xvel_plus_2_a+update_halo_kernel2_yvel_minus_2_a
2985	0.000019848	245952	ops_par_loop_group_93	update_halo_kernel2_xvel_plus_2_b+update_halo_kernel2_yvel_minus_2_b
2986	0.000020619	245952	ops_par_loop_group_94	update_halo_kernel2_xvel_minus_2_a+update_halo_kernel2_yvel_plus_2_a
2987	0.000022212	245952	ops_par_loop_group_95	update_halo_kernel2_xvel_minus_2_b+update_halo_kernel2_yvel_plus_2_b
2988	0.001737156	589885440	ops_par_loop_viscosity_kernel_148	viscosity_kernel
2989	0.000021180	430304	ops_par_loop_update_halo_kernel1_b1_149	update_halo_kernel1_b1
2990	0.000020649	430304	ops_par_loop_update_halo_kernel1_t1_150	update_halo_kernel1_t1
2991	0.000024246	430304	ops_par_loop_update_halo_kernel1_l1_151	update_halo_kernel1_l1
2992	0.000022884	430304	ops_par_loop_update_halo_kernel1_r1_152	update_halo_kernel1_r1
2993	0.000918202	1061744640	ops_par_loop_calc_dt_kernel_153	calc_dt_kernel
2994	0.001522619	1887436800	ops_par_loop_group_0	PdV_kernel_predict+ideal_gas_kernel
2995	0.000022753	430304	ops_par_loop_update_halo_kernel1_b1_2	update_halo_kernel1_b1
2996	0.000020559	430304	ops_par_loop_update_halo_kernel1_t1_3	update_halo_kernel1_t1
2997	0.000024627	430304	ops_par_loop_update_halo_kernel1_l1_4	update_halo_kernel1_l1
2998	0.000024557	430304	ops_par_loop_update_halo_kernel1_r1_5	update_halo_kernel1_r1
2999	0.001555891	1770147928	ops_par_loop_group_5	revert_kernel+accelerate_kernel
3000	0.001355121	1651507200	ops_par_loop_PdV_kernel_nopredict_8	PdV_kernel_nopredict
3001	0.000362668	471982080	ops_par_loop_flux_calc_kernelx_9	flux_calc_kernelx
3002	0.000359632	471982080	ops_par_loop_flux_calc_kernely_10	flux_calc_kernely
3003	0.000022413	553536	ops_par_loop_group_9	update_halo_kernel1_b2+update_halo_kernel4_minus_4_a
3004	0.000021611	553536	ops_par_loop_group_10	update_halo_kernel1_b1+update_halo_kernel4_minus_2_a
3005	0.000022142	369120	ops_par_loop_group_11	update_halo_kernel3_plus_4_a+update_halo_kernel2_xvel_plus_4_a+update_halo_kernel2_yvel_minus_4_a
3006	0.000021441	369120	ops_par_loop_group_12	update_halo_kernel3_plus_2_a+update_halo_kernel2_xvel_plus_2_a+update_halo_kernel2_yvel_minus_2_a
3007	0.000019326	123008	ops_par_loop_update_halo_kernel4_minus_4_b_29	update_halo_kernel4_minus_4_b
3008	0.000021251	553536	ops_par_loop_group_14	update_halo_kernel1_t2+update_halo_kernel4_minus_2_b
3009	0.000020218	430528	ops_par_loop_update_halo_kernel1_t1_14	update_halo_kernel1_t1
3010	0.000021341	246080	ops_par_loop_group_16	update_halo_kernel2_xvel_plus_4_b+update_halo_kernel2_yvel_minus_4_b
3011	0.000020820	369120	ops_par_loop_group_17	update_halo_kernel3_plus_4_b+update_halo_kernel2_xvel_plus_2_b+update_halo_kernel2_yvel_minus_2_b
3012	0.000019407	123040	ops_par_loop_update_halo_kernel3_plus_2_b_22	update_halo_kernel3_plus_2_b
3013	0.000026390	553536	ops_par_loop_group_19	update_halo_kernel1_l2+update_halo_kernel3_minus_4_a
3014	0.000023715	553536	ops_par_loop_group_20	update_halo_kernel1_l1+update_halo_kernel3_minus_2_a
3015	0.000019678	123008	ops_par_loop_update_halo_kernel3_minus_4_b_25	update_halo_kernel3_minus_4_b
3016	0.000024947	553536	ops_par_loop_group_22	update_halo_kernel1_r2+update_halo_kernel3_minus_2_b
3017	0.000022412	430528	ops_par_loop_update_halo_kernel1_r1_18	update_halo_kernel1_r1
3018	0.000023194	369120	ops_par_loop_group_24	update_halo_kernel4_plus_4_a+update_halo_kernel2_xvel_minus_4_a+update_halo_kernel2_yvel_plus_4_a
3019	0.000022482	369120	ops_par_loop_group_25	update_halo_kernel4_plus_2_a+update_halo_kernel2_xvel_minus_2_a+update_halo_kernel2_yvel_plus_2_a
3020	0.000021110	246080	ops_par_loop_group_26	update_halo_kernel2_xvel_minus_4_b+update_halo_kernel2_yvel_plus_4_b
3021	0.000022242	369120	ops_par_loop_group_27	update_halo_kernel4_plus_4_b+update_halo_kernel2_xvel_minus_2_b+update_halo_kernel2_yvel_plus_2_b
3022	0.000018404	123040	ops_par_loop_update_halo_kernel4_plus_2_b_34	update_halo_kernel4_plus_2_b
3023	0.000562487	591053440	ops_par_loop_advec_cell_kernel1_ydir_35	advec_cell_kernel1_ydir
3024	0.000788957	708203544	ops_par_loop_advec_cell_kernel3_ydir_36	advec_cell_kernel3_ydir
3025	0.001472864	1533542400	ops_par_loop_advec_cell_kernel4_ydir_37	advec_cell_kernel4_ydir
3026	0.000022953	553536	ops_par_loop_group_32	update_halo_kernel1_b2+update_halo_kernel4_minus_4_a
3027	0.000021611	553536	ops_par_loop_group_33	update_halo_kernel1_b1+update_halo_kernel4_minus_2_a
3028	0.000018174	123008	ops_par_loop_update_halo_kernel4_minus_4_b_64	update_halo_kernel4_minus_4_b
3029	0.000021851	553536	ops_par_loop_group_35	update_halo_kernel1_t2+update_halo_kernel4_minus_2_b
3030	0.000020559	430528	ops_par_loop_update_halo_kernel1_t1_41	update_halo_kernel1_t1
3031	0.000024327	430528	ops_par_loop_update_halo_kernel1_l2_42	update_halo_kernel1_l2
3032	0.000022273	430528	ops_par_loop_update_halo_kernel1_l1_43	update_halo_kernel1_l1
3033	0.000024126	430528	ops_par_loop_update_halo_kernel1_r2_44	update_halo_kernel1_r2
3034	0.000021591	430528	ops_par_loop_update_halo_kernel1_r1_45	update_halo_kernel1_r1
3035	0.000025017	123040	ops_par_loop_update_halo_kernel4_plus_4_a_66	update_halo_kernel4_plus_4_a
3036	0.000019437	123040	ops_par_loop_update_halo_kernel4_plus_2_a_67	update_halo_kernel4_plus_2_a
3037	0.000019437	123040	ops_par_loop_update_halo_kernel4_plus_4_b_68	update_halo_kernel4_plus_4_b
3038	0.000018656	123040	ops_par_loop_update_halo_kernel4_plus_2_b_69	update_halo_kernel4_plus_2_b
3039	0.000562578	591053440	ops_par_loop_advec_mom_kernel_y1_70	advec_mom_kernel_y1
3040	0.000191604	236236864	ops_par_loop_advec_mom_kernel_mass_flux_y_71	advec_mom_kernel_mass_flux_y
3041	0.000534484	590438520	ops_par_loop_advec_mom_kernel_post_pre_advec_y_72	advec_mom_kernel_post_pre_advec_y
3042	0.000878236	472258640	ops_par_loop_advec_mom_kernel1_y_nonvector_73	advec_mom_kernel1_y_nonvector
3043	0.000449903	590131240	ops_par_loop_advec_mom_kernel2_y_74	advec_mom_kernel2_y
3044	0.000562588	591053440	ops_par_loop_advec_mom_kernel_y1_75	advec_mom_kernel_y1
3045	0.000192234	236236864	ops_par_loop_advec_mom_kernel_mass_flux_y_76	advec_mom_kernel_mass_flux_y
3046	0.000529444	590438520	ops_par_loop_advec_mom_kernel_post_pre_advec_y_77	advec_mom_kernel_post_pre_advec_y
3047	0.000877344	472258640	ops_par_loop_advec_mom_kernel1_y_nonvector_78	advec_mom_kernel1_y_nonvector
3048	0.000453630	590131240	ops_par_loop_advec_mom_kernel2_y_79	advec_mom_kernel2_y
3049	0.000490310	472842752	ops_par_loop_advec_cell_kernel2_xdir_80	advec_cell_kernel2_xdir
3050	0.000773868	708203544	ops_par_loop_advec_cell_kernel3_xdir_81	advec_cell_kernel3_xdir
3051	0.001460009	1533542400	ops_par_loop_advec_cell_kernel4_xdir_82	advec_cell_kernel4_xdir
3052	0.000023284	553536	ops_par_loop_group_58	update_halo_kernel1_b2+update_halo_kernel4_minus_4_a
3053	0.000021541	553536	ops_par_loop_group_59	update_halo_kernel1_b1+update_halo_kernel4_minus_2_a
3054	0.000022062	369120	ops_par_loop_group_60	update_halo_kernel2_xvel_plus_4_a+update_halo_kernel2_yvel_minus_4_a+update_halo_kernel3_plus_4_a
3055	0.000020899	369120	ops_par_loop_group_61	update_halo_kernel2_xvel_plus_2_a+update_halo_kernel2_yvel_minus_2_a+update_halo_kernel3_plus_2_a
3056	0.000019937	246080	ops_par_loop_group_62	update_halo_kernel2_xvel_plus_4_b+update_halo_kernel2_yvel_minus_4_b
3057	0.000021290	369120	ops_par_loop_group_63	update_halo_kernel2_xvel_plus_2_b+update_halo_kernel2_yvel_minus_2_b+update_halo_kernel3_plus_4_b
3058	0.000022723	246080	ops_par_loop_group_64	update_halo_kernel2_xvel_minus_4_b+update_halo_kernel2_yvel_plus_4_b
3059	0.000020129	123040	ops_par_loop_update_halo_kernel3_plus_2_b_110	update_halo_kernel3_plus_2_b
3060	0.000020679	123008	ops_par_loop_update_halo_kernel3_minus_4_b_113	update_halo_kernel3_minus_4_b
3061	0.000018305	123008	ops_par_loop_update_halo_kernel4_minus_4_b_117	update_halo_kernel4_minus_4_b
3062	0.000027703	553536	ops_par_loop_group_68	update_halo_kernel1_t2+update_halo_kernel4_minus_2_b
3063	0.000022462	430528	ops_par_loop_update_halo_kernel1_t1_86	update_halo_kernel1_t1
3064	0.000026971	553536	ops_par_loop_group_70	update_halo_kernel1_l2+update_halo_kernel3_minus_4_a
3065	0.000023765	553536	ops_par_loop_group_71	update_halo_kernel1_l1+update_halo_kernel3_minus_2_a
3066	0.000025148	553536	ops_par_loop_group_72	update_halo_kernel1_r2+update_halo_kernel3_minus_2_b
3067	0.000021701	430528	ops_par_loop_update_halo_kernel1_r1_90	update_halo_kernel1_r1
3068	0.000023885	369120	ops_par_loop_group_74	update_halo_kernel2_xvel_minus_4_a+update_halo_kernel2_yvel_plus_4_a+update_halo_kernel4_plus_4_a
3069	0.000021611	369120	ops_par_loop_group_75	update_halo_kernel2_xvel_minus_2_a+update_halo_kernel2_yvel_plus_2_a+update_halo_kernel4_plus_2_a
3070	0.000022673	369120	ops_par_loop_group_76	update_halo_kernel2_xvel_minus_2_b+update_halo_kernel2_yvel_plus_2_b+update_halo_kernel4_plus_4_b
3071	0.000019066	123040	ops_par_loop_update_halo_kernel4_plus_2_b_122	update_halo_kernel4_plus_2_b
3072	0.001785196	1416561152	ops_par_loop_group_78	advec_mom_kernel_x2+reset_field_kernel1+ideal_gas_kernel
3073	0.000197164	236236864	ops_par_loop_advec_mom_kernel_mass_flux_x_124	advec_mom_kernel_mass_flux_x
3074	0.000576033	590438520	ops_par_loop_advec_mom_kernel_post_pre_advec_x_125	advec_mom_kernel_post_pre_advec_x
3075	0.000883856	472258640	ops_par_loop_advec_mom_kernel1_x_nonvector_126	advec_mom_kernel1_x_nonvector
3076	0.000445595	590131240	ops_par_loop_advec_mom_kernel2_x_127	advec_mom_kernel2_x
3077	0.000497373	472842752	ops_par_loop_advec_mom_kernel_x2_128	advec_mom_kernel_x2
3078	0.000194950	236236864	ops_par_loop_advec_mom_kernel_mass_flux_x_129	advec_mom_kernel_mass_flux_x
3079	0.000573067	590438520	ops_par_loop_advec_mom_kernel_post_pre_advec_x_130	advec_mom_kernel_post_pre_advec_x
3080	0.000883987	472258640	ops_par_loop_advec_mom_kernel1_x_nonvector_131	advec_mom_kernel1_x_nonvector
3081	0.000732981	1062236232	ops_par_loop_group_87	advec_mom_kernel2_x+reset_field_kernel2
3082	0.000494047	471859200	ops_par_loop_ideal_gas_kernel_0	ideal_gas_kernel
3083	0.000022543	430304	ops_par_loop_update_halo_kernel1_b1_1	update_halo_kernel1_b1
3084	0.000021000	430304	ops_par_loop_update_halo_kernel1_t1_2	update_halo_kernel1_t1
3085	0.000023875	430304	ops_par_loop_update_halo_kernel1_l1_3	update_halo_kernel1_l1
3086	0.000023394	430304	ops_par_loop_update_halo_kernel1_r1_4	update_halo_kernel1_r1
3087	0.000019266	245952	ops_par_loop_group_5	update_halo_kernel2_xvel_plus_2_a+update_halo_kernel2_yvel_minus_2_a
3088	0.000018946	245952	ops_par_loop_group_6	update_halo_kernel2_xvel_plus_2_b+update_halo_kernel2_yvel_minus_2_b
3089	0.000020459	245952	ops_par_loop_group_7	update_halo_kernel2_xvel_minus_2_a+update_halo_kernel2_yvel_plus_2_a
3090	0.000020759	245952	ops_par_loop_group_8	update_halo_kernel2_xvel_minus_2_b+update_halo_kernel2_yvel_plus_2_b
3091	0.001735983	589885440	ops_par_loop_viscosity_kernel_13	viscosity_kernel
3092	0.000021090	430304	ops_par_loop_update_halo_kernel1_b1_14	update_halo_kernel1_b1
3093	0.000019718	430304	ops_par_loop_update_halo_kernel1_t1_15	update_halo_kernel1_t1
3094	0.000024727	430304	ops_par_loop_update_halo_kernel1_l1_16	update_halo_kernel1_l1
3095	0.000022814	430304	ops_par_loop_update_halo_kernel1_r1_17	update_halo_kernel1_r1
3096	0.000917170	1061744640	ops_par_loop_calc_dt_kernel_18	calc_dt_kernel
3097	0.001486750	1887436800	ops_par_loop_group_0	PdV_kernel_predict+ideal_gas_kernel
3098	0.000023284	430304	ops_par_loop_update_halo_kernel1_b1_2	update_halo_kernel1_b1
3099	0.000019928	430304	ops_par_loop_update_halo_kernel1_t1_3	update_halo_kernel1_t1
3100	0.000024497	430304	ops_par_loop_update_halo_kernel1_l1_4	update_halo_kernel1_l1
3101	0.000024035	430304	ops_par_loop_update_halo_kernel1_r1_5	update_halo_kernel1_r1
3102	0.001555361	1770147928	ops_par_loop_group_5	revert_kernel+accelerate_kernel
3103	0.001357866	1651507200	ops_par_loop_PdV_kernel_nopredict_8	PdV_kernel_nopredict
3104	0.000364230	471982080	ops_par_loop_flux_calc_kernelx_9	flux_calc_kernelx
3105	0.000357739	471982080	ops_par_loop_flux_calc_kernely_10	flux_calc_kernely
3106	0.000022533	553536	ops_par_loop_group_9	update_halo_kernel1_b2+update_halo_kernel4_minus_4_a
3107	0.000020679	553536	ops_par_loop_group_10	update_halo_kernel1_b1+update_halo_kernel4_minus_2_a
3108	0.000020639	369120	ops_par_loop_group_11	update_halo_kernel3_plus_4_a+update_halo_kernel2_xvel_plus_4_a+update_halo_kernel2_yvel_minus_4_a
3109	0.000020800	369120	ops_par_loop_group_12	update_halo_kernel3_plus_2_a+update_halo_kernel2_xvel_plus_2_a+update_halo_kernel2_yvel_minus_2_a
3110	0.000018525	123008	ops_par_loop_update_halo_kernel4_minus_4_b_29	update_halo_kernel4_minus_4_b
3111	0.000027311	553536	ops_par_loop_group_14	update_halo_kernel1_t2+update_halo_kernel4_minus_2_b
3112	0.000021200	430528	ops_par_loop_update_halo_kernel1_t1_14	update_halo_kernel1_t1
3113	0.000019657	246080	ops_par_loop_group_16	update_halo_kernel2_xvel_plus_4_b+update_halo_kernel2_yvel_minus_4_b
3114	0.000020279	369120	ops_par_loop_group_17	update_halo_kernel3_plus_4_b+update_halo_kernel2_xvel_plus_2_b+update_halo_kernel2_yvel_minus_2_b
3115	0.000019497	123040	ops_par_loop_update_halo_kernel3_plus_2_b_22	update_halo_kernel3_plus_2_b
3116	0.000025879	553536	ops_par_loop_group_19	update_halo_kernel1_l2+update_halo_kernel3_minus_4_a
3117	0.000023024	553536	ops_par_loop_group_20	update_halo_kernel1_l1+update_halo_kernel3_minus_2_a
3118	0.000018775	123008	ops_par_loop_update_halo_kernel3_minus_4_b_25	update_halo_kernel3_minus_4_b
3119	0.000024937	553536	ops_par_loop_group_22	update_halo_kernel1_r2+update_halo_kernel3_minus_2_b
3120	0.000021862	430528	ops_par_loop_update_halo_kernel1_r1_18	update_halo_kernel1_r1
3121	0.000023084	369120	ops_par_loop_group_24	update_halo_kernel4_plus_4_a+update_halo_kernel2_xvel_minus_4_a+update_halo_kernel2_yvel_plus_4_a
3122	0.000021110	369120	ops_par_loop_group_25	update_halo_kernel4_plus_2_a+update_halo_kernel2_xvel_minus_2_a+update_halo_kernel2_yvel_plus_2_a
3123	0.000020990	246080	ops_par_loop_group_26	update_halo_kernel2_xvel_minus_4_b+update_halo_kernel2_yvel_plus_4_b
3124	0.000022312	369120	ops_par_loop_group_27	update_halo_kernel4_plus_4_b+update_halo_kernel2_xvel_minus_2_b+update_halo_kernel2_yvel_plus_2_b
3125	0.000018215	123040	ops_par_loop_update_halo_kernel4_plus_2_b_34	update_halo_kernel4_plus_2_b
3126	0.000564992	591053440	ops_par_loop_advec_cell_kernel1_xdir_35	advec_cell_kernel1_xdir
3127	0.000782213	708203544	ops_par_loop_advec_cell_kernel3_xdir_36	advec_cell_kernel3_xdir
3128	0.001467604	1533542400	ops_par_loop_advec_cell_kernel4_xdir_37	advec_cell_kernel4_xdir
3129	0.000021781	430528	ops_par_loop_update_halo_kernel1_b2_38	update_halo_kernel1_b2
3130	0.000019598	430528	ops_par_loop_update_halo_kernel1_b1_39	update_halo_kernel1_b1
3131	0.000020028	430528	ops_par_loop_update_halo_kernel1_t2_40	update_halo_kernel1_t2
3132	0.000020388	430528	ops_par_loop_update_halo_kernel1_t1_41	update_halo_kernel1_t1
3133	0.000018705	123040	ops_par_loop_update_halo_kernel3_plus_4_a_62	update_halo_kernel3_plus_4_a
3134	0.000018435	123040	ops_par_loop_update_halo_kernel3_plus_2_a_63	update_halo_kernel3_plus_2_a
3135	0.000018245	123040	ops_par_loop_update_halo_kernel3_plus_4_b_64	update_halo_kernel3_plus_4_b
3136	0.000018385	123040	ops_par_loop_update_halo_kernel3_plus_2_b_65	update_halo_kernel3_plus_2_b
3137	0.000026200	553536	ops_par_loop_group_40	update_halo_kernel1_l2+update_halo_kernel3_minus_4_a
3138	0.000022823	553536	ops_par_loop_group_41	update_halo_kernel1_l1+update_halo_kernel3_minus_2_a
3139	0.000019868	123008	ops_par_loop_update_halo_kernel3_minus_4_b_68	update_halo_kernel3_minus_4_b
3140	0.000024667	553536	ops_par_loop_group_43	update_halo_kernel1_r2+update_halo_kernel3_minus_2_b
3141	0.000021481	430528	ops_par_loop_update_halo_kernel1_r1_45	update_halo_kernel1_r1
3142	0.000562978	591053440	ops_par_loop_advec_mom_kernel_x1_70	advec_mom_kernel_x1
3143	0.000193757	236236864	ops_par_loop_advec_mom_kernel_mass_flux_x_71	advec_mom_kernel_mass_flux_x
3144	0.000575021	590438520	ops_par_loop_advec_mom_kernel_post_pre_advec_x_72	advec_mom_kernel_post_pre_advec_x
3145	0.000882954	472258640	ops_par_loop_advec_mom_kernel1_x_nonvector_73	advec_mom_kernel1_x_nonvector
3146	0.000448130	590131240	ops_par_loop_advec_mom_kernel2_x_74	advec_mom_kernel2_x
3147	0.000562577	591053440	ops_par_loop_advec_mom_kernel_x1_75	advec_mom_kernel_x1
3148	0.000193878	236236864	ops_par_loop_advec_mom_kernel_mass_flux_x_76	advec_mom_kernel_mass_flux_x
3149	0.000575642	590438520	ops_par_loop_advec_mom_kernel_post_pre_advec_x_77	advec_mom_kernel_post_pre_advec_x
3150	0.000883235	472258640	ops_par_loop_advec_mom_kernel1_x_nonvector_78	advec_mom_kernel1_x_nonvector
3151	0.000452048	590131240	ops_par_loop_advec_mom_kernel2_x_79	advec_mom_kernel2_x
3152	0.000499056	472842752	ops_par_loop_advec_cell_kernel2_ydir_80	advec_cell_kernel2_ydir
3153	0.000789538	708203544	ops_par_loop_advec_cell_kernel3_ydir_81	advec_cell_kernel3_ydir
3154	0.001473395	1533542400	ops_par_loop_advec_cell_kernel4_ydir_82	advec_cell_kernel4_ydir
3155	0.000023154	553536	ops_par_loop_group_58	update_halo_kernel1_b2+update_halo_kernel4_minus_4_a
3156	0.000021491	553536	ops_par_loop_group_59	update_halo_kernel1_b1+update_halo_kernel4_minus_2_a
3157	0.000021461	369120	ops_par_loop_group_60	update_halo_kernel2_xvel_plus_4_a+update_halo_kernel2_yvel_minus_4_a+update_halo_kernel3_plus_4_a
3158	0.000021141	369120	ops_par_loop_group_61	update_halo_kernel2_xvel_plus_2_a+update_halo_kernel2_yvel_minus_2_a+update_halo_kernel3_plus_2_a
3159	0.000019938	246080	ops_par_loop_group_62	update_halo_kernel2_xvel_plus_4_b+update_halo_kernel2_yvel_minus_4_b
3160	0.000025709	369120	ops_par_loop_group_63	update_halo_kernel2_xvel_plus_2_b+update_halo_kernel2_yvel_minus_2_b+update_halo_kernel3_plus_4_b
3161	0.000021551	246080	ops_par_loop_group_64	update_halo_kernel2_xvel_minus_4_b+update_halo_kernel2_yvel_plus_4_b
3162	0.000019257	123040	ops_par_loop_update_halo_kernel3_plus_2_b_110	update_halo_kernel3_plus_2_b
3163	0.000019727	123008	ops_par_loop_update_halo_kernel3_minus_4_b_113	update_halo_kernel3_minus_4_b
3164	0.000018094	123008	ops_par_loop_update_halo_kernel4_minus_4_b_117	update_halo_kernel4_minus_4_b
3165	0.000020930	553536	ops_par_loop_group_68	update_halo_kernel1_t2+update_halo_kernel4_minus_2_b
3166	0.000020108	430528	ops_par_loop_update_halo_kernel1_t1_86	update_halo_kernel1_t1
3167	0.000026360	553536	ops_par_loop_group_70	update_halo_kernel1_l2+update_halo_kernel3_minus_4_a
3168	0.000022483	553536	ops_par_loop_group_71	update_halo_kernel1_l1+update_halo_kernel3_minus_2_a
3169	0.000024667	553536	ops_par_loop_group_72	update_halo_kernel1_r2+update_halo_kernel3_minus_2_b
3170	0.000021090	430528	ops_par_loop_update_halo_kernel1_r1_90	update_halo_kernel1_r1
3171	0.000023715	369120	ops_par_loop_group_74	update_halo_kernel2_xvel_minus_4_a+update_halo_kernel2_yvel_plus_4_a+update_halo_kernel4_plus_4_a
3172	0.000021912	369120	ops_par_loop_group_75	update_halo_kernel2_xvel_minus_2_a+update_halo_kernel2_yvel_plus_2_a+update_halo_kernel4_plus_2_a
3173	0.000022553	369120	ops_par_loop_group_76	update_halo_kernel2_xvel_minus_2_b+update_halo_kernel2_yvel_plus_2_b+update_halo_kernel4_plus_4_b
3174	0.000019426	123040	ops_par_loop_update_halo_kernel4_plus_2_b_122	update_halo_kernel4_plus_2_b
3175	0.001787501	1416561152	ops_par_loop_group_78	advec_mom_kernel_y2+reset_field_kernel1+ideal_gas_kernel
3176	0.000194579	236236864	ops_par_loop_advec_mom_kernel_mass_flux_y_124	advec_mom_kernel_mass_flux_y
3177	0.000533452	590438520	ops_par_loop_advec_mom_kernel_post_pre_advec_y_125	advec_mom_kernel_post_pre_advec_y
3178	0.000884397	472258640	ops_par_loop_advec_mom_kernel1_y_nonvector_126	advec_mom_kernel1_y_nonvector
3179	0.000448330	590131240	ops_par_loop_advec_mom_kernel2_y_127	advec_mom_kernel2_y
3180	0.000491703	472842752	ops_par_loop_advec_mom_kernel_y2_128	advec_mom_kernel_y2
3181	0.000192205	236236864	ops_par_loop_advec_mom_kernel_mass_flux_y_129	advec_mom_kernel_mass_flux_y
3182	0.000535155	590438520	ops_par_loop_advec_mom_kernel_post_pre_advec_y_130	advec_mom_kernel_post_pre_advec_y
3183	0.000875602	472258640	ops_par_loop_advec_mom_kernel1_y_nonvector_131	advec_mom_kernel1_y_nonvector
3184	0.000729915	1062236232	ops_par_loop_group_87	advec_mom_kernel2_y+reset_field_kernel2
3185	0.000021841	430304	ops_par_loop_update_halo_kernel1_b1_136	update_halo_kernel1_b1
3186	0.000020419	430304	ops_par_loop_update_halo_kernel1_t1_137	update_halo_kernel1_t1
3187	0.000024576	430304	ops_par_loop_update_halo_kernel1_l1_138	update_halo_kernel1_l1
3188	0.000023395	430304	ops_par_loop_update_halo_kernel1_r1_139	update_halo_kernel1_r1
3189	0.000018695	245952	ops_par_loop_group_92	update_halo_kernel2_xvel_plus_2_a+update_halo_kernel2_yvel_minus_2_a
3190	0.000019878	245952	ops_par_loop_group_93	update_halo_kernel2_xvel_plus_2_b+update_halo_kernel2_yvel_minus_2_b
3191	0.000020990	245952	ops_par_loop_group_94	update_halo_kernel2_xvel_minus_2_a+update_halo_kernel2_yvel_plus_2_a
3192	0.000021892	245952	ops_par_loop_group_95	update_halo_kernel2_xvel_minus_2_b+update_halo_kernel2_yvel_plus_2_b
3193	0.001735452	589885440	ops_par_loop_viscosity_kernel_148	viscosity_kernel
3194	0.000022223	430304	ops_par_loop_update_halo_kernel1_b1_149	update_halo_kernel1_b1
3195	0.000020539	430304	ops_par_loop_update_halo_kernel1_t1_150	update_halo_kernel1_t1
3196	0.000023454	430304	ops_par_loop_update_halo_kernel1_l1_151	update_halo_kernel1_l1
3197	0.000022873	430304	ops_par_loop_update_halo_kernel1_r1_152	update_halo_kernel1_r1
3198	0.000917281	1061744640	ops_par_loop_calc_dt_kernel_153	calc_dt_kernel
3199	0.001493443	1887436800	ops_par_loop_group_0	PdV_kernel_predict+ideal_gas_kernel
3200	0.000022683	430304	ops_par_loop_update_halo_kernel1_b1_2	update_halo_kernel1_b1
3201	0.000020709	430304	ops_par_loop_update_halo_kernel1_t1_3	update_halo_kernel1_t1
3202	0.000024286	430304	ops_par_loop_update_halo_kernel1_l1_4	update_halo_kernel1_l1
3203	0.000023985	430304	ops_par_loop_update_halo_kernel1_r1_5	update_halo_kernel1_r1
3204	0.001556372	1770147928	ops_par_loop_group_5	revert_kernel+accelerate_kernel
3205	0.001354960	1651507200	ops_par_loop_PdV_kernel_nopredict_8	PdV_kernel_nopredict
3206	0.000362818	471982080	ops_par_loop_flux_calc_kernelx_9	flux_calc_kernelx
3207	0.000358220	471982080	ops_par_loop_flux_calc_kernely_10	flux_calc_kernely
3208	0.000022473	553536	ops_par_loop_group_9	update_halo_kernel1_b2+update_halo_kernel4_minus_4_a
3209	0.000020589	553536	ops_par_loop_group_10	update_halo_kernel1_b1+update_halo_kernel4_minus_2_a
3210	0.000021842	369120	ops_par_loop_group_11	update_halo_kernel3_plus_4_a+update_halo_kernel2_xvel_plus_4_a+update_halo_kernel2_yvel_minus_4_a
3211	0.000020840	369120	ops_par_loop_group_12	update_halo_kernel3_plus_2_a+update_halo_kernel2_xvel_plus_2_a+update_halo_kernel2_yvel_minus_2_a
3212	0.000018565	123008	ops_par_loop_update_halo_kernel4_minus_4_b_29	update_halo_kernel4_minus_4_b
3213	0.000021151	553536	ops_par_loop_group_14	update_halo_kernel1_t2+update_halo_kernel4_minus_2_b
3214	0.000020660	430528	ops_par_loop_update_halo_kernel1_t1_14	update_halo_kernel1_t1
3215	0.000020199	246080	ops_par_loop_group_16	update_halo_kernel2_xvel_plus_4_b+update_halo_kernel2_yvel_minus_4_b
3216	0.000021300	369120	ops_par_loop_group_17	update_halo_kernel3_plus_4_b+update_halo_kernel2_xvel_plus_2_b+update_halo_kernel2_yvel_minus_2_b
3217	0.000018786	123040	ops_par_loop_update_halo_kernel3_plus_2_b_22	update_halo_kernel3_plus_2_b
3218	0.000025849	553536	ops_par_loop_group_19	update_halo_kernel1_l2+update_halo_kernel3_minus_4_a
3219	0.000024086	553536	ops_par_loop_group_20	update_halo_kernel1_l1+update_halo_kernel3_minus_2_a
3220	0.000019817	123008	ops_par_loop_update_halo_kernel3_minus_4_b_25	update_halo_kernel3_minus_4_b
3221	0.000024396	553536	ops_par_loop_group_22	update_halo_kernel1_r2+update_halo_kernel3_minus_2_b
3222	0.000021331	430528	ops_par_loop_update_halo_kernel1_r1_18	update_halo_kernel1_r1
3223	0.000023294	369120	ops_par_loop_group_24	update_halo_kernel4_plus_4_a+update_halo_kernel2_xvel_minus_4_a+update_halo_kernel2_yvel_plus_4_a
3224	0.000021801	369120	ops_par_loop_group_25	update_halo_kernel4_plus_2_a+update_halo_kernel2_xvel_minus_2_a+update_halo_kernel2_yvel_plus_2_a
3225	0.000020379	246080	ops_par_loop_group_26	update_halo_kernel2_xvel_minus_4_b+update_halo_kernel2_yvel_plus_4_b
3226	0.000022693	369120	ops_par_loop_group_27	update_halo_kernel4_plus_4_b+update_halo_kernel2_xvel_minus_2_b+update_halo_kernel2_yvel_plus_2_b
3227	0.000018695	123040	ops_par_loop_update_halo_kernel4_plus_2_b_34	update_halo_kernel4_plus_2_b
3228	0.000563820	591053440	ops_par_loop_advec_cell_kernel1_ydir_35	advec_cell_kernel1_ydir
3229	0.000788796	708203544	ops_par_loop_advec_cell_kernel3_ydir_36	advec_cell_kernel3_ydir
3230	0.001474056	1533542400	ops_par_loop_advec_cell_kernel4_ydir_37	advec_cell_kernel4_ydir
3231	0.000022673	553536	ops_par_loop_group_32	update_halo_kernel1_b2+update_halo_kernel4_minus_4_a
3232	0.000020890	553536	ops_par_loop_group_33	update_halo_kernel1_b1+update_halo_kernel4_minus_2_a
3233	0.000018836	123008	ops_par_loop_update_halo_kernel4_minus_4_b_64	update_halo_kernel4_minus_4_b
3234	0.000021310	553536	ops_par_loop_group_35	update_halo_kernel1_t2+update_halo_kernel4_minus_2_b
3235	0.000019948	430528	ops_par_loop_update_halo_kernel1_t1_41	update_halo_kernel1_t1
3236	0.000025348	430528	ops_par_loop_update_halo_kernel1_l2_42	update_halo_kernel1_l2
3237	0.000020800	430528	ops_par_loop_update_halo_kernel1_l1_43	update_halo_kernel1_l1
3238	0.000023845	430528	ops_par_loop_update_halo_kernel1_r2_44	update_halo_kernel1_r2
3239	0.000021992	430528	ops_par_loop_update_halo_kernel1_r1_45	update_halo_kernel1_r1
3240	0.000019477	123040	ops_par_loop_update_halo_kernel4_plus_4_a_66	update_halo_kernel4_plus_4_a
3241	0.000018505	123040	ops_par_loop_update_halo_kernel4_plus_2_a_67	update_halo_kernel4_plus_2_a
3242	0.000018455	123040	ops_par_loop_update_halo_kernel4_plus_4_b_68	update_halo_kernel4_plus_4_b
3243	0.000023795	123040	ops_par_loop_update_halo_kernel4_plus_2_b_69	update_halo_kernel4_plus_2_b
3244	0.000561305	591053440	ops_par_loop_advec_mom_kernel_y1_70	advec_mom_kernel_y1
3245	0.000192125	236236864	ops_par_loop_advec_mom_kernel_mass_flux_y_71	advec_mom_kernel_mass_flux_y
3246	0.000533963	590438520	ops_par_loop_advec_mom_kernel_post_pre_advec_y_72	advec_mom_kernel_post_pre_advec_y
3247	0.000878537	472258640	ops_par_loop_advec_mom_kernel1_y_nonvector_73	advec_mom_kernel1_y_nonvector
3248	0.000455514	590131240	ops_par_loop_advec_mom_kernel2_y_74	advec_mom_kernel2_y
3249	0.000561795	591053440	ops_par_loop_advec_mom_kernel_y1_75	advec_mom_kernel_y1
3250	0.000192335	236236864	ops_par_loop_advec_mom_kernel_mass_flux_y_76	advec_mom_kernel_mass_flux_y
3251	0.000532000	590438520	ops_par_loop_advec_mom_kernel_post_pre_advec_y_77	advec_mom_kernel_post_pre_advec_y
3252	0.000875451	472258640	ops_par_loop_advec_mom_kernel1_y_nonvector_78	advec_mom_kernel1_y_nonvector
3253	0.000454312	590131240	ops_par_loop_advec_mom_kernel2_y_79	advec_mom_kernel2_y
3254	0.000491272	472842752	ops_par_loop_advec_cell_kernel2_xdir_80	advec_cell_kernel2_xdir
3255	0.000772756	708203544	ops_par_loop_advec_cell_kernel3_xdir_81	advec_cell_kernel3_xdir
3256	0.001460450	1533542400	ops_par_loop_advec_cell_kernel4_xdir_82	advec_cell_kernel4_xdir
3257	0.000023013	553536	ops_par_loop_group_58	update_halo_kernel1_b2+update_halo_kernel4_minus_4_a
3258	0.000021120	553536	ops_par_loop_group_59	update_halo_kernel1_b1+update_halo_kernel4_minus_2_a
3259	0.000022744	369120	ops_par_loop_group_60	update_halo_kernel2_xvel_plus_4_a+update_halo_kernel2_yvel_minus_4_a+update_halo_kernel3_plus_4_a
3260	0.000020909	369120	ops_par_loop_group_61	update_halo_kernel2_xvel_plus_2_a+update_halo_kernel2_yvel_minus_2_a+update_halo_kernel3_plus_2_a
3261	0.000019026	246080	ops_par_loop_group_62	update_halo_kernel2_xvel_plus_4_b+update_halo_kernel2_yvel_minus_4_b
3262	0.000021340	369120	ops_par_loop_group_63	update_halo_kernel2_xvel_plus_2_b+update_halo_kernel2_yvel_minus_2_b+update_halo_kernel3_plus_4_b
3263	0.000022292	246080	ops_par_loop_group_64	update_halo_kernel2_xvel_minus_4_b+update_halo_kernel2_yvel_plus_4_b
3264	0.000019086	123040	ops_par_loop_update_halo_kernel3_plus_2_b_110	update_halo_kernel3_plus_2_b
3265	0.000018946	123008	ops_par_loop_update_halo_kernel3_minus_4_b_113	update_halo_kernel3_minus_4_b
3266	0.000018124	123008	ops_par_loop_update_halo_kernel4_minus_4_b_117	update_halo_kernel4_minus_4_b
3267	0.000021511	553536	ops_par_loop_group_68	update_halo_kernel1_t2+update_halo_kernel4_minus_2_b
3268	0.000020259	430528	ops_par_loop_update_halo_kernel1_t1_86	update_halo_kernel1_t1
3269	0.000026731	553536	ops_par_loop_group_70	update_halo_kernel1_l2+update_halo_kernel3_minus_4_a
3270	0.000023715	553536	ops_par_loop_group_71	update_halo_kernel1_l1+update_halo_kernel3_minus_2_a
3271	0.000024337	553536	ops_par_loop_group_72	update_halo_kernel1_r2+update_halo_kernel3_minus_2_b
3272	0.000021912	430528	ops_par_loop_update_halo_kernel1_r1_90	update_halo_kernel1_r1
3273	0.000023374	369120	ops_par_loop_group_74	update_halo_kernel2_xvel_minus_4_a+update_halo_kernel2_yvel_plus_4_a+update_halo_kernel4_plus_4_a
3274	0.000021130	369120	ops_par_loop_group_75	update_halo_kernel2_xvel_minus_2_a+update_halo_kernel2_yvel_plus_2_a+update_halo_kernel4_plus_2_a
3275	0.000022763	369120	ops_par_loop_group_76	update_halo_kernel2_xvel_minus_2_b+update_halo_kernel2_yvel_plus_2_b+update_halo_kernel4_plus_4_b
3276	0.000018635	123040	ops_par_loop_update_halo_kernel4_plus_2_b_122	update_halo_kernel4_plus_2_b
3277	0.001793452	1416561152	ops_par_loop_group_78	advec_mom_kernel_x2+reset_field_kernel1+ideal_gas_kernel
3278	0.000196743	236236864	ops_par_loop_advec_mom_kernel_mass_flux_x_124	advec_mom_kernel_mass_flux_x
3279	0.000577065	590438520	ops_par_loop_advec_mom_kernel_post_pre_advec_x_125	advec_mom_kernel_post_pre_advec_x
3280	0.000883716	472258640	ops_par_loop_advec_mom_kernel1_x_nonvector_126	advec_mom_kernel1_x_nonvector
3281	0.000452408	590131240	ops_par_loop_advec_mom_kernel2_x_127	advec_mom_kernel2_x
3282	0.000499167	472842752	ops_par_loop_advec_mom_kernel_x2_128	advec_mom_kernel_x2
3283	0.000194659	236236864	ops_par_loop_advec_mom_kernel_mass_flux_x_129	advec_mom_kernel_mass_flux_x
3284	0.000575622	590438520	ops_par_loop_advec_mom_kernel_post_pre_advec_x_130	advec_mom_kernel_post_pre_advec_x
3285	0.000883746	472258640	ops_par_loop_advec_mom_kernel1_x_nonvector_131	advec_mom_kernel1_x_nonvector
3286	0.000732710	1062236232	ops_par_loop_group_87	advec_mom_kernel2_x+reset_field_kernel2
3287	0.000022312	430304	ops_par_loop_update_halo_kernel1_b1_136	update_halo_kernel1_b1
3288	0.000021040	430304	ops_par_loop_update_halo_kernel1_t1_137	update_halo_kernel1_t1
3289	0.000024356	430304	ops_par_loop_update_halo_kernel1_l1_138	update_halo_kernel1_l1
3290	0.000023946	430304	ops_par_loop_update_halo_kernel1_r1_139	update_halo_kernel1_r1
3291	0.000019898	245952	ops_par_loop_group_92	update_halo_kernel2_xvel_plus_2_a+update_halo_kernel2_yvel_minus_2_a
3292	0.000019548	245952	ops_par_loop_group_93	update_halo_kernel2_xvel_plus_2_b+update_halo_kernel2_yvel_minus_2_b
3293	0.000021231	245952	ops_par_loop_group_94	update_halo_kernel2_xvel_minus_2_a+update_halo_kernel2_yvel_plus_2_a
3294	0.000020930	245952	ops_par_loop_group_95	update_halo_kernel2_xvel_minus_2_b+update_halo_kernel2_yvel_plus_2_b
3295	0.001734831	589885440	ops_par_loop_viscosity_kernel_148	viscosity_kernel
3296	0.000022824	430304	ops_par_loop_update_halo_kernel1_b1_149	update_halo_kernel1_b1
3297	0.000020609	430304	ops_par_loop_update_halo_kernel1_t1_150	update_halo_kernel1_t1
3298	0.000025809	430304	ops_par_loop_update_halo_kernel1_l1_151	update_halo_kernel1_l1
3299	0.000024938	430304	ops_par_loop_update_halo_kernel1_r1_152	update_halo_kernel1_r1
3300	0.000919133	1061744640	ops_par_loop_calc_dt_kernel_153	calc_dt_kernel
3301	0.001490758	1887436800	ops_par_loop_group_0	PdV_kernel_predict+ideal_gas_kernel
3302	0.000021672	430304	ops_par_loop_update_halo_kernel1_b1_2	update_halo_kernel1_b1
3303	0.000020058	430304	ops_par_loop_update_halo_kernel1_t1_3	update_halo_kernel1_t1
3304	0.000023865	430304	ops_par_loop_update_halo_kernel1_l1_4	update_halo_kernel1_l1
3305	0.000023675	430304	ops_par_loop_update_halo_kernel1_r1_5	update_halo_kernel1_r1
3306	0.001562193	1770147928	ops_par_loop_group_5	revert_kernel+accelerate_kernel
3307	0.001356293	1651507200	ops_par_loop_PdV_kernel_nopredict_8	PdV_kernel_nopredict
3308	0.000365774	471982080	ops_par_loop_flux_calc_kernelx_9	flux_calc_kernelx
3309	0.000359462	471982080	ops_par_loop_flux_calc_kernely_10	flux_calc_kernely
3310	0.000022422	553536	ops_par_loop_group_9	update_halo_kernel1_b2+update_halo_kernel4_minus_4_a
3311	0.000020789	553536	ops_par_loop_group_10	update_halo_kernel1_b1+update_halo_kernel4_minus_2_a
3312	0.000021120	369120	ops_par_loop_group_11	update_halo_kernel3_plus_4_a+update_halo_kernel2_xvel_plus_4_a+update_halo_kernel2_yvel_minus_4_a
3313	0.000020940	369120	ops_par_loop_group_12	update_halo_kernel3_plus_2_a+update_halo_kernel2_xvel_plus_2_a+update_halo_kernel2_yvel_minus_2_a
3314	0.000019267	123008	ops_par_loop_update_halo_kernel4_minus_4_b_29	update_halo_kernel4_minus_4_b
3315	0.000021391	553536	ops_par_loop_group_14	update_halo_kernel1_t2+update_halo_kernel4_minus_2_b
3316	0.000020369	430528	ops_par_loop_update_halo_kernel1_t1_14	update_halo_kernel1_t1
3317	0.000019998	246080	ops_par_loop_group_16	update_halo_kernel2_xvel_plus_4_b+update_halo_kernel2_yvel_minus_4_b
3318	0.000020449	369120	ops_par_loop_group_17	update_halo_kernel3_plus_4_b+update_halo_kernel2_xvel_plus_2_b+update_halo_kernel2_yvel_minus_2_b
3319	0.000018856	123040	ops_par_loop_update_halo_kernel3_plus_2_b_22	update_halo_kernel3_plus_2_b
3320	0.000025559	553536	ops_par_loop_group_19	update_halo_kernel1_l2+update_halo_kernel3_minus_4_a
3321	0.000025138	553536	ops_par_loop_group_20	update_halo_kernel1_l1+update_halo_kernel3_minus_2_a
3322	0.000019316	123008	ops_par_loop_update_halo_kernel3_minus_4_b_25	update_halo_kernel3_minus_4_b
3323	0.000024257	553536	ops_par_loop_group_22	update_halo_kernel1_r2+update_halo_kernel3_minus_2_b
3324	0.000023114	430528	ops_par_loop_update_halo_kernel1_r1_18	update_halo_kernel1_r1
3325	0.000023494	369120	ops_par_loop_group_24	update_halo_kernel4_plus_4_a+update_halo_kernel2_xvel_minus_4_a+update_halo_kernel2_yvel_plus_4_a
3326	0.000021311	369120	ops_par_loop_group_25	update_halo_kernel4_plus_2_a+update_halo_kernel2_xvel_minus_2_a+update_halo_kernel2_yvel_plus_2_a
3327	0.000020899	246080	ops_par_loop_group_26	update_halo_kernel2_xvel_minus_4_b+update_halo_kernel2_yvel_plus_4_b
3328	0.000022563	369120	ops_par_loop_group_27	update_halo_kernel4_plus_4_b+update_halo_kernel2_xvel_minus_2_b+update_halo_kernel2_yvel_plus_2_b
3329	0.000018335	123040	ops_par_loop_update_halo_kernel4_plus_2_b_34	update_halo_kernel4_plus_2_b
3330	0.000563299	591053440	ops_par_loop_advec_cell_kernel1_xdir_35	advec_cell_kernel1_xdir
3331	0.000773828	708203544	ops_par_loop_advec_cell_kernel3_xdir_36	advec_cell_kernel3_xdir
3332	0.001460381	1533542400	ops_par_loop_advec_cell_kernel4_xdir_37	advec_cell_kernel4_xdir
3333	0.000023715	430528	ops_par_loop_update_halo_kernel1_b2_38	update_halo_kernel1_b2
3334	0.000020198	430528	ops_par_loop_update_halo_kernel1_b1_39	update_halo_kernel1_b1
3335	0.000020989	430528	ops_par_loop_update_halo_kernel1_t2_40	update_halo_kernel1_t2
3336	0.000020479	430528	ops_par_loop_update_halo_kernel1_t1_41	update_halo_kernel1_t1
3337	0.000018876	123040	ops_par_loop_update_halo_kernel3_plus_4_a_62	update_halo_kernel3_plus_4_a
3338	0.000018685	123040	ops_par_loop_update_halo_kernel3_plus_2_a_63	update_halo_kernel3_plus_2_a
3339	0.000018596	123040	ops_par_loop_update_halo_kernel3_plus_4_b_64	update_halo_kernel3_plus_4_b
3340	0.000018515	123040	ops_par_loop_update_halo_kernel3_plus_2_b_65	update_halo_kernel3_plus_2_b
3341	0.000026520	553536	ops_par_loop_group_40	update_halo_kernel1_l2+update_halo_kernel3_minus_4_a
3342	0.000023174	553536	ops_par_loop_group_41	update_halo_kernel1_l1+update_halo_kernel3_minus_2_a
3343	0.000019578	123008	ops_par_loop_update_halo_kernel3_minus_4_b_68	update_halo_kernel3_minus_4_b
3344	0.000024547	553536	ops_par_loop_group_43	update_halo_kernel1_r2+update_halo_kernel3_minus_2_b
3345	0.000021460	430528	ops_par_loop_update_halo_kernel1_r1_45	update_halo_kernel1_r1
3346	0.000562447	591053440	ops_par_loop_advec_mom_kernel_x1_70	advec_mom_kernel_x1
3347	0.000193698	236236864	ops_par_loop_advec_mom_kernel_mass_flux_x_71	advec_mom_kernel_mass_flux_x
3348	0.000574760	590438520	ops_par_loop_advec_mom_kernel_post_pre_advec_x_72	advec_mom_kernel_post_pre_advec_x
3349	0.000883286	472258640	ops_par_loop_advec_mom_kernel1_x_nonvector_73	advec_mom_kernel1_x_nonvector
3350	0.000443611	590131240	ops_par_loop_advec_mom_kernel2_x_74	advec_mom_kernel2_x
3351	0.000562086	591053440	ops_par_loop_advec_mom_kernel_x1_75	advec_mom_kernel_x1
3352	0.000194178	236236864	ops_par_loop_advec_mom_kernel_mass_flux_x_76	advec_mom_kernel_mass_flux_x
3353	0.000576674	590438520	ops_par_loop_advec_mom_kernel_post_pre_advec_x_77	advec_mom_kernel_post_pre_advec_x
3354	0.000883436	472258640	ops_par_loop_advec_mom_kernel1_x_nonvector_78	advec_mom_kernel1_x_nonvector
3355	0.000451476	590131240	ops_par_loop_advec_mom_kernel2_x_79	advec_mom_kernel2_x
3356	0.000499297	472842752	ops_par_loop_advec_cell_kernel2_ydir_80	advec_cell_kernel2_ydir
3357	0.000788817	708203544	ops_par_loop_advec_cell_kernel3_ydir_81	advec_cell_kernel3_ydir
3358	0.001476761	1533542400	ops_par_loop_advec_cell_kernel4_ydir_82	advec_cell_kernel4_ydir
3359	0.000022844	553536	ops_par_loop_group_58	update_halo_kernel1_b2+update_halo_kernel4_minus_4_a
3360	0.000022873	553536	ops_par_loop_group_59	update_halo_kernel1_b1+update_halo_kernel4_minus_2_a
3361	0.000021701	369120	ops_par_loop_group_60	update_halo_kernel2_xvel_plus_4_a+update_halo_kernel2_yvel_minus_4_a+update_halo_kernel3_plus_4_a
3362	0.000021531	369120	ops_par_loop_group_61	update_halo_kernel2_xvel_plus_2_a+update_halo_kernel2_yvel_minus_2_a+update_halo_kernel3_plus_2_a
3363	0.000021260	246080	ops_par_loop_group_62	update_halo_kernel2_xvel_plus_4_b+update_halo_kernel2_yvel_minus_4_b
3364	0.000020539	369120	ops_par_loop_group_63	update_halo_kernel2_xvel_plus_2_b+update_halo_kernel2_yvel_minus_2_b+update_halo_kernel3_plus_4_b
3365	0.000021922	246080	ops_par_loop_group_64	update_halo_kernel2_xvel_minus_4_b+update_halo_kernel2_yvel_plus_4_b
3366	0.000019897	123040	ops_par_loop_update_halo_kernel3_plus_2_b_110	update_halo_kernel3_plus_2_b
3367	0.000020850	123008	ops_par_loop_update_halo_kernel3_minus_4_b_113	update_halo_kernel3_minus_4_b
3368	0.000018084	123008	ops_par_loop_update_halo_kernel4_minus_4_b_117	update_halo_kernel4_minus_4_b
3369	0.000021040	553536	ops_par_loop_group_68	update_halo_kernel1_t2+update_halo_kernel4_minus_2_b
3370	0.000020048	430528	ops_par_loop_update_halo_kernel1_t1_86	update_halo_kernel1_t1
3371	0.000028364	553536	ops_par_loop_group_70	update_halo_kernel1_l2+update_halo_kernel3_minus_4_a
3372	0.000024626	553536	ops_par_loop_group_71	update_halo_kernel1_l1+update_halo_kernel3_minus_2_a
3373	0.000025007	553536	ops_par_loop_group_72	update_halo_kernel1_r2+update_halo_kernel3_minus_2_b
3374	0.000021501	430528	ops_par_loop_update_halo_kernel1_r1_90	update_halo_kernel1_r1
3375	0.000023915	369120	ops_par_loop_group_74	update_halo_kernel2_xvel_minus_4_a+update_halo_kernel2_yvel_plus_4_a+update_halo_kernel4_plus_4_a
3376	0.000021580	369120	ops_par_loop_group_75	update_halo_kernel2_xvel_minus_2_a+update_halo_kernel2_yvel_plus_2_a+update_halo_kernel4_plus_2_a
3377	0.000023084	369120	ops_par_loop_group_76	update_halo_kernel2_xvel_minus_2_b+update_halo_kernel2_yvel_plus_2_b+update_halo_kernel4_plus_4_b
3378	0.000018595	123040	ops_par_loop_update_halo_kernel4_plus_2_b_122	update_halo_kernel4_plus_2_b
3379	0.001795245	1416561152	ops_par_loop_group_78	advec_mom_kernel_y2+reset_field_kernel1+ideal_gas_kernel
3380	0.000194970	236236864	ops_par_loop_advec_mom_kernel_mass_flux_y_124	advec_mom_kernel_mass_flux_y
3381	0.000532199	590438520	ops_par_loop_advec_mom_kernel_post_pre_advec_y_125	advec_mom_kernel_post_pre_advec_y
3382	0.000879689	472258640	ops_par_loop_advec_mom_kernel1_y_nonvector_126	advec_mom_kernel1_y_nonvector
3383	0.000449953	590131240	ops_par_loop_advec_mom_kernel2_y_127	advec_mom_kernel2_y
3384	0.000493827	472842752	ops_par_loop_advec_mom_kernel_y2_128	advec_mom_kernel_y2
3385	0.000193327	236236864	ops_par_loop_advec_mom_kernel_mass_flux_y_129	advec_mom_kernel_mass_flux_y
3386	0.000533722	590438520	ops_par_loop_advec_mom_kernel_post_pre_advec_y_130	advec_mom_kernel_post_pre_advec_y
3387	0.000876042	472258640	ops_par_loop_advec_mom_kernel1_y_nonvector_131	advec_mom_kernel1_y_nonvector
3388	0.000731517	1062236232	ops_par_loop_group_87	advec_mom_kernel2_y+reset_field_kernel2
3389	0.000023174	430304	ops_par_loop_update_halo_kernel1_b1_136	update_halo_kernel1_b1
3390	0.000021280	430304	ops_par_loop_update_halo_kernel1_t1_137	update_halo_kernel1_t1
3391	0.000023795	430304	ops_par_loop_update_halo_kernel1_l1_138	update_halo_kernel1_l1
3392	0.000024857	430304	ops_par_loop_update_halo_kernel1_r1_139	update_halo_kernel1_r1
3393	0.000019006	245952	ops_par_loop_group_92	update_halo_kernel2_xvel_plus_2_a+update_halo_kernel2_yvel_minus_2_a
3394	0.000020008	245952	ops_par_loop_group_93	update_halo_kernel2_xvel_plus_2_b+update_halo_kernel2_yvel_minus_2_b
3395	0.000021922	245952	ops_par_loop_group_94	update_halo_kernel2_xvel_minus_2_a+update_halo_kernel2_yvel_plus_2_a
3396	0.000021421	245952	ops_par_loop_group_95	update_halo_kernel2_xvel_minus_2_b+update_halo_kernel2_yvel_plus_2_b
3397	0.001734961	589885440	ops_par_loop_viscosity_kernel_148	viscosity_kernel
3398	0.000021621	430304	ops_par_loop_update_halo_kernel1_b1_149	update_halo_kernel1_b1
3399	0.000021170	430304	ops_par_loop_update_halo_kernel1_t1_150	update_halo_kernel1_t1
3400	0.000023073	430304	ops_par_loop_update_halo_kernel1_l1_151	update_halo_kernel1_l1
3401	0.000022823	430304	ops_par_loop_update_halo_kernel1_r1_152	update_halo_kernel1_r1
3402	0.000916959	1061744640	ops_par_loop_calc_dt_kernel_153	calc_dt_kernel
3403	0.001483213	1887436800	ops_par_loop_group_0	PdV_kernel_predict+ideal_gas_kernel
3404	0.000022042	430304	ops_par_loop_update_halo_kernel1_b1_2	update_halo_kernel1_b1
3405	0.000019276	430304	ops_par_loop_update_halo_kernel1_t1_3	update_halo_kernel1_t1
3406	0.000023715	430304	ops_par_loop_update_halo_kernel1_l1_4	update_halo_kernel1_l1
3407	0.000024727	430304	ops_par_loop_update_halo_kernel1_r1_5	update_halo_kernel1_r1
3408	0.001553987	1770147928	ops_par_loop_group_5	revert_kernel+accelerate_kernel
3409	0.001360231	1651507200	ops_par_loop_PdV_kernel_nopredict_8	PdV_kernel_nopredict
3410	0.000363169	471982080	ops_par_loop_flux_calc_kernelx_9	flux_calc_kernelx
3411	0.000357538	471982080	ops_par_loop_flux_calc_kernely_10	flux_calc_kernely
3412	0.000021962	553536	ops_par_loop_group_9	update_halo_kernel1_b2+update_halo_kernel4_minus_4_a
3413	0.000022432	553536	ops_par_loop_group_10	update_halo_kernel1_b1+update_halo_kernel4_minus_2_a
3414	0.000021722	369120	ops_par_loop_group_11	update_halo_kernel3_plus_4_a+update_halo_kernel2_xvel_plus_4_a+update_halo_kernel2_yvel_minus_4_a
3415	0.000020819	369120	ops_par_loop_group_12	update_halo_kernel3_plus_2_a+update_halo_kernel2_xvel_plus_2_a+update_halo_kernel2_yvel_minus_2_a
3416	0.000018224	123008	ops_par_loop_update_halo_kernel4_minus_4_b_29	update_halo_kernel4_minus_4_b
3417	0.000021220	553536	ops_par_loop_group_14	update_halo_kernel1_t2+update_halo_kernel4_minus_2_b
3418	0.000019938	430528	ops_par_loop_update_halo_kernel1_t1_14	update_halo_kernel1_t1
3419	0.000019407	246080	ops_par_loop_group_16	update_halo_kernel2_xvel_plus_4_b+update_halo_kernel2_yvel_minus_4_b
3420	0.000020318	369120	ops_par_loop_group_17	update_halo_kernel3_plus_4_b+update_halo_kernel2_xvel_plus_2_b+update_halo_kernel2_yvel_minus_2_b
3421	0.000018074	123040	ops_par_loop_update_halo_kernel3_plus_2_b_22	update_halo_kernel3_plus_2_b
3422	0.000026070	553536	ops_par_loop_group_19	update_halo_kernel1_l2+update_halo_kernel3_minus_4_a
3423	0.000023575	553536	ops_par_loop_group_20	update_halo_kernel1_l1+update_halo_kernel3_minus_2_a
3424	0.000018776	123008	ops_par_loop_update_halo_kernel3_minus_4_b_25	update_halo_kernel3_minus_4_b
3425	0.000024196	553536	ops_par_loop_group_22	update_halo_kernel1_r2+update_halo_kernel3_minus_2_b
3426	0.000022733	430528	ops_par_loop_update_halo_kernel1_r1_18	update_halo_kernel1_r1
3427	0.000024076	369120	ops_par_loop_group_24	update_halo_kernel4_plus_4_a+update_halo_kernel2_xvel_minus_4_a+update_halo_kernel2_yvel_plus_4_a
3428	0.000021711	369120	ops_par_loop_group_25	update_halo_kernel4_plus_2_a+update_halo_kernel2_xvel_minus_2_a+update_halo_kernel2_yvel_plus_2_a
3429	0.000020599	246080	ops_par_loop_group_26	update_halo_kernel2_xvel_minus_4_b+update_halo_kernel2_yvel_plus_4_b
3430	0.000024066	369120	ops_par_loop_group_27	update_halo_kernel4_plus_4_b+update_halo_kernel2_xvel_minus_2_b+update_halo_kernel2_yvel_plus_2_b
3431	0.000018676	123040	ops_par_loop_update_halo_kernel4_plus_2_b_34	update_halo_kernel4_plus_2_b
3432	0.000561735	591053440	ops_par_loop_advec_cell_kernel1_ydir_35	advec_cell_kernel1_ydir
3433	0.000788465	708203544	ops_par_loop_advec_cell_kernel3_ydir_36	advec_cell_kernel3_ydir
3434	0.001470900	1533542400	ops_par_loop_advec_cell_kernel4_ydir_37	advec_cell_kernel4_ydir
3435	0.000022803	553536	ops_par_loop_group_32	update_halo_kernel1_b2+update_halo_kernel4_minus_4_a
3436	0.000020559	553536	ops_par_loop_group_33	update_halo_kernel1_b1+update_halo_kernel4_minus_2_a
3437	0.000017954	123008	ops_par_loop_update_halo_kernel4_minus_4_b_64	update_halo_kernel4_minus_4_b
3438	0.000023144	553536	ops_par_loop_group_35	update_halo_kernel1_t2+update_halo_kernel4_minus_2_b
3439	0.000021440	430528	ops_par_loop_update_halo_kernel1_t1_41	update_halo_kernel1_t1
3440	0.000026430	430528	ops_par_loop_update_halo_kernel1_l2_42	update_halo_kernel1_l2
3441	0.000021722	430528	ops_par_loop_update_halo_kernel1_l1_43	update_halo_kernel1_l1
3442	0.000025288	430528	ops_par_loop_update_halo_kernel1_r2_44	update_halo_kernel1_r2
3443	0.000023534	430528	ops_par_loop_update_halo_kernel1_r1_45	update_halo_kernel1_r1
3444	0.000020619	123040	ops_par_loop_update_halo_kernel4_plus_4_a_66	update_halo_kernel4_plus_4_a
3445	0.000018345	123040	ops_par_loop_update_halo_kernel4_plus_2_a_67	update_halo_kernel4_plus_2_a
3446	0.000019306	123040	ops_par_loop_update_halo_kernel4_plus_4_b_68	update_halo_kernel4_plus_4_b
3447	0.000019036	123040	ops_par_loop_update_halo_kernel4_plus_2_b_69	update_halo_kernel4_plus_2_b
3448	0.000565713	591053440	ops_par_loop_advec_mom_kernel_y1_70	advec_mom_kernel_y1
3449	0.000195100	236236864	ops_par_loop_advec_mom_kernel_mass_flux_y_71	advec_mom_kernel_mass_flux_y
3450	0.000537028	590438520	ops_par_loop_advec_mom_kernel_post_pre_advec_y_72	advec_mom_kernel_post_pre_advec_y
3451	0.000881061	472258640	ops_par_loop_advec_mom_kernel1_y_nonvector_73	advec_mom_kernel1_y_nonvector
3452	0.000449332	590131240	ops_par_loop_advec_mom_kernel2_y_74	advec_mom_kernel2_y
3453	0.000562407	591053440	ops_par_loop_advec_mom_kernel_y1_75	advec_mom_kernel_y1
3454	0.000192515	236236864	ops_par_loop_advec_mom_kernel_mass_flux_y_76	advec_mom_kernel_mass_flux_y
3455	0.000533131	590438520	ops_par_loop_advec_mom_kernel_post_pre_advec_y_77	advec_mom_kernel_post_pre_advec_y
3456	0.000875952	472258640	ops_par_loop_advec_mom_kernel1_y_nonvector_78	advec_mom_kernel1_y_nonvector
3457	0.000452158	590131240	ops_par_loop_advec_mom_kernel2_y_79	advec_mom_kernel2_y
3458	0.000489939	472842752	ops_par_loop_advec_cell_kernel2_xdir_80	advec_cell_kernel2_xdir
3459	0.000772716	708203544	ops_par_loop_advec_cell_kernel3_xdir_81	advec_cell_kernel3_xdir
3460	0.001461834	1533542400	ops_par_loop_advec_cell_kernel4_xdir_82	advec_cell_kernel4_xdir
3461	0.000022343	553536	ops_par_loop_group_58	update_halo_kernel1_b2+update_halo_kernel4_minus_4_a
3462	0.000021501	553536	ops_par_loop_group_59	update_halo_kernel1_b1+update_halo_kernel4_minus_2_a
3463	0.000021641	369120	ops_par_loop_group_60	update_halo_kernel2_xvel_plus_4_a+update_halo_kernel2_yvel_minus_4_a+update_halo_kernel3_plus_4_a
3464	0.000020609	369120	ops_par_loop_group_61	update_halo_kernel2_xvel_plus_2_a+update_halo_kernel2_yvel_minus_2_a+update_halo_kernel3_plus_2_a
3465	0.000018846	246080	ops_par_loop_group_62	update_halo_kernel2_xvel_plus_4_b+update_halo_kernel2_yvel_minus_4_b
3466	0.000020188	369120	ops_par_loop_group_63	update_halo_kernel2_xvel_plus_2_b+update_halo_kernel2_yvel_minus_2_b+update_halo_kernel3_plus_4_b
3467	0.000028845	246080	ops_par_loop_group_64	update_halo_kernel2_xvel_minus_4_b+update_halo_kernel2_yvel_plus_4_b
3468	0.000019477	123040	ops_par_loop_update_halo_kernel3_plus_2_b_110	update_halo_kernel3_plus_2_b
3469	0.000019517	123008	ops_par_loop_update_halo_kernel3_minus_4_b_113	update_halo_kernel3_minus_4_b
3470	0.000018405	123008	ops_par_loop_update_halo_kernel4_minus_4_b_117	update_halo_kernel4_minus_4_b
3471	0.000020759	553536	ops_par_loop_group_68	update_halo_kernel1_t2+update_halo_kernel4_minus_2_b
3472	0.000020058	430528	ops_par_loop_update_halo_kernel1_t1_86	update_halo_kernel1_t1
3473	0.000026280	553536	ops_par_loop_group_70	update_halo_kernel1_l2+update_halo_kernel3_minus_4_a
3474	0.000023335	553536	ops_par_loop_group_71	update_halo_kernel1_l1+update_halo_kernel3_minus_2_a
3475	0.000024617	553536	ops_par_loop_group_72	update_halo_kernel1_r2+update_halo_kernel3_minus_2_b
3476	0.000021761	430528	ops_par_loop_update_halo_kernel1_r1_90	update_halo_kernel1_r1
3477	0.000022963	369120	ops_par_loop_group_74	update_halo_kernel2_xvel_minus_4_a+update_halo_kernel2_yvel_plus_4_a+update_halo_kernel4_plus_4_a
3478	0.000021471	369120	ops_par_loop_group_75	update_halo_kernel2_xvel_minus_2_a+update_halo_kernel2_yvel_plus_2_a+update_halo_kernel4_plus_2_a
3479	0.000022472	369120	ops_par_loop_group_76	update_halo_kernel2_xvel_minus_2_b+update_halo_kernel2_yvel_plus_2_b+update_halo_kernel4_plus_4_b
3480	0.000018575	123040	ops_par_loop_update_halo_kernel4_plus_2_b_122	update_halo_kernel4_plus_2_b
3481	0.001791318	1416561152	ops_par_loop_group_78	advec_mom_kernel_x2+reset_field_kernel1+ideal_gas_kernel
3482	0.000196623	236236864	ops_par_loop_advec_mom_kernel_mass_flux_x_124	advec_mom_kernel_mass_flux_x
3483	0.000573819	590438520	ops_par_loop_advec_mom_kernel_post_pre_advec_x_125	advec_mom_kernel_post_pre_advec_x
3484	0.000882464	472258640	ops_par_loop_advec_mom_kernel1_x_nonvector_126	advec_mom_kernel1_x_nonvector
3485	0.000445986	590131240	ops_par_loop_advec_mom_kernel2_x_127	advec_mom_kernel2_x
3486	0.000497985	472842752	ops_par_loop_advec_mom_kernel_x2_128	advec_mom_kernel_x2
3487	0.000195110	236236864	ops_par_loop_advec_mom_kernel_mass_flux_x_129	advec_mom_kernel_mass_flux_x
3488	0.000578407	590438520	ops_par_loop_advec_mom_kernel_post_pre_advec_x_130	advec_mom_kernel_post_pre_advec_x
3489	0.000883636	472258640	ops_par_loop_advec_mom_kernel1_x_nonvector_131	advec_mom_kernel1_x_nonvector
3490	0.000737770	1062236232	ops_par_loop_group_87	advec_mom_kernel2_x+reset_field_kernel2
3491	0.000032271	430304	ops_par_loop_update_halo_kernel1_b1_136	update_halo_kernel1_b1
3492	0.000023705	430304	ops_par_loop_update_halo_kernel1_t1_137	update_halo_kernel1_t1
3493	0.000031940	430304	ops_par_loop_update_halo_kernel1_l1_138	update_halo_kernel1_l1
3494	0.000024947	430304	ops_par_loop_update_halo_kernel1_r1_139	update_halo_kernel1_r1
3495	0.000020559	245952	ops_par_loop_group_92	update_halo_kernel2_xvel_plus_2_a+update_halo_kernel2_yvel_minus_2_a
3496	0.000020429	245952	ops_par_loop_group_93	update_halo_kernel2_xvel_plus_2_b+update_halo_kernel2_yvel_minus_2_b
3497	0.000021942	245952	ops_par_loop_group_94	update_halo_kernel2_xvel_minus_2_a+update_halo_kernel2_yvel_plus_2_a
3498	0.000021330	245952	ops_par_loop_group_95	update_halo_kernel2_xvel_minus_2_b+update_halo_kernel2_yvel_plus_2_b
3499	0.001735553	589885440	ops_par_loop_viscosity_kernel_148	viscosity_kernel
3500	0.000021812	430304	ops_par_loop_update_halo_kernel1_b1_149	update_halo_kernel1_b1
3501	0.000020449	430304	ops_par_loop_update_halo_kernel1_t1_150	update_halo_kernel1_t1
3502	0.000024126	430304	ops_par_loop_update_halo_kernel1_l1_151	update_halo_kernel1_l1
3503	0.000023555	430304	ops_par_loop_update_halo_kernel1_r1_152	update_halo_kernel1_r1
3504	0.000917040	1061744640	ops_par_loop_calc_dt_kernel_153	calc_dt_kernel
3505	0.001488404	1887436800	ops_par_loop_group_0	PdV_kernel_predict+ideal_gas_kernel
3506	0.000021841	430304	ops_par_loop_update_halo_kernel1_b1_2	update_halo_kernel1_b1
3507	0.000022573	430304	ops_par_loop_update_halo_kernel1_t1_3	update_halo_kernel1_t1
3508	0.000024086	430304	ops_par_loop_update_halo_kernel1_l1_4	update_halo_kernel1_l1
3509	0.000023956	430304	ops_par_loop_update_halo_kernel1_r1_5	update_halo_kernel1_r1
3510	0.001557454	1770147928	ops_par_loop_group_5	revert_kernel+accelerate_kernel
3511	0.001352957	1651507200	ops_par_loop_PdV_kernel_nopredict_8	PdV_kernel_nopredict
3512	0.000360124	471982080	ops_par_loop_flux_calc_kernelx_9	flux_calc_kernelx
3513	0.000357177	471982080	ops_par_loop_flux_calc_kernely_10	flux_calc_kernely
3514	0.000022212	553536	ops_par_loop_group_9	update_halo_kernel1_b2+update_halo_kernel4_minus_4_a
3515	0.000021411	553536	ops_par_loop_group_10	update_halo_kernel1_b1+update_halo_kernel4_minus_2_a
3516	0.000021621	369120	ops_par_loop_group_11	update_halo_kernel3_plus_4_a+update_halo_kernel2_xvel_plus_4_a+update_halo_kernel2_yvel_minus_4_a
3517	0.000020599	369120	ops_par_loop_group_12	update_halo_kernel3_plus_2_a+update_halo_kernel2_xvel_plus_2_a+update_halo_kernel2_yvel_minus_2_a
3518	0.000018936	123008	ops_par_loop_update_halo_kernel4_minus_4_b_29	update_halo_kernel4_minus_4_b
3519	0.000020900	553536	ops_par_loop_group_14	update_halo_kernel1_t2+update_halo_kernel4_minus_2_b
3520	0.000019437	430528	ops_par_loop_update_halo_kernel1_t1_14	update_halo_kernel1_t1
3521	0.000019377	246080	ops_par_loop_group_16	update_halo_kernel2_xvel_plus_4_b+update_halo_kernel2_yvel_minus_4_b
3522	0.000019697	369120	ops_par_loop_group_17	update_halo_kernel3_plus_4_b+update_halo_kernel2_xvel_plus_2_b+update_halo_kernel2_yvel_minus_2_b
3523	0.000024867	123040	ops_par_loop_update_halo_kernel3_plus_2_b_22	update_halo_kernel3_plus_2_b
3524	0.000026050	553536	ops_par_loop_group_19	update_halo_kernel1_l2+update_halo_kernel3_minus_4_a
3525	0.000022442	553536	ops_par_loop_group_20	update_halo_kernel1_l1+update_halo_kernel3_minus_2_a
3526	0.000019156	123008	ops_par_loop_update_halo_kernel3_minus_4_b_25	update_halo_kernel3_minus_4_b
3527	0.000024496	553536	ops_par_loop_group_22	update_halo_kernel1_r2+update_halo_kernel3_minus_2_b
3528	0.000021822	430528	ops_par_loop_update_halo_kernel1_r1_18	update_halo_kernel1_r1
3529	0.000022523	369120	ops_par_loop_group_24	update_halo_kernel4_plus_4_a+update_halo_kernel2_xvel_minus_4_a+update_halo_kernel2_yvel_plus_4_a
3530	0.000020869	369120	ops_par_loop_group_25	update_halo_kernel4_plus_2_a+update_halo_kernel2_xvel_minus_2_a+update_halo_kernel2_yvel_plus_2_a
3531	0.000020629	246080	ops_par_loop_group_26	update_halo_kernel2_xvel_minus_4_b+update_halo_kernel2_yvel_plus_4_b
3532	0.000022302	369120	ops_par_loop_group_27	update_halo_kernel4_plus_4_b+update_halo_kernel2_xvel_minus_2_b+update_halo_kernel2_yvel_plus_2_b
3533	0.000017994	123040	ops_par_loop_update_halo_kernel4_plus_2_b_34	update_halo_kernel4_plus_2_b
3534	0.000563268	591053440	ops_par_loop_advec_cell_kernel1_xdir_35	advec_cell_kernel1_xdir
3535	0.000772195	708203544	ops_par_loop_advec_cell_kernel3_xdir_36	advec_cell_kernel3_xdir
3536	0.001458146	1533542400	ops_par_loop_advec_cell_kernel4_xdir_37	advec_cell_kernel4_xdir
3537	0.000021922	430528	ops_par_loop_update_halo_kernel1_b2_38	update_halo_kernel1_b2
3538	0.000019627	430528	ops_par_loop_update_halo_kernel1_b1_39	update_halo_kernel1_b1
3539	0.000019818	430528	ops_par_loop_update_halo_kernel1_t2_40	update_halo_kernel1_t2
3540	0.000019847	430528	ops_par_loop_update_halo_kernel1_t1_41	update_halo_kernel1_t1
3541	0.000018876	123040	ops_par_loop_update_halo_kernel3_plus_4_a_62	update_halo_kernel3_plus_4_a
3542	0.000018105	123040	ops_par_loop_update_halo_kernel3_plus_2_a_63	update_halo_kernel3_plus_2_a
3543	0.000018996	123040	ops_par_loop_update_halo_kernel3_plus_4_b_64	update_halo_kernel3_plus_4_b
3544	0.000018505	123040	ops_par_loop_update_halo_kernel3_plus_2_b_65	update_halo_kernel3_plus_2_b
3545	0.000025809	553536	ops_par_loop_group_40	update_halo_kernel1_l2+update_halo_kernel3_minus_4_a
3546	0.000023595	553536	ops_par_loop_group_41	update_halo_kernel1_l1+update_halo_kernel3_minus_2_a
3547	0.000019477	123008	ops_par_loop_update_halo_kernel3_minus_4_b_68	update_halo_kernel3_minus_4_b
3548	0.000025689	553536	ops_par_loop_group_43	update_halo_kernel1_r2+update_halo_kernel3_minus_2_b
3549	0.000020629	430528	ops_par_loop_update_halo_kernel1_r1_45	update_halo_kernel1_r1
3550	0.000562207	591053440	ops_par_loop_advec_mom_kernel_x1_70	advec_mom_kernel_x1
3551	0.000195050	236236864	ops_par_loop_advec_mom_kernel_mass_flux_x_71	advec_mom_kernel_mass_flux_x
3552	0.000571424	590438520	ops_par_loop_advec_mom_kernel_post_pre_advec_x_72	advec_mom_kernel_post_pre_advec_x
3553	0.000882725	472258640	ops_par_loop_advec_mom_kernel1_x_nonvector_73	advec_mom_kernel1_x_nonvector
3554	0.000444413	590131240	ops_par_loop_advec_mom_kernel2_x_74	advec_mom_kernel2_x
3555	0.000562387	591053440	ops_par_loop_advec_mom_kernel_x1_75	advec_mom_kernel_x1
3556	0.000193096	236236864	ops_par_loop_advec_mom_kernel_mass_flux_x_76	advec_mom_kernel_mass_flux_x
3557	0.000574360	590438520	ops_par_loop_advec_mom_kernel_post_pre_advec_x_77	advec_mom_kernel_post_pre_advec_x
3558	0.000883836	472258640	ops_par_loop_advec_mom_kernel1_x_nonvector_78	advec_mom_kernel1_x_nonvector
3559	0.000446988	590131240	ops_par_loop_advec_mom_kernel2_x_79	advec_mom_kernel2_x
3560	0.000498696	472842752	ops_par_loop_advec_cell_kernel2_ydir_80	advec_cell_kernel2_ydir
3561	0.000790991	708203544	ops_par_loop_advec_cell_kernel3_ydir_81	advec_cell_kernel3_ydir
3562	0.001473856	1533542400	ops_par_loop_advec_cell_kernel4_ydir_82	advec_cell_kernel4_ydir
3563	0.000021662	553536	ops_par_loop_group_58	update_halo_kernel1_b2+update_halo_kernel4_minus_4_a
3564	0.000021410	553536	ops_par_loop_group_59	update_halo_kernel1_b1+update_halo_kernel4_minus_2_a
3565	0.000021751	369120	ops_par_loop_group_60	update_halo_kernel2_xvel_plus_4_a+update_halo_kernel2_yvel_minus_4_a+update_halo_kernel3_plus_4_a
3566	0.000021391	369120	ops_par_loop_group_61	update_halo_kernel2_xvel_plus_2_a+update_halo_kernel2_yvel_minus_2_a+update_halo_kernel3_plus_2_a
3567	0.000020128	246080	ops_par_loop_group_62	update_halo_kernel2_xvel_plus_4_b+update_halo_kernel2_yvel_minus_4_b
3568	0.000020438	369120	ops_par_loop_group_63	update_halo_kernel2_xvel_plus_2_b+update_halo_kernel2_yvel_minus_2_b+update_halo_kernel3_plus_4_b
3569	0.000021500	246080	ops_par_loop_group_64	update_halo_kernel2_xvel_minus_4_b+update_halo_kernel2_yvel_plus_4_b
3570	0.000019687	123040	ops_par_loop_update_halo_kernel3_plus_2_b_110	update_halo_kernel3_plus_2_b
3571	0.000019427	123008	ops_par_loop_update_halo_kernel3_minus_4_b_113	update_halo_kernel3_minus_4_b
3572	0.000017634	123008	ops_par_loop_update_halo_kernel4_minus_4_b_117	update_halo_kernel4_minus_4_b
3573	0.000020699	553536	ops_par_loop_group_68	update_halo_kernel1_t2+update_halo_kernel4_minus_2_b
3574	0.000020028	430528	ops_par_loop_update_halo_kernel1_t1_86	update_halo_kernel1_t1
3575	0.000033163	553536	ops_par_loop_group_70	update_halo_kernel1_l2+update_halo_kernel3_minus_4_a
3576	0.000023675	553536	ops_par_loop_group_71	update_halo_kernel1_l1+update_halo_kernel3_minus_2_a
3577	0.000024366	553536	ops_par_loop_group_72	update_halo_kernel1_r2+update_halo_kernel3_minus_2_b
3578	0.000021260	430528	ops_par_loop_update_halo_kernel1_r1_90	update_halo_kernel1_r1
3579	0.000024066	369120	ops_par_loop_group_74	update_halo_kernel2_xvel_minus_4_a+update_halo_kernel2_yvel_plus_4_a+update_halo_kernel4_plus_4_a
3580	0.000021671	369120	ops_par_loop_group_75	update_halo_kernel2_xvel_minus_2_a+update_halo_kernel2_yvel_plus_2_a+update_halo_kernel4_plus_2_a
3581	0.000022934	369120	ops_par_loop_group_76	update_halo_kernel2_xvel_minus_2_b+update_halo_kernel2_yvel_plus_2_b+update_halo_kernel4_plus_4_b
3582	0.000018755	123040	ops_par_loop_update_halo_kernel4_plus_2_b_122	update_halo_kernel4_plus_2_b
3583	0.001779246	1416561152	ops_par_loop_group_78	advec_mom_kernel_y2+reset_field_kernel1+ideal_gas_kernel
3584	0.000194279	236236864	ops_par_loop_advec_mom_kernel_mass_flux_y_124	advec_mom_kernel_mass_flux_y
3585	0.000533803	590438520	ops_par_loop_advec_mom_kernel_post_pre_advec_y_125	advec_mom_kernel_post_pre_advec_y
3586	0.000877915	472258640	ops_par_loop_advec_mom_kernel1_y_nonvector_126	advec_mom_kernel1_y_nonvector
3587	0.000448060	590131240	ops_par_loop_advec_mom_kernel2_y_127	advec_mom_kernel2_y
3588	0.000489909	472842752	ops_par_loop_advec_mom_kernel_y2_128	advec_mom_kernel_y2
3589	0.000192695	236236864	ops_par_loop_advec_mom_kernel_mass_flux_y_129	advec_mom_kernel_mass_flux_y
3590	0.000531438	590438520	ops_par_loop_advec_mom_kernel_post_pre_advec_y_130	advec_mom_kernel_post_pre_advec_y
3591	0.000875190	472258640	ops_par_loop_advec_mom_kernel1_y_nonvector_131	advec_mom_kernel1_y_nonvector
3592	0.000733010	1062236232	ops_par_loop_group_87	advec_mom_kernel2_y+reset_field_kernel2
3593	0.000026741	430304	ops_par_loop_update_halo_kernel1_b1_136	update_halo_kernel1_b1
3594	0.000019998	430304	ops_par_loop_update_halo_kernel1_t1_137	update_halo_kernel1_t1
3595	0.000023955	430304	ops_par_loop_update_halo_kernel1_l1_138	update_halo_kernel1_l1
3596	0.000023826	430304	ops_par_loop_update_halo_kernel1_r1_139	update_halo_kernel1_r1
3597	0.000018986	245952	ops_par_loop_group_92	update_halo_kernel2_xvel_plus_2_a+update_halo_kernel2_yvel_minus_2_a
3598	0.000018986	245952	ops_par_loop_group_93	update_halo_kernel2_xvel_plus_2_b+update_halo_kernel2_yvel_minus_2_b
3599	0.000020990	245952	ops_par_loop_group_94	update_halo_kernel2_xvel_minus_2_a+update_halo_kernel2_yvel_plus_2_a
3600	0.000020840	245952	ops_par_loop_group_95	update_halo_kernel2_xvel_minus_2_b+update_halo_kernel2_yvel_plus_2_b
3601	0.001733789	589885440	ops_par_loop_viscosity_kernel_148	viscosity_kernel
3602	0.000021090	430304	ops_par_loop_update_halo_kernel1_b1_149	update_halo_kernel1_b1
3603	0.000020749	430304	ops_par_loop_update_halo_kernel1_t1_150	update_halo_kernel1_t1
3604	0.000023775	430304	ops_par_loop_update_halo_kernel1_l1_151	update_halo_kernel1_l1
3605	0.000023094	430304	ops_par_loop_update_halo_kernel1_r1_152	update_halo_kernel1_r1
3606	0.000917680	1061744640	ops_par_loop_calc_dt_kernel_153	calc_dt_kernel
3607	0.001494846	1887436800	ops_par_loop_group_0	PdV_kernel_predict+ideal_gas_kernel
3608	0.000023715	430304	ops_par_loop_update_halo_kernel1_b1_2	update_halo_kernel1_b1
3609	0.000020258	430304	ops_par_loop_update_halo_kernel1_t1_3	update_halo_kernel1_t1
3610	0.000024095	430304	ops_par_loop_update_halo_kernel1_l1_4	update_halo_kernel1_l1
3611	0.000024416	430304	ops_par_loop_update_halo_kernel1_r1_5	update_halo_kernel1_r1
3612	0.001560560	1770147928	ops_par_loop_group_5	revert_kernel+accelerate_kernel
3613	0.001357475	1651507200	ops_par_loop_PdV_kernel_nopredict_8	PdV_kernel_nopredict
3614	0.000365203	471982080	ops_par_loop_flux_calc_kernelx_9	flux_calc_kernelx
3615	0.000363710	471982080	ops_par_loop_flux_calc_kernely_10	flux_calc_kernely
3616	0.000024777	553536	ops_par_loop_group_9	update_halo_kernel1_b2+update_halo_kernel4_minus_4_a
3617	0.000025990	553536	ops_par_loop_group_10	update_halo_kernel1_b1+update_halo_kernel4_minus_2_a
3618	0.000023184	369120	ops_par_loop_group_11	update_halo_kernel3_plus_4_a+update_halo_kernel2_xvel_plus_4_a+update_halo_kernel2_yvel_minus_4_a
3619	0.000022773	369120	ops_par_loop_group_12	update_halo_kernel3_plus_2_a+update_halo_kernel2_xvel_plus_2_a+update_halo_kernel2_yvel_minus_2_a
3620	0.000019046	123008	ops_par_loop_update_halo_kernel4_minus_4_b_29	update_halo_kernel4_minus_4_b
3621	0.000027062	553536	ops_par_loop_group_14	update_halo_kernel1_t2+update_halo_kernel4_minus_2_b
3622	0.000022132	430528	ops_par_loop_update_halo_kernel1_t1_14	update_halo_kernel1_t1
3623	0.000020810	246080	ops_par_loop_group_16	update_halo_kernel2_xvel_plus_4_b+update_halo_kernel2_yvel_minus_4_b
3624	0.000021912	369120	ops_par_loop_group_17	update_halo_kernel3_plus_4_b+update_halo_kernel2_xvel_plus_2_b+update_halo_kernel2_yvel_minus_2_b
3625	0.000020068	123040	ops_par_loop_update_halo_kernel3_plus_2_b_22	update_halo_kernel3_plus_2_b
3626	0.000027302	553536	ops_par_loop_group_19	update_halo_kernel1_l2+update_halo_kernel3_minus_4_a
3627	0.000027232	553536	ops_par_loop_group_20	update_halo_kernel1_l1+update_halo_kernel3_minus_2_a
3628	0.000022814	123008	ops_par_loop_update_halo_kernel3_minus_4_b_25	update_halo_kernel3_minus_4_b
3629	0.000032051	553536	ops_par_loop_group_22	update_halo_kernel1_r2+update_halo_kernel3_minus_2_b
3630	0.000025088	430528	ops_par_loop_update_halo_kernel1_r1_18	update_halo_kernel1_r1
3631	0.000025428	369120	ops_par_loop_group_24	update_halo_kernel4_plus_4_a+update_halo_kernel2_xvel_minus_4_a+update_halo_kernel2_yvel_plus_4_a
3632	0.000024597	369120	ops_par_loop_group_25	update_halo_kernel4_plus_2_a+update_halo_kernel2_xvel_minus_2_a+update_halo_kernel2_yvel_plus_2_a
3633	0.000026310	246080	ops_par_loop_group_26	update_halo_kernel2_xvel_minus_4_b+update_halo_kernel2_yvel_plus_4_b
3634	0.000024236	369120	ops_par_loop_group_27	update_halo_kernel4_plus_4_b+update_halo_kernel2_xvel_minus_2_b+update_halo_kernel2_yvel_plus_2_b
3635	0.000020579	123040	ops_par_loop_update_halo_kernel4_plus_2_b_34	update_halo_kernel4_plus_2_b
3636	0.000562477	591053440	ops_par_loop_advec_cell_kernel1_ydir_35	advec_cell_kernel1_ydir
3637	0.000795779	708203544	ops_par_loop_advec_cell_kernel3_ydir_36	advec_cell_kernel3_ydir
3638	0.001474797	1533542400	ops_par_loop_advec_cell_kernel4_ydir_37	advec_cell_kernel4_ydir
3639	0.000022773	553536	ops_par_loop_group_32	update_halo_kernel1_b2+update_halo_kernel4_minus_4_a
3640	0.000020959	553536	ops_par_loop_group_33	update_halo_kernel1_b1+update_halo_kernel4_minus_2_a
3641	0.000018295	123008	ops_par_loop_update_halo_kernel4_minus_4_b_64	update_halo_kernel4_minus_4_b
3642	0.000022753	553536	ops_par_loop_group_35	update_halo_kernel1_t2+update_halo_kernel4_minus_2_b
3643	0.000020899	430528	ops_par_loop_update_halo_kernel1_t1_41	update_halo_kernel1_t1
3644	0.000025127	430528	ops_par_loop_update_halo_kernel1_l2_42	update_halo_kernel1_l2
3645	0.000022423	430528	ops_par_loop_update_halo_kernel1_l1_43	update_halo_kernel1_l1
3646	0.000023996	430528	ops_par_loop_update_halo_kernel1_r2_44	update_halo_kernel1_r2
3647	0.000022462	430528	ops_par_loop_update_halo_kernel1_r1_45	update_halo_kernel1_r1
3648	0.000019738	123040	ops_par_loop_update_halo_kernel4_plus_4_a_66	update_halo_kernel4_plus_4_a
3649	0.000019156	123040	ops_par_loop_update_halo_kernel4_plus_2_a_67	update_halo_kernel4_plus_2_a
3650	0.000019166	123040	ops_par_loop_update_halo_kernel4_plus_4_b_68	update_halo_kernel4_plus_4_b
3651	0.000018354	123040	ops_par_loop_update_halo_kernel4_plus_2_b_69	update_halo_kernel4_plus_2_b
3652	0.000561274	591053440	ops_par_loop_advec_mom_kernel_y1_70	advec_mom_kernel_y1
3653	0.000191493	236236864	ops_par_loop_advec_mom_kernel_mass_flux_y_71	advec_mom_kernel_mass_flux_y
3654	0.000534293	590438520	ops_par_loop_advec_mom_kernel_post_pre_advec_y_72	advec_mom_kernel_post_pre_advec_y
3655	0.000884087	472258640	ops_par_loop_advec_mom_kernel1_y_nonvector_73	advec_mom_kernel1_y_nonvector
3656	0.000447609	590131240	ops_par_loop_advec_mom_kernel2_y_74	advec_mom_kernel2_y
3657	0.000562507	591053440	ops_par_loop_advec_mom_kernel_y1_75	advec_mom_kernel_y1
3658	0.000191363	236236864	ops_par_loop_advec_mom_kernel_mass_flux_y_76	advec_mom_kernel_mass_flux_y
3659	0.000532219	590438520	ops_par_loop_advec_mom_kernel_post_pre_advec_y_77	advec_mom_kernel_post_pre_advec_y
3660	0.000875381	472258640	ops_par_loop_advec_mom_kernel1_y_nonvector_78	advec_mom_kernel1_y_nonvector
3661	0.000443402	590131240	ops_par_loop_advec_mom_kernel2_y_79	advec_mom_kernel2_y
3662	0.000490831	472842752	ops_par_loop_advec_cell_kernel2_xdir_80	advec_cell_kernel2_xdir
3663	0.000773367	708203544	ops_par_loop_advec_cell_kernel3_xdir_81	advec_cell_kernel3_xdir
3664	0.001468496	1533542400	ops_par_loop_advec_cell_kernel4_xdir_82	advec_cell_kernel4_xdir
3665	0.000022612	553536	ops_par_loop_group_58	update_halo_kernel1_b2+update_halo_kernel4_minus_4_a
3666	0.000021230	553536	ops_par_loop_group_59	update_halo_kernel1_b1+update_halo_kernel4_minus_2_a
3667	0.000022343	369120	ops_par_loop_group_60	update_halo_kernel2_xvel_plus_4_a+update_halo_kernel2_yvel_minus_4_a+update_halo_kernel3_plus_4_a
3668	0.000021861	369120	ops_par_loop_group_61	update_halo_kernel2_xvel_plus_2_a+update_halo_kernel2_yvel_minus_2_a+update_halo_kernel3_plus_2_a
3669	0.000018885	246080	ops_par_loop_group_62	update_halo_kernel2_xvel_plus_4_b+update_halo_kernel2_yvel_minus_4_b
3670	0.000020308	369120	ops_par_loop_group_63	update_halo_kernel2_xvel_plus_2_b+update_halo_kernel2_yvel_minus_2_b+update_halo_kernel3_plus_4_b
3671	0.000021851	246080	ops_par_loop_group_64	update_halo_kernel2_xvel_minus_4_b+update_halo_kernel2_yvel_plus_4_b
3672	0.000019236	123040	ops_par_loop_update_halo_kernel3_plus_2_b_110	update_halo_kernel3_plus_2_b
3673	0.000019176	123008	ops_par_loop_update_halo_kernel3_minus_4_b_113	update_halo_kernel3_minus_4_b
3674	0.000018435	123008	ops_par_loop_update_halo_kernel4_minus_4_b_117	update_halo_kernel4_minus_4_b
3675	0.000021611	553536	ops_par_loop_group_68	update_halo_kernel1_t2+update_halo_kernel4_minus_2_b
3676	0.000019928	430528	ops_par_loop_update_halo_kernel1_t1_86	update_halo_kernel1_t1
3677	0.000025989	553536	ops_par_loop_group_70	update_halo_kernel1_l2+update_halo_kernel3_minus_4_a
3678	0.000023815	553536	ops_par_loop_group_71	update_halo_kernel1_l1+update_halo_kernel3_minus_2_a
3679	0.000024487	553536	ops_par_loop_group_72	update_halo_kernel1_r2+update_halo_kernel3_minus_2_b
3680	0.000021521	430528	ops_par_loop_update_halo_kernel1_r1_90	update_halo_kernel1_r1
3681	0.000023544	369120	ops_par_loop_group_74	update_halo_kernel2_xvel_minus_4_a+update_halo_kernel2_yvel_plus_4_a+update_halo_kernel4_plus_4_a
3682	0.000021100	369120	ops_par_loop_group_75	update_halo_kernel2_xvel_minus_2_a+update_halo_kernel2_yvel_plus_2_a+update_halo_kernel4_plus_2_a
3683	0.000022252	369120	ops_par_loop_group_76	update_halo_kernel2_xvel_minus_2_b+update_halo_kernel2_yvel_plus_2_b+update_halo_kernel4_plus_4_b
3684	0.000018845	123040	ops_par_loop_update_halo_kernel4_plus_2_b_122	update_halo_kernel4_plus_2_b
3685	0.001792731	1416561152	ops_par_loop_group_78	advec_mom_kernel_x2+reset_field_kernel1+ideal_gas_kernel
3686	0.000196733	236236864	ops_par_loop_advec_mom_kernel_mass_flux_x_124	advec_mom_kernel_mass_flux_x
3687	0.000576764	590438520	ops_par_loop_advec_mom_kernel_post_pre_advec_x_125	advec_mom_kernel_post_pre_advec_x
3688	0.000884999	472258640	ops_par_loop_advec_mom_kernel1_x_nonvector_126	advec_mom_kernel1_x_nonvector
3689	0.000449633	590131240	ops_par_loop_advec_mom_kernel2_x_127	advec_mom_kernel2_x
3690	0.000499317	472842752	ops_par_loop_advec_mom_kernel_x2_128	advec_mom_kernel_x2
3691	0.000194549	236236864	ops_par_loop_advec_mom_kernel_mass_flux_x_129	advec_mom_kernel_mass_flux_x
3692	0.000572917	590438520	ops_par_loop_advec_mom_kernel_post_pre_advec_x_130	advec_mom_kernel_post_pre_advec_x
3693	0.000883436	472258640	ops_par_loop_advec_mom_kernel1_x_nonvector_131	advec_mom_kernel1_x_nonvector
3694	0.000732420	1062236232	ops_par_loop_group_87	advec_mom_kernel2_x+reset_field_kernel2
3695	0.000023274	430304	ops_par_loop_update_halo_kernel1_b1_136	update_halo_kernel1_b1
3696	0.000021601	430304	ops_par_loop_update_halo_kernel1_t1_137	update_halo_kernel1_t1
3697	0.000024386	430304	ops_par_loop_update_halo_kernel1_l1_138	update_halo_kernel1_l1
3698	0.000024006	430304	ops_par_loop_update_halo_kernel1_r1_139	update_halo_kernel1_r1
3699	0.000019507	245952	ops_par_loop_group_92	update_halo_kernel2_xvel_plus_2_a+update_halo_kernel2_yvel_minus_2_a
3700	0.000019256	245952	ops_par_loop_group_93	update_halo_kernel2_xvel_plus_2_b+update_halo_kernel2_yvel_minus_2_b
3701	0.000021360	245952	ops_par_loop_group_94	update_halo_kernel2_xvel_minus_2_a+update_halo_kernel2_yvel_plus_2_a
3702	0.000020459	245952	ops_par_loop_group_95	update_halo_kernel2_xvel_minus_2_b+update_halo_kernel2_yvel_plus_2_b
3703	0.001735572	589885440	ops_par_loop_viscosity_kernel_148	viscosity_kernel
3704	0.000022342	430304	ops_par_loop_update_halo_kernel1_b1_149	update_halo_kernel1_b1
3705	0.000020368	430304	ops_par_loop_update_halo_kernel1_t1_150	update_halo_kernel1_t1
3706	0.000023094	430304	ops_par_loop_update_halo_kernel1_l1_151	update_halo_kernel1_l1
3707	0.000024477	430304	ops_par_loop_update_halo_kernel1_r1_152	update_halo_kernel1_r1
3708	0.000917321	1061744640	ops_par_loop_calc_dt_kernel_153	calc_dt_kernel
3709	0.001490988	1887436800	ops_par_loop_group_0	PdV_kernel_predict+ideal_gas_kernel
3710	0.000022723	430304	ops_par_loop_update_halo_kernel1_b1_2	update_halo_kernel1_b1
3711	0.000021300	430304	ops_par_loop_update_halo_kernel1_t1_3	update_halo_kernel1_t1
3712	0.000025478	430304	ops_par_loop_update_halo_kernel1_l1_4	update_halo_kernel1_l1
3713	0.000025338	430304	ops_par_loop_update_halo_kernel1_r1_5	update_halo_kernel1_r1
3714	0.001560481	1770147928	ops_par_loop_group_5	revert_kernel+accelerate_kernel
3715	0.001365040	1651507200	ops_par_loop_PdV_kernel_nopredict_8	PdV_kernel_nopredict
3716	0.000362808	471982080	ops_par_loop_flux_calc_kernelx_9	flux_calc_kernelx
3717	0.000356767	471982080	ops_par_loop_flux_calc_kernely_10	flux_calc_kernely
3718	0.000023535	553536	ops_par_loop_group_9	update_halo_kernel1_b2+update_halo_kernel4_minus_4_a
3719	0.000021571	553536	ops_par_loop_group_10	update_halo_kernel1_b1+update_halo_kernel4_minus_2_a
3720	0.000021762	369120	ops_par_loop_group_11	update_halo_kernel3_plus_4_a+update_halo_kernel2_xvel_plus_4_a+update_halo_kernel2_yvel_minus_4_a
3721	0.000021591	369120	ops_par_loop_group_12	update_halo_kernel3_plus_2_a+update_halo_kernel2_xvel_plus_2_a+update_halo_kernel2_yvel_minus_2_a
3722	0.000019217	123008	ops_par_loop_update_halo_kernel4_minus_4_b_29	update_halo_kernel4_minus_4_b
3723	0.000021561	553536	ops_par_loop_group_14	update_halo_kernel1_t2+update_halo_kernel4_minus_2_b
3724	0.000019868	430528	ops_par_loop_update_halo_kernel1_t1_14	update_halo_kernel1_t1
3725	0.000020619	246080	ops_par_loop_group_16	update_halo_kernel2_xvel_plus_4_b+update_halo_kernel2_yvel_minus_4_b
3726	0.000019998	369120	ops_par_loop_group_17	update_halo_kernel3_plus_4_b+update_halo_kernel2_xvel_plus_2_b+update_halo_kernel2_yvel_minus_2_b
3727	0.000019557	123040	ops_par_loop_update_halo_kernel3_plus_2_b_22	update_halo_kernel3_plus_2_b
3728	0.000025449	553536	ops_par_loop_group_19	update_halo_kernel1_l2+update_halo_kernel3_minus_4_a
3729	0.000023525	553536	ops_par_loop_group_20	update_halo_kernel1_l1+update_halo_kernel3_minus_2_a
3730	0.000018976	123008	ops_par_loop_update_halo_kernel3_minus_4_b_25	update_halo_kernel3_minus_4_b
3731	0.000024677	553536	ops_par_loop_group_22	update_halo_kernel1_r2+update_halo_kernel3_minus_2_b
3732	0.000021961	430528	ops_par_loop_update_halo_kernel1_r1_18	update_halo_kernel1_r1
3733	0.000023084	369120	ops_par_loop_group_24	update_halo_kernel4_plus_4_a+update_halo_kernel2_xvel_minus_4_a+update_halo_kernel2_yvel_plus_4_a
3734	0.000021280	369120	ops_par_loop_group_25	update_halo_kernel4_plus_2_a+update_halo_kernel2_xvel_minus_2_a+update_halo_kernel2_yvel_plus_2_a
3735	0.000021100	246080	ops_par_loop_group_26	update_halo_kernel2_xvel_minus_4_b+update_halo_kernel2_yvel_plus_4_b
3736	0.000022673	369120	ops_par_loop_group_27	update_halo_kernel4_plus_4_b+update_halo_kernel2_xvel_minus_2_b+update_halo_kernel2_yvel_plus_2_b
3737	0.000018515	123040	ops_par_loop_update_halo_kernel4_plus_2_b_34	update_halo_kernel4_plus_2_b
3738	0.000563028	591053440	ops_par_loop_advec_cell_kernel1_xdir_35	advec_cell_kernel1_xdir
3739	0.000772996	708203544	ops_par_loop_advec_cell_kernel3_xdir_36	advec_cell_kernel3_xdir
3740	0.001461512	1533542400	ops_par_loop_advec_cell_kernel4_xdir_37	advec_cell_kernel4_xdir
3741	0.000021571	430528	ops_par_loop_update_halo_kernel1_b2_38	update_halo_kernel1_b2
3742	0.000019607	430528	ops_par_loop_update_halo_kernel1_b1_39	update_halo_kernel1_b1
3743	0.000020740	430528	ops_par_loop_update_halo_kernel1_t2_40	update_halo_kernel1_t2
3744	0.000020168	430528	ops_par_loop_update_halo_kernel1_t1_41	update_halo_kernel1_t1
3745	0.000018856	123040	ops_par_loop_update_halo_kernel3_plus_4_a_62	update_halo_kernel3_plus_4_a
3746	0.000018375	123040	ops_par_loop_update_halo_kernel3_plus_2_a_63	update_halo_kernel3_plus_2_a
3747	0.000018445	123040	ops_par_loop_update_halo_kernel3_plus_4_b_64	update_halo_kernel3_plus_4_b
3748	0.000024256	123040	ops_par_loop_update_halo_kernel3_plus_2_b_65	update_halo_kernel3_plus_2_b
3749	0.000026140	553536	ops_par_loop_group_40	update_halo_kernel1_l2+update_halo_kernel3_minus_4_a
3750	0.000023044	553536	ops_par_loop_group_41	update_halo_kernel1_l1+update_halo_kernel3_minus_2_a
3751	0.000019187	123008	ops_par_loop_update_halo_kernel3_minus_4_b_68	update_halo_kernel3_minus_4_b
3752	0.000024787	553536	ops_par_loop_group_43	update_halo_kernel1_r2+update_halo_kernel3_minus_2_b
3753	0.000021471	430528	ops_par_loop_update_halo_kernel1_r1_45	update_halo_kernel1_r1
3754	0.000562928	591053440	ops_par_loop_advec_mom_kernel_x1_70	advec_mom_kernel_x1
3755	0.000194429	236236864	ops_par_loop_advec_mom_kernel_mass_flux_x_71	advec_mom_kernel_mass_flux_x
3756	0.000574009	590438520	ops_par_loop_advec_mom_kernel_post_pre_advec_x_72	advec_mom_kernel_post_pre_advec_x
3757	0.000883446	472258640	ops_par_loop_advec_mom_kernel1_x_nonvector_73	advec_mom_kernel1_x_nonvector
3758	0.000449873	590131240	ops_par_loop_advec_mom_kernel2_x_74	advec_mom_kernel2_x
3759	0.000562096	591053440	ops_par_loop_advec_mom_kernel_x1_75	advec_mom_kernel_x1
3760	0.000193847	236236864	ops_par_loop_advec_mom_kernel_mass_flux_x_76	advec_mom_kernel_mass_flux_x
3761	0.000575341	590438520	ops_par_loop_advec_mom_kernel_post_pre_advec_x_77	advec_mom_kernel_post_pre_advec_x
3762	0.000884477	472258640	ops_par_loop_advec_mom_kernel1_x_nonvector_78	advec_mom_kernel1_x_nonvector
3763	0.000449743	590131240	ops_par_loop_advec_mom_kernel2_x_79	advec_mom_kernel2_x
3764	0.000498415	472842752	ops_par_loop_advec_cell_kernel2_ydir_80	advec_cell_kernel2_ydir
3765	0.000789638	708203544	ops_par_loop_advec_cell_kernel3_ydir_81	advec_cell_kernel3_ydir
3766	0.001475098	1533542400	ops_par_loop_advec_cell_kernel4_ydir_82	advec_cell_kernel4_ydir
3767	0.000022613	553536	ops_par_loop_group_58	update_halo_kernel1_b2+update_halo_kernel4_minus_4_a
3768	0.000021481	553536	ops_par_loop_group_59	update_halo_kernel1_b1+update_halo_kernel4_minus_2_a
3769	0.000021140	369120	ops_par_loop_group_60	update_halo_kernel2_xvel_plus_4_a+update_halo_kernel2_yvel_minus_4_a+update_halo_kernel3_plus_4_a
3770	0.000020619	369120	ops_par_loop_group_61	update_halo_kernel2_xvel_plus_2_a+update_halo_kernel2_yvel_minus_2_a+update_halo_kernel3_plus_2_a
3771	0.000019046	246080	ops_par_loop_group_62	update_halo_kernel2_xvel_plus_4_b+update_halo_kernel2_yvel_minus_4_b
3772	0.000020489	369120	ops_par_loop_group_63	update_halo_kernel2_xvel_plus_2_b+update_halo_kernel2_yvel_minus_2_b+update_halo_kernel3_plus_4_b
3773	0.000022182	246080	ops_par_loop_group_64	update_halo_kernel2_xvel_minus_4_b+update_halo_kernel2_yvel_plus_4_b
3774	0.000019357	123040	ops_par_loop_update_halo_kernel3_plus_2_b_110	update_halo_kernel3_plus_2_b
3775	0.000019246	123008	ops_par_loop_update_halo_kernel3_minus_4_b_113	update_halo_kernel3_minus_4_b
3776	0.000018014	123008	ops_par_loop_update_halo_kernel4_minus_4_b_117	update_halo_kernel4_minus_4_b
3777	0.000020700	553536	ops_par_loop_group_68	update_halo_kernel1_t2+update_halo_kernel4_minus_2_b
3778	0.000020469	430528	ops_par_loop_update_halo_kernel1_t1_86	update_halo_kernel1_t1
3779	0.000027312	553536	ops_par_loop_group_70	update_halo_kernel1_l2+update_halo_kernel3_minus_4_a
3780	0.000022643	553536	ops_par_loop_group_71	update_halo_kernel1_l1+update_halo_kernel3_minus_2_a
3781	0.000024767	553536	ops_par_loop_group_72	update_halo_kernel1_r2+update_halo_kernel3_minus_2_b
3782	0.000022172	430528	ops_par_loop_update_halo_kernel1_r1_90	update_halo_kernel1_r1
3783	0.000023284	369120	ops_par_loop_group_74	update_halo_kernel2_xvel_minus_4_a+update_halo_kernel2_yvel_plus_4_a+update_halo_kernel4_plus_4_a
3784	0.000021872	369120	ops_par_loop_group_75	update_halo_kernel2_xvel_minus_2_a+update_halo_kernel2_yvel_plus_2_a+update_halo_kernel4_plus_2_a
3785	0.000022893	369120	ops_par_loop_group_76	update_halo_kernel2_xvel_minus_2_b+update_halo_kernel2_yvel_plus_2_b+update_halo_kernel4_plus_4_b
3786	0.000019167	123040	ops_par_loop_update_halo_kernel4_plus_2_b_122	update_halo_kernel4_plus_2_b
3787	0.001788703	1416561152	ops_par_loop_group_78	advec_mom_kernel_y2+reset_field_kernel1+ideal_gas_kernel
3788	0.000195100	236236864	ops_par_loop_advec_mom_kernel_mass_flux_y_124	advec_mom_kernel_mass_flux_y
3789	0.000532711	590438520	ops_par_loop_advec_mom_kernel_post_pre_advec_y_125	advec_mom_kernel_post_pre_advec_y
3790	0.000878697	472258640	ops_par_loop_advec_mom_kernel1_y_nonvector_126	advec_mom_kernel1_y_nonvector
3791	0.000442469	590131240	ops_par_loop_advec_mom_kernel2_y_127	advec_mom_kernel2_y
3792	0.000491683	472842752	ops_par_loop_advec_mom_kernel_y2_128	advec_mom_kernel_y2
3793	0.000192255	236236864	ops_par_loop_advec_mom_kernel_mass_flux_y_129	advec_mom_kernel_mass_flux_y
3794	0.000532761	590438520	ops_par_loop_advec_mom_kernel_post_pre_advec_y_130	advec_mom_kernel_post_pre_advec_y
3795	0.000875461	472258640	ops_par_loop_advec_mom_kernel1_y_nonvector_131	advec_mom_kernel1_y_nonvector
3796	0.000733882	1062236232	ops_par_loop_group_87	advec_mom_kernel2_y+reset_field_kernel2
3797	0.000022122	430304	ops_par_loop_update_halo_kernel1_b1_136	update_halo_kernel1_b1
3798	0.000019838	430304	ops_par_loop_update_halo_kernel1_t1_137	update_halo_kernel1_t1
3799	0.000025328	430304	ops_par_loop_update_halo_kernel1_l1_138	update_halo_kernel1_l1
3800	0.000022983	430304	ops_par_loop_update_halo_kernel1_r1_139	update_halo_kernel1_r1
3801	0.000018856	245952	ops_par_loop_group_92	update_halo_kernel2_xvel_plus_2_a+update_halo_kernel2_yvel_minus_2_a
3802	0.000019717	245952	ops_par_loop_group_93	update_halo_kernel2_xvel_plus_2_b+update_halo_kernel2_yvel_minus_2_b
3803	0.000021019	245952	ops_par_loop_group_94	update_halo_kernel2_xvel_minus_2_a+update_halo_kernel2_yvel_plus_2_a
3804	0.000020920	245952	ops_par_loop_group_95	update_halo_kernel2_xvel_minus_2_b+update_halo_kernel2_yvel_plus_2_b
3805	0.001734591	589885440	ops_par_loop_viscosity_kernel_148	viscosity_kernel
3806	0.000021842	430304	ops_par_loop_update_halo_kernel1_b1_149	update_halo_kernel1_b1
3807	0.000021050	430304	ops_par_loop_update_halo_kernel1_t1_150	update_halo_kernel1_t1
3808	0.000023825	430304	ops_par_loop_update_halo_kernel1_l1_151	update_halo_kernel1_l1
3809	0.000022563	430304	ops_par_loop_update_halo_kernel1_r1_152	update_halo_kernel1_r1
3810	0.000917080	1061744640	ops_par_loop_calc_dt_kernel_153	calc_dt_kernel
3811	0.001485157	1887436800	ops_par_loop_group_0	PdV_kernel_predict+ideal_gas_kernel
3812	0.000023234	430304	ops_par_loop_update_halo_kernel1_b1_2	update_halo_kernel1_b1
3813	0.000020649	430304	ops_par_loop_update_halo_kernel1_t1_3	update_halo_kernel1_t1
3814	0.000023875	430304	ops_par_loop_update_halo_kernel1_l1_4	update_halo_kernel1_l1
3815	0.000024286	430304	ops_par_loop_update_halo_kernel1_r1_5	update_halo_kernel1_r1
3816	0.001560300	1770147928	ops_par_loop_group_5	revert_kernel+accelerate_kernel
3817	0.001357124	1651507200	ops_par_loop_PdV_kernel_nopredict_8	PdV_kernel_nopredict
3818	0.000362928	471982080	ops_par_loop_flux_calc_kernelx_9	flux_calc_kernelx
3819	0.000358150	471982080	ops_par_loop_flux_calc_kernely_10	flux_calc_kernely
3820	0.000022132	553536	ops_par_loop_group_9	update_halo_kernel1_b2+update_halo_kernel4_minus_4_a
3821	0.000020709	553536	ops_par_loop_group_10	update_halo_kernel1_b1+update_halo_kernel4_minus_2_a
3822	0.000022021	369120	ops_par_loop_group_11	update_halo_kernel3_plus_4_a+update_halo_kernel2_xvel_plus_4_a+update_halo_kernel2_yvel_minus_4_a
3823	0.000020879	369120	ops_par_loop_group_12	update_halo_kernel3_plus_2_a+update_halo_kernel2_xvel_plus_2_a+update_halo_kernel2_yvel_minus_2_a
3824	0.000019568	123008	ops_par_loop_update_halo_kernel4_minus_4_b_29	update_halo_kernel4_minus_4_b
3825	0.000020609	553536	ops_par_loop_group_14	update_halo_kernel1_t2+update_halo_kernel4_minus_2_b
3826	0.000019998	430528	ops_par_loop_update_halo_kernel1_t1_14	update_halo_kernel1_t1
3827	0.000020058	246080	ops_par_loop_group_16	update_halo_kernel2_xvel_plus_4_b+update_halo_kernel2_yvel_minus_4_b
3828	0.000021501	369120	ops_par_loop_group_17	update_halo_kernel3_plus_4_b+update_halo_kernel2_xvel_plus_2_b+update_halo_kernel2_yvel_minus_2_b
3829	0.000018806	123040	ops_par_loop_update_halo_kernel3_plus_2_b_22	update_halo_kernel3_plus_2_b
3830	0.000026140	553536	ops_par_loop_group_19	update_halo_kernel1_l2+update_halo_kernel3_minus_4_a
3831	0.000023354	553536	ops_par_loop_group_20	update_halo_kernel1_l1+update_halo_kernel3_minus_2_a
3832	0.000019006	123008	ops_par_loop_update_halo_kernel3_minus_4_b_25	update_halo_kernel3_minus_4_b
3833	0.000024246	553536	ops_par_loop_group_22	update_halo_kernel1_r2+update_halo_kernel3_minus_2_b
3834	0.000021171	430528	ops_par_loop_update_halo_kernel1_r1_18	update_halo_kernel1_r1
3835	0.000023675	369120	ops_par_loop_group_24	update_halo_kernel4_plus_4_a+update_halo_kernel2_xvel_minus_4_a+update_halo_kernel2_yvel_plus_4_a
3836	0.000021651	369120	ops_par_loop_group_25	update_halo_kernel4_plus_2_a+update_halo_kernel2_xvel_minus_2_a+update_halo_kernel2_yvel_plus_2_a
3837	0.000020810	246080	ops_par_loop_group_26	update_halo_kernel2_xvel_minus_4_b+update_halo_kernel2_yvel_plus_4_b
3838	0.000021922	369120	ops_par_loop_group_27	update_halo_kernel4_plus_4_b+update_halo_kernel2_xvel_minus_2_b+update_halo_kernel2_yvel_plus_2_b
3839	0.000018675	123040	ops_par_loop_update_halo_kernel4_plus_2_b_34	update_halo_kernel4_plus_2_b
3840	0.000563569	591053440	ops_par_loop_advec_cell_kernel1_ydir_35	advec_cell_kernel1_ydir
3841	0.000789177	708203544	ops_par_loop_advec_cell_kernel3_ydir_36	advec_cell_kernel3_ydir
3842	0.001476892	1533542400	ops_par_loop_advec_cell_kernel4_ydir_37	advec_cell_kernel4_ydir
3843	0.000022924	553536	ops_par_loop_group_32	update_halo_kernel1_b2+update_halo_kernel4_minus_4_a
3844	0.000020830	553536	ops_par_loop_group_33	update_halo_kernel1_b1+update_halo_kernel4_minus_2_a
3845	0.000018034	123008	ops_par_loop_update_halo_kernel4_minus_4_b_64	update_halo_kernel4_minus_4_b
3846	0.000021852	553536	ops_par_loop_group_35	update_halo_kernel1_t2+update_halo_kernel4_minus_2_b
3847	0.000019958	430528	ops_par_loop_update_halo_kernel1_t1_41	update_halo_kernel1_t1
3848	0.000023614	430528	ops_par_loop_update_halo_kernel1_l2_42	update_halo_kernel1_l2
3849	0.000021161	430528	ops_par_loop_update_halo_kernel1_l1_43	update_halo_kernel1_l1
3850	0.000022583	430528	ops_par_loop_update_halo_kernel1_r2_44	update_halo_kernel1_r2
3851	0.000021371	430528	ops_par_loop_update_halo_kernel1_r1_45	update_halo_kernel1_r1
3852	0.000018826	123040	ops_par_loop_update_halo_kernel4_plus_4_a_66	update_halo_kernel4_plus_4_a
3853	0.000017984	123040	ops_par_loop_update_halo_kernel4_plus_2_a_67	update_halo_kernel4_plus_2_a
3854	0.000019317	123040	ops_par_loop_update_halo_kernel4_plus_4_b_68	update_halo_kernel4_plus_4_b
3855	0.000018515	123040	ops_par_loop_update_halo_kernel4_plus_2_b_69	update_halo_kernel4_plus_2_b
3856	0.000563218	591053440	ops_par_loop_advec_mom_kernel_y1_70	advec_mom_kernel_y1
3857	0.000191964	236236864	ops_par_loop_advec_mom_kernel_mass_flux_y_71	advec_mom_kernel_mass_flux_y
3858	0.000532200	590438520	ops_par_loop_advec_mom_kernel_post_pre_advec_y_72	advec_mom_kernel_post_pre_advec_y
3859	0.000877975	472258640	ops_par_loop_advec_mom_kernel1_y_nonvector_73	advec_mom_kernel1_y_nonvector
3860	0.000448471	590131240	ops_par_loop_advec_mom_kernel2_y_74	advec_mom_kernel2_y
3861	0.000561495	591053440	ops_par_loop_advec_mom_kernel_y1_75	advec_mom_kernel_y1
3862	0.000191844	236236864	ops_par_loop_advec_mom_kernel_mass_flux_y_76	advec_mom_kernel_mass_flux_y
3863	0.000531729	590438520	ops_par_loop_advec_mom_kernel_post_pre_advec_y_77	advec_mom_kernel_post_pre_advec_y
3864	0.000877635	472258640	ops_par_loop_advec_mom_kernel1_y_nonvector_78	advec_mom_kernel1_y_nonvector
3865	0.000447348	590131240	ops_par_loop_advec_mom_kernel2_y_79	advec_mom_kernel2_y
3866	0.000491893	472842752	ops_par_loop_advec_cell_kernel2_xdir_80	advec_cell_kernel2_xdir
3867	0.000772696	708203544	ops_par_loop_advec_cell_kernel3_xdir_81	advec_cell_kernel3_xdir
3868	0.001463667	1533542400	ops_par_loop_advec_cell_kernel4_xdir_82	advec_cell_kernel4_xdir
3869	0.000027532	553536	ops_par_loop_group_58	update_halo_kernel1_b2+update_halo_kernel4_minus_4_a
3870	0.000024757	553536	ops_par_loop_group_59	update_halo_kernel1_b1+update_halo_kernel4_minus_2_a
3871	0.000026380	369120	ops_par_loop_group_60	update_halo_kernel2_xvel_plus_4_a+update_halo_kernel2_yvel_minus_4_a+update_halo_kernel3_plus_4_a
3872	0.000025008	369120	ops_par_loop_group_61	update_halo_kernel2_xvel_plus_2_a+update_halo_kernel2_yvel_minus_2_a+update_halo_kernel3_plus_2_a
3873	0.000020930	246080	ops_par_loop_group_62	update_halo_kernel2_xvel_plus_4_b+update_halo_kernel2_yvel_minus_4_b
3874	0.000023234	369120	ops_par_loop_group_63	update_halo_kernel2_xvel_plus_2_b+update_halo_kernel2_yvel_minus_2_b+update_halo_kernel3_plus_4_b
3875	0.000024997	246080	ops_par_loop_group_64	update_halo_kernel2_xvel_minus_4_b+update_halo_kernel2_yvel_plus_4_b
3876	0.000021401	123040	ops_par_loop_update_halo_kernel3_plus_2_b_110	update_halo_kernel3_plus_2_b
3877	0.000022202	123008	ops_par_loop_update_halo_kernel3_minus_4_b_113	update_halo_kernel3_minus_4_b
3878	0.000019918	123008	ops_par_loop_update_halo_kernel4_minus_4_b_117	update_halo_kernel4_minus_4_b
3879	0.000026150	553536	ops_par_loop_group_68	update_halo_kernel1_t2+update_halo_kernel4_minus_2_b
3880	0.000024727	430528	ops_par_loop_update_halo_kernel1_t1_86	update_halo_kernel1_t1
3881	0.000031039	553536	ops_par_loop_group_70	update_halo_kernel1_l2+update_halo_kernel3_minus_4_a
3882	0.000028764	553536	ops_par_loop_group_71	update_halo_kernel1_l1+update_halo_kernel3_minus_2_a
3883	0.000028073	553536	ops_par_loop_group_72	update_halo_kernel1_r2+update_halo_kernel3_minus_2_b
3884	0.000023945	430528	ops_par_loop_update_halo_kernel1_r1_90	update_halo_kernel1_r1
3885	0.000028444	369120	ops_par_loop_group_74	update_halo_kernel2_xvel_minus_4_a+update_halo_kernel2_yvel_plus_4_a+update_halo_kernel4_plus_4_a
3886	0.000026931	369120	ops_par_loop_group_75	update_halo_kernel2_xvel_minus_2_a+update_halo_kernel2_yvel_plus_2_a+update_halo_kernel4_plus_2_a
3887	0.000024356	369120	ops_par_loop_group_76	update_halo_kernel2_xvel_minus_2_b+update_halo_kernel2_yvel_plus_2_b+update_halo_kernel4_plus_4_b
3888	0.000020258	123040	ops_par_loop_update_halo_kernel4_plus_2_b_122	update_halo_kernel4_plus_2_b
3889	0.001785648	1416561152	ops_par_loop_group_78	advec_mom_kernel_x2+reset_field_kernel1+ideal_gas_kernel
3890	0.000197094	236236864	ops_par_loop_advec_mom_kernel_mass_flux_x_124	advec_mom_kernel_mass_flux_x
3891	0.000577406	590438520	ops_par_loop_advec_mom_kernel_post_pre_advec_x_125	advec_mom_kernel_post_pre_advec_x
3892	0.000883396	472258640	ops_par_loop_advec_mom_kernel1_x_nonvector_126	advec_mom_kernel1_x_nonvector
3893	0.000447689	590131240	ops_par_loop_advec_mom_kernel2_x_127	advec_mom_kernel2_x
3894	0.000497264	472842752	ops_par_loop_advec_mom_kernel_x2_128	advec_mom_kernel_x2
3895	0.000195000	236236864	ops_par_loop_advec_mom_kernel_mass_flux_x_129	advec_mom_kernel_mass_flux_x
3896	0.000573628	590438520	ops_par_loop_advec_mom_kernel_post_pre_advec_x_130	advec_mom_kernel_post_pre_advec_x
3897	0.000883836	472258640	ops_par_loop_advec_mom_kernel1_x_nonvector_131	advec_mom_kernel1_x_nonvector
3898	0.000732650	1062236232	ops_par_loop_group_87	advec_mom_kernel2_x+reset_field_kernel2
3899	0.000021471	430304	ops_par_loop_update_halo_kernel1_b1_136	update_halo_kernel1_b1
3900	0.000020669	430304	ops_par_loop_update_halo_kernel1_t1_137	update_halo_kernel1_t1
3901	0.000023745	430304	ops_par_loop_update_halo_kernel1_l1_138	update_halo_kernel1_l1
3902	0.000024055	430304	ops_par_loop_update_halo_kernel1_r1_139	update_halo_kernel1_r1
3903	0.000019788	245952	ops_par_loop_group_92	update_halo_kernel2_xvel_plus_2_a+update_halo_kernel2_yvel_minus_2_a
3904	0.000019547	245952	ops_par_loop_group_93	update_halo_kernel2_xvel_plus_2_b+update_halo_kernel2_yvel_minus_2_b
3905	0.000020069	245952	ops_par_loop_group_94	update_halo_kernel2_xvel_minus_2_a+update_halo_kernel2_yvel_plus_2_a
3906	0.000020859	245952	ops_par_loop_group_95	update_halo_kernel2_xvel_minus_2_b+update_halo_kernel2_yvel_plus_2_b
3907	0.001735392	589885440	ops_par_loop_viscosity_kernel_148	viscosity_kernel
3908	0.000023465	430304	ops_par_loop_update_halo_kernel1_b1_149	update_halo_kernel1_b1
3909	0.000020830	430304	ops_par_loop_update_halo_kernel1_t1_150	update_halo_kernel1_t1
3910	0.000023504	430304	ops_par_loop_update_halo_kernel1_l1_151	update_halo_kernel1_l1
3911	0.000023985	430304	ops_par_loop_update_halo_kernel1_r1_152	update_halo_kernel1_r1
3912	0.000918352	1061744640	ops_par_loop_calc_dt_kernel_153	calc_dt_kernel
3913	0.001499314	1887436800	ops_par_loop_group_0	PdV_kernel_predict+ideal_gas_kernel
3914	0.000026941	430304	ops_par_loop_update_halo_kernel1_b1_2	update_halo_kernel1_b1
3915	0.000023154	430304	ops_par_loop_update_halo_kernel1_t1_3	update_halo_kernel1_t1
3916	0.000027963	430304	ops_par_loop_update_halo_kernel1_l1_4	update_halo_kernel1_l1
3917	0.000028715	430304	ops_par_loop_update_halo_kernel1_r1_5	update_halo_kernel1_r1
3918	0.001559509	1770147928	ops_par_loop_group_5	revert_kernel+accelerate_kernel
3919	0.001363827	1651507200	ops_par_loop_PdV_kernel_nopredict_8	PdV_kernel_nopredict
3920	0.000361175	471982080	ops_par_loop_flux_calc_kernelx_9	flux_calc_kernelx
3921	0.000359472	471982080	ops_par_loop_flux_calc_kernely_10	flux_calc_kernely
3922	0.000022633	553536	ops_par_loop_group_9	update_halo_kernel1_b2+update_halo_kernel4_minus_4_a
3923	0.000021000	553536	ops_par_loop_group_10	update_halo_kernel1_b1+update_halo_kernel4_minus_2_a
3924	0.000021671	369120	ops_par_loop_group_11	update_halo_kernel3_plus_4_a+update_halo_kernel2_xvel_plus_4_a+update_halo_kernel2_yvel_minus_4_a
3925	0.000020369	369120	ops_par_loop_group_12	update_halo_kernel3_plus_2_a+update_halo_kernel2_xvel_plus_2_a+update_halo_kernel2_yvel_minus_2_a
3926	0.000017854	123008	ops_par_loop_update_halo_kernel4_minus_4_b_29	update_halo_kernel4_minus_4_b
3927	0.000021932	553536	ops_par_loop_group_14	update_halo_kernel1_t2+update_halo_kernel4_minus_2_b
3928	0.000019737	430528	ops_par_loop_update_halo_kernel1_t1_14	update_halo_kernel1_t1
3929	0.000019948	246080	ops_par_loop_group_16	update_halo_kernel2_xvel_plus_4_b+update_halo_kernel2_yvel_minus_4_b
3930	0.000020379	369120	ops_par_loop_group_17	update_halo_kernel3_plus_4_b+update_halo_kernel2_xvel_plus_2_b+update_halo_kernel2_yvel_minus_2_b
3931	0.000019276	123040	ops_par_loop_update_halo_kernel3_plus_2_b_22	update_halo_kernel3_plus_2_b
3932	0.000025719	553536	ops_par_loop_group_19	update_halo_kernel1_l2+update_halo_kernel3_minus_4_a
3933	0.000022873	553536	ops_par_loop_group_20	update_halo_kernel1_l1+update_halo_kernel3_minus_2_a
3934	0.000019106	123008	ops_par_loop_update_halo_kernel3_minus_4_b_25	update_halo_kernel3_minus_4_b
3935	0.000024246	553536	ops_par_loop_group_22	update_halo_kernel1_r2+update_halo_kernel3_minus_2_b
3936	0.000021541	430528	ops_par_loop_update_halo_kernel1_r1_18	update_halo_kernel1_r1
3937	0.000022553	369120	ops_par_loop_group_24	update_halo_kernel4_plus_4_a+update_halo_kernel2_xvel_minus_4_a+update_halo_kernel2_yvel_plus_4_a
3938	0.000021641	369120	ops_par_loop_group_25	update_halo_kernel4_plus_2_a+update_halo_kernel2_xvel_minus_2_a+update_halo_kernel2_yvel_plus_2_a
3939	0.000020860	246080	ops_par_loop_group_26	update_halo_kernel2_xvel_minus_4_b+update_halo_kernel2_yvel_plus_4_b
3940	0.000022543	369120	ops_par_loop_group_27	update_halo_kernel4_plus_4_b+update_halo_kernel2_xvel_minus_2_b+update_halo_kernel2_yvel_plus_2_b
3941	0.000018105	123040	ops_par_loop_update_halo_kernel4_plus_2_b_34	update_halo_kernel4_plus_2_b
3942	0.000565232	591053440	ops_par_loop_advec_cell_kernel1_xdir_35	advec_cell_kernel1_xdir
3943	0.000771964	708203544	ops_par_loop_advec_cell_kernel3_xdir_36	advec_cell_kernel3_xdir
3944	0.001461201	1533542400	ops_par_loop_advec_cell_kernel4_xdir_37	advec_cell_kernel4_xdir
3945	0.000021390	430528	ops_par_loop_update_halo_kernel1_b2_38	update_halo_kernel1_b2
3946	0.000019376	430528	ops_par_loop_update_halo_kernel1_b1_39	update_halo_kernel1_b1
3947	0.000021130	430528	ops_par_loop_update_halo_kernel1_t2_40	update_halo_kernel1_t2
3948	0.000020429	430528	ops_par_loop_update_halo_kernel1_t1_41	update_halo_kernel1_t1
3949	0.000018515	123040	ops_par_loop_update_halo_kernel3_plus_4_a_62	update_halo_kernel3_plus_4_a
3950	0.000018205	123040	ops_par_loop_update_halo_kernel3_plus_2_a_63	update_halo_kernel3_plus_2_a
3951	0.000018385	123040	ops_par_loop_update_halo_kernel3_plus_4_b_64	update_halo_kernel3_plus_4_b
3952	0.000018204	123040	ops_par_loop_update_halo_kernel3_plus_2_b_65	update_halo_kernel3_plus_2_b
3953	0.000025379	553536	ops_par_loop_group_40	update_halo_kernel1_l2+update_halo_kernel3_minus_4_a
3954	0.000023164	553536	ops_par_loop_group_41	update_halo_kernel1_l1+update_halo_kernel3_minus_2_a
3955	0.000018926	123008	ops_par_loop_update_halo_kernel3_minus_4_b_68	update_halo_kernel3_minus_4_b
3956	0.000024006	553536	ops_par_loop_group_43	update_halo_kernel1_r2+update_halo_kernel3_minus_2_b
3957	0.000021191	430528	ops_par_loop_update_halo_kernel1_r1_45	update_halo_kernel1_r1
3958	0.000561145	591053440	ops_par_loop_advec_mom_kernel_x1_70	advec_mom_kernel_x1
3959	0.000194439	236236864	ops_par_loop_advec_mom_kernel_mass_flux_x_71	advec_mom_kernel_mass_flux_x
3960	0.000573548	590438520	ops_par_loop_advec_mom_kernel_post_pre_advec_x_72	advec_mom_kernel_post_pre_advec_x
3961	0.000882655	472258640	ops_par_loop_advec_mom_kernel1_x_nonvector_73	advec_mom_kernel1_x_nonvector
3962	0.000454832	590131240	ops_par_loop_advec_mom_kernel2_x_74	advec_mom_kernel2_x
3963	0.000561405	591053440	ops_par_loop_advec_mom_kernel_x1_75	advec_mom_kernel_x1
3964	0.000193848	236236864	ops_par_loop_advec_mom_kernel_mass_flux_x_76	advec_mom_kernel_mass_flux_x
3965	0.000571915	590438520	ops_par_loop_advec_mom_kernel_post_pre_advec_x_77	advec_mom_kernel_post_pre_advec_x
3966	0.000883636	472258640	ops_par_loop_advec_mom_kernel1_x_nonvector_78	advec_mom_kernel1_x_nonvector
3967	0.000451456	590131240	ops_par_loop_advec_mom_kernel2_x_79	advec_mom_kernel2_x
3968	0.000498456	472842752	ops_par_loop_advec_cell_kernel2_ydir_80	advec_cell_kernel2_ydir
3969	0.000788806	708203544	ops_par_loop_advec_cell_kernel3_ydir_81	advec_cell_kernel3_ydir
3970	0.001472574	1533542400	ops_par_loop_advec_cell_kernel4_ydir_82	advec_cell_kernel4_ydir
3971	0.000022843	553536	ops_par_loop_group_58	update_halo_kernel1_b2+update_halo_kernel4_minus_4_a
3972	0.000020880	553536	ops_par_loop_group_59	update_halo_kernel1_b1+update_halo_kernel4_minus_2_a
3973	0.000021601	369120	ops_par_loop_group_60	update_halo_kernel2_xvel_plus_4_a+update_halo_kernel2_yvel_minus_4_a+update_halo_kernel3_plus_4_a
3974	0.000020660	369120	ops_par_loop_group_61	update_halo_kernel2_xvel_plus_2_a+update_halo_kernel2_yvel_minus_2_a+update_halo_kernel3_plus_2_a
3975	0.000027072	246080	ops_par_loop_group_62	update_halo_kernel2_xvel_plus_4_b+update_halo_kernel2_yvel_minus_4_b
3976	0.000020529	369120	ops_par_loop_group_63	update_halo_kernel2_xvel_plus_2_b+update_halo_kernel2_yvel_minus_2_b+update_halo_kernel3_plus_4_b
3977	0.000022593	246080	ops_par_loop_group_64	update_halo_kernel2_xvel_minus_4_b+update_halo_kernel2_yvel_plus_4_b
3978	0.000019757	123040	ops_par_loop_update_halo_kernel3_plus_2_b_110	update_halo_kernel3_plus_2_b
3979	0.000020278	123008	ops_par_loop_update_halo_kernel3_minus_4_b_113	update_halo_kernel3_minus_4_b
3980	0.000018526	123008	ops_par_loop_update_halo_kernel4_minus_4_b_117	update_halo_kernel4_minus_4_b
3981	0.000021601	553536	ops_par_loop_group_68	update_halo_kernel1_t2+update_halo_kernel4_minus_2_b
3982	0.000020208	430528	ops_par_loop_update_halo_kernel1_t1_86	update_halo_kernel1_t1
3983	0.000026741	553536	ops_par_loop_group_70	update_halo_kernel1_l2+update_halo_kernel3_minus_4_a
3984	0.000022603	553536	ops_par_loop_group_71	update_halo_kernel1_l1+update_halo_kernel3_minus_2_a
3985	0.000024667	553536	ops_par_loop_group_72	update_halo_kernel1_r2+update_halo_kernel3_minus_2_b
3986	0.000021120	430528	ops_par_loop_update_halo_kernel1_r1_90	update_halo_kernel1_r1
3987	0.000023735	369120	ops_par_loop_group_74	update_halo_kernel2_xvel_minus_4_a+update_halo_kernel2_yvel_plus_4_a+update_halo_kernel4_plus_4_a
3988	0.000022173	369120	ops_par_loop_group_75	update_halo_kernel2_xvel_minus_2_a+update_halo_kernel2_yvel_plus_2_a+update_halo_kernel4_plus_2_a
3989	0.000023204	369120	ops_par_loop_group_76	update_halo_kernel2_xvel_minus_2_b+update_halo_kernel2_yvel_plus_2_b+update_halo_kernel4_plus_4_b
3990	0.000018896	123040	ops_par_loop_update_halo_kernel4_plus_2_b_122	update_halo_kernel4_plus_2_b
3991	0.001779104	1416561152	ops_par_loop_group_78	advec_mom_kernel_y2+reset_field_kernel1+ideal_gas_kernel
3992	0.000194879	236236864	ops_par_loop_advec_mom_kernel_mass_flux_y_124	advec_mom_kernel_mass_flux_y
3993	0.000534985	590438520	ops_par_loop_advec_mom_kernel_post_pre_advec_y_125	advec_mom_kernel_post_pre_advec_y
3994	0.000878516	472258640	ops_par_loop_advec_mom_kernel1_y_nonvector_126	advec_mom_kernel1_y_nonvector
3995	0.000448431	590131240	ops_par_loop_advec_mom_kernel2_y_127	advec_mom_kernel2_y
3996	0.000491092	472842752	ops_par_loop_advec_mom_kernel_y2_128	advec_mom_kernel_y2
3997	0.000192135	236236864	ops_par_loop_advec_mom_kernel_mass_flux_y_129	advec_mom_kernel_mass_flux_y
3998	0.000533482	590438520	ops_par_loop_advec_mom_kernel_post_pre_advec_y_130	advec_mom_kernel_post_pre_advec_y
3999	0.000875280	472258640	ops_par_loop_advec_mom_kernel1_y_nonvector_131	advec_mom_kernel1_y_nonvector
4000	0.000734894	1062236232	ops_par_loop_group_87	advec_mom_kernel2_y+reset_field_kernel2
4001	0.000021892	430304	ops_par_loop_update_halo_kernel1_b1_136	update_halo_kernel1_b1
4002	0.000019777	430304	ops_par_loop_update_halo_kernel1_t1_137	update_halo_kernel1_t1
4003	0.000023985	430304	ops_par_loop_update_halo_kernel1_l1_138	update_halo_kernel1_l1
4004	0.000023905	430304	ops_par_loop_update_halo_kernel1_r1_139	update_halo_kernel1_r1
4005	0.000019276	245952	ops_par_loop_group_92	update_halo_kernel2_xvel_plus_2_a+update_halo_kernel2_yvel_minus_2_a
4006	0.000019027	245952	ops_par_loop_group_93	update_halo_kernel2_xvel_plus_2_b+update_halo_kernel2_yvel_minus_2_b
4007	0.000021019	245952	ops_par_loop_group_94	update_halo_kernel2_xvel_minus_2_a+update_halo_kernel2_yvel_plus_2_a
4008	0.000021731	245952	ops_par_loop_group_95	update_halo_kernel2_xvel_minus_2_b+update_halo_kernel2_yvel_plus_2_b
4009	0.001733939	589885440	ops_par_loop_viscosity_kernel_148	viscosity_kernel
4010	0.000021641	430304	ops_par_loop_update_halo_kernel1_b1_149	update_halo_kernel1_b1
4011	0.000020649	430304	ops_par_loop_update_halo_kernel1_t1_150	update_halo_kernel1_t1
4012	0.000023845	430304	ops_par_loop_update_halo_kernel1_l1_151	update_halo_kernel1_l1
4013	0.000023324	430304	ops_par_loop_update_halo_kernel1_r1_152	update_halo_kernel1_r1
4014	0.000916749	1061744640	ops_par_loop_calc_dt_kernel_153	calc_dt_kernel
4015	0.001489105	1887436800	ops_par_loop_group_0	PdV_kernel_predict+ideal_gas_kernel
4016	0.000022983	430304	ops_par_loop_update_halo_kernel1_b1_2	update_halo_kernel1_b1
4017	0.000019697	430304	ops_par_loop_update_halo_kernel1_t1_3	update_halo_kernel1_t1
4018	0.000023665	430304	ops_par_loop_update_halo_kernel1_l1_4	update_halo_kernel1_l1
4019	0.000024717	430304	ops_par_loop_update_halo_kernel1_r1_5	update_halo_kernel1_r1
4020	0.001555251	1770147928	ops_par_loop_group_5	revert_kernel+accelerate_kernel
4021	0.001355171	1651507200	ops_par_loop_PdV_kernel_nopredict_8	PdV_kernel_nopredict
4022	0.000361867	471982080	ops_par_loop_flux_calc_kernelx_9	flux_calc_kernelx
4023	0.000357108	471982080	ops_par_loop_flux_calc_kernely_10	flux_calc_kernely
4024	0.000022713	553536	ops_par_loop_group_9	update_halo_kernel1_b2+update_halo_kernel4_minus_4_a
4025	0.000022212	553536	ops_par_loop_group_10	update_halo_kernel1_b1+update_halo_kernel4_minus_2_a
4026	0.000021711	369120	ops_par_loop_group_11	update_halo_kernel3_plus_4_a+update_halo_kernel2_xvel_plus_4_a+update_halo_kernel2_yvel_minus_4_a
4027	0.000020549	369120	ops_par_loop_group_12	update_halo_kernel3_plus_2_a+update_halo_kernel2_xvel_plus_2_a+update_halo_kernel2_yvel_minus_2_a
4028	0.000019397	123008	ops_par_loop_update_halo_kernel4_minus_4_b_29	update_halo_kernel4_minus_4_b
4029	0.000021230	553536	ops_par_loop_group_14	update_halo_kernel1_t2+update_halo_kernel4_minus_2_b
4030	0.000019887	430528	ops_par_loop_update_halo_kernel1_t1_14	update_halo_kernel1_t1
4031	0.000020198	246080	ops_par_loop_group_16	update_halo_kernel2_xvel_plus_4_b+update_halo_kernel2_yvel_minus_4_b
4032	0.000020519	369120	ops_par_loop_group_17	update_halo_kernel3_plus_4_b+update_halo_kernel2_xvel_plus_2_b+update_halo_kernel2_yvel_minus_2_b
4033	0.000018705	123040	ops_par_loop_update_halo_kernel3_plus_2_b_22	update_halo_kernel3_plus_2_b
4034	0.000025168	553536	ops_par_loop_group_19	update_halo_kernel1_l2+update_halo_kernel3_minus_4_a
4035	0.000022883	553536	ops_par_loop_group_20	update_halo_kernel1_l1+update_halo_kernel3_minus_2_a
4036	0.000019387	123008	ops_par_loop_update_halo_kernel3_minus_4_b_25	update_halo_kernel3_minus_4_b
4037	0.000024376	553536	ops_par_loop_group_22	update_halo_kernel1_r2+update_halo_kernel3_minus_2_b
4038	0.000021310	430528	ops_par_loop_update_halo_kernel1_r1_18	update_halo_kernel1_r1
4039	0.000023756	369120	ops_par_loop_group_24	update_halo_kernel4_plus_4_a+update_halo_kernel2_xvel_minus_4_a+update_halo_kernel2_yvel_plus_4_a
4040	0.000022222	369120	ops_par_loop_group_25	update_halo_kernel4_plus_2_a+update_halo_kernel2_xvel_minus_2_a+update_halo_kernel2_yvel_plus_2_a
4041	0.000021521	246080	ops_par_loop_group_26	update_halo_kernel2_xvel_minus_4_b+update_halo_kernel2_yvel_plus_4_b
4042	0.000022403	369120	ops_par_loop_group_27	update_halo_kernel4_plus_4_b+update_halo_kernel2_xvel_minus_2_b+update_halo_kernel2_yvel_plus_2_b
4043	0.000018695	123040	ops_par_loop_update_halo_kernel4_plus_2_b_34	update_halo_kernel4_plus_2_b
4044	0.000563879	591053440	ops_par_loop_advec_cell_kernel1_ydir_35	advec_cell_kernel1_ydir
4045	0.000788867	708203544	ops_par_loop_advec_cell_kernel3_ydir_36	advec_cell_kernel3_ydir
4046	0.001473576	1533542400	ops_par_loop_advec_cell_kernel4_ydir_37	advec_cell_kernel4_ydir
4047	0.000022352	553536	ops_par_loop_group_32	update_halo_kernel1_b2+update_halo_kernel4_minus_4_a
4048	0.000021711	553536	ops_par_loop_group_33	update_halo_kernel1_b1+update_halo_kernel4_minus_2_a
4049	0.000018616	123008	ops_par_loop_update_halo_kernel4_minus_4_b_64	update_halo_kernel4_minus_4_b
4050	0.000020980	553536	ops_par_loop_group_35	update_halo_kernel1_t2+update_halo_kernel4_minus_2_b
4051	0.000021000	430528	ops_par_loop_update_halo_kernel1_t1_41	update_halo_kernel1_t1
4052	0.000024056	430528	ops_par_loop_update_halo_kernel1_l2_42	update_halo_kernel1_l2
4053	0.000021951	430528	ops_par_loop_update_halo_kernel1_l1_43	update_halo_kernel1_l1
4054	0.000024457	430528	ops_par_loop_update_halo_kernel1_r2_44	update_halo_kernel1_r2
4055	0.000022613	430528	ops_par_loop_update_halo_kernel1_r1_45	update_halo_kernel1_r1
4056	0.000020459	123040	ops_par_loop_update_halo_kernel4_plus_4_a_66	update_halo_kernel4_plus_4_a
4057	0.000018485	123040	ops_par_loop_update_halo_kernel4_plus_2_a_67	update_halo_kernel4_plus_2_a
4058	0.000019206	123040	ops_par_loop_update_halo_kernel4_plus_4_b_68	update_halo_kernel4_plus_4_b
4059	0.000019096	123040	ops_par_loop_update_halo_kernel4_plus_2_b_69	update_halo_kernel4_plus_2_b
4060	0.000561605	591053440	ops_par_loop_advec_mom_kernel_y1_70	advec_mom_kernel_y1
4061	0.000191924	236236864	ops_par_loop_advec_mom_kernel_mass_flux_y_71	advec_mom_kernel_mass_flux_y
4062	0.000534213	590438520	ops_par_loop_advec_mom_kernel_post_pre_advec_y_72	advec_mom_kernel_post_pre_advec_y
4063	0.000878606	472258640	ops_par_loop_advec_mom_kernel1_y_nonvector_73	advec_mom_kernel1_y_nonvector
4064	0.000456055	590131240	ops_par_loop_advec_mom_kernel2_y_74	advec_mom_kernel2_y
4065	0.000563098	591053440	ops_par_loop_advec_mom_kernel_y1_75	advec_mom_kernel_y1
4066	0.000192445	236236864	ops_par_loop_advec_mom_kernel_mass_flux_y_76	advec_mom_kernel_mass_flux_y
4067	0.000531719	590438520	ops_par_loop_advec_mom_kernel_post_pre_advec_y_77	advec_mom_kernel_post_pre_advec_y
4068	0.000885069	472258640	ops_par_loop_advec_mom_kernel1_y_nonvector_78	advec_mom_kernel1_y_nonvector
4069	0.000447740	590131240	ops_par_loop_advec_mom_kernel2_y_79	advec_mom_kernel2_y
4070	0.000490080	472842752	ops_par_loop_advec_cell_kernel2_xdir_80	advec_cell_kernel2_xdir
4071	0.000778417	708203544	ops_par_loop_advec_cell_kernel3_xdir_81	advec_cell_kernel3_xdir
4072	0.001462504	1533542400	ops_par_loop_advec_cell_kernel4_xdir_82	advec_cell_kernel4_xdir
4073	0.000023485	553536	ops_par_loop_group_58	update_halo_kernel1_b2+update_halo_kernel4_minus_4_a
4074	0.000021741	553536	ops_par_loop_group_59	update_halo_kernel1_b1+update_halo_kernel4_minus_2_a
4075	0.000022072	369120	ops_par_loop_group_60	update_halo_kernel2_xvel_plus_4_a+update_halo_kernel2_yvel_minus_4_a+update_halo_kernel3_plus_4_a
4076	0.000020679	369120	ops_par_loop_group_61	update_halo_kernel2_xvel_plus_2_a+update_halo_kernel2_yvel_minus_2_a+update_halo_kernel3_plus_2_a
4077	0.000020299	246080	ops_par_loop_group_62	update_halo_kernel2_xvel_plus_4_b+update_halo_kernel2_yvel_minus_4_b
4078	0.000021982	369120	ops_par_loop_group_63	update_halo_kernel2_xvel_plus_2_b+update_halo_kernel2_yvel_minus_2_b+update_halo_kernel3_plus_4_b
4079	0.000022833	246080	ops_par_loop_group_64	update_halo_kernel2_xvel_minus_4_b+update_halo_kernel2_yvel_plus_4_b
4080	0.000019086	123040	ops_par_loop_update_halo_kernel3_plus_2_b_110	update_halo_kernel3_plus_2_b
4081	0.000019908	123008	ops_par_loop_update_halo_kernel3_minus_4_b_113	update_halo_kernel3_minus_4_b
4082	0.000018195	123008	ops_par_loop_update_halo_kernel4_minus_4_b_117	update_halo_kernel4_minus_4_b
4083	0.000026060	553536	ops_par_loop_group_68	update_halo_kernel1_t2+update_halo_kernel4_minus_2_b
4084	0.000020819	430528	ops_par_loop_update_halo_kernel1_t1_86	update_halo_kernel1_t1
4085	0.000026931	553536	ops_par_loop_group_70	update_halo_kernel1_l2+update_halo_kernel3_minus_4_a
4086	0.000023284	553536	ops_par_loop_group_71	update_halo_kernel1_l1+update_halo_kernel3_minus_2_a
4087	0.000025649	553536	ops_par_loop_group_72	update_halo_kernel1_r2+update_halo_kernel3_minus_2_b
4088	0.000021461	430528	ops_par_loop_update_halo_kernel1_r1_90	update_halo_kernel1_r1
4089	0.000023475	369120	ops_par_loop_group_74	update_halo_kernel2_xvel_minus_4_a+update_halo_kernel2_yvel_plus_4_a+update_halo_kernel4_plus_4_a
4090	0.000021541	369120	ops_par_loop_group_75	update_halo_kernel2_xvel_minus_2_a+update_halo_kernel2_yvel_plus_2_a+update_halo_kernel4_plus_2_a
4091	0.000022593	369120	ops_par_loop_group_76	update_halo_kernel2_xvel_minus_2_b+update_halo_kernel2_yvel_plus_2_b+update_halo_kernel4_plus_4_b
4092	0.000018625	123040	ops_par_loop_update_halo_kernel4_plus_2_b_122	update_halo_kernel4_plus_2_b
4093	0.001781650	1416561152	ops_par_loop_group_78	advec_mom_kernel_x2+reset_field_kernel1+ideal_gas_kernel
4094	0.000196934	236236864	ops_par_loop_advec_mom_kernel_mass_flux_x_124	advec_mom_kernel_mass_flux_x
4095	0.000573387	590438520	ops_par_loop_advec_mom_kernel_post_pre_advec_x_125	advec_mom_kernel_post_pre_advec_x
4096	0.000882644	472258640	ops_par_loop_advec_mom_kernel1_x_nonvector_126	advec_mom_kernel1_x_nonvector
4097	0.000449122	590131240	ops_par_loop_advec_mom_kernel2_x_127	advec_mom_kernel2_x
4098	0.000498135	472842752	ops_par_loop_advec_mom_kernel_x2_128	advec_mom_kernel_x2
4099	0.000195411	236236864	ops_par_loop_advec_mom_kernel_mass_flux_x_129	advec_mom_kernel_mass_flux_x
4100	0.000576113	590438520	ops_par_loop_advec_mom_kernel_post_pre_advec_x_130	advec_mom_kernel_post_pre_advec_x
4101	0.000885319	472258640	ops_par_loop_advec_mom_kernel1_x_nonvector_131	advec_mom_kernel1_x_nonvector
4102	0.000731348	1062236232	ops_par_loop_group_87	advec_mom_kernel2_x+reset_field_kernel2
4103	0.000492274	471859200	ops_par_loop_ideal_gas_kernel_0	ideal_gas_kernel
4104	0.000023354	430304	ops_par_loop_update_halo_kernel1_b1_1	update_halo_kernel1_b1
4105	0.000021030	430304	ops_par_loop_update_halo_kernel1_t1_2	update_halo_kernel1_t1
4106	0.000023986	430304	ops_par_loop_update_halo_kernel1_l1_3	update_halo_kernel1_l1
4107	0.000023795	430304	ops_par_loop_update_halo_kernel1_r1_4	update_halo_kernel1_r1
4108	0.000019467	245952	ops_par_loop_group_5	update_halo_kernel2_xvel_plus_2_a+update_halo_kernel2_yvel_minus_2_a
4109	0.000019577	245952	ops_par_loop_group_6	update_halo_kernel2_xvel_plus_2_b+update_halo_kernel2_yvel_minus_2_b
4110	0.000021921	245952	ops_par_loop_group_7	update_halo_kernel2_xvel_minus_2_a+update_halo_kernel2_yvel_plus_2_a
4111	0.000021802	245952	ops_par_loop_group_8	update_halo_kernel2_xvel_minus_2_b+update_halo_kernel2_yvel_plus_2_b
4112	0.001733879	589885440	ops_par_loop_viscosity_kernel_13	viscosity_kernel
4113	0.000021701	430304	ops_par_loop_update_halo_kernel1_b1_14	update_halo_kernel1_b1
4114	0.000020058	430304	ops_par_loop_update_halo_kernel1_t1_15	update_halo_kernel1_t1
4115	0.000023775	430304	ops_par_loop_update_halo_kernel1_l1_16	update_halo_kernel1_l1
4116	0.000022703	430304	ops_par_loop_update_halo_kernel1_r1_17	update_halo_kernel1_r1
4117	0.000917040	1061744640	ops_par_loop_calc_dt_kernel_18	calc_dt_kernel
4118	0.001484075	1887436800	ops_par_loop_group_0	PdV_kernel_predict+ideal_gas_kernel
4119	0.000022192	430304	ops_par_loop_update_halo_kernel1_b1_2	update_halo_kernel1_b1
4120	0.000021531	430304	ops_par_loop_update_halo_kernel1_t1_3	update_halo_kernel1_t1
4121	0.000025558	430304	ops_par_loop_update_halo_kernel1_l1_4	update_halo_kernel1_l1
4122	0.000026210	430304	ops_par_loop_update_halo_kernel1_r1_5	update_halo_kernel1_r1
4123	0.001557645	1770147928	ops_par_loop_group_5	revert_kernel+accelerate_kernel
4124	0.001359760	1651507200	ops_par_loop_PdV_kernel_nopredict_8	PdV_kernel_nopredict
4125	0.000360104	471982080	ops_par_loop_flux_calc_kernelx_9	flux_calc_kernelx
4126	0.000359552	471982080	ops_par_loop_flux_calc_kernely_10	flux_calc_kernely
4127	0.000022993	553536	ops_par_loop_group_9	update_halo_kernel1_b2+update_halo_kernel4_minus_4_a
4128	0.000020509	553536	ops_par_loop_group_10	update_halo_kernel1_b1+update_halo_kernel4_minus_2_a
4129	0.000020820	369120	ops_par_loop_group_11	update_halo_kernel3_plus_4_a+update_halo_kernel2_xvel_plus_4_a+update_halo_kernel2_yvel_minus_4_a
4130	0.000021120	369120	ops_par_loop_group_12	update_halo_kernel3_plus_2_a+update_halo_kernel2_xvel_plus_2_a+update_halo_kernel2_yvel_minus_2_a
4131	0.000019477	123008	ops_par_loop_update_halo_kernel4_minus_4_b_29	update_halo_kernel4_minus_4_b
4132	0.000021862	553536	ops_par_loop_group_14	update_halo_kernel1_t2+update_halo_kernel4_minus_2_b
4133	0.000020559	430528	ops_par_loop_update_halo_kernel1_t1_14	update_halo_kernel1_t1
4134	0.000020248	246080	ops_par_loop_group_16	update_halo_kernel2_xvel_plus_4_b+update_halo_kernel2_yvel_minus_4_b
4135	0.000021450	369120	ops_par_loop_group_17	update_halo_kernel3_plus_4_b+update_halo_kernel2_xvel_plus_2_b+update_halo_kernel2_yvel_minus_2_b
4136	0.000018565	123040	ops_par_loop_update_halo_kernel3_plus_2_b_22	update_halo_kernel3_plus_2_b
4137	0.000025428	553536	ops_par_loop_group_19	update_halo_kernel1_l2+update_halo_kernel3_minus_4_a
4138	0.000023073	553536	ops_par_loop_group_20	update_halo_kernel1_l1+update_halo_kernel3_minus_2_a
4139	0.000019598	123008	ops_par_loop_update_halo_kernel3_minus_4_b_25	update_halo_kernel3_minus_4_b
4140	0.000023925	553536	ops_par_loop_group_22	update_halo_kernel1_r2+update_halo_kernel3_minus_2_b
4141	0.000021771	430528	ops_par_loop_update_halo_kernel1_r1_18	update_halo_kernel1_r1
4142	0.000023264	369120	ops_par_loop_group_24	update_halo_kernel4_plus_4_a+update_halo_kernel2_xvel_minus_4_a+update_halo_kernel2_yvel_plus_4_a
4143	0.000021822	369120	ops_par_loop_group_25	update_halo_kernel4_plus_2_a+update_halo_kernel2_xvel_minus_2_a+update_halo_kernel2_yvel_plus_2_a
4144	0.000020880	246080	ops_par_loop_group_26	update_halo_kernel2_xvel_minus_4_b+update_halo_kernel2_yvel_plus_4_b
4145	0.000023084	369120	ops_par_loop_group_27	update_halo_kernel4_plus_4_b+update_halo_kernel2_xvel_minus_2_b+update_halo_kernel2_yvel_plus_2_b
4146	0.000018655	123040	ops_par_loop_update_halo_kernel4_plus_2_b_34	update_halo_kernel4_plus_2_b
4147	0.000571183	591053440	ops_par_loop_advec_cell_kernel1_xdir_35	advec_cell_kernel1_xdir
4148	0.000772495	708203544	ops_par_loop_advec_cell_kernel3_xdir_36	advec_cell_kernel3_xdir
4149	0.001456082	1533542400	ops_par_loop_advec_cell_kernel4_xdir_37	advec_cell_kernel4_xdir
4150	0.000021491	430528	ops_par_loop_update_halo_kernel1_b2_38	update_halo_kernel1_b2
4151	0.000019918	430528	ops_par_loop_update_halo_kernel1_b1_39	update_halo_kernel1_b1
4152	0.000020449	430528	ops_par_loop_update_halo_kernel1_t2_40	update_halo_kernel1_t2
4153	0.000020549	430528	ops_par_loop_update_halo_kernel1_t1_41	update_halo_kernel1_t1
4154	0.000018855	123040	ops_par_loop_update_halo_kernel3_plus_4_a_62	update_halo_kernel3_plus_4_a
4155	0.000019617	123040	ops_par_loop_update_halo_kernel3_plus_2_a_63	update_halo_kernel3_plus_2_a
4156	0.000019056	123040	ops_par_loop_update_halo_kernel3_plus_4_b_64	update_halo_kernel3_plus_4_b
4157	0.000018445	123040	ops_par_loop_update_halo_kernel3_plus_2_b_65	update_halo_kernel3_plus_2_b
4158	0.000026501	553536	ops_par_loop_group_40	update_halo_kernel1_l2+update_halo_kernel3_minus_4_a
4159	0.000023674	553536	ops_par_loop_group_41	update_halo_kernel1_l1+update_halo_kernel3_minus_2_a
4160	0.000019807	123008	ops_par_loop_update_halo_kernel3_minus_4_b_68	update_halo_kernel3_minus_4_b
4161	0.000025057	553536	ops_par_loop_group_43	update_halo_kernel1_r2+update_halo_kernel3_minus_2_b
4162	0.000021131	430528	ops_par_loop_update_halo_kernel1_r1_45	update_halo_kernel1_r1
4163	0.000561144	591053440	ops_par_loop_advec_mom_kernel_x1_70	advec_mom_kernel_x1
4164	0.000194158	236236864	ops_par_loop_advec_mom_kernel_mass_flux_x_71	advec_mom_kernel_mass_flux_x
4165	0.000571864	590438520	ops_par_loop_advec_mom_kernel_post_pre_advec_x_72	advec_mom_kernel_post_pre_advec_x
4166	0.000882374	472258640	ops_par_loop_advec_mom_kernel1_x_nonvector_73	advec_mom_kernel1_x_nonvector
4167	0.000450605	590131240	ops_par_loop_advec_mom_kernel2_x_74	advec_mom_kernel2_x
4168	0.000564431	591053440	ops_par_loop_advec_mom_kernel_x1_75	advec_mom_kernel_x1
4169	0.000194890	236236864	ops_par_loop_advec_mom_kernel_mass_flux_x_76	advec_mom_kernel_mass_flux_x
4170	0.000573378	590438520	ops_par_loop_advec_mom_kernel_post_pre_advec_x_77	advec_mom_kernel_post_pre_advec_x
4171	0.000883917	472258640	ops_par_loop_advec_mom_kernel1_x_nonvector_78	advec_mom_kernel1_x_nonvector
4172	0.000446547	590131240	ops_par_loop_advec_mom_kernel2_x_79	advec_mom_kernel2_x
4173	0.000498736	472842752	ops_par_loop_advec_cell_kernel2_ydir_80	advec_cell_kernel2_ydir
4174	0.000789057	708203544	ops_par_loop_advec_cell_kernel3_ydir_81	advec_cell_kernel3_ydir
4175	0.001471592	1533542400	ops_par_loop_advec_cell_kernel4_ydir_82	advec_cell_kernel4_ydir
4176	0.000023254	553536	ops_par_loop_group_58	update_halo_kernel1_b2+update_halo_kernel4_minus_4_a
4177	0.000021872	553536	ops_par_loop_group_59	update_halo_kernel1_b1+update_halo_kernel4_minus_2_a
4178	0.000022362	369120	ops_par_loop_group_60	update_halo_kernel2_xvel_plus_4_a+update_halo_kernel2_yvel_minus_4_a+update_halo_kernel3_plus_4_a
4179	0.000021751	369120	ops_par_loop_group_61	update_halo_kernel2_xvel_plus_2_a+update_halo_kernel2_yvel_minus_2_a+update_halo_kernel3_plus_2_a
4180	0.000019397	246080	ops_par_loop_group_62	update_halo_kernel2_xvel_plus_4_b+update_halo_kernel2_yvel_minus_4_b
4181	0.000020979	369120	ops_par_loop_group_63	update_halo_kernel2_xvel_plus_2_b+update_halo_kernel2_yvel_minus_2_b+update_halo_kernel3_plus_4_b
4182	0.000021701	246080	ops_par_loop_group_64	update_halo_kernel2_xvel_minus_4_b+update_halo_kernel2_yvel_plus_4_b
4183	0.000019557	123040	ops_par_loop_update_halo_kernel3_plus_2_b_110	update_halo_kernel3_plus_2_b
4184	0.000019307	123008	ops_par_loop_update_halo_kernel3_minus_4_b_113	update_halo_kernel3_minus_4_b
4185	0.000018014	123008	ops_par_loop_update_halo_kernel4_minus_4_b_117	update_halo_kernel4_minus_4_b
4186	0.000022092	553536	ops_par_loop_group_68	update_halo_kernel1_t2+update_halo_kernel4_minus_2_b
4187	0.000020739	430528	ops_par_loop_update_halo_kernel1_t1_86	update_halo_kernel1_t1
4188	0.000026520	553536	ops_par_loop_group_70	update_halo_kernel1_l2+update_halo_kernel3_minus_4_a
4189	0.000023244	553536	ops_par_loop_group_71	update_halo_kernel1_l1+update_halo_kernel3_minus_2_a
4190	0.000026710	553536	ops_par_loop_group_72	update_halo_kernel1_r2+update_halo_kernel3_minus_2_b
4191	0.000022092	430528	ops_par_loop_update_halo_kernel1_r1_90	update_halo_kernel1_r1
4192	0.000023264	369120	ops_par_loop_group_74	update_halo_kernel2_xvel_minus_4_a+update_halo_kernel2_yvel_plus_4_a+update_halo_kernel4_plus_4_a
4193	0.000022202	369120	ops_par_loop_group_75	update_halo_kernel2_xvel_minus_2_a+update_halo_kernel2_yvel_plus_2_a+update_halo_kernel4_plus_2_a
4194	0.000022733	369120	ops_par_loop_group_76	update_halo_kernel2_xvel_minus_2_b+update_halo_kernel2_yvel_plus_2_b+update_halo_kernel4_plus_4_b
4195	0.000024727	123040	ops_par_loop_update_halo_kernel4_plus_2_b_122	update_halo_kernel4_plus_2_b
4196	0.001793503	1416561152	ops_par_loop_group_78	advec_mom_kernel_y2+reset_field_kernel1+ideal_gas_kernel
4197	0.000195060	236236864	ops_par_loop_advec_mom_kernel_mass_flux_y_124	advec_mom_kernel_mass_flux_y
4198	0.000532510	590438520	ops_par_loop_advec_mom_kernel_post_pre_advec_y_125	advec_mom_kernel_post_pre_advec_y
4199	0.000878086	472258640	ops_par_loop_advec_mom_kernel1_y_nonvector_126	advec_mom_kernel1_y_nonvector
4200	0.000452388	590131240	ops_par_loop_advec_mom_kernel2_y_127	advec_mom_kernel2_y
4201	0.000491091	472842752	ops_par_loop_advec_mom_kernel_y2_128	advec_mom_kernel_y2
4202	0.000192355	236236864	ops_par_loop_advec_mom_kernel_mass_flux_y_129	advec_mom_kernel_mass_flux_y
4203	0.000534704	590438520	ops_par_loop_advec_mom_kernel_post_pre_advec_y_130	advec_mom_kernel_post_pre_advec_y
4204	0.000874809	472258640	ops_par_loop_advec_mom_kernel1_y_nonvector_131	advec_mom_kernel1_y_nonvector
4205	0.000735756	1062236232	ops_par_loop_group_87	advec_mom_kernel2_y+reset_field_kernel2
4206	0.000021761	430304	ops_par_loop_update_halo_kernel1_b1_136	update_halo_kernel1_b1
4207	0.000020479	430304	ops_par_loop_update_halo_kernel1_t1_137	update_halo_kernel1_t1
4208	0.000023865	430304	ops_par_loop_update_halo_kernel1_l1_138	update_halo_kernel1_l1
4209	0.000023775	430304	ops_par_loop_update_halo_kernel1_r1_139	update_halo_kernel1_r1
4210	0.000019888	245952	ops_par_loop_group_92	update_halo_kernel2_xvel_plus_2_a+update_halo_kernel2_yvel_minus_2_a
4211	0.000019427	245952	ops_par_loop_group_93	update_halo_kernel2_xvel_plus_2_b+update_halo_kernel2_yvel_minus_2_b
4212	0.000021000	245952	ops_par_loop_group_94	update_halo_kernel2_xvel_minus_2_a+update_halo_kernel2_yvel_plus_2_a
4213	0.000021060	245952	ops_par_loop_group_95	update_halo_kernel2_xvel_minus_2_b+update_halo_kernel2_yvel_plus_2_b
4214	0.001735181	589885440	ops_par_loop_viscosity_kernel_148	viscosity_kernel
4215	0.000021221	430304	ops_par_loop_update_halo_kernel1_b1_149	update_halo_kernel1_b1
4216	0.000020759	430304	ops_par_loop_update_halo_kernel1_t1_150	update_halo_kernel1_t1
4217	0.000022934	430304	ops_par_loop_update_halo_kernel1_l1_151	update_halo_kernel1_l1
4218	0.000025027	430304	ops_par_loop_update_halo_kernel1_r1_152	update_halo_kernel1_r1
4219	0.000917411	1061744640	ops_par_loop_calc_dt_kernel_153	calc_dt_kernel
4220	0.001484526	1887436800	ops_par_loop_group_0	PdV_kernel_predict+ideal_gas_kernel
4221	0.000022423	430304	ops_par_loop_update_halo_kernel1_b1_2	update_halo_kernel1_b1
4222	0.000020158	430304	ops_par_loop_update_halo_kernel1_t1_3	update_halo_kernel1_t1
4223	0.000023675	430304	ops_par_loop_update_halo_kernel1_l1_4	update_halo_kernel1_l1
4224	0.000023083	430304	ops_par_loop_update_halo_kernel1_r1_5	update_halo_kernel1_r1
4225	0.001557565	1770147928	ops_par_loop_group_5	revert_kernel+accelerate_kernel
4226	0.001353728	1651507200	ops_par_loop_PdV_kernel_nopredict_8	PdV_kernel_nopredict
4227	0.000361556	471982080	ops_par_loop_flux_calc_kernelx_9	flux_calc_kernelx
4228	0.000357318	471982080	ops_par_loop_flux_calc_kernely_10	flux_calc_kernely
4229	0.000021500	553536	ops_par_loop_group_9	update_halo_kernel1_b2+update_halo_kernel4_minus_4_a
4230	0.000020820	553536	ops_par_loop_group_10	update_halo_kernel1_b1+update_halo_kernel4_minus_2_a
4231	0.000020890	369120	ops_par_loop_group_11	update_halo_kernel3_plus_4_a+update_halo_kernel2_xvel_plus_4_a+update_halo_kernel2_yvel_minus_4_a
4232	0.000021060	369120	ops_par_loop_group_12	update_halo_kernel3_plus_2_a+update_halo_kernel2_xvel_plus_2_a+update_halo_kernel2_yvel_minus_2_a
4233	0.000018596	123008	ops_par_loop_update_halo_kernel4_minus_4_b_29	update_halo_kernel4_minus_4_b
4234	0.000020840	553536	ops_par_loop_group_14	update_halo_kernel1_t2+update_halo_kernel4_minus_2_b
4235	0.000020159	430528	ops_par_loop_update_halo_kernel1_t1_14	update_halo_kernel1_t1
4236	0.000019547	246080	ops_par_loop_group_16	update_halo_kernel2_xvel_plus_4_b+update_halo_kernel2_yvel_minus_4_b
4237	0.000020289	369120	ops_par_loop_group_17	update_halo_kernel3_plus_4_b+update_halo_kernel2_xvel_plus_2_b+update_halo_kernel2_yvel_minus_2_b
4238	0.000018315	123040	ops_par_loop_update_halo_kernel3_plus_2_b_22	update_halo_kernel3_plus_2_b
4239	0.000026120	553536	ops_par_loop_group_19	update_halo_kernel1_l2+update_halo_kernel3_minus_4_a
4240	0.000022923	553536	ops_par_loop_group_20	update_halo_kernel1_l1+update_halo_kernel3_minus_2_a
4241	0.000019387	123008	ops_par_loop_update_halo_kernel3_minus_4_b_25	update_halo_kernel3_minus_4_b
4242	0.000024356	553536	ops_par_loop_group_22	update_halo_kernel1_r2+update_halo_kernel3_minus_2_b
4243	0.000021340	430528	ops_par_loop_update_halo_kernel1_r1_18	update_halo_kernel1_r1
4244	0.000022382	369120	ops_par_loop_group_24	update_halo_kernel4_plus_4_a+update_halo_kernel2_xvel_minus_4_a+update_halo_kernel2_yvel_plus_4_a
4245	0.000020970	369120	ops_par_loop_group_25	update_halo_kernel4_plus_2_a+update_halo_kernel2_xvel_minus_2_a+update_halo_kernel2_yvel_plus_2_a
4246	0.000020579	246080	ops_par_loop_group_26	update_halo_kernel2_xvel_minus_4_b+update_halo_kernel2_yvel_plus_4_b
4247	0.000022533	369120	ops_par_loop_group_27	update_halo_kernel4_plus_4_b+update_halo_kernel2_xvel_minus_2_b+update_halo_kernel2_yvel_plus_2_b
4248	0.000018155	123040	ops_par_loop_update_halo_kernel4_plus_2_b_34	update_halo_kernel4_plus_2_b
4249	0.000562938	591053440	ops_par_loop_advec_cell_kernel1_ydir_35	advec_cell_kernel1_ydir
4250	0.000787533	708203544	ops_par_loop_advec_cell_kernel3_ydir_36	advec_cell_kernel3_ydir
4251	0.001473906	1533542400	ops_par_loop_advec_cell_kernel4_ydir_37	advec_cell_kernel4_ydir
4252	0.000022303	553536	ops_par_loop_group_32	update_halo_kernel1_b2+update_halo_kernel4_minus_4_a
4253	0.000020439	553536	ops_par_loop_group_33	update_halo_kernel1_b1+update_halo_kernel4_minus_2_a
4254	0.000018115	123008	ops_par_loop_update_halo_kernel4_minus_4_b_64	update_halo_kernel4_minus_4_b
4255	0.000022563	553536	ops_par_loop_group_35	update_halo_kernel1_t2+update_halo_kernel4_minus_2_b
4256	0.000019797	430528	ops_par_loop_update_halo_kernel1_t1_41	update_halo_kernel1_t1
4257	0.000023645	430528	ops_par_loop_update_halo_kernel1_l2_42	update_halo_kernel1_l2
4258	0.000021190	430528	ops_par_loop_update_halo_kernel1_l1_43	update_halo_kernel1_l1
4259	0.000023234	430528	ops_par_loop_update_halo_kernel1_r2_44	update_halo_kernel1_r2
4260	0.000021591	430528	ops_par_loop_update_halo_kernel1_r1_45	update_halo_kernel1_r1
4261	0.000018836	123040	ops_par_loop_update_halo_kernel4_plus_4_a_66	update_halo_kernel4_plus_4_a
4262	0.000018465	123040	ops_par_loop_update_halo_kernel4_plus_2_a_67	update_halo_kernel4_plus_2_a
4263	0.000018906	123040	ops_par_loop_update_halo_kernel4_plus_4_b_68	update_halo_kernel4_plus_4_b
4264	0.000017994	123040	ops_par_loop_update_halo_kernel4_plus_2_b_69	update_halo_kernel4_plus_2_b
4265	0.000561425	591053440	ops_par_loop_advec_mom_kernel_y1_70	advec_mom_kernel_y1
4266	0.000191213	236236864	ops_par_loop_advec_mom_kernel_mass_flux_y_71	advec_mom_kernel_mass_flux_y
4267	0.000532089	590438520	ops_par_loop_advec_mom_kernel_post_pre_advec_y_72	advec_mom_kernel_post_pre_advec_y
4268	0.000877434	472258640	ops_par_loop_advec_mom_kernel1_y_nonvector_73	advec_mom_kernel1_y_nonvector
4269	0.000446708	590131240	ops_par_loop_advec_mom_kernel2_y_74	advec_mom_kernel2_y
4270	0.000561675	591053440	ops_par_loop_advec_mom_kernel_y1_75	advec_mom_kernel_y1
4271	0.000191333	236236864	ops_par_loop_advec_mom_kernel_mass_flux_y_76	advec_mom_kernel_mass_flux_y
4272	0.000533933	590438520	ops_par_loop_advec_mom_kernel_post_pre_advec_y_77	advec_mom_kernel_post_pre_advec_y
4273	0.000874519	472258640	ops_par_loop_advec_mom_kernel1_y_nonvector_78	advec_mom_kernel1_y_nonvector
4274	0.000445144	590131240	ops_par_loop_advec_mom_kernel2_y_79	advec_mom_kernel2_y
4275	0.000490701	472842752	ops_par_loop_advec_cell_kernel2_xdir_80	advec_cell_kernel2_xdir
4276	0.000772415	708203544	ops_par_loop_advec_cell_kernel3_xdir_81	advec_cell_kernel3_xdir
4277	0.001460530	1533542400	ops_par_loop_advec_cell_kernel4_xdir_82	advec_cell_kernel4_xdir
4278	0.000022413	553536	ops_par_loop_group_58	update_halo_kernel1_b2+update_halo_kernel4_minus_4_a
4279	0.000021040	553536	ops_par_loop_group_59	update_halo_kernel1_b1+update_halo_kernel4_minus_2_a
4280	0.000021581	369120	ops_par_loop_group_60	update_halo_kernel2_xvel_plus_4_a+update_halo_kernel2_yvel_minus_4_a+update_halo_kernel3_plus_4_a
4281	0.000020278	369120	ops_par_loop_group_61	update_halo_kernel2_xvel_plus_2_a+update_halo_kernel2_yvel_minus_2_a+update_halo_kernel3_plus_2_a
4282	0.000018425	246080	ops_par_loop_group_62	update_halo_kernel2_xvel_plus_4_b+update_halo_kernel2_yvel_minus_4_b
4283	0.000020319	369120	ops_par_loop_group_63	update_halo_kernel2_xvel_plus_2_b+update_halo_kernel2_yvel_minus_2_b+update_halo_kernel3_plus_4_b
4284	0.000021340	246080	ops_par_loop_group_64	update_halo_kernel2_xvel_minus_4_b+update_halo_kernel2_yvel_plus_4_b
4285	0.000018996	123040	ops_par_loop_update_halo_kernel3_plus_2_b_110	update_halo_kernel3_plus_2_b
4286	0.000019216	123008	ops_par_loop_update_halo_kernel3_minus_4_b_113	update_halo_kernel3_minus_4_b
4287	0.000017864	123008	ops_par_loop_update_halo_kernel4_minus_4_b_117	update_halo_kernel4_minus_4_b
4288	0.000021751	553536	ops_par_loop_group_68	update_halo_kernel1_t2+update_halo_kernel4_minus_2_b
4289	0.000020609	430528	ops_par_loop_update_halo_kernel1_t1_86	update_halo_kernel1_t1
4290	0.000026430	553536	ops_par_loop_group_70	update_halo_kernel1_l2+update_halo_kernel3_minus_4_a
4291	0.000023123	553536	ops_par_loop_group_71	update_halo_kernel1_l1+update_halo_kernel3_minus_2_a
4292	0.000024146	553536	ops_par_loop_group_72	update_halo_kernel1_r2+update_halo_kernel3_minus_2_b
4293	0.000021280	430528	ops_par_loop_update_halo_kernel1_r1_90	update_halo_kernel1_r1
4294	0.000023275	369120	ops_par_loop_group_74	update_halo_kernel2_xvel_minus_4_a+update_halo_kernel2_yvel_plus_4_a+update_halo_kernel4_plus_4_a
4295	0.000139945	369120	ops_par_loop_group_75	update_halo_kernel2_xvel_minus_2_a+update_halo_kernel2_yvel_plus_2_a+update_halo_kernel4_plus_2_a
4296	0.000022102	369120	ops_par_loop_group_76	update_halo_kernel2_xvel_minus_2_b+update_halo_kernel2_yvel_plus_2_b+update_halo_kernel4_plus_4_b
4297	0.000018024	123040	ops_par_loop_update_halo_kernel4_plus_2_b_122	update_halo_kernel4_plus_2_b
4298	0.001797489	1416561152	ops_par_loop_group_78	advec_mom_kernel_x2+reset_field_kernel1+ideal_gas_kernel
4299	0.000196603	236236864	ops_par_loop_advec_mom_kernel_mass_flux_x_124	advec_mom_kernel_mass_flux_x
4300	0.000574851	590438520	ops_par_loop_advec_mom_kernel_post_pre_advec_x_125	advec_mom_kernel_post_pre_advec_x
4301	0.000882775	472258640	ops_par_loop_advec_mom_kernel1_x_nonvector_126	advec_mom_kernel1_x_nonvector
4302	0.000446357	590131240	ops_par_loop_advec_mom_kernel2_x_127	advec_mom_kernel2_x
4303	0.000500109	472842752	ops_par_loop_advec_mom_kernel_x2_128	advec_mom_kernel_x2
4304	0.000194469	236236864	ops_par_loop_advec_mom_kernel_mass_flux_x_129	advec_mom_kernel_mass_flux_x
4305	0.000574269	590438520	ops_par_loop_advec_mom_kernel_post_pre_advec_x_130	advec_mom_kernel_post_pre_advec_x
4306	0.000883676	472258640	ops_par_loop_advec_mom_kernel1_x_nonvector_131	advec_mom_kernel1_x_nonvector
4307	0.000730936	1062236232	ops_par_loop_group_87	advec_mom_kernel2_x+reset_field_kernel2
4308	0.000021070	430304	ops_par_loop_update_halo_kernel1_b1_136	update_halo_kernel1_b1
4309	0.000020369	430304	ops_par_loop_update_halo_kernel1_t1_137	update_halo_kernel1_t1
4310	0.000024216	430304	ops_par_loop_update_halo_kernel1_l1_138	update_halo_kernel1_l1
4311	0.000023645	430304	ops_par_loop_update_halo_kernel1_r1_139	update_halo_kernel1_r1
4312	0.000019126	245952	ops_par_loop_group_92	update_halo_kernel2_xvel_plus_2_a+update_halo_kernel2_yvel_minus_2_a
4313	0.000019146	245952	ops_par_loop_group_93	update_halo_kernel2_xvel_plus_2_b+update_halo_kernel2_yvel_minus_2_b
4314	0.000020900	245952	ops_par_loop_group_94	update_halo_kernel2_xvel_minus_2_a+update_halo_kernel2_yvel_plus_2_a
4315	0.000021370	245952	ops_par_loop_group_95	update_halo_kernel2_xvel_minus_2_b+update_halo_kernel2_yvel_plus_2_b
4316	0.001734040	589885440	ops_par_loop_viscosity_kernel_148	viscosity_kernel
4317	0.000021981	430304	ops_par_loop_update_halo_kernel1_b1_149	update_halo_kernel1_b1
4318	0.000020760	430304	ops_par_loop_update_halo_kernel1_t1_150	update_halo_kernel1_t1
4319	0.000022683	430304	ops_par_loop_update_halo_kernel1_l1_151	update_halo_kernel1_l1
4320	0.000022853	430304	ops_par_loop_update_halo_kernel1_r1_152	update_halo_kernel1_r1
4321	0.000917110	1061744640	ops_par_loop_calc_dt_kernel_153	calc_dt_kernel
4322	0.001502902	1887436800	ops_par_loop_group_0	PdV_kernel_predict+ideal_gas_kernel
4323	0.000022603	430304	ops_par_loop_update_halo_kernel1_b1_2	update_halo_kernel1_b1
4324	0.000020519	430304	ops_par_loop_update_halo_kernel1_t1_3	update_halo_kernel1_t1
4325	0.000024246	430304	ops_par_loop_update_halo_kernel1_l1_4	update_halo_kernel1_l1
4326	0.000023494	430304	ops_par_loop_update_halo_kernel1_r1_5	update_halo_kernel1_r1
4327	0.001557785	1770147928	ops_par_loop_group_5	revert_kernel+accelerate_kernel
4328	0.001353648	1651507200	ops_par_loop_PdV_kernel_nopredict_8	PdV_kernel_nopredict
4329	0.000362898	471982080	ops_par_loop_flux_calc_kernelx_9	flux_calc_kernelx
4330	0.000359021	471982080	ops_par_loop_flux_calc_kernely_10	flux_calc_kernely
4331	0.000022683	553536	ops_par_loop_group_9	update_halo_kernel1_b2+update_halo_kernel4_minus_4_a
4332	0.000020559	553536	ops_par_loop_group_10	update_halo_kernel1_b1+update_halo_kernel4_minus_2_a
4333	0.000021181	369120	ops_par_loop_group_11	update_halo_kernel3_plus_4_a+update_halo_kernel2_xvel_plus_4_a+update_halo_kernel2_yvel_minus_4_a
4334	0.000021641	369120	ops_par_loop_group_12	update_halo_kernel3_plus_2_a+update_halo_kernel2_xvel_plus_2_a+update_halo_kernel2_yvel_minus_2_a
4335	0.000018735	123008	ops_par_loop_update_halo_kernel4_minus_4_b_29	update_halo_kernel4_minus_4_b
4336	0.000020268	553536	ops_par_loop_group_14	update_halo_kernel1_t2+update_halo_kernel4_minus_2_b
4337	0.000019918	430528	ops_par_loop_update_halo_kernel1_t1_14	update_halo_kernel1_t1
4338	0.000018865	246080	ops_par_loop_group_16	update_halo_kernel2_xvel_plus_4_b+update_halo_kernel2_yvel_minus_4_b
4339	0.000019637	369120	ops_par_loop_group_17	update_halo_kernel3_plus_4_b+update_halo_kernel2_xvel_plus_2_b+update_halo_kernel2_yvel_minus_2_b
4340	0.000018265	123040	ops_par_loop_update_halo_kernel3_plus_2_b_22	update_halo_kernel3_plus_2_b
4341	0.000025629	553536	ops_par_loop_group_19	update_halo_kernel1_l2+update_halo_kernel3_minus_4_a
4342	0.000022352	553536	ops_par_loop_group_20	update_halo_kernel1_l1+update_halo_kernel3_minus_2_a
4343	0.000019928	123008	ops_par_loop_update_halo_kernel3_minus_4_b_25	update_halo_kernel3_minus_4_b
4344	0.000023204	553536	ops_par_loop_group_22	update_halo_kernel1_r2+update_halo_kernel3_minus_2_b
4345	0.000021521	430528	ops_par_loop_update_halo_kernel1_r1_18	update_halo_kernel1_r1
4346	0.000022924	369120	ops_par_loop_group_24	update_halo_kernel4_plus_4_a+update_halo_kernel2_xvel_minus_4_a+update_halo_kernel2_yvel_plus_4_a
4347	0.000020699	369120	ops_par_loop_group_25	update_halo_kernel4_plus_2_a+update_halo_kernel2_xvel_minus_2_a+update_halo_kernel2_yvel_plus_2_a
4348	0.000020389	246080	ops_par_loop_group_26	update_halo_kernel2_xvel_minus_4_b+update_halo_kernel2_yvel_plus_4_b
4349	0.000022503	369120	ops_par_loop_group_27	update_halo_kernel4_plus_4_b+update_halo_kernel2_xvel_minus_2_b+update_halo_kernel2_yvel_plus_2_b
4350	0.000017854	123040	ops_par_loop_update_halo_kernel4_plus_2_b_34	update_halo_kernel4_plus_2_b
4351	0.000562907	591053440	ops_par_loop_advec_cell_kernel1_xdir_35	advec_cell_kernel1_xdir
4352	0.000772165	708203544	ops_par_loop_advec_cell_kernel3_xdir_36	advec_cell_kernel3_xdir
4353	0.001460451	1533542400	ops_par_loop_advec_cell_kernel4_xdir_37	advec_cell_kernel4_xdir
4354	0.000021230	430528	ops_par_loop_update_halo_kernel1_b2_38	update_halo_kernel1_b2
4355	0.000019927	430528	ops_par_loop_update_halo_kernel1_b1_39	update_halo_kernel1_b1
4356	0.000020239	430528	ops_par_loop_update_halo_kernel1_t2_40	update_halo_kernel1_t2
4357	0.000019357	430528	ops_par_loop_update_halo_kernel1_t1_41	update_halo_kernel1_t1
4358	0.000018234	123040	ops_par_loop_update_halo_kernel3_plus_4_a_62	update_halo_kernel3_plus_4_a
4359	0.000017964	123040	ops_par_loop_update_halo_kernel3_plus_2_a_63	update_halo_kernel3_plus_2_a
4360	0.000017924	123040	ops_par_loop_update_halo_kernel3_plus_4_b_64	update_halo_kernel3_plus_4_b
4361	0.000018124	123040	ops_par_loop_update_halo_kernel3_plus_2_b_65	update_halo_kernel3_plus_2_b
4362	0.000025258	553536	ops_par_loop_group_40	update_halo_kernel1_l2+update_halo_kernel3_minus_4_a
4363	0.000022763	553536	ops_par_loop_group_41	update_halo_kernel1_l1+update_halo_kernel3_minus_2_a
4364	0.000019136	123008	ops_par_loop_update_halo_kernel3_minus_4_b_68	update_halo_kernel3_minus_4_b
4365	0.000024326	553536	ops_par_loop_group_43	update_halo_kernel1_r2+update_halo_kernel3_minus_2_b
4366	0.000020980	430528	ops_par_loop_update_halo_kernel1_r1_45	update_halo_kernel1_r1
4367	0.000561775	591053440	ops_par_loop_advec_mom_kernel_x1_70	advec_mom_kernel_x1
4368	0.000192986	236236864	ops_par_loop_advec_mom_kernel_mass_flux_x_71	advec_mom_kernel_mass_flux_x
4369	0.000571885	590438520	ops_par_loop_advec_mom_kernel_post_pre_advec_x_72	advec_mom_kernel_post_pre_advec_x
4370	0.000882304	472258640	ops_par_loop_advec_mom_kernel1_x_nonvector_73	advec_mom_kernel1_x_nonvector
4371	0.000445345	590131240	ops_par_loop_advec_mom_kernel2_x_74	advec_mom_kernel2_x
4372	0.000560623	591053440	ops_par_loop_advec_mom_kernel_x1_75	advec_mom_kernel_x1
4373	0.000193908	236236864	ops_par_loop_advec_mom_kernel_mass_flux_x_76	advec_mom_kernel_mass_flux_x
4374	0.000572977	590438520	ops_par_loop_advec_mom_kernel_post_pre_advec_x_77	advec_mom_kernel_post_pre_advec_x
4375	0.000883456	472258640	ops_par_loop_advec_mom_kernel1_x_nonvector_78	advec_mom_kernel1_x_nonvector
4376	0.000444994	590131240	ops_par_loop_advec_mom_kernel2_x_79	advec_mom_kernel2_x
4377	0.000497143	472842752	ops_par_loop_advec_cell_kernel2_ydir_80	advec_cell_kernel2_ydir
4378	0.000788005	708203544	ops_par_loop_advec_cell_kernel3_ydir_81	advec_cell_kernel3_ydir
4379	0.001470490	1533542400	ops_par_loop_advec_cell_kernel4_ydir_82	advec_cell_kernel4_ydir
4380	0.000022543	553536	ops_par_loop_group_58	update_halo_kernel1_b2+update_halo_kernel4_minus_4_a
4381	0.000020319	553536	ops_par_loop_group_59	update_halo_kernel1_b1+update_halo_kernel4_minus_2_a
4382	0.000021971	369120	ops_par_loop_group_60	update_halo_kernel2_xvel_plus_4_a+update_halo_kernel2_yvel_minus_4_a+update_halo_kernel3_plus_4_a
4383	0.000021400	369120	ops_par_loop_group_61	update_halo_kernel2_xvel_plus_2_a+update_halo_kernel2_yvel_minus_2_a+update_halo_kernel3_plus_2_a
4384	0.000019046	246080	ops_par_loop_group_62	update_halo_kernel2_xvel_plus_4_b+update_halo_kernel2_yvel_minus_4_b
4385	0.000020219	369120	ops_par_loop_group_63	update_halo_kernel2_xvel_plus_2_b+update_halo_kernel2_yvel_minus_2_b+update_halo_kernel3_plus_4_b
4386	0.000021471	246080	ops_par_loop_group_64	update_halo_kernel2_xvel_minus_4_b+update_halo_kernel2_yvel_plus_4_b
4387	0.000019747	123040	ops_par_loop_update_halo_kernel3_plus_2_b_110	update_halo_kernel3_plus_2_b
4388	0.000020118	123008	ops_par_loop_update_halo_kernel3_minus_4_b_113	update_halo_kernel3_minus_4_b
4389	0.000018285	123008	ops_par_loop_update_halo_kernel4_minus_4_b_117	update_halo_kernel4_minus_4_b
4390	0.000020930	553536	ops_par_loop_group_68	update_halo_kernel1_t2+update_halo_kernel4_minus_2_b
4391	0.000020158	430528	ops_par_loop_update_halo_kernel1_t1_86	update_halo_kernel1_t1
4392	0.000026430	553536	ops_par_loop_group_70	update_halo_kernel1_l2+update_halo_kernel3_minus_4_a
4393	0.000021842	553536	ops_par_loop_group_71	update_halo_kernel1_l1+update_halo_kernel3_minus_2_a
4394	0.000024496	553536	ops_par_loop_group_72	update_halo_kernel1_r2+update_halo_kernel3_minus_2_b
4395	0.000021971	430528	ops_par_loop_update_halo_kernel1_r1_90	update_halo_kernel1_r1
4396	0.000023565	369120	ops_par_loop_group_74	update_halo_kernel2_xvel_minus_4_a+update_halo_kernel2_yvel_plus_4_a+update_halo_kernel4_plus_4_a
4397	0.000021411	369120	ops_par_loop_group_75	update_halo_kernel2_xvel_minus_2_a+update_halo_kernel2_yvel_plus_2_a+update_halo_kernel4_plus_2_a
4398	0.000023334	369120	ops_par_loop_group_76	update_halo_kernel2_xvel_minus_2_b+update_halo_kernel2_yvel_plus_2_b+update_halo_kernel4_plus_4_b
4399	0.000018635	123040	ops_par_loop_update_halo_kernel4_plus_2_b_122	update_halo_kernel4_plus_2_b
4400	0.001776641	1416561152	ops_par_loop_group_78	advec_mom_kernel_y2+reset_field_kernel1+ideal_gas_kernel
4401	0.000194098	236236864	ops_par_loop_advec_mom_kernel_mass_flux_y_124	advec_mom_kernel_mass_flux_y
4402	0.000533121	590438520	ops_par_loop_advec_mom_kernel_post_pre_advec_y_125	advec_mom_kernel_post_pre_advec_y
4403	0.000878337	472258640	ops_par_loop_advec_mom_kernel1_y_nonvector_126	advec_mom_kernel1_y_nonvector
4404	0.000451877	590131240	ops_par_loop_advec_mom_kernel2_y_127	advec_mom_kernel2_y
4405	0.000493125	472842752	ops_par_loop_advec_mom_kernel_y2_128	advec_mom_kernel_y2
4406	0.000192525	236236864	ops_par_loop_advec_mom_kernel_mass_flux_y_129	advec_mom_kernel_mass_flux_y
4407	0.000532731	590438520	ops_par_loop_advec_mom_kernel_post_pre_advec_y_130	advec_mom_kernel_post_pre_advec_y
4408	0.000874920	472258640	ops_par_loop_advec_mom_kernel1_y_nonvector_131	advec_mom_kernel1_y_nonvector
4409	0.000736367	1062236232	ops_par_loop_group_87	advec_mom_kernel2_y+reset_field_kernel2
4410	0.000022021	430304	ops_par_loop_update_halo_kernel1_b1_136	update_halo_kernel1_b1
4411	0.000022212	430304	ops_par_loop_update_halo_kernel1_t1_137	update_halo_kernel1_t1
4412	0.000023154	430304	ops_par_loop_update_halo_kernel1_l1_138	update_halo_kernel1_l1
4413	0.000024105	430304	ops_par_loop_update_halo_kernel1_r1_139	update_halo_kernel1_r1
4414	0.000021090	245952	ops_par_loop_group_92	update_halo_kernel2_xvel_plus_2_a+update_halo_kernel2_yvel_minus_2_a
4415	0.000019708	245952	ops_par_loop_group_93	update_halo_kernel2_xvel_plus_2_b+update_halo_kernel2_yvel_minus_2_b
4416	0.000021942	245952	ops_par_loop_group_94	update_halo_kernel2_xvel_minus_2_a+update_halo_kernel2_yvel_plus_2_a
4417	0.000021531	245952	ops_par_loop_group_95	update_halo_kernel2_xvel_minus_2_b+update_halo_kernel2_yvel_plus_2_b
4418	0.001733959	589885440	ops_par_loop_viscosity_kernel_148	viscosity_kernel
4419	0.000021622	430304	ops_par_loop_update_halo_kernel1_b1_149	update_halo_kernel1_b1
4420	0.000020088	430304	ops_par_loop_update_halo_kernel1_t1_150	update_halo_kernel1_t1
4421	0.000023234	430304	ops_par_loop_update_halo_kernel1_l1_151	update_halo_kernel1_l1
4422	0.000023034	430304	ops_par_loop_update_halo_kernel1_r1_152	update_halo_kernel1_r1
4423	0.000917140	1061744640	ops_par_loop_calc_dt_kernel_153	calc_dt_kernel
4424	0.001485498	1887436800	ops_par_loop_group_0	PdV_kernel_predict+ideal_gas_kernel
4425	0.000022854	430304	ops_par_loop_update_halo_kernel1_b1_2	update_halo_kernel1_b1
4426	0.000020409	430304	ops_par_loop_update_halo_kernel1_t1_3	update_halo_kernel1_t1
4427	0.000024566	430304	ops_par_loop_update_halo_kernel1_l1_4	update_halo_kernel1_l1
4428	0.000028504	430304	ops_par_loop_update_halo_kernel1_r1_5	update_halo_kernel1_r1
4429	0.001557214	1770147928	ops_par_loop_group_5	revert_kernel+accelerate_kernel
4430	0.001357325	1651507200	ops_par_loop_PdV_kernel_nopredict_8	PdV_kernel_nopredict
4431	0.000362067	471982080	ops_par_loop_flux_calc_kernelx_9	flux_calc_kernelx
4432	0.000360012	471982080	ops_par_loop_flux_calc_kernely_10	flux_calc_kernely
4433	0.000022482	553536	ops_par_loop_group_9	update_halo_kernel1_b2+update_halo_kernel4_minus_4_a
4434	0.000020649	553536	ops_par_loop_group_10	update_halo_kernel1_b1+update_halo_kernel4_minus_2_a
4435	0.000021391	369120	ops_par_loop_group_11	update_halo_kernel3_plus_4_a+update_halo_kernel2_xvel_plus_4_a+update_halo_kernel2_yvel_minus_4_a
4436	0.000021090	369120	ops_par_loop_group_12	update_halo_kernel3_plus_2_a+update_halo_kernel2_xvel_plus_2_a+update_halo_kernel2_yvel_minus_2_a
4437	0.000018766	123008	ops_par_loop_update_halo_kernel4_minus_4_b_29	update_halo_kernel4_minus_4_b
4438	0.000020950	553536	ops_par_loop_group_14	update_halo_kernel1_t2+update_halo_kernel4_minus_2_b
4439	0.000020288	430528	ops_par_loop_update_halo_kernel1_t1_14	update_halo_kernel1_t1
4440	0.000019357	246080	ops_par_loop_group_16	update_halo_kernel2_xvel_plus_4_b+update_halo_kernel2_yvel_minus_4_b
4441	0.000020499	369120	ops_par_loop_group_17	update_halo_kernel3_plus_4_b+update_halo_kernel2_xvel_plus_2_b+update_halo_kernel2_yvel_minus_2_b
4442	0.000018345	123040	ops_par_loop_update_halo_kernel3_plus_2_b_22	update_halo_kernel3_plus_2_b
4443	0.000032231	553536	ops_par_loop_group_19	update_halo_kernel1_l2+update_halo_kernel3_minus_4_a
4444	0.000023996	553536	ops_par_loop_group_20	update_halo_kernel1_l1+update_halo_kernel3_minus_2_a
4445	0.000019607	123008	ops_par_loop_update_halo_kernel3_minus_4_b_25	update_halo_kernel3_minus_4_b
4446	0.000025158	553536	ops_par_loop_group_22	update_halo_kernel1_r2+update_halo_kernel3_minus_2_b
4447	0.000021701	430528	ops_par_loop_update_halo_kernel1_r1_18	update_halo_kernel1_r1
4448	0.000023024	369120	ops_par_loop_group_24	update_halo_kernel4_plus_4_a+update_halo_kernel2_xvel_minus_4_a+update_halo_kernel2_yvel_plus_4_a
4449	0.000021711	369120	ops_par_loop_group_25	update_halo_kernel4_plus_2_a+update_halo_kernel2_xvel_minus_2_a+update_halo_kernel2_yvel_plus_2_a
4450	0.000021030	246080	ops_par_loop_group_26	update_halo_kernel2_xvel_minus_4_b+update_halo_kernel2_yvel_plus_4_b
4451	0.000023074	369120	ops_par_loop_group_27	update_halo_kernel4_plus_4_b+update_halo_kernel2_xvel_minus_2_b+update_halo_kernel2_yvel_plus_2_b
4452	0.000018735	123040	ops_par_loop_update_halo_kernel4_plus_2_b_34	update_halo_kernel4_plus_2_b
4453	0.000564120	591053440	ops_par_loop_advec_cell_kernel1_ydir_35	advec_cell_kernel1_ydir
4454	0.000788235	708203544	ops_par_loop_advec_cell_kernel3_ydir_36	advec_cell_kernel3_ydir
4455	0.001473936	1533542400	ops_par_loop_advec_cell_kernel4_ydir_37	advec_cell_kernel4_ydir
4456	0.000022012	553536	ops_par_loop_group_32	update_halo_kernel1_b2+update_halo_kernel4_minus_4_a
4457	0.000021992	553536	ops_par_loop_group_33	update_halo_kernel1_b1+update_halo_kernel4_minus_2_a
4458	0.000017764	123008	ops_par_loop_update_halo_kernel4_minus_4_b_64	update_halo_kernel4_minus_4_b
4459	0.000021791	553536	ops_par_loop_group_35	update_halo_kernel1_t2+update_halo_kernel4_minus_2_b
4460	0.000020488	430528	ops_par_loop_update_halo_kernel1_t1_41	update_halo_kernel1_t1
4461	0.000023846	430528	ops_par_loop_update_halo_kernel1_l2_42	update_halo_kernel1_l2
4462	0.000021611	430528	ops_par_loop_update_halo_kernel1_l1_43	update_halo_kernel1_l1
4463	0.000023294	430528	ops_par_loop_update_halo_kernel1_r2_44	update_halo_kernel1_r2
4464	0.000021160	430528	ops_par_loop_update_halo_kernel1_r1_45	update_halo_kernel1_r1
4465	0.000019266	123040	ops_par_loop_update_halo_kernel4_plus_4_a_66	update_halo_kernel4_plus_4_a
4466	0.000018255	123040	ops_par_loop_update_halo_kernel4_plus_2_a_67	update_halo_kernel4_plus_2_a
4467	0.000019156	123040	ops_par_loop_update_halo_kernel4_plus_4_b_68	update_halo_kernel4_plus_4_b
4468	0.000018605	123040	ops_par_loop_update_halo_kernel4_plus_2_b_69	update_halo_kernel4_plus_2_b
4469	0.000561315	591053440	ops_par_loop_advec_mom_kernel_y1_70	advec_mom_kernel_y1
4470	0.000191563	236236864	ops_par_loop_advec_mom_kernel_mass_flux_y_71	advec_mom_kernel_mass_flux_y
4471	0.000533011	590438520	ops_par_loop_advec_mom_kernel_post_pre_advec_y_72	advec_mom_kernel_post_pre_advec_y
4472	0.000877595	472258640	ops_par_loop_advec_mom_kernel1_y_nonvector_73	advec_mom_kernel1_y_nonvector
4473	0.000446156	590131240	ops_par_loop_advec_mom_kernel2_y_74	advec_mom_kernel2_y
4474	0.000562336	591053440	ops_par_loop_advec_mom_kernel_y1_75	advec_mom_kernel_y1
4475	0.000191834	236236864	ops_par_loop_advec_mom_kernel_mass_flux_y_76	advec_mom_kernel_mass_flux_y
4476	0.000531689	590438520	ops_par_loop_advec_mom_kernel_post_pre_advec_y_77	advec_mom_kernel_post_pre_advec_y
4477	0.000875290	472258640	ops_par_loop_advec_mom_kernel1_y_nonvector_78	advec_mom_kernel1_y_nonvector
4478	0.000453029	590131240	ops_par_loop_advec_mom_kernel2_y_79	advec_mom_kernel2_y
4479	0.000490721	472842752	ops_par_loop_advec_cell_kernel2_xdir_80	advec_cell_kernel2_xdir
4480	0.000773106	708203544	ops_par_loop_advec_cell_kernel3_xdir_81	advec_cell_kernel3_xdir
4481	0.001461993	1533542400	ops_par_loop_advec_cell_kernel4_xdir_82	advec_cell_kernel4_xdir
4482	0.000022062	553536	ops_par_loop_group_58	update_halo_kernel1_b2+update_halo_kernel4_minus_4_a
4483	0.000021070	553536	ops_par_loop_group_59	update_halo_kernel1_b1+update_halo_kernel4_minus_2_a
4484	0.000021772	369120	ops_par_loop_group_60	update_halo_kernel2_xvel_plus_4_a+update_halo_kernel2_yvel_minus_4_a+update_halo_kernel3_plus_4_a
4485	0.000020458	369120	ops_par_loop_group_61	update_halo_kernel2_xvel_plus_2_a+update_halo_kernel2_yvel_minus_2_a+update_halo_kernel3_plus_2_a
4486	0.000018996	246080	ops_par_loop_group_62	update_halo_kernel2_xvel_plus_4_b+update_halo_kernel2_yvel_minus_4_b
4487	0.000020859	369120	ops_par_loop_group_63	update_halo_kernel2_xvel_plus_2_b+update_halo_kernel2_yvel_minus_2_b+update_halo_kernel3_plus_4_b
4488	0.000022182	246080	ops_par_loop_group_64	update_halo_kernel2_xvel_minus_4_b+update_halo_kernel2_yvel_plus_4_b
4489	0.000019357	123040	ops_par_loop_update_halo_kernel3_plus_2_b_110	update_halo_kernel3_plus_2_b
4490	0.000019006	123008	ops_par_loop_update_halo_kernel3_minus_4_b_113	update_halo_kernel3_minus_4_b
4491	0.000018536	123008	ops_par_loop_update_halo_kernel4_minus_4_b_117	update_halo_kernel4_minus_4_b
4492	0.000021631	553536	ops_par_loop_group_68	update_halo_kernel1_t2+update_halo_kernel4_minus_2_b
4493	0.000020419	430528	ops_par_loop_update_halo_kernel1_t1_86	update_halo_kernel1_t1
4494	0.000027372	553536	ops_par_loop_group_70	update_halo_kernel1_l2+update_halo_kernel3_minus_4_a
4495	0.000023334	553536	ops_par_loop_group_71	update_halo_kernel1_l1+update_halo_kernel3_minus_2_a
4496	0.000024726	553536	ops_par_loop_group_72	update_halo_kernel1_r2+update_halo_kernel3_minus_2_b
4497	0.000022643	430528	ops_par_loop_update_halo_kernel1_r1_90	update_halo_kernel1_r1
4498	0.000023024	369120	ops_par_loop_group_74	update_halo_kernel2_xvel_minus_4_a+update_halo_kernel2_yvel_plus_4_a+update_halo_kernel4_plus_4_a
4499	0.000021721	369120	ops_par_loop_group_75	update_halo_kernel2_xvel_minus_2_a+update_halo_kernel2_yvel_plus_2_a+update_halo_kernel4_plus_2_a
4500	0.000022072	369120	ops_par_loop_group_76	update_halo_kernel2_xvel_minus_2_b+update_halo_kernel2_yvel_plus_2_b+update_halo_kernel4_plus_4_b
4501	0.000018575	123040	ops_par_loop_update_halo_kernel4_plus_2_b_122	update_halo_kernel4_plus_2_b
4502	0.001795366	1416561152	ops_par_loop_group_78	advec_mom_kernel_x2+reset_field_kernel1+ideal_gas_kernel
4503	0.000196042	236236864	ops_par_loop_advec_mom_kernel_mass_flux_x_124	advec_mom_kernel_mass_flux_x
4504	0.000572576	590438520	ops_par_loop_advec_mom_kernel_post_pre_advec_x_125	advec_mom_kernel_post_pre_advec_x
4505	0.000883456	472258640	ops_par_loop_advec_mom_kernel1_x_nonvector_126	advec_mom_kernel1_x_nonvector
4506	0.000441567	590131240	ops_par_loop_advec_mom_kernel2_x_127	advec_mom_kernel2_x
4507	0.000497333	472842752	ops_par_loop_advec_mom_kernel_x2_128	advec_mom_kernel_x2
4508	0.000195230	236236864	ops_par_loop_advec_mom_kernel_mass_flux_x_129	advec_mom_kernel_mass_flux_x
4509	0.000573808	590438520	ops_par_loop_advec_mom_kernel_post_pre_advec_x_130	advec_mom_kernel_post_pre_advec_x
4510	0.000883636	472258640	ops_par_loop_advec_mom_kernel1_x_nonvector_131	advec_mom_kernel1_x_nonvector
4511	0.000732550	1062236232	ops_par_loop_group_87	advec_mom_kernel2_x+reset_field_kernel2
4512	0.000023324	430304	ops_par_loop_update_halo_kernel1_b1_136	update_halo_kernel1_b1
4513	0.000020870	430304	ops_par_loop_update_halo_kernel1_t1_137	update_halo_kernel1_t1
4514	0.000025959	430304	ops_par_loop_update_halo_kernel1_l1_138	update_halo_kernel1_l1
4515	0.000026059	430304	ops_par_loop_update_halo_kernel1_r1_139	update_halo_kernel1_r1
4516	0.000022914	245952	ops_par_loop_group_92	update_halo_kernel2_xvel_plus_2_a+update_halo_kernel2_yvel_minus_2_a
4517	0.000022132	245952	ops_par_loop_group_93	update_halo_kernel2_xvel_plus_2_b+update_halo_kernel2_yvel_minus_2_b
4518	0.000024447	245952	ops_par_loop_group_94	update_halo_kernel2_xvel_minus_2_a+update_halo_kernel2_yvel_plus_2_a
4519	0.000024767	245952	ops_par_loop_group_95	update_halo_kernel2_xvel_minus_2_b+update_halo_kernel2_yvel_plus_2_b
4520	0.001736374	589885440	ops_par_loop_viscosity_kernel_148	viscosity_kernel
4521	0.000024316	430304	ops_par_loop_update_halo_kernel1_b1_149	update_halo_kernel1_b1
4522	0.000024356	430304	ops_par_loop_update_halo_kernel1_t1_150	update_halo_kernel1_t1
4523	0.000026751	430304	ops_par_loop_update_halo_kernel1_l1_151	update_halo_kernel1_l1
4524	0.000026080	430304	ops_par_loop_update_halo_kernel1_r1_152	update_halo_kernel1_r1
4525	0.000918252	1061744640	ops_par_loop_calc_dt_kernel_153	calc_dt_kernel
4526	0.001485428	1887436800	ops_par_loop_group_0	PdV_kernel_predict+ideal_gas_kernel
4527	0.000023554	430304	ops_par_loop_update_halo_kernel1_b1_2	update_halo_kernel1_b1
4528	0.000020238	430304	ops_par_loop_update_halo_kernel1_t1_3	update_halo_kernel1_t1
4529	0.000024506	430304	ops_par_loop_update_halo_kernel1_l1_4	update_halo_kernel1_l1
4530	0.000024526	430304	ops_par_loop_update_halo_kernel1_r1_5	update_halo_kernel1_r1
4531	0.001555652	1770147928	ops_par_loop_group_5	revert_kernel+accelerate_kernel
4532	0.001356974	1651507200	ops_par_loop_PdV_kernel_nopredict_8	PdV_kernel_nopredict
4533	0.000368379	471982080	ops_par_loop_flux_calc_kernelx_9	flux_calc_kernelx
4534	0.000356777	471982080	ops_par_loop_flux_calc_kernely_10	flux_calc_kernely
4535	0.000022192	553536	ops_par_loop_group_9	update_halo_kernel1_b2+update_halo_kernel4_minus_4_a
4536	0.000021270	553536	ops_par_loop_group_10	update_halo_kernel1_b1+update_halo_kernel4_minus_2_a
4537	0.000026020	369120	ops_par_loop_group_11	update_halo_kernel3_plus_4_a+update_halo_kernel2_xvel_plus_4_a+update_halo_kernel2_yvel_minus_4_a
4538	0.000021431	369120	ops_par_loop_group_12	update_halo_kernel3_plus_2_a+update_halo_kernel2_xvel_plus_2_a+update_halo_kernel2_yvel_minus_2_a
4539	0.000019217	123008	ops_par_loop_update_halo_kernel4_minus_4_b_29	update_halo_kernel4_minus_4_b
4540	0.000020488	553536	ops_par_loop_group_14	update_halo_kernel1_t2+update_halo_kernel4_minus_2_b
4541	0.000019697	430528	ops_par_loop_update_halo_kernel1_t1_14	update_halo_kernel1_t1
4542	0.000019677	246080	ops_par_loop_group_16	update_halo_kernel2_xvel_plus_4_b+update_halo_kernel2_yvel_minus_4_b
4543	0.000019918	369120	ops_par_loop_group_17	update_halo_kernel3_plus_4_b+update_halo_kernel2_xvel_plus_2_b+update_halo_kernel2_yvel_minus_2_b
4544	0.000018806	123040	ops_par_loop_update_halo_kernel3_plus_2_b_22	update_halo_kernel3_plus_2_b
4545	0.000026300	553536	ops_par_loop_group_19	update_halo_kernel1_l2+update_halo_kernel3_minus_4_a
4546	0.000023355	553536	ops_par_loop_group_20	update_halo_kernel1_l1+update_halo_kernel3_minus_2_a
4547	0.000018996	123008	ops_par_loop_update_halo_kernel3_minus_4_b_25	update_halo_kernel3_minus_4_b
4548	0.000024196	553536	ops_par_loop_group_22	update_halo_kernel1_r2+update_halo_kernel3_minus_2_b
4549	0.000022683	430528	ops_par_loop_update_halo_kernel1_r1_18	update_halo_kernel1_r1
4550	0.000022533	369120	ops_par_loop_group_24	update_halo_kernel4_plus_4_a+update_halo_kernel2_xvel_minus_4_a+update_halo_kernel2_yvel_plus_4_a
4551	0.000021752	369120	ops_par_loop_group_25	update_halo_kernel4_plus_2_a+update_halo_kernel2_xvel_minus_2_a+update_halo_kernel2_yvel_plus_2_a
4552	0.000020680	246080	ops_par_loop_group_26	update_halo_kernel2_xvel_minus_4_b+update_halo_kernel2_yvel_plus_4_b
4553	0.000022713	369120	ops_par_loop_group_27	update_halo_kernel4_plus_4_b+update_halo_kernel2_xvel_minus_2_b+update_halo_kernel2_yvel_plus_2_b
4554	0.000017784	123040	ops_par_loop_update_halo_kernel4_plus_2_b_34	update_halo_kernel4_plus_2_b
4555	0.000563238	591053440	ops_par_loop_advec_cell_kernel1_xdir_35	advec_cell_kernel1_xdir
4556	0.000772635	708203544	ops_par_loop_advec_cell_kernel3_xdir_36	advec_cell_kernel3_xdir
4557	0.001462053	1533542400	ops_par_loop_advec_cell_kernel4_xdir_37	advec_cell_kernel4_xdir
4558	0.000021641	430528	ops_par_loop_update_halo_kernel1_b2_38	update_halo_kernel1_b2
4559	0.000019868	430528	ops_par_loop_update_halo_kernel1_b1_39	update_halo_kernel1_b1
4560	0.000020910	430528	ops_par_loop_update_halo_kernel1_t2_40	update_halo_kernel1_t2
4561	0.000020449	430528	ops_par_loop_update_halo_kernel1_t1_41	update_halo_kernel1_t1
4562	0.000018716	123040	ops_par_loop_update_halo_kernel3_plus_4_a_62	update_halo_kernel3_plus_4_a
4563	0.000018615	123040	ops_par_loop_update_halo_kernel3_plus_2_a_63	update_halo_kernel3_plus_2_a
4564	0.000018575	123040	ops_par_loop_update_halo_kernel3_plus_4_b_64	update_halo_kernel3_plus_4_b
4565	0.000018185	123040	ops_par_loop_update_halo_kernel3_plus_2_b_65	update_halo_kernel3_plus_2_b
4566	0.000026801	553536	ops_par_loop_group_40	update_halo_kernel1_l2+update_halo_kernel3_minus_4_a
4567	0.000023414	553536	ops_par_loop_group_41	update_halo_kernel1_l1+update_halo_kernel3_minus_2_a
4568	0.000019236	123008	ops_par_loop_update_halo_kernel3_minus_4_b_68	update_halo_kernel3_minus_4_b
4569	0.000024887	553536	ops_par_loop_group_43	update_halo_kernel1_r2+update_halo_kernel3_minus_2_b
4570	0.000021450	430528	ops_par_loop_update_halo_kernel1_r1_45	update_halo_kernel1_r1
4571	0.000562076	591053440	ops_par_loop_advec_mom_kernel_x1_70	advec_mom_kernel_x1
4572	0.000193908	236236864	ops_par_loop_advec_mom_kernel_mass_flux_x_71	advec_mom_kernel_mass_flux_x
4573	0.000573758	590438520	ops_par_loop_advec_mom_kernel_post_pre_advec_x_72	advec_mom_kernel_post_pre_advec_x
4574	0.000884067	472258640	ops_par_loop_advec_mom_kernel1_x_nonvector_73	advec_mom_kernel1_x_nonvector
4575	0.000449833	590131240	ops_par_loop_advec_mom_kernel2_x_74	advec_mom_kernel2_x
4576	0.000561034	591053440	ops_par_loop_advec_mom_kernel_x1_75	advec_mom_kernel_x1
4577	0.000193628	236236864	ops_par_loop_advec_mom_kernel_mass_flux_x_76	advec_mom_kernel_mass_flux_x
4578	0.000574289	590438520	ops_par_loop_advec_mom_kernel_post_pre_advec_x_77	advec_mom_kernel_post_pre_advec_x
4579	0.000883336	472258640	ops_par_loop_advec_mom_kernel1_x_nonvector_78	advec_mom_kernel1_x_nonvector
4580	0.000446898	590131240	ops_par_loop_advec_mom_kernel2_x_79	advec_mom_kernel2_x
4581	0.000498686	472842752	ops_par_loop_advec_cell_kernel2_ydir_80	advec_cell_kernel2_ydir
4582	0.000788536	708203544	ops_par_loop_advec_cell_kernel3_ydir_81	advec_cell_kernel3_ydir
4583	0.001475860	1533542400	ops_par_loop_advec_cell_kernel4_ydir_82	advec_cell_kernel4_ydir
4584	0.000024296	553536	ops_par_loop_group_58	update_halo_kernel1_b2+update_halo_kernel4_minus_4_a
4585	0.000022663	553536	ops_par_loop_group_59	update_halo_kernel1_b1+update_halo_kernel4_minus_2_a
4586	0.000030237	369120	ops_par_loop_group_60	update_halo_kernel2_xvel_plus_4_a+update_halo_kernel2_yvel_minus_4_a+update_halo_kernel3_plus_4_a
4587	0.000022062	369120	ops_par_loop_group_61	update_halo_kernel2_xvel_plus_2_a+update_halo_kernel2_yvel_minus_2_a+update_halo_kernel3_plus_2_a
4588	0.000019748	246080	ops_par_loop_group_62	update_halo_kernel2_xvel_plus_4_b+update_halo_kernel2_yvel_minus_4_b
4589	0.000020539	369120	ops_par_loop_group_63	update_halo_kernel2_xvel_plus_2_b+update_halo_kernel2_yvel_minus_2_b+update_halo_kernel3_plus_4_b
4590	0.000022142	246080	ops_par_loop_group_64	update_halo_kernel2_xvel_minus_4_b+update_halo_kernel2_yvel_plus_4_b
4591	0.000019967	123040	ops_par_loop_update_halo_kernel3_plus_2_b_110	update_halo_kernel3_plus_2_b
4592	0.000020108	123008	ops_par_loop_update_halo_kernel3_minus_4_b_113	update_halo_kernel3_minus_4_b
4593	0.000018054	123008	ops_par_loop_update_halo_kernel4_minus_4_b_117	update_halo_kernel4_minus_4_b
4594	0.000021862	553536	ops_par_loop_group_68	update_halo_kernel1_t2+update_halo_kernel4_minus_2_b
4595	0.000020929	430528	ops_par_loop_update_halo_kernel1_t1_86	update_halo_kernel1_t1
4596	0.000026450	553536	ops_par_loop_group_70	update_halo_kernel1_l2+update_halo_kernel3_minus_4_a
4597	0.000023244	553536	ops_par_loop_group_71	update_halo_kernel1_l1+update_halo_kernel3_minus_2_a
4598	0.000024957	553536	ops_par_loop_group_72	update_halo_kernel1_r2+update_halo_kernel3_minus_2_b
4599	0.000022102	430528	ops_par_loop_update_halo_kernel1_r1_90	update_halo_kernel1_r1
4600	0.000024036	369120	ops_par_loop_group_74	update_halo_kernel2_xvel_minus_4_a+update_halo_kernel2_yvel_plus_4_a+update_halo_kernel4_plus_4_a
4601	0.000022262	369120	ops_par_loop_group_75	update_halo_kernel2_xvel_minus_2_a+update_halo_kernel2_yvel_plus_2_a+update_halo_kernel4_plus_2_a
4602	0.000023554	369120	ops_par_loop_group_76	update_halo_kernel2_xvel_minus_2_b+update_halo_kernel2_yvel_plus_2_b+update_halo_kernel4_plus_4_b
4603	0.000019797	123040	ops_par_loop_update_halo_kernel4_plus_2_b_122	update_halo_kernel4_plus_2_b
4604	0.001787120	1416561152	ops_par_loop_group_78	advec_mom_kernel_y2+reset_field_kernel1+ideal_gas_kernel
4605	0.000203186	236236864	ops_par_loop_advec_mom_kernel_mass_flux_y_124	advec_mom_kernel_mass_flux_y
4606	0.000534694	590438520	ops_par_loop_advec_mom_kernel_post_pre_advec_y_125	advec_mom_kernel_post_pre_advec_y
4607	0.000880290	472258640	ops_par_loop_advec_mom_kernel1_y_nonvector_126	advec_mom_kernel1_y_nonvector
4608	0.000443822	590131240	ops_par_loop_advec_mom_kernel2_y_127	advec_mom_kernel2_y
4609	0.000490971	472842752	ops_par_loop_advec_mom_kernel_y2_128	advec_mom_kernel_y2
4610	0.000192665	236236864	ops_par_loop_advec_mom_kernel_mass_flux_y_129	advec_mom_kernel_mass_flux_y
4611	0.000531238	590438520	ops_par_loop_advec_mom_kernel_post_pre_advec_y_130	advec_mom_kernel_post_pre_advec_y
4612	0.000875160	472258640	ops_par_loop_advec_mom_kernel1_y_nonvector_131	advec_mom_kernel1_y_nonvector
4613	0.000735546	1062236232	ops_par_loop_group_87	advec_mom_kernel2_y+reset_field_kernel2
4614	0.000021480	430304	ops_par_loop_update_halo_kernel1_b1_136	update_halo_kernel1_b1
4615	0.000021140	430304	ops_par_loop_update_halo_kernel1_t1_137	update_halo_kernel1_t1
4616	0.000024466	430304	ops_par_loop_update_halo_kernel1_l1_138	update_halo_kernel1_l1
4617	0.000024326	430304	ops_par_loop_update_halo_kernel1_r1_139	update_halo_kernel1_r1
4618	0.000020208	245952	ops_par_loop_group_92	update_halo_kernel2_xvel_plus_2_a+update_halo_kernel2_yvel_minus_2_a
4619	0.000019136	245952	ops_par_loop_group_93	update_halo_kernel2_xvel_plus_2_b+update_halo_kernel2_yvel_minus_2_b
4620	0.000020509	245952	ops_par_loop_group_94	update_halo_kernel2_xvel_minus_2_a+update_halo_kernel2_yvel_plus_2_a
4621	0.000021611	245952	ops_par_loop_group_95	update_halo_kernel2_xvel_minus_2_b+update_halo_kernel2_yvel_plus_2_b
4622	0.001733959	589885440	ops_par_loop_viscosity_kernel_148	viscosity_kernel
4623	0.000021330	430304	ops_par_loop_update_halo_kernel1_b1_149	update_halo_kernel1_b1
4624	0.000020308	430304	ops_par_loop_update_halo_kernel1_t1_150	update_halo_kernel1_t1
4625	0.000023665	430304	ops_par_loop_update_halo_kernel1_l1_151	update_halo_kernel1_l1
4626	0.000023394	430304	ops_par_loop_update_halo_kernel1_r1_152	update_halo_kernel1_r1
4627	0.000917351	1061744640	ops_par_loop_calc_dt_kernel_153	calc_dt_kernel
4628	0.001489656	1887436800	ops_par_loop_group_0	PdV_kernel_predict+ideal_gas_kernel
4629	0.000022943	430304	ops_par_loop_update_halo_kernel1_b1_2	update_halo_kernel1_b1
4630	0.000020228	430304	ops_par_loop_update_halo_kernel1_t1_3	update_halo_kernel1_t1
4631	0.000023926	430304	ops_par_loop_update_halo_kernel1_l1_4	update_halo_kernel1_l1
4632	0.000023144	430304	ops_par_loop_update_halo_kernel1_r1_5	update_halo_kernel1_r1
4633	0.001558707	1770147928	ops_par_loop_group_5	revert_kernel+accelerate_kernel
4634	0.001356002	1651507200	ops_par_loop_PdV_kernel_nopredict_8	PdV_kernel_nopredict
4635	0.000361816	471982080	ops_par_loop_flux_calc_kernelx_9	flux_calc_kernelx
4636	0.000356617	471982080	ops_par_loop_flux_calc_kernely_10	flux_calc_kernely
4637	0.000021852	553536	ops_par_loop_group_9	update_halo_kernel1_b2+update_halo_kernel4_minus_4_a
4638	0.000020910	553536	ops_par_loop_group_10	update_halo_kernel1_b1+update_halo_kernel4_minus_2_a
4639	0.000021842	369120	ops_par_loop_group_11	update_halo_kernel3_plus_4_a+update_halo_kernel2_xvel_plus_4_a+update_halo_kernel2_yvel_minus_4_a
4640	0.000026591	369120	ops_par_loop_group_12	update_halo_kernel3_plus_2_a+update_halo_kernel2_xvel_plus_2_a+update_halo_kernel2_yvel_minus_2_a
4641	0.000019237	123008	ops_par_loop_update_halo_kernel4_minus_4_b_29	update_halo_kernel4_minus_4_b
4642	0.000022062	553536	ops_par_loop_group_14	update_halo_kernel1_t2+update_halo_kernel4_minus_2_b
4643	0.000021922	430528	ops_par_loop_update_halo_kernel1_t1_14	update_halo_kernel1_t1
4644	0.000019077	246080	ops_par_loop_group_16	update_halo_kernel2_xvel_plus_4_b+update_halo_kernel2_yvel_minus_4_b
4645	0.000020148	369120	ops_par_loop_group_17	update_halo_kernel3_plus_4_b+update_halo_kernel2_xvel_plus_2_b+update_halo_kernel2_yvel_minus_2_b
4646	0.000018705	123040	ops_par_loop_update_halo_kernel3_plus_2_b_22	update_halo_kernel3_plus_2_b
4647	0.000025719	553536	ops_par_loop_group_19	update_halo_kernel1_l2+update_halo_kernel3_minus_4_a
4648	0.000022964	553536	ops_par_loop_group_20	update_halo_kernel1_l1+update_halo_kernel3_minus_2_a
4649	0.000018936	123008	ops_par_loop_update_halo_kernel3_minus_4_b_25	update_halo_kernel3_minus_4_b
4650	0.000024857	553536	ops_par_loop_group_22	update_halo_kernel1_r2+update_halo_kernel3_minus_2_b
4651	0.000021611	430528	ops_par_loop_update_halo_kernel1_r1_18	update_halo_kernel1_r1
4652	0.000022823	369120	ops_par_loop_group_24	update_halo_kernel4_plus_4_a+update_halo_kernel2_xvel_minus_4_a+update_halo_kernel2_yvel_plus_4_a
4653	0.000022192	369120	ops_par_loop_group_25	update_halo_kernel4_plus_2_a+update_halo_kernel2_xvel_minus_2_a+update_halo_kernel2_yvel_plus_2_a
4654	0.000021160	246080	ops_par_loop_group_26	update_halo_kernel2_xvel_minus_4_b+update_halo_kernel2_yvel_plus_4_b
4655	0.000022042	369120	ops_par_loop_group_27	update_halo_kernel4_plus_4_b+update_halo_kernel2_xvel_minus_2_b+update_halo_kernel2_yvel_plus_2_b
4656	0.000019076	123040	ops_par_loop_update_halo_kernel4_plus_2_b_34	update_halo_kernel4_plus_2_b
4657	0.000562447	591053440	ops_par_loop_advec_cell_kernel1_ydir_35	advec_cell_kernel1_ydir
4658	0.000788416	708203544	ops_par_loop_advec_cell_kernel3_ydir_36	advec_cell_kernel3_ydir
4659	0.001470940	1533542400	ops_par_loop_advec_cell_kernel4_ydir_37	advec_cell_kernel4_ydir
4660	0.000022573	553536	ops_par_loop_group_32	update_halo_kernel1_b2+update_halo_kernel4_minus_4_a
4661	0.000021120	553536	ops_par_loop_group_33	update_halo_kernel1_b1+update_halo_kernel4_minus_2_a
4662	0.000018885	123008	ops_par_loop_update_halo_kernel4_minus_4_b_64	update_halo_kernel4_minus_4_b
4663	0.000022744	553536	ops_par_loop_group_35	update_halo_kernel1_t2+update_halo_kernel4_minus_2_b
4664	0.000020639	430528	ops_par_loop_update_halo_kernel1_t1_41	update_halo_kernel1_t1
4665	0.000024015	430528	ops_par_loop_update_halo_kernel1_l2_42	update_halo_kernel1_l2
4666	0.000021651	430528	ops_par_loop_update_halo_kernel1_l1_43	update_halo_kernel1_l1
4667	0.000023625	430528	ops_par_loop_update_halo_kernel1_r2_44	update_halo_kernel1_r2
4668	0.000021461	430528	ops_par_loop_update_halo_kernel1_r1_45	update_halo_kernel1_r1
4669	0.000019357	123040	ops_par_loop_update_halo_kernel4_plus_4_a_66	update_halo_kernel4_plus_4_a
4670	0.000018495	123040	ops_par_loop_update_halo_kernel4_plus_2_a_67	update_halo_kernel4_plus_2_a
4671	0.000019437	123040	ops_par_loop_update_halo_kernel4_plus_4_b_68	update_halo_kernel4_plus_4_b
4672	0.000018375	123040	ops_par_loop_update_halo_kernel4_plus_2_b_69	update_halo_kernel4_plus_2_b
4673	0.000562006	591053440	ops_par_loop_advec_mom_kernel_y1_70	advec_mom_kernel_y1
4674	0.000191874	236236864	ops_par_loop_advec_mom_kernel_mass_flux_y_71	advec_mom_kernel_mass_flux_y
4675	0.000539544	590438520	ops_par_loop_advec_mom_kernel_post_pre_advec_y_72	advec_mom_kernel_post_pre_advec_y
4676	0.000877665	472258640	ops_par_loop_advec_mom_kernel1_y_nonvector_73	advec_mom_kernel1_y_nonvector
4677	0.000447970	590131240	ops_par_loop_advec_mom_kernel2_y_74	advec_mom_kernel2_y
4678	0.000561365	591053440	ops_par_loop_advec_mom_kernel_y1_75	advec_mom_kernel_y1
4679	0.000191703	236236864	ops_par_loop_advec_mom_kernel_mass_flux_y_76	advec_mom_kernel_mass_flux_y
4680	0.000534845	590438520	ops_par_loop_advec_mom_kernel_post_pre_advec_y_77	advec_mom_kernel_post_pre_advec_y
4681	0.000874239	472258640	ops_par_loop_advec_mom_kernel1_y_nonvector_78	advec_mom_kernel1_y_nonvector
4682	0.000453059	590131240	ops_par_loop_advec_mom_kernel2_y_79	advec_mom_kernel2_y
4683	0.000489980	472842752	ops_par_loop_advec_cell_kernel2_xdir_80	advec_cell_kernel2_xdir
4684	0.000772827	708203544	ops_par_loop_advec_cell_kernel3_xdir_81	advec_cell_kernel3_xdir
4685	0.001460571	1533542400	ops_par_loop_advec_cell_kernel4_xdir_82	advec_cell_kernel4_xdir
4686	0.000022553	553536	ops_par_loop_group_58	update_halo_kernel1_b2+update_halo_kernel4_minus_4_a
4687	0.000021591	553536	ops_par_loop_group_59	update_halo_kernel1_b1+update_halo_kernel4_minus_2_a
4688	0.000021511	369120	ops_par_loop_group_60	update_halo_kernel2_xvel_plus_4_a+update_halo_kernel2_yvel_minus_4_a+update_halo_kernel3_plus_4_a
4689	0.000020349	369120	ops_par_loop_group_61	update_halo_kernel2_xvel_plus_2_a+update_halo_kernel2_yvel_minus_2_a+update_halo_kernel3_plus_2_a
4690	0.000019607	246080	ops_par_loop_group_62	update_halo_kernel2_xvel_plus_4_b+update_halo_kernel2_yvel_minus_4_b
4691	0.000020629	369120	ops_par_loop_group_63	update_halo_kernel2_xvel_plus_2_b+update_halo_kernel2_yvel_minus_2_b+update_halo_kernel3_plus_4_b
4692	0.000022072	246080	ops_par_loop_group_64	update_halo_kernel2_xvel_minus_4_b+update_halo_kernel2_yvel_plus_4_b
4693	0.000024677	123040	ops_par_loop_update_halo_kernel3_plus_2_b_110	update_halo_kernel3_plus_2_b
4694	0.000019958	123008	ops_par_loop_update_halo_kernel3_minus_4_b_113	update_halo_kernel3_minus_4_b
4695	0.000018625	123008	ops_par_loop_update_halo_kernel4_minus_4_b_117	update_halo_kernel4_minus_4_b
4696	0.000021611	553536	ops_par_loop_group_68	update_halo_kernel1_t2+update_halo_kernel4_minus_2_b
4697	0.000020158	430528	ops_par_loop_update_halo_kernel1_t1_86	update_halo_kernel1_t1
4698	0.000026871	553536	ops_par_loop_group_70	update_halo_kernel1_l2+update_halo_kernel3_minus_4_a
4699	0.000023425	553536	ops_par_loop_group_71	update_halo_kernel1_l1+update_halo_kernel3_minus_2_a
4700	0.000024296	553536	ops_par_loop_group_72	update_halo_kernel1_r2+update_halo_kernel3_minus_2_b
4701	0.000021972	430528	ops_par_loop_update_halo_kernel1_r1_90	update_halo_kernel1_r1
4702	0.000023765	369120	ops_par_loop_group_74	update_halo_kernel2_xvel_minus_4_a+update_halo_kernel2_yvel_plus_4_a+update_halo_kernel4_plus_4_a
4703	0.000021611	369120	ops_par_loop_group_75	update_halo_kernel2_xvel_minus_2_a+update_halo_kernel2_yvel_plus_2_a+update_halo_kernel4_plus_2_a
4704	0.000022302	369120	ops_par_loop_group_76	update_halo_kernel2_xvel_minus_2_b+update_halo_kernel2_yvel_plus_2_b+update_halo_kernel4_plus_4_b
4705	0.000019046	123040	ops_par_loop_update_halo_kernel4_plus_2_b_122	update_halo_kernel4_plus_2_b
4706	0.001783904	1416561152	ops_par_loop_group_78	advec_mom_kernel_x2+reset_field_kernel1+ideal_gas_kernel
4707	0.000197444	236236864	ops_par_loop_advec_mom_kernel_mass_flux_x_124	advec_mom_kernel_mass_flux_x
4708	0.000572546	590438520	ops_par_loop_advec_mom_kernel_post_pre_advec_x_125	advec_mom_kernel_post_pre_advec_x
4709	0.000882815	472258640	ops_par_loop_advec_mom_kernel1_x_nonvector_126	advec_mom_kernel1_x_nonvector
4710	0.000449403	590131240	ops_par_loop_advec_mom_kernel2_x_127	advec_mom_kernel2_x
4711	0.000497464	472842752	ops_par_loop_advec_mom_kernel_x2_128	advec_mom_kernel_x2
4712	0.000195341	236236864	ops_par_loop_advec_mom_kernel_mass_flux_x_129	advec_mom_kernel_mass_flux_x
4713	0.000575542	590438520	ops_par_loop_advec_mom_kernel_post_pre_advec_x_130	advec_mom_kernel_post_pre_advec_x
4714	0.000883275	472258640	ops_par_loop_advec_mom_kernel1_x_nonvector_131	advec_mom_kernel1_x_nonvector
4715	0.000731678	1062236232	ops_par_loop_group_87	advec_mom_kernel2_x+reset_field_kernel2
4716	0.000022332	430304	ops_par_loop_update_halo_kernel1_b1_136	update_halo_kernel1_b1
4717	0.000021070	430304	ops_par_loop_update_halo_kernel1_t1_137	update_halo_kernel1_t1
4718	0.000024888	430304	ops_par_loop_update_halo_kernel1_l1_138	update_halo_kernel1_l1
4719	0.000024496	430304	ops_par_loop_update_halo_kernel1_r1_139	update_halo_kernel1_r1
4720	0.000020389	245952	ops_par_loop_group_92	update_halo_kernel2_xvel_plus_2_a+update_halo_kernel2_yvel_minus_2_a
4721	0.000019336	245952	ops_par_loop_group_93	update_halo_kernel2_xvel_plus_2_b+update_halo_kernel2_yvel_minus_2_b
4722	0.000021250	245952	ops_par_loop_group_94	update_halo_kernel2_xvel_minus_2_a+update_halo_kernel2_yvel_plus_2_a
4723	0.000020890	245952	ops_par_loop_group_95	update_halo_kernel2_xvel_minus_2_b+update_halo_kernel2_yvel_plus_2_b
4724	0.001733649	589885440	ops_par_loop_viscosity_kernel_148	viscosity_kernel
4725	0.000022002	430304	ops_par_loop_update_halo_kernel1_b1_149	update_halo_kernel1_b1
4726	0.000020169	430304	ops_par_loop_update_halo_kernel1_t1_150	update_halo_kernel1_t1
4727	0.000023936	430304	ops_par_loop_update_halo_kernel1_l1_151	update_halo_kernel1_l1
4728	0.000023925	430304	ops_par_loop_update_halo_kernel1_r1_152	update_halo_kernel1_r1
4729	0.000917500	1061744640	ops_par_loop_calc_dt_kernel_153	calc_dt_kernel
4730	0.001534150	1887436800	ops_par_loop_group_0	PdV_kernel_predict+ideal_gas_kernel
4731	0.000023384	430304	ops_par_loop_update_halo_kernel1_b1_2	update_halo_kernel1_b1
4732	0.000019808	430304	ops_par_loop_update_halo_kernel1_t1_3	update_halo_kernel1_t1
4733	0.000024286	430304	ops_par_loop_update_halo_kernel1_l1_4	update_halo_kernel1_l1
4734	0.000023755	430304	ops_par_loop_update_halo_kernel1_r1_5	update_halo_kernel1_r1
4735	0.001557024	1770147928	ops_par_loop_group_5	revert_kernel+accelerate_kernel
4736	0.001357355	1651507200	ops_par_loop_PdV_kernel_nopredict_8	PdV_kernel_nopredict
4737	0.000368669	471982080	ops_par_loop_flux_calc_kernelx_9	flux_calc_kernelx
4738	0.000357669	471982080	ops_par_loop_flux_calc_kernely_10	flux_calc_kernely
4739	0.000021871	553536	ops_par_loop_group_9	update_halo_kernel1_b2+update_halo_kernel4_minus_4_a
4740	0.000020810	553536	ops_par_loop_group_10	update_halo_kernel1_b1+update_halo_kernel4_minus_2_a
4741	0.000021150	369120	ops_par_loop_group_11	update_halo_kernel3_plus_4_a+update_halo_kernel2_xvel_plus_4_a+update_halo_kernel2_yvel_minus_4_a
4742	0.000021110	369120	ops_par_loop_group_12	update_halo_kernel3_plus_2_a+update_halo_kernel2_xvel_plus_2_a+update_halo_kernel2_yvel_minus_2_a
4743	0.000019377	123008	ops_par_loop_update_halo_kernel4_minus_4_b_29	update_halo_kernel4_minus_4_b
4744	0.000020579	553536	ops_par_loop_group_14	update_halo_kernel1_t2+update_halo_kernel4_minus_2_b
4745	0.000020489	430528	ops_par_loop_update_halo_kernel1_t1_14	update_halo_kernel1_t1
4746	0.000019397	246080	ops_par_loop_group_16	update_halo_kernel2_xvel_plus_4_b+update_halo_kernel2_yvel_minus_4_b
4747	0.000020909	369120	ops_par_loop_group_17	update_halo_kernel3_plus_4_b+update_halo_kernel2_xvel_plus_2_b+update_halo_kernel2_yvel_minus_2_b
4748	0.000018515	123040	ops_par_loop_update_halo_kernel3_plus_2_b_22	update_halo_kernel3_plus_2_b
4749	0.000025839	553536	ops_par_loop_group_19	update_halo_kernel1_l2+update_halo_kernel3_minus_4_a
4750	0.000022673	553536	ops_par_loop_group_20	update_halo_kernel1_l1+update_halo_kernel3_minus_2_a
4751	0.000018856	123008	ops_par_loop_update_halo_kernel3_minus_4_b_25	update_halo_kernel3_minus_4_b
4752	0.000023645	553536	ops_par_loop_group_22	update_halo_kernel1_r2+update_halo_kernel3_minus_2_b
4753	0.000021390	430528	ops_par_loop_update_halo_kernel1_r1_18	update_halo_kernel1_r1
4754	0.000022523	369120	ops_par_loop_group_24	update_halo_kernel4_plus_4_a+update_halo_kernel2_xvel_minus_4_a+update_halo_kernel2_yvel_plus_4_a
4755	0.000021351	369120	ops_par_loop_group_25	update_halo_kernel4_plus_2_a+update_halo_kernel2_xvel_minus_2_a+update_halo_kernel2_yvel_plus_2_a
4756	0.000020699	246080	ops_par_loop_group_26	update_halo_kernel2_xvel_minus_4_b+update_halo_kernel2_yvel_plus_4_b
4757	0.000022182	369120	ops_par_loop_group_27	update_halo_kernel4_plus_4_b+update_halo_kernel2_xvel_minus_2_b+update_halo_kernel2_yvel_plus_2_b
4758	0.000017954	123040	ops_par_loop_update_halo_kernel4_plus_2_b_34	update_halo_kernel4_plus_2_b
4759	0.000563569	591053440	ops_par_loop_advec_cell_kernel1_xdir_35	advec_cell_kernel1_xdir
4760	0.000772526	708203544	ops_par_loop_advec_cell_kernel3_xdir_36	advec_cell_kernel3_xdir
4761	0.001462614	1533542400	ops_par_loop_advec_cell_kernel4_xdir_37	advec_cell_kernel4_xdir
4762	0.000021260	430528	ops_par_loop_update_halo_kernel1_b2_38	update_halo_kernel1_b2
4763	0.000020119	430528	ops_par_loop_update_halo_kernel1_b1_39	update_halo_kernel1_b1
4764	0.000020499	430528	ops_par_loop_update_halo_kernel1_t2_40	update_halo_kernel1_t2
4765	0.000019717	430528	ops_par_loop_update_halo_kernel1_t1_41	update_halo_kernel1_t1
4766	0.000018916	123040	ops_par_loop_update_halo_kernel3_plus_4_a_62	update_halo_kernel3_plus_4_a
4767	0.000018856	123040	ops_par_loop_update_halo_kernel3_plus_2_a_63	update_halo_kernel3_plus_2_a
4768	0.000017654	123040	ops_par_loop_update_halo_kernel3_plus_4_b_64	update_halo_kernel3_plus_4_b
4769	0.000017974	123040	ops_par_loop_update_halo_kernel3_plus_2_b_65	update_halo_kernel3_plus_2_b
4770	0.000026300	553536	ops_par_loop_group_40	update_halo_kernel1_l2+update_halo_kernel3_minus_4_a
4771	0.000023986	553536	ops_par_loop_group_41	update_halo_kernel1_l1+update_halo_kernel3_minus_2_a
4772	0.000019066	123008	ops_par_loop_update_halo_kernel3_minus_4_b_68	update_halo_kernel3_minus_4_b
4773	0.000024707	553536	ops_par_loop_group_43	update_halo_kernel1_r2+update_halo_kernel3_minus_2_b
4774	0.000021480	430528	ops_par_loop_update_halo_kernel1_r1_45	update_halo_kernel1_r1
4775	0.000562998	591053440	ops_par_loop_advec_mom_kernel_x1_70	advec_mom_kernel_x1
4776	0.000193998	236236864	ops_par_loop_advec_mom_kernel_mass_flux_x_71	advec_mom_kernel_mass_flux_x
4777	0.000574159	590438520	ops_par_loop_advec_mom_kernel_post_pre_advec_x_72	advec_mom_kernel_post_pre_advec_x
4778	0.000882194	472258640	ops_par_loop_advec_mom_kernel1_x_nonvector_73	advec_mom_kernel1_x_nonvector
4779	0.000446528	590131240	ops_par_loop_advec_mom_kernel2_x_74	advec_mom_kernel2_x
4780	0.000562136	591053440	ops_par_loop_advec_mom_kernel_x1_75	advec_mom_kernel_x1
4781	0.000193387	236236864	ops_par_loop_advec_mom_kernel_mass_flux_x_76	advec_mom_kernel_mass_flux_x
4782	0.000574891	590438520	ops_par_loop_advec_mom_kernel_post_pre_advec_x_77	advec_mom_kernel_post_pre_advec_x
4783	0.000883065	472258640	ops_par_loop_advec_mom_kernel1_x_nonvector_78	advec_mom_kernel1_x_nonvector
4784	0.000444804	590131240	ops_par_loop_advec_mom_kernel2_x_79	advec_mom_kernel2_x
4785	0.000500199	472842752	ops_par_loop_advec_cell_kernel2_ydir_80	advec_cell_kernel2_ydir
4786	0.000789237	708203544	ops_par_loop_advec_cell_kernel3_ydir_81	advec_cell_kernel3_ydir
4787	0.001477032	1533542400	ops_par_loop_advec_cell_kernel4_ydir_82	advec_cell_kernel4_ydir
4788	0.000022613	553536	ops_par_loop_group_58	update_halo_kernel1_b2+update_halo_kernel4_minus_4_a
4789	0.000021080	553536	ops_par_loop_group_59	update_halo_kernel1_b1+update_halo_kernel4_minus_2_a
4790	0.000022172	369120	ops_par_loop_group_60	update_halo_kernel2_xvel_plus_4_a+update_halo_kernel2_yvel_minus_4_a+update_halo_kernel3_plus_4_a
4791	0.000021180	369120	ops_par_loop_group_61	update_halo_kernel2_xvel_plus_2_a+update_halo_kernel2_yvel_minus_2_a+update_halo_kernel3_plus_2_a
4792	0.000019357	246080	ops_par_loop_group_62	update_halo_kernel2_xvel_plus_4_b+update_halo_kernel2_yvel_minus_4_b
4793	0.000020489	369120	ops_par_loop_group_63	update_halo_kernel2_xvel_plus_2_b+update_halo_kernel2_yvel_minus_2_b+update_halo_kernel3_plus_4_b
4794	0.000021581	246080	ops_par_loop_group_64	update_halo_kernel2_xvel_minus_4_b+update_halo_kernel2_yvel_plus_4_b
4795	0.000019637	123040	ops_par_loop_update_halo_kernel3_plus_2_b_110	update_halo_kernel3_plus_2_b
4796	0.000020008	123008	ops_par_loop_update_halo_kernel3_minus_4_b_113	update_halo_kernel3_minus_4_b
4797	0.000018695	123008	ops_par_loop_update_halo_kernel4_minus_4_b_117	update_halo_kernel4_minus_4_b
4798	0.000021561	553536	ops_par_loop_group_68	update_halo_kernel1_t2+update_halo_kernel4_minus_2_b
4799	0.000020559	430528	ops_par_loop_update_halo_kernel1_t1_86	update_halo_kernel1_t1
4800	0.000025669	553536	ops_par_loop_group_70	update_halo_kernel1_l2+update_halo_kernel3_minus_4_a
4801	0.000023024	553536	ops_par_loop_group_71	update_halo_kernel1_l1+update_halo_kernel3_minus_2_a
4802	0.000024527	553536	ops_par_loop_group_72	update_halo_kernel1_r2+update_halo_kernel3_minus_2_b
4803	0.000022363	430528	ops_par_loop_update_halo_kernel1_r1_90	update_halo_kernel1_r1
4804	0.000023605	369120	ops_par_loop_group_74	update_halo_kernel2_xvel_minus_4_a+update_halo_kernel2_yvel_plus_4_a+update_halo_kernel4_plus_4_a
4805	0.000021942	369120	ops_par_loop_group_75	update_halo_kernel2_xvel_minus_2_a+update_halo_kernel2_yvel_plus_2_a+update_halo_kernel4_plus_2_a
4806	0.000022573	369120	ops_par_loop_group_76	update_halo_kernel2_xvel_minus_2_b+update_halo_kernel2_yvel_plus_2_b+update_halo_kernel4_plus_4_b
4807	0.000018264	123040	ops_par_loop_update_halo_kernel4_plus_2_b_122	update_halo_kernel4_plus_2_b
4808	0.001781049	1416561152	ops_par_loop_group_78	advec_mom_kernel_y2+reset_field_kernel1+ideal_gas_kernel
4809	0.000194599	236236864	ops_par_loop_advec_mom_kernel_mass_flux_y_124	advec_mom_kernel_mass_flux_y
4810	0.000533132	590438520	ops_par_loop_advec_mom_kernel_post_pre_advec_y_125	advec_mom_kernel_post_pre_advec_y
4811	0.000877995	472258640	ops_par_loop_advec_mom_kernel1_y_nonvector_126	advec_mom_kernel1_y_nonvector
4812	0.000448120	590131240	ops_par_loop_advec_mom_kernel2_y_127	advec_mom_kernel2_y
4813	0.000489959	472842752	ops_par_loop_advec_mom_kernel_y2_128	advec_mom_kernel_y2
4814	0.000192225	236236864	ops_par_loop_advec_mom_kernel_mass_flux_y_129	advec_mom_kernel_mass_flux_y
4815	0.000530887	590438520	ops_par_loop_advec_mom_kernel_post_pre_advec_y_130	advec_mom_kernel_post_pre_advec_y
4816	0.000874189	472258640	ops_par_loop_advec_mom_kernel1_y_nonvector_131	advec_mom_kernel1_y_nonvector
4817	0.000735485	1062236232	ops_par_loop_group_87	advec_mom_kernel2_y+reset_field_kernel2
4818	0.000023475	430304	ops_par_loop_update_halo_kernel1_b1_136	update_halo_kernel1_b1
4819	0.000020188	430304	ops_par_loop_update_halo_kernel1_t1_137	update_halo_kernel1_t1
4820	0.000023925	430304	ops_par_loop_update_halo_kernel1_l1_138	update_halo_kernel1_l1
4821	0.000023936	430304	ops_par_loop_update_halo_kernel1_r1_139	update_halo_kernel1_r1
4822	0.000020369	245952	ops_par_loop_group_92	update_halo_kernel2_xvel_plus_2_a+update_halo_kernel2_yvel_minus_2_a
4823	0.000018956	245952	ops_par_loop_group_93	update_halo_kernel2_xvel_plus_2_b+update_halo_kernel2_yvel_minus_2_b
4824	0.000020859	245952	ops_par_loop_group_94	update_halo_kernel2_xvel_minus_2_a+update_halo_kernel2_yvel_plus_2_a
4825	0.000020910	245952	ops_par_loop_group_95	update_halo_kernel2_xvel_minus_2_b+update_halo_kernel2_yvel_plus_2_b
4826	0.001733668	589885440	ops_par_loop_viscosity_kernel_148	viscosity_kernel
4827	0.000021872	430304	ops_par_loop_update_halo_kernel1_b1_149	update_halo_kernel1_b1
4828	0.000019517	430304	ops_par_loop_update_halo_kernel1_t1_150	update_halo_kernel1_t1
4829	0.000022863	430304	ops_par_loop_update_halo_kernel1_l1_151	update_halo_kernel1_l1
4830	0.000023314	430304	ops_par_loop_update_halo_kernel1_r1_152	update_halo_kernel1_r1
4831	0.000917350	1061744640	ops_par_loop_calc_dt_kernel_153	calc_dt_kernel
4832	0.001490297	1887436800	ops_par_loop_group_0	PdV_kernel_predict+ideal_gas_kernel
4833	0.000022984	430304	ops_par_loop_update_halo_kernel1_b1_2	update_halo_kernel1_b1
4834	0.000020128	430304	ops_par_loop_update_halo_kernel1_t1_3	update_halo_kernel1_t1
4835	0.000023785	430304	ops_par_loop_update_halo_kernel1_l1_4	update_halo_kernel1_l1
4836	0.000023144	430304	ops_par_loop_update_halo_kernel1_r1_5	update_halo_kernel1_r1
4837	0.001554759	1770147928	ops_par_loop_group_5	revert_kernel+accelerate_kernel
4838	0.001350172	1651507200	ops_par_loop_PdV_kernel_nopredict_8	PdV_kernel_nopredict
4839	0.000362187	471982080	ops_par_loop_flux_calc_kernelx_9	flux_calc_kernelx
4840	0.000359563	471982080	ops_par_loop_flux_calc_kernely_10	flux_calc_kernely
4841	0.000022032	553536	ops_par_loop_group_9	update_halo_kernel1_b2+update_halo_kernel4_minus_4_a
4842	0.000021691	553536	ops_par_loop_group_10	update_halo_kernel1_b1+update_halo_kernel4_minus_2_a
4843	0.000021762	369120	ops_par_loop_group_11	update_halo_kernel3_plus_4_a+update_halo_kernel2_xvel_plus_4_a+update_halo_kernel2_yvel_minus_4_a
4844	0.000020529	369120	ops_par_loop_group_12	update_halo_kernel3_plus_2_a+update_halo_kernel2_xvel_plus_2_a+update_halo_kernel2_yvel_minus_2_a
4845	0.000018996	123008	ops_par_loop_update_halo_kernel4_minus_4_b_29	update_halo_kernel4_minus_4_b
4846	0.000021400	553536	ops_par_loop_group_14	update_halo_kernel1_t2+update_halo_kernel4_minus_2_b
4847	0.000020789	430528	ops_par_loop_update_halo_kernel1_t1_14	update_halo_kernel1_t1
4848	0.000019327	246080	ops_par_loop_group_16	update_halo_kernel2_xvel_plus_4_b+update_halo_kernel2_yvel_minus_4_b
4849	0.000020780	369120	ops_par_loop_group_17	update_halo_kernel3_plus_4_b+update_halo_kernel2_xvel_plus_2_b+update_halo_kernel2_yvel_minus_2_b
4850	0.000018836	123040	ops_par_loop_update_halo_kernel3_plus_2_b_22	update_halo_kernel3_plus_2_b
4851	0.000026119	553536	ops_par_loop_group_19	update_halo_kernel1_l2+update_halo_kernel3_minus_4_a
4852	0.000023044	553536	ops_par_loop_group_20	update_halo_kernel1_l1+update_halo_kernel3_minus_2_a
4853	0.000019838	123008	ops_par_loop_update_halo_kernel3_minus_4_b_25	update_halo_kernel3_minus_4_b
4854	0.000024907	553536	ops_par_loop_group_22	update_halo_kernel1_r2+update_halo_kernel3_minus_2_b
4855	0.000021711	430528	ops_par_loop_update_halo_kernel1_r1_18	update_halo_kernel1_r1
4856	0.000023345	369120	ops_par_loop_group_24	update_halo_kernel4_plus_4_a+update_halo_kernel2_xvel_minus_4_a+update_halo_kernel2_yvel_plus_4_a
4857	0.000022212	369120	ops_par_loop_group_25	update_halo_kernel4_plus_2_a+update_halo_kernel2_xvel_minus_2_a+update_halo_kernel2_yvel_plus_2_a
4858	0.000021080	246080	ops_par_loop_group_26	update_halo_kernel2_xvel_minus_4_b+update_halo_kernel2_yvel_plus_4_b
4859	0.000022072	369120	ops_par_loop_group_27	update_halo_kernel4_plus_4_b+update_halo_kernel2_xvel_minus_2_b+update_halo_kernel2_yvel_plus_2_b
4860	0.000018705	123040	ops_par_loop_update_halo_kernel4_plus_2_b_34	update_halo_kernel4_plus_2_b
4861	0.000562678	591053440	ops_par_loop_advec_cell_kernel1_ydir_35	advec_cell_kernel1_ydir
4862	0.000789007	708203544	ops_par_loop_advec_cell_kernel3_ydir_36	advec_cell_kernel3_ydir
4863	0.001468927	1533542400	ops_par_loop_advec_cell_kernel4_ydir_37	advec_cell_kernel4_ydir
4864	0.000022182	553536	ops_par_loop_group_32	update_halo_kernel1_b2+update_halo_kernel4_minus_4_a
4865	0.000021230	553536	ops_par_loop_group_33	update_halo_kernel1_b1+update_halo_kernel4_minus_2_a
4866	0.000017694	123008	ops_par_loop_update_halo_kernel4_minus_4_b_64	update_halo_kernel4_minus_4_b
4867	0.000021851	553536	ops_par_loop_group_35	update_halo_kernel1_t2+update_halo_kernel4_minus_2_b
4868	0.000020278	430528	ops_par_loop_update_halo_kernel1_t1_41	update_halo_kernel1_t1
4869	0.000024206	430528	ops_par_loop_update_halo_kernel1_l2_42	update_halo_kernel1_l2
4870	0.000020699	430528	ops_par_loop_update_halo_kernel1_l1_43	update_halo_kernel1_l1
4871	0.000023004	430528	ops_par_loop_update_halo_kernel1_r2_44	update_halo_kernel1_r2
4872	0.000021160	430528	ops_par_loop_update_halo_kernel1_r1_45	update_halo_kernel1_r1
4873	0.000019097	123040	ops_par_loop_update_halo_kernel4_plus_4_a_66	update_halo_kernel4_plus_4_a
4874	0.000018585	123040	ops_par_loop_update_halo_kernel4_plus_2_a_67	update_halo_kernel4_plus_2_a
4875	0.000020008	123040	ops_par_loop_update_halo_kernel4_plus_4_b_68	update_halo_kernel4_plus_4_b
4876	0.000018796	123040	ops_par_loop_update_halo_kernel4_plus_2_b_69	update_halo_kernel4_plus_2_b
4877	0.000562537	591053440	ops_par_loop_advec_mom_kernel_y1_70	advec_mom_kernel_y1
4878	0.000191894	236236864	ops_par_loop_advec_mom_kernel_mass_flux_y_71	advec_mom_kernel_mass_flux_y
4879	0.000533362	590438520	ops_par_loop_advec_mom_kernel_post_pre_advec_y_72	advec_mom_kernel_post_pre_advec_y
4880	0.000877404	472258640	ops_par_loop_advec_mom_kernel1_y_nonvector_73	advec_mom_kernel1_y_nonvector
4881	0.000447619	590131240	ops_par_loop_advec_mom_kernel2_y_74	advec_mom_kernel2_y
4882	0.000562236	591053440	ops_par_loop_advec_mom_kernel_y1_75	advec_mom_kernel_y1
4883	0.000191914	236236864	ops_par_loop_advec_mom_kernel_mass_flux_y_76	advec_mom_kernel_mass_flux_y
4884	0.000532751	590438520	ops_par_loop_advec_mom_kernel_post_pre_advec_y_77	advec_mom_kernel_post_pre_advec_y
4885	0.000874799	472258640	ops_par_loop_advec_mom_kernel1_y_nonvector_78	advec_mom_kernel1_y_nonvector
4886	0.000452248	590131240	ops_par_loop_advec_mom_kernel2_y_79	advec_mom_kernel2_y
4887	0.000491352	472842752	ops_par_loop_advec_cell_kernel2_xdir_80	advec_cell_kernel2_xdir
4888	0.000772365	708203544	ops_par_loop_advec_cell_kernel3_xdir_81	advec_cell_kernel3_xdir
4889	0.001463596	1533542400	ops_par_loop_advec_cell_kernel4_xdir_82	advec_cell_kernel4_xdir
4890	0.000023584	553536	ops_par_loop_group_58	update_halo_kernel1_b2+update_halo_kernel4_minus_4_a
4891	0.000021731	553536	ops_par_loop_group_59	update_halo_kernel1_b1+update_halo_kernel4_minus_2_a
4892	0.000022252	369120	ops_par_loop_group_60	update_halo_kernel2_xvel_plus_4_a+update_halo_kernel2_yvel_minus_4_a+update_halo_kernel3_plus_4_a
4893	0.000020759	369120	ops_par_loop_group_61	update_halo_kernel2_xvel_plus_2_a+update_halo_kernel2_yvel_minus_2_a+update_halo_kernel3_plus_2_a
4894	0.000019127	246080	ops_par_loop_group_62	update_halo_kernel2_xvel_plus_4_b+update_halo_kernel2_yvel_minus_4_b
4895	0.000021641	369120	ops_par_loop_group_63	update_halo_kernel2_xvel_plus_2_b+update_halo_kernel2_yvel_minus_2_b+update_halo_kernel3_plus_4_b
4896	0.000022643	246080	ops_par_loop_group_64	update_halo_kernel2_xvel_minus_4_b+update_halo_kernel2_yvel_plus_4_b
4897	0.000019206	123040	ops_par_loop_update_halo_kernel3_plus_2_b_110	update_halo_kernel3_plus_2_b
4898	0.000019066	123008	ops_par_loop_update_halo_kernel3_minus_4_b_113	update_halo_kernel3_minus_4_b
4899	0.000018204	123008	ops_par_loop_update_halo_kernel4_minus_4_b_117	update_halo_kernel4_minus_4_b
4900	0.000021130	553536	ops_par_loop_group_68	update_halo_kernel1_t2+update_halo_kernel4_minus_2_b
4901	0.000020439	430528	ops_par_loop_update_halo_kernel1_t1_86	update_halo_kernel1_t1
4902	0.000027993	553536	ops_par_loop_group_70	update_halo_kernel1_l2+update_halo_kernel3_minus_4_a
4903	0.000024076	553536	ops_par_loop_group_71	update_halo_kernel1_l1+update_halo_kernel3_minus_2_a
4904	0.000025078	553536	ops_par_loop_group_72	update_halo_kernel1_r2+update_halo_kernel3_minus_2_b
4905	0.000021801	430528	ops_par_loop_update_halo_kernel1_r1_90	update_halo_kernel1_r1
4906	0.000023594	369120	ops_par_loop_group_74	update_halo_kernel2_xvel_minus_4_a+update_halo_kernel2_yvel_plus_4_a+update_halo_kernel4_plus_4_a
4907	0.000022112	369120	ops_par_loop_group_75	update_halo_kernel2_xvel_minus_2_a+update_halo_kernel2_yvel_plus_2_a+update_halo_kernel4_plus_2_a
4908	0.000023003	369120	ops_par_loop_group_76	update_halo_kernel2_xvel_minus_2_b+update_halo_kernel2_yvel_plus_2_b+update_halo_kernel4_plus_4_b
4909	0.000018996	123040	ops_par_loop_update_halo_kernel4_plus_2_b_122	update_halo_kernel4_plus_2_b
4910	0.001782872	1416561152	ops_par_loop_group_78	advec_mom_kernel_x2+reset_field_kernel1+ideal_gas_kernel
4911	0.000196463	236236864	ops_par_loop_advec_mom_kernel_mass_flux_x_124	advec_mom_kernel_mass_flux_x
4912	0.000573628	590438520	ops_par_loop_advec_mom_kernel_post_pre_advec_x_125	advec_mom_kernel_post_pre_advec_x
4913	0.000883266	472258640	ops_par_loop_advec_mom_kernel1_x_nonvector_126	advec_mom_kernel1_x_nonvector
4914	0.000450244	590131240	ops_par_loop_advec_mom_kernel2_x_127	advec_mom_kernel2_x
4915	0.000497774	472842752	ops_par_loop_advec_mom_kernel_x2_128	advec_mom_kernel_x2
4916	0.000194629	236236864	ops_par_loop_advec_mom_kernel_mass_flux_x_129	advec_mom_kernel_mass_flux_x
4917	0.000578307	590438520	ops_par_loop_advec_mom_kernel_post_pre_advec_x_130	advec_mom_kernel_post_pre_advec_x
4918	0.000883817	472258640	ops_par_loop_advec_mom_kernel1_x_nonvector_131	advec_mom_kernel1_x_nonvector
4919	0.000731668	1062236232	ops_par_loop_group_87	advec_mom_kernel2_x+reset_field_kernel2
4920	0.000022111	430304	ops_par_loop_update_halo_kernel1_b1_136	update_halo_kernel1_b1
4921	0.000021200	430304	ops_par_loop_update_halo_kernel1_t1_137	update_halo_kernel1_t1
4922	0.000025168	430304	ops_par_loop_update_halo_kernel1_l1_138	update_halo_kernel1_l1
4923	0.000024336	430304	ops_par_loop_update_halo_kernel1_r1_139	update_halo_kernel1_r1
4924	0.000019627	245952	ops_par_loop_group_92	update_halo_kernel2_xvel_plus_2_a+update_halo_kernel2_yvel_minus_2_a
4925	0.000019517	245952	ops_par_loop_group_93	update_halo_kernel2_xvel_plus_2_b+update_halo_kernel2_yvel_minus_2_b
4926	0.000021201	245952	ops_par_loop_group_94	update_halo_kernel2_xvel_minus_2_a+update_halo_kernel2_yvel_plus_2_a
4927	0.000021682	245952	ops_par_loop_group_95	update_halo_kernel2_xvel_minus_2_b+update_halo_kernel2_yvel_plus_2_b
4928	0.001733819	589885440	ops_par_loop_viscosity_kernel_148	viscosity_kernel
4929	0.000021972	430304	ops_par_loop_update_halo_kernel1_b1_149	update_halo_kernel1_b1
4930	0.000020559	430304	ops_par_loop_update_halo_kernel1_t1_150	update_halo_kernel1_t1
4931	0.000024627	430304	ops_par_loop_update_halo_kernel1_l1_151	update_halo_kernel1_l1
4932	0.000024086	430304	ops_par_loop_update_halo_kernel1_r1_152	update_halo_kernel1_r1
4933	0.000916509	1061744640	ops_par_loop_calc_dt_kernel_153	calc_dt_kernel
4934	0.001490698	1887436800	ops_par_loop_group_0	PdV_kernel_predict+ideal_gas_kernel
4935	0.000022553	430304	ops_par_loop_update_halo_kernel1_b1_2	update_halo_kernel1_b1
4936	0.000019867	430304	ops_par_loop_update_halo_kernel1_t1_3	update_halo_kernel1_t1
4937	0.000024286	430304	ops_par_loop_update_halo_kernel1_l1_4	update_halo_kernel1_l1
4938	0.000023644	430304	ops_par_loop_update_halo_kernel1_r1_5	update_halo_kernel1_r1
4939	0.001554679	1770147928	ops_par_loop_group_5	revert_kernel+accelerate_kernel
4940	0.001357976	1651507200	ops_par_loop_PdV_kernel_nopredict_8	PdV_kernel_nopredict
4941	0.000367487	471982080	ops_par_loop_flux_calc_kernelx_9	flux_calc_kernelx
4942	0.000358490	471982080	ops_par_loop_flux_calc_kernely_10	flux_calc_kernely
4943	0.000022172	553536	ops_par_loop_group_9	update_halo_kernel1_b2+update_halo_kernel4_minus_4_a
4944	0.000020899	553536	ops_par_loop_group_10	update_halo_kernel1_b1+update_halo_kernel4_minus_2_a
4945	0.000021671	369120	ops_par_loop_group_11	update_halo_kernel3_plus_4_a+update_halo_kernel2_xvel_plus_4_a+update_halo_kernel2_yvel_minus_4_a
4946	0.000020890	369120	ops_par_loop_group_12	update_halo_kernel3_plus_2_a+update_halo_kernel2_xvel_plus_2_a+update_halo_kernel2_yvel_minus_2_a
4947	0.000019056	123008	ops_par_loop_update_halo_kernel4_minus_4_b_29	update_halo_kernel4_minus_4_b
4948	0.000021371	553536	ops_par_loop_group_14	update_halo_kernel1_t2+update_halo_kernel4_minus_2_b
4949	0.000019777	430528	ops_par_loop_update_halo_kernel1_t1_14	update_halo_kernel1_t1
4950	0.000019748	246080	ops_par_loop_group_16	update_halo_kernel2_xvel_plus_4_b+update_halo_kernel2_yvel_minus_4_b
4951	0.000020168	369120	ops_par_loop_group_17	update_halo_kernel3_plus_4_b+update_halo_kernel2_xvel_plus_2_b+update_halo_kernel2_yvel_minus_2_b
4952	0.000018445	123040	ops_par_loop_update_halo_kernel3_plus_2_b_22	update_halo_kernel3_plus_2_b
4953	0.000025989	553536	ops_par_loop_group_19	update_halo_kernel1_l2+update_halo_kernel3_minus_4_a
4954	0.000023154	553536	ops_par_loop_group_20	update_halo_kernel1_l1+update_halo_kernel3_minus_2_a
4955	0.000019306	123008	ops_par_loop_update_halo_kernel3_minus_4_b_25	update_halo_kernel3_minus_4_b
4956	0.000023524	553536	ops_par_loop_group_22	update_halo_kernel1_r2+update_halo_kernel3_minus_2_b
4957	0.000022343	430528	ops_par_loop_update_halo_kernel1_r1_18	update_halo_kernel1_r1
4958	0.000023214	369120	ops_par_loop_group_24	update_halo_kernel4_plus_4_a+update_halo_kernel2_xvel_minus_4_a+update_halo_kernel2_yvel_plus_4_a
4959	0.000022593	369120	ops_par_loop_group_25	update_halo_kernel4_plus_2_a+update_halo_kernel2_xvel_minus_2_a+update_halo_kernel2_yvel_plus_2_a
4960	0.000021371	246080	ops_par_loop_group_26	update_halo_kernel2_xvel_minus_4_b+update_halo_kernel2_yvel_plus_4_b
4961	0.000022633	369120	ops_par_loop_group_27	update_halo_kernel4_plus_4_b+update_halo_kernel2_xvel_minus_2_b+update_halo_kernel2_yvel_plus_2_b
4962	0.000019447	123040	ops_par_loop_update_halo_kernel4_plus_2_b_34	update_halo_kernel4_plus_2_b
4963	0.000562357	591053440	ops_par_loop_advec_cell_kernel1_xdir_35	advec_cell_kernel1_xdir
4964	0.000774118	708203544	ops_par_loop_advec_cell_kernel3_xdir_36	advec_cell_kernel3_xdir
4965	0.001466382	1533542400	ops_par_loop_advec_cell_kernel4_xdir_37	advec_cell_kernel4_xdir
4966	0.000021491	430528	ops_par_loop_update_halo_kernel1_b2_38	update_halo_kernel1_b2
4967	0.000021240	430528	ops_par_loop_update_halo_kernel1_b1_39	update_halo_kernel1_b1
4968	0.000021802	430528	ops_par_loop_update_halo_kernel1_t2_40	update_halo_kernel1_t2
4969	0.000020279	430528	ops_par_loop_update_halo_kernel1_t1_41	update_halo_kernel1_t1
4970	0.000018866	123040	ops_par_loop_update_halo_kernel3_plus_4_a_62	update_halo_kernel3_plus_4_a
4971	0.000018435	123040	ops_par_loop_update_halo_kernel3_plus_2_a_63	update_halo_kernel3_plus_2_a
4972	0.000018926	123040	ops_par_loop_update_halo_kernel3_plus_4_b_64	update_halo_kernel3_plus_4_b
4973	0.000019297	123040	ops_par_loop_update_halo_kernel3_plus_2_b_65	update_halo_kernel3_plus_2_b
4974	0.000026300	553536	ops_par_loop_group_40	update_halo_kernel1_l2+update_halo_kernel3_minus_4_a
4975	0.000024236	553536	ops_par_loop_group_41	update_halo_kernel1_l1+update_halo_kernel3_minus_2_a
4976	0.000019617	123008	ops_par_loop_update_halo_kernel3_minus_4_b_68	update_halo_kernel3_minus_4_b
4977	0.000025298	553536	ops_par_loop_group_43	update_halo_kernel1_r2+update_halo_kernel3_minus_2_b
4978	0.000022051	430528	ops_par_loop_update_halo_kernel1_r1_45	update_halo_kernel1_r1
4979	0.000562797	591053440	ops_par_loop_advec_mom_kernel_x1_70	advec_mom_kernel_x1
4980	0.000194238	236236864	ops_par_loop_advec_mom_kernel_mass_flux_x_71	advec_mom_kernel_mass_flux_x
4981	0.000576314	590438520	ops_par_loop_advec_mom_kernel_post_pre_advec_x_72	advec_mom_kernel_post_pre_advec_x
4982	0.000883265	472258640	ops_par_loop_advec_mom_kernel1_x_nonvector_73	advec_mom_kernel1_x_nonvector
4983	0.000450314	590131240	ops_par_loop_advec_mom_kernel2_x_74	advec_mom_kernel2_x
4984	0.000562076	591053440	ops_par_loop_advec_mom_kernel_x1_75	advec_mom_kernel_x1
4985	0.000194058	236236864	ops_par_loop_advec_mom_kernel_mass_flux_x_76	advec_mom_kernel_mass_flux_x
4986	0.000575822	590438520	ops_par_loop_advec_mom_kernel_post_pre_advec_x_77	advec_mom_kernel_post_pre_advec_x
4987	0.000883326	472258640	ops_par_loop_advec_mom_kernel1_x_nonvector_78	advec_mom_kernel1_x_nonvector
4988	0.000447809	590131240	ops_par_loop_advec_mom_kernel2_x_79	advec_mom_kernel2_x
4989	0.000497453	472842752	ops_par_loop_advec_cell_kernel2_ydir_80	advec_cell_kernel2_ydir
4990	0.000788657	708203544	ops_par_loop_advec_cell_kernel3_ydir_81	advec_cell_kernel3_ydir
4991	0.001473304	1533542400	ops_par_loop_advec_cell_kernel4_ydir_82	advec_cell_kernel4_ydir
4992	0.000022944	553536	ops_par_loop_group_58	update_halo_kernel1_b2+update_halo_kernel4_minus_4_a
4993	0.000021832	553536	ops_par_loop_group_59	update_halo_kernel1_b1+update_halo_kernel4_minus_2_a
4994	0.000021752	369120	ops_par_loop_group_60	update_halo_kernel2_xvel_plus_4_a+update_halo_kernel2_yvel_minus_4_a+update_halo_kernel3_plus_4_a
4995	0.000020539	369120	ops_par_loop_group_61	update_halo_kernel2_xvel_plus_2_a+update_halo_kernel2_yvel_minus_2_a+update_halo_kernel3_plus_2_a
4996	0.000020018	246080	ops_par_loop_group_62	update_halo_kernel2_xvel_plus_4_b+update_halo_kernel2_yvel_minus_4_b
4997	0.000021250	369120	ops_par_loop_group_63	update_halo_kernel2_xvel_plus_2_b+update_halo_kernel2_yvel_minus_2_b+update_halo_kernel3_plus_4_b
4998	0.000021451	246080	ops_par_loop_group_64	update_halo_kernel2_xvel_minus_4_b+update_halo_kernel2_yvel_plus_4_b
4999	0.000019327	123040	ops_par_loop_update_halo_kernel3_plus_2_b_110	update_halo_kernel3_plus_2_b
5000	0.000019567	123008	ops_par_loop_update_halo_kernel3_minus_4_b_113	update_halo_kernel3_minus_4_b
5001	0.000018805	123008	ops_par_loop_update_halo_kernel4_minus_4_b_117	update_halo_kernel4_minus_4_b
5002	0.000021521	553536	ops_par_loop_group_68	update_halo_kernel1_t2+update_halo_kernel4_minus_2_b
5003	0.000021250	430528	ops_par_loop_update_halo_kernel1_t1_86	update_halo_kernel1_t1
5004	0.000026901	553536	ops_par_loop_group_70	update_halo_kernel1_l2+update_halo_kernel3_minus_4_a
5005	0.000023274	553536	ops_par_loop_group_71	update_halo_kernel1_l1+update_halo_kernel3_minus_2_a
5006	0.000024697	553536	ops_par_loop_group_72	update_halo_kernel1_r2+update_halo_kernel3_minus_2_b
5007	0.000022252	430528	ops_par_loop_update_halo_kernel1_r1_90	update_halo_kernel1_r1
5008	0.000023315	369120	ops_par_loop_group_74	update_halo_kernel2_xvel_minus_4_a+update_halo_kernel2_yvel_plus_4_a+update_halo_kernel4_plus_4_a
5009	0.000021591	369120	ops_par_loop_group_75	update_halo_kernel2_xvel_minus_2_a+update_halo_kernel2_yvel_plus_2_a+update_halo_kernel4_plus_2_a
5010	0.000022563	369120	ops_par_loop_group_76	update_halo_kernel2_xvel_minus_2_b+update_halo_kernel2_yvel_plus_2_b+update_halo_kernel4_plus_4_b
5011	0.000019226	123040	ops_par_loop_update_halo_kernel4_plus_2_b_122	update_halo_kernel4_plus_2_b
5012	0.001778143	1416561152	ops_par_loop_group_78	advec_mom_kernel_y2+reset_field_kernel1+ideal_gas_kernel
5013	0.000194369	236236864	ops_par_loop_advec_mom_kernel_mass_flux_y_124	advec_mom_kernel_mass_flux_y
5014	0.000537219	590438520	ops_par_loop_advec_mom_kernel_post_pre_advec_y_125	advec_mom_kernel_post_pre_advec_y
5015	0.000877875	472258640	ops_par_loop_advec_mom_kernel1_y_nonvector_126	advec_mom_kernel1_y_nonvector
5016	0.000449753	590131240	ops_par_loop_advec_mom_kernel2_y_127	advec_mom_kernel2_y
5017	0.000489429	472842752	ops_par_loop_advec_mom_kernel_y2_128	advec_mom_kernel_y2
5018	0.000192295	236236864	ops_par_loop_advec_mom_kernel_mass_flux_y_129	advec_mom_kernel_mass_flux_y
5019	0.000530236	590438520	ops_par_loop_advec_mom_kernel_post_pre_advec_y_130	advec_mom_kernel_post_pre_advec_y
5020	0.000874429	472258640	ops_par_loop_advec_mom_kernel1_y_nonvector_131	advec_mom_kernel1_y_nonvector
5021	0.000737339	1062236232	ops_par_loop_group_87	advec_mom_kernel2_y+reset_field_kernel2
5022	0.000022293	430304	ops_par_loop_update_halo_kernel1_b1_136	update_halo_kernel1_b1
5023	0.000020549	430304	ops_par_loop_update_halo_kernel1_t1_137	update_halo_kernel1_t1
5024	0.000023825	430304	ops_par_loop_update_halo_kernel1_l1_138	update_halo_kernel1_l1
5025	0.000023645	430304	ops_par_loop_update_halo_kernel1_r1_139	update_halo_kernel1_r1
5026	0.000019948	245952	ops_par_loop_group_92	update_halo_kernel2_xvel_plus_2_a+update_halo_kernel2_yvel_minus_2_a
5027	0.000019116	245952	ops_par_loop_group_93	update_halo_kernel2_xvel_plus_2_b+update_halo_kernel2_yvel_minus_2_b
5028	0.000020309	245952	ops_par_loop_group_94	update_halo_kernel2_xvel_minus_2_a+update_halo_kernel2_yvel_plus_2_a
5029	0.000022193	245952	ops_par_loop_group_95	update_halo_kernel2_xvel_minus_2_b+update_halo_kernel2_yvel_plus_2_b
5030	0.001733819	589885440	ops_par_loop_viscosity_kernel_148	viscosity_kernel
5031	0.000021811	430304	ops_par_loop_update_halo_kernel1_b1_149	update_halo_kernel1_b1
5032	0.000020509	430304	ops_par_loop_update_halo_kernel1_t1_150	update_halo_kernel1_t1
5033	0.000023083	430304	ops_par_loop_update_halo_kernel1_l1_151	update_halo_kernel1_l1
5034	0.000023445	430304	ops_par_loop_update_halo_kernel1_r1_152	update_halo_kernel1_r1
5035	0.000916719	1061744640	ops_par_loop_calc_dt_kernel_153	calc_dt_kernel
5036	0.001486349	1887436800	ops_par_loop_group_0	PdV_kernel_predict+ideal_gas_kernel
5037	0.000022402	430304	ops_par_loop_update_halo_kernel1_b1_2	update_halo_kernel1_b1
5038	0.000019958	430304	ops_par_loop_update_halo_kernel1_t1_3	update_halo_kernel1_t1
5039	0.000023846	430304	ops_par_loop_update_halo_kernel1_l1_4	update_halo_kernel1_l1
5040	0.000023555	430304	ops_par_loop_update_halo_kernel1_r1_5	update_halo_kernel1_r1
5041	0.001555201	1770147928	ops_par_loop_group_5	revert_kernel+accelerate_kernel
5042	0.001353517	1651507200	ops_par_loop_PdV_kernel_nopredict_8	PdV_kernel_nopredict
5043	0.000359862	471982080	ops_par_loop_flux_calc_kernelx_9	flux_calc_kernelx
5044	0.000356817	471982080	ops_par_loop_flux_calc_kernely_10	flux_calc_kernely
5045	0.000022332	553536	ops_par_loop_group_9	update_halo_kernel1_b2+update_halo_kernel4_minus_4_a
5046	0.000021972	553536	ops_par_loop_group_10	update_halo_kernel1_b1+update_halo_kernel4_minus_2_a
5047	0.000020960	369120	ops_par_loop_group_11	update_halo_kernel3_plus_4_a+update_halo_kernel2_xvel_plus_4_a+update_halo_kernel2_yvel_minus_4_a
5048	0.000020088	369120	ops_par_loop_group_12	update_halo_kernel3_plus_2_a+update_halo_kernel2_xvel_plus_2_a+update_halo_kernel2_yvel_minus_2_a
5049	0.000018175	123008	ops_par_loop_update_halo_kernel4_minus_4_b_29	update_halo_kernel4_minus_4_b
5050	0.000020549	553536	ops_par_loop_group_14	update_halo_kernel1_t2+update_halo_kernel4_minus_2_b
5051	0.000019767	430528	ops_par_loop_update_halo_kernel1_t1_14	update_halo_kernel1_t1
5052	0.000019016	246080	ops_par_loop_group_16	update_halo_kernel2_xvel_plus_4_b+update_halo_kernel2_yvel_minus_4_b
5053	0.000019857	369120	ops_par_loop_group_17	update_halo_kernel3_plus_4_b+update_halo_kernel2_xvel_plus_2_b+update_halo_kernel2_yvel_minus_2_b
5054	0.000018696	123040	ops_par_loop_update_halo_kernel3_plus_2_b_22	update_halo_kernel3_plus_2_b
5055	0.000025298	553536	ops_par_loop_group_19	update_halo_kernel1_l2+update_halo_kernel3_minus_4_a
5056	0.000023204	553536	ops_par_loop_group_20	update_halo_kernel1_l1+update_halo_kernel3_minus_2_a
5057	0.000018816	123008	ops_par_loop_update_halo_kernel3_minus_4_b_25	update_halo_kernel3_minus_4_b
5058	0.000024156	553536	ops_par_loop_group_22	update_halo_kernel1_r2+update_halo_kernel3_minus_2_b
5059	0.000020949	430528	ops_par_loop_update_halo_kernel1_r1_18	update_halo_kernel1_r1
5060	0.000023334	369120	ops_par_loop_group_24	update_halo_kernel4_plus_4_a+update_halo_kernel2_xvel_minus_4_a+update_halo_kernel2_yvel_plus_4_a
5061	0.000021470	369120	ops_par_loop_group_25	update_halo_kernel4_plus_2_a+update_halo_kernel2_xvel_minus_2_a+update_halo_kernel2_yvel_plus_2_a
5062	0.000020800	246080	ops_par_loop_group_26	update_halo_kernel2_xvel_minus_4_b+update_halo_kernel2_yvel_plus_4_b
5063	0.000022463	369120	ops_par_loop_group_27	update_halo_kernel4_plus_4_b+update_halo_kernel2_xvel_minus_2_b+update_halo_kernel2_yvel_plus_2_b
5064	0.000018185	123040	ops_par_loop_update_halo_kernel4_plus_2_b_34	update_halo_kernel4_plus_2_b
5065	0.000563368	591053440	ops_par_loop_advec_cell_kernel1_ydir_35	advec_cell_kernel1_ydir
5066	0.000787945	708203544	ops_par_loop_advec_cell_kernel3_ydir_36	advec_cell_kernel3_ydir
5067	0.001471081	1533542400	ops_par_loop_advec_cell_kernel4_ydir_37	advec_cell_kernel4_ydir
5068	0.000022312	553536	ops_par_loop_group_32	update_halo_kernel1_b2+update_halo_kernel4_minus_4_a
5069	0.000021000	553536	ops_par_loop_group_33	update_halo_kernel1_b1+update_halo_kernel4_minus_2_a
5070	0.000019237	123008	ops_par_loop_update_halo_kernel4_minus_4_b_64	update_halo_kernel4_minus_4_b
5071	0.000020819	553536	ops_par_loop_group_35	update_halo_kernel1_t2+update_halo_kernel4_minus_2_b
5072	0.000020249	430528	ops_par_loop_update_halo_kernel1_t1_41	update_halo_kernel1_t1
5073	0.000023815	430528	ops_par_loop_update_halo_kernel1_l2_42	update_halo_kernel1_l2
5074	0.000021301	430528	ops_par_loop_update_halo_kernel1_l1_43	update_halo_kernel1_l1
5075	0.000023725	430528	ops_par_loop_update_halo_kernel1_r2_44	update_halo_kernel1_r2
5076	0.000021662	430528	ops_par_loop_update_halo_kernel1_r1_45	update_halo_kernel1_r1
5077	0.000019467	123040	ops_par_loop_update_halo_kernel4_plus_4_a_66	update_halo_kernel4_plus_4_a
5078	0.000018635	123040	ops_par_loop_update_halo_kernel4_plus_2_a_67	update_halo_kernel4_plus_2_a
5079	0.000019237	123040	ops_par_loop_update_halo_kernel4_plus_4_b_68	update_halo_kernel4_plus_4_b
5080	0.000017784	123040	ops_par_loop_update_halo_kernel4_plus_2_b_69	update_halo_kernel4_plus_2_b
5081	0.000561024	591053440	ops_par_loop_advec_mom_kernel_y1_70	advec_mom_kernel_y1
5082	0.000191984	236236864	ops_par_loop_advec_mom_kernel_mass_flux_y_71	advec_mom_kernel_mass_flux_y
5083	0.000532560	590438520	ops_par_loop_advec_mom_kernel_post_pre_advec_y_72	advec_mom_kernel_post_pre_advec_y
5084	0.000877164	472258640	ops_par_loop_advec_mom_kernel1_y_nonvector_73	advec_mom_kernel1_y_nonvector
5085	0.000456135	590131240	ops_par_loop_advec_mom_kernel2_y_74	advec_mom_kernel2_y
5086	0.000564151	591053440	ops_par_loop_advec_mom_kernel_y1_75	advec_mom_kernel_y1
5087	0.000192144	236236864	ops_par_loop_advec_mom_kernel_mass_flux_y_76	advec_mom_kernel_mass_flux_y
5088	0.000532109	590438520	ops_par_loop_advec_mom_kernel_post_pre_advec_y_77	advec_mom_kernel_post_pre_advec_y
5089	0.000873958	472258640	ops_par_loop_advec_mom_kernel1_y_nonvector_78	advec_mom_kernel1_y_nonvector
5090	0.000447529	590131240	ops_par_loop_advec_mom_kernel2_y_79	advec_mom_kernel2_y
5091	0.000491382	472842752	ops_par_loop_advec_cell_kernel2_xdir_80	advec_cell_kernel2_xdir
5092	0.000772545	708203544	ops_par_loop_advec_cell_kernel3_xdir_81	advec_cell_kernel3_xdir
5093	0.001461212	1533542400	ops_par_loop_advec_cell_kernel4_xdir_82	advec_cell_kernel4_xdir
5094	0.000022723	553536	ops_par_loop_group_58	update_halo_kernel1_b2+update_halo_kernel4_minus_4_a
5095	0.000021471	553536	ops_par_loop_group_59	update_halo_kernel1_b1+update_halo_kernel4_minus_2_a
5096	0.000022022	369120	ops_par_loop_group_60	update_halo_kernel2_xvel_plus_4_a+update_halo_kernel2_yvel_minus_4_a+update_halo_kernel3_plus_4_a
5097	0.000020338	369120	ops_par_loop_group_61	update_halo_kernel2_xvel_plus_2_a+update_halo_kernel2_yvel_minus_2_a+update_halo_kernel3_plus_2_a
5098	0.000019086	246080	ops_par_loop_group_62	update_halo_kernel2_xvel_plus_4_b+update_halo_kernel2_yvel_minus_4_b
5099	0.000020859	369120	ops_par_loop_group_63	update_halo_kernel2_xvel_plus_2_b+update_halo_kernel2_yvel_minus_2_b+update_halo_kernel3_plus_4_b
5100	0.000021471	246080	ops_par_loop_group_64	update_halo_kernel2_xvel_minus_4_b+update_halo_kernel2_yvel_plus_4_b
5101	0.000018575	123040	ops_par_loop_update_halo_kernel3_plus_2_b_110	update_halo_kernel3_plus_2_b
5102	0.000020399	123008	ops_par_loop_update_halo_kernel3_minus_4_b_113	update_halo_kernel3_minus_4_b
5103	0.000018886	123008	ops_par_loop_update_halo_kernel4_minus_4_b_117	update_halo_kernel4_minus_4_b
5104	0.000026019	553536	ops_par_loop_group_68	update_halo_kernel1_t2+update_halo_kernel4_minus_2_b
5105	0.000021831	430528	ops_par_loop_update_halo_kernel1_t1_86	update_halo_kernel1_t1
5106	0.000025799	553536	ops_par_loop_group_70	update_halo_kernel1_l2+update_halo_kernel3_minus_4_a
5107	0.000022783	553536	ops_par_loop_group_71	update_halo_kernel1_l1+update_halo_kernel3_minus_2_a
5108	0.000025037	553536	ops_par_loop_group_72	update_halo_kernel1_r2+update_halo_kernel3_minus_2_b
5109	0.000021902	430528	ops_par_loop_update_halo_kernel1_r1_90	update_halo_kernel1_r1
5110	0.000024046	369120	ops_par_loop_group_74	update_halo_kernel2_xvel_minus_4_a+update_halo_kernel2_yvel_plus_4_a+update_halo_kernel4_plus_4_a
5111	0.000021821	369120	ops_par_loop_group_75	update_halo_kernel2_xvel_minus_2_a+update_halo_kernel2_yvel_plus_2_a+update_halo_kernel4_plus_2_a
5112	0.000021551	369120	ops_par_loop_group_76	update_halo_kernel2_xvel_minus_2_b+update_halo_kernel2_yvel_plus_2_b+update_halo_kernel4_plus_4_b
5113	0.000018685	123040	ops_par_loop_update_halo_kernel4_plus_2_b_122	update_halo_kernel4_plus_2_b
5114	0.001788944	1416561152	ops_par_loop_group_78	advec_mom_kernel_x2+reset_field_kernel1+ideal_gas_kernel
5115	0.000195871	236236864	ops_par_loop_advec_mom_kernel_mass_flux_x_124	advec_mom_kernel_mass_flux_x
5116	0.000574229	590438520	ops_par_loop_advec_mom_kernel_post_pre_advec_x_125	advec_mom_kernel_post_pre_advec_x
5117	0.000882043	472258640	ops_par_loop_advec_mom_kernel1_x_nonvector_126	advec_mom_kernel1_x_nonvector
5118	0.000444833	590131240	ops_par_loop_advec_mom_kernel2_x_127	advec_mom_kernel2_x
5119	0.000498596	472842752	ops_par_loop_advec_mom_kernel_x2_128	advec_mom_kernel_x2
5120	0.000195330	236236864	ops_par_loop_advec_mom_kernel_mass_flux_x_129	advec_mom_kernel_mass_flux_x
5121	0.000574270	590438520	ops_par_loop_advec_mom_kernel_post_pre_advec_x_130	advec_mom_kernel_post_pre_advec_x
5122	0.000883395	472258640	ops_par_loop_advec_mom_kernel1_x_nonvector_131	advec_mom_kernel1_x_nonvector
5123	0.000728632	1062236232	ops_par_loop_group_87	advec_mom_kernel2_x+reset_field_kernel2
5124	0.000489298	471859200	ops_par_loop_ideal_gas_kernel_0	ideal_gas_kernel
5125	0.000021972	430304	ops_par_loop_update_halo_kernel1_b1_1	update_halo_kernel1_b1
5126	0.000020038	430304	ops_par_loop_update_halo_kernel1_t1_2	update_halo_kernel1_t1
5127	0.000024136	430304	ops_par_loop_update_halo_kernel1_l1_3	update_halo_kernel1_l1
5128	0.000023685	430304	ops_par_loop_update_halo_kernel1_r1_4	update_halo_kernel1_r1
5129	0.000019848	245952	ops_par_loop_group_5	update_halo_kernel2_xvel_plus_2_a+update_halo_kernel2_yvel_minus_2_a
5130	0.000019147	245952	ops_par_loop_group_6	update_halo_kernel2_xvel_plus_2_b+update_halo_kernel2_yvel_minus_2_b
5131	0.000021150	245952	ops_par_loop_group_7	update_halo_kernel2_xvel_minus_2_a+update_halo_kernel2_yvel_plus_2_a
5132	0.000020880	245952	ops_par_loop_group_8	update_halo_kernel2_xvel_minus_2_b+update_halo_kernel2_yvel_plus_2_b
5133	0.001732647	589885440	ops_par_loop_viscosity_kernel_13	viscosity_kernel
5134	0.000020709	430304	ops_par_loop_update_halo_kernel1_b1_14	update_halo_kernel1_b1
5135	0.000019938	430304	ops_par_loop_update_halo_kernel1_t1_15	update_halo_kernel1_t1
5136	0.000023194	430304	ops_par_loop_update_halo_kernel1_l1_16	update_halo_kernel1_l1
5137	0.000022422	430304	ops_par_loop_update_halo_kernel1_r1_17	update_halo_kernel1_r1
5138	0.000916900	1061744640	ops_par_loop_calc_dt_kernel_18	calc_dt_kernel
5139	0.001486801	1887436800	ops_par_loop_group_0	PdV_kernel_predict+ideal_gas_kernel
5140	0.000021641	430304	ops_par_loop_update_halo_kernel1_b1_2	update_halo_kernel1_b1
5141	0.000020379	430304	ops_par_loop_update_halo_kernel1_t1_3	update_halo_kernel1_t1
5142	0.000023886	430304	ops_par_loop_update_halo_kernel1_l1_4	update_halo_kernel1_l1
5143	0.000023785	430304	ops_par_loop_update_halo_kernel1_r1_5	update_halo_kernel1_r1
5144	0.001563516	1770147928	ops_par_loop_group_5	revert_kernel+accelerate_kernel
5145	0.001356083	1651507200	ops_par_loop_PdV_kernel_nopredict_8	PdV_kernel_nopredict
5146	0.000370172	471982080	ops_par_loop_flux_calc_kernelx_9	flux_calc_kernelx
5147	0.000360865	471982080	ops_par_loop_flux_calc_kernely_10	flux_calc_kernely
5148	0.000022313	553536	ops_par_loop_group_9	update_halo_kernel1_b2+update_halo_kernel4_minus_4_a
5149	0.000020810	553536	ops_par_loop_group_10	update_halo_kernel1_b1+update_halo_kernel4_minus_2_a
5150	0.000021751	369120	ops_par_loop_group_11	update_halo_kernel3_plus_4_a+update_halo_kernel2_xvel_plus_4_a+update_halo_kernel2_yvel_minus_4_a
5151	0.000020229	369120	ops_par_loop_group_12	update_halo_kernel3_plus_2_a+update_halo_kernel2_xvel_plus_2_a+update_halo_kernel2_yvel_minus_2_a
5152	0.000018285	123008	ops_par_loop_update_halo_kernel4_minus_4_b_29	update_halo_kernel4_minus_4_b
5153	0.000020719	553536	ops_par_loop_group_14	update_halo_kernel1_t2+update_halo_kernel4_minus_2_b
5154	0.000019187	430528	ops_par_loop_update_halo_kernel1_t1_14	update_halo_kernel1_t1
5155	0.000020099	246080	ops_par_loop_group_16	update_halo_kernel2_xvel_plus_4_b+update_halo_kernel2_yvel_minus_4_b
5156	0.000019878	369120	ops_par_loop_group_17	update_halo_kernel3_plus_4_b+update_halo_kernel2_xvel_plus_2_b+update_halo_kernel2_yvel_minus_2_b
5157	0.000018565	123040	ops_par_loop_update_halo_kernel3_plus_2_b_22	update_halo_kernel3_plus_2_b
5158	0.000025238	553536	ops_par_loop_group_19	update_halo_kernel1_l2+update_halo_kernel3_minus_4_a
5159	0.000028123	553536	ops_par_loop_group_20	update_halo_kernel1_l1+update_halo_kernel3_minus_2_a
5160	0.000019487	123008	ops_par_loop_update_halo_kernel3_minus_4_b_25	update_halo_kernel3_minus_4_b
5161	0.000023865	553536	ops_par_loop_group_22	update_halo_kernel1_r2+update_halo_kernel3_minus_2_b
5162	0.000021972	430528	ops_par_loop_update_halo_kernel1_r1_18	update_halo_kernel1_r1
5163	0.000022773	369120	ops_par_loop_group_24	update_halo_kernel4_plus_4_a+update_halo_kernel2_xvel_minus_4_a+update_halo_kernel2_yvel_plus_4_a
5164	0.000021652	369120	ops_par_loop_group_25	update_halo_kernel4_plus_2_a+update_halo_kernel2_xvel_minus_2_a+update_halo_kernel2_yvel_plus_2_a
5165	0.000020518	246080	ops_par_loop_group_26	update_halo_kernel2_xvel_minus_4_b+update_halo_kernel2_yvel_plus_4_b
5166	0.000022863	369120	ops_par_loop_group_27	update_halo_kernel4_plus_4_b+update_halo_kernel2_xvel_minus_2_b+update_halo_kernel2_yvel_plus_2_b
5167	0.000017944	123040	ops_par_loop_update_halo_kernel4_plus_2_b_34	update_halo_kernel4_plus_2_b
5168	0.000562447	591053440	ops_par_loop_advec_cell_kernel1_xdir_35	advec_cell_kernel1_xdir
5169	0.000772044	708203544	ops_par_loop_advec_cell_kernel3_xdir_36	advec_cell_kernel3_xdir
5170	0.001459799	1533542400	ops_par_loop_advec_cell_kernel4_xdir_37	advec_cell_kernel4_xdir
5171	0.000021741	430528	ops_par_loop_update_halo_kernel1_b2_38	update_halo_kernel1_b2
5172	0.000019607	430528	ops_par_loop_update_halo_kernel1_b1_39	update_halo_kernel1_b1
5173	0.000020498	430528	ops_par_loop_update_halo_kernel1_t2_40	update_halo_kernel1_t2
5174	0.000020219	430528	ops_par_loop_update_halo_kernel1_t1_41	update_halo_kernel1_t1
5175	0.000018625	123040	ops_par_loop_update_halo_kernel3_plus_4_a_62	update_halo_kernel3_plus_4_a
5176	0.000018075	123040	ops_par_loop_update_halo_kernel3_plus_2_a_63	update_halo_kernel3_plus_2_a
5177	0.000017673	123040	ops_par_loop_update_halo_kernel3_plus_4_b_64	update_halo_kernel3_plus_4_b
5178	0.000017784	123040	ops_par_loop_update_halo_kernel3_plus_2_b_65	update_halo_kernel3_plus_2_b
5179	0.000025909	553536	ops_par_loop_group_40	update_halo_kernel1_l2+update_halo_kernel3_minus_4_a
5180	0.000023034	553536	ops_par_loop_group_41	update_halo_kernel1_l1+update_halo_kernel3_minus_2_a
5181	0.000019036	123008	ops_par_loop_update_halo_kernel3_minus_4_b_68	update_halo_kernel3_minus_4_b
5182	0.000024045	553536	ops_par_loop_group_43	update_halo_kernel1_r2+update_halo_kernel3_minus_2_b
5183	0.000021390	430528	ops_par_loop_update_halo_kernel1_r1_45	update_halo_kernel1_r1
5184	0.000563078	591053440	ops_par_loop_advec_mom_kernel_x1_70	advec_mom_kernel_x1
5185	0.000193598	236236864	ops_par_loop_advec_mom_kernel_mass_flux_x_71	advec_mom_kernel_mass_flux_x
5186	0.000575531	590438520	ops_par_loop_advec_mom_kernel_post_pre_advec_x_72	advec_mom_kernel_post_pre_advec_x
5187	0.000882404	472258640	ops_par_loop_advec_mom_kernel1_x_nonvector_73	advec_mom_kernel1_x_nonvector
5188	0.000450865	590131240	ops_par_loop_advec_mom_kernel2_x_74	advec_mom_kernel2_x
5189	0.000562126	591053440	ops_par_loop_advec_mom_kernel_x1_75	advec_mom_kernel_x1
5190	0.000193136	236236864	ops_par_loop_advec_mom_kernel_mass_flux_x_76	advec_mom_kernel_mass_flux_x
5191	0.000571765	590438520	ops_par_loop_advec_mom_kernel_post_pre_advec_x_77	advec_mom_kernel_post_pre_advec_x
5192	0.000882934	472258640	ops_par_loop_advec_mom_kernel1_x_nonvector_78	advec_mom_kernel1_x_nonvector
5193	0.000446998	590131240	ops_par_loop_advec_mom_kernel2_x_79	advec_mom_kernel2_x
5194	0.000499117	472842752	ops_par_loop_advec_cell_kernel2_ydir_80	advec_cell_kernel2_ydir
5195	0.000788926	708203544	ops_par_loop_advec_cell_kernel3_ydir_81	advec_cell_kernel3_ydir
5196	0.001474257	1533542400	ops_par_loop_advec_cell_kernel4_ydir_82	advec_cell_kernel4_ydir
5197	0.000022613	553536	ops_par_loop_group_58	update_halo_kernel1_b2+update_halo_kernel4_minus_4_a
5198	0.000021090	553536	ops_par_loop_group_59	update_halo_kernel1_b1+update_halo_kernel4_minus_2_a
5199	0.000022001	369120	ops_par_loop_group_60	update_halo_kernel2_xvel_plus_4_a+update_halo_kernel2_yvel_minus_4_a+update_halo_kernel3_plus_4_a
5200	0.000021110	369120	ops_par_loop_group_61	update_halo_kernel2_xvel_plus_2_a+update_halo_kernel2_yvel_minus_2_a+update_halo_kernel3_plus_2_a
5201	0.000018725	246080	ops_par_loop_group_62	update_halo_kernel2_xvel_plus_4_b+update_halo_kernel2_yvel_minus_4_b
5202	0.000020579	369120	ops_par_loop_group_63	update_halo_kernel2_xvel_plus_2_b+update_halo_kernel2_yvel_minus_2_b+update_halo_kernel3_plus_4_b
5203	0.000021510	246080	ops_par_loop_group_64	update_halo_kernel2_xvel_minus_4_b+update_halo_kernel2_yvel_plus_4_b
5204	0.000018846	123040	ops_par_loop_update_halo_kernel3_plus_2_b_110	update_halo_kernel3_plus_2_b
5205	0.000018996	123008	ops_par_loop_update_halo_kernel3_minus_4_b_113	update_halo_kernel3_minus_4_b
5206	0.000018415	123008	ops_par_loop_update_halo_kernel4_minus_4_b_117	update_halo_kernel4_minus_4_b
5207	0.000020819	553536	ops_par_loop_group_68	update_halo_kernel1_t2+update_halo_kernel4_minus_2_b
5208	0.000019978	430528	ops_par_loop_update_halo_kernel1_t1_86	update_halo_kernel1_t1
5209	0.000026991	553536	ops_par_loop_group_70	update_halo_kernel1_l2+update_halo_kernel3_minus_4_a
5210	0.000022944	553536	ops_par_loop_group_71	update_halo_kernel1_l1+update_halo_kernel3_minus_2_a
5211	0.000025529	553536	ops_par_loop_group_72	update_halo_kernel1_r2+update_halo_kernel3_minus_2_b
5212	0.000021520	430528	ops_par_loop_update_halo_kernel1_r1_90	update_halo_kernel1_r1
5213	0.000023074	369120	ops_par_loop_group_74	update_halo_kernel2_xvel_minus_4_a+update_halo_kernel2_yvel_plus_4_a+update_halo_kernel4_plus_4_a
5214	0.000021190	369120	ops_par_loop_group_75	update_halo_kernel2_xvel_minus_2_a+update_halo_kernel2_yvel_plus_2_a+update_halo_kernel4_plus_2_a
5215	0.000022793	369120	ops_par_loop_group_76	update_halo_kernel2_xvel_minus_2_b+update_halo_kernel2_yvel_plus_2_b+update_halo_kernel4_plus_4_b
5216	0.000018575	123040	ops_par_loop_update_halo_kernel4_plus_2_b_122	update_halo_kernel4_plus_2_b
5217	0.001783734	1416561152	ops_par_loop_group_78	advec_mom_kernel_y2+reset_field_kernel1+ideal_gas_kernel
5218	0.000193517	236236864	ops_par_loop_advec_mom_kernel_mass_flux_y_124	advec_mom_kernel_mass_flux_y
5219	0.000532320	590438520	ops_par_loop_advec_mom_kernel_post_pre_advec_y_125	advec_mom_kernel_post_pre_advec_y
5220	0.000877315	472258640	ops_par_loop_advec_mom_kernel1_y_nonvector_126	advec_mom_kernel1_y_nonvector
5221	0.000448200	590131240	ops_par_loop_advec_mom_kernel2_y_127	advec_mom_kernel2_y
5222	0.000490731	472842752	ops_par_loop_advec_mom_kernel_y2_128	advec_mom_kernel_y2
5223	0.000193307	236236864	ops_par_loop_advec_mom_kernel_mass_flux_y_129	advec_mom_kernel_mass_flux_y
5224	0.000533352	590438520	ops_par_loop_advec_mom_kernel_post_pre_advec_y_130	advec_mom_kernel_post_pre_advec_y
5225	0.000873878	472258640	ops_par_loop_advec_mom_kernel1_y_nonvector_131	advec_mom_kernel1_y_nonvector
5226	0.000731758	1062236232	ops_par_loop_group_87	advec_mom_kernel2_y+reset_field_kernel2
5227	0.000021661	430304	ops_par_loop_update_halo_kernel1_b1_136	update_halo_kernel1_b1
5228	0.000020880	430304	ops_par_loop_update_halo_kernel1_t1_137	update_halo_kernel1_t1
5229	0.000023234	430304	ops_par_loop_update_halo_kernel1_l1_138	update_halo_kernel1_l1
5230	0.000024606	430304	ops_par_loop_update_halo_kernel1_r1_139	update_halo_kernel1_r1
5231	0.000019958	245952	ops_par_loop_group_92	update_halo_kernel2_xvel_plus_2_a+update_halo_kernel2_yvel_minus_2_a
5232	0.000018926	245952	ops_par_loop_group_93	update_halo_kernel2_xvel_plus_2_b+update_halo_kernel2_yvel_minus_2_b
5233	0.000020970	245952	ops_par_loop_group_94	update_halo_kernel2_xvel_minus_2_a+update_halo_kernel2_yvel_plus_2_a
5234	0.000020889	245952	ops_par_loop_group_95	update_halo_kernel2_xvel_minus_2_b+update_halo_kernel2_yvel_plus_2_b
5235	0.001732376	589885440	ops_par_loop_viscosity_kernel_148	viscosity_kernel
5236	0.000021050	430304	ops_par_loop_update_halo_kernel1_b1_149	update_halo_kernel1_b1
5237	0.000020499	430304	ops_par_loop_update_halo_kernel1_t1_150	update_halo_kernel1_t1
5238	0.000023375	430304	ops_par_loop_update_halo_kernel1_l1_151	update_halo_kernel1_l1
5239	0.000023494	430304	ops_par_loop_update_halo_kernel1_r1_152	update_halo_kernel1_r1
5240	0.000916819	1061744640	ops_par_loop_calc_dt_kernel_153	calc_dt_kernel
5241	0.001485999	1887436800	ops_par_loop_group_0	PdV_kernel_predict+ideal_gas_kernel
5242	0.000023444	430304	ops_par_loop_update_halo_kernel1_b1_2	update_halo_kernel1_b1
5243	0.000021661	430304	ops_par_loop_update_halo_kernel1_t1_3	update_halo_kernel1_t1
5244	0.000024636	430304	ops_par_loop_update_halo_kernel1_l1_4	update_halo_kernel1_l1
5245	0.000023986	430304	ops_par_loop_update_halo_kernel1_r1_5	update_halo_kernel1_r1
5246	0.001559458	1770147928	ops_par_loop_group_5	revert_kernel+accelerate_kernel
5247	0.001357245	1651507200	ops_par_loop_PdV_kernel_nopredict_8	PdV_kernel_nopredict
5248	0.000362047	471982080	ops_par_loop_flux_calc_kernelx_9	flux_calc_kernelx
5249	0.000357298	471982080	ops_par_loop_flux_calc_kernely_10	flux_calc_kernely
5250	0.000022102	553536	ops_par_loop_group_9	update_halo_kernel1_b2+update_halo_kernel4_minus_4_a
5251	0.000021741	553536	ops_par_loop_group_10	update_halo_kernel1_b1+update_halo_kernel4_minus_2_a
5252	0.000026160	369120	ops_par_loop_group_11	update_halo_kernel3_plus_4_a+update_halo_kernel2_xvel_plus_4_a+update_halo_kernel2_yvel_minus_4_a
5253	0.000020699	369120	ops_par_loop_group_12	update_halo_kernel3_plus_2_a+update_halo_kernel2_xvel_plus_2_a+update_halo_kernel2_yvel_minus_2_a
5254	0.000019127	123008	ops_par_loop_update_halo_kernel4_minus_4_b_29	update_halo_kernel4_minus_4_b
5255	0.000021231	553536	ops_par_loop_group_14	update_halo_kernel1_t2+update_halo_kernel4_minus_2_b
5256	0.000019997	430528	ops_par_loop_update_halo_kernel1_t1_14	update_halo_kernel1_t1
5257	0.000019888	246080	ops_par_loop_group_16	update_halo_kernel2_xvel_plus_4_b+update_halo_kernel2_yvel_minus_4_b
5258	0.000020930	369120	ops_par_loop_group_17	update_halo_kernel3_plus_4_b+update_halo_kernel2_xvel_plus_2_b+update_halo_kernel2_yvel_minus_2_b
5259	0.000018505	123040	ops_par_loop_update_halo_kernel3_plus_2_b_22	update_halo_kernel3_plus_2_b
5260	0.000025979	553536	ops_par_loop_group_19	update_halo_kernel1_l2+update_halo_kernel3_minus_4_a
5261	0.000023434	553536	ops_par_loop_group_20	update_halo_kernel1_l1+update_halo_kernel3_minus_2_a
5262	0.000020048	123008	ops_par_loop_update_halo_kernel3_minus_4_b_25	update_halo_kernel3_minus_4_b
5263	0.000024527	553536	ops_par_loop_group_22	update_halo_kernel1_r2+update_halo_kernel3_minus_2_b
5264	0.000021530	430528	ops_par_loop_update_halo_kernel1_r1_18	update_halo_kernel1_r1
5265	0.000023003	369120	ops_par_loop_group_24	update_halo_kernel4_plus_4_a+update_halo_kernel2_xvel_minus_4_a+update_halo_kernel2_yvel_plus_4_a
5266	0.000021460	369120	ops_par_loop_group_25	update_halo_kernel4_plus_2_a+update_halo_kernel2_xvel_minus_2_a+update_halo_kernel2_yvel_plus_2_a
5267	0.000021050	246080	ops_par_loop_group_26	update_halo_kernel2_xvel_minus_4_b+update_halo_kernel2_yvel_plus_4_b
5268	0.000022002	369120	ops_par_loop_group_27	update_halo_kernel4_plus_4_b+update_halo_kernel2_xvel_minus_2_b+update_halo_kernel2_yvel_plus_2_b
5269	0.000018345	123040	ops_par_loop_update_halo_kernel4_plus_2_b_34	update_halo_kernel4_plus_2_b
5270	0.000563008	591053440	ops_par_loop_advec_cell_kernel1_ydir_35	advec_cell_kernel1_ydir
5271	0.000788356	708203544	ops_par_loop_advec_cell_kernel3_ydir_36	advec_cell_kernel3_ydir
5272	0.001471702	1533542400	ops_par_loop_advec_cell_kernel4_ydir_37	advec_cell_kernel4_ydir
5273	0.000022633	553536	ops_par_loop_group_32	update_halo_kernel1_b2+update_halo_kernel4_minus_4_a
5274	0.000020860	553536	ops_par_loop_group_33	update_halo_kernel1_b1+update_halo_kernel4_minus_2_a
5275	0.000018355	123008	ops_par_loop_update_halo_kernel4_minus_4_b_64	update_halo_kernel4_minus_4_b
5276	0.000021160	553536	ops_par_loop_group_35	update_halo_kernel1_t2+update_halo_kernel4_minus_2_b
5277	0.000019677	430528	ops_par_loop_update_halo_kernel1_t1_41	update_halo_kernel1_t1
5278	0.000023936	430528	ops_par_loop_update_halo_kernel1_l2_42	update_halo_kernel1_l2
5279	0.000021831	430528	ops_par_loop_update_halo_kernel1_l1_43	update_halo_kernel1_l1
5280	0.000023614	430528	ops_par_loop_update_halo_kernel1_r2_44	update_halo_kernel1_r2
5281	0.000021090	430528	ops_par_loop_update_halo_kernel1_r1_45	update_halo_kernel1_r1
5282	0.000018986	123040	ops_par_loop_update_halo_kernel4_plus_4_a_66	update_halo_kernel4_plus_4_a
5283	0.000018816	123040	ops_par_loop_update_halo_kernel4_plus_2_a_67	update_halo_kernel4_plus_2_a
5284	0.000018876	123040	ops_par_loop_update_halo_kernel4_plus_4_b_68	update_halo_kernel4_plus_4_b
5285	0.000018014	123040	ops_par_loop_update_halo_kernel4_plus_2_b_69	update_halo_kernel4_plus_2_b
5286	0.000561775	591053440	ops_par_loop_advec_mom_kernel_y1_70	advec_mom_kernel_y1
5287	0.000192005	236236864	ops_par_loop_advec_mom_kernel_mass_flux_y_71	advec_mom_kernel_mass_flux_y
5288	0.000530706	590438520	ops_par_loop_advec_mom_kernel_post_pre_advec_y_72	advec_mom_kernel_post_pre_advec_y
5289	0.000877515	472258640	ops_par_loop_advec_mom_kernel1_y_nonvector_73	advec_mom_kernel1_y_nonvector
5290	0.000450334	590131240	ops_par_loop_advec_mom_kernel2_y_74	advec_mom_kernel2_y
5291	0.000562137	591053440	ops_par_loop_advec_mom_kernel_y1_75	advec_mom_kernel_y1
5292	0.000191162	236236864	ops_par_loop_advec_mom_kernel_mass_flux_y_76	advec_mom_kernel_mass_flux_y
5293	0.000532740	590438520	ops_par_loop_advec_mom_kernel_post_pre_advec_y_77	advec_mom_kernel_post_pre_advec_y
5294	0.000873487	472258640	ops_par_loop_advec_mom_kernel1_y_nonvector_78	advec_mom_kernel1_y_nonvector
5295	0.000446026	590131240	ops_par_loop_advec_mom_kernel2_y_79	advec_mom_kernel2_y
5296	0.000490782	472842752	ops_par_loop_advec_cell_kernel2_xdir_80	advec_cell_kernel2_xdir
5297	0.000772806	708203544	ops_par_loop_advec_cell_kernel3_xdir_81	advec_cell_kernel3_xdir
5298	0.001460841	1533542400	ops_par_loop_advec_cell_kernel4_xdir_82	advec_cell_kernel4_xdir
5299	0.000022312	553536	ops_par_loop_group_58	update_halo_kernel1_b2+update_halo_kernel4_minus_4_a
5300	0.000021380	553536	ops_par_loop_group_59	update_halo_kernel1_b1+update_halo_kernel4_minus_2_a
5301	0.000020749	369120	ops_par_loop_group_60	update_halo_kernel2_xvel_plus_4_a+update_halo_kernel2_yvel_minus_4_a+update_halo_kernel3_plus_4_a
5302	0.000019918	369120	ops_par_loop_group_61	update_halo_kernel2_xvel_plus_2_a+update_halo_kernel2_yvel_minus_2_a+update_halo_kernel3_plus_2_a
5303	0.000019297	246080	ops_par_loop_group_62	update_halo_kernel2_xvel_plus_4_b+update_halo_kernel2_yvel_minus_4_b
5304	0.000020339	369120	ops_par_loop_group_63	update_halo_kernel2_xvel_plus_2_b+update_halo_kernel2_yvel_minus_2_b+update_halo_kernel3_plus_4_b
5305	0.000021330	246080	ops_par_loop_group_64	update_halo_kernel2_xvel_minus_4_b+update_halo_kernel2_yvel_plus_4_b
5306	0.000019066	123040	ops_par_loop_update_halo_kernel3_plus_2_b_110	update_halo_kernel3_plus_2_b
5307	0.000019497	123008	ops_par_loop_update_halo_kernel3_minus_4_b_113	update_halo_kernel3_minus_4_b
5308	0.000024176	123008	ops_par_loop_update_halo_kernel4_minus_4_b_117	update_halo_kernel4_minus_4_b
5309	0.000020860	553536	ops_par_loop_group_68	update_halo_kernel1_t2+update_halo_kernel4_minus_2_b
5310	0.000020749	430528	ops_par_loop_update_halo_kernel1_t1_86	update_halo_kernel1_t1
5311	0.000026640	553536	ops_par_loop_group_70	update_halo_kernel1_l2+update_halo_kernel3_minus_4_a
5312	0.000023064	553536	ops_par_loop_group_71	update_halo_kernel1_l1+update_halo_kernel3_minus_2_a
5313	0.000023735	553536	ops_par_loop_group_72	update_halo_kernel1_r2+update_halo_kernel3_minus_2_b
5314	0.000020970	430528	ops_par_loop_update_halo_kernel1_r1_90	update_halo_kernel1_r1
5315	0.000023424	369120	ops_par_loop_group_74	update_halo_kernel2_xvel_minus_4_a+update_halo_kernel2_yvel_plus_4_a+update_halo_kernel4_plus_4_a
5316	0.000021450	369120	ops_par_loop_group_75	update_halo_kernel2_xvel_minus_2_a+update_halo_kernel2_yvel_plus_2_a+update_halo_kernel4_plus_2_a
5317	0.000022052	369120	ops_par_loop_group_76	update_halo_kernel2_xvel_minus_2_b+update_halo_kernel2_yvel_plus_2_b+update_halo_kernel4_plus_4_b
5318	0.000018055	123040	ops_par_loop_update_halo_kernel4_plus_2_b_122	update_halo_kernel4_plus_2_b
5319	0.001788583	1416561152	ops_par_loop_group_78	advec_mom_kernel_x2+reset_field_kernel1+ideal_gas_kernel
5320	0.000196002	236236864	ops_par_loop_advec_mom_kernel_mass_flux_x_124	advec_mom_kernel_mass_flux_x
5321	0.000577155	590438520	ops_par_loop_advec_mom_kernel_post_pre_advec_x_125	advec_mom_kernel_post_pre_advec_x
5322	0.000881883	472258640	ops_par_loop_advec_mom_kernel1_x_nonvector_126	advec_mom_kernel1_x_nonvector
5323	0.000450374	590131240	ops_par_loop_advec_mom_kernel2_x_127	advec_mom_kernel2_x
5324	0.000498756	472842752	ops_par_loop_advec_mom_kernel_x2_128	advec_mom_kernel_x2
5325	0.000193227	236236864	ops_par_loop_advec_mom_kernel_mass_flux_x_129	advec_mom_kernel_mass_flux_x
5326	0.000573548	590438520	ops_par_loop_advec_mom_kernel_post_pre_advec_x_130	advec_mom_kernel_post_pre_advec_x
5327	0.000883597	472258640	ops_par_loop_advec_mom_kernel1_x_nonvector_131	advec_mom_kernel1_x_nonvector
5328	0.000730445	1062236232	ops_par_loop_group_87	advec_mom_kernel2_x+reset_field_kernel2
5329	0.000021390	430304	ops_par_loop_update_halo_kernel1_b1_136	update_halo_kernel1_b1
5330	0.000020218	430304	ops_par_loop_update_halo_kernel1_t1_137	update_halo_kernel1_t1
5331	0.000023425	430304	ops_par_loop_update_halo_kernel1_l1_138	update_halo_kernel1_l1
5332	0.000023425	430304	ops_par_loop_update_halo_kernel1_r1_139	update_halo_kernel1_r1
5333	0.000019377	245952	ops_par_loop_group_92	update_halo_kernel2_xvel_plus_2_a+update_halo_kernel2_yvel_minus_2_a
5334	0.000019026	245952	ops_par_loop_group_93	update_halo_kernel2_xvel_plus_2_b+update_halo_kernel2_yvel_minus_2_b
5335	0.000020700	245952	ops_par_loop_group_94	update_halo_kernel2_xvel_minus_2_a+update_halo_kernel2_yvel_plus_2_a
5336	0.000020319	245952	ops_par_loop_group_95	update_halo_kernel2_xvel_minus_2_b+update_halo_kernel2_yvel_plus_2_b
5337	0.001732997	589885440	ops_par_loop_viscosity_kernel_148	viscosity_kernel
5338	0.000022162	430304	ops_par_loop_update_halo_kernel1_b1_149	update_halo_kernel1_b1
5339	0.000020008	430304	ops_par_loop_update_halo_kernel1_t1_150	update_halo_kernel1_t1
5340	0.000022543	430304	ops_par_loop_update_halo_kernel1_l1_151	update_halo_kernel1_l1
5341	0.000022753	430304	ops_par_loop_update_halo_kernel1_r1_152	update_halo_kernel1_r1
5342	0.000916269	1061744640	ops_par_loop_calc_dt_kernel_153	calc_dt_kernel
5343	0.001486810	1887436800	ops_par_loop_group_0	PdV_kernel_predict+ideal_gas_kernel
5344	0.000022222	430304	ops_par_loop_update_halo_kernel1_b1_2	update_halo_kernel1_b1
5345	0.000020178	430304	ops_par_loop_update_halo_kernel1_t1_3	update_halo_kernel1_t1
5346	0.000024066	430304	ops_par_loop_update_halo_kernel1_l1_4	update_halo_kernel1_l1
5347	0.000023564	430304	ops_par_loop_update_halo_kernel1_r1_5	update_halo_kernel1_r1
5348	0.001559999	1770147928	ops_par_loop_group_5	revert_kernel+accelerate_kernel
5349	0.001356924	1651507200	ops_par_loop_PdV_kernel_nopredict_8	PdV_kernel_nopredict
5350	0.000359762	471982080	ops_par_loop_flux_calc_kernelx_9	flux_calc_kernelx
5351	0.000357578	471982080	ops_par_loop_flux_calc_kernely_10	flux_calc_kernely
5352	0.000022012	553536	ops_par_loop_group_9	update_halo_kernel1_b2+update_halo_kernel4_minus_4_a
5353	0.000020418	553536	ops_par_loop_group_10	update_halo_kernel1_b1+update_halo_kernel4_minus_2_a
5354	0.000020539	369120	ops_par_loop_group_11	update_halo_kernel3_plus_4_a+update_halo_kernel2_xvel_plus_4_a+update_halo_kernel2_yvel_minus_4_a
5355	0.000020869	369120	ops_par_loop_group_12	update_halo_kernel3_plus_2_a+update_halo_kernel2_xvel_plus_2_a+update_halo_kernel2_yvel_minus_2_a
5356	0.000018735	123008	ops_par_loop_update_halo_kernel4_minus_4_b_29	update_halo_kernel4_minus_4_b
5357	0.000020338	553536	ops_par_loop_group_14	update_halo_kernel1_t2+update_halo_kernel4_minus_2_b
5358	0.000019677	430528	ops_par_loop_update_halo_kernel1_t1_14	update_halo_kernel1_t1
5359	0.000019747	246080	ops_par_loop_group_16	update_halo_kernel2_xvel_plus_4_b+update_halo_kernel2_yvel_minus_4_b
5360	0.000019998	369120	ops_par_loop_group_17	update_halo_kernel3_plus_4_b+update_halo_kernel2_xvel_plus_2_b+update_halo_kernel2_yvel_minus_2_b
5361	0.000018435	123040	ops_par_loop_update_halo_kernel3_plus_2_b_22	update_halo_kernel3_plus_2_b
5362	0.000025388	553536	ops_par_loop_group_19	update_halo_kernel1_l2+update_halo_kernel3_minus_4_a
5363	0.000023465	553536	ops_par_loop_group_20	update_halo_kernel1_l1+update_halo_kernel3_minus_2_a
5364	0.000018626	123008	ops_par_loop_update_halo_kernel3_minus_4_b_25	update_halo_kernel3_minus_4_b
5365	0.000024456	553536	ops_par_loop_group_22	update_halo_kernel1_r2+update_halo_kernel3_minus_2_b
5366	0.000020879	430528	ops_par_loop_update_halo_kernel1_r1_18	update_halo_kernel1_r1
5367	0.000023474	369120	ops_par_loop_group_24	update_halo_kernel4_plus_4_a+update_halo_kernel2_xvel_minus_4_a+update_halo_kernel2_yvel_plus_4_a
5368	0.000021661	369120	ops_par_loop_group_25	update_halo_kernel4_plus_2_a+update_halo_kernel2_xvel_minus_2_a+update_halo_kernel2_yvel_plus_2_a
5369	0.000020990	246080	ops_par_loop_group_26	update_halo_kernel2_xvel_minus_4_b+update_halo_kernel2_yvel_plus_4_b
5370	0.000021911	369120	ops_par_loop_group_27	update_halo_kernel4_plus_4_b+update_halo_kernel2_xvel_minus_2_b+update_halo_kernel2_yvel_plus_2_b
5371	0.000018526	123040	ops_par_loop_update_halo_kernel4_plus_2_b_34	update_halo_kernel4_plus_2_b
5372	0.000562046	591053440	ops_par_loop_advec_cell_kernel1_xdir_35	advec_cell_kernel1_xdir
5373	0.000772465	708203544	ops_par_loop_advec_cell_kernel3_xdir_36	advec_cell_kernel3_xdir
5374	0.001460381	1533542400	ops_par_loop_advec_cell_kernel4_xdir_37	advec_cell_kernel4_xdir
5375	0.000021290	430528	ops_par_loop_update_halo_kernel1_b2_38	update_halo_kernel1_b2
5376	0.000020028	430528	ops_par_loop_update_halo_kernel1_b1_39	update_halo_kernel1_b1
5377	0.000019888	430528	ops_par_loop_update_halo_kernel1_t2_40	update_halo_kernel1_t2
5378	0.000019477	430528	ops_par_loop_update_halo_kernel1_t1_41	update_halo_kernel1_t1
5379	0.000018886	123040	ops_par_loop_update_halo_kernel3_plus_4_a_62	update_halo_kernel3_plus_4_a
5380	0.000018044	123040	ops_par_loop_update_halo_kernel3_plus_2_a_63	update_halo_kernel3_plus_2_a
5381	0.000018065	123040	ops_par_loop_update_halo_kernel3_plus_4_b_64	update_halo_kernel3_plus_4_b
5382	0.000017824	123040	ops_par_loop_update_halo_kernel3_plus_2_b_65	update_halo_kernel3_plus_2_b
5383	0.000026300	553536	ops_par_loop_group_40	update_halo_kernel1_l2+update_halo_kernel3_minus_4_a
5384	0.000022743	553536	ops_par_loop_group_41	update_halo_kernel1_l1+update_halo_kernel3_minus_2_a
5385	0.000019086	123008	ops_par_loop_update_halo_kernel3_minus_4_b_68	update_halo_kernel3_minus_4_b
5386	0.000024286	553536	ops_par_loop_group_43	update_halo_kernel1_r2+update_halo_kernel3_minus_2_b
5387	0.000021450	430528	ops_par_loop_update_halo_kernel1_r1_45	update_halo_kernel1_r1
5388	0.000562878	591053440	ops_par_loop_advec_mom_kernel_x1_70	advec_mom_kernel_x1
5389	0.000194428	236236864	ops_par_loop_advec_mom_kernel_mass_flux_x_71	advec_mom_kernel_mass_flux_x
5390	0.000574450	590438520	ops_par_loop_advec_mom_kernel_post_pre_advec_x_72	advec_mom_kernel_post_pre_advec_x
5391	0.000887664	472258640	ops_par_loop_advec_mom_kernel1_x_nonvector_73	advec_mom_kernel1_x_nonvector
5392	0.000448971	590131240	ops_par_loop_advec_mom_kernel2_x_74	advec_mom_kernel2_x
5393	0.000561926	591053440	ops_par_loop_advec_mom_kernel_x1_75	advec_mom_kernel_x1
5394	0.000193607	236236864	ops_par_loop_advec_mom_kernel_mass_flux_x_76	advec_mom_kernel_mass_flux_x
5395	0.000573678	590438520	ops_par_loop_advec_mom_kernel_post_pre_advec_x_77	advec_mom_kernel_post_pre_advec_x
5396	0.000882454	472258640	ops_par_loop_advec_mom_kernel1_x_nonvector_78	advec_mom_kernel1_x_nonvector
5397	0.000449202	590131240	ops_par_loop_advec_mom_kernel2_x_79	advec_mom_kernel2_x
5398	0.000498866	472842752	ops_par_loop_advec_cell_kernel2_ydir_80	advec_cell_kernel2_ydir
5399	0.000788796	708203544	ops_par_loop_advec_cell_kernel3_ydir_81	advec_cell_kernel3_ydir
5400	0.001472944	1533542400	ops_par_loop_advec_cell_kernel4_ydir_82	advec_cell_kernel4_ydir
5401	0.000022332	553536	ops_par_loop_group_58	update_halo_kernel1_b2+update_halo_kernel4_minus_4_a
5402	0.000020860	553536	ops_par_loop_group_59	update_halo_kernel1_b1+update_halo_kernel4_minus_2_a
5403	0.000022392	369120	ops_par_loop_group_60	update_halo_kernel2_xvel_plus_4_a+update_halo_kernel2_yvel_minus_4_a+update_halo_kernel3_plus_4_a
5404	0.000021450	369120	ops_par_loop_group_61	update_halo_kernel2_xvel_plus_2_a+update_halo_kernel2_yvel_minus_2_a+update_halo_kernel3_plus_2_a
5405	0.000019297	246080	ops_par_loop_group_62	update_halo_kernel2_xvel_plus_4_b+update_halo_kernel2_yvel_minus_4_b
5406	0.000021160	369120	ops_par_loop_group_63	update_halo_kernel2_xvel_plus_2_b+update_halo_kernel2_yvel_minus_2_b+update_halo_kernel3_plus_4_b
5407	0.000022382	246080	ops_par_loop_group_64	update_halo_kernel2_xvel_minus_4_b+update_halo_kernel2_yvel_plus_4_b
5408	0.000018775	123040	ops_par_loop_update_halo_kernel3_plus_2_b_110	update_halo_kernel3_plus_2_b
5409	0.000019577	123008	ops_par_loop_update_halo_kernel3_minus_4_b_113	update_halo_kernel3_minus_4_b
5410	0.000018035	123008	ops_par_loop_update_halo_kernel4_minus_4_b_117	update_halo_kernel4_minus_4_b
5411	0.000020529	553536	ops_par_loop_group_68	update_halo_kernel1_t2+update_halo_kernel4_minus_2_b
5412	0.000019958	430528	ops_par_loop_update_halo_kernel1_t1_86	update_halo_kernel1_t1
5413	0.000026370	553536	ops_par_loop_group_70	update_halo_kernel1_l2+update_halo_kernel3_minus_4_a
5414	0.000023445	553536	ops_par_loop_group_71	update_halo_kernel1_l1+update_halo_kernel3_minus_2_a
5415	0.000025389	553536	ops_par_loop_group_72	update_halo_kernel1_r2+update_halo_kernel3_minus_2_b
5416	0.000021331	430528	ops_par_loop_update_halo_kernel1_r1_90	update_halo_kernel1_r1
5417	0.000023164	369120	ops_par_loop_group_74	update_halo_kernel2_xvel_minus_4_a+update_halo_kernel2_yvel_plus_4_a+update_halo_kernel4_plus_4_a
5418	0.000021130	369120	ops_par_loop_group_75	update_halo_kernel2_xvel_minus_2_a+update_halo_kernel2_yvel_plus_2_a+update_halo_kernel4_plus_2_a
5419	0.000022472	369120	ops_par_loop_group_76	update_halo_kernel2_xvel_minus_2_b+update_halo_kernel2_yvel_plus_2_b+update_halo_kernel4_plus_4_b
5420	0.000019187	123040	ops_par_loop_update_halo_kernel4_plus_2_b_122	update_halo_kernel4_plus_2_b
5421	0.001783172	1416561152	ops_par_loop_group_78	advec_mom_kernel_y2+reset_field_kernel1+ideal_gas_kernel
5422	0.000194298	236236864	ops_par_loop_advec_mom_kernel_mass_flux_y_124	advec_mom_kernel_mass_flux_y
5423	0.000532260	590438520	ops_par_loop_advec_mom_kernel_post_pre_advec_y_125	advec_mom_kernel_post_pre_advec_y
5424	0.000878096	472258640	ops_par_loop_advec_mom_kernel1_y_nonvector_126	advec_mom_kernel1_y_nonvector
5425	0.000455383	590131240	ops_par_loop_advec_mom_kernel2_y_127	advec_mom_kernel2_y
5426	0.000490751	472842752	ops_par_loop_advec_mom_kernel_y2_128	advec_mom_kernel_y2
5427	0.000191954	236236864	ops_par_loop_advec_mom_kernel_mass_flux_y_129	advec_mom_kernel_mass_flux_y
5428	0.000532721	590438520	ops_par_loop_advec_mom_kernel_post_pre_advec_y_130	advec_mom_kernel_post_pre_advec_y
5429	0.000873397	472258640	ops_par_loop_advec_mom_kernel1_y_nonvector_131	advec_mom_kernel1_y_nonvector
5430	0.000730335	1062236232	ops_par_loop_group_87	advec_mom_kernel2_y+reset_field_kernel2
5431	0.000021100	430304	ops_par_loop_update_halo_kernel1_b1_136	update_halo_kernel1_b1
5432	0.000020589	430304	ops_par_loop_update_halo_kernel1_t1_137	update_halo_kernel1_t1
5433	0.000023675	430304	ops_par_loop_update_halo_kernel1_l1_138	update_halo_kernel1_l1
5434	0.000023976	430304	ops_par_loop_update_halo_kernel1_r1_139	update_halo_kernel1_r1
5435	0.000019907	245952	ops_par_loop_group_92	update_halo_kernel2_xvel_plus_2_a+update_halo_kernel2_yvel_minus_2_a
5436	0.000019057	245952	ops_par_loop_group_93	update_halo_kernel2_xvel_plus_2_b+update_halo_kernel2_yvel_minus_2_b
5437	0.000020769	245952	ops_par_loop_group_94	update_halo_kernel2_xvel_minus_2_a+update_halo_kernel2_yvel_plus_2_a
5438	0.000021040	245952	ops_par_loop_group_95	update_halo_kernel2_xvel_minus_2_b+update_halo_kernel2_yvel_plus_2_b
5439	0.001733829	589885440	ops_par_loop_viscosity_kernel_148	viscosity_kernel
5440	0.000022934	430304	ops_par_loop_update_halo_kernel1_b1_149	update_halo_kernel1_b1
5441	0.000022853	430304	ops_par_loop_update_halo_kernel1_t1_150	update_halo_kernel1_t1
5442	0.000026531	430304	ops_par_loop_update_halo_kernel1_l1_151	update_halo_kernel1_l1
5443	0.000024857	430304	ops_par_loop_update_halo_kernel1_r1_152	update_halo_kernel1_r1
5444	0.000918853	1061744640	ops_par_loop_calc_dt_kernel_153	calc_dt_kernel
5445	0.001489125	1887436800	ops_par_loop_group_0	PdV_kernel_predict+ideal_gas_kernel
5446	0.000022944	430304	ops_par_loop_update_halo_kernel1_b1_2	update_halo_kernel1_b1
5447	0.000020018	430304	ops_par_loop_update_halo_kernel1_t1_3	update_halo_kernel1_t1
5448	0.000025087	430304	ops_par_loop_update_halo_kernel1_l1_4	update_halo_kernel1_l1
5449	0.000023885	430304	ops_par_loop_update_halo_kernel1_r1_5	update_halo_kernel1_r1
5450	0.001555320	1770147928	ops_par_loop_group_5	revert_kernel+accelerate_kernel
5451	0.001356694	1651507200	ops_par_loop_PdV_kernel_nopredict_8	PdV_kernel_nopredict
5452	0.000363580	471982080	ops_par_loop_flux_calc_kernelx_9	flux_calc_kernelx
5453	0.000364652	471982080	ops_par_loop_flux_calc_kernely_10	flux_calc_kernely
5454	0.000023174	553536	ops_par_loop_group_9	update_halo_kernel1_b2+update_halo_kernel4_minus_4_a
5455	0.000020990	553536	ops_par_loop_group_10	update_halo_kernel1_b1+update_halo_kernel4_minus_2_a
5456	0.000021150	369120	ops_par_loop_group_11	update_halo_kernel3_plus_4_a+update_halo_kernel2_xvel_plus_4_a+update_halo_kernel2_yvel_minus_4_a
5457	0.000020298	369120	ops_par_loop_group_12	update_halo_kernel3_plus_2_a+update_halo_kernel2_xvel_plus_2_a+update_halo_kernel2_yvel_minus_2_a
5458	0.000018846	123008	ops_par_loop_update_halo_kernel4_minus_4_b_29	update_halo_kernel4_minus_4_b
5459	0.000021551	553536	ops_par_loop_group_14	update_halo_kernel1_t2+update_halo_kernel4_minus_2_b
5460	0.000020448	430528	ops_par_loop_update_halo_kernel1_t1_14	update_halo_kernel1_t1
5461	0.000019617	246080	ops_par_loop_group_16	update_halo_kernel2_xvel_plus_4_b+update_halo_kernel2_yvel_minus_4_b
5462	0.000020989	369120	ops_par_loop_group_17	update_halo_kernel3_plus_4_b+update_halo_kernel2_xvel_plus_2_b+update_halo_kernel2_yvel_minus_2_b
5463	0.000019477	123040	ops_par_loop_update_halo_kernel3_plus_2_b_22	update_halo_kernel3_plus_2_b
5464	0.000025889	553536	ops_par_loop_group_19	update_halo_kernel1_l2+update_halo_kernel3_minus_4_a
5465	0.000023474	553536	ops_par_loop_group_20	update_halo_kernel1_l1+update_halo_kernel3_minus_2_a
5466	0.000020098	123008	ops_par_loop_update_halo_kernel3_minus_4_b_25	update_halo_kernel3_minus_4_b
5467	0.000024867	553536	ops_par_loop_group_22	update_halo_kernel1_r2+update_halo_kernel3_minus_2_b
5468	0.000021120	430528	ops_par_loop_update_halo_kernel1_r1_18	update_halo_kernel1_r1
5469	0.000023715	369120	ops_par_loop_group_24	update_halo_kernel4_plus_4_a+update_halo_kernel2_xvel_minus_4_a+update_halo_kernel2_yvel_plus_4_a
5470	0.000022112	369120	ops_par_loop_group_25	update_halo_kernel4_plus_2_a+update_halo_kernel2_xvel_minus_2_a+update_halo_kernel2_yvel_plus_2_a
5471	0.000021531	246080	ops_par_loop_group_26	update_halo_kernel2_xvel_minus_4_b+update_halo_kernel2_yvel_plus_4_b
5472	0.000021992	369120	ops_par_loop_group_27	update_halo_kernel4_plus_4_b+update_halo_kernel2_xvel_minus_2_b+update_halo_kernel2_yvel_plus_2_b
5473	0.000017914	123040	ops_par_loop_update_halo_kernel4_plus_2_b_34	update_halo_kernel4_plus_2_b
5474	0.000560894	591053440	ops_par_loop_advec_cell_kernel1_ydir_35	advec_cell_kernel1_ydir
5475	0.000789508	708203544	ops_par_loop_advec_cell_kernel3_ydir_36	advec_cell_kernel3_ydir
5476	0.001476842	1533542400	ops_par_loop_advec_cell_kernel4_ydir_37	advec_cell_kernel4_ydir
5477	0.000022443	553536	ops_par_loop_group_32	update_halo_kernel1_b2+update_halo_kernel4_minus_4_a
5478	0.000021330	553536	ops_par_loop_group_33	update_halo_kernel1_b1+update_halo_kernel4_minus_2_a
5479	0.000018525	123008	ops_par_loop_update_halo_kernel4_minus_4_b_64	update_halo_kernel4_minus_4_b
5480	0.000021791	553536	ops_par_loop_group_35	update_halo_kernel1_t2+update_halo_kernel4_minus_2_b
5481	0.000020028	430528	ops_par_loop_update_halo_kernel1_t1_41	update_halo_kernel1_t1
5482	0.000023574	430528	ops_par_loop_update_halo_kernel1_l2_42	update_halo_kernel1_l2
5483	0.000022052	430528	ops_par_loop_update_halo_kernel1_l1_43	update_halo_kernel1_l1
5484	0.000023605	430528	ops_par_loop_update_halo_kernel1_r2_44	update_halo_kernel1_r2
5485	0.000021471	430528	ops_par_loop_update_halo_kernel1_r1_45	update_halo_kernel1_r1
5486	0.000019477	123040	ops_par_loop_update_halo_kernel4_plus_4_a_66	update_halo_kernel4_plus_4_a
5487	0.000018886	123040	ops_par_loop_update_halo_kernel4_plus_2_a_67	update_halo_kernel4_plus_2_a
5488	0.000019166	123040	ops_par_loop_update_halo_kernel4_plus_4_b_68	update_halo_kernel4_plus_4_b
5489	0.000018755	123040	ops_par_loop_update_halo_kernel4_plus_2_b_69	update_halo_kernel4_plus_2_b
5490	0.000569080	591053440	ops_par_loop_advec_mom_kernel_y1_70	advec_mom_kernel_y1
5491	0.000191734	236236864	ops_par_loop_advec_mom_kernel_mass_flux_y_71	advec_mom_kernel_mass_flux_y
5492	0.000532029	590438520	ops_par_loop_advec_mom_kernel_post_pre_advec_y_72	advec_mom_kernel_post_pre_advec_y
5493	0.000877575	472258640	ops_par_loop_advec_mom_kernel1_y_nonvector_73	advec_mom_kernel1_y_nonvector
5494	0.000451597	590131240	ops_par_loop_advec_mom_kernel2_y_74	advec_mom_kernel2_y
5495	0.000564902	591053440	ops_par_loop_advec_mom_kernel_y1_75	advec_mom_kernel_y1
5496	0.000192826	236236864	ops_par_loop_advec_mom_kernel_mass_flux_y_76	advec_mom_kernel_mass_flux_y
5497	0.000534344	590438520	ops_par_loop_advec_mom_kernel_post_pre_advec_y_77	advec_mom_kernel_post_pre_advec_y
5498	0.000877334	472258640	ops_par_loop_advec_mom_kernel1_y_nonvector_78	advec_mom_kernel1_y_nonvector
5499	0.000452298	590131240	ops_par_loop_advec_mom_kernel2_y_79	advec_mom_kernel2_y
5500	0.000492605	472842752	ops_par_loop_advec_cell_kernel2_xdir_80	advec_cell_kernel2_xdir
5501	0.000773688	708203544	ops_par_loop_advec_cell_kernel3_xdir_81	advec_cell_kernel3_xdir
5502	0.001459939	1533542400	ops_par_loop_advec_cell_kernel4_xdir_82	advec_cell_kernel4_xdir
5503	0.000023475	553536	ops_par_loop_group_58	update_halo_kernel1_b2+update_halo_kernel4_minus_4_a
5504	0.000021831	553536	ops_par_loop_group_59	update_halo_kernel1_b1+update_halo_kernel4_minus_2_a
5505	0.000022192	369120	ops_par_loop_group_60	update_halo_kernel2_xvel_plus_4_a+update_halo_kernel2_yvel_minus_4_a+update_halo_kernel3_plus_4_a
5506	0.000021040	369120	ops_par_loop_group_61	update_halo_kernel2_xvel_plus_2_a+update_halo_kernel2_yvel_minus_2_a+update_halo_kernel3_plus_2_a
5507	0.000019707	246080	ops_par_loop_group_62	update_halo_kernel2_xvel_plus_4_b+update_halo_kernel2_yvel_minus_4_b
5508	0.000020700	369120	ops_par_loop_group_63	update_halo_kernel2_xvel_plus_2_b+update_halo_kernel2_yvel_minus_2_b+update_halo_kernel3_plus_4_b
5509	0.000021470	246080	ops_par_loop_group_64	update_halo_kernel2_xvel_minus_4_b+update_halo_kernel2_yvel_plus_4_b
5510	0.000019517	123040	ops_par_loop_update_halo_kernel3_plus_2_b_110	update_halo_kernel3_plus_2_b
5511	0.000019447	123008	ops_par_loop_update_halo_kernel3_minus_4_b_113	update_halo_kernel3_minus_4_b
5512	0.000019778	123008	ops_par_loop_update_halo_kernel4_minus_4_b_117	update_halo_kernel4_minus_4_b
5513	0.000020990	553536	ops_par_loop_group_68	update_halo_kernel1_t2+update_halo_kernel4_minus_2_b
5514	0.000020539	430528	ops_par_loop_update_halo_kernel1_t1_86	update_halo_kernel1_t1
5515	0.000026671	553536	ops_par_loop_group_70	update_halo_kernel1_l2+update_halo_kernel3_minus_4_a
5516	0.000023806	553536	ops_par_loop_group_71	update_halo_kernel1_l1+update_halo_kernel3_minus_2_a
5517	0.000025388	553536	ops_par_loop_group_72	update_halo_kernel1_r2+update_halo_kernel3_minus_2_b
5518	0.000021992	430528	ops_par_loop_update_halo_kernel1_r1_90	update_halo_kernel1_r1
5519	0.000023615	369120	ops_par_loop_group_74	update_halo_kernel2_xvel_minus_4_a+update_halo_kernel2_yvel_plus_4_a+update_halo_kernel4_plus_4_a
5520	0.000021381	369120	ops_par_loop_group_75	update_halo_kernel2_xvel_minus_2_a+update_halo_kernel2_yvel_plus_2_a+update_halo_kernel4_plus_2_a
5521	0.000022492	369120	ops_par_loop_group_76	update_halo_kernel2_xvel_minus_2_b+update_halo_kernel2_yvel_plus_2_b+update_halo_kernel4_plus_4_b
5522	0.000019036	123040	ops_par_loop_update_halo_kernel4_plus_2_b_122	update_halo_kernel4_plus_2_b
5523	0.001792009	1416561152	ops_par_loop_group_78	advec_mom_kernel_x2+reset_field_kernel1+ideal_gas_kernel
5524	0.000196403	236236864	ops_par_loop_advec_mom_kernel_mass_flux_x_124	advec_mom_kernel_mass_flux_x
5525	0.000575692	590438520	ops_par_loop_advec_mom_kernel_post_pre_advec_x_125	advec_mom_kernel_post_pre_advec_x
5526	0.000882273	472258640	ops_par_loop_advec_mom_kernel1_x_nonvector_126	advec_mom_kernel1_x_nonvector
5527	0.000446717	590131240	ops_par_loop_advec_mom_kernel2_x_127	advec_mom_kernel2_x
5528	0.000499478	472842752	ops_par_loop_advec_mom_kernel_x2_128	advec_mom_kernel_x2
5529	0.000196122	236236864	ops_par_loop_advec_mom_kernel_mass_flux_x_129	advec_mom_kernel_mass_flux_x
5530	0.000577406	590438520	ops_par_loop_advec_mom_kernel_post_pre_advec_x_130	advec_mom_kernel_post_pre_advec_x
5531	0.000884789	472258640	ops_par_loop_advec_mom_kernel1_x_nonvector_131	advec_mom_kernel1_x_nonvector
5532	0.000731808	1062236232	ops_par_loop_group_87	advec_mom_kernel2_x+reset_field_kernel2
5533	0.000022442	430304	ops_par_loop_update_halo_kernel1_b1_136	update_halo_kernel1_b1
5534	0.000020660	430304	ops_par_loop_update_halo_kernel1_t1_137	update_halo_kernel1_t1
5535	0.000024817	430304	ops_par_loop_update_halo_kernel1_l1_138	update_halo_kernel1_l1
5536	0.000024366	430304	ops_par_loop_update_halo_kernel1_r1_139	update_halo_kernel1_r1
5537	0.000020058	245952	ops_par_loop_group_92	update_halo_kernel2_xvel_plus_2_a+update_halo_kernel2_yvel_minus_2_a
5538	0.000019106	245952	ops_par_loop_group_93	update_halo_kernel2_xvel_plus_2_b+update_halo_kernel2_yvel_minus_2_b
5539	0.000021039	245952	ops_par_loop_group_94	update_halo_kernel2_xvel_minus_2_a+update_halo_kernel2_yvel_plus_2_a
5540	0.000021281	245952	ops_par_loop_group_95	update_halo_kernel2_xvel_minus_2_b+update_halo_kernel2_yvel_plus_2_b
5541	0.001733809	589885440	ops_par_loop_viscosity_kernel_148	viscosity_kernel
5542	0.000022823	430304	ops_par_loop_update_halo_kernel1_b1_149	update_halo_kernel1_b1
5543	0.000022873	430304	ops_par_loop_update_halo_kernel1_t1_150	update_halo_kernel1_t1
5544	0.000025138	430304	ops_par_loop_update_halo_kernel1_l1_151	update_halo_kernel1_l1
5545	0.000024366	430304	ops_par_loop_update_halo_kernel1_r1_152	update_halo_kernel1_r1
5546	0.000918392	1061744640	ops_par_loop_calc_dt_kernel_153	calc_dt_kernel
5547	0.001481290	1887436800	ops_par_loop_group_0	PdV_kernel_predict+ideal_gas_kernel
5548	0.000022602	430304	ops_par_loop_update_halo_kernel1_b1_2	update_halo_kernel1_b1
5549	0.000020269	430304	ops_par_loop_update_halo_kernel1_t1_3	update_halo_kernel1_t1
5550	0.000024046	430304	ops_par_loop_update_halo_kernel1_l1_4	update_halo_kernel1_l1
5551	0.000024858	430304	ops_par_loop_update_halo_kernel1_r1_5	update_halo_kernel1_r1
5552	0.001559809	1770147928	ops_par_loop_group_5	revert_kernel+accelerate_kernel
5553	0.001356553	1651507200	ops_par_loop_PdV_kernel_nopredict_8	PdV_kernel_nopredict
5554	0.000360944	471982080	ops_par_loop_flux_calc_kernelx_9	flux_calc_kernelx
5555	0.000359252	471982080	ops_par_loop_flux_calc_kernely_10	flux_calc_kernely
5556	0.000022723	553536	ops_par_loop_group_9	update_halo_kernel1_b2+update_halo_kernel4_minus_4_a
5557	0.000021401	553536	ops_par_loop_group_10	update_halo_kernel1_b1+update_halo_kernel4_minus_2_a
5558	0.000021661	369120	ops_par_loop_group_11	update_halo_kernel3_plus_4_a+update_halo_kernel2_xvel_plus_4_a+update_halo_kernel2_yvel_minus_4_a
5559	0.000020809	369120	ops_par_loop_group_12	update_halo_kernel3_plus_2_a+update_halo_kernel2_xvel_plus_2_a+update_halo_kernel2_yvel_minus_2_a
5560	0.000018715	123008	ops_par_loop_update_halo_kernel4_minus_4_b_29	update_halo_kernel4_minus_4_b
5561	0.000021020	553536	ops_par_loop_group_14	update_halo_kernel1_t2+update_halo_kernel4_minus_2_b
5562	0.000019918	430528	ops_par_loop_update_halo_kernel1_t1_14	update_halo_kernel1_t1
5563	0.000020198	246080	ops_par_loop_group_16	update_halo_kernel2_xvel_plus_4_b+update_halo_kernel2_yvel_minus_4_b
5564	0.000020449	369120	ops_par_loop_group_17	update_halo_kernel3_plus_4_b+update_halo_kernel2_xvel_plus_2_b+update_halo_kernel2_yvel_minus_2_b
5565	0.000019106	123040	ops_par_loop_update_halo_kernel3_plus_2_b_22	update_halo_kernel3_plus_2_b
5566	0.000026129	553536	ops_par_loop_group_19	update_halo_kernel1_l2+update_halo_kernel3_minus_4_a
5567	0.000023525	553536	ops_par_loop_group_20	update_halo_kernel1_l1+update_halo_kernel3_minus_2_a
5568	0.000018615	123008	ops_par_loop_update_halo_kernel3_minus_4_b_25	update_halo_kernel3_minus_4_b
5569	0.000024586	553536	ops_par_loop_group_22	update_halo_kernel1_r2+update_halo_kernel3_minus_2_b
5570	0.000021721	430528	ops_par_loop_update_halo_kernel1_r1_18	update_halo_kernel1_r1
5571	0.000023014	369120	ops_par_loop_group_24	update_halo_kernel4_plus_4_a+update_halo_kernel2_xvel_minus_4_a+update_halo_kernel2_yvel_plus_4_a
5572	0.000022061	369120	ops_par_loop_group_25	update_halo_kernel4_plus_2_a+update_halo_kernel2_xvel_minus_2_a+update_halo_kernel2_yvel_plus_2_a
5573	0.000021130	246080	ops_par_loop_group_26	update_halo_kernel2_xvel_minus_4_b+update_halo_kernel2_yvel_plus_4_b
5574	0.000022533	369120	ops_par_loop_group_27	update_halo_kernel4_plus_4_b+update_halo_kernel2_xvel_minus_2_b+update_halo_kernel2_yvel_plus_2_b
5575	0.000019477	123040	ops_par_loop_update_halo_kernel4_plus_2_b_34	update_halo_kernel4_plus_2_b
5576	0.000564310	591053440	ops_par_loop_advec_cell_kernel1_xdir_35	advec_cell_kernel1_xdir
5577	0.000772606	708203544	ops_par_loop_advec_cell_kernel3_xdir_36	advec_cell_kernel3_xdir
5578	0.001461081	1533542400	ops_par_loop_advec_cell_kernel4_xdir_37	advec_cell_kernel4_xdir
5579	0.000021841	430528	ops_par_loop_update_halo_kernel1_b2_38	update_halo_kernel1_b2
5580	0.000019727	430528	ops_par_loop_update_halo_kernel1_b1_39	update_halo_kernel1_b1
5581	0.000020599	430528	ops_par_loop_update_halo_kernel1_t2_40	update_halo_kernel1_t2
5582	0.000020429	430528	ops_par_loop_update_halo_kernel1_t1_41	update_halo_kernel1_t1
5583	0.000018735	123040	ops_par_loop_update_halo_kernel3_plus_4_a_62	update_halo_kernel3_plus_4_a
5584	0.000024276	123040	ops_par_loop_update_halo_kernel3_plus_2_a_63	update_halo_kernel3_plus_2_a
5585	0.000018655	123040	ops_par_loop_update_halo_kernel3_plus_4_b_64	update_halo_kernel3_plus_4_b
5586	0.000018675	123040	ops_par_loop_update_halo_kernel3_plus_2_b_65	update_halo_kernel3_plus_2_b
5587	0.000025829	553536	ops_par_loop_group_40	update_halo_kernel1_l2+update_halo_kernel3_minus_4_a
5588	0.000023345	553536	ops_par_loop_group_41	update_halo_kernel1_l1+update_halo_kernel3_minus_2_a
5589	0.000018916	123008	ops_par_loop_update_halo_kernel3_minus_4_b_68	update_halo_kernel3_minus_4_b
5590	0.000024707	553536	ops_par_loop_group_43	update_halo_kernel1_r2+update_halo_kernel3_minus_2_b
5591	0.000021811	430528	ops_par_loop_update_halo_kernel1_r1_45	update_halo_kernel1_r1
5592	0.000564501	591053440	ops_par_loop_advec_mom_kernel_x1_70	advec_mom_kernel_x1
5593	0.000194138	236236864	ops_par_loop_advec_mom_kernel_mass_flux_x_71	advec_mom_kernel_mass_flux_x
5594	0.000579299	590438520	ops_par_loop_advec_mom_kernel_post_pre_advec_x_72	advec_mom_kernel_post_pre_advec_x
5595	0.000882133	472258640	ops_par_loop_advec_mom_kernel1_x_nonvector_73	advec_mom_kernel1_x_nonvector
5596	0.000448341	590131240	ops_par_loop_advec_mom_kernel2_x_74	advec_mom_kernel2_x
5597	0.000562878	591053440	ops_par_loop_advec_mom_kernel_x1_75	advec_mom_kernel_x1
5598	0.000194428	236236864	ops_par_loop_advec_mom_kernel_mass_flux_x_76	advec_mom_kernel_mass_flux_x
5599	0.000572817	590438520	ops_par_loop_advec_mom_kernel_post_pre_advec_x_77	advec_mom_kernel_post_pre_advec_x
5600	0.000883606	472258640	ops_par_loop_advec_mom_kernel1_x_nonvector_78	advec_mom_kernel1_x_nonvector
5601	0.000447790	590131240	ops_par_loop_advec_mom_kernel2_x_79	advec_mom_kernel2_x
5602	0.000500049	472842752	ops_par_loop_advec_cell_kernel2_ydir_80	advec_cell_kernel2_ydir
5603	0.000788757	708203544	ops_par_loop_advec_cell_kernel3_ydir_81	advec_cell_kernel3_ydir
5604	0.001474146	1533542400	ops_par_loop_advec_cell_kernel4_ydir_82	advec_cell_kernel4_ydir
5605	0.000022743	553536	ops_par_loop_group_58	update_halo_kernel1_b2+update_halo_kernel4_minus_4_a
5606	0.000021361	553536	ops_par_loop_group_59	update_halo_kernel1_b1+update_halo_kernel4_minus_2_a
5607	0.000021801	369120	ops_par_loop_group_60	update_halo_kernel2_xvel_plus_4_a+update_halo_kernel2_yvel_minus_4_a+update_halo_kernel3_plus_4_a
5608	0.000021310	369120	ops_par_loop_group_61	update_halo_kernel2_xvel_plus_2_a+update_halo_kernel2_yvel_minus_2_a+update_halo_kernel3_plus_2_a
5609	0.000020449	246080	ops_par_loop_group_62	update_halo_kernel2_xvel_plus_4_b+update_halo_kernel2_yvel_minus_4_b
5610	0.000021210	369120	ops_par_loop_group_63	update_halo_kernel2_xvel_plus_2_b+update_halo_kernel2_yvel_minus_2_b+update_halo_kernel3_plus_4_b
5611	0.000022242	246080	ops_par_loop_group_64	update_halo_kernel2_xvel_minus_4_b+update_halo_kernel2_yvel_plus_4_b
5612	0.000019948	123040	ops_par_loop_update_halo_kernel3_plus_2_b_110	update_halo_kernel3_plus_2_b
5613	0.000019718	123008	ops_par_loop_update_halo_kernel3_minus_4_b_113	update_halo_kernel3_minus_4_b
5614	0.000018204	123008	ops_par_loop_update_halo_kernel4_minus_4_b_117	update_halo_kernel4_minus_4_b
5615	0.000021691	553536	ops_par_loop_group_68	update_halo_kernel1_t2+update_halo_kernel4_minus_2_b
5616	0.000020689	430528	ops_par_loop_update_halo_kernel1_t1_86	update_halo_kernel1_t1
5617	0.000026530	553536	ops_par_loop_group_70	update_halo_kernel1_l2+update_halo_kernel3_minus_4_a
5618	0.000022983	553536	ops_par_loop_group_71	update_halo_kernel1_l1+update_halo_kernel3_minus_2_a
5619	0.000024917	553536	ops_par_loop_group_72	update_halo_kernel1_r2+update_halo_kernel3_minus_2_b
5620	0.000021441	430528	ops_par_loop_update_halo_kernel1_r1_90	update_halo_kernel1_r1
5621	0.000023675	369120	ops_par_loop_group_74	update_halo_kernel2_xvel_minus_4_a+update_halo_kernel2_yvel_plus_4_a+update_halo_kernel4_plus_4_a
5622	0.000021972	369120	ops_par_loop_group_75	update_halo_kernel2_xvel_minus_2_a+update_halo_kernel2_yvel_plus_2_a+update_halo_kernel4_plus_2_a
5623	0.000023034	369120	ops_par_loop_group_76	update_halo_kernel2_xvel_minus_2_b+update_halo_kernel2_yvel_plus_2_b+update_halo_kernel4_plus_4_b
5624	0.000019858	123040	ops_par_loop_update_halo_kernel4_plus_2_b_122	update_halo_kernel4_plus_2_b
5625	0.001796137	1416561152	ops_par_loop_group_78	advec_mom_kernel_y2+reset_field_kernel1+ideal_gas_kernel
5626	0.000196303	236236864	ops_par_loop_advec_mom_kernel_mass_flux_y_124	advec_mom_kernel_mass_flux_y
5627	0.000531889	590438520	ops_par_loop_advec_mom_kernel_post_pre_advec_y_125	advec_mom_kernel_post_pre_advec_y
5628	0.000877915	472258640	ops_par_loop_advec_mom_kernel1_y_nonvector_126	advec_mom_kernel1_y_nonvector
5629	0.000451256	590131240	ops_par_loop_advec_mom_kernel2_y_127	advec_mom_kernel2_y
5630	0.000492554	472842752	ops_par_loop_advec_mom_kernel_y2_128	advec_mom_kernel_y2
5631	0.000192916	236236864	ops_par_loop_advec_mom_kernel_mass_flux_y_129	advec_mom_kernel_mass_flux_y
5632	0.000535546	590438520	ops_par_loop_advec_mom_kernel_post_pre_advec_y_130	advec_mom_kernel_post_pre_advec_y
5633	0.000873507	472258640	ops_par_loop_advec_mom_kernel1_y_nonvector_131	advec_mom_kernel1_y_nonvector
5634	0.000731858	1062236232	ops_par_loop_group_87	advec_mom_kernel2_y+reset_field_kernel2
5635	0.000022373	430304	ops_par_loop_update_halo_kernel1_b1_136	update_halo_kernel1_b1
5636	0.000020159	430304	ops_par_loop_update_halo_kernel1_t1_137	update_halo_kernel1_t1
5637	0.000023355	430304	ops_par_loop_update_halo_kernel1_l1_138	update_halo_kernel1_l1
5638	0.000023435	430304	ops_par_loop_update_halo_kernel1_r1_139	update_halo_kernel1_r1
5639	0.000019867	245952	ops_par_loop_group_92	update_halo_kernel2_xvel_plus_2_a+update_halo_kernel2_yvel_minus_2_a
5640	0.000019366	245952	ops_par_loop_group_93	update_halo_kernel2_xvel_plus_2_b+update_halo_kernel2_yvel_minus_2_b
5641	0.000021481	245952	ops_par_loop_group_94	update_halo_kernel2_xvel_minus_2_a+update_halo_kernel2_yvel_plus_2_a
5642	0.000026370	245952	ops_par_loop_group_95	update_halo_kernel2_xvel_minus_2_b+update_halo_kernel2_yvel_plus_2_b
5643	0.001733408	589885440	ops_par_loop_viscosity_kernel_148	viscosity_kernel
5644	0.000021781	430304	ops_par_loop_update_halo_kernel1_b1_149	update_halo_kernel1_b1
5645	0.000020448	430304	ops_par_loop_update_halo_kernel1_t1_150	update_halo_kernel1_t1
5646	0.000024216	430304	ops_par_loop_update_halo_kernel1_l1_151	update_halo_kernel1_l1
5647	0.000024076	430304	ops_par_loop_update_halo_kernel1_r1_152	update_halo_kernel1_r1
5648	0.000916118	1061744640	ops_par_loop_calc_dt_kernel_153	calc_dt_kernel
5649	0.001491900	1887436800	ops_par_loop_group_0	PdV_kernel_predict+ideal_gas_kernel
5650	0.000023164	430304	ops_par_loop_update_halo_kernel1_b1_2	update_halo_kernel1_b1
5651	0.000020229	430304	ops_par_loop_update_halo_kernel1_t1_3	update_halo_kernel1_t1
5652	0.000023845	430304	ops_par_loop_update_halo_kernel1_l1_4	update_halo_kernel1_l1
5653	0.000023916	430304	ops_par_loop_update_halo_kernel1_r1_5	update_halo_kernel1_r1
5654	0.001556883	1770147928	ops_par_loop_group_5	revert_kernel+accelerate_kernel
5655	0.001356864	1651507200	ops_par_loop_PdV_kernel_nopredict_8	PdV_kernel_nopredict
5656	0.000361145	471982080	ops_par_loop_flux_calc_kernelx_9	flux_calc_kernelx
5657	0.000358760	471982080	ops_par_loop_flux_calc_kernely_10	flux_calc_kernely
5658	0.000022072	553536	ops_par_loop_group_9	update_halo_kernel1_b2+update_halo_kernel4_minus_4_a
5659	0.000021401	553536	ops_par_loop_group_10	update_halo_kernel1_b1+update_halo_kernel4_minus_2_a
5660	0.000020920	369120	ops_par_loop_group_11	update_halo_kernel3_plus_4_a+update_halo_kernel2_xvel_plus_4_a+update_halo_kernel2_yvel_minus_4_a
5661	0.000021451	369120	ops_par_loop_group_12	update_halo_kernel3_plus_2_a+update_halo_kernel2_xvel_plus_2_a+update_halo_kernel2_yvel_minus_2_a
5662	0.000018555	123008	ops_par_loop_update_halo_kernel4_minus_4_b_29	update_halo_kernel4_minus_4_b
5663	0.000021480	553536	ops_par_loop_group_14	update_halo_kernel1_t2+update_halo_kernel4_minus_2_b
5664	0.000020479	430528	ops_par_loop_update_halo_kernel1_t1_14	update_halo_kernel1_t1
5665	0.000019747	246080	ops_par_loop_group_16	update_halo_kernel2_xvel_plus_4_b+update_halo_kernel2_yvel_minus_4_b
5666	0.000021050	369120	ops_par_loop_group_17	update_halo_kernel3_plus_4_b+update_halo_kernel2_xvel_plus_2_b+update_halo_kernel2_yvel_minus_2_b
5667	0.000018685	123040	ops_par_loop_update_halo_kernel3_plus_2_b_22	update_halo_kernel3_plus_2_b
5668	0.000026140	553536	ops_par_loop_group_19	update_halo_kernel1_l2+update_halo_kernel3_minus_4_a
5669	0.000023154	553536	ops_par_loop_group_20	update_halo_kernel1_l1+update_halo_kernel3_minus_2_a
5670	0.000019818	123008	ops_par_loop_update_halo_kernel3_minus_4_b_25	update_halo_kernel3_minus_4_b
5671	0.000025899	553536	ops_par_loop_group_22	update_halo_kernel1_r2+update_halo_kernel3_minus_2_b
5672	0.000021231	430528	ops_par_loop_update_halo_kernel1_r1_18	update_halo_kernel1_r1
5673	0.000023404	369120	ops_par_loop_group_24	update_halo_kernel4_plus_4_a+update_halo_kernel2_xvel_minus_4_a+update_halo_kernel2_yvel_plus_4_a
5674	0.000021781	369120	ops_par_loop_group_25	update_halo_kernel4_plus_2_a+update_halo_kernel2_xvel_minus_2_a+update_halo_kernel2_yvel_plus_2_a
5675	0.000021190	246080	ops_par_loop_group_26	update_halo_kernel2_xvel_minus_4_b+update_halo_kernel2_yvel_plus_4_b
5676	0.000025378	369120	ops_par_loop_group_27	update_halo_kernel4_plus_4_b+update_halo_kernel2_xvel_minus_2_b+update_halo_kernel2_yvel_plus_2_b
5677	0.000019097	123040	ops_par_loop_update_halo_kernel4_plus_2_b_34	update_halo_kernel4_plus_2_b
5678	0.000561756	591053440	ops_par_loop_advec_cell_kernel1_ydir_35	advec_cell_kernel1_ydir
5679	0.000787744	708203544	ops_par_loop_advec_cell_kernel3_ydir_36	advec_cell_kernel3_ydir
5680	0.001476852	1533542400	ops_par_loop_advec_cell_kernel4_ydir_37	advec_cell_kernel4_ydir
5681	0.000022452	553536	ops_par_loop_group_32	update_halo_kernel1_b2+update_halo_kernel4_minus_4_a
5682	0.000021380	553536	ops_par_loop_group_33	update_halo_kernel1_b1+update_halo_kernel4_minus_2_a
5683	0.000018185	123008	ops_par_loop_update_halo_kernel4_minus_4_b_64	update_halo_kernel4_minus_4_b
5684	0.000022183	553536	ops_par_loop_group_35	update_halo_kernel1_t2+update_halo_kernel4_minus_2_b
5685	0.000020369	430528	ops_par_loop_update_halo_kernel1_t1_41	update_halo_kernel1_t1
5686	0.000024026	430528	ops_par_loop_update_halo_kernel1_l2_42	update_halo_kernel1_l2
5687	0.000021751	430528	ops_par_loop_update_halo_kernel1_l1_43	update_halo_kernel1_l1
5688	0.000022883	430528	ops_par_loop_update_halo_kernel1_r2_44	update_halo_kernel1_r2
5689	0.000021150	430528	ops_par_loop_update_halo_kernel1_r1_45	update_halo_kernel1_r1
5690	0.000019357	123040	ops_par_loop_update_halo_kernel4_plus_4_a_66	update_halo_kernel4_plus_4_a
5691	0.000018685	123040	ops_par_loop_update_halo_kernel4_plus_2_a_67	update_halo_kernel4_plus_2_a
5692	0.000019026	123040	ops_par_loop_update_halo_kernel4_plus_4_b_68	update_halo_kernel4_plus_4_b
5693	0.000018695	123040	ops_par_loop_update_halo_kernel4_plus_2_b_69	update_halo_kernel4_plus_2_b
5694	0.000562527	591053440	ops_par_loop_advec_mom_kernel_y1_70	advec_mom_kernel_y1
5695	0.000192405	236236864	ops_par_loop_advec_mom_kernel_mass_flux_y_71	advec_mom_kernel_mass_flux_y
5696	0.000532050	590438520	ops_par_loop_advec_mom_kernel_post_pre_advec_y_72	advec_mom_kernel_post_pre_advec_y
5697	0.000877495	472258640	ops_par_loop_advec_mom_kernel1_y_nonvector_73	advec_mom_kernel1_y_nonvector
5698	0.000446888	590131240	ops_par_loop_advec_mom_kernel2_y_74	advec_mom_kernel2_y
5699	0.000561555	591053440	ops_par_loop_advec_mom_kernel_y1_75	advec_mom_kernel_y1
5700	0.000191614	236236864	ops_par_loop_advec_mom_kernel_mass_flux_y_76	advec_mom_kernel_mass_flux_y
5701	0.000531789	590438520	ops_par_loop_advec_mom_kernel_post_pre_advec_y_77	advec_mom_kernel_post_pre_advec_y
5702	0.000873967	472258640	ops_par_loop_advec_mom_kernel1_y_nonvector_78	advec_mom_kernel1_y_nonvector
5703	0.000450024	590131240	ops_par_loop_advec_mom_kernel2_y_79	advec_mom_kernel2_y
5704	0.000490440	472842752	ops_par_loop_advec_cell_kernel2_xdir_80	advec_cell_kernel2_xdir
5705	0.000772996	708203544	ops_par_loop_advec_cell_kernel3_xdir_81	advec_cell_kernel3_xdir
5706	0.001466001	1533542400	ops_par_loop_advec_cell_kernel4_xdir_82	advec_cell_kernel4_xdir
5707	0.000023144	553536	ops_par_loop_group_58	update_halo_kernel1_b2+update_halo_kernel4_minus_4_a
5708	0.000021471	553536	ops_par_loop_group_59	update_halo_kernel1_b1+update_halo_kernel4_minus_2_a
5709	0.000022924	369120	ops_par_loop_group_60	update_halo_kernel2_xvel_plus_4_a+update_halo_kernel2_yvel_minus_4_a+update_halo_kernel3_plus_4_a
5710	0.000021190	369120	ops_par_loop_group_61	update_halo_kernel2_xvel_plus_2_a+update_halo_kernel2_yvel_minus_2_a+update_halo_kernel3_plus_2_a
5711	0.000019547	246080	ops_par_loop_group_62	update_halo_kernel2_xvel_plus_4_b+update_halo_kernel2_yvel_minus_4_b
5712	0.000020358	369120	ops_par_loop_group_63	update_halo_kernel2_xvel_plus_2_b+update_halo_kernel2_yvel_minus_2_b+update_halo_kernel3_plus_4_b
5713	0.000021300	246080	ops_par_loop_group_64	update_halo_kernel2_xvel_minus_4_b+update_halo_kernel2_yvel_plus_4_b
5714	0.000019377	123040	ops_par_loop_update_halo_kernel3_plus_2_b_110	update_halo_kernel3_plus_2_b
5715	0.000019567	123008	ops_par_loop_update_halo_kernel3_minus_4_b_113	update_halo_kernel3_minus_4_b
5716	0.000018505	123008	ops_par_loop_update_halo_kernel4_minus_4_b_117	update_halo_kernel4_minus_4_b
5717	0.000021712	553536	ops_par_loop_group_68	update_halo_kernel1_t2+update_halo_kernel4_minus_2_b
5718	0.000020980	430528	ops_par_loop_update_halo_kernel1_t1_86	update_halo_kernel1_t1
5719	0.000026701	553536	ops_par_loop_group_70	update_halo_kernel1_l2+update_halo_kernel3_minus_4_a
5720	0.000023004	553536	ops_par_loop_group_71	update_halo_kernel1_l1+update_halo_kernel3_minus_2_a
5721	0.000024937	553536	ops_par_loop_group_72	update_halo_kernel1_r2+update_halo_kernel3_minus_2_b
5722	0.000021942	430528	ops_par_loop_update_halo_kernel1_r1_90	update_halo_kernel1_r1
5723	0.000024016	369120	ops_par_loop_group_74	update_halo_kernel2_xvel_minus_4_a+update_halo_kernel2_yvel_plus_4_a+update_halo_kernel4_plus_4_a
5724	0.000021270	369120	ops_par_loop_group_75	update_halo_kernel2_xvel_minus_2_a+update_halo_kernel2_yvel_plus_2_a+update_halo_kernel4_plus_2_a
5725	0.000022823	369120	ops_par_loop_group_76	update_halo_kernel2_xvel_minus_2_b+update_halo_kernel2_yvel_plus_2_b+update_halo_kernel4_plus_4_b
5726	0.000018966	123040	ops_par_loop_update_halo_kernel4_plus_2_b_122	update_halo_kernel4_plus_2_b
5727	0.001799203	1416561152	ops_par_loop_group_78	advec_mom_kernel_x2+reset_field_kernel1+ideal_gas_kernel
5728	0.000197254	236236864	ops_par_loop_advec_mom_kernel_mass_flux_x_124	advec_mom_kernel_mass_flux_x
5729	0.000573668	590438520	ops_par_loop_advec_mom_kernel_post_pre_advec_x_125	advec_mom_kernel_post_pre_advec_x
5730	0.000884698	472258640	ops_par_loop_advec_mom_kernel1_x_nonvector_126	advec_mom_kernel1_x_nonvector
5731	0.000451517	590131240	ops_par_loop_advec_mom_kernel2_x_127	advec_mom_kernel2_x
5732	0.000499918	472842752	ops_par_loop_advec_mom_kernel_x2_128	advec_mom_kernel_x2
5733	0.000195972	236236864	ops_par_loop_advec_mom_kernel_mass_flux_x_129	advec_mom_kernel_mass_flux_x
5734	0.000575592	590438520	ops_par_loop_advec_mom_kernel_post_pre_advec_x_130	advec_mom_kernel_post_pre_advec_x
5735	0.000885720	472258640	ops_par_loop_advec_mom_kernel1_x_nonvector_131	advec_mom_kernel1_x_nonvector
5736	0.000732168	1062236232	ops_par_loop_group_87	advec_mom_kernel2_x+reset_field_kernel2
5737	0.000021712	430304	ops_par_loop_update_halo_kernel1_b1_136	update_halo_kernel1_b1
5738	0.000021020	430304	ops_par_loop_update_halo_kernel1_t1_137	update_halo_kernel1_t1
5739	0.000023424	430304	ops_par_loop_update_halo_kernel1_l1_138	update_halo_kernel1_l1
5740	0.000024416	430304	ops_par_loop_update_halo_kernel1_r1_139	update_halo_kernel1_r1
5741	0.000019256	245952	ops_par_loop_group_92	update_halo_kernel2_xvel_plus_2_a+update_halo_kernel2_yvel_minus_2_a
5742	0.000019768	245952	ops_par_loop_group_93	update_halo_kernel2_xvel_plus_2_b+update_halo_kernel2_yvel_minus_2_b
5743	0.000021070	245952	ops_par_loop_group_94	update_halo_kernel2_xvel_minus_2_a+update_halo_kernel2_yvel_plus_2_a
5744	0.000027282	245952	ops_par_loop_group_95	update_halo_kernel2_xvel_minus_2_b+update_halo_kernel2_yvel_plus_2_b
5745	0.001733338	589885440	ops_par_loop_viscosity_kernel_148	viscosity_kernel
5746	0.000021952	430304	ops_par_loop_update_halo_kernel1_b1_149	update_halo_kernel1_b1
5747	0.000021090	430304	ops_par_loop_update_halo_kernel1_t1_150	update_halo_kernel1_t1
5748	0.000023114	430304	ops_par_loop_update_halo_kernel1_l1_151	update_halo_kernel1_l1
5749	0.000023033	430304	ops_par_loop_update_halo_kernel1_r1_152	update_halo_kernel1_r1
5750	0.000916328	1061744640	ops_par_loop_calc_dt_kernel_153	calc_dt_kernel
5751	0.001490839	1887436800	ops_par_loop_group_0	PdV_kernel_predict+ideal_gas_kernel
5752	0.000022753	430304	ops_par_loop_update_halo_kernel1_b1_2	update_halo_kernel1_b1
5753	0.000020048	430304	ops_par_loop_update_halo_kernel1_t1_3	update_halo_kernel1_t1
5754	0.000024667	430304	ops_par_loop_update_halo_kernel1_l1_4	update_halo_kernel1_l1
5755	0.000024446	430304	ops_par_loop_update_halo_kernel1_r1_5	update_halo_kernel1_r1
5756	0.001556032	1770147928	ops_par_loop_group_5	revert_kernel+accelerate_kernel
5757	0.001355201	1651507200	ops_par_loop_PdV_kernel_nopredict_8	PdV_kernel_nopredict
5758	0.000362708	471982080	ops_par_loop_flux_calc_kernelx_9	flux_calc_kernelx
5759	0.000358420	471982080	ops_par_loop_flux_calc_kernely_10	flux_calc_kernely
5760	0.000022332	553536	ops_par_loop_group_9	update_halo_kernel1_b2+update_halo_kernel4_minus_4_a
5761	0.000021140	553536	ops_par_loop_group_10	update_halo_kernel1_b1+update_halo_kernel4_minus_2_a
5762	0.000021411	369120	ops_par_loop_group_11	update_halo_kernel3_plus_4_a+update_halo_kernel2_xvel_plus_4_a+update_halo_kernel2_yvel_minus_4_a
5763	0.000021921	369120	ops_par_loop_group_12	update_halo_kernel3_plus_2_a+update_halo_kernel2_xvel_plus_2_a+update_halo_kernel2_yvel_minus_2_a
5764	0.000020269	123008	ops_par_loop_update_halo_kernel4_minus_4_b_29	update_halo_kernel4_minus_4_b
5765	0.000023815	553536	ops_par_loop_group_14	update_halo_kernel1_t2+update_halo_kernel4_minus_2_b
5766	0.000021070	430528	ops_par_loop_update_halo_kernel1_t1_14	update_halo_kernel1_t1
5767	0.000021090	246080	ops_par_loop_group_16	update_halo_kernel2_xvel_plus_4_b+update_halo_kernel2_yvel_minus_4_b
5768	0.000020058	369120	ops_par_loop_group_17	update_halo_kernel3_plus_4_b+update_halo_kernel2_xvel_plus_2_b+update_halo_kernel2_yvel_minus_2_b
5769	0.000018856	123040	ops_par_loop_update_halo_kernel3_plus_2_b_22	update_halo_kernel3_plus_2_b
5770	0.000026249	553536	ops_par_loop_group_19	update_halo_kernel1_l2+update_halo_kernel3_minus_4_a
5771	0.000023785	553536	ops_par_loop_group_20	update_halo_kernel1_l1+update_halo_kernel3_minus_2_a
5772	0.000018766	123008	ops_par_loop_update_halo_kernel3_minus_4_b_25	update_halo_kernel3_minus_4_b
5773	0.000024727	553536	ops_par_loop_group_22	update_halo_kernel1_r2+update_halo_kernel3_minus_2_b
5774	0.000021631	430528	ops_par_loop_update_halo_kernel1_r1_18	update_halo_kernel1_r1
5775	0.000023074	369120	ops_par_loop_group_24	update_halo_kernel4_plus_4_a+update_halo_kernel2_xvel_minus_4_a+update_halo_kernel2_yvel_plus_4_a
5776	0.000021531	369120	ops_par_loop_group_25	update_halo_kernel4_plus_2_a+update_halo_kernel2_xvel_minus_2_a+update_halo_kernel2_yvel_plus_2_a
5777	0.000021481	246080	ops_par_loop_group_26	update_halo_kernel2_xvel_minus_4_b+update_halo_kernel2_yvel_plus_4_b
5778	0.000022833	369120	ops_par_loop_group_27	update_halo_kernel4_plus_4_b+update_halo_kernel2_xvel_minus_2_b+update_halo_kernel2_yvel_plus_2_b
5779	0.000024306	123040	ops_par_loop_update_halo_kernel4_plus_2_b_34	update_halo_kernel4_plus_2_b
5780	0.000564230	591053440	ops_par_loop_advec_cell_kernel1_xdir_35	advec_cell_kernel1_xdir
5781	0.000772526	708203544	ops_par_loop_advec_cell_kernel3_xdir_36	advec_cell_kernel3_xdir
5782	0.001458737	1533542400	ops_par_loop_advec_cell_kernel4_xdir_37	advec_cell_kernel4_xdir
5783	0.000021902	430528	ops_par_loop_update_halo_kernel1_b2_38	update_halo_kernel1_b2
5784	0.000019527	430528	ops_par_loop_update_halo_kernel1_b1_39	update_halo_kernel1_b1
5785	0.000019597	430528	ops_par_loop_update_halo_kernel1_t2_40	update_halo_kernel1_t2
5786	0.000020219	430528	ops_par_loop_update_halo_kernel1_t1_41	update_halo_kernel1_t1
5787	0.000019307	123040	ops_par_loop_update_halo_kernel3_plus_4_a_62	update_halo_kernel3_plus_4_a
5788	0.000019437	123040	ops_par_loop_update_halo_kernel3_plus_2_a_63	update_halo_kernel3_plus_2_a
5789	0.000019097	123040	ops_par_loop_update_halo_kernel3_plus_4_b_64	update_halo_kernel3_plus_4_b
5790	0.000017904	123040	ops_par_loop_update_halo_kernel3_plus_2_b_65	update_halo_kernel3_plus_2_b
5791	0.000026109	553536	ops_par_loop_group_40	update_halo_kernel1_l2+update_halo_kernel3_minus_4_a
5792	0.000023134	553536	ops_par_loop_group_41	update_halo_kernel1_l1+update_halo_kernel3_minus_2_a
5793	0.000018775	123008	ops_par_loop_update_halo_kernel3_minus_4_b_68	update_halo_kernel3_minus_4_b
5794	0.000025027	553536	ops_par_loop_group_43	update_halo_kernel1_r2+update_halo_kernel3_minus_2_b
5795	0.000022994	430528	ops_par_loop_update_halo_kernel1_r1_45	update_halo_kernel1_r1
5796	0.000562487	591053440	ops_par_loop_advec_mom_kernel_x1_70	advec_mom_kernel_x1
5797	0.000194669	236236864	ops_par_loop_advec_mom_kernel_mass_flux_x_71	advec_mom_kernel_mass_flux_x
5798	0.000575733	590438520	ops_par_loop_advec_mom_kernel_post_pre_advec_x_72	advec_mom_kernel_post_pre_advec_x
5799	0.000882254	472258640	ops_par_loop_advec_mom_kernel1_x_nonvector_73	advec_mom_kernel1_x_nonvector
5800	0.000440716	590131240	ops_par_loop_advec_mom_kernel2_x_74	advec_mom_kernel2_x
5801	0.000562507	591053440	ops_par_loop_advec_mom_kernel_x1_75	advec_mom_kernel_x1
5802	0.000194439	236236864	ops_par_loop_advec_mom_kernel_mass_flux_x_76	advec_mom_kernel_mass_flux_x
5803	0.000572045	590438520	ops_par_loop_advec_mom_kernel_post_pre_advec_x_77	advec_mom_kernel_post_pre_advec_x
5804	0.000883997	472258640	ops_par_loop_advec_mom_kernel1_x_nonvector_78	advec_mom_kernel1_x_nonvector
5805	0.000454422	590131240	ops_par_loop_advec_mom_kernel2_x_79	advec_mom_kernel2_x
5806	0.000496352	472842752	ops_par_loop_advec_cell_kernel2_ydir_80	advec_cell_kernel2_ydir
5807	0.000790319	708203544	ops_par_loop_advec_cell_kernel3_ydir_81	advec_cell_kernel3_ydir
5808	0.001472884	1533542400	ops_par_loop_advec_cell_kernel4_ydir_82	advec_cell_kernel4_ydir
5809	0.000023855	553536	ops_par_loop_group_58	update_halo_kernel1_b2+update_halo_kernel4_minus_4_a
5810	0.000021431	553536	ops_par_loop_group_59	update_halo_kernel1_b1+update_halo_kernel4_minus_2_a
5811	0.000022062	369120	ops_par_loop_group_60	update_halo_kernel2_xvel_plus_4_a+update_halo_kernel2_yvel_minus_4_a+update_halo_kernel3_plus_4_a
5812	0.000021230	369120	ops_par_loop_group_61	update_halo_kernel2_xvel_plus_2_a+update_halo_kernel2_yvel_minus_2_a+update_halo_kernel3_plus_2_a
5813	0.000020339	246080	ops_par_loop_group_62	update_halo_kernel2_xvel_plus_4_b+update_halo_kernel2_yvel_minus_4_b
5814	0.000021080	369120	ops_par_loop_group_63	update_halo_kernel2_xvel_plus_2_b+update_halo_kernel2_yvel_minus_2_b+update_halo_kernel3_plus_4_b
5815	0.000021912	246080	ops_par_loop_group_64	update_halo_kernel2_xvel_minus_4_b+update_halo_kernel2_yvel_plus_4_b
5816	0.000018806	123040	ops_par_loop_update_halo_kernel3_plus_2_b_110	update_halo_kernel3_plus_2_b
5817	0.000019538	123008	ops_par_loop_update_halo_kernel3_minus_4_b_113	update_halo_kernel3_minus_4_b
5818	0.000017714	123008	ops_par_loop_update_halo_kernel4_minus_4_b_117	update_halo_kernel4_minus_4_b
5819	0.000021280	553536	ops_par_loop_group_68	update_halo_kernel1_t2+update_halo_kernel4_minus_2_b
5820	0.000020429	430528	ops_par_loop_update_halo_kernel1_t1_86	update_halo_kernel1_t1
5821	0.000027613	553536	ops_par_loop_group_70	update_halo_kernel1_l2+update_halo_kernel3_minus_4_a
5822	0.000022673	553536	ops_par_loop_group_71	update_halo_kernel1_l1+update_halo_kernel3_minus_2_a
5823	0.000024827	553536	ops_par_loop_group_72	update_halo_kernel1_r2+update_halo_kernel3_minus_2_b
5824	0.000021821	430528	ops_par_loop_update_halo_kernel1_r1_90	update_halo_kernel1_r1
5825	0.000023254	369120	ops_par_loop_group_74	update_halo_kernel2_xvel_minus_4_a+update_halo_kernel2_yvel_plus_4_a+update_halo_kernel4_plus_4_a
5826	0.000021681	369120	ops_par_loop_group_75	update_halo_kernel2_xvel_minus_2_a+update_halo_kernel2_yvel_plus_2_a+update_halo_kernel4_plus_2_a
5827	0.000023935	369120	ops_par_loop_group_76	update_halo_kernel2_xvel_minus_2_b+update_halo_kernel2_yvel_plus_2_b+update_halo_kernel4_plus_4_b
5828	0.000019157	123040	ops_par_loop_update_halo_kernel4_plus_2_b_122	update_halo_kernel4_plus_2_b
5829	0.001784044	1416561152	ops_par_loop_group_78	advec_mom_kernel_y2+reset_field_kernel1+ideal_gas_kernel
5830	0.000194820	236236864	ops_par_loop_advec_mom_kernel_mass_flux_y_124	advec_mom_kernel_mass_flux_y
5831	0.000532560	590438520	ops_par_loop_advec_mom_kernel_post_pre_advec_y_125	advec_mom_kernel_post_pre_advec_y
5832	0.000877936	472258640	ops_par_loop_advec_mom_kernel1_y_nonvector_126	advec_mom_kernel1_y_nonvector
5833	0.000450525	590131240	ops_par_loop_advec_mom_kernel2_y_127	advec_mom_kernel2_y
5834	0.000489289	472842752	ops_par_loop_advec_mom_kernel_y2_128	advec_mom_kernel_y2
5835	0.000192686	236236864	ops_par_loop_advec_mom_kernel_mass_flux_y_129	advec_mom_kernel_mass_flux_y
5836	0.000532410	590438520	ops_par_loop_advec_mom_kernel_post_pre_advec_y_130	advec_mom_kernel_post_pre_advec_y
5837	0.000878347	472258640	ops_par_loop_advec_mom_kernel1_y_nonvector_131	advec_mom_kernel1_y_nonvector
5838	0.000733311	1062236232	ops_par_loop_group_87	advec_mom_kernel2_y+reset_field_kernel2
5839	0.000021290	430304	ops_par_loop_update_halo_kernel1_b1_136	update_halo_kernel1_b1
5840	0.000020178	430304	ops_par_loop_update_halo_kernel1_t1_137	update_halo_kernel1_t1
5841	0.000024015	430304	ops_par_loop_update_halo_kernel1_l1_138	update_halo_kernel1_l1
5842	0.000023234	430304	ops_par_loop_update_halo_kernel1_r1_139	update_halo_kernel1_r1
5843	0.000020088	245952	ops_par_loop_group_92	update_halo_kernel2_xvel_plus_2_a+update_halo_kernel2_yvel_minus_2_a
5844	0.000019156	245952	ops_par_loop_group_93	update_halo_kernel2_xvel_plus_2_b+update_halo_kernel2_yvel_minus_2_b
5845	0.000020860	245952	ops_par_loop_group_94	update_halo_kernel2_xvel_minus_2_a+update_halo_kernel2_yvel_plus_2_a
5846	0.000021882	245952	ops_par_loop_group_95	update_halo_kernel2_xvel_minus_2_b+update_halo_kernel2_yvel_plus_2_b
5847	0.001733669	589885440	ops_par_loop_viscosity_kernel_148	viscosity_kernel
5848	0.000021641	430304	ops_par_loop_update_halo_kernel1_b1_149	update_halo_kernel1_b1
5849	0.000020329	430304	ops_par_loop_update_halo_kernel1_t1_150	update_halo_kernel1_t1
5850	0.000023976	430304	ops_par_loop_update_halo_kernel1_l1_151	update_halo_kernel1_l1
5851	0.000023715	430304	ops_par_loop_update_halo_kernel1_r1_152	update_halo_kernel1_r1
5852	0.000916529	1061744640	ops_par_loop_calc_dt_kernel_153	calc_dt_kernel
5853	0.001488043	1887436800	ops_par_loop_group_0	PdV_kernel_predict+ideal_gas_kernel
5854	0.000022573	430304	ops_par_loop_update_halo_kernel1_b1_2	update_halo_kernel1_b1
5855	0.000019938	430304	ops_par_loop_update_halo_kernel1_t1_3	update_halo_kernel1_t1
5856	0.000023655	430304	ops_par_loop_update_halo_kernel1_l1_4	update_halo_kernel1_l1
5857	0.000023444	430304	ops_par_loop_update_halo_kernel1_r1_5	update_halo_kernel1_r1
5858	0.001554799	1770147928	ops_par_loop_group_5	revert_kernel+accelerate_kernel
5859	0.001354991	1651507200	ops_par_loop_PdV_kernel_nopredict_8	PdV_kernel_nopredict
5860	0.000361105	471982080	ops_par_loop_flux_calc_kernelx_9	flux_calc_kernelx
5861	0.000361196	471982080	ops_par_loop_flux_calc_kernely_10	flux_calc_kernely
5862	0.000022573	553536	ops_par_loop_group_9	update_halo_kernel1_b2+update_halo_kernel4_minus_4_a
5863	0.000020589	553536	ops_par_loop_group_10	update_halo_kernel1_b1+update_halo_kernel4_minus_2_a
5864	0.000020910	369120	ops_par_loop_group_11	update_halo_kernel3_plus_4_a+update_halo_kernel2_xvel_plus_4_a+update_halo_kernel2_yvel_minus_4_a
5865	0.000020950	369120	ops_par_loop_group_12	update_halo_kernel3_plus_2_a+update_halo_kernel2_xvel_plus_2_a+update_halo_kernel2_yvel_minus_2_a
5866	0.000018395	123008	ops_par_loop_update_halo_kernel4_minus_4_b_29	update_halo_kernel4_minus_4_b
5867	0.000020859	553536	ops_par_loop_group_14	update_halo_kernel1_t2+update_halo_kernel4_minus_2_b
5868	0.000019967	430528	ops_par_loop_update_halo_kernel1_t1_14	update_halo_kernel1_t1
5869	0.000019748	246080	ops_par_loop_group_16	update_halo_kernel2_xvel_plus_4_b+update_halo_kernel2_yvel_minus_4_b
5870	0.000021300	369120	ops_par_loop_group_17	update_halo_kernel3_plus_4_b+update_halo_kernel2_xvel_plus_2_b+update_halo_kernel2_yvel_minus_2_b
5871	0.000018736	123040	ops_par_loop_update_halo_kernel3_plus_2_b_22	update_halo_kernel3_plus_2_b
5872	0.000026200	553536	ops_par_loop_group_19	update_halo_kernel1_l2+update_halo_kernel3_minus_4_a
5873	0.000022954	553536	ops_par_loop_group_20	update_halo_kernel1_l1+update_halo_kernel3_minus_2_a
5874	0.000020238	123008	ops_par_loop_update_halo_kernel3_minus_4_b_25	update_halo_kernel3_minus_4_b
5875	0.000024978	553536	ops_par_loop_group_22	update_halo_kernel1_r2+update_halo_kernel3_minus_2_b
5876	0.000021010	430528	ops_par_loop_update_halo_kernel1_r1_18	update_halo_kernel1_r1
5877	0.000023424	369120	ops_par_loop_group_24	update_halo_kernel4_plus_4_a+update_halo_kernel2_xvel_minus_4_a+update_halo_kernel2_yvel_plus_4_a
5878	0.000021901	369120	ops_par_loop_group_25	update_halo_kernel4_plus_2_a+update_halo_kernel2_xvel_minus_2_a+update_halo_kernel2_yvel_plus_2_a
5879	0.000021190	246080	ops_par_loop_group_26	update_halo_kernel2_xvel_minus_4_b+update_halo_kernel2_yvel_plus_4_b
5880	0.000021961	369120	ops_par_loop_group_27	update_halo_kernel4_plus_4_b+update_halo_kernel2_xvel_minus_2_b+update_halo_kernel2_yvel_plus_2_b
5881	0.000018064	123040	ops_par_loop_update_halo_kernel4_plus_2_b_34	update_halo_kernel4_plus_2_b
5882	0.000562297	591053440	ops_par_loop_advec_cell_kernel1_ydir_35	advec_cell_kernel1_ydir
5883	0.000788195	708203544	ops_par_loop_advec_cell_kernel3_ydir_36	advec_cell_kernel3_ydir
5884	0.001470249	1533542400	ops_par_loop_advec_cell_kernel4_ydir_37	advec_cell_kernel4_ydir
5885	0.000021862	553536	ops_par_loop_group_32	update_halo_kernel1_b2+update_halo_kernel4_minus_4_a
5886	0.000021410	553536	ops_par_loop_group_33	update_halo_kernel1_b1+update_halo_kernel4_minus_2_a
5887	0.000018034	123008	ops_par_loop_update_halo_kernel4_minus_4_b_64	update_halo_kernel4_minus_4_b
5888	0.000021651	553536	ops_par_loop_group_35	update_halo_kernel1_t2+update_halo_kernel4_minus_2_b
5889	0.000020138	430528	ops_par_loop_update_halo_kernel1_t1_41	update_halo_kernel1_t1
5890	0.000023194	430528	ops_par_loop_update_halo_kernel1_l2_42	update_halo_kernel1_l2
5891	0.000021070	430528	ops_par_loop_update_halo_kernel1_l1_43	update_halo_kernel1_l1
5892	0.000023174	430528	ops_par_loop_update_halo_kernel1_r2_44	update_halo_kernel1_r2
5893	0.000021991	430528	ops_par_loop_update_halo_kernel1_r1_45	update_halo_kernel1_r1
5894	0.000020018	123040	ops_par_loop_update_halo_kernel4_plus_4_a_66	update_halo_kernel4_plus_4_a
5895	0.000018856	123040	ops_par_loop_update_halo_kernel4_plus_2_a_67	update_halo_kernel4_plus_2_a
5896	0.000018946	123040	ops_par_loop_update_halo_kernel4_plus_4_b_68	update_halo_kernel4_plus_4_b
5897	0.000018836	123040	ops_par_loop_update_halo_kernel4_plus_2_b_69	update_halo_kernel4_plus_2_b
5898	0.000561064	591053440	ops_par_loop_advec_mom_kernel_y1_70	advec_mom_kernel_y1
5899	0.000192555	236236864	ops_par_loop_advec_mom_kernel_mass_flux_y_71	advec_mom_kernel_mass_flux_y
5900	0.000532460	590438520	ops_par_loop_advec_mom_kernel_post_pre_advec_y_72	advec_mom_kernel_post_pre_advec_y
5901	0.000878085	472258640	ops_par_loop_advec_mom_kernel1_y_nonvector_73	advec_mom_kernel1_y_nonvector
5902	0.000449652	590131240	ops_par_loop_advec_mom_kernel2_y_74	advec_mom_kernel2_y
5903	0.000562758	591053440	ops_par_loop_advec_mom_kernel_y1_75	advec_mom_kernel_y1
5904	0.000191823	236236864	ops_par_loop_advec_mom_kernel_mass_flux_y_76	advec_mom_kernel_mass_flux_y
5905	0.000534494	590438520	ops_par_loop_advec_mom_kernel_post_pre_advec_y_77	advec_mom_kernel_post_pre_advec_y
5906	0.000873817	472258640	ops_par_loop_advec_mom_kernel1_y_nonvector_78	advec_mom_kernel1_y_nonvector
5907	0.000450755	590131240	ops_par_loop_advec_mom_kernel2_y_79	advec_mom_kernel2_y
5908	0.000490640	472842752	ops_par_loop_advec_cell_kernel2_xdir_80	advec_cell_kernel2_xdir
5909	0.000772906	708203544	ops_par_loop_advec_cell_kernel3_xdir_81	advec_cell_kernel3_xdir
5910	0.001461723	1533542400	ops_par_loop_advec_cell_kernel4_xdir_82	advec_cell_kernel4_xdir
5911	0.000022893	553536	ops_par_loop_group_58	update_halo_kernel1_b2+update_halo_kernel4_minus_4_a
5912	0.000021591	553536	ops_par_loop_group_59	update_halo_kernel1_b1+update_halo_kernel4_minus_2_a
5913	0.000021882	369120	ops_par_loop_group_60	update_halo_kernel2_xvel_plus_4_a+update_halo_kernel2_yvel_minus_4_a+update_halo_kernel3_plus_4_a
5914	0.000021180	369120	ops_par_loop_group_61	update_halo_kernel2_xvel_plus_2_a+update_halo_kernel2_yvel_minus_2_a+update_halo_kernel3_plus_2_a
5915	0.000019738	246080	ops_par_loop_group_62	update_halo_kernel2_xvel_plus_4_b+update_halo_kernel2_yvel_minus_4_b
5916	0.000020820	369120	ops_par_loop_group_63	update_halo_kernel2_xvel_plus_2_b+update_halo_kernel2_yvel_minus_2_b+update_halo_kernel3_plus_4_b
5917	0.000021681	246080	ops_par_loop_group_64	update_halo_kernel2_xvel_minus_4_b+update_halo_kernel2_yvel_plus_4_b
5918	0.000019447	123040	ops_par_loop_update_halo_kernel3_plus_2_b_110	update_halo_kernel3_plus_2_b
5919	0.000019517	123008	ops_par_loop_update_halo_kernel3_minus_4_b_113	update_halo_kernel3_minus_4_b
5920	0.000018465	123008	ops_par_loop_update_halo_kernel4_minus_4_b_117	update_halo_kernel4_minus_4_b
5921	0.000020980	553536	ops_par_loop_group_68	update_halo_kernel1_t2+update_halo_kernel4_minus_2_b
5922	0.000020168	430528	ops_par_loop_update_halo_kernel1_t1_86	update_halo_kernel1_t1
5923	0.000027161	553536	ops_par_loop_group_70	update_halo_kernel1_l2+update_halo_kernel3_minus_4_a
5924	0.000023625	553536	ops_par_loop_group_71	update_halo_kernel1_l1+update_halo_kernel3_minus_2_a
5925	0.000024005	553536	ops_par_loop_group_72	update_halo_kernel1_r2+update_halo_kernel3_minus_2_b
5926	0.000021992	430528	ops_par_loop_update_halo_kernel1_r1_90	update_halo_kernel1_r1
5927	0.000023504	369120	ops_par_loop_group_74	update_halo_kernel2_xvel_minus_4_a+update_halo_kernel2_yvel_plus_4_a+update_halo_kernel4_plus_4_a
5928	0.000021771	369120	ops_par_loop_group_75	update_halo_kernel2_xvel_minus_2_a+update_halo_kernel2_yvel_plus_2_a+update_halo_kernel4_plus_2_a
5929	0.000022162	369120	ops_par_loop_group_76	update_halo_kernel2_xvel_minus_2_b+update_halo_kernel2_yvel_plus_2_b+update_halo_kernel4_plus_4_b
5930	0.000019477	123040	ops_par_loop_update_halo_kernel4_plus_2_b_122	update_halo_kernel4_plus_2_b
5931	0.001781529	1416561152	ops_par_loop_group_78	advec_mom_kernel_x2+reset_field_kernel1+ideal_gas_kernel
5932	0.000197915	236236864	ops_par_loop_advec_mom_kernel_mass_flux_x_124	advec_mom_kernel_mass_flux_x
5933	0.000573528	590438520	ops_par_loop_advec_mom_kernel_post_pre_advec_x_125	advec_mom_kernel_post_pre_advec_x
5934	0.000882965	472258640	ops_par_loop_advec_mom_kernel1_x_nonvector_126	advec_mom_kernel1_x_nonvector
5935	0.000447939	590131240	ops_par_loop_advec_mom_kernel2_x_127	advec_mom_kernel2_x
5936	0.000497755	472842752	ops_par_loop_advec_mom_kernel_x2_128	advec_mom_kernel_x2
5937	0.000194399	236236864	ops_par_loop_advec_mom_kernel_mass_flux_x_129	advec_mom_kernel_mass_flux_x
5938	0.000575922	590438520	ops_par_loop_advec_mom_kernel_post_pre_advec_x_130	advec_mom_kernel_post_pre_advec_x
5939	0.000888465	472258640	ops_par_loop_advec_mom_kernel1_x_nonvector_131	advec_mom_kernel1_x_nonvector
5940	0.000731027	1062236232	ops_par_loop_group_87	advec_mom_kernel2_x+reset_field_kernel2
5941	0.000021892	430304	ops_par_loop_update_halo_kernel1_b1_136	update_halo_kernel1_b1
5942	0.000021461	430304	ops_par_loop_update_halo_kernel1_t1_137	update_halo_kernel1_t1
5943	0.000025478	430304	ops_par_loop_update_halo_kernel1_l1_138	update_halo_kernel1_l1
5944	0.000023916	430304	ops_par_loop_update_halo_kernel1_r1_139	update_halo_kernel1_r1
5945	0.000019146	245952	ops_par_loop_group_92	update_halo_kernel2_xvel_plus_2_a+update_halo_kernel2_yvel_minus_2_a
5946	0.000019356	245952	ops_par_loop_group_93	update_halo_kernel2_xvel_plus_2_b+update_halo_kernel2_yvel_minus_2_b
5947	0.000020890	245952	ops_par_loop_group_94	update_halo_kernel2_xvel_minus_2_a+update_halo_kernel2_yvel_plus_2_a
5948	0.000021411	245952	ops_par_loop_group_95	update_halo_kernel2_xvel_minus_2_b+update_halo_kernel2_yvel_plus_2_b
5949	0.001732606	589885440	ops_par_loop_viscosity_kernel_148	viscosity_kernel
5950	0.000022452	430304	ops_par_loop_update_halo_kernel1_b1_149	update_halo_kernel1_b1
5951	0.000020429	430304	ops_par_loop_update_halo_kernel1_t1_150	update_halo_kernel1_t1
5952	0.000022432	430304	ops_par_loop_update_halo_kernel1_l1_151	update_halo_kernel1_l1
5953	0.000023865	430304	ops_par_loop_update_halo_kernel1_r1_152	update_halo_kernel1_r1
5954	0.000917140	1061744640	ops_par_loop_calc_dt_kernel_153	calc_dt_kernel
5955	0.001489005	1887436800	ops_par_loop_group_0	PdV_kernel_predict+ideal_gas_kernel
5956	0.000023314	430304	ops_par_loop_update_halo_kernel1_b1_2	update_halo_kernel1_b1
5957	0.000019928	430304	ops_par_loop_update_halo_kernel1_t1_3	update_halo_kernel1_t1
5958	0.000023694	430304	ops_par_loop_update_halo_kernel1_l1_4	update_halo_kernel1_l1
5959	0.000024537	430304	ops_par_loop_update_halo_kernel1_r1_5	update_halo_kernel1_r1
5960	0.001556402	1770147928	ops_par_loop_group_5	revert_kernel+accelerate_kernel
5961	0.001355933	1651507200	ops_par_loop_PdV_kernel_nopredict_8	PdV_kernel_nopredict
5962	0.000361446	471982080	ops_par_loop_flux_calc_kernelx_9	flux_calc_kernelx
5963	0.000359723	471982080	ops_par_loop_flux_calc_kernely_10	flux_calc_kernely
5964	0.000023124	553536	ops_par_loop_group_9	update_halo_kernel1_b2+update_halo_kernel4_minus_4_a
5965	0.000021430	553536	ops_par_loop_group_10	update_halo_kernel1_b1+update_halo_kernel4_minus_2_a
5966	0.000021531	369120	ops_par_loop_group_11	update_halo_kernel3_plus_4_a+update_halo_kernel2_xvel_plus_4_a+update_halo_kernel2_yvel_minus_4_a
5967	0.000020960	369120	ops_par_loop_group_12	update_halo_kernel3_plus_2_a+update_halo_kernel2_xvel_plus_2_a+update_halo_kernel2_yvel_minus_2_a
5968	0.000018265	123008	ops_par_loop_update_halo_kernel4_minus_4_b_29	update_halo_kernel4_minus_4_b
5969	0.000020819	553536	ops_par_loop_group_14	update_halo_kernel1_t2+update_halo_kernel4_minus_2_b
5970	0.000020309	430528	ops_par_loop_update_halo_kernel1_t1_14	update_halo_kernel1_t1
5971	0.000020028	246080	ops_par_loop_group_16	update_halo_kernel2_xvel_plus_4_b+update_halo_kernel2_yvel_minus_4_b
5972	0.000019397	369120	ops_par_loop_group_17	update_halo_kernel3_plus_4_b+update_halo_kernel2_xvel_plus_2_b+update_halo_kernel2_yvel_minus_2_b
5973	0.000019627	123040	ops_par_loop_update_halo_kernel3_plus_2_b_22	update_halo_kernel3_plus_2_b
5974	0.000026490	553536	ops_par_loop_group_19	update_halo_kernel1_l2+update_halo_kernel3_minus_4_a
5975	0.000023454	553536	ops_par_loop_group_20	update_halo_kernel1_l1+update_halo_kernel3_minus_2_a
5976	0.000019337	123008	ops_par_loop_update_halo_kernel3_minus_4_b_25	update_halo_kernel3_minus_4_b
5977	0.000023896	553536	ops_par_loop_group_22	update_halo_kernel1_r2+update_halo_kernel3_minus_2_b
5978	0.000022673	430528	ops_par_loop_update_halo_kernel1_r1_18	update_halo_kernel1_r1
5979	0.000023264	369120	ops_par_loop_group_24	update_halo_kernel4_plus_4_a+update_halo_kernel2_xvel_minus_4_a+update_halo_kernel2_yvel_plus_4_a
5980	0.000021200	369120	ops_par_loop_group_25	update_halo_kernel4_plus_2_a+update_halo_kernel2_xvel_minus_2_a+update_halo_kernel2_yvel_plus_2_a
5981	0.000019988	246080	ops_par_loop_group_26	update_halo_kernel2_xvel_minus_4_b+update_halo_kernel2_yvel_plus_4_b
5982	0.000023014	369120	ops_par_loop_group_27	update_halo_kernel4_plus_4_b+update_halo_kernel2_xvel_minus_2_b+update_halo_kernel2_yvel_plus_2_b
5983	0.000018685	123040	ops_par_loop_update_halo_kernel4_plus_2_b_34	update_halo_kernel4_plus_2_b
5984	0.000564351	591053440	ops_par_loop_advec_cell_kernel1_xdir_35	advec_cell_kernel1_xdir
5985	0.000772836	708203544	ops_par_loop_advec_cell_kernel3_xdir_36	advec_cell_kernel3_xdir
5986	0.001461152	1533542400	ops_par_loop_advec_cell_kernel4_xdir_37	advec_cell_kernel4_xdir
5987	0.000022303	430528	ops_par_loop_update_halo_kernel1_b2_38	update_halo_kernel1_b2
5988	0.000019557	430528	ops_par_loop_update_halo_kernel1_b1_39	update_halo_kernel1_b1
5989	0.000021000	430528	ops_par_loop_update_halo_kernel1_t2_40	update_halo_kernel1_t2
5990	0.000020388	430528	ops_par_loop_update_halo_kernel1_t1_41	update_halo_kernel1_t1
5991	0.000018886	123040	ops_par_loop_update_halo_kernel3_plus_4_a_62	update_halo_kernel3_plus_4_a
5992	0.000018425	123040	ops_par_loop_update_halo_kernel3_plus_2_a_63	update_halo_kernel3_plus_2_a
5993	0.000017894	123040	ops_par_loop_update_halo_kernel3_plus_4_b_64	update_halo_kernel3_plus_4_b
5994	0.000018214	123040	ops_par_loop_update_halo_kernel3_plus_2_b_65	update_halo_kernel3_plus_2_b
5995	0.000026380	553536	ops_par_loop_group_40	update_halo_kernel1_l2+update_halo_kernel3_minus_4_a
5996	0.000023795	553536	ops_par_loop_group_41	update_halo_kernel1_l1+update_halo_kernel3_minus_2_a
5997	0.000020108	123008	ops_par_loop_update_halo_kernel3_minus_4_b_68	update_halo_kernel3_minus_4_b
5998	0.000024536	553536	ops_par_loop_group_43	update_halo_kernel1_r2+update_halo_kernel3_minus_2_b
5999	0.000021811	430528	ops_par_loop_update_halo_kernel1_r1_45	update_halo_kernel1_r1
6000	0.000562097	591053440	ops_par_loop_advec_mom_kernel_x1_70	advec_mom_kernel_x1
6001	0.000193597	236236864	ops_par_loop_advec_mom_kernel_mass_flux_x_71	advec_mom_kernel_mass_flux_x
6002	0.000573368	590438520	ops_par_loop_advec_mom_kernel_post_pre_advec_x_72	advec_mom_kernel_post_pre_advec_x
6003	0.000882294	472258640	ops_par_loop_advec_mom_kernel1_x_nonvector_73	advec_mom_kernel1_x_nonvector
6004	0.000453951	590131240	ops_par_loop_advec_mom_kernel2_x_74	advec_mom_kernel2_x
6005	0.000560504	591053440	ops_par_loop_advec_mom_kernel_x1_75	advec_mom_kernel_x1
6006	0.000194199	236236864	ops_par_loop_advec_mom_kernel_mass_flux_x_76	advec_mom_kernel_mass_flux_x
6007	0.000574480	590438520	ops_par_loop_advec_mom_kernel_post_pre_advec_x_77	advec_mom_kernel_post_pre_advec_x
6008	0.000884138	472258640	ops_par_loop_advec_mom_kernel1_x_nonvector_78	advec_mom_kernel1_x_nonvector
6009	0.000446597	590131240	ops_par_loop_advec_mom_kernel2_x_79	advec_mom_kernel2_x
6010	0.000498325	472842752	ops_par_loop_advec_cell_kernel2_ydir_80	advec_cell_kernel2_ydir
6011	0.000789067	708203544	ops_par_loop_advec_cell_kernel3_ydir_81	advec_cell_kernel3_ydir
6012	0.001477884	1533542400	ops_par_loop_advec_cell_kernel4_ydir_82	advec_cell_kernel4_ydir
6013	0.000024076	553536	ops_par_loop_group_58	update_halo_kernel1_b2+update_halo_kernel4_minus_4_a
6014	0.000021261	553536	ops_par_loop_group_59	update_halo_kernel1_b1+update_halo_kernel4_minus_2_a
6015	0.000022593	369120	ops_par_loop_group_60	update_halo_kernel2_xvel_plus_4_a+update_halo_kernel2_yvel_minus_4_a+update_halo_kernel3_plus_4_a
6016	0.000021771	369120	ops_par_loop_group_61	update_halo_kernel2_xvel_plus_2_a+update_halo_kernel2_yvel_minus_2_a+update_halo_kernel3_plus_2_a
6017	0.000020559	246080	ops_par_loop_group_62	update_halo_kernel2_xvel_plus_4_b+update_halo_kernel2_yvel_minus_4_b
6018	0.000021371	369120	ops_par_loop_group_63	update_halo_kernel2_xvel_plus_2_b+update_halo_kernel2_yvel_minus_2_b+update_halo_kernel3_plus_4_b
6019	0.000023424	246080	ops_par_loop_group_64	update_halo_kernel2_xvel_minus_4_b+update_halo_kernel2_yvel_plus_4_b
6020	0.000020829	123040	ops_par_loop_update_halo_kernel3_plus_2_b_110	update_halo_kernel3_plus_2_b
6021	0.000020168	123008	ops_par_loop_update_halo_kernel3_minus_4_b_113	update_halo_kernel3_minus_4_b
6022	0.000018736	123008	ops_par_loop_update_halo_kernel4_minus_4_b_117	update_halo_kernel4_minus_4_b
6023	0.000022443	553536	ops_par_loop_group_68	update_halo_kernel1_t2+update_halo_kernel4_minus_2_b
6024	0.000021310	430528	ops_par_loop_update_halo_kernel1_t1_86	update_halo_kernel1_t1
6025	0.000026961	553536	ops_par_loop_group_70	update_halo_kernel1_l2+update_halo_kernel3_minus_4_a
6026	0.000023084	553536	ops_par_loop_group_71	update_halo_kernel1_l1+update_halo_kernel3_minus_2_a
6027	0.000025649	553536	ops_par_loop_group_72	update_halo_kernel1_r2+update_halo_kernel3_minus_2_b
6028	0.000022031	430528	ops_par_loop_update_halo_kernel1_r1_90	update_halo_kernel1_r1
6029	0.000030167	369120	ops_par_loop_group_74	update_halo_kernel2_xvel_minus_4_a+update_halo_kernel2_yvel_plus_4_a+update_halo_kernel4_plus_4_a
6030	0.000022422	369120	ops_par_loop_group_75	update_halo_kernel2_xvel_minus_2_a+update_halo_kernel2_yvel_plus_2_a+update_halo_kernel4_plus_2_a
6031	0.000023123	369120	ops_par_loop_group_76	update_halo_kernel2_xvel_minus_2_b+update_halo_kernel2_yvel_plus_2_b+update_halo_kernel4_plus_4_b
6032	0.000020008	123040	ops_par_loop_update_halo_kernel4_plus_2_b_122	update_halo_kernel4_plus_2_b
6033	0.001777021	1416561152	ops_par_loop_group_78	advec_mom_kernel_y2+reset_field_kernel1+ideal_gas_kernel
6034	0.000195531	236236864	ops_par_loop_advec_mom_kernel_mass_flux_y_124	advec_mom_kernel_mass_flux_y
6035	0.000533332	590438520	ops_par_loop_advec_mom_kernel_post_pre_advec_y_125	advec_mom_kernel_post_pre_advec_y
6036	0.000877916	472258640	ops_par_loop_advec_mom_kernel1_y_nonvector_126	advec_mom_kernel1_y_nonvector
6037	0.000451867	590131240	ops_par_loop_advec_mom_kernel2_y_127	advec_mom_kernel2_y
6038	0.000505860	472842752	ops_par_loop_advec_mom_kernel_y2_128	advec_mom_kernel_y2
6039	0.000198807	236236864	ops_par_loop_advec_mom_kernel_mass_flux_y_129	advec_mom_kernel_mass_flux_y
6040	0.000541898	590438520	ops_par_loop_advec_mom_kernel_post_pre_advec_y_130	advec_mom_kernel_post_pre_advec_y
6041	0.000875481	472258640	ops_par_loop_advec_mom_kernel1_y_nonvector_131	advec_mom_kernel1_y_nonvector
6042	0.000733462	1062236232	ops_par_loop_group_87	advec_mom_kernel2_y+reset_field_kernel2
6043	0.000022553	430304	ops_par_loop_update_halo_kernel1_b1_136	update_halo_kernel1_b1
6044	0.000020139	430304	ops_par_loop_update_halo_kernel1_t1_137	update_halo_kernel1_t1
6045	0.000023896	430304	ops_par_loop_update_halo_kernel1_l1_138	update_halo_kernel1_l1
6046	0.000029817	430304	ops_par_loop_update_halo_kernel1_r1_139	update_halo_kernel1_r1
6047	0.000021140	245952	ops_par_loop_group_92	update_halo_kernel2_xvel_plus_2_a+update_halo_kernel2_yvel_minus_2_a
6048	0.000020209	245952	ops_par_loop_group_93	update_halo_kernel2_xvel_plus_2_b+update_halo_kernel2_yvel_minus_2_b
6049	0.000021211	245952	ops_par_loop_group_94	update_halo_kernel2_xvel_minus_2_a+update_halo_kernel2_yvel_plus_2_a
6050	0.000022493	245952	ops_par_loop_group_95	update_halo_kernel2_xvel_minus_2_b+update_halo_kernel2_yvel_plus_2_b
6051	0.001732798	589885440	ops_par_loop_viscosity_kernel_148	viscosity_kernel
6052	0.000022182	430304	ops_par_loop_update_halo_kernel1_b1_149	update_halo_kernel1_b1
6053	0.000020339	430304	ops_par_loop_update_halo_kernel1_t1_150	update_halo_kernel1_t1
6054	0.000024156	430304	ops_par_loop_update_halo_kernel1_l1_151	update_halo_kernel1_l1
6055	0.000023264	430304	ops_par_loop_update_halo_kernel1_r1_152	update_halo_kernel1_r1
6056	0.000917460	1061744640	ops_par_loop_calc_dt_kernel_153	calc_dt_kernel
6057	0.001489315	1887436800	ops_par_loop_group_0	PdV_kernel_predict+ideal_gas_kernel
6058	0.000023004	430304	ops_par_loop_update_halo_kernel1_b1_2	update_halo_kernel1_b1
6059	0.000020589	430304	ops_par_loop_update_halo_kernel1_t1_3	update_halo_kernel1_t1
6060	0.000024186	430304	ops_par_loop_update_halo_kernel1_l1_4	update_halo_kernel1_l1
6061	0.000024055	430304	ops_par_loop_update_halo_kernel1_r1_5	update_halo_kernel1_r1
6062	0.001562114	1770147928	ops_par_loop_group_5	revert_kernel+accelerate_kernel
6063	0.001357705	1651507200	ops_par_loop_PdV_kernel_nopredict_8	PdV_kernel_nopredict
6064	0.000360294	471982080	ops_par_loop_flux_calc_kernelx_9	flux_calc_kernelx
6065	0.000356847	471982080	ops_par_loop_flux_calc_kernely_10	flux_calc_kernely
6066	0.000022232	553536	ops_par_loop_group_9	update_halo_kernel1_b2+update_halo_kernel4_minus_4_a
6067	0.000021641	553536	ops_par_loop_group_10	update_halo_kernel1_b1+update_halo_kernel4_minus_2_a
6068	0.000021571	369120	ops_par_loop_group_11	update_halo_kernel3_plus_4_a+update_halo_kernel2_xvel_plus_4_a+update_halo_kernel2_yvel_minus_4_a
6069	0.000020830	369120	ops_par_loop_group_12	update_halo_kernel3_plus_2_a+update_halo_kernel2_xvel_plus_2_a+update_halo_kernel2_yvel_minus_2_a
6070	0.000018375	123008	ops_par_loop_update_halo_kernel4_minus_4_b_29	update_halo_kernel4_minus_4_b
6071	0.000022152	553536	ops_par_loop_group_14	update_halo_kernel1_t2+update_halo_kernel4_minus_2_b
6072	0.000019727	430528	ops_par_loop_update_halo_kernel1_t1_14	update_halo_kernel1_t1
6073	0.000020118	246080	ops_par_loop_group_16	update_halo_kernel2_xvel_plus_4_b+update_halo_kernel2_yvel_minus_4_b
6074	0.000020309	369120	ops_par_loop_group_17	update_halo_kernel3_plus_4_b+update_halo_kernel2_xvel_plus_2_b+update_halo_kernel2_yvel_minus_2_b
6075	0.000018846	123040	ops_par_loop_update_halo_kernel3_plus_2_b_22	update_halo_kernel3_plus_2_b
6076	0.000025789	553536	ops_par_loop_group_19	update_halo_kernel1_l2+update_halo_kernel3_minus_4_a
6077	0.000022994	553536	ops_par_loop_group_20	update_halo_kernel1_l1+update_halo_kernel3_minus_2_a
6078	0.000018976	123008	ops_par_loop_update_halo_kernel3_minus_4_b_25	update_halo_kernel3_minus_4_b
6079	0.000024717	553536	ops_par_loop_group_22	update_halo_kernel1_r2+update_halo_kernel3_minus_2_b
6080	0.000021811	430528	ops_par_loop_update_halo_kernel1_r1_18	update_halo_kernel1_r1
6081	0.000024567	369120	ops_par_loop_group_24	update_halo_kernel4_plus_4_a+update_halo_kernel2_xvel_minus_4_a+update_halo_kernel2_yvel_plus_4_a
6082	0.000022022	369120	ops_par_loop_group_25	update_halo_kernel4_plus_2_a+update_halo_kernel2_xvel_minus_2_a+update_halo_kernel2_yvel_plus_2_a
6083	0.000020910	246080	ops_par_loop_group_26	update_halo_kernel2_xvel_minus_4_b+update_halo_kernel2_yvel_plus_4_b
6084	0.000022453	369120	ops_par_loop_group_27	update_halo_kernel4_plus_4_b+update_halo_kernel2_xvel_minus_2_b+update_halo_kernel2_yvel_plus_2_b
6085	0.000018755	123040	ops_par_loop_update_halo_kernel4_plus_2_b_34	update_halo_kernel4_plus_2_b
6086	0.000564300	591053440	ops_par_loop_advec_cell_kernel1_ydir_35	advec_cell_kernel1_ydir
6087	0.000788315	708203544	ops_par_loop_advec_cell_kernel3_ydir_36	advec_cell_kernel3_ydir
6088	0.001472703	1533542400	ops_par_loop_advec_cell_kernel4_ydir_37	advec_cell_kernel4_ydir
6089	0.000022963	553536	ops_par_loop_group_32	update_halo_kernel1_b2+update_halo_kernel4_minus_4_a
6090	0.000021080	553536	ops_par_loop_group_33	update_halo_kernel1_b1+update_halo_kernel4_minus_2_a
6091	0.000018545	123008	ops_par_loop_update_halo_kernel4_minus_4_b_64	update_halo_kernel4_minus_4_b
6092	0.000020920	553536	ops_par_loop_group_35	update_halo_kernel1_t2+update_halo_kernel4_minus_2_b
6093	0.000021521	430528	ops_par_loop_update_halo_kernel1_t1_41	update_halo_kernel1_t1
6094	0.000024407	430528	ops_par_loop_update_halo_kernel1_l2_42	update_halo_kernel1_l2
6095	0.000022272	430528	ops_par_loop_update_halo_kernel1_l1_43	update_halo_kernel1_l1
6096	0.000023485	430528	ops_par_loop_update_halo_kernel1_r2_44	update_halo_kernel1_r2
6097	0.000021521	430528	ops_par_loop_update_halo_kernel1_r1_45	update_halo_kernel1_r1
6098	0.000019356	123040	ops_par_loop_update_halo_kernel4_plus_4_a_66	update_halo_kernel4_plus_4_a
6099	0.000018535	123040	ops_par_loop_update_halo_kernel4_plus_2_a_67	update_halo_kernel4_plus_2_a
6100	0.000019827	123040	ops_par_loop_update_halo_kernel4_plus_4_b_68	update_halo_kernel4_plus_4_b
6101	0.000018755	123040	ops_par_loop_update_halo_kernel4_plus_2_b_69	update_halo_kernel4_plus_2_b
6102	0.000562847	591053440	ops_par_loop_advec_mom_kernel_y1_70	advec_mom_kernel_y1
6103	0.000192074	236236864	ops_par_loop_advec_mom_kernel_mass_flux_y_71	advec_mom_kernel_mass_flux_y
6104	0.000534354	590438520	ops_par_loop_advec_mom_kernel_post_pre_advec_y_72	advec_mom_kernel_post_pre_advec_y
6105	0.000877455	472258640	ops_par_loop_advec_mom_kernel1_y_nonvector_73	advec_mom_kernel1_y_nonvector
6106	0.000452188	590131240	ops_par_loop_advec_mom_kernel2_y_74	advec_mom_kernel2_y
6107	0.000562456	591053440	ops_par_loop_advec_mom_kernel_y1_75	advec_mom_kernel_y1
6108	0.000191563	236236864	ops_par_loop_advec_mom_kernel_mass_flux_y_76	advec_mom_kernel_mass_flux_y
6109	0.000532200	590438520	ops_par_loop_advec_mom_kernel_post_pre_advec_y_77	advec_mom_kernel_post_pre_advec_y
6110	0.000873587	472258640	ops_par_loop_advec_mom_kernel1_y_nonvector_78	advec_mom_kernel1_y_nonvector
6111	0.000454853	590131240	ops_par_loop_advec_mom_kernel2_y_79	advec_mom_kernel2_y
6112	0.000490921	472842752	ops_par_loop_advec_cell_kernel2_xdir_80	advec_cell_kernel2_xdir
6113	0.000773157	708203544	ops_par_loop_advec_cell_kernel3_xdir_81	advec_cell_kernel3_xdir
6114	0.001460029	1533542400	ops_par_loop_advec_cell_kernel4_xdir_82	advec_cell_kernel4_xdir
6115	0.000023364	553536	ops_par_loop_group_58	update_halo_kernel1_b2+update_halo_kernel4_minus_4_a
6116	0.000021010	553536	ops_par_loop_group_59	update_halo_kernel1_b1+update_halo_kernel4_minus_2_a
6117	0.000022081	369120	ops_par_loop_group_60	update_halo_kernel2_xvel_plus_4_a+update_halo_kernel2_yvel_minus_4_a+update_halo_kernel3_plus_4_a
6118	0.000020720	369120	ops_par_loop_group_61	update_halo_kernel2_xvel_plus_2_a+update_halo_kernel2_yvel_minus_2_a+update_halo_kernel3_plus_2_a
6119	0.000019998	246080	ops_par_loop_group_62	update_halo_kernel2_xvel_plus_4_b+update_halo_kernel2_yvel_minus_4_b
6120	0.000020469	369120	ops_par_loop_group_63	update_halo_kernel2_xvel_plus_2_b+update_halo_kernel2_yvel_minus_2_b+update_halo_kernel3_plus_4_b
6121	0.000021281	246080	ops_par_loop_group_64	update_halo_kernel2_xvel_minus_4_b+update_halo_kernel2_yvel_plus_4_b
6122	0.000019226	123040	ops_par_loop_update_halo_kernel3_plus_2_b_110	update_halo_kernel3_plus_2_b
6123	0.000020048	123008	ops_par_loop_update_halo_kernel3_minus_4_b_113	update_halo_kernel3_minus_4_b
6124	0.000018374	123008	ops_par_loop_update_halo_kernel4_minus_4_b_117	update_halo_kernel4_minus_4_b
6125	0.000025328	553536	ops_par_loop_group_68	update_halo_kernel1_t2+update_halo_kernel4_minus_2_b
6126	0.000020529	430528	ops_par_loop_update_halo_kernel1_t1_86	update_halo_kernel1_t1
6127	0.000026040	553536	ops_par_loop_group_70	update_halo_kernel1_l2+update_halo_kernel3_minus_4_a
6128	0.000022904	553536	ops_par_loop_group_71	update_halo_kernel1_l1+update_halo_kernel3_minus_2_a
6129	0.000024878	553536	ops_par_loop_group_72	update_halo_kernel1_r2+update_halo_kernel3_minus_2_b
6130	0.000021310	430528	ops_par_loop_update_halo_kernel1_r1_90	update_halo_kernel1_r1
6131	0.000023595	369120	ops_par_loop_group_74	update_halo_kernel2_xvel_minus_4_a+update_halo_kernel2_yvel_plus_4_a+update_halo_kernel4_plus_4_a
6132	0.000021200	369120	ops_par_loop_group_75	update_halo_kernel2_xvel_minus_2_a+update_halo_kernel2_yvel_plus_2_a+update_halo_kernel4_plus_2_a
6133	0.000022302	369120	ops_par_loop_group_76	update_halo_kernel2_xvel_minus_2_b+update_halo_kernel2_yvel_plus_2_b+update_halo_kernel4_plus_4_b
6134	0.000019197	123040	ops_par_loop_update_halo_kernel4_plus_2_b_122	update_halo_kernel4_plus_2_b
6135	0.001796638	1416561152	ops_par_loop_group_78	advec_mom_kernel_x2+reset_field_kernel1+ideal_gas_kernel
6136	0.000197064	236236864	ops_par_loop_advec_mom_kernel_mass_flux_x_124	advec_mom_kernel_mass_flux_x
6137	0.000573759	590438520	ops_par_loop_advec_mom_kernel_post_pre_advec_x_125	advec_mom_kernel_post_pre_advec_x
6138	0.000882434	472258640	ops_par_loop_advec_mom_kernel1_x_nonvector_126	advec_mom_kernel1_x_nonvector
6139	0.000451637	590131240	ops_par_loop_advec_mom_kernel2_x_127	advec_mom_kernel2_x
6140	0.000498536	472842752	ops_par_loop_advec_mom_kernel_x2_128	advec_mom_kernel_x2
6141	0.000194128	236236864	ops_par_loop_advec_mom_kernel_mass_flux_x_129	advec_mom_kernel_mass_flux_x
6142	0.000574169	590438520	ops_par_loop_advec_mom_kernel_post_pre_advec_x_130	advec_mom_kernel_post_pre_advec_x
6143	0.000884308	472258640	ops_par_loop_advec_mom_kernel1_x_nonvector_131	advec_mom_kernel1_x_nonvector
6144	0.000732610	1062236232	ops_par_loop_group_87	advec_mom_kernel2_x+reset_field_kernel2
6145	0.000488317	471859200	ops_par_loop_ideal_gas_kernel_0	ideal_gas_kernel
6146	0.000021851	430304	ops_par_loop_update_halo_kernel1_b1_1	update_halo_kernel1_b1
6147	0.000019938	430304	ops_par_loop_update_halo_kernel1_t1_2	update_halo_kernel1_t1
6148	0.000023725	430304	ops_par_loop_update_halo_kernel1_l1_3	update_halo_kernel1_l1
6149	0.000023715	430304	ops_par_loop_update_halo_kernel1_r1_4	update_halo_kernel1_r1
6150	0.000018835	245952	ops_par_loop_group_5	update_halo_kernel2_xvel_plus_2_a+update_halo_kernel2_yvel_minus_2_a
6151	0.000019146	245952	ops_par_loop_group_6	update_halo_kernel2_xvel_plus_2_b+update_halo_kernel2_yvel_minus_2_b
6152	0.000020228	245952	ops_par_loop_group_7	update_halo_kernel2_xvel_minus_2_a+update_halo_kernel2_yvel_plus_2_a
6153	0.000023474	245952	ops_par_loop_group_8	update_halo_kernel2_xvel_minus_2_b+update_halo_kernel2_yvel_plus_2_b
6154	0.001732106	589885440	ops_par_loop_viscosity_kernel_13	viscosity_kernel
6155	0.000020579	430304	ops_par_loop_update_halo_kernel1_b1_14	update_halo_kernel1_b1
6156	0.000019957	430304	ops_par_loop_update_halo_kernel1_t1_15	update_halo_kernel1_t1
6157	0.000023475	430304	ops_par_loop_update_halo_kernel1_l1_16	update_halo_kernel1_l1
6158	0.000022202	430304	ops_par_loop_update_halo_kernel1_r1_17	update_halo_kernel1_r1
6159	0.000916198	1061744640	ops_par_loop_calc_dt_kernel_18	calc_dt_kernel
6160	0.001487642	1887436800	ops_par_loop_group_0	PdV_kernel_predict+ideal_gas_kernel
6161	0.000023004	430304	ops_par_loop_update_halo_kernel1_b1_2	update_halo_kernel1_b1
6162	0.000021381	430304	ops_par_loop_update_halo_kernel1_t1_3	update_halo_kernel1_t1
6163	0.000024627	430304	ops_par_loop_update_halo_kernel1_l1_4	update_halo_kernel1_l1
6164	0.000025188	430304	ops_par_loop_update_halo_kernel1_r1_5	update_halo_kernel1_r1
6165	0.001553316	1770147928	ops_par_loop_group_5	revert_kernel+accelerate_kernel
6166	0.001356132	1651507200	ops_par_loop_PdV_kernel_nopredict_8	PdV_kernel_nopredict
6167	0.000362337	471982080	ops_par_loop_flux_calc_kernelx_9	flux_calc_kernelx
6168	0.000358671	471982080	ops_par_loop_flux_calc_kernely_10	flux_calc_kernely
6169	0.000022603	553536	ops_par_loop_group_9	update_halo_kernel1_b2+update_halo_kernel4_minus_4_a
6170	0.000020870	553536	ops_par_loop_group_10	update_halo_kernel1_b1+update_halo_kernel4_minus_2_a
6171	0.000021531	369120	ops_par_loop_group_11	update_halo_kernel3_plus_4_a+update_halo_kernel2_xvel_plus_4_a+update_halo_kernel2_yvel_minus_4_a
6172	0.000020449	369120	ops_par_loop_group_12	update_halo_kernel3_plus_2_a+update_halo_kernel2_xvel_plus_2_a+update_halo_kernel2_yvel_minus_2_a
6173	0.000019647	123008	ops_par_loop_update_halo_kernel4_minus_4_b_29	update_halo_kernel4_minus_4_b
6174	0.000021862	553536	ops_par_loop_group_14	update_halo_kernel1_t2+update_halo_kernel4_minus_2_b
6175	0.000019968	430528	ops_par_loop_update_halo_kernel1_t1_14	update_halo_kernel1_t1
6176	0.000020980	246080	ops_par_loop_group_16	update_halo_kernel2_xvel_plus_4_b+update_halo_kernel2_yvel_minus_4_b
6177	0.000020469	369120	ops_par_loop_group_17	update_halo_kernel3_plus_4_b+update_halo_kernel2_xvel_plus_2_b+update_halo_kernel2_yvel_minus_2_b
6178	0.000019938	123040	ops_par_loop_update_halo_kernel3_plus_2_b_22	update_halo_kernel3_plus_2_b
6179	0.000026641	553536	ops_par_loop_group_19	update_halo_kernel1_l2+update_halo_kernel3_minus_4_a
6180	0.000023374	553536	ops_par_loop_group_20	update_halo_kernel1_l1+update_halo_kernel3_minus_2_a
6181	0.000019738	123008	ops_par_loop_update_halo_kernel3_minus_4_b_25	update_halo_kernel3_minus_4_b
6182	0.000024466	553536	ops_par_loop_group_22	update_halo_kernel1_r2+update_halo_kernel3_minus_2_b
6183	0.000022312	430528	ops_par_loop_update_halo_kernel1_r1_18	update_halo_kernel1_r1
6184	0.000023093	369120	ops_par_loop_group_24	update_halo_kernel4_plus_4_a+update_halo_kernel2_xvel_minus_4_a+update_halo_kernel2_yvel_plus_4_a
6185	0.000020990	369120	ops_par_loop_group_25	update_halo_kernel4_plus_2_a+update_halo_kernel2_xvel_minus_2_a+update_halo_kernel2_yvel_plus_2_a
6186	0.000020790	246080	ops_par_loop_group_26	update_halo_kernel2_xvel_minus_4_b+update_halo_kernel2_yvel_plus_4_b
6187	0.000022974	369120	ops_par_loop_group_27	update_halo_kernel4_plus_4_b+update_halo_kernel2_xvel_minus_2_b+update_halo_kernel2_yvel_plus_2_b
6188	0.000018435	123040	ops_par_loop_update_halo_kernel4_plus_2_b_34	update_halo_kernel4_plus_2_b
6189	0.000563529	591053440	ops_par_loop_advec_cell_kernel1_xdir_35	advec_cell_kernel1_xdir
6190	0.000772545	708203544	ops_par_loop_advec_cell_kernel3_xdir_36	advec_cell_kernel3_xdir
6191	0.001462724	1533542400	ops_par_loop_advec_cell_kernel4_xdir_37	advec_cell_kernel4_xdir
6192	0.000021420	430528	ops_par_loop_update_halo_kernel1_b2_38	update_halo_kernel1_b2
6193	0.000020209	430528	ops_par_loop_update_halo_kernel1_b1_39	update_halo_kernel1_b1
6194	0.000019708	430528	ops_par_loop_update_halo_kernel1_t2_40	update_halo_kernel1_t2
6195	0.000021291	430528	ops_par_loop_update_halo_kernel1_t1_41	update_halo_kernel1_t1
6196	0.000019557	123040	ops_par_loop_update_halo_kernel3_plus_4_a_62	update_halo_kernel3_plus_4_a
6197	0.000019577	123040	ops_par_loop_update_halo_kernel3_plus_2_a_63	update_halo_kernel3_plus_2_a
6198	0.000018615	123040	ops_par_loop_update_halo_kernel3_plus_4_b_64	update_halo_kernel3_plus_4_b
6199	0.000019717	123040	ops_par_loop_update_halo_kernel3_plus_2_b_65	update_halo_kernel3_plus_2_b
6200	0.000026300	553536	ops_par_loop_group_40	update_halo_kernel1_l2+update_halo_kernel3_minus_4_a
6201	0.000024717	553536	ops_par_loop_group_41	update_halo_kernel1_l1+update_halo_kernel3_minus_2_a
6202	0.000019637	123008	ops_par_loop_update_halo_kernel3_minus_4_b_68	update_halo_kernel3_minus_4_b
6203	0.000025348	553536	ops_par_loop_group_43	update_halo_kernel1_r2+update_halo_kernel3_minus_2_b
6204	0.000021712	430528	ops_par_loop_update_halo_kernel1_r1_45	update_halo_kernel1_r1
6205	0.000561645	591053440	ops_par_loop_advec_mom_kernel_x1_70	advec_mom_kernel_x1
6206	0.000194499	236236864	ops_par_loop_advec_mom_kernel_mass_flux_x_71	advec_mom_kernel_mass_flux_x
6207	0.000574480	590438520	ops_par_loop_advec_mom_kernel_post_pre_advec_x_72	advec_mom_kernel_post_pre_advec_x
6208	0.000882725	472258640	ops_par_loop_advec_mom_kernel1_x_nonvector_73	advec_mom_kernel1_x_nonvector
6209	0.000450094	590131240	ops_par_loop_advec_mom_kernel2_x_74	advec_mom_kernel2_x
6210	0.000561245	591053440	ops_par_loop_advec_mom_kernel_x1_75	advec_mom_kernel_x1
6211	0.000195040	236236864	ops_par_loop_advec_mom_kernel_mass_flux_x_76	advec_mom_kernel_mass_flux_x
6212	0.000574981	590438520	ops_par_loop_advec_mom_kernel_post_pre_advec_x_77	advec_mom_kernel_post_pre_advec_x
6213	0.000883346	472258640	ops_par_loop_advec_mom_kernel1_x_nonvector_78	advec_mom_kernel1_x_nonvector
6214	0.000450284	590131240	ops_par_loop_advec_mom_kernel2_x_79	advec_mom_kernel2_x
6215	0.000498145	472842752	ops_par_loop_advec_cell_kernel2_ydir_80	advec_cell_kernel2_ydir
6216	0.000787955	708203544	ops_par_loop_advec_cell_kernel3_ydir_81	advec_cell_kernel3_ydir
6217	0.001475549	1533542400	ops_par_loop_advec_cell_kernel4_ydir_82	advec_cell_kernel4_ydir
6218	0.000022983	553536	ops_par_loop_group_58	update_halo_kernel1_b2+update_halo_kernel4_minus_4_a
6219	0.000021942	553536	ops_par_loop_group_59	update_halo_kernel1_b1+update_halo_kernel4_minus_2_a
6220	0.000021641	369120	ops_par_loop_group_60	update_halo_kernel2_xvel_plus_4_a+update_halo_kernel2_yvel_minus_4_a+update_halo_kernel3_plus_4_a
6221	0.000020469	369120	ops_par_loop_group_61	update_halo_kernel2_xvel_plus_2_a+update_halo_kernel2_yvel_minus_2_a+update_halo_kernel3_plus_2_a
6222	0.000019678	246080	ops_par_loop_group_62	update_halo_kernel2_xvel_plus_4_b+update_halo_kernel2_yvel_minus_4_b
6223	0.000021490	369120	ops_par_loop_group_63	update_halo_kernel2_xvel_plus_2_b+update_halo_kernel2_yvel_minus_2_b+update_halo_kernel3_plus_4_b
6224	0.000021220	246080	ops_par_loop_group_64	update_halo_kernel2_xvel_minus_4_b+update_halo_kernel2_yvel_plus_4_b
6225	0.000019948	123040	ops_par_loop_update_halo_kernel3_plus_2_b_110	update_halo_kernel3_plus_2_b
6226	0.000019808	123008	ops_par_loop_update_halo_kernel3_minus_4_b_113	update_halo_kernel3_minus_4_b
6227	0.000018726	123008	ops_par_loop_update_halo_kernel4_minus_4_b_117	update_halo_kernel4_minus_4_b
6228	0.000021311	553536	ops_par_loop_group_68	update_halo_kernel1_t2+update_halo_kernel4_minus_2_b
6229	0.000020389	430528	ops_par_loop_update_halo_kernel1_t1_86	update_halo_kernel1_t1
6230	0.000027162	553536	ops_par_loop_group_70	update_halo_kernel1_l2+update_halo_kernel3_minus_4_a
6231	0.000023325	553536	ops_par_loop_group_71	update_halo_kernel1_l1+update_halo_kernel3_minus_2_a
6232	0.000024987	553536	ops_par_loop_group_72	update_halo_kernel1_r2+update_halo_kernel3_minus_2_b
6233	0.000021320	430528	ops_par_loop_update_halo_kernel1_r1_90	update_halo_kernel1_r1
6234	0.000023575	369120	ops_par_loop_group_74	update_halo_kernel2_xvel_minus_4_a+update_halo_kernel2_yvel_plus_4_a+update_halo_kernel4_plus_4_a
6235	0.000021882	369120	ops_par_loop_group_75	update_halo_kernel2_xvel_minus_2_a+update_halo_kernel2_yvel_plus_2_a+update_halo_kernel4_plus_2_a
6236	0.000022783	369120	ops_par_loop_group_76	update_halo_kernel2_xvel_minus_2_b+update_halo_kernel2_yvel_plus_2_b+update_halo_kernel4_plus_4_b
6237	0.000018716	123040	ops_par_loop_update_halo_kernel4_plus_2_b_122	update_halo_kernel4_plus_2_b
6238	0.001786028	1416561152	ops_par_loop_group_78	advec_mom_kernel_y2+reset_field_kernel1+ideal_gas_kernel
6239	0.000195120	236236864	ops_par_loop_advec_mom_kernel_mass_flux_y_124	advec_mom_kernel_mass_flux_y
6240	0.000535826	590438520	ops_par_loop_advec_mom_kernel_post_pre_advec_y_125	advec_mom_kernel_post_pre_advec_y
6241	0.000877545	472258640	ops_par_loop_advec_mom_kernel1_y_nonvector_126	advec_mom_kernel1_y_nonvector
6242	0.000452598	590131240	ops_par_loop_advec_mom_kernel2_y_127	advec_mom_kernel2_y
6243	0.000491071	472842752	ops_par_loop_advec_mom_kernel_y2_128	advec_mom_kernel_y2
6244	0.000192385	236236864	ops_par_loop_advec_mom_kernel_mass_flux_y_129	advec_mom_kernel_mass_flux_y
6245	0.000532130	590438520	ops_par_loop_advec_mom_kernel_post_pre_advec_y_130	advec_mom_kernel_post_pre_advec_y
6246	0.000872866	472258640	ops_par_loop_advec_mom_kernel1_y_nonvector_131	advec_mom_kernel1_y_nonvector
6247	0.000735705	1062236232	ops_par_loop_group_87	advec_mom_kernel2_y+reset_field_kernel2
6248	0.000022022	430304	ops_par_loop_update_halo_kernel1_b1_136	update_halo_kernel1_b1
6249	0.000021441	430304	ops_par_loop_update_halo_kernel1_t1_137	update_halo_kernel1_t1
6250	0.000023885	430304	ops_par_loop_update_halo_kernel1_l1_138	update_halo_kernel1_l1
6251	0.000023875	430304	ops_par_loop_update_halo_kernel1_r1_139	update_halo_kernel1_r1
6252	0.000019437	245952	ops_par_loop_group_92	update_halo_kernel2_xvel_plus_2_a+update_halo_kernel2_yvel_minus_2_a
6253	0.000019738	245952	ops_par_loop_group_93	update_halo_kernel2_xvel_plus_2_b+update_halo_kernel2_yvel_minus_2_b
6254	0.000021501	245952	ops_par_loop_group_94	update_halo_kernel2_xvel_minus_2_a+update_halo_kernel2_yvel_plus_2_a
6255	0.000021802	245952	ops_par_loop_group_95	update_halo_kernel2_xvel_minus_2_b+update_halo_kernel2_yvel_plus_2_b
6256	0.001732927	589885440	ops_par_loop_viscosity_kernel_148	viscosity_kernel
6257	0.000021201	430304	ops_par_loop_update_halo_kernel1_b1_149	update_halo_kernel1_b1
6258	0.000019878	430304	ops_par_loop_update_halo_kernel1_t1_150	update_halo_kernel1_t1
6259	0.000023384	430304	ops_par_loop_update_halo_kernel1_l1_151	update_halo_kernel1_l1
6260	0.000023074	430304	ops_par_loop_update_halo_kernel1_r1_152	update_halo_kernel1_r1
6261	0.000917190	1061744640	ops_par_loop_calc_dt_kernel_153	calc_dt_kernel
6262	0.001493523	1887436800	ops_par_loop_group_0	PdV_kernel_predict+ideal_gas_kernel
6263	0.000022463	430304	ops_par_loop_update_halo_kernel1_b1_2	update_halo_kernel1_b1
6264	0.000020519	430304	ops_par_loop_update_halo_kernel1_t1_3	update_halo_kernel1_t1
6265	0.000024116	430304	ops_par_loop_update_halo_kernel1_l1_4	update_halo_kernel1_l1
6266	0.000023495	430304	ops_par_loop_update_halo_kernel1_r1_5	update_halo_kernel1_r1
6267	0.001556944	1770147928	ops_par_loop_group_5	revert_kernel+accelerate_kernel
6268	0.001354569	1651507200	ops_par_loop_PdV_kernel_nopredict_8	PdV_kernel_nopredict
6269	0.000362498	471982080	ops_par_loop_flux_calc_kernelx_9	flux_calc_kernelx
6270	0.000358850	471982080	ops_par_loop_flux_calc_kernely_10	flux_calc_kernely
6271	0.000022573	553536	ops_par_loop_group_9	update_halo_kernel1_b2+update_halo_kernel4_minus_4_a
6272	0.000021461	553536	ops_par_loop_group_10	update_halo_kernel1_b1+update_halo_kernel4_minus_2_a
6273	0.000022062	369120	ops_par_loop_group_11	update_halo_kernel3_plus_4_a+update_halo_kernel2_xvel_plus_4_a+update_halo_kernel2_yvel_minus_4_a
6274	0.000021120	369120	ops_par_loop_group_12	update_halo_kernel3_plus_2_a+update_halo_kernel2_xvel_plus_2_a+update_halo_kernel2_yvel_minus_2_a
6275	0.000019267	123008	ops_par_loop_update_halo_kernel4_minus_4_b_29	update_halo_kernel4_minus_4_b
6276	0.000020920	553536	ops_par_loop_group_14	update_halo_kernel1_t2+update_halo_kernel4_minus_2_b
6277	0.000020289	430528	ops_par_loop_update_halo_kernel1_t1_14	update_halo_kernel1_t1
6278	0.000020028	246080	ops_par_loop_group_16	update_halo_kernel2_xvel_plus_4_b+update_halo_kernel2_yvel_minus_4_b
6279	0.000021631	369120	ops_par_loop_group_17	update_halo_kernel3_plus_4_b+update_halo_kernel2_xvel_plus_2_b+update_halo_kernel2_yvel_minus_2_b
6280	0.000019517	123040	ops_par_loop_update_halo_kernel3_plus_2_b_22	update_halo_kernel3_plus_2_b
6281	0.000025739	553536	ops_par_loop_group_19	update_halo_kernel1_l2+update_halo_kernel3_minus_4_a
6282	0.000024256	553536	ops_par_loop_group_20	update_halo_kernel1_l1+update_halo_kernel3_minus_2_a
6283	0.000019918	123008	ops_par_loop_update_halo_kernel3_minus_4_b_25	update_halo_kernel3_minus_4_b
6284	0.000025959	553536	ops_par_loop_group_22	update_halo_kernel1_r2+update_halo_kernel3_minus_2_b
6285	0.000021732	430528	ops_par_loop_update_halo_kernel1_r1_18	update_halo_kernel1_r1
6286	0.000023234	369120	ops_par_loop_group_24	update_halo_kernel4_plus_4_a+update_halo_kernel2_xvel_minus_4_a+update_halo_kernel2_yvel_plus_4_a
6287	0.000021691	369120	ops_par_loop_group_25	update_halo_kernel4_plus_2_a+update_halo_kernel2_xvel_minus_2_a+update_halo_kernel2_yvel_plus_2_a
6288	0.000021521	246080	ops_par_loop_group_26	update_halo_kernel2_xvel_minus_4_b+update_halo_kernel2_yvel_plus_4_b
6289	0.000022172	369120	ops_par_loop_group_27	update_halo_kernel4_plus_4_b+update_halo_kernel2_xvel_minus_2_b+update_halo_kernel2_yvel_plus_2_b
6290	0.000018325	123040	ops_par_loop_update_halo_kernel4_plus_2_b_34	update_halo_kernel4_plus_2_b
6291	0.000562487	591053440	ops_par_loop_advec_cell_kernel1_ydir_35	advec_cell_kernel1_ydir
6292	0.000787704	708203544	ops_par_loop_advec_cell_kernel3_ydir_36	advec_cell_kernel3_ydir
6293	0.001477162	1533542400	ops_par_loop_advec_cell_kernel4_ydir_37	advec_cell_kernel4_ydir
6294	0.000022523	553536	ops_par_loop_group_32	update_halo_kernel1_b2+update_halo_kernel4_minus_4_a
6295	0.000022362	553536	ops_par_loop_group_33	update_halo_kernel1_b1+update_halo_kernel4_minus_2_a
6296	0.000018455	123008	ops_par_loop_update_halo_kernel4_minus_4_b_64	update_halo_kernel4_minus_4_b
6297	0.000021792	553536	ops_par_loop_group_35	update_halo_kernel1_t2+update_halo_kernel4_minus_2_b
6298	0.000020629	430528	ops_par_loop_update_halo_kernel1_t1_41	update_halo_kernel1_t1
6299	0.000023986	430528	ops_par_loop_update_halo_kernel1_l2_42	update_halo_kernel1_l2
6300	0.000022513	430528	ops_par_loop_update_halo_kernel1_l1_43	update_halo_kernel1_l1
6301	0.000023836	430528	ops_par_loop_update_halo_kernel1_r2_44	update_halo_kernel1_r2
6302	0.000021881	430528	ops_par_loop_update_halo_kernel1_r1_45	update_halo_kernel1_r1
6303	0.000019607	123040	ops_par_loop_update_halo_kernel4_plus_4_a_66	update_halo_kernel4_plus_4_a
6304	0.000019296	123040	ops_par_loop_update_halo_kernel4_plus_2_a_67	update_halo_kernel4_plus_2_a
6305	0.000024106	123040	ops_par_loop_update_halo_kernel4_plus_4_b_68	update_halo_kernel4_plus_4_b
6306	0.000019296	123040	ops_par_loop_update_halo_kernel4_plus_2_b_69	update_halo_kernel4_plus_2_b
6307	0.000562457	591053440	ops_par_loop_advec_mom_kernel_y1_70	advec_mom_kernel_y1
6308	0.000192545	236236864	ops_par_loop_advec_mom_kernel_mass_flux_y_71	advec_mom_kernel_mass_flux_y
6309	0.000531429	590438520	ops_par_loop_advec_mom_kernel_post_pre_advec_y_72	advec_mom_kernel_post_pre_advec_y
6310	0.000876864	472258640	ops_par_loop_advec_mom_kernel1_y_nonvector_73	advec_mom_kernel1_y_nonvector
6311	0.000452959	590131240	ops_par_loop_advec_mom_kernel2_y_74	advec_mom_kernel2_y
6312	0.000560102	591053440	ops_par_loop_advec_mom_kernel_y1_75	advec_mom_kernel_y1
6313	0.000192004	236236864	ops_par_loop_advec_mom_kernel_mass_flux_y_76	advec_mom_kernel_mass_flux_y
6314	0.000536638	590438520	ops_par_loop_advec_mom_kernel_post_pre_advec_y_77	advec_mom_kernel_post_pre_advec_y
6315	0.000873547	472258640	ops_par_loop_advec_mom_kernel1_y_nonvector_78	advec_mom_kernel1_y_nonvector
6316	0.000444123	590131240	ops_par_loop_advec_mom_kernel2_y_79	advec_mom_kernel2_y
6317	0.000491542	472842752	ops_par_loop_advec_cell_kernel2_xdir_80	advec_cell_kernel2_xdir
6318	0.000772295	708203544	ops_par_loop_advec_cell_kernel3_xdir_81	advec_cell_kernel3_xdir
6319	0.001464859	1533542400	ops_par_loop_advec_cell_kernel4_xdir_82	advec_cell_kernel4_xdir
6320	0.000022442	553536	ops_par_loop_group_58	update_halo_kernel1_b2+update_halo_kernel4_minus_4_a
6321	0.000021150	553536	ops_par_loop_group_59	update_halo_kernel1_b1+update_halo_kernel4_minus_2_a
6322	0.000022082	369120	ops_par_loop_group_60	update_halo_kernel2_xvel_plus_4_a+update_halo_kernel2_yvel_minus_4_a+update_halo_kernel3_plus_4_a
6323	0.000020930	369120	ops_par_loop_group_61	update_halo_kernel2_xvel_plus_2_a+update_halo_kernel2_yvel_minus_2_a+update_halo_kernel3_plus_2_a
6324	0.000019257	246080	ops_par_loop_group_62	update_halo_kernel2_xvel_plus_4_b+update_halo_kernel2_yvel_minus_4_b
6325	0.000020820	369120	ops_par_loop_group_63	update_halo_kernel2_xvel_plus_2_b+update_halo_kernel2_yvel_minus_2_b+update_halo_kernel3_plus_4_b
6326	0.000021831	246080	ops_par_loop_group_64	update_halo_kernel2_xvel_minus_4_b+update_halo_kernel2_yvel_plus_4_b
6327	0.000019908	123040	ops_par_loop_update_halo_kernel3_plus_2_b_110	update_halo_kernel3_plus_2_b
6328	0.000018786	123008	ops_par_loop_update_halo_kernel3_minus_4_b_113	update_halo_kernel3_minus_4_b
6329	0.000017914	123008	ops_par_loop_update_halo_kernel4_minus_4_b_117	update_halo_kernel4_minus_4_b
6330	0.000021822	553536	ops_par_loop_group_68	update_halo_kernel1_t2+update_halo_kernel4_minus_2_b
6331	0.000020239	430528	ops_par_loop_update_halo_kernel1_t1_86	update_halo_kernel1_t1
6332	0.000026741	553536	ops_par_loop_group_70	update_halo_kernel1_l2+update_halo_kernel3_minus_4_a
6333	0.000023795	553536	ops_par_loop_group_71	update_halo_kernel1_l1+update_halo_kernel3_minus_2_a
6334	0.000024216	553536	ops_par_loop_group_72	update_halo_kernel1_r2+update_halo_kernel3_minus_2_b
6335	0.000021601	430528	ops_par_loop_update_halo_kernel1_r1_90	update_halo_kernel1_r1
6336	0.000023655	369120	ops_par_loop_group_74	update_halo_kernel2_xvel_minus_4_a+update_halo_kernel2_yvel_plus_4_a+update_halo_kernel4_plus_4_a
6337	0.000021430	369120	ops_par_loop_group_75	update_halo_kernel2_xvel_minus_2_a+update_halo_kernel2_yvel_plus_2_a+update_halo_kernel4_plus_2_a
6338	0.000023034	369120	ops_par_loop_group_76	update_halo_kernel2_xvel_minus_2_b+update_halo_kernel2_yvel_plus_2_b+update_halo_kernel4_plus_4_b
6339	0.000018785	123040	ops_par_loop_update_halo_kernel4_plus_2_b_122	update_halo_kernel4_plus_2_b
6340	0.001793863	1416561152	ops_par_loop_group_78	advec_mom_kernel_x2+reset_field_kernel1+ideal_gas_kernel
6341	0.000196272	236236864	ops_par_loop_advec_mom_kernel_mass_flux_x_124	advec_mom_kernel_mass_flux_x
6342	0.000573077	590438520	ops_par_loop_advec_mom_kernel_post_pre_advec_x_125	advec_mom_kernel_post_pre_advec_x
6343	0.000883616	472258640	ops_par_loop_advec_mom_kernel1_x_nonvector_126	advec_mom_kernel1_x_nonvector
6344	0.000450876	590131240	ops_par_loop_advec_mom_kernel2_x_127	advec_mom_kernel2_x
6345	0.000498566	472842752	ops_par_loop_advec_mom_kernel_x2_128	advec_mom_kernel_x2
6346	0.000195070	236236864	ops_par_loop_advec_mom_kernel_mass_flux_x_129	advec_mom_kernel_mass_flux_x
6347	0.000575772	590438520	ops_par_loop_advec_mom_kernel_post_pre_advec_x_130	advec_mom_kernel_post_pre_advec_x
6348	0.000883667	472258640	ops_par_loop_advec_mom_kernel1_x_nonvector_131	advec_mom_kernel1_x_nonvector
6349	0.000730216	1062236232	ops_par_loop_group_87	advec_mom_kernel2_x+reset_field_kernel2
6350	0.000021661	430304	ops_par_loop_update_halo_kernel1_b1_136	update_halo_kernel1_b1
6351	0.000021290	430304	ops_par_loop_update_halo_kernel1_t1_137	update_halo_kernel1_t1
6352	0.000024597	430304	ops_par_loop_update_halo_kernel1_l1_138	update_halo_kernel1_l1
6353	0.000023364	430304	ops_par_loop_update_halo_kernel1_r1_139	update_halo_kernel1_r1
6354	0.000019377	245952	ops_par_loop_group_92	update_halo_kernel2_xvel_plus_2_a+update_halo_kernel2_yvel_minus_2_a
6355	0.000019707	245952	ops_par_loop_group_93	update_halo_kernel2_xvel_plus_2_b+update_halo_kernel2_yvel_minus_2_b
6356	0.000020739	245952	ops_par_loop_group_94	update_halo_kernel2_xvel_minus_2_a+update_halo_kernel2_yvel_plus_2_a
6357	0.000021551	245952	ops_par_loop_group_95	update_halo_kernel2_xvel_minus_2_b+update_halo_kernel2_yvel_plus_2_b
6358	0.001732216	589885440	ops_par_loop_viscosity_kernel_148	viscosity_kernel
6359	0.000022202	430304	ops_par_loop_update_halo_kernel1_b1_149	update_halo_kernel1_b1
6360	0.000020208	430304	ops_par_loop_update_halo_kernel1_t1_150	update_halo_kernel1_t1
6361	0.000022984	430304	ops_par_loop_update_halo_kernel1_l1_151	update_halo_kernel1_l1
6362	0.000023054	430304	ops_par_loop_update_halo_kernel1_r1_152	update_halo_kernel1_r1
6363	0.000916619	1061744640	ops_par_loop_calc_dt_kernel_153	calc_dt_kernel
6364	0.001491149	1887436800	ops_par_loop_group_0	PdV_kernel_predict+ideal_gas_kernel
6365	0.000022382	430304	ops_par_loop_update_halo_kernel1_b1_2	update_halo_kernel1_b1
6366	0.000020259	430304	ops_par_loop_update_halo_kernel1_t1_3	update_halo_kernel1_t1
6367	0.000025829	430304	ops_par_loop_update_halo_kernel1_l1_4	update_halo_kernel1_l1
6368	0.000023845	430304	ops_par_loop_update_halo_kernel1_r1_5	update_halo_kernel1_r1
6369	0.001556854	1770147928	ops_par_loop_group_5	revert_kernel+accelerate_kernel
6370	0.001355982	1651507200	ops_par_loop_PdV_kernel_nopredict_8	PdV_kernel_nopredict
6371	0.000362238	471982080	ops_par_loop_flux_calc_kernelx_9	flux_calc_kernelx
6372	0.000358530	471982080	ops_par_loop_flux_calc_kernely_10	flux_calc_kernely
6373	0.000022292	553536	ops_par_loop_group_9	update_halo_kernel1_b2+update_halo_kernel4_minus_4_a
6374	0.000020789	553536	ops_par_loop_group_10	update_halo_kernel1_b1+update_halo_kernel4_minus_2_a
6375	0.000021781	369120	ops_par_loop_group_11	update_halo_kernel3_plus_4_a+update_halo_kernel2_xvel_plus_4_a+update_halo_kernel2_yvel_minus_4_a
6376	0.000020288	369120	ops_par_loop_group_12	update_halo_kernel3_plus_2_a+update_halo_kernel2_xvel_plus_2_a+update_halo_kernel2_yvel_minus_2_a
6377	0.000019157	123008	ops_par_loop_update_halo_kernel4_minus_4_b_29	update_halo_kernel4_minus_4_b
6378	0.000020379	553536	ops_par_loop_group_14	update_halo_kernel1_t2+update_halo_kernel4_minus_2_b
6379	0.000020318	430528	ops_par_loop_update_halo_kernel1_t1_14	update_halo_kernel1_t1
6380	0.000019217	246080	ops_par_loop_group_16	update_halo_kernel2_xvel_plus_4_b+update_halo_kernel2_yvel_minus_4_b
6381	0.000019777	369120	ops_par_loop_group_17	update_halo_kernel3_plus_4_b+update_halo_kernel2_xvel_plus_2_b+update_halo_kernel2_yvel_minus_2_b
6382	0.000019006	123040	ops_par_loop_update_halo_kernel3_plus_2_b_22	update_halo_kernel3_plus_2_b
6383	0.000026119	553536	ops_par_loop_group_19	update_halo_kernel1_l2+update_halo_kernel3_minus_4_a
6384	0.000023554	553536	ops_par_loop_group_20	update_halo_kernel1_l1+update_halo_kernel3_minus_2_a
6385	0.000020068	123008	ops_par_loop_update_halo_kernel3_minus_4_b_25	update_halo_kernel3_minus_4_b
6386	0.000024356	553536	ops_par_loop_group_22	update_halo_kernel1_r2+update_halo_kernel3_minus_2_b
6387	0.000021821	430528	ops_par_loop_update_halo_kernel1_r1_18	update_halo_kernel1_r1
6388	0.000022904	369120	ops_par_loop_group_24	update_halo_kernel4_plus_4_a+update_halo_kernel2_xvel_minus_4_a+update_halo_kernel2_yvel_plus_4_a
6389	0.000021531	369120	ops_par_loop_group_25	update_halo_kernel4_plus_2_a+update_halo_kernel2_xvel_minus_2_a+update_halo_kernel2_yvel_plus_2_a
6390	0.000020710	246080	ops_par_loop_group_26	update_halo_kernel2_xvel_minus_4_b+update_halo_kernel2_yvel_plus_4_b
6391	0.000022894	369120	ops_par_loop_group_27	update_halo_kernel4_plus_4_b+update_halo_kernel2_xvel_minus_2_b+update_halo_kernel2_yvel_plus_2_b
6392	0.000018315	123040	ops_par_loop_update_halo_kernel4_plus_2_b_34	update_halo_kernel4_plus_2_b
6393	0.000564301	591053440	ops_par_loop_advec_cell_kernel1_xdir_35	advec_cell_kernel1_xdir
6394	0.000772185	708203544	ops_par_loop_advec_cell_kernel3_xdir_36	advec_cell_kernel3_xdir
6395	0.001459259	1533542400	ops_par_loop_advec_cell_kernel4_xdir_37	advec_cell_kernel4_xdir
6396	0.000022843	430528	ops_par_loop_update_halo_kernel1_b2_38	update_halo_kernel1_b2
6397	0.000020189	430528	ops_par_loop_update_halo_kernel1_b1_39	update_halo_kernel1_b1
6398	0.000020348	430528	ops_par_loop_update_halo_kernel1_t2_40	update_halo_kernel1_t2
6399	0.000020449	430528	ops_par_loop_update_halo_kernel1_t1_41	update_halo_kernel1_t1
6400	0.000018776	123040	ops_par_loop_update_halo_kernel3_plus_4_a_62	update_halo_kernel3_plus_4_a
6401	0.000017994	123040	ops_par_loop_update_halo_kernel3_plus_2_a_63	update_halo_kernel3_plus_2_a
6402	0.000018555	123040	ops_par_loop_update_halo_kernel3_plus_4_b_64	update_halo_kernel3_plus_4_b
6403	0.000018605	123040	ops_par_loop_update_halo_kernel3_plus_2_b_65	update_halo_kernel3_plus_2_b
6404	0.000026701	553536	ops_par_loop_group_40	update_halo_kernel1_l2+update_halo_kernel3_minus_4_a
6405	0.000023835	553536	ops_par_loop_group_41	update_halo_kernel1_l1+update_halo_kernel3_minus_2_a
6406	0.000018896	123008	ops_par_loop_update_halo_kernel3_minus_4_b_68	update_halo_kernel3_minus_4_b
6407	0.000025197	553536	ops_par_loop_group_43	update_halo_kernel1_r2+update_halo_kernel3_minus_2_b
6408	0.000021180	430528	ops_par_loop_update_halo_kernel1_r1_45	update_halo_kernel1_r1
6409	0.000560894	591053440	ops_par_loop_advec_mom_kernel_x1_70	advec_mom_kernel_x1
6410	0.000194319	236236864	ops_par_loop_advec_mom_kernel_mass_flux_x_71	advec_mom_kernel_mass_flux_x
6411	0.000575301	590438520	ops_par_loop_advec_mom_kernel_post_pre_advec_x_72	advec_mom_kernel_post_pre_advec_x
6412	0.000882995	472258640	ops_par_loop_advec_mom_kernel1_x_nonvector_73	advec_mom_kernel1_x_nonvector
6413	0.000452118	590131240	ops_par_loop_advec_mom_kernel2_x_74	advec_mom_kernel2_x
6414	0.000562006	591053440	ops_par_loop_advec_mom_kernel_x1_75	advec_mom_kernel_x1
6415	0.000194279	236236864	ops_par_loop_advec_mom_kernel_mass_flux_x_76	advec_mom_kernel_mass_flux_x
6416	0.000576233	590438520	ops_par_loop_advec_mom_kernel_post_pre_advec_x_77	advec_mom_kernel_post_pre_advec_x
6417	0.000884508	472258640	ops_par_loop_advec_mom_kernel1_x_nonvector_78	advec_mom_kernel1_x_nonvector
6418	0.000445114	590131240	ops_par_loop_advec_mom_kernel2_x_79	advec_mom_kernel2_x
6419	0.000498496	472842752	ops_par_loop_advec_cell_kernel2_ydir_80	advec_cell_kernel2_ydir
6420	0.000789117	708203544	ops_par_loop_advec_cell_kernel3_ydir_81	advec_cell_kernel3_ydir
6421	0.001475228	1533542400	ops_par_loop_advec_cell_kernel4_ydir_82	advec_cell_kernel4_ydir
6422	0.000023084	553536	ops_par_loop_group_58	update_halo_kernel1_b2+update_halo_kernel4_minus_4_a
6423	0.000022313	553536	ops_par_loop_group_59	update_halo_kernel1_b1+update_halo_kernel4_minus_2_a
6424	0.000022152	369120	ops_par_loop_group_60	update_halo_kernel2_xvel_plus_4_a+update_halo_kernel2_yvel_minus_4_a+update_halo_kernel3_plus_4_a
6425	0.000022242	369120	ops_par_loop_group_61	update_halo_kernel2_xvel_plus_2_a+update_halo_kernel2_yvel_minus_2_a+update_halo_kernel3_plus_2_a
6426	0.000020939	246080	ops_par_loop_group_62	update_halo_kernel2_xvel_plus_4_b+update_halo_kernel2_yvel_minus_4_b
6427	0.000021080	369120	ops_par_loop_group_63	update_halo_kernel2_xvel_plus_2_b+update_halo_kernel2_yvel_minus_2_b+update_halo_kernel3_plus_4_b
6428	0.000022292	246080	ops_par_loop_group_64	update_halo_kernel2_xvel_minus_4_b+update_halo_kernel2_yvel_plus_4_b
6429	0.000019757	123040	ops_par_loop_update_halo_kernel3_plus_2_b_110	update_halo_kernel3_plus_2_b
6430	0.000020278	123008	ops_par_loop_update_halo_kernel3_minus_4_b_113	update_halo_kernel3_minus_4_b
6431	0.000019107	123008	ops_par_loop_update_halo_kernel4_minus_4_b_117	update_halo_kernel4_minus_4_b
6432	0.000022412	553536	ops_par_loop_group_68	update_halo_kernel1_t2+update_halo_kernel4_minus_2_b
6433	0.000020398	430528	ops_par_loop_update_halo_kernel1_t1_86	update_halo_kernel1_t1
6434	0.000027712	553536	ops_par_loop_group_70	update_halo_kernel1_l2+update_halo_kernel3_minus_4_a
6435	0.000024156	553536	ops_par_loop_group_71	update_halo_kernel1_l1+update_halo_kernel3_minus_2_a
6436	0.000026410	553536	ops_par_loop_group_72	update_halo_kernel1_r2+update_halo_kernel3_minus_2_b
6437	0.000021481	430528	ops_par_loop_update_halo_kernel1_r1_90	update_halo_kernel1_r1
6438	0.000023215	369120	ops_par_loop_group_74	update_halo_kernel2_xvel_minus_4_a+update_halo_kernel2_yvel_plus_4_a+update_halo_kernel4_plus_4_a
6439	0.000022783	369120	ops_par_loop_group_75	update_halo_kernel2_xvel_minus_2_a+update_halo_kernel2_yvel_plus_2_a+update_halo_kernel4_plus_2_a
6440	0.000023104	369120	ops_par_loop_group_76	update_halo_kernel2_xvel_minus_2_b+update_halo_kernel2_yvel_plus_2_b+update_halo_kernel4_plus_4_b
6441	0.000018845	123040	ops_par_loop_update_halo_kernel4_plus_2_b_122	update_halo_kernel4_plus_2_b
6442	0.001793632	1416561152	ops_par_loop_group_78	advec_mom_kernel_y2+reset_field_kernel1+ideal_gas_kernel
6443	0.000195551	236236864	ops_par_loop_advec_mom_kernel_mass_flux_y_124	advec_mom_kernel_mass_flux_y
6444	0.000533031	590438520	ops_par_loop_advec_mom_kernel_post_pre_advec_y_125	advec_mom_kernel_post_pre_advec_y
6445	0.000878677	472258640	ops_par_loop_advec_mom_kernel1_y_nonvector_126	advec_mom_kernel1_y_nonvector
6446	0.000447649	590131240	ops_par_loop_advec_mom_kernel2_y_127	advec_mom_kernel2_y
6447	0.000490651	472842752	ops_par_loop_advec_mom_kernel_y2_128	advec_mom_kernel_y2
6448	0.000193487	236236864	ops_par_loop_advec_mom_kernel_mass_flux_y_129	advec_mom_kernel_mass_flux_y
6449	0.000534685	590438520	ops_par_loop_advec_mom_kernel_post_pre_advec_y_130	advec_mom_kernel_post_pre_advec_y
6450	0.000874649	472258640	ops_par_loop_advec_mom_kernel1_y_nonvector_131	advec_mom_kernel1_y_nonvector
6451	0.000732830	1062236232	ops_par_loop_group_87	advec_mom_kernel2_y+reset_field_kernel2
6452	0.000022934	430304	ops_par_loop_update_halo_kernel1_b1_136	update_halo_kernel1_b1
6453	0.000021150	430304	ops_par_loop_update_halo_kernel1_t1_137	update_halo_kernel1_t1
6454	0.000025429	430304	ops_par_loop_update_halo_kernel1_l1_138	update_halo_kernel1_l1
6455	0.000025308	430304	ops_par_loop_update_halo_kernel1_r1_139	update_halo_kernel1_r1
6456	0.000020448	245952	ops_par_loop_group_92	update_halo_kernel2_xvel_plus_2_a+update_halo_kernel2_yvel_minus_2_a
6457	0.000020068	245952	ops_par_loop_group_93	update_halo_kernel2_xvel_plus_2_b+update_halo_kernel2_yvel_minus_2_b
6458	0.000021500	245952	ops_par_loop_group_94	update_halo_kernel2_xvel_minus_2_a+update_halo_kernel2_yvel_plus_2_a
6459	0.000021561	245952	ops_par_loop_group_95	update_halo_kernel2_xvel_minus_2_b+update_halo_kernel2_yvel_plus_2_b
6460	0.001732967	589885440	ops_par_loop_viscosity_kernel_148	viscosity_kernel
6461	0.000022242	430304	ops_par_loop_update_halo_kernel1_b1_149	update_halo_kernel1_b1
6462	0.000020368	430304	ops_par_loop_update_halo_kernel1_t1_150	update_halo_kernel1_t1
6463	0.000024547	430304	ops_par_loop_update_halo_kernel1_l1_151	update_halo_kernel1_l1
6464	0.000023935	430304	ops_par_loop_update_halo_kernel1_r1_152	update_halo_kernel1_r1
6465	0.000917260	1061744640	ops_par_loop_calc_dt_kernel_153	calc_dt_kernel
6466	0.001490117	1887436800	ops_par_loop_group_0	PdV_kernel_predict+ideal_gas_kernel
6467	0.000022282	430304	ops_par_loop_update_halo_kernel1_b1_2	update_halo_kernel1_b1
6468	0.000019788	430304	ops_par_loop_update_halo_kernel1_t1_3	update_halo_kernel1_t1
6469	0.000023695	430304	ops_par_loop_update_halo_kernel1_l1_4	update_halo_kernel1_l1
6470	0.000023174	430304	ops_par_loop_update_halo_kernel1_r1_5	update_halo_kernel1_r1
6471	0.001557775	1770147928	ops_par_loop_group_5	revert_kernel+accelerate_kernel
6472	0.001355932	1651507200	ops_par_loop_PdV_kernel_nopredict_8	PdV_kernel_nopredict
6473	0.000361847	471982080	ops_par_loop_flux_calc_kernelx_9	flux_calc_kernelx
6474	0.000358931	471982080	ops_par_loop_flux_calc_kernely_10	flux_calc_kernely
6475	0.000022152	553536	ops_par_loop_group_9	update_halo_kernel1_b2+update_halo_kernel4_minus_4_a
6476	0.000020779	553536	ops_par_loop_group_10	update_halo_kernel1_b1+update_halo_kernel4_minus_2_a
6477	0.000021921	369120	ops_par_loop_group_11	update_halo_kernel3_plus_4_a+update_halo_kernel2_xvel_plus_4_a+update_halo_kernel2_yvel_minus_4_a
6478	0.000020669	369120	ops_par_loop_group_12	update_halo_kernel3_plus_2_a+update_halo_kernel2_xvel_plus_2_a+update_halo_kernel2_yvel_minus_2_a
6479	0.000018755	123008	ops_par_loop_update_halo_kernel4_minus_4_b_29	update_halo_kernel4_minus_4_b
6480	0.000020519	553536	ops_par_loop_group_14	update_halo_kernel1_t2+update_halo_kernel4_minus_2_b
6481	0.000020058	430528	ops_par_loop_update_halo_kernel1_t1_14	update_halo_kernel1_t1
6482	0.000019377	246080	ops_par_loop_group_16	update_halo_kernel2_xvel_plus_4_b+update_halo_kernel2_yvel_minus_4_b
6483	0.000021281	369120	ops_par_loop_group_17	update_halo_kernel3_plus_4_b+update_halo_kernel2_xvel_plus_2_b+update_halo_kernel2_yvel_minus_2_b
6484	0.000019046	123040	ops_par_loop_update_halo_kernel3_plus_2_b_22	update_halo_kernel3_plus_2_b
6485	0.000025899	553536	ops_par_loop_group_19	update_halo_kernel1_l2+update_halo_kernel3_minus_4_a
6486	0.000022813	553536	ops_par_loop_group_20	update_halo_kernel1_l1+update_halo_kernel3_minus_2_a
6487	0.000019136	123008	ops_par_loop_update_halo_kernel3_minus_4_b_25	update_halo_kernel3_minus_4_b
6488	0.000024226	553536	ops_par_loop_group_22	update_halo_kernel1_r2+update_halo_kernel3_minus_2_b
6489	0.000021480	430528	ops_par_loop_update_halo_kernel1_r1_18	update_halo_kernel1_r1
6490	0.000023033	369120	ops_par_loop_group_24	update_halo_kernel4_plus_4_a+update_halo_kernel2_xvel_minus_4_a+update_halo_kernel2_yvel_plus_4_a
6491	0.000022292	369120	ops_par_loop_group_25	update_halo_kernel4_plus_2_a+update_halo_kernel2_xvel_minus_2_a+update_halo_kernel2_yvel_plus_2_a
6492	0.000020739	246080	ops_par_loop_group_26	update_halo_kernel2_xvel_minus_4_b+update_halo_kernel2_yvel_plus_4_b
6493	0.000022222	369120	ops_par_loop_group_27	update_halo_kernel4_plus_4_b+update_halo_kernel2_xvel_minus_2_b+update_halo_kernel2_yvel_plus_2_b
6494	0.000018425	123040	ops_par_loop_update_halo_kernel4_plus_2_b_34	update_halo_kernel4_plus_2_b
6495	0.000561616	591053440	ops_par_loop_advec_cell_kernel1_ydir_35	advec_cell_kernel1_ydir
6496	0.000787274	708203544	ops_par_loop_advec_cell_kernel3_ydir_36	advec_cell_kernel3_ydir
6497	0.001475199	1533542400	ops_par_loop_advec_cell_kernel4_ydir_37	advec_cell_kernel4_ydir
6498	0.000022553	553536	ops_par_loop_group_32	update_halo_kernel1_b2+update_halo_kernel4_minus_4_a
6499	0.000020469	553536	ops_par_loop_group_33	update_halo_kernel1_b1+update_halo_kernel4_minus_2_a
6500	0.000018034	123008	ops_par_loop_update_halo_kernel4_minus_4_b_64	update_halo_kernel4_minus_4_b
6501	0.000021511	553536	ops_par_loop_group_35	update_halo_kernel1_t2+update_halo_kernel4_minus_2_b
6502	0.000020489	430528	ops_par_loop_update_halo_kernel1_t1_41	update_halo_kernel1_t1
6503	0.000023745	430528	ops_par_loop_update_halo_kernel1_l2_42	update_halo_kernel1_l2
6504	0.000021220	430528	ops_par_loop_update_halo_kernel1_l1_43	update_halo_kernel1_l1
6505	0.000022632	430528	ops_par_loop_update_halo_kernel1_r2_44	update_halo_kernel1_r2
6506	0.000021030	430528	ops_par_loop_update_halo_kernel1_r1_45	update_halo_kernel1_r1
6507	0.000019638	123040	ops_par_loop_update_halo_kernel4_plus_4_a_66	update_halo_kernel4_plus_4_a
6508	0.000018776	123040	ops_par_loop_update_halo_kernel4_plus_2_a_67	update_halo_kernel4_plus_2_a
6509	0.000019246	123040	ops_par_loop_update_halo_kernel4_plus_4_b_68	update_halo_kernel4_plus_4_b
6510	0.000017754	123040	ops_par_loop_update_halo_kernel4_plus_2_b_69	update_halo_kernel4_plus_2_b
6511	0.000560644	591053440	ops_par_loop_advec_mom_kernel_y1_70	advec_mom_kernel_y1
6512	0.000191924	236236864	ops_par_loop_advec_mom_kernel_mass_flux_y_71	advec_mom_kernel_mass_flux_y
6513	0.000532601	590438520	ops_par_loop_advec_mom_kernel_post_pre_advec_y_72	advec_mom_kernel_post_pre_advec_y
6514	0.000877294	472258640	ops_par_loop_advec_mom_kernel1_y_nonvector_73	advec_mom_kernel1_y_nonvector
6515	0.000450665	590131240	ops_par_loop_advec_mom_kernel2_y_74	advec_mom_kernel2_y
6516	0.000562337	591053440	ops_par_loop_advec_mom_kernel_y1_75	advec_mom_kernel_y1
6517	0.000192896	236236864	ops_par_loop_advec_mom_kernel_mass_flux_y_76	advec_mom_kernel_mass_flux_y
6518	0.000535326	590438520	ops_par_loop_advec_mom_kernel_post_pre_advec_y_77	advec_mom_kernel_post_pre_advec_y
6519	0.000872905	472258640	ops_par_loop_advec_mom_kernel1_y_nonvector_78	advec_mom_kernel1_y_nonvector
6520	0.000449031	590131240	ops_par_loop_advec_mom_kernel2_y_79	advec_mom_kernel2_y
6521	0.000491342	472842752	ops_par_loop_advec_cell_kernel2_xdir_80	advec_cell_kernel2_xdir
6522	0.000773358	708203544	ops_par_loop_advec_cell_kernel3_xdir_81	advec_cell_kernel3_xdir
6523	0.001459008	1533542400	ops_par_loop_advec_cell_kernel4_xdir_82	advec_cell_kernel4_xdir
6524	0.000026340	553536	ops_par_loop_group_58	update_halo_kernel1_b2+update_halo_kernel4_minus_4_a
6525	0.000021671	553536	ops_par_loop_group_59	update_halo_kernel1_b1+update_halo_kernel4_minus_2_a
6526	0.000021571	369120	ops_par_loop_group_60	update_halo_kernel2_xvel_plus_4_a+update_halo_kernel2_yvel_minus_4_a+update_halo_kernel3_plus_4_a
6527	0.000021390	369120	ops_par_loop_group_61	update_halo_kernel2_xvel_plus_2_a+update_halo_kernel2_yvel_minus_2_a+update_halo_kernel3_plus_2_a
6528	0.000018776	246080	ops_par_loop_group_62	update_halo_kernel2_xvel_plus_4_b+update_halo_kernel2_yvel_minus_4_b
6529	0.000021110	369120	ops_par_loop_group_63	update_halo_kernel2_xvel_plus_2_b+update_halo_kernel2_yvel_minus_2_b+update_halo_kernel3_plus_4_b
6530	0.000022052	246080	ops_par_loop_group_64	update_halo_kernel2_xvel_minus_4_b+update_halo_kernel2_yvel_plus_4_b
6531	0.000020088	123040	ops_par_loop_update_halo_kernel3_plus_2_b_110	update_halo_kernel3_plus_2_b
6532	0.000019357	123008	ops_par_loop_update_halo_kernel3_minus_4_b_113	update_halo_kernel3_minus_4_b
6533	0.000018084	123008	ops_par_loop_update_halo_kernel4_minus_4_b_117	update_halo_kernel4_minus_4_b
6534	0.000021160	553536	ops_par_loop_group_68	update_halo_kernel1_t2+update_halo_kernel4_minus_2_b
6535	0.000020980	430528	ops_par_loop_update_halo_kernel1_t1_86	update_halo_kernel1_t1
6536	0.000026350	553536	ops_par_loop_group_70	update_halo_kernel1_l2+update_halo_kernel3_minus_4_a
6537	0.000023886	553536	ops_par_loop_group_71	update_halo_kernel1_l1+update_halo_kernel3_minus_2_a
6538	0.000024506	553536	ops_par_loop_group_72	update_halo_kernel1_r2+update_halo_kernel3_minus_2_b
6539	0.000021992	430528	ops_par_loop_update_halo_kernel1_r1_90	update_halo_kernel1_r1
6540	0.000023725	369120	ops_par_loop_group_74	update_halo_kernel2_xvel_minus_4_a+update_halo_kernel2_yvel_plus_4_a+update_halo_kernel4_plus_4_a
6541	0.000021210	369120	ops_par_loop_group_75	update_halo_kernel2_xvel_minus_2_a+update_halo_kernel2_yvel_plus_2_a+update_halo_kernel4_plus_2_a
6542	0.000022573	369120	ops_par_loop_group_76	update_halo_kernel2_xvel_minus_2_b+update_halo_kernel2_yvel_plus_2_b+update_halo_kernel4_plus_4_b
6543	0.000019487	123040	ops_par_loop_update_halo_kernel4_plus_2_b_122	update_halo_kernel4_plus_2_b
6544	0.001796027	1416561152	ops_par_loop_group_78	advec_mom_kernel_x2+reset_field_kernel1+ideal_gas_kernel
6545	0.000196543	236236864	ops_par_loop_advec_mom_kernel_mass_flux_x_124	advec_mom_kernel_mass_flux_x
6546	0.000575112	590438520	ops_par_loop_advec_mom_kernel_post_pre_advec_x_125	advec_mom_kernel_post_pre_advec_x
6547	0.000882554	472258640	ops_par_loop_advec_mom_kernel1_x_nonvector_126	advec_mom_kernel1_x_nonvector
6548	0.000445866	590131240	ops_par_loop_advec_mom_kernel2_x_127	advec_mom_kernel2_x
6549	0.000497794	472842752	ops_par_loop_advec_mom_kernel_x2_128	advec_mom_kernel_x2
6550	0.000195451	236236864	ops_par_loop_advec_mom_kernel_mass_flux_x_129	advec_mom_kernel_mass_flux_x
6551	0.000575622	590438520	ops_par_loop_advec_mom_kernel_post_pre_advec_x_130	advec_mom_kernel_post_pre_advec_x
6552	0.000883747	472258640	ops_par_loop_advec_mom_kernel1_x_nonvector_131	advec_mom_kernel1_x_nonvector
6553	0.000732359	1062236232	ops_par_loop_group_87	advec_mom_kernel2_x+reset_field_kernel2
6554	0.000021671	430304	ops_par_loop_update_halo_kernel1_b1_136	update_halo_kernel1_b1
6555	0.000021060	430304	ops_par_loop_update_halo_kernel1_t1_137	update_halo_kernel1_t1
6556	0.000024396	430304	ops_par_loop_update_halo_kernel1_l1_138	update_halo_kernel1_l1
6557	0.000023735	430304	ops_par_loop_update_halo_kernel1_r1_139	update_halo_kernel1_r1
6558	0.000019197	245952	ops_par_loop_group_92	update_halo_kernel2_xvel_plus_2_a+update_halo_kernel2_yvel_minus_2_a
6559	0.000019056	245952	ops_par_loop_group_93	update_halo_kernel2_xvel_plus_2_b+update_halo_kernel2_yvel_minus_2_b
6560	0.000021300	245952	ops_par_loop_group_94	update_halo_kernel2_xvel_minus_2_a+update_halo_kernel2_yvel_plus_2_a
6561	0.000021781	245952	ops_par_loop_group_95	update_halo_kernel2_xvel_minus_2_b+update_halo_kernel2_yvel_plus_2_b
6562	0.001731805	589885440	ops_par_loop_viscosity_kernel_148	viscosity_kernel
6563	0.000022633	430304	ops_par_loop_update_halo_kernel1_b1_149	update_halo_kernel1_b1
6564	0.000020259	430304	ops_par_loop_update_halo_kernel1_t1_150	update_halo_kernel1_t1
6565	0.000022803	430304	ops_par_loop_update_halo_kernel1_l1_151	update_halo_kernel1_l1
6566	0.000022613	430304	ops_par_loop_update_halo_kernel1_r1_152	update_halo_kernel1_r1
6567	0.000916348	1061744640	ops_par_loop_calc_dt_kernel_153	calc_dt_kernel
6568	0.001486380	1887436800	ops_par_loop_group_0	PdV_kernel_predict+ideal_gas_kernel
6569	0.000022312	430304	ops_par_loop_update_halo_kernel1_b1_2	update_halo_kernel1_b1
6570	0.000020178	430304	ops_par_loop_update_halo_kernel1_t1_3	update_halo_kernel1_t1
6571	0.000023855	430304	ops_par_loop_update_halo_kernel1_l1_4	update_halo_kernel1_l1
6572	0.000023845	430304	ops_par_loop_update_halo_kernel1_r1_5	update_halo_kernel1_r1
6573	0.001559247	1770147928	ops_par_loop_group_5	revert_kernel+accelerate_kernel
6574	0.001353728	1651507200	ops_par_loop_PdV_kernel_nopredict_8	PdV_kernel_nopredict
6575	0.000366505	471982080	ops_par_loop_flux_calc_kernelx_9	flux_calc_kernelx
6576	0.000360825	471982080	ops_par_loop_flux_calc_kernely_10	flux_calc_kernely
6577	0.000021591	553536	ops_par_loop_group_9	update_halo_kernel1_b2+update_halo_kernel4_minus_4_a
6578	0.000021090	553536	ops_par_loop_group_10	update_halo_kernel1_b1+update_halo_kernel4_minus_2_a
6579	0.000021370	369120	ops_par_loop_group_11	update_halo_kernel3_plus_4_a+update_halo_kernel2_xvel_plus_4_a+update_halo_kernel2_yvel_minus_4_a
6580	0.000020459	369120	ops_par_loop_group_12	update_halo_kernel3_plus_2_a+update_halo_kernel2_xvel_plus_2_a+update_halo_kernel2_yvel_minus_2_a
6581	0.000018244	123008	ops_par_loop_update_halo_kernel4_minus_4_b_29	update_halo_kernel4_minus_4_b
6582	0.000020519	553536	ops_par_loop_group_14	update_halo_kernel1_t2+update_halo_kernel4_minus_2_b
6583	0.000019797	430528	ops_par_loop_update_halo_kernel1_t1_14	update_halo_kernel1_t1
6584	0.000019446	246080	ops_par_loop_group_16	update_halo_kernel2_xvel_plus_4_b+update_halo_kernel2_yvel_minus_4_b
6585	0.000020028	369120	ops_par_loop_group_17	update_halo_kernel3_plus_4_b+update_halo_kernel2_xvel_plus_2_b+update_halo_kernel2_yvel_minus_2_b
6586	0.000019016	123040	ops_par_loop_update_halo_kernel3_plus_2_b_22	update_halo_kernel3_plus_2_b
6587	0.000025849	553536	ops_par_loop_group_19	update_halo_kernel1_l2+update_halo_kernel3_minus_4_a
6588	0.000023044	553536	ops_par_loop_group_20	update_halo_kernel1_l1+update_halo_kernel3_minus_2_a
6589	0.000018936	123008	ops_par_loop_update_halo_kernel3_minus_4_b_25	update_halo_kernel3_minus_4_b
6590	0.000024747	553536	ops_par_loop_group_22	update_halo_kernel1_r2+update_halo_kernel3_minus_2_b
6591	0.000021892	430528	ops_par_loop_update_halo_kernel1_r1_18	update_halo_kernel1_r1
6592	0.000023344	369120	ops_par_loop_group_24	update_halo_kernel4_plus_4_a+update_halo_kernel2_xvel_minus_4_a+update_halo_kernel2_yvel_plus_4_a
6593	0.000020629	369120	ops_par_loop_group_25	update_halo_kernel4_plus_2_a+update_halo_kernel2_xvel_minus_2_a+update_halo_kernel2_yvel_plus_2_a
6594	0.000020759	246080	ops_par_loop_group_26	update_halo_kernel2_xvel_minus_4_b+update_halo_kernel2_yvel_plus_4_b
6595	0.000022953	369120	ops_par_loop_group_27	update_halo_kernel4_plus_4_b+update_halo_kernel2_xvel_minus_2_b+update_halo_kernel2_yvel_plus_2_b
6596	0.000017904	123040	ops_par_loop_update_halo_kernel4_plus_2_b_34	update_halo_kernel4_plus_2_b
6597	0.000563720	591053440	ops_par_loop_advec_cell_kernel1_xdir_35	advec_cell_kernel1_xdir
6598	0.000772065	708203544	ops_par_loop_advec_cell_kernel3_xdir_36	advec_cell_kernel3_xdir
6599	0.001459860	1533542400	ops_par_loop_advec_cell_kernel4_xdir_37	advec_cell_kernel4_xdir
6600	0.000021911	430528	ops_par_loop_update_halo_kernel1_b2_38	update_halo_kernel1_b2
6601	0.000020959	430528	ops_par_loop_update_halo_kernel1_b1_39	update_halo_kernel1_b1
6602	0.000020189	430528	ops_par_loop_update_halo_kernel1_t2_40	update_halo_kernel1_t2
6603	0.000020860	430528	ops_par_loop_update_halo_kernel1_t1_41	update_halo_kernel1_t1
6604	0.000019076	123040	ops_par_loop_update_halo_kernel3_plus_4_a_62	update_halo_kernel3_plus_4_a
6605	0.000018926	123040	ops_par_loop_update_halo_kernel3_plus_2_a_63	update_halo_kernel3_plus_2_a
6606	0.000017804	123040	ops_par_loop_update_halo_kernel3_plus_4_b_64	update_halo_kernel3_plus_4_b
6607	0.000018766	123040	ops_par_loop_update_halo_kernel3_plus_2_b_65	update_halo_kernel3_plus_2_b
6608	0.000026991	553536	ops_par_loop_group_40	update_halo_kernel1_l2+update_halo_kernel3_minus_4_a
6609	0.000023535	553536	ops_par_loop_group_41	update_halo_kernel1_l1+update_halo_kernel3_minus_2_a
6610	0.000018966	123008	ops_par_loop_update_halo_kernel3_minus_4_b_68	update_halo_kernel3_minus_4_b
6611	0.000024586	553536	ops_par_loop_group_43	update_halo_kernel1_r2+update_halo_kernel3_minus_2_b
6612	0.000021100	430528	ops_par_loop_update_halo_kernel1_r1_45	update_halo_kernel1_r1
6613	0.000560603	591053440	ops_par_loop_advec_mom_kernel_x1_70	advec_mom_kernel_x1
6614	0.000193657	236236864	ops_par_loop_advec_mom_kernel_mass_flux_x_71	advec_mom_kernel_mass_flux_x
6615	0.000575622	590438520	ops_par_loop_advec_mom_kernel_post_pre_advec_x_72	advec_mom_kernel_post_pre_advec_x
6616	0.000881523	472258640	ops_par_loop_advec_mom_kernel1_x_nonvector_73	advec_mom_kernel1_x_nonvector
6617	0.000446307	590131240	ops_par_loop_advec_mom_kernel2_x_74	advec_mom_kernel2_x
6618	0.000561355	591053440	ops_par_loop_advec_mom_kernel_x1_75	advec_mom_kernel_x1
6619	0.000194158	236236864	ops_par_loop_advec_mom_kernel_mass_flux_x_76	advec_mom_kernel_mass_flux_x
6620	0.000573648	590438520	ops_par_loop_advec_mom_kernel_post_pre_advec_x_77	advec_mom_kernel_post_pre_advec_x
6621	0.000883116	472258640	ops_par_loop_advec_mom_kernel1_x_nonvector_78	advec_mom_kernel1_x_nonvector
6622	0.000452398	590131240	ops_par_loop_advec_mom_kernel2_x_79	advec_mom_kernel2_x
6623	0.000498666	472842752	ops_par_loop_advec_cell_kernel2_ydir_80	advec_cell_kernel2_ydir
6624	0.000788896	708203544	ops_par_loop_advec_cell_kernel3_ydir_81	advec_cell_kernel3_ydir
6625	0.001472924	1533542400	ops_par_loop_advec_cell_kernel4_ydir_82	advec_cell_kernel4_ydir
6626	0.000023324	553536	ops_par_loop_group_58	update_halo_kernel1_b2+update_halo_kernel4_minus_4_a
6627	0.000021411	553536	ops_par_loop_group_59	update_halo_kernel1_b1+update_halo_kernel4_minus_2_a
6628	0.000022402	369120	ops_par_loop_group_60	update_halo_kernel2_xvel_plus_4_a+update_halo_kernel2_yvel_minus_4_a+update_halo_kernel3_plus_4_a
6629	0.000022192	369120	ops_par_loop_group_61	update_halo_kernel2_xvel_plus_2_a+update_halo_kernel2_yvel_minus_2_a+update_halo_kernel3_plus_2_a
6630	0.000019287	246080	ops_par_loop_group_62	update_halo_kernel2_xvel_plus_4_b+update_halo_kernel2_yvel_minus_4_b
6631	0.000021731	369120	ops_par_loop_group_63	update_halo_kernel2_xvel_plus_2_b+update_halo_kernel2_yvel_minus_2_b+update_halo_kernel3_plus_4_b
6632	0.000021330	246080	ops_par_loop_group_64	update_halo_kernel2_xvel_minus_4_b+update_halo_kernel2_yvel_plus_4_b
6633	0.000019346	123040	ops_par_loop_update_halo_kernel3_plus_2_b_110	update_halo_kernel3_plus_2_b
6634	0.000019857	123008	ops_par_loop_update_halo_kernel3_minus_4_b_113	update_halo_kernel3_minus_4_b
6635	0.000017863	123008	ops_par_loop_update_halo_kernel4_minus_4_b_117	update_halo_kernel4_minus_4_b
6636	0.000021211	553536	ops_par_loop_group_68	update_halo_kernel1_t2+update_halo_kernel4_minus_2_b
6637	0.000020238	430528	ops_par_loop_update_halo_kernel1_t1_86	update_halo_kernel1_t1
6638	0.000026701	553536	ops_par_loop_group_70	update_halo_kernel1_l2+update_halo_kernel3_minus_4_a
6639	0.000028814	553536	ops_par_loop_group_71	update_halo_kernel1_l1+update_halo_kernel3_minus_2_a
6640	0.000025007	553536	ops_par_loop_group_72	update_halo_kernel1_r2+update_halo_kernel3_minus_2_b
6641	0.000021711	430528	ops_par_loop_update_halo_kernel1_r1_90	update_halo_kernel1_r1
6642	0.000023164	369120	ops_par_loop_group_74	update_halo_kernel2_xvel_minus_4_a+update_halo_kernel2_yvel_plus_4_a+update_halo_kernel4_plus_4_a
6643	0.000022022	369120	ops_par_loop_group_75	update_halo_kernel2_xvel_minus_2_a+update_halo_kernel2_yvel_plus_2_a+update_halo_kernel4_plus_2_a
6644	0.000022482	369120	ops_par_loop_group_76	update_halo_kernel2_xvel_minus_2_b+update_halo_kernel2_yvel_plus_2_b+update_halo_kernel4_plus_4_b
6645	0.000018916	123040	ops_par_loop_update_halo_kernel4_plus_2_b_122	update_halo_kernel4_plus_2_b
6646	0.001795847	1416561152	ops_par_loop_group_78	advec_mom_kernel_y2+reset_field_kernel1+ideal_gas_kernel
6647	0.000194398	236236864	ops_par_loop_advec_mom_kernel_mass_flux_y_124	advec_mom_kernel_mass_flux_y
6648	0.000533762	590438520	ops_par_loop_advec_mom_kernel_post_pre_advec_y_125	advec_mom_kernel_post_pre_advec_y
6649	0.000876643	472258640	ops_par_loop_advec_mom_kernel1_y_nonvector_126	advec_mom_kernel1_y_nonvector
6650	0.000449823	590131240	ops_par_loop_advec_mom_kernel2_y_127	advec_mom_kernel2_y
6651	0.000491312	472842752	ops_par_loop_advec_mom_kernel_y2_128	advec_mom_kernel_y2
6652	0.000193256	236236864	ops_par_loop_advec_mom_kernel_mass_flux_y_129	advec_mom_kernel_mass_flux_y
6653	0.000535416	590438520	ops_par_loop_advec_mom_kernel_post_pre_advec_y_130	advec_mom_kernel_post_pre_advec_y
6654	0.000873978	472258640	ops_par_loop_advec_mom_kernel1_y_nonvector_131	advec_mom_kernel1_y_nonvector
6655	0.000730856	1062236232	ops_par_loop_group_87	advec_mom_kernel2_y+reset_field_kernel2
6656	0.000022322	430304	ops_par_loop_update_halo_kernel1_b1_136	update_halo_kernel1_b1
6657	0.000021451	430304	ops_par_loop_update_halo_kernel1_t1_137	update_halo_kernel1_t1
6658	0.000023364	430304	ops_par_loop_update_halo_kernel1_l1_138	update_halo_kernel1_l1
6659	0.000025418	430304	ops_par_loop_update_halo_kernel1_r1_139	update_halo_kernel1_r1
6660	0.000019557	245952	ops_par_loop_group_92	update_halo_kernel2_xvel_plus_2_a+update_halo_kernel2_yvel_minus_2_a
6661	0.000019297	245952	ops_par_loop_group_93	update_halo_kernel2_xvel_plus_2_b+update_halo_kernel2_yvel_minus_2_b
6662	0.000020900	245952	ops_par_loop_group_94	update_halo_kernel2_xvel_minus_2_a+update_halo_kernel2_yvel_plus_2_a
6663	0.000021581	245952	ops_par_loop_group_95	update_halo_kernel2_xvel_minus_2_b+update_halo_kernel2_yvel_plus_2_b
6664	0.001731936	589885440	ops_par_loop_viscosity_kernel_148	viscosity_kernel
6665	0.000021029	430304	ops_par_loop_update_halo_kernel1_b1_149	update_halo_kernel1_b1
6666	0.000025529	430304	ops_par_loop_update_halo_kernel1_t1_150	update_halo_kernel1_t1
6667	0.000023745	430304	ops_par_loop_update_halo_kernel1_l1_151	update_halo_kernel1_l1
6668	0.000024376	430304	ops_par_loop_update_halo_kernel1_r1_152	update_halo_kernel1_r1
6669	0.000918462	1061744640	ops_par_loop_calc_dt_kernel_153	calc_dt_kernel
6670	0.001497381	1887436800	ops_par_loop_group_0	PdV_kernel_predict+ideal_gas_kernel
6671	0.000022783	430304	ops_par_loop_update_halo_kernel1_b1_2	update_halo_kernel1_b1
6672	0.000020579	430304	ops_par_loop_update_halo_kernel1_t1_3	update_halo_kernel1_t1
6673	0.000023765	430304	ops_par_loop_update_halo_kernel1_l1_4	update_halo_kernel1_l1
6674	0.000024457	430304	ops_par_loop_update_halo_kernel1_r1_5	update_halo_kernel1_r1
6675	0.001638298	1770147928	ops_par_loop_group_5	revert_kernel+accelerate_kernel
6676	0.001356122	1651507200	ops_par_loop_PdV_kernel_nopredict_8	PdV_kernel_nopredict
6677	0.000360273	471982080	ops_par_loop_flux_calc_kernelx_9	flux_calc_kernelx
6678	0.000355735	471982080	ops_par_loop_flux_calc_kernely_10	flux_calc_kernely
6679	0.000021711	553536	ops_par_loop_group_9	update_halo_kernel1_b2+update_halo_kernel4_minus_4_a
6680	0.000020929	553536	ops_par_loop_group_10	update_halo_kernel1_b1+update_halo_kernel4_minus_2_a
6681	0.000022323	369120	ops_par_loop_group_11	update_halo_kernel3_plus_4_a+update_halo_kernel2_xvel_plus_4_a+update_halo_kernel2_yvel_minus_4_a
6682	0.000021000	369120	ops_par_loop_group_12	update_halo_kernel3_plus_2_a+update_halo_kernel2_xvel_plus_2_a+update_halo_kernel2_yvel_minus_2_a
6683	0.000020679	123008	ops_par_loop_update_halo_kernel4_minus_4_b_29	update_halo_kernel4_minus_4_b
6684	0.000022272	553536	ops_par_loop_group_14	update_halo_kernel1_t2+update_halo_kernel4_minus_2_b
6685	0.000022563	430528	ops_par_loop_update_halo_kernel1_t1_14	update_halo_kernel1_t1
6686	0.000022493	246080	ops_par_loop_group_16	update_halo_kernel2_xvel_plus_4_b+update_halo_kernel2_yvel_minus_4_b
6687	0.000022703	369120	ops_par_loop_group_17	update_halo_kernel3_plus_4_b+update_halo_kernel2_xvel_plus_2_b+update_halo_kernel2_yvel_minus_2_b
6688	0.000019477	123040	ops_par_loop_update_halo_kernel3_plus_2_b_22	update_halo_kernel3_plus_2_b
6689	0.000026480	553536	ops_par_loop_group_19	update_halo_kernel1_l2+update_halo_kernel3_minus_4_a
6690	0.000024056	553536	ops_par_loop_group_20	update_halo_kernel1_l1+update_halo_kernel3_minus_2_a
6691	0.000020108	123008	ops_par_loop_update_halo_kernel3_minus_4_b_25	update_halo_kernel3_minus_4_b
6692	0.000024587	553536	ops_par_loop_group_22	update_halo_kernel1_r2+update_halo_kernel3_minus_2_b
6693	0.000021611	430528	ops_par_loop_update_halo_kernel1_r1_18	update_halo_kernel1_r1
6694	0.000023685	369120	ops_par_loop_group_24	update_halo_kernel4_plus_4_a+update_halo_kernel2_xvel_minus_4_a+update_halo_kernel2_yvel_plus_4_a
6695	0.000022563	369120	ops_par_loop_group_25	update_halo_kernel4_plus_2_a+update_halo_kernel2_xvel_minus_2_a+update_halo_kernel2_yvel_plus_2_a
6696	0.000020599	246080	ops_par_loop_group_26	update_halo_kernel2_xvel_minus_4_b+update_halo_kernel2_yvel_plus_4_b
6697	0.000022433	369120	ops_par_loop_group_27	update_halo_kernel4_plus_4_b+update_halo_kernel2_xvel_minus_2_b+update_halo_kernel2_yvel_plus_2_b
6698	0.000018765	123040	ops_par_loop_update_halo_kernel4_plus_2_b_34	update_halo_kernel4_plus_2_b
6699	0.000564331	591053440	ops_par_loop_advec_cell_kernel1_ydir_35	advec_cell_kernel1_ydir
6700	0.000788255	708203544	ops_par_loop_advec_cell_kernel3_ydir_36	advec_cell_kernel3_ydir
6701	0.001472453	1533542400	ops_par_loop_advec_cell_kernel4_ydir_37	advec_cell_kernel4_ydir
6702	0.000022292	553536	ops_par_loop_group_32	update_halo_kernel1_b2+update_halo_kernel4_minus_4_a
6703	0.000021891	553536	ops_par_loop_group_33	update_halo_kernel1_b1+update_halo_kernel4_minus_2_a
6704	0.000018345	123008	ops_par_loop_update_halo_kernel4_minus_4_b_64	update_halo_kernel4_minus_4_b
6705	0.000021140	553536	ops_par_loop_group_35	update_halo_kernel1_t2+update_halo_kernel4_minus_2_b
6706	0.000019828	430528	ops_par_loop_update_halo_kernel1_t1_41	update_halo_kernel1_t1
6707	0.000024276	430528	ops_par_loop_update_halo_kernel1_l2_42	update_halo_kernel1_l2
6708	0.000021341	430528	ops_par_loop_update_halo_kernel1_l1_43	update_halo_kernel1_l1
6709	0.000023725	430528	ops_par_loop_update_halo_kernel1_r2_44	update_halo_kernel1_r2
6710	0.000021932	430528	ops_par_loop_update_halo_kernel1_r1_45	update_halo_kernel1_r1
6711	0.000019677	123040	ops_par_loop_update_halo_kernel4_plus_4_a_66	update_halo_kernel4_plus_4_a
6712	0.000018976	123040	ops_par_loop_update_halo_kernel4_plus_2_a_67	update_halo_kernel4_plus_2_a
6713	0.000018976	123040	ops_par_loop_update_halo_kernel4_plus_4_b_68	update_halo_kernel4_plus_4_b
6714	0.000018906	123040	ops_par_loop_update_halo_kernel4_plus_2_b_69	update_halo_kernel4_plus_2_b
6715	0.000561485	591053440	ops_par_loop_advec_mom_kernel_y1_70	advec_mom_kernel_y1
6716	0.000193086	236236864	ops_par_loop_advec_mom_kernel_mass_flux_y_71	advec_mom_kernel_mass_flux_y
6717	0.000532349	590438520	ops_par_loop_advec_mom_kernel_post_pre_advec_y_72	advec_mom_kernel_post_pre_advec_y
6718	0.000877063	472258640	ops_par_loop_advec_mom_kernel1_y_nonvector_73	advec_mom_kernel1_y_nonvector
6719	0.000460023	590131240	ops_par_loop_advec_mom_kernel2_y_74	advec_mom_kernel2_y
6720	0.000562828	591053440	ops_par_loop_advec_mom_kernel_y1_75	advec_mom_kernel_y1
6721	0.000191273	236236864	ops_par_loop_advec_mom_kernel_mass_flux_y_76	advec_mom_kernel_mass_flux_y
6722	0.000531428	590438520	ops_par_loop_advec_mom_kernel_post_pre_advec_y_77	advec_mom_kernel_post_pre_advec_y
6723	0.000872725	472258640	ops_par_loop_advec_mom_kernel1_y_nonvector_78	advec_mom_kernel1_y_nonvector
6724	0.000454682	590131240	ops_par_loop_advec_mom_kernel2_y_79	advec_mom_kernel2_y
6725	0.000490290	472842752	ops_par_loop_advec_cell_kernel2_xdir_80	advec_cell_kernel2_xdir
6726	0.000774879	708203544	ops_par_loop_advec_cell_kernel3_xdir_81	advec_cell_kernel3_xdir
6727	0.001465229	1533542400	ops_par_loop_advec_cell_kernel4_xdir_82	advec_cell_kernel4_xdir
6728	0.000022964	553536	ops_par_loop_group_58	update_halo_kernel1_b2+update_halo_kernel4_minus_4_a
6729	0.000020889	553536	ops_par_loop_group_59	update_halo_kernel1_b1+update_halo_kernel4_minus_2_a
6730	0.000021160	369120	ops_par_loop_group_60	update_halo_kernel2_xvel_plus_4_a+update_halo_kernel2_yvel_minus_4_a+update_halo_kernel3_plus_4_a
6731	0.000021170	369120	ops_par_loop_group_61	update_halo_kernel2_xvel_plus_2_a+update_halo_kernel2_yvel_minus_2_a+update_halo_kernel3_plus_2_a
6732	0.000024958	246080	ops_par_loop_group_62	update_halo_kernel2_xvel_plus_4_b+update_halo_kernel2_yvel_minus_4_b
6733	0.000020389	369120	ops_par_loop_group_63	update_halo_kernel2_xvel_plus_2_b+update_halo_kernel2_yvel_minus_2_b+update_halo_kernel3_plus_4_b
6734	0.000022582	246080	ops_par_loop_group_64	update_halo_kernel2_xvel_minus_4_b+update_halo_kernel2_yvel_plus_4_b
6735	0.000018966	123040	ops_par_loop_update_halo_kernel3_plus_2_b_110	update_halo_kernel3_plus_2_b
6736	0.000019186	123008	ops_par_loop_update_halo_kernel3_minus_4_b_113	update_halo_kernel3_minus_4_b
6737	0.000018606	123008	ops_par_loop_update_halo_kernel4_minus_4_b_117	update_halo_kernel4_minus_4_b
6738	0.000021892	553536	ops_par_loop_group_68	update_halo_kernel1_t2+update_halo_kernel4_minus_2_b
6739	0.000020348	430528	ops_par_loop_update_halo_kernel1_t1_86	update_halo_kernel1_t1
6740	0.000026530	553536	ops_par_loop_group_70	update_halo_kernel1_l2+update_halo_kernel3_minus_4_a
6741	0.000022983	553536	ops_par_loop_group_71	update_halo_kernel1_l1+update_halo_kernel3_minus_2_a
6742	0.000024577	553536	ops_par_loop_group_72	update_halo_kernel1_r2+update_halo_kernel3_minus_2_b
6743	0.000021381	430528	ops_par_loop_update_halo_kernel1_r1_90	update_halo_kernel1_r1
6744	0.000023214	369120	ops_par_loop_group_74	update_halo_kernel2_xvel_minus_4_a+update_halo_kernel2_yvel_plus_4_a+update_halo_kernel4_plus_4_a
6745	0.000020830	369120	ops_par_loop_group_75	update_halo_kernel2_xvel_minus_2_a+update_halo_kernel2_yvel_plus_2_a+update_halo_kernel4_plus_2_a
6746	0.000022252	369120	ops_par_loop_group_76	update_halo_kernel2_xvel_minus_2_b+update_halo_kernel2_yvel_plus_2_b+update_halo_kernel4_plus_4_b
6747	0.000019237	123040	ops_par_loop_update_halo_kernel4_plus_2_b_122	update_halo_kernel4_plus_2_b
6748	0.001785677	1416561152	ops_par_loop_group_78	advec_mom_kernel_x2+reset_field_kernel1+ideal_gas_kernel
6749	0.000196222	236236864	ops_par_loop_advec_mom_kernel_mass_flux_x_124	advec_mom_kernel_mass_flux_x
6750	0.000573318	590438520	ops_par_loop_advec_mom_kernel_post_pre_advec_x_125	advec_mom_kernel_post_pre_advec_x
6751	0.000882534	472258640	ops_par_loop_advec_mom_kernel1_x_nonvector_126	advec_mom_kernel1_x_nonvector
6752	0.000451616	590131240	ops_par_loop_advec_mom_kernel2_x_127	advec_mom_kernel2_x
6753	0.000498375	472842752	ops_par_loop_advec_mom_kernel_x2_128	advec_mom_kernel_x2
6754	0.000194619	236236864	ops_par_loop_advec_mom_kernel_mass_flux_x_129	advec_mom_kernel_mass_flux_x
6755	0.000573989	590438520	ops_par_loop_advec_mom_kernel_post_pre_advec_x_130	advec_mom_kernel_post_pre_advec_x
6756	0.000882925	472258640	ops_par_loop_advec_mom_kernel1_x_nonvector_131	advec_mom_kernel1_x_nonvector
6757	0.000732820	1062236232	ops_par_loop_group_87	advec_mom_kernel2_x+reset_field_kernel2
6758	0.000021711	430304	ops_par_loop_update_halo_kernel1_b1_136	update_halo_kernel1_b1
6759	0.000020048	430304	ops_par_loop_update_halo_kernel1_t1_137	update_halo_kernel1_t1
6760	0.000024276	430304	ops_par_loop_update_halo_kernel1_l1_138	update_halo_kernel1_l1
6761	0.000024056	430304	ops_par_loop_update_halo_kernel1_r1_139	update_halo_kernel1_r1
6762	0.000018646	245952	ops_par_loop_group_92	update_halo_kernel2_xvel_plus_2_a+update_halo_kernel2_yvel_minus_2_a
6763	0.000018956	245952	ops_par_loop_group_93	update_halo_kernel2_xvel_plus_2_b+update_halo_kernel2_yvel_minus_2_b
6764	0.000020519	245952	ops_par_loop_group_94	update_halo_kernel2_xvel_minus_2_a+update_halo_kernel2_yvel_plus_2_a
6765	0.000020940	245952	ops_par_loop_group_95	update_halo_kernel2_xvel_minus_2_b+update_halo_kernel2_yvel_plus_2_b
6766	0.001731254	589885440	ops_par_loop_viscosity_kernel_148	viscosity_kernel
6767	0.000021601	430304	ops_par_loop_update_halo_kernel1_b1_149	update_halo_kernel1_b1
6768	0.000019877	430304	ops_par_loop_update_halo_kernel1_t1_150	update_halo_kernel1_t1
6769	0.000022472	430304	ops_par_loop_update_halo_kernel1_l1_151	update_halo_kernel1_l1
6770	0.000022472	430304	ops_par_loop_update_halo_kernel1_r1_152	update_halo_kernel1_r1
6771	0.000916439	1061744640	ops_par_loop_calc_dt_kernel_153	calc_dt_kernel
6772	0.001483023	1887436800	ops_par_loop_group_0	PdV_kernel_predict+ideal_gas_kernel
6773	0.000025729	430304	ops_par_loop_update_halo_kernel1_b1_2	update_halo_kernel1_b1
6774	0.000020018	430304	ops_par_loop_update_halo_kernel1_t1_3	update_halo_kernel1_t1
6775	0.000024206	430304	ops_par_loop_update_halo_kernel1_l1_4	update_halo_kernel1_l1
6776	0.000023304	430304	ops_par_loop_update_halo_kernel1_r1_5	update_halo_kernel1_r1
6777	0.001554499	1770147928	ops_par_loop_group_5	revert_kernel+accelerate_kernel
6778	0.001352095	1651507200	ops_par_loop_PdV_kernel_nopredict_8	PdV_kernel_nopredict
6779	0.000360895	471982080	ops_par_loop_flux_calc_kernelx_9	flux_calc_kernelx
6780	0.000356787	471982080	ops_par_loop_flux_calc_kernely_10	flux_calc_kernely
6781	0.000021892	553536	ops_par_loop_group_9	update_halo_kernel1_b2+update_halo_kernel4_minus_4_a
6782	0.000021241	553536	ops_par_loop_group_10	update_halo_kernel1_b1+update_halo_kernel4_minus_2_a
6783	0.000020539	369120	ops_par_loop_group_11	update_halo_kernel3_plus_4_a+update_halo_kernel2_xvel_plus_4_a+update_halo_kernel2_yvel_minus_4_a
6784	0.000020268	369120	ops_par_loop_group_12	update_halo_kernel3_plus_2_a+update_halo_kernel2_xvel_plus_2_a+update_halo_kernel2_yvel_minus_2_a
6785	0.000018525	123008	ops_par_loop_update_halo_kernel4_minus_4_b_29	update_halo_kernel4_minus_4_b
6786	0.000021621	553536	ops_par_loop_group_14	update_halo_kernel1_t2+update_halo_kernel4_minus_2_b
6787	0.000020118	430528	ops_par_loop_update_halo_kernel1_t1_14	update_halo_kernel1_t1
6788	0.000018946	246080	ops_par_loop_group_16	update_halo_kernel2_xvel_plus_4_b+update_halo_kernel2_yvel_minus_4_b
6789	0.000019817	369120	ops_par_loop_group_17	update_halo_kernel3_plus_4_b+update_halo_kernel2_xvel_plus_2_b+update_halo_kernel2_yvel_minus_2_b
6790	0.000019016	123040	ops_par_loop_update_halo_kernel3_plus_2_b_22	update_halo_kernel3_plus_2_b
6791	0.000026190	553536	ops_par_loop_group_19	update_halo_kernel1_l2+update_halo_kernel3_minus_4_a
6792	0.000022162	553536	ops_par_loop_group_20	update_halo_kernel1_l1+update_halo_kernel3_minus_2_a
6793	0.000018656	123008	ops_par_loop_update_halo_kernel3_minus_4_b_25	update_halo_kernel3_minus_4_b
6794	0.000024687	553536	ops_par_loop_group_22	update_halo_kernel1_r2+update_halo_kernel3_minus_2_b
6795	0.000021350	430528	ops_par_loop_update_halo_kernel1_r1_18	update_halo_kernel1_r1
6796	0.000022352	369120	ops_par_loop_group_24	update_halo_kernel4_plus_4_a+update_halo_kernel2_xvel_minus_4_a+update_halo_kernel2_yvel_plus_4_a
6797	0.000020619	369120	ops_par_loop_group_25	update_halo_kernel4_plus_2_a+update_halo_kernel2_xvel_minus_2_a+update_halo_kernel2_yvel_plus_2_a
6798	0.000020128	246080	ops_par_loop_group_26	update_halo_kernel2_xvel_minus_4_b+update_halo_kernel2_yvel_plus_4_b
6799	0.000022572	369120	ops_par_loop_group_27	update_halo_kernel4_plus_4_b+update_halo_kernel2_xvel_minus_2_b+update_halo_kernel2_yvel_plus_2_b
6800	0.000017543	123040	ops_par_loop_update_halo_kernel4_plus_2_b_34	update_halo_kernel4_plus_2_b
6801	0.000561696	591053440	ops_par_loop_advec_cell_kernel1_xdir_35	advec_cell_kernel1_xdir
6802	0.000772065	708203544	ops_par_loop_advec_cell_kernel3_xdir_36	advec_cell_kernel3_xdir
6803	0.001460430	1533542400	ops_par_loop_advec_cell_kernel4_xdir_37	advec_cell_kernel4_xdir
6804	0.000021160	430528	ops_par_loop_update_halo_kernel1_b2_38	update_halo_kernel1_b2
6805	0.000019948	430528	ops_par_loop_update_halo_kernel1_b1_39	update_halo_kernel1_b1
6806	0.000019887	430528	ops_par_loop_update_halo_kernel1_t2_40	update_halo_kernel1_t2
6807	0.000020419	430528	ops_par_loop_update_halo_kernel1_t1_41	update_halo_kernel1_t1
6808	0.000018926	123040	ops_par_loop_update_halo_kernel3_plus_4_a_62	update_halo_kernel3_plus_4_a
6809	0.000018656	123040	ops_par_loop_update_halo_kernel3_plus_2_a_63	update_halo_kernel3_plus_2_a
6810	0.000018044	123040	ops_par_loop_update_halo_kernel3_plus_4_b_64	update_halo_kernel3_plus_4_b
6811	0.000018015	123040	ops_par_loop_update_halo_kernel3_plus_2_b_65	update_halo_kernel3_plus_2_b
6812	0.000025468	553536	ops_par_loop_group_40	update_halo_kernel1_l2+update_halo_kernel3_minus_4_a
6813	0.000022553	553536	ops_par_loop_group_41	update_halo_kernel1_l1+update_halo_kernel3_minus_2_a
6814	0.000018825	123008	ops_par_loop_update_halo_kernel3_minus_4_b_68	update_halo_kernel3_minus_4_b
6815	0.000024046	553536	ops_par_loop_group_43	update_halo_kernel1_r2+update_halo_kernel3_minus_2_b
6816	0.000020288	430528	ops_par_loop_update_halo_kernel1_r1_45	update_halo_kernel1_r1
6817	0.000563339	591053440	ops_par_loop_advec_mom_kernel_x1_70	advec_mom_kernel_x1
6818	0.000193667	236236864	ops_par_loop_advec_mom_kernel_mass_flux_x_71	advec_mom_kernel_mass_flux_x
6819	0.000573328	590438520	ops_par_loop_advec_mom_kernel_post_pre_advec_x_72	advec_mom_kernel_post_pre_advec_x
6820	0.000882194	472258640	ops_par_loop_advec_mom_kernel1_x_nonvector_73	advec_mom_kernel1_x_nonvector
6821	0.000448340	590131240	ops_par_loop_advec_mom_kernel2_x_74	advec_mom_kernel2_x
6822	0.000561315	591053440	ops_par_loop_advec_mom_kernel_x1_75	advec_mom_kernel_x1
6823	0.000193798	236236864	ops_par_loop_advec_mom_kernel_mass_flux_x_76	advec_mom_kernel_mass_flux_x
6824	0.000574049	590438520	ops_par_loop_advec_mom_kernel_post_pre_advec_x_77	advec_mom_kernel_post_pre_advec_x
6825	0.000883516	472258640	ops_par_loop_advec_mom_kernel1_x_nonvector_78	advec_mom_kernel1_x_nonvector
6826	0.000447679	590131240	ops_par_loop_advec_mom_kernel2_x_79	advec_mom_kernel2_x
6827	0.000498416	472842752	ops_par_loop_advec_cell_kernel2_ydir_80	advec_cell_kernel2_ydir
6828	0.000787234	708203544	ops_par_loop_advec_cell_kernel3_ydir_81	advec_cell_kernel3_ydir
6829	0.001471311	1533542400	ops_par_loop_advec_cell_kernel4_ydir_82	advec_cell_kernel4_ydir
6830	0.000022122	553536	ops_par_loop_group_58	update_halo_kernel1_b2+update_halo_kernel4_minus_4_a
6831	0.000022002	553536	ops_par_loop_group_59	update_halo_kernel1_b1+update_halo_kernel4_minus_2_a
6832	0.000021360	369120	ops_par_loop_group_60	update_halo_kernel2_xvel_plus_4_a+update_halo_kernel2_yvel_minus_4_a+update_halo_kernel3_plus_4_a
6833	0.000020780	369120	ops_par_loop_group_61	update_halo_kernel2_xvel_plus_2_a+update_halo_kernel2_yvel_minus_2_a+update_halo_kernel3_plus_2_a
6834	0.000019016	246080	ops_par_loop_group_62	update_halo_kernel2_xvel_plus_4_b+update_halo_kernel2_yvel_minus_4_b
6835	0.000020188	369120	ops_par_loop_group_63	update_halo_kernel2_xvel_plus_2_b+update_halo_kernel2_yvel_minus_2_b+update_halo_kernel3_plus_4_b
6836	0.000021501	246080	ops_par_loop_group_64	update_halo_kernel2_xvel_minus_4_b+update_halo_kernel2_yvel_plus_4_b
6837	0.000019177	123040	ops_par_loop_update_halo_kernel3_plus_2_b_110	update_halo_kernel3_plus_2_b
6838	0.000019317	123008	ops_par_loop_update_halo_kernel3_minus_4_b_113	update_halo_kernel3_minus_4_b
6839	0.000019437	123008	ops_par_loop_update_halo_kernel4_minus_4_b_117	update_halo_kernel4_minus_4_b
6840	0.000020739	553536	ops_par_loop_group_68	update_halo_kernel1_t2+update_halo_kernel4_minus_2_b
6841	0.000019797	430528	ops_par_loop_update_halo_kernel1_t1_86	update_halo_kernel1_t1
6842	0.000027272	553536	ops_par_loop_group_70	update_halo_kernel1_l2+update_halo_kernel3_minus_4_a
6843	0.000022974	553536	ops_par_loop_group_71	update_halo_kernel1_l1+update_halo_kernel3_minus_2_a
6844	0.000024336	553536	ops_par_loop_group_72	update_halo_kernel1_r2+update_halo_kernel3_minus_2_b
6845	0.000021040	430528	ops_par_loop_update_halo_kernel1_r1_90	update_halo_kernel1_r1
6846	0.000023164	369120	ops_par_loop_group_74	update_halo_kernel2_xvel_minus_4_a+update_halo_kernel2_yvel_plus_4_a+update_halo_kernel4_plus_4_a
6847	0.000021551	369120	ops_par_loop_group_75	update_halo_kernel2_xvel_minus_2_a+update_halo_kernel2_yvel_plus_2_a+update_halo_kernel4_plus_2_a
6848	0.000022763	369120	ops_par_loop_group_76	update_halo_kernel2_xvel_minus_2_b+update_halo_kernel2_yvel_plus_2_b+update_halo_kernel4_plus_4_b
6849	0.000018785	123040	ops_par_loop_update_halo_kernel4_plus_2_b_122	update_halo_kernel4_plus_2_b
6850	0.001784926	1416561152	ops_par_loop_group_78	advec_mom_kernel_y2+reset_field_kernel1+ideal_gas_kernel
6851	0.000195751	236236864	ops_par_loop_advec_mom_kernel_mass_flux_y_124	advec_mom_kernel_mass_flux_y
6852	0.000531378	590438520	ops_par_loop_advec_mom_kernel_post_pre_advec_y_125	advec_mom_kernel_post_pre_advec_y
6853	0.000877324	472258640	ops_par_loop_advec_mom_kernel1_y_nonvector_126	advec_mom_kernel1_y_nonvector
6854	0.000450805	590131240	ops_par_loop_advec_mom_kernel2_y_127	advec_mom_kernel2_y
6855	0.000489459	472842752	ops_par_loop_advec_mom_kernel_y2_128	advec_mom_kernel_y2
6856	0.000191894	236236864	ops_par_loop_advec_mom_kernel_mass_flux_y_129	advec_mom_kernel_mass_flux_y
6857	0.000533472	590438520	ops_par_loop_advec_mom_kernel_post_pre_advec_y_130	advec_mom_kernel_post_pre_advec_y
6858	0.000872084	472258640	ops_par_loop_advec_mom_kernel1_y_nonvector_131	advec_mom_kernel1_y_nonvector
6859	0.000733411	1062236232	ops_par_loop_group_87	advec_mom_kernel2_y+reset_field_kernel2
6860	0.000026110	430304	ops_par_loop_update_halo_kernel1_b1_136	update_halo_kernel1_b1
6861	0.000020249	430304	ops_par_loop_update_halo_kernel1_t1_137	update_halo_kernel1_t1
6862	0.000023584	430304	ops_par_loop_update_halo_kernel1_l1_138	update_halo_kernel1_l1
6863	0.000023865	430304	ops_par_loop_update_halo_kernel1_r1_139	update_halo_kernel1_r1
6864	0.000019557	245952	ops_par_loop_group_92	update_halo_kernel2_xvel_plus_2_a+update_halo_kernel2_yvel_minus_2_a
6865	0.000019116	245952	ops_par_loop_group_93	update_halo_kernel2_xvel_plus_2_b+update_halo_kernel2_yvel_minus_2_b
6866	0.000021301	245952	ops_par_loop_group_94	update_halo_kernel2_xvel_minus_2_a+update_halo_kernel2_yvel_plus_2_a
6867	0.000020920	245952	ops_par_loop_group_95	update_halo_kernel2_xvel_minus_2_b+update_halo_kernel2_yvel_plus_2_b
6868	0.001732096	589885440	ops_par_loop_viscosity_kernel_148	viscosity_kernel
6869	0.000026560	430304	ops_par_loop_update_halo_kernel1_b1_149	update_halo_kernel1_b1
6870	0.000021421	430304	ops_par_loop_update_halo_kernel1_t1_150	update_halo_kernel1_t1
6871	0.000025107	430304	ops_par_loop_update_halo_kernel1_l1_151	update_halo_kernel1_l1
6872	0.000023725	430304	ops_par_loop_update_halo_kernel1_r1_152	update_halo_kernel1_r1
6873	0.000916168	1061744640	ops_par_loop_calc_dt_kernel_153	calc_dt_kernel
6874	0.001484647	1887436800	ops_par_loop_group_0	PdV_kernel_predict+ideal_gas_kernel
6875	0.000023404	430304	ops_par_loop_update_halo_kernel1_b1_2	update_halo_kernel1_b1
6876	0.000019688	430304	ops_par_loop_update_halo_kernel1_t1_3	update_halo_kernel1_t1
6877	0.000023654	430304	ops_par_loop_update_halo_kernel1_l1_4	update_halo_kernel1_l1
6878	0.000023063	430304	ops_par_loop_update_halo_kernel1_r1_5	update_halo_kernel1_r1
6879	0.001556182	1770147928	ops_par_loop_group_5	revert_kernel+accelerate_kernel
6880	0.001355181	1651507200	ops_par_loop_PdV_kernel_nopredict_8	PdV_kernel_nopredict
6881	0.000363199	471982080	ops_par_loop_flux_calc_kernelx_9	flux_calc_kernelx
6882	0.000357388	471982080	ops_par_loop_flux_calc_kernely_10	flux_calc_kernely
6883	0.000021191	553536	ops_par_loop_group_9	update_halo_kernel1_b2+update_halo_kernel4_minus_4_a
6884	0.000020829	553536	ops_par_loop_group_10	update_halo_kernel1_b1+update_halo_kernel4_minus_2_a
6885	0.000021621	369120	ops_par_loop_group_11	update_halo_kernel3_plus_4_a+update_halo_kernel2_xvel_plus_4_a+update_halo_kernel2_yvel_minus_4_a
6886	0.000020378	369120	ops_par_loop_group_12	update_halo_kernel3_plus_2_a+update_halo_kernel2_xvel_plus_2_a+update_halo_kernel2_yvel_minus_2_a
6887	0.000018605	123008	ops_par_loop_update_halo_kernel4_minus_4_b_29	update_halo_kernel4_minus_4_b
6888	0.000021310	553536	ops_par_loop_group_14	update_halo_kernel1_t2+update_halo_kernel4_minus_2_b
6889	0.000020048	430528	ops_par_loop_update_halo_kernel1_t1_14	update_halo_kernel1_t1
6890	0.000019447	246080	ops_par_loop_group_16	update_halo_kernel2_xvel_plus_4_b+update_halo_kernel2_yvel_minus_4_b
6891	0.000020710	369120	ops_par_loop_group_17	update_halo_kernel3_plus_4_b+update_halo_kernel2_xvel_plus_2_b+update_halo_kernel2_yvel_minus_2_b
6892	0.000019056	123040	ops_par_loop_update_halo_kernel3_plus_2_b_22	update_halo_kernel3_plus_2_b
6893	0.000025869	553536	ops_par_loop_group_19	update_halo_kernel1_l2+update_halo_kernel3_minus_4_a
6894	0.000022623	553536	ops_par_loop_group_20	update_halo_kernel1_l1+update_halo_kernel3_minus_2_a
6895	0.000019998	123008	ops_par_loop_update_halo_kernel3_minus_4_b_25	update_halo_kernel3_minus_4_b
6896	0.000025118	553536	ops_par_loop_group_22	update_halo_kernel1_r2+update_halo_kernel3_minus_2_b
6897	0.000021340	430528	ops_par_loop_update_halo_kernel1_r1_18	update_halo_kernel1_r1
6898	0.000023815	369120	ops_par_loop_group_24	update_halo_kernel4_plus_4_a+update_halo_kernel2_xvel_minus_4_a+update_halo_kernel2_yvel_plus_4_a
6899	0.000022743	369120	ops_par_loop_group_25	update_halo_kernel4_plus_2_a+update_halo_kernel2_xvel_minus_2_a+update_halo_kernel2_yvel_plus_2_a
6900	0.000021440	246080	ops_par_loop_group_26	update_halo_kernel2_xvel_minus_4_b+update_halo_kernel2_yvel_plus_4_b
6901	0.000021862	369120	ops_par_loop_group_27	update_halo_kernel4_plus_4_b+update_halo_kernel2_xvel_minus_2_b+update_halo_kernel2_yvel_plus_2_b
6902	0.000018555	123040	ops_par_loop_update_halo_kernel4_plus_2_b_34	update_halo_kernel4_plus_2_b
6903	0.000560764	591053440	ops_par_loop_advec_cell_kernel1_ydir_35	advec_cell_kernel1_ydir
6904	0.000787764	708203544	ops_par_loop_advec_cell_kernel3_ydir_36	advec_cell_kernel3_ydir
6905	0.001470890	1533542400	ops_par_loop_advec_cell_kernel4_ydir_37	advec_cell_kernel4_ydir
6906	0.000022172	553536	ops_par_loop_group_32	update_halo_kernel1_b2+update_halo_kernel4_minus_4_a
6907	0.000022723	553536	ops_par_loop_group_33	update_halo_kernel1_b1+update_halo_kernel4_minus_2_a
6908	0.000018746	123008	ops_par_loop_update_halo_kernel4_minus_4_b_64	update_halo_kernel4_minus_4_b
6909	0.000022102	553536	ops_par_loop_group_35	update_halo_kernel1_t2+update_halo_kernel4_minus_2_b
6910	0.000022212	430528	ops_par_loop_update_halo_kernel1_t1_41	update_halo_kernel1_t1
6911	0.000024867	430528	ops_par_loop_update_halo_kernel1_l2_42	update_halo_kernel1_l2
6912	0.000023014	430528	ops_par_loop_update_halo_kernel1_l1_43	update_halo_kernel1_l1
6913	0.000023665	430528	ops_par_loop_update_halo_kernel1_r2_44	update_halo_kernel1_r2
6914	0.000020760	430528	ops_par_loop_update_halo_kernel1_r1_45	update_halo_kernel1_r1
6915	0.000019337	123040	ops_par_loop_update_halo_kernel4_plus_4_a_66	update_halo_kernel4_plus_4_a
6916	0.000018676	123040	ops_par_loop_update_halo_kernel4_plus_2_a_67	update_halo_kernel4_plus_2_a
6917	0.000019567	123040	ops_par_loop_update_halo_kernel4_plus_4_b_68	update_halo_kernel4_plus_4_b
6918	0.000018606	123040	ops_par_loop_update_halo_kernel4_plus_2_b_69	update_halo_kernel4_plus_2_b
6919	0.000561335	591053440	ops_par_loop_advec_mom_kernel_y1_70	advec_mom_kernel_y1
6920	0.000192164	236236864	ops_par_loop_advec_mom_kernel_mass_flux_y_71	advec_mom_kernel_mass_flux_y
6921	0.000532380	590438520	ops_par_loop_advec_mom_kernel_post_pre_advec_y_72	advec_mom_kernel_post_pre_advec_y
6922	0.000877274	472258640	ops_par_loop_advec_mom_kernel1_y_nonvector_73	advec_mom_kernel1_y_nonvector
6923	0.000452528	590131240	ops_par_loop_advec_mom_kernel2_y_74	advec_mom_kernel2_y
6924	0.000562026	591053440	ops_par_loop_advec_mom_kernel_y1_75	advec_mom_kernel_y1
6925	0.000192225	236236864	ops_par_loop_advec_mom_kernel_mass_flux_y_76	advec_mom_kernel_mass_flux_y
6926	0.000533301	590438520	ops_par_loop_advec_mom_kernel_post_pre_advec_y_77	advec_mom_kernel_post_pre_advec_y
6927	0.000872936	472258640	ops_par_loop_advec_mom_kernel1_y_nonvector_78	advec_mom_kernel1_y_nonvector
6928	0.000447169	590131240	ops_par_loop_advec_mom_kernel2_y_79	advec_mom_kernel2_y
6929	0.000490881	472842752	ops_par_loop_advec_cell_kernel2_xdir_80	advec_cell_kernel2_xdir
6930	0.000773187	708203544	ops_par_loop_advec_cell_kernel3_xdir_81	advec_cell_kernel3_xdir
6931	0.001462384	1533542400	ops_par_loop_advec_cell_kernel4_xdir_82	advec_cell_kernel4_xdir
6932	0.000023113	553536	ops_par_loop_group_58	update_halo_kernel1_b2+update_halo_kernel4_minus_4_a
6933	0.000020959	553536	ops_par_loop_group_59	update_halo_kernel1_b1+update_halo_kernel4_minus_2_a
6934	0.000022012	369120	ops_par_loop_group_60	update_halo_kernel2_xvel_plus_4_a+update_halo_kernel2_yvel_minus_4_a+update_halo_kernel3_plus_4_a
6935	0.000021601	369120	ops_par_loop_group_61	update_halo_kernel2_xvel_plus_2_a+update_halo_kernel2_yvel_minus_2_a+update_halo_kernel3_plus_2_a
6936	0.000019096	246080	ops_par_loop_group_62	update_halo_kernel2_xvel_plus_4_b+update_halo_kernel2_yvel_minus_4_b
6937	0.000020749	369120	ops_par_loop_group_63	update_halo_kernel2_xvel_plus_2_b+update_halo_kernel2_yvel_minus_2_b+update_halo_kernel3_plus_4_b
6938	0.000021321	246080	ops_par_loop_group_64	update_halo_kernel2_xvel_minus_4_b+update_halo_kernel2_yvel_plus_4_b
6939	0.000019517	123040	ops_par_loop_update_halo_kernel3_plus_2_b_110	update_halo_kernel3_plus_2_b
6940	0.000019287	123008	ops_par_loop_update_halo_kernel3_minus_4_b_113	update_halo_kernel3_minus_4_b
6941	0.000018124	123008	ops_par_loop_update_halo_kernel4_minus_4_b_117	update_halo_kernel4_minus_4_b
6942	0.000021150	553536	ops_par_loop_group_68	update_halo_kernel1_t2+update_halo_kernel4_minus_2_b
6943	0.000020018	430528	ops_par_loop_update_halo_kernel1_t1_86	update_halo_kernel1_t1
6944	0.000026089	553536	ops_par_loop_group_70	update_halo_kernel1_l2+update_halo_kernel3_minus_4_a
6945	0.000023204	553536	ops_par_loop_group_71	update_halo_kernel1_l1+update_halo_kernel3_minus_2_a
6946	0.000024446	553536	ops_par_loop_group_72	update_halo_kernel1_r2+update_halo_kernel3_minus_2_b
6947	0.000022192	430528	ops_par_loop_update_halo_kernel1_r1_90	update_halo_kernel1_r1
6948	0.000029426	369120	ops_par_loop_group_74	update_halo_kernel2_xvel_minus_4_a+update_halo_kernel2_yvel_plus_4_a+update_halo_kernel4_plus_4_a
6949	0.000021521	369120	ops_par_loop_group_75	update_halo_kernel2_xvel_minus_2_a+update_halo_kernel2_yvel_plus_2_a+update_halo_kernel4_plus_2_a
6950	0.000023324	369120	ops_par_loop_group_76	update_halo_kernel2_xvel_minus_2_b+update_halo_kernel2_yvel_plus_2_b+update_halo_kernel4_plus_4_b
6951	0.000018535	123040	ops_par_loop_update_halo_kernel4_plus_2_b_122	update_halo_kernel4_plus_2_b
6952	0.001793723	1416561152	ops_par_loop_group_78	advec_mom_kernel_x2+reset_field_kernel1+ideal_gas_kernel
6953	0.000196162	236236864	ops_par_loop_advec_mom_kernel_mass_flux_x_124	advec_mom_kernel_mass_flux_x
6954	0.000575151	590438520	ops_par_loop_advec_mom_kernel_post_pre_advec_x_125	advec_mom_kernel_post_pre_advec_x
6955	0.000882244	472258640	ops_par_loop_advec_mom_kernel1_x_nonvector_126	advec_mom_kernel1_x_nonvector
6956	0.000448591	590131240	ops_par_loop_advec_mom_kernel2_x_127	advec_mom_kernel2_x
6957	0.000495810	472842752	ops_par_loop_advec_mom_kernel_x2_128	advec_mom_kernel_x2
6958	0.000194689	236236864	ops_par_loop_advec_mom_kernel_mass_flux_x_129	advec_mom_kernel_mass_flux_x
6959	0.000574029	590438520	ops_par_loop_advec_mom_kernel_post_pre_advec_x_130	advec_mom_kernel_post_pre_advec_x
6960	0.000883606	472258640	ops_par_loop_advec_mom_kernel1_x_nonvector_131	advec_mom_kernel1_x_nonvector
6961	0.000728503	1062236232	ops_par_loop_group_87	advec_mom_kernel2_x+reset_field_kernel2
6962	0.000022022	430304	ops_par_loop_update_halo_kernel1_b1_136	update_halo_kernel1_b1
6963	0.000021170	430304	ops_par_loop_update_halo_kernel1_t1_137	update_halo_kernel1_t1
6964	0.000024206	430304	ops_par_loop_update_halo_kernel1_l1_138	update_halo_kernel1_l1
6965	0.000023705	430304	ops_par_loop_update_halo_kernel1_r1_139	update_halo_kernel1_r1
6966	0.000019687	245952	ops_par_loop_group_92	update_halo_kernel2_xvel_plus_2_a+update_halo_kernel2_yvel_minus_2_a
6967	0.000019828	245952	ops_par_loop_group_93	update_halo_kernel2_xvel_plus_2_b+update_halo_kernel2_yvel_minus_2_b
6968	0.000021481	245952	ops_par_loop_group_94	update_halo_kernel2_xvel_minus_2_a+update_halo_kernel2_yvel_plus_2_a
6969	0.000021571	245952	ops_par_loop_group_95	update_halo_kernel2_xvel_minus_2_b+update_halo_kernel2_yvel_plus_2_b
6970	0.001731655	589885440	ops_par_loop_viscosity_kernel_148	viscosity_kernel
6971	0.000021641	430304	ops_par_loop_update_halo_kernel1_b1_149	update_halo_kernel1_b1
6972	0.000026080	430304	ops_par_loop_update_halo_kernel1_t1_150	update_halo_kernel1_t1
6973	0.000023876	430304	ops_par_loop_update_halo_kernel1_l1_151	update_halo_kernel1_l1
6974	0.000022964	430304	ops_par_loop_update_halo_kernel1_r1_152	update_halo_kernel1_r1
6975	0.000917520	1061744640	ops_par_loop_calc_dt_kernel_153	calc_dt_kernel
6976	0.001482513	1887436800	ops_par_loop_group_0	PdV_kernel_predict+ideal_gas_kernel
6977	0.000023234	430304	ops_par_loop_update_halo_kernel1_b1_2	update_halo_kernel1_b1
6978	0.000021060	430304	ops_par_loop_update_halo_kernel1_t1_3	update_halo_kernel1_t1
6979	0.000025999	430304	ops_par_loop_update_halo_kernel1_l1_4	update_halo_kernel1_l1
6980	0.000025579	430304	ops_par_loop_update_halo_kernel1_r1_5	update_halo_kernel1_r1
6981	0.001556743	1770147928	ops_par_loop_group_5	revert_kernel+accelerate_kernel
6982	0.001353477	1651507200	ops_par_loop_PdV_kernel_nopredict_8	PdV_kernel_nopredict
6983	0.000360243	471982080	ops_par_loop_flux_calc_kernelx_9	flux_calc_kernelx
6984	0.000357217	471982080	ops_par_loop_flux_calc_kernely_10	flux_calc_kernely
6985	0.000022372	553536	ops_par_loop_group_9	update_halo_kernel1_b2+update_halo_kernel4_minus_4_a
6986	0.000021320	553536	ops_par_loop_group_10	update_halo_kernel1_b1+update_halo_kernel4_minus_2_a
6987	0.000022152	369120	ops_par_loop_group_11	update_halo_kernel3_plus_4_a+update_halo_kernel2_xvel_plus_4_a+update_halo_kernel2_yvel_minus_4_a
6988	0.000020719	369120	ops_par_loop_group_12	update_halo_kernel3_plus_2_a+update_halo_kernel2_xvel_plus_2_a+update_halo_kernel2_yvel_minus_2_a
6989	0.000018565	123008	ops_par_loop_update_halo_kernel4_minus_4_b_29	update_halo_kernel4_minus_4_b
6990	0.000020820	553536	ops_par_loop_group_14	update_halo_kernel1_t2+update_halo_kernel4_minus_2_b
6991	0.000021311	430528	ops_par_loop_update_halo_kernel1_t1_14	update_halo_kernel1_t1
6992	0.000020168	246080	ops_par_loop_group_16	update_halo_kernel2_xvel_plus_4_b+update_halo_kernel2_yvel_minus_4_b
6993	0.000019447	369120	ops_par_loop_group_17	update_halo_kernel3_plus_4_b+update_halo_kernel2_xvel_plus_2_b+update_halo_kernel2_yvel_minus_2_b
6994	0.000018655	123040	ops_par_loop_update_halo_kernel3_plus_2_b_22	update_halo_kernel3_plus_2_b
6995	0.000026480	553536	ops_par_loop_group_19	update_halo_kernel1_l2+update_halo_kernel3_minus_4_a
6996	0.000022934	553536	ops_par_loop_group_20	update_halo_kernel1_l1+update_halo_kernel3_minus_2_a
6997	0.000021480	123008	ops_par_loop_update_halo_kernel3_minus_4_b_25	update_halo_kernel3_minus_4_b
6998	0.000024086	553536	ops_par_loop_group_22	update_halo_kernel1_r2+update_halo_kernel3_minus_2_b
6999	0.000022072	430528	ops_par_loop_update_halo_kernel1_r1_18	update_halo_kernel1_r1
7000	0.000023745	369120	ops_par_loop_group_24	update_halo_kernel4_plus_4_a+update_halo_kernel2_xvel_minus_4_a+update_halo_kernel2_yvel_plus_4_a
7001	0.000020799	369120	ops_par_loop_group_25	update_halo_kernel4_plus_2_a+update_halo_kernel2_xvel_minus_2_a+update_halo_kernel2_yvel_plus_2_a
7002	0.000019958	246080	ops_par_loop_group_26	update_halo_kernel2_xvel_minus_4_b+update_halo_kernel2_yvel_plus_4_b
7003	0.000022543	369120	ops_par_loop_group_27	update_halo_kernel4_plus_4_b+update_halo_kernel2_xvel_minus_2_b+update_halo_kernel2_yvel_plus_2_b
7004	0.000018395	123040	ops_par_loop_update_halo_kernel4_plus_2_b_34	update_halo_kernel4_plus_2_b
7005	0.000563439	591053440	ops_par_loop_advec_cell_kernel1_xdir_35	advec_cell_kernel1_xdir
7006	0.000772576	708203544	ops_par_loop_advec_cell_kernel3_xdir_36	advec_cell_kernel3_xdir
7007	0.001462264	1533542400	ops_par_loop_advec_cell_kernel4_xdir_37	advec_cell_kernel4_xdir
7008	0.000021931	430528	ops_par_loop_update_halo_kernel1_b2_38	update_halo_kernel1_b2
7009	0.000019417	430528	ops_par_loop_update_halo_kernel1_b1_39	update_halo_kernel1_b1
7010	0.000020328	430528	ops_par_loop_update_halo_kernel1_t2_40	update_halo_kernel1_t2
7011	0.000019998	430528	ops_par_loop_update_halo_kernel1_t1_41	update_halo_kernel1_t1
7012	0.000018835	123040	ops_par_loop_update_halo_kernel3_plus_4_a_62	update_halo_kernel3_plus_4_a
7013	0.000018606	123040	ops_par_loop_update_halo_kernel3_plus_2_a_63	update_halo_kernel3_plus_2_a
7014	0.000018005	123040	ops_par_loop_update_halo_kernel3_plus_4_b_64	update_halo_kernel3_plus_4_b
7015	0.000018485	123040	ops_par_loop_update_halo_kernel3_plus_2_b_65	update_halo_kernel3_plus_2_b
7016	0.000026030	553536	ops_par_loop_group_40	update_halo_kernel1_l2+update_halo_kernel3_minus_4_a
7017	0.000023133	553536	ops_par_loop_group_41	update_halo_kernel1_l1+update_halo_kernel3_minus_2_a
7018	0.000018826	123008	ops_par_loop_update_halo_kernel3_minus_4_b_68	update_halo_kernel3_minus_4_b
7019	0.000024576	553536	ops_par_loop_group_43	update_halo_kernel1_r2+update_halo_kernel3_minus_2_b
7020	0.000021100	430528	ops_par_loop_update_halo_kernel1_r1_45	update_halo_kernel1_r1
7021	0.000560503	591053440	ops_par_loop_advec_mom_kernel_x1_70	advec_mom_kernel_x1
7022	0.000194279	236236864	ops_par_loop_advec_mom_kernel_mass_flux_x_71	advec_mom_kernel_mass_flux_x
7023	0.000573849	590438520	ops_par_loop_advec_mom_kernel_post_pre_advec_x_72	advec_mom_kernel_post_pre_advec_x
7024	0.000881993	472258640	ops_par_loop_advec_mom_kernel1_x_nonvector_73	advec_mom_kernel1_x_nonvector
7025	0.000448621	590131240	ops_par_loop_advec_mom_kernel2_x_74	advec_mom_kernel2_x
7026	0.000560784	591053440	ops_par_loop_advec_mom_kernel_x1_75	advec_mom_kernel_x1
7027	0.000193677	236236864	ops_par_loop_advec_mom_kernel_mass_flux_x_76	advec_mom_kernel_mass_flux_x
7028	0.000572216	590438520	ops_par_loop_advec_mom_kernel_post_pre_advec_x_77	advec_mom_kernel_post_pre_advec_x
7029	0.000883516	472258640	ops_par_loop_advec_mom_kernel1_x_nonvector_78	advec_mom_kernel1_x_nonvector
7030	0.000449333	590131240	ops_par_loop_advec_mom_kernel2_x_79	advec_mom_kernel2_x
7031	0.000498536	472842752	ops_par_loop_advec_cell_kernel2_ydir_80	advec_cell_kernel2_ydir
7032	0.000787544	708203544	ops_par_loop_advec_cell_kernel3_ydir_81	advec_cell_kernel3_ydir
7033	0.001473014	1533542400	ops_par_loop_advec_cell_kernel4_ydir_82	advec_cell_kernel4_ydir
7034	0.000023234	553536	ops_par_loop_group_58	update_halo_kernel1_b2+update_halo_kernel4_minus_4_a
7035	0.000021520	553536	ops_par_loop_group_59	update_halo_kernel1_b1+update_halo_kernel4_minus_2_a
7036	0.000022713	369120	ops_par_loop_group_60	update_halo_kernel2_xvel_plus_4_a+update_halo_kernel2_yvel_minus_4_a+update_halo_kernel3_plus_4_a
7037	0.000021221	369120	ops_par_loop_group_61	update_halo_kernel2_xvel_plus_2_a+update_halo_kernel2_yvel_minus_2_a+update_halo_kernel3_plus_2_a
7038	0.000019978	246080	ops_par_loop_group_62	update_halo_kernel2_xvel_plus_4_b+update_halo_kernel2_yvel_minus_4_b
7039	0.000021361	369120	ops_par_loop_group_63	update_halo_kernel2_xvel_plus_2_b+update_halo_kernel2_yvel_minus_2_b+update_halo_kernel3_plus_4_b
7040	0.000021772	246080	ops_par_loop_group_64	update_halo_kernel2_xvel_minus_4_b+update_halo_kernel2_yvel_plus_4_b
7041	0.000019607	123040	ops_par_loop_update_halo_kernel3_plus_2_b_110	update_halo_kernel3_plus_2_b
7042	0.000019156	123008	ops_par_loop_update_halo_kernel3_minus_4_b_113	update_halo_kernel3_minus_4_b
7043	0.000018164	123008	ops_par_loop_update_halo_kernel4_minus_4_b_117	update_halo_kernel4_minus_4_b
7044	0.000021661	553536	ops_par_loop_group_68	update_halo_kernel1_t2+update_halo_kernel4_minus_2_b
7045	0.000020269	430528	ops_par_loop_update_halo_kernel1_t1_86	update_halo_kernel1_t1
7046	0.000026901	553536	ops_par_loop_group_70	update_halo_kernel1_l2+update_halo_kernel3_minus_4_a
7047	0.000023364	553536	ops_par_loop_group_71	update_halo_kernel1_l1+update_halo_kernel3_minus_2_a
7048	0.000026710	553536	ops_par_loop_group_72	update_halo_kernel1_r2+update_halo_kernel3_minus_2_b
7049	0.000021260	430528	ops_par_loop_update_halo_kernel1_r1_90	update_halo_kernel1_r1
7050	0.000023164	369120	ops_par_loop_group_74	update_halo_kernel2_xvel_minus_4_a+update_halo_kernel2_yvel_plus_4_a+update_halo_kernel4_plus_4_a
7051	0.000021361	369120	ops_par_loop_group_75	update_halo_kernel2_xvel_minus_2_a+update_halo_kernel2_yvel_plus_2_a+update_halo_kernel4_plus_2_a
7052	0.000022843	369120	ops_par_loop_group_76	update_halo_kernel2_xvel_minus_2_b+update_halo_kernel2_yvel_plus_2_b+update_halo_kernel4_plus_4_b
7053	0.000018956	123040	ops_par_loop_update_halo_kernel4_plus_2_b_122	update_halo_kernel4_plus_2_b
7054	0.001791889	1416561152	ops_par_loop_group_78	advec_mom_kernel_y2+reset_field_kernel1+ideal_gas_kernel
7055	0.000194580	236236864	ops_par_loop_advec_mom_kernel_mass_flux_y_124	advec_mom_kernel_mass_flux_y
7056	0.000535055	590438520	ops_par_loop_advec_mom_kernel_post_pre_advec_y_125	advec_mom_kernel_post_pre_advec_y
7057	0.000876713	472258640	ops_par_loop_advec_mom_kernel1_y_nonvector_126	advec_mom_kernel1_y_nonvector
7058	0.000450024	590131240	ops_par_loop_advec_mom_kernel2_y_127	advec_mom_kernel2_y
7059	0.000491843	472842752	ops_par_loop_advec_mom_kernel_y2_128	advec_mom_kernel_y2
7060	0.000192105	236236864	ops_par_loop_advec_mom_kernel_mass_flux_y_129	advec_mom_kernel_mass_flux_y
7061	0.000533652	590438520	ops_par_loop_advec_mom_kernel_post_pre_advec_y_130	advec_mom_kernel_post_pre_advec_y
7062	0.000872735	472258640	ops_par_loop_advec_mom_kernel1_y_nonvector_131	advec_mom_kernel1_y_nonvector
7063	0.000732279	1062236232	ops_par_loop_group_87	advec_mom_kernel2_y+reset_field_kernel2
7064	0.000021721	430304	ops_par_loop_update_halo_kernel1_b1_136	update_halo_kernel1_b1
7065	0.000020970	430304	ops_par_loop_update_halo_kernel1_t1_137	update_halo_kernel1_t1
7066	0.000025077	430304	ops_par_loop_update_halo_kernel1_l1_138	update_halo_kernel1_l1
7067	0.000025238	430304	ops_par_loop_update_halo_kernel1_r1_139	update_halo_kernel1_r1
7068	0.000020930	245952	ops_par_loop_group_92	update_halo_kernel2_xvel_plus_2_a+update_halo_kernel2_yvel_minus_2_a
7069	0.000019977	245952	ops_par_loop_group_93	update_halo_kernel2_xvel_plus_2_b+update_halo_kernel2_yvel_minus_2_b
7070	0.000022232	245952	ops_par_loop_group_94	update_halo_kernel2_xvel_minus_2_a+update_halo_kernel2_yvel_plus_2_a
7071	0.000022583	245952	ops_par_loop_group_95	update_halo_kernel2_xvel_minus_2_b+update_halo_kernel2_yvel_plus_2_b
7072	0.001733238	589885440	ops_par_loop_viscosity_kernel_148	viscosity_kernel
7073	0.000022052	430304	ops_par_loop_update_halo_kernel1_b1_149	update_halo_kernel1_b1
7074	0.000020248	430304	ops_par_loop_update_halo_kernel1_t1_150	update_halo_kernel1_t1
7075	0.000023735	430304	ops_par_loop_update_halo_kernel1_l1_151	update_halo_kernel1_l1
7076	0.000022502	430304	ops_par_loop_update_halo_kernel1_r1_152	update_halo_kernel1_r1
7077	0.000916288	1061744640	ops_par_loop_calc_dt_kernel_153	calc_dt_kernel
7078	0.001491489	1887436800	ops_par_loop_group_0	PdV_kernel_predict+ideal_gas_kernel
7079	0.000022903	430304	ops_par_loop_update_halo_kernel1_b1_2	update_halo_kernel1_b1
7080	0.000020298	430304	ops_par_loop_update_halo_kernel1_t1_3	update_halo_kernel1_t1
7081	0.000024266	430304	ops_par_loop_update_halo_kernel1_l1_4	update_halo_kernel1_l1
7082	0.000024276	430304	ops_par_loop_update_halo_kernel1_r1_5	update_halo_kernel1_r1
7083	0.001560571	1770147928	ops_par_loop_group_5	revert_kernel+accelerate_kernel
7084	0.001359259	1651507200	ops_par_loop_PdV_kernel_nopredict_8	PdV_kernel_nopredict
7085	0.000359362	471982080	ops_par_loop_flux_calc_kernelx_9	flux_calc_kernelx
7086	0.000358290	471982080	ops_par_loop_flux_calc_kernely_10	flux_calc_kernely
7087	0.000022132	553536	ops_par_loop_group_9	update_halo_kernel1_b2+update_halo_kernel4_minus_4_a
7088	0.000021301	553536	ops_par_loop_group_10	update_halo_kernel1_b1+update_halo_kernel4_minus_2_a
7089	0.000021260	369120	ops_par_loop_group_11	update_halo_kernel3_plus_4_a+update_halo_kernel2_xvel_plus_4_a+update_halo_kernel2_yvel_minus_4_a
7090	0.000020569	369120	ops_par_loop_group_12	update_halo_kernel3_plus_2_a+update_halo_kernel2_xvel_plus_2_a+update_halo_kernel2_yvel_minus_2_a
7091	0.000019417	123008	ops_par_loop_update_halo_kernel4_minus_4_b_29	update_halo_kernel4_minus_4_b
7092	0.000021090	553536	ops_par_loop_group_14	update_halo_kernel1_t2+update_halo_kernel4_minus_2_b
7093	0.000020660	430528	ops_par_loop_update_halo_kernel1_t1_14	update_halo_kernel1_t1
7094	0.000019376	246080	ops_par_loop_group_16	update_halo_kernel2_xvel_plus_4_b+update_halo_kernel2_yvel_minus_4_b
7095	0.000020599	369120	ops_par_loop_group_17	update_halo_kernel3_plus_4_b+update_halo_kernel2_xvel_plus_2_b+update_halo_kernel2_yvel_minus_2_b
7096	0.000018966	123040	ops_par_loop_update_halo_kernel3_plus_2_b_22	update_halo_kernel3_plus_2_b
7097	0.000024887	553536	ops_par_loop_group_19	update_halo_kernel1_l2+update_halo_kernel3_minus_4_a
7098	0.000023093	553536	ops_par_loop_group_20	update_halo_kernel1_l1+update_halo_kernel3_minus_2_a
7099	0.000019808	123008	ops_par_loop_update_halo_kernel3_minus_4_b_25	update_halo_kernel3_minus_4_b
7100	0.000024737	553536	ops_par_loop_group_22	update_halo_kernel1_r2+update_halo_kernel3_minus_2_b
7101	0.000021260	430528	ops_par_loop_update_halo_kernel1_r1_18	update_halo_kernel1_r1
7102	0.000023294	369120	ops_par_loop_group_24	update_halo_kernel4_plus_4_a+update_halo_kernel2_xvel_minus_4_a+update_halo_kernel2_yvel_plus_4_a
7103	0.000022142	369120	ops_par_loop_group_25	update_halo_kernel4_plus_2_a+update_halo_kernel2_xvel_minus_2_a+update_halo_kernel2_yvel_plus_2_a
7104	0.000021251	246080	ops_par_loop_group_26	update_halo_kernel2_xvel_minus_4_b+update_halo_kernel2_yvel_plus_4_b
7105	0.000021832	369120	ops_par_loop_group_27	update_halo_kernel4_plus_4_b+update_halo_kernel2_xvel_minus_2_b+update_halo_kernel2_yvel_plus_2_b
7106	0.000018675	123040	ops_par_loop_update_halo_kernel4_plus_2_b_34	update_halo_kernel4_plus_2_b
7107	0.000561725	591053440	ops_par_loop_advec_cell_kernel1_ydir_35	advec_cell_kernel1_ydir
7108	0.000787895	708203544	ops_par_loop_advec_cell_kernel3_ydir_36	advec_cell_kernel3_ydir
7109	0.001470960	1533542400	ops_par_loop_advec_cell_kernel4_ydir_37	advec_cell_kernel4_ydir
7110	0.000022453	553536	ops_par_loop_group_32	update_halo_kernel1_b2+update_halo_kernel4_minus_4_a
7111	0.000022923	553536	ops_par_loop_group_33	update_halo_kernel1_b1+update_halo_kernel4_minus_2_a
7112	0.000019747	123008	ops_par_loop_update_halo_kernel4_minus_4_b_64	update_halo_kernel4_minus_4_b
7113	0.000022713	553536	ops_par_loop_group_35	update_halo_kernel1_t2+update_halo_kernel4_minus_2_b
7114	0.000021621	430528	ops_par_loop_update_halo_kernel1_t1_41	update_halo_kernel1_t1
7115	0.000025008	430528	ops_par_loop_update_halo_kernel1_l2_42	update_halo_kernel1_l2
7116	0.000022623	430528	ops_par_loop_update_halo_kernel1_l1_43	update_halo_kernel1_l1
7117	0.000024236	430528	ops_par_loop_update_halo_kernel1_r2_44	update_halo_kernel1_r2
7118	0.000022402	430528	ops_par_loop_update_halo_kernel1_r1_45	update_halo_kernel1_r1
7119	0.000019797	123040	ops_par_loop_update_halo_kernel4_plus_4_a_66	update_halo_kernel4_plus_4_a
7120	0.000018936	123040	ops_par_loop_update_halo_kernel4_plus_2_a_67	update_halo_kernel4_plus_2_a
7121	0.000019828	123040	ops_par_loop_update_halo_kernel4_plus_4_b_68	update_halo_kernel4_plus_4_b
7122	0.000018886	123040	ops_par_loop_update_halo_kernel4_plus_2_b_69	update_halo_kernel4_plus_2_b
7123	0.000567096	591053440	ops_par_loop_advec_mom_kernel_y1_70	advec_mom_kernel_y1
7124	0.000192265	236236864	ops_par_loop_advec_mom_kernel_mass_flux_y_71	advec_mom_kernel_mass_flux_y
7125	0.000534144	590438520	ops_par_loop_advec_mom_kernel_post_pre_advec_y_72	advec_mom_kernel_post_pre_advec_y
7126	0.000877464	472258640	ops_par_loop_advec_mom_kernel1_y_nonvector_73	advec_mom_kernel1_y_nonvector
7127	0.000446728	590131240	ops_par_loop_advec_mom_kernel2_y_74	advec_mom_kernel2_y
7128	0.000562237	591053440	ops_par_loop_advec_mom_kernel_y1_75	advec_mom_kernel_y1
7129	0.000192526	236236864	ops_par_loop_advec_mom_kernel_mass_flux_y_76	advec_mom_kernel_mass_flux_y
7130	0.000533071	590438520	ops_par_loop_advec_mom_kernel_post_pre_advec_y_77	advec_mom_kernel_post_pre_advec_y
7131	0.000872124	472258640	ops_par_loop_advec_mom_kernel1_y_nonvector_78	advec_mom_kernel1_y_nonvector
7132	0.000451376	590131240	ops_par_loop_advec_mom_kernel2_y_79	advec_mom_kernel2_y
7133	0.000489348	472842752	ops_par_loop_advec_cell_kernel2_xdir_80	advec_cell_kernel2_xdir
7134	0.000773458	708203544	ops_par_loop_advec_cell_kernel3_xdir_81	advec_cell_kernel3_xdir
7135	0.001460641	1533542400	ops_par_loop_advec_cell_kernel4_xdir_82	advec_cell_kernel4_xdir
7136	0.000023395	553536	ops_par_loop_group_58	update_halo_kernel1_b2+update_halo_kernel4_minus_4_a
7137	0.000020859	553536	ops_par_loop_group_59	update_halo_kernel1_b1+update_halo_kernel4_minus_2_a
7138	0.000021742	369120	ops_par_loop_group_60	update_halo_kernel2_xvel_plus_4_a+update_halo_kernel2_yvel_minus_4_a+update_halo_kernel3_plus_4_a
7139	0.000021901	369120	ops_par_loop_group_61	update_halo_kernel2_xvel_plus_2_a+update_halo_kernel2_yvel_minus_2_a+update_halo_kernel3_plus_2_a
7140	0.000019627	246080	ops_par_loop_group_62	update_halo_kernel2_xvel_plus_4_b+update_halo_kernel2_yvel_minus_4_b
7141	0.000021410	369120	ops_par_loop_group_63	update_halo_kernel2_xvel_plus_2_b+update_halo_kernel2_yvel_minus_2_b+update_halo_kernel3_plus_4_b
7142	0.000021561	246080	ops_par_loop_group_64	update_halo_kernel2_xvel_minus_4_b+update_halo_kernel2_yvel_plus_4_b
7143	0.000019357	123040	ops_par_loop_update_halo_kernel3_plus_2_b_110	update_halo_kernel3_plus_2_b
7144	0.000019687	123008	ops_par_loop_update_halo_kernel3_minus_4_b_113	update_halo_kernel3_minus_4_b
7145	0.000018235	123008	ops_par_loop_update_halo_kernel4_minus_4_b_117	update_halo_kernel4_minus_4_b
7146	0.000025188	553536	ops_par_loop_group_68	update_halo_kernel1_t2+update_halo_kernel4_minus_2_b
7147	0.000021781	430528	ops_par_loop_update_halo_kernel1_t1_86	update_halo_kernel1_t1
7148	0.000026971	553536	ops_par_loop_group_70	update_halo_kernel1_l2+update_halo_kernel3_minus_4_a
7149	0.000022583	553536	ops_par_loop_group_71	update_halo_kernel1_l1+update_halo_kernel3_minus_2_a
7150	0.000024437	553536	ops_par_loop_group_72	update_halo_kernel1_r2+update_halo_kernel3_minus_2_b
7151	0.000021681	430528	ops_par_loop_update_halo_kernel1_r1_90	update_halo_kernel1_r1
7152	0.000023895	369120	ops_par_loop_group_74	update_halo_kernel2_xvel_minus_4_a+update_halo_kernel2_yvel_plus_4_a+update_halo_kernel4_plus_4_a
7153	0.000021911	369120	ops_par_loop_group_75	update_halo_kernel2_xvel_minus_2_a+update_halo_kernel2_yvel_plus_2_a+update_halo_kernel4_plus_2_a
7154	0.000021902	369120	ops_par_loop_group_76	update_halo_kernel2_xvel_minus_2_b+update_halo_kernel2_yvel_plus_2_b+update_halo_kernel4_plus_4_b
7155	0.000018946	123040	ops_par_loop_update_halo_kernel4_plus_2_b_122	update_halo_kernel4_plus_2_b
7156	0.001784695	1416561152	ops_par_loop_group_78	advec_mom_kernel_x2+reset_field_kernel1+ideal_gas_kernel
7157	0.000196933	236236864	ops_par_loop_advec_mom_kernel_mass_flux_x_124	advec_mom_kernel_mass_flux_x
7158	0.000574099	590438520	ops_par_loop_advec_mom_kernel_post_pre_advec_x_125	advec_mom_kernel_post_pre_advec_x
7159	0.000881783	472258640	ops_par_loop_advec_mom_kernel1_x_nonvector_126	advec_mom_kernel1_x_nonvector
7160	0.000454843	590131240	ops_par_loop_advec_mom_kernel2_x_127	advec_mom_kernel2_x
7161	0.000500038	472842752	ops_par_loop_advec_mom_kernel_x2_128	advec_mom_kernel_x2
7162	0.000194649	236236864	ops_par_loop_advec_mom_kernel_mass_flux_x_129	advec_mom_kernel_mass_flux_x
7163	0.000573287	590438520	ops_par_loop_advec_mom_kernel_post_pre_advec_x_130	advec_mom_kernel_post_pre_advec_x
7164	0.000882775	472258640	ops_par_loop_advec_mom_kernel1_x_nonvector_131	advec_mom_kernel1_x_nonvector
7165	0.000729213	1062236232	ops_par_loop_group_87	advec_mom_kernel2_x+reset_field_kernel2
7166	0.000498145	471859200	ops_par_loop_ideal_gas_kernel_0	ideal_gas_kernel
7167	0.000024767	430304	ops_par_loop_update_halo_kernel1_b1_1	update_halo_kernel1_b1
7168	0.000019897	430304	ops_par_loop_update_halo_kernel1_t1_2	update_halo_kernel1_t1
7169	0.000023555	430304	ops_par_loop_update_halo_kernel1_l1_3	update_halo_kernel1_l1
7170	0.000023114	430304	ops_par_loop_update_halo_kernel1_r1_4	update_halo_kernel1_r1
7171	0.000018645	245952	ops_par_loop_group_5	update_halo_kernel2_xvel_plus_2_a+update_halo_kernel2_yvel_minus_2_a
7172	0.000019207	245952	ops_par_loop_group_6	update_halo_kernel2_xvel_plus_2_b+update_halo_kernel2_yvel_minus_2_b
7173	0.000020088	245952	ops_par_loop_group_7	update_halo_kernel2_xvel_minus_2_a+update_halo_kernel2_yvel_plus_2_a
7174	0.000021791	245952	ops_par_loop_group_8	update_halo_kernel2_xvel_minus_2_b+update_halo_kernel2_yvel_plus_2_b
7175	0.001729861	589885440	ops_par_loop_viscosity_kernel_13	viscosity_kernel
7176	0.000020369	430304	ops_par_loop_update_halo_kernel1_b1_14	update_halo_kernel1_b1
7177	0.000020198	430304	ops_par_loop_update_halo_kernel1_t1_15	update_halo_kernel1_t1
7178	0.000022523	430304	ops_par_loop_update_halo_kernel1_l1_16	update_halo_kernel1_l1
7179	0.000022984	430304	ops_par_loop_update_halo_kernel1_r1_17	update_halo_kernel1_r1
7180	0.000915567	1061744640	ops_par_loop_calc_dt_kernel_18	calc_dt_kernel
7181	0.001490046	1887436800	ops_par_loop_group_0	PdV_kernel_predict+ideal_gas_kernel
7182	0.000022182	430304	ops_par_loop_update_halo_kernel1_b1_2	update_halo_kernel1_b1
7183	0.000019827	430304	ops_par_loop_update_halo_kernel1_t1_3	update_halo_kernel1_t1
7184	0.000023886	430304	ops_par_loop_update_halo_kernel1_l1_4	update_halo_kernel1_l1
7185	0.000023094	430304	ops_par_loop_update_halo_kernel1_r1_5	update_halo_kernel1_r1
7186	0.001559137	1770147928	ops_par_loop_group_5	revert_kernel+accelerate_kernel
7187	0.001354950	1651507200	ops_par_loop_PdV_kernel_nopredict_8	PdV_kernel_nopredict
7188	0.000363409	471982080	ops_par_loop_flux_calc_kernelx_9	flux_calc_kernelx
7189	0.000358640	471982080	ops_par_loop_flux_calc_kernely_10	flux_calc_kernely
7190	0.000021601	553536	ops_par_loop_group_9	update_halo_kernel1_b2+update_halo_kernel4_minus_4_a
7191	0.000020720	553536	ops_par_loop_group_10	update_halo_kernel1_b1+update_halo_kernel4_minus_2_a
7192	0.000020479	369120	ops_par_loop_group_11	update_halo_kernel3_plus_4_a+update_halo_kernel2_xvel_plus_4_a+update_halo_kernel2_yvel_minus_4_a
7193	0.000020339	369120	ops_par_loop_group_12	update_halo_kernel3_plus_2_a+update_halo_kernel2_xvel_plus_2_a+update_halo_kernel2_yvel_minus_2_a
7194	0.000018335	123008	ops_par_loop_update_halo_kernel4_minus_4_b_29	update_halo_kernel4_minus_4_b
7195	0.000020339	553536	ops_par_loop_group_14	update_halo_kernel1_t2+update_halo_kernel4_minus_2_b
7196	0.000020118	430528	ops_par_loop_update_halo_kernel1_t1_14	update_halo_kernel1_t1
7197	0.000019226	246080	ops_par_loop_group_16	update_halo_kernel2_xvel_plus_4_b+update_halo_kernel2_yvel_minus_4_b
7198	0.000019517	369120	ops_par_loop_group_17	update_halo_kernel3_plus_4_b+update_halo_kernel2_xvel_plus_2_b+update_halo_kernel2_yvel_minus_2_b
7199	0.000018565	123040	ops_par_loop_update_halo_kernel3_plus_2_b_22	update_halo_kernel3_plus_2_b
7200	0.000025208	553536	ops_par_loop_group_19	update_halo_kernel1_l2+update_halo_kernel3_minus_4_a
7201	0.000022413	553536	ops_par_loop_group_20	update_halo_kernel1_l1+update_halo_kernel3_minus_2_a
7202	0.000018855	123008	ops_par_loop_update_halo_kernel3_minus_4_b_25	update_halo_kernel3_minus_4_b
7203	0.000023605	553536	ops_par_loop_group_22	update_halo_kernel1_r2+update_halo_kernel3_minus_2_b
7204	0.000021581	430528	ops_par_loop_update_halo_kernel1_r1_18	update_halo_kernel1_r1
7205	0.000022523	369120	ops_par_loop_group_24	update_halo_kernel4_plus_4_a+update_halo_kernel2_xvel_minus_4_a+update_halo_kernel2_yvel_plus_4_a
7206	0.000020729	369120	ops_par_loop_group_25	update_halo_kernel4_plus_2_a+update_halo_kernel2_xvel_minus_2_a+update_halo_kernel2_yvel_plus_2_a
7207	0.000020429	246080	ops_par_loop_group_26	update_halo_kernel2_xvel_minus_4_b+update_halo_kernel2_yvel_plus_4_b
7208	0.000022332	369120	ops_par_loop_group_27	update_halo_kernel4_plus_4_b+update_halo_kernel2_xvel_minus_2_b+update_halo_kernel2_yvel_plus_2_b
7209	0.000017693	123040	ops_par_loop_update_halo_kernel4_plus_2_b_34	update_halo_kernel4_plus_2_b
7210	0.000562598	591053440	ops_par_loop_advec_cell_kernel1_xdir_35	advec_cell_kernel1_xdir
7211	0.000771303	708203544	ops_par_loop_advec_cell_kernel3_xdir_36	advec_cell_kernel3_xdir
7212	0.001464909	1533542400	ops_par_loop_advec_cell_kernel4_xdir_37	advec_cell_kernel4_xdir
7213	0.000020779	430528	ops_par_loop_update_halo_kernel1_b2_38	update_halo_kernel1_b2
7214	0.000019086	430528	ops_par_loop_update_halo_kernel1_b1_39	update_halo_kernel1_b1
7215	0.000020338	430528	ops_par_loop_update_halo_kernel1_t2_40	update_halo_kernel1_t2
7216	0.000020188	430528	ops_par_loop_update_halo_kernel1_t1_41	update_halo_kernel1_t1
7217	0.000018135	123040	ops_par_loop_update_halo_kernel3_plus_4_a_62	update_halo_kernel3_plus_4_a
7218	0.000018385	123040	ops_par_loop_update_halo_kernel3_plus_2_a_63	update_halo_kernel3_plus_2_a
7219	0.000017483	123040	ops_par_loop_update_halo_kernel3_plus_4_b_64	update_halo_kernel3_plus_4_b
7220	0.000018565	123040	ops_par_loop_update_halo_kernel3_plus_2_b_65	update_halo_kernel3_plus_2_b
7221	0.000025318	553536	ops_par_loop_group_40	update_halo_kernel1_l2+update_halo_kernel3_minus_4_a
7222	0.000029466	553536	ops_par_loop_group_41	update_halo_kernel1_l1+update_halo_kernel3_minus_2_a
7223	0.000020208	123008	ops_par_loop_update_halo_kernel3_minus_4_b_68	update_halo_kernel3_minus_4_b
7224	0.000024055	553536	ops_par_loop_group_43	update_halo_kernel1_r2+update_halo_kernel3_minus_2_b
7225	0.000020809	430528	ops_par_loop_update_halo_kernel1_r1_45	update_halo_kernel1_r1
7226	0.000562547	591053440	ops_par_loop_advec_mom_kernel_x1_70	advec_mom_kernel_x1
7227	0.000193828	236236864	ops_par_loop_advec_mom_kernel_mass_flux_x_71	advec_mom_kernel_mass_flux_x
7228	0.000574710	590438520	ops_par_loop_advec_mom_kernel_post_pre_advec_x_72	advec_mom_kernel_post_pre_advec_x
7229	0.000880701	472258640	ops_par_loop_advec_mom_kernel1_x_nonvector_73	advec_mom_kernel1_x_nonvector
7230	0.000452849	590131240	ops_par_loop_advec_mom_kernel2_x_74	advec_mom_kernel2_x
7231	0.000563679	591053440	ops_par_loop_advec_mom_kernel_x1_75	advec_mom_kernel_x1
7232	0.000193297	236236864	ops_par_loop_advec_mom_kernel_mass_flux_x_76	advec_mom_kernel_mass_flux_x
7233	0.000574920	590438520	ops_par_loop_advec_mom_kernel_post_pre_advec_x_77	advec_mom_kernel_post_pre_advec_x
7234	0.000882744	472258640	ops_par_loop_advec_mom_kernel1_x_nonvector_78	advec_mom_kernel1_x_nonvector
7235	0.000446607	590131240	ops_par_loop_advec_mom_kernel2_x_79	advec_mom_kernel2_x
7236	0.000502824	472842752	ops_par_loop_advec_cell_kernel2_ydir_80	advec_cell_kernel2_ydir
7237	0.000788055	708203544	ops_par_loop_advec_cell_kernel3_ydir_81	advec_cell_kernel3_ydir
7238	0.001473926	1533542400	ops_par_loop_advec_cell_kernel4_ydir_82	advec_cell_kernel4_ydir
7239	0.000022884	553536	ops_par_loop_group_58	update_halo_kernel1_b2+update_halo_kernel4_minus_4_a
7240	0.000022162	553536	ops_par_loop_group_59	update_halo_kernel1_b1+update_halo_kernel4_minus_2_a
7241	0.000022393	369120	ops_par_loop_group_60	update_halo_kernel2_xvel_plus_4_a+update_halo_kernel2_yvel_minus_4_a+update_halo_kernel3_plus_4_a
7242	0.000021321	369120	ops_par_loop_group_61	update_halo_kernel2_xvel_plus_2_a+update_halo_kernel2_yvel_minus_2_a+update_halo_kernel3_plus_2_a
7243	0.000020649	246080	ops_par_loop_group_62	update_halo_kernel2_xvel_plus_4_b+update_halo_kernel2_yvel_minus_4_b
7244	0.000021040	369120	ops_par_loop_group_63	update_halo_kernel2_xvel_plus_2_b+update_halo_kernel2_yvel_minus_2_b+update_halo_kernel3_plus_4_b
7245	0.000020890	246080	ops_par_loop_group_64	update_halo_kernel2_xvel_minus_4_b+update_halo_kernel2_yvel_plus_4_b
7246	0.000019167	123040	ops_par_loop_update_halo_kernel3_plus_2_b_110	update_halo_kernel3_plus_2_b
7247	0.000019697	123008	ops_par_loop_update_halo_kernel3_minus_4_b_113	update_halo_kernel3_minus_4_b
7248	0.000018155	123008	ops_par_loop_update_halo_kernel4_minus_4_b_117	update_halo_kernel4_minus_4_b
7249	0.000021361	553536	ops_par_loop_group_68	update_halo_kernel1_t2+update_halo_kernel4_minus_2_b
7250	0.000021090	430528	ops_par_loop_update_halo_kernel1_t1_86	update_halo_kernel1_t1
7251	0.000026450	553536	ops_par_loop_group_70	update_halo_kernel1_l2+update_halo_kernel3_minus_4_a
7252	0.000023465	553536	ops_par_loop_group_71	update_halo_kernel1_l1+update_halo_kernel3_minus_2_a
7253	0.000024466	553536	ops_par_loop_group_72	update_halo_kernel1_r2+update_halo_kernel3_minus_2_b
7254	0.000021571	430528	ops_par_loop_update_halo_kernel1_r1_90	update_halo_kernel1_r1
7255	0.000023304	369120	ops_par_loop_group_74	update_halo_kernel2_xvel_minus_4_a+update_halo_kernel2_yvel_plus_4_a+update_halo_kernel4_plus_4_a
7256	0.000021862	369120	ops_par_loop_group_75	update_halo_kernel2_xvel_minus_2_a+update_halo_kernel2_yvel_plus_2_a+update_halo_kernel4_plus_2_a
7257	0.000023725	369120	ops_par_loop_group_76	update_halo_kernel2_xvel_minus_2_b+update_halo_kernel2_yvel_plus_2_b+update_halo_kernel4_plus_4_b
7258	0.000018726	123040	ops_par_loop_update_halo_kernel4_plus_2_b_122	update_halo_kernel4_plus_2_b
7259	0.001783192	1416561152	ops_par_loop_group_78	advec_mom_kernel_y2+reset_field_kernel1+ideal_gas_kernel
7260	0.000193618	236236864	ops_par_loop_advec_mom_kernel_mass_flux_y_124	advec_mom_kernel_mass_flux_y
7261	0.000537269	590438520	ops_par_loop_advec_mom_kernel_post_pre_advec_y_125	advec_mom_kernel_post_pre_advec_y
7262	0.000877865	472258640	ops_par_loop_advec_mom_kernel1_y_nonvector_126	advec_mom_kernel1_y_nonvector
7263	0.000445606	590131240	ops_par_loop_advec_mom_kernel2_y_127	advec_mom_kernel2_y
7264	0.000490250	472842752	ops_par_loop_advec_mom_kernel_y2_128	advec_mom_kernel_y2
7265	0.000192645	236236864	ops_par_loop_advec_mom_kernel_mass_flux_y_129	advec_mom_kernel_mass_flux_y
7266	0.000531828	590438520	ops_par_loop_advec_mom_kernel_post_pre_advec_y_130	advec_mom_kernel_post_pre_advec_y
7267	0.000876873	472258640	ops_par_loop_advec_mom_kernel1_y_nonvector_131	advec_mom_kernel1_y_nonvector
7268	0.000731508	1062236232	ops_par_loop_group_87	advec_mom_kernel2_y+reset_field_kernel2
7269	0.000021200	430304	ops_par_loop_update_halo_kernel1_b1_136	update_halo_kernel1_b1
7270	0.000020469	430304	ops_par_loop_update_halo_kernel1_t1_137	update_halo_kernel1_t1
7271	0.000023444	430304	ops_par_loop_update_halo_kernel1_l1_138	update_halo_kernel1_l1
7272	0.000023445	430304	ops_par_loop_update_halo_kernel1_r1_139	update_halo_kernel1_r1
7273	0.000019157	245952	ops_par_loop_group_92	update_halo_kernel2_xvel_plus_2_a+update_halo_kernel2_yvel_minus_2_a
7274	0.000018746	245952	ops_par_loop_group_93	update_halo_kernel2_xvel_plus_2_b+update_halo_kernel2_yvel_minus_2_b
7275	0.000020509	245952	ops_par_loop_group_94	update_halo_kernel2_xvel_minus_2_a+update_halo_kernel2_yvel_plus_2_a
7276	0.000020599	245952	ops_par_loop_group_95	update_halo_kernel2_xvel_minus_2_b+update_halo_kernel2_yvel_plus_2_b
7277	0.001729821	589885440	ops_par_loop_viscosity_kernel_148	viscosity_kernel
7278	0.000021010	430304	ops_par_loop_update_halo_kernel1_b1_149	update_halo_kernel1_b1
7279	0.000020349	430304	ops_par_loop_update_halo_kernel1_t1_150	update_halo_kernel1_t1
7280	0.000022783	430304	ops_par_loop_update_halo_kernel1_l1_151	update_halo_kernel1_l1
7281	0.000022643	430304	ops_par_loop_update_halo_kernel1_r1_152	update_halo_kernel1_r1
7282	0.000914796	1061744640	ops_par_loop_calc_dt_kernel_153	calc_dt_kernel
7283	0.001480047	1887436800	ops_par_loop_group_0	PdV_kernel_predict+ideal_gas_kernel
7284	0.000022623	430304	ops_par_loop_update_halo_kernel1_b1_2	update_halo_kernel1_b1
7285	0.000020419	430304	ops_par_loop_update_halo_kernel1_t1_3	update_halo_kernel1_t1
7286	0.000023574	430304	ops_par_loop_update_halo_kernel1_l1_4	update_halo_kernel1_l1
7287	0.000023305	430304	ops_par_loop_update_halo_kernel1_r1_5	update_halo_kernel1_r1
7288	0.001555511	1770147928	ops_par_loop_group_5	revert_kernel+accelerate_kernel
7289	0.001358998	1651507200	ops_par_loop_PdV_kernel_nopredict_8	PdV_kernel_nopredict
7290	0.000363019	471982080	ops_par_loop_flux_calc_kernelx_9	flux_calc_kernelx
7291	0.000357698	471982080	ops_par_loop_flux_calc_kernely_10	flux_calc_kernely
7292	0.000021671	553536	ops_par_loop_group_9	update_halo_kernel1_b2+update_halo_kernel4_minus_4_a
7293	0.000026290	553536	ops_par_loop_group_10	update_halo_kernel1_b1+update_halo_kernel4_minus_2_a
7294	0.000021571	369120	ops_par_loop_group_11	update_halo_kernel3_plus_4_a+update_halo_kernel2_xvel_plus_4_a+update_halo_kernel2_yvel_minus_4_a
7295	0.000020388	369120	ops_par_loop_group_12	update_halo_kernel3_plus_2_a+update_halo_kernel2_xvel_plus_2_a+update_halo_kernel2_yvel_minus_2_a
7296	0.000017944	123008	ops_par_loop_update_halo_kernel4_minus_4_b_29	update_halo_kernel4_minus_4_b
7297	0.000020278	553536	ops_par_loop_group_14	update_halo_kernel1_t2+update_halo_kernel4_minus_2_b
7298	0.000019998	430528	ops_par_loop_update_halo_kernel1_t1_14	update_halo_kernel1_t1
7299	0.000020008	246080	ops_par_loop_group_16	update_halo_kernel2_xvel_plus_4_b+update_halo_kernel2_yvel_minus_4_b
7300	0.000020839	369120	ops_par_loop_group_17	update_halo_kernel3_plus_4_b+update_halo_kernel2_xvel_plus_2_b+update_halo_kernel2_yvel_minus_2_b
7301	0.000018215	123040	ops_par_loop_update_halo_kernel3_plus_2_b_22	update_halo_kernel3_plus_2_b
7302	0.000025669	553536	ops_par_loop_group_19	update_halo_kernel1_l2+update_halo_kernel3_minus_4_a
7303	0.000023284	553536	ops_par_loop_group_20	update_halo_kernel1_l1+update_halo_kernel3_minus_2_a
7304	0.000019407	123008	ops_par_loop_update_halo_kernel3_minus_4_b_25	update_halo_kernel3_minus_4_b
7305	0.000024055	553536	ops_par_loop_group_22	update_halo_kernel1_r2+update_halo_kernel3_minus_2_b
7306	0.000021271	430528	ops_par_loop_update_halo_kernel1_r1_18	update_halo_kernel1_r1
7307	0.000023033	369120	ops_par_loop_group_24	update_halo_kernel4_plus_4_a+update_halo_kernel2_xvel_minus_4_a+update_halo_kernel2_yvel_plus_4_a
7308	0.000021601	369120	ops_par_loop_group_25	update_halo_kernel4_plus_2_a+update_halo_kernel2_xvel_minus_2_a+update_halo_kernel2_yvel_plus_2_a
7309	0.000020449	246080	ops_par_loop_group_26	update_halo_kernel2_xvel_minus_4_b+update_halo_kernel2_yvel_plus_4_b
7310	0.000021761	369120	ops_par_loop_group_27	update_halo_kernel4_plus_4_b+update_halo_kernel2_xvel_minus_2_b+update_halo_kernel2_yvel_plus_2_b
7311	0.000017734	123040	ops_par_loop_update_halo_kernel4_plus_2_b_34	update_halo_kernel4_plus_2_b
7312	0.000563790	591053440	ops_par_loop_advec_cell_kernel1_ydir_35	advec_cell_kernel1_ydir
7313	0.000786692	708203544	ops_par_loop_advec_cell_kernel3_ydir_36	advec_cell_kernel3_ydir
7314	0.001472363	1533542400	ops_par_loop_advec_cell_kernel4_ydir_37	advec_cell_kernel4_ydir
7315	0.000021441	553536	ops_par_loop_group_32	update_halo_kernel1_b2+update_halo_kernel4_minus_4_a
7316	0.000020879	553536	ops_par_loop_group_33	update_halo_kernel1_b1+update_halo_kernel4_minus_2_a
7317	0.000017624	123008	ops_par_loop_update_halo_kernel4_minus_4_b_64	update_halo_kernel4_minus_4_b
7318	0.000021110	553536	ops_par_loop_group_35	update_halo_kernel1_t2+update_halo_kernel4_minus_2_b
7319	0.000019687	430528	ops_par_loop_update_halo_kernel1_t1_41	update_halo_kernel1_t1
7320	0.000023444	430528	ops_par_loop_update_halo_kernel1_l2_42	update_halo_kernel1_l2
7321	0.000020529	430528	ops_par_loop_update_halo_kernel1_l1_43	update_halo_kernel1_l1
7322	0.000022292	430528	ops_par_loop_update_halo_kernel1_r2_44	update_halo_kernel1_r2
7323	0.000020739	430528	ops_par_loop_update_halo_kernel1_r1_45	update_halo_kernel1_r1
7324	0.000019016	123040	ops_par_loop_update_halo_kernel4_plus_4_a_66	update_halo_kernel4_plus_4_a
7325	0.000017954	123040	ops_par_loop_update_halo_kernel4_plus_2_a_67	update_halo_kernel4_plus_2_a
7326	0.000018906	123040	ops_par_loop_update_halo_kernel4_plus_4_b_68	update_halo_kernel4_plus_4_b
7327	0.000017954	123040	ops_par_loop_update_halo_kernel4_plus_2_b_69	update_halo_kernel4_plus_2_b
7328	0.000561455	591053440	ops_par_loop_advec_mom_kernel_y1_70	advec_mom_kernel_y1
7329	0.000191584	236236864	ops_par_loop_advec_mom_kernel_mass_flux_y_71	advec_mom_kernel_mass_flux_y
7330	0.000532660	590438520	ops_par_loop_advec_mom_kernel_post_pre_advec_y_72	advec_mom_kernel_post_pre_advec_y
7331	0.000876012	472258640	ops_par_loop_advec_mom_kernel1_y_nonvector_73	advec_mom_kernel1_y_nonvector
7332	0.000448230	590131240	ops_par_loop_advec_mom_kernel2_y_74	advec_mom_kernel2_y
7333	0.000561696	591053440	ops_par_loop_advec_mom_kernel_y1_75	advec_mom_kernel_y1
7334	0.000191093	236236864	ops_par_loop_advec_mom_kernel_mass_flux_y_76	advec_mom_kernel_mass_flux_y
7335	0.000531278	590438520	ops_par_loop_advec_mom_kernel_post_pre_advec_y_77	advec_mom_kernel_post_pre_advec_y
7336	0.000871263	472258640	ops_par_loop_advec_mom_kernel1_y_nonvector_78	advec_mom_kernel1_y_nonvector
7337	0.000445596	590131240	ops_par_loop_advec_mom_kernel2_y_79	advec_mom_kernel2_y
7338	0.000490290	472842752	ops_par_loop_advec_cell_kernel2_xdir_80	advec_cell_kernel2_xdir
7339	0.000772566	708203544	ops_par_loop_advec_cell_kernel3_xdir_81	advec_cell_kernel3_xdir
7340	0.001461823	1533542400	ops_par_loop_advec_cell_kernel4_xdir_82	advec_cell_kernel4_xdir
7341	0.000022623	553536	ops_par_loop_group_58	update_halo_kernel1_b2+update_halo_kernel4_minus_4_a
7342	0.000020620	553536	ops_par_loop_group_59	update_halo_kernel1_b1+update_halo_kernel4_minus_2_a
7343	0.000021361	369120	ops_par_loop_group_60	update_halo_kernel2_xvel_plus_4_a+update_halo_kernel2_yvel_minus_4_a+update_halo_kernel3_plus_4_a
7344	0.000020800	369120	ops_par_loop_group_61	update_halo_kernel2_xvel_plus_2_a+update_halo_kernel2_yvel_minus_2_a+update_halo_kernel3_plus_2_a
7345	0.000019898	246080	ops_par_loop_group_62	update_halo_kernel2_xvel_plus_4_b+update_halo_kernel2_yvel_minus_4_b
7346	0.000021421	369120	ops_par_loop_group_63	update_halo_kernel2_xvel_plus_2_b+update_halo_kernel2_yvel_minus_2_b+update_halo_kernel3_plus_4_b
7347	0.000022462	246080	ops_par_loop_group_64	update_halo_kernel2_xvel_minus_4_b+update_halo_kernel2_yvel_plus_4_b
7348	0.000019116	123040	ops_par_loop_update_halo_kernel3_plus_2_b_110	update_halo_kernel3_plus_2_b
7349	0.000020349	123008	ops_par_loop_update_halo_kernel3_minus_4_b_113	update_halo_kernel3_minus_4_b
7350	0.000018976	123008	ops_par_loop_update_halo_kernel4_minus_4_b_117	update_halo_kernel4_minus_4_b
7351	0.000024466	553536	ops_par_loop_group_68	update_halo_kernel1_t2+update_halo_kernel4_minus_2_b
7352	0.000019447	430528	ops_par_loop_update_halo_kernel1_t1_86	update_halo_kernel1_t1
7353	0.000026460	553536	ops_par_loop_group_70	update_halo_kernel1_l2+update_halo_kernel3_minus_4_a
7354	0.000022954	553536	ops_par_loop_group_71	update_halo_kernel1_l1+update_halo_kernel3_minus_2_a
7355	0.000024336	553536	ops_par_loop_group_72	update_halo_kernel1_r2+update_halo_kernel3_minus_2_b
7356	0.000021881	430528	ops_par_loop_update_halo_kernel1_r1_90	update_halo_kernel1_r1
7357	0.000024196	369120	ops_par_loop_group_74	update_halo_kernel2_xvel_minus_4_a+update_halo_kernel2_yvel_plus_4_a+update_halo_kernel4_plus_4_a
7358	0.000021150	369120	ops_par_loop_group_75	update_halo_kernel2_xvel_minus_2_a+update_halo_kernel2_yvel_plus_2_a+update_halo_kernel4_plus_2_a
7359	0.000022743	369120	ops_par_loop_group_76	update_halo_kernel2_xvel_minus_2_b+update_halo_kernel2_yvel_plus_2_b+update_halo_kernel4_plus_4_b
7360	0.000019317	123040	ops_par_loop_update_halo_kernel4_plus_2_b_122	update_halo_kernel4_plus_2_b
7361	0.001780888	1416561152	ops_par_loop_group_78	advec_mom_kernel_x2+reset_field_kernel1+ideal_gas_kernel
7362	0.000195881	236236864	ops_par_loop_advec_mom_kernel_mass_flux_x_124	advec_mom_kernel_mass_flux_x
7363	0.000572426	590438520	ops_par_loop_advec_mom_kernel_post_pre_advec_x_125	advec_mom_kernel_post_pre_advec_x
7364	0.000880360	472258640	ops_par_loop_advec_mom_kernel1_x_nonvector_126	advec_mom_kernel1_x_nonvector
7365	0.000454121	590131240	ops_par_loop_advec_mom_kernel2_x_127	advec_mom_kernel2_x
7366	0.000496923	472842752	ops_par_loop_advec_mom_kernel_x2_128	advec_mom_kernel_x2
7367	0.000194529	236236864	ops_par_loop_advec_mom_kernel_mass_flux_x_129	advec_mom_kernel_mass_flux_x
7368	0.000572967	590438520	ops_par_loop_advec_mom_kernel_post_pre_advec_x_130	advec_mom_kernel_post_pre_advec_x
7369	0.000882625	472258640	ops_par_loop_advec_mom_kernel1_x_nonvector_131	advec_mom_kernel1_x_nonvector
7370	0.000729174	1062236232	ops_par_loop_group_87	advec_mom_kernel2_x+reset_field_kernel2
7371	0.000021270	430304	ops_par_loop_update_halo_kernel1_b1_136	update_halo_kernel1_b1
7372	0.000019847	430304	ops_par_loop_update_halo_kernel1_t1_137	update_halo_kernel1_t1
7373	0.000023084	430304	ops_par_loop_update_halo_kernel1_l1_138	update_halo_kernel1_l1
7374	0.000022784	430304	ops_par_loop_update_halo_kernel1_r1_139	update_halo_kernel1_r1
7375	0.000019336	245952	ops_par_loop_group_92	update_halo_kernel2_xvel_plus_2_a+update_halo_kernel2_yvel_minus_2_a
7376	0.000018445	245952	ops_par_loop_group_93	update_halo_kernel2_xvel_plus_2_b+update_halo_kernel2_yvel_minus_2_b
7377	0.000020850	245952	ops_par_loop_group_94	update_halo_kernel2_xvel_minus_2_a+update_halo_kernel2_yvel_plus_2_a
7378	0.000020479	245952	ops_par_loop_group_95	update_halo_kernel2_xvel_minus_2_b+update_halo_kernel2_yvel_plus_2_b
7379	0.001729912	589885440	ops_par_loop_viscosity_kernel_148	viscosity_kernel
7380	0.000021020	430304	ops_par_loop_update_halo_kernel1_b1_149	update_halo_kernel1_b1
7381	0.000019877	430304	ops_par_loop_update_halo_kernel1_t1_150	update_halo_kernel1_t1
7382	0.000022403	430304	ops_par_loop_update_halo_kernel1_l1_151	update_halo_kernel1_l1
7383	0.000022623	430304	ops_par_loop_update_halo_kernel1_r1_152	update_halo_kernel1_r1
7384	0.000914926	1061744640	ops_par_loop_calc_dt_kernel_153	calc_dt_kernel
7385	0.001487672	1887436800	ops_par_loop_group_0	PdV_kernel_predict+ideal_gas_kernel
7386	0.000022463	430304	ops_par_loop_update_halo_kernel1_b1_2	update_halo_kernel1_b1
7387	0.000020439	430304	ops_par_loop_update_halo_kernel1_t1_3	update_halo_kernel1_t1
7388	0.000023245	430304	ops_par_loop_update_halo_kernel1_l1_4	update_halo_kernel1_l1
7389	0.000023625	430304	ops_par_loop_update_halo_kernel1_r1_5	update_halo_kernel1_r1
7390	0.001558667	1770147928	ops_par_loop_group_5	revert_kernel+accelerate_kernel
7391	0.001358687	1651507200	ops_par_loop_PdV_kernel_nopredict_8	PdV_kernel_nopredict
7392	0.000358961	471982080	ops_par_loop_flux_calc_kernelx_9	flux_calc_kernelx
7393	0.000362077	471982080	ops_par_loop_flux_calc_kernely_10	flux_calc_kernely
7394	0.000023174	553536	ops_par_loop_group_9	update_halo_kernel1_b2+update_halo_kernel4_minus_4_a
7395	0.000021641	553536	ops_par_loop_group_10	update_halo_kernel1_b1+update_halo_kernel4_minus_2_a
7396	0.000020689	369120	ops_par_loop_group_11	update_halo_kernel3_plus_4_a+update_halo_kernel2_xvel_plus_4_a+update_halo_kernel2_yvel_minus_4_a
7397	0.000020129	369120	ops_par_loop_group_12	update_halo_kernel3_plus_2_a+update_halo_kernel2_xvel_plus_2_a+update_halo_kernel2_yvel_minus_2_a
7398	0.000018365	123008	ops_par_loop_update_halo_kernel4_minus_4_b_29	update_halo_kernel4_minus_4_b
7399	0.000020830	553536	ops_par_loop_group_14	update_halo_kernel1_t2+update_halo_kernel4_minus_2_b
7400	0.000019547	430528	ops_par_loop_update_halo_kernel1_t1_14	update_halo_kernel1_t1
7401	0.000018815	246080	ops_par_loop_group_16	update_halo_kernel2_xvel_plus_4_b+update_halo_kernel2_yvel_minus_4_b
7402	0.000019908	369120	ops_par_loop_group_17	update_halo_kernel3_plus_4_b+update_halo_kernel2_xvel_plus_2_b+update_halo_kernel2_yvel_minus_2_b
7403	0.000018425	123040	ops_par_loop_update_halo_kernel3_plus_2_b_22	update_halo_kernel3_plus_2_b
7404	0.000026240	553536	ops_par_loop_group_19	update_halo_kernel1_l2+update_halo_kernel3_minus_4_a
7405	0.000022643	553536	ops_par_loop_group_20	update_halo_kernel1_l1+update_halo_kernel3_minus_2_a
7406	0.000019116	123008	ops_par_loop_update_halo_kernel3_minus_4_b_25	update_halo_kernel3_minus_4_b
7407	0.000024206	553536	ops_par_loop_group_22	update_halo_kernel1_r2+update_halo_kernel3_minus_2_b
7408	0.000021712	430528	ops_par_loop_update_halo_kernel1_r1_18	update_halo_kernel1_r1
7409	0.000022262	369120	ops_par_loop_group_24	update_halo_kernel4_plus_4_a+update_halo_kernel2_xvel_minus_4_a+update_halo_kernel2_yvel_plus_4_a
7410	0.000021421	369120	ops_par_loop_group_25	update_halo_kernel4_plus_2_a+update_halo_kernel2_xvel_minus_2_a+update_halo_kernel2_yvel_plus_2_a
7411	0.000020930	246080	ops_par_loop_group_26	update_halo_kernel2_xvel_minus_4_b+update_halo_kernel2_yvel_plus_4_b
7412	0.000022503	369120	ops_par_loop_group_27	update_halo_kernel4_plus_4_b+update_halo_kernel2_xvel_minus_2_b+update_halo_kernel2_yvel_plus_2_b
7413	0.000017784	123040	ops_par_loop_update_halo_kernel4_plus_2_b_34	update_halo_kernel4_plus_2_b
7414	0.000559862	591053440	ops_par_loop_advec_cell_kernel1_xdir_35	advec_cell_kernel1_xdir
7415	0.000771604	708203544	ops_par_loop_advec_cell_kernel3_xdir_36	advec_cell_kernel3_xdir
7416	0.001459709	1533542400	ops_par_loop_advec_cell_kernel4_xdir_37	advec_cell_kernel4_xdir
7417	0.000021080	430528	ops_par_loop_update_halo_kernel1_b2_38	update_halo_kernel1_b2
7418	0.000019868	430528	ops_par_loop_update_halo_kernel1_b1_39	update_halo_kernel1_b1
7419	0.000020369	430528	ops_par_loop_update_halo_kernel1_t2_40	update_halo_kernel1_t2
7420	0.000020238	430528	ops_par_loop_update_halo_kernel1_t1_41	update_halo_kernel1_t1
7421	0.000018255	123040	ops_par_loop_update_halo_kernel3_plus_4_a_62	update_halo_kernel3_plus_4_a
7422	0.000018104	123040	ops_par_loop_update_halo_kernel3_plus_2_a_63	update_halo_kernel3_plus_2_a
7423	0.000018305	123040	ops_par_loop_update_halo_kernel3_plus_4_b_64	update_halo_kernel3_plus_4_b
7424	0.000018385	123040	ops_par_loop_update_halo_kernel3_plus_2_b_65	update_halo_kernel3_plus_2_b
7425	0.000025599	553536	ops_par_loop_group_40	update_halo_kernel1_l2+update_halo_kernel3_minus_4_a
7426	0.000022573	553536	ops_par_loop_group_41	update_halo_kernel1_l1+update_halo_kernel3_minus_2_a
7427	0.000018715	123008	ops_par_loop_update_halo_kernel3_minus_4_b_68	update_halo_kernel3_minus_4_b
7428	0.000024206	553536	ops_par_loop_group_43	update_halo_kernel1_r2+update_halo_kernel3_minus_2_b
7429	0.000021591	430528	ops_par_loop_update_halo_kernel1_r1_45	update_halo_kernel1_r1
7430	0.000563018	591053440	ops_par_loop_advec_mom_kernel_x1_70	advec_mom_kernel_x1
7431	0.000193978	236236864	ops_par_loop_advec_mom_kernel_mass_flux_x_71	advec_mom_kernel_mass_flux_x
7432	0.000573427	590438520	ops_par_loop_advec_mom_kernel_post_pre_advec_x_72	advec_mom_kernel_post_pre_advec_x
7433	0.000881092	472258640	ops_par_loop_advec_mom_kernel1_x_nonvector_73	advec_mom_kernel1_x_nonvector
7434	0.000447549	590131240	ops_par_loop_advec_mom_kernel2_x_74	advec_mom_kernel2_x
7435	0.000563108	591053440	ops_par_loop_advec_mom_kernel_x1_75	advec_mom_kernel_x1
7436	0.000194108	236236864	ops_par_loop_advec_mom_kernel_mass_flux_x_76	advec_mom_kernel_mass_flux_x
7437	0.000572355	590438520	ops_par_loop_advec_mom_kernel_post_pre_advec_x_77	advec_mom_kernel_post_pre_advec_x
7438	0.000882364	472258640	ops_par_loop_advec_mom_kernel1_x_nonvector_78	advec_mom_kernel1_x_nonvector
7439	0.000449794	590131240	ops_par_loop_advec_mom_kernel2_x_79	advec_mom_kernel2_x
7440	0.000497033	472842752	ops_par_loop_advec_cell_kernel2_ydir_80	advec_cell_kernel2_ydir
7441	0.000786833	708203544	ops_par_loop_advec_cell_kernel3_ydir_81	advec_cell_kernel3_ydir
7442	0.001471151	1533542400	ops_par_loop_advec_cell_kernel4_ydir_82	advec_cell_kernel4_ydir
7443	0.000021942	553536	ops_par_loop_group_58	update_halo_kernel1_b2+update_halo_kernel4_minus_4_a
7444	0.000020569	553536	ops_par_loop_group_59	update_halo_kernel1_b1+update_halo_kernel4_minus_2_a
7445	0.000020979	369120	ops_par_loop_group_60	update_halo_kernel2_xvel_plus_4_a+update_halo_kernel2_yvel_minus_4_a+update_halo_kernel3_plus_4_a
7446	0.000020889	369120	ops_par_loop_group_61	update_halo_kernel2_xvel_plus_2_a+update_halo_kernel2_yvel_minus_2_a+update_halo_kernel3_plus_2_a
7447	0.000019688	246080	ops_par_loop_group_62	update_halo_kernel2_xvel_plus_4_b+update_halo_kernel2_yvel_minus_4_b
7448	0.000020108	369120	ops_par_loop_group_63	update_halo_kernel2_xvel_plus_2_b+update_halo_kernel2_yvel_minus_2_b+update_halo_kernel3_plus_4_b
7449	0.000021060	246080	ops_par_loop_group_64	update_halo_kernel2_xvel_minus_4_b+update_halo_kernel2_yvel_plus_4_b
7450	0.000019397	123040	ops_par_loop_update_halo_kernel3_plus_2_b_110	update_halo_kernel3_plus_2_b
7451	0.000019147	123008	ops_par_loop_update_halo_kernel3_minus_4_b_113	update_halo_kernel3_minus_4_b
7452	0.000017874	123008	ops_par_loop_update_halo_kernel4_minus_4_b_117	update_halo_kernel4_minus_4_b
7453	0.000020900	553536	ops_par_loop_group_68	update_halo_kernel1_t2+update_halo_kernel4_minus_2_b
7454	0.000020178	430528	ops_par_loop_update_halo_kernel1_t1_86	update_halo_kernel1_t1
7455	0.000027121	553536	ops_par_loop_group_70	update_halo_kernel1_l2+update_halo_kernel3_minus_4_a
7456	0.000023063	553536	ops_par_loop_group_71	update_halo_kernel1_l1+update_halo_kernel3_minus_2_a
7457	0.000024727	553536	ops_par_loop_group_72	update_halo_kernel1_r2+update_halo_kernel3_minus_2_b
7458	0.000021440	430528	ops_par_loop_update_halo_kernel1_r1_90	update_halo_kernel1_r1
7459	0.000023574	369120	ops_par_loop_group_74	update_halo_kernel2_xvel_minus_4_a+update_halo_kernel2_yvel_plus_4_a+update_halo_kernel4_plus_4_a
7460	0.000021090	369120	ops_par_loop_group_75	update_halo_kernel2_xvel_minus_2_a+update_halo_kernel2_yvel_plus_2_a+update_halo_kernel4_plus_2_a
7461	0.000023023	369120	ops_par_loop_group_76	update_halo_kernel2_xvel_minus_2_b+update_halo_kernel2_yvel_plus_2_b+update_halo_kernel4_plus_4_b
7462	0.000018234	123040	ops_par_loop_update_halo_kernel4_plus_2_b_122	update_halo_kernel4_plus_2_b
7463	0.001798682	1416561152	ops_par_loop_group_78	advec_mom_kernel_y2+reset_field_kernel1+ideal_gas_kernel
7464	0.000194589	236236864	ops_par_loop_advec_mom_kernel_mass_flux_y_124	advec_mom_kernel_mass_flux_y
7465	0.000530045	590438520	ops_par_loop_advec_mom_kernel_post_pre_advec_y_125	advec_mom_kernel_post_pre_advec_y
7466	0.000876633	472258640	ops_par_loop_advec_mom_kernel1_y_nonvector_126	advec_mom_kernel1_y_nonvector
7467	0.000448972	590131240	ops_par_loop_advec_mom_kernel2_y_127	advec_mom_kernel2_y
7468	0.000490590	472842752	ops_par_loop_advec_mom_kernel_y2_128	advec_mom_kernel_y2
7469	0.000192215	236236864	ops_par_loop_advec_mom_kernel_mass_flux_y_129	advec_mom_kernel_mass_flux_y
7470	0.000532139	590438520	ops_par_loop_advec_mom_kernel_post_pre_advec_y_130	advec_mom_kernel_post_pre_advec_y
7471	0.000871474	472258640	ops_par_loop_advec_mom_kernel1_y_nonvector_131	advec_mom_kernel1_y_nonvector
7472	0.000732850	1062236232	ops_par_loop_group_87	advec_mom_kernel2_y+reset_field_kernel2
7473	0.000021802	430304	ops_par_loop_update_halo_kernel1_b1_136	update_halo_kernel1_b1
7474	0.000020058	430304	ops_par_loop_update_halo_kernel1_t1_137	update_halo_kernel1_t1
7475	0.000024316	430304	ops_par_loop_update_halo_kernel1_l1_138	update_halo_kernel1_l1
7476	0.000024447	430304	ops_par_loop_update_halo_kernel1_r1_139	update_halo_kernel1_r1
7477	0.000019828	245952	ops_par_loop_group_92	update_halo_kernel2_xvel_plus_2_a+update_halo_kernel2_yvel_minus_2_a
7478	0.000020960	245952	ops_par_loop_group_93	update_halo_kernel2_xvel_plus_2_b+update_halo_kernel2_yvel_minus_2_b
7479	0.000021030	245952	ops_par_loop_group_94	update_halo_kernel2_xvel_minus_2_a+update_halo_kernel2_yvel_plus_2_a
7480	0.000023094	245952	ops_par_loop_group_95	update_halo_kernel2_xvel_minus_2_b+update_halo_kernel2_yvel_plus_2_b
7481	0.001729371	589885440	ops_par_loop_viscosity_kernel_148	viscosity_kernel
7482	0.000020869	430304	ops_par_loop_update_halo_kernel1_b1_149	update_halo_kernel1_b1
7483	0.000020148	430304	ops_par_loop_update_halo_kernel1_t1_150	update_halo_kernel1_t1
7484	0.000023665	430304	ops_par_loop_update_halo_kernel1_l1_151	update_halo_kernel1_l1
7485	0.000022694	430304	ops_par_loop_update_halo_kernel1_r1_152	update_halo_kernel1_r1
7486	0.000915687	1061744640	ops_par_loop_calc_dt_kernel_153	calc_dt_kernel
7487	0.001486720	1887436800	ops_par_loop_group_0	PdV_kernel_predict+ideal_gas_kernel
7488	0.000022913	430304	ops_par_loop_update_halo_kernel1_b1_2	update_halo_kernel1_b1
7489	0.000019777	430304	ops_par_loop_update_halo_kernel1_t1_3	update_halo_kernel1_t1
7490	0.000024316	430304	ops_par_loop_update_halo_kernel1_l1_4	update_halo_kernel1_l1
7491	0.000023184	430304	ops_par_loop_update_halo_kernel1_r1_5	update_halo_kernel1_r1
7492	0.001555842	1770147928	ops_par_loop_group_5	revert_kernel+accelerate_kernel
7493	0.001355982	1651507200	ops_par_loop_PdV_kernel_nopredict_8	PdV_kernel_nopredict
7494	0.000359161	471982080	ops_par_loop_flux_calc_kernelx_9	flux_calc_kernelx
7495	0.000358450	471982080	ops_par_loop_flux_calc_kernely_10	flux_calc_kernely
7496	0.000022583	553536	ops_par_loop_group_9	update_halo_kernel1_b2+update_halo_kernel4_minus_4_a
7497	0.000020017	553536	ops_par_loop_group_10	update_halo_kernel1_b1+update_halo_kernel4_minus_2_a
7498	0.000021772	369120	ops_par_loop_group_11	update_halo_kernel3_plus_4_a+update_halo_kernel2_xvel_plus_4_a+update_halo_kernel2_yvel_minus_4_a
7499	0.000020780	369120	ops_par_loop_group_12	update_halo_kernel3_plus_2_a+update_halo_kernel2_xvel_plus_2_a+update_halo_kernel2_yvel_minus_2_a
7500	0.000018845	123008	ops_par_loop_update_halo_kernel4_minus_4_b_29	update_halo_kernel4_minus_4_b
7501	0.000020790	553536	ops_par_loop_group_14	update_halo_kernel1_t2+update_halo_kernel4_minus_2_b
7502	0.000020239	430528	ops_par_loop_update_halo_kernel1_t1_14	update_halo_kernel1_t1
7503	0.000019347	246080	ops_par_loop_group_16	update_halo_kernel2_xvel_plus_4_b+update_halo_kernel2_yvel_minus_4_b
7504	0.000019988	369120	ops_par_loop_group_17	update_halo_kernel3_plus_4_b+update_halo_kernel2_xvel_plus_2_b+update_halo_kernel2_yvel_minus_2_b
7505	0.000018365	123040	ops_par_loop_update_halo_kernel3_plus_2_b_22	update_halo_kernel3_plus_2_b
7506	0.000024897	553536	ops_par_loop_group_19	update_halo_kernel1_l2+update_halo_kernel3_minus_4_a
7507	0.000023044	553536	ops_par_loop_group_20	update_halo_kernel1_l1+update_halo_kernel3_minus_2_a
7508	0.000018705	123008	ops_par_loop_update_halo_kernel3_minus_4_b_25	update_halo_kernel3_minus_4_b
7509	0.000025037	553536	ops_par_loop_group_22	update_halo_kernel1_r2+update_halo_kernel3_minus_2_b
7510	0.000021150	430528	ops_par_loop_update_halo_kernel1_r1_18	update_halo_kernel1_r1
7511	0.000023044	369120	ops_par_loop_group_24	update_halo_kernel4_plus_4_a+update_halo_kernel2_xvel_minus_4_a+update_halo_kernel2_yvel_plus_4_a
7512	0.000021511	369120	ops_par_loop_group_25	update_halo_kernel4_plus_2_a+update_halo_kernel2_xvel_minus_2_a+update_halo_kernel2_yvel_plus_2_a
7513	0.000020449	246080	ops_par_loop_group_26	update_halo_kernel2_xvel_minus_4_b+update_halo_kernel2_yvel_plus_4_b
7514	0.000022051	369120	ops_par_loop_group_27	update_halo_kernel4_plus_4_b+update_halo_kernel2_xvel_minus_2_b+update_halo_kernel2_yvel_plus_2_b
7515	0.000018625	123040	ops_par_loop_update_halo_kernel4_plus_2_b_34	update_halo_kernel4_plus_2_b
7516	0.000561795	591053440	ops_par_loop_advec_cell_kernel1_ydir_35	advec_cell_kernel1_ydir
7517	0.000786923	708203544	ops_par_loop_advec_cell_kernel3_ydir_36	advec_cell_kernel3_ydir
7518	0.001469828	1533542400	ops_par_loop_advec_cell_kernel4_ydir_37	advec_cell_kernel4_ydir
7519	0.000022643	553536	ops_par_loop_group_32	update_halo_kernel1_b2+update_halo_kernel4_minus_4_a
7520	0.000020268	553536	ops_par_loop_group_33	update_halo_kernel1_b1+update_halo_kernel4_minus_2_a
7521	0.000017994	123008	ops_par_loop_update_halo_kernel4_minus_4_b_64	update_halo_kernel4_minus_4_b
7522	0.000021380	553536	ops_par_loop_group_35	update_halo_kernel1_t2+update_halo_kernel4_minus_2_b
7523	0.000020078	430528	ops_par_loop_update_halo_kernel1_t1_41	update_halo_kernel1_t1
7524	0.000024186	430528	ops_par_loop_update_halo_kernel1_l2_42	update_halo_kernel1_l2
7525	0.000021681	430528	ops_par_loop_update_halo_kernel1_l1_43	update_halo_kernel1_l1
7526	0.000023795	430528	ops_par_loop_update_halo_kernel1_r2_44	update_halo_kernel1_r2
7527	0.000021741	430528	ops_par_loop_update_halo_kernel1_r1_45	update_halo_kernel1_r1
7528	0.000018816	123040	ops_par_loop_update_halo_kernel4_plus_4_a_66	update_halo_kernel4_plus_4_a
7529	0.000017995	123040	ops_par_loop_update_halo_kernel4_plus_2_a_67	update_halo_kernel4_plus_2_a
7530	0.000018395	123040	ops_par_loop_update_halo_kernel4_plus_4_b_68	update_halo_kernel4_plus_4_b
7531	0.000018264	123040	ops_par_loop_update_halo_kernel4_plus_2_b_69	update_halo_kernel4_plus_2_b
7532	0.000562016	591053440	ops_par_loop_advec_mom_kernel_y1_70	advec_mom_kernel_y1
7533	0.000191703	236236864	ops_par_loop_advec_mom_kernel_mass_flux_y_71	advec_mom_kernel_mass_flux_y
7534	0.000529645	590438520	ops_par_loop_advec_mom_kernel_post_pre_advec_y_72	advec_mom_kernel_post_pre_advec_y
7535	0.000877895	472258640	ops_par_loop_advec_mom_kernel1_y_nonvector_73	advec_mom_kernel1_y_nonvector
7536	0.000444483	590131240	ops_par_loop_advec_mom_kernel2_y_74	advec_mom_kernel2_y
7537	0.000561816	591053440	ops_par_loop_advec_mom_kernel_y1_75	advec_mom_kernel_y1
7538	0.000190992	236236864	ops_par_loop_advec_mom_kernel_mass_flux_y_76	advec_mom_kernel_mass_flux_y
7539	0.000532350	590438520	ops_par_loop_advec_mom_kernel_post_pre_advec_y_77	advec_mom_kernel_post_pre_advec_y
7540	0.000871424	472258640	ops_par_loop_advec_mom_kernel1_y_nonvector_78	advec_mom_kernel1_y_nonvector
7541	0.000450895	590131240	ops_par_loop_advec_mom_kernel2_y_79	advec_mom_kernel2_y
7542	0.000490951	472842752	ops_par_loop_advec_cell_kernel2_xdir_80	advec_cell_kernel2_xdir
7543	0.000771924	708203544	ops_par_loop_advec_cell_kernel3_xdir_81	advec_cell_kernel3_xdir
7544	0.001458207	1533542400	ops_par_loop_advec_cell_kernel4_xdir_82	advec_cell_kernel4_xdir
7545	0.000022743	553536	ops_par_loop_group_58	update_halo_kernel1_b2+update_halo_kernel4_minus_4_a
7546	0.000020929	553536	ops_par_loop_group_59	update_halo_kernel1_b1+update_halo_kernel4_minus_2_a
7547	0.000021711	369120	ops_par_loop_group_60	update_halo_kernel2_xvel_plus_4_a+update_halo_kernel2_yvel_minus_4_a+update_halo_kernel3_plus_4_a
7548	0.000020970	369120	ops_par_loop_group_61	update_halo_kernel2_xvel_plus_2_a+update_halo_kernel2_yvel_minus_2_a+update_halo_kernel3_plus_2_a
7549	0.000018595	246080	ops_par_loop_group_62	update_halo_kernel2_xvel_plus_4_b+update_halo_kernel2_yvel_minus_4_b
7550	0.000020178	369120	ops_par_loop_group_63	update_halo_kernel2_xvel_plus_2_b+update_halo_kernel2_yvel_minus_2_b+update_halo_kernel3_plus_4_b
7551	0.000021971	246080	ops_par_loop_group_64	update_halo_kernel2_xvel_minus_4_b+update_halo_kernel2_yvel_plus_4_b
7552	0.000023405	123040	ops_par_loop_update_halo_kernel3_plus_2_b_110	update_halo_kernel3_plus_2_b
7553	0.000019066	123008	ops_par_loop_update_halo_kernel3_minus_4_b_113	update_halo_kernel3_minus_4_b
7554	0.000017753	123008	ops_par_loop_update_halo_kernel4_minus_4_b_117	update_halo_kernel4_minus_4_b
7555	0.000020880	553536	ops_par_loop_group_68	update_halo_kernel1_t2+update_halo_kernel4_minus_2_b
7556	0.000019928	430528	ops_par_loop_update_halo_kernel1_t1_86	update_halo_kernel1_t1
7557	0.000026761	553536	ops_par_loop_group_70	update_halo_kernel1_l2+update_halo_kernel3_minus_4_a
7558	0.000023845	553536	ops_par_loop_group_71	update_halo_kernel1_l1+update_halo_kernel3_minus_2_a
7559	0.000026189	553536	ops_par_loop_group_72	update_halo_kernel1_r2+update_halo_kernel3_minus_2_b
7560	0.000022252	430528	ops_par_loop_update_halo_kernel1_r1_90	update_halo_kernel1_r1
7561	0.000024206	369120	ops_par_loop_group_74	update_halo_kernel2_xvel_minus_4_a+update_halo_kernel2_yvel_plus_4_a+update_halo_kernel4_plus_4_a
7562	0.000021110	369120	ops_par_loop_group_75	update_halo_kernel2_xvel_minus_2_a+update_halo_kernel2_yvel_plus_2_a+update_halo_kernel4_plus_2_a
7563	0.000022453	369120	ops_par_loop_group_76	update_halo_kernel2_xvel_minus_2_b+update_halo_kernel2_yvel_plus_2_b+update_halo_kernel4_plus_4_b
7564	0.000018495	123040	ops_par_loop_update_halo_kernel4_plus_2_b_122	update_halo_kernel4_plus_2_b
7565	0.001797339	1416561152	ops_par_loop_group_78	advec_mom_kernel_x2+reset_field_kernel1+ideal_gas_kernel
7566	0.000195832	236236864	ops_par_loop_advec_mom_kernel_mass_flux_x_124	advec_mom_kernel_mass_flux_x
7567	0.000572165	590438520	ops_par_loop_advec_mom_kernel_post_pre_advec_x_125	advec_mom_kernel_post_pre_advec_x
7568	0.000880129	472258640	ops_par_loop_advec_mom_kernel1_x_nonvector_126	advec_mom_kernel1_x_nonvector
7569	0.000453640	590131240	ops_par_loop_advec_mom_kernel2_x_127	advec_mom_kernel2_x
7570	0.000498255	472842752	ops_par_loop_advec_mom_kernel_x2_128	advec_mom_kernel_x2
7571	0.000195691	236236864	ops_par_loop_advec_mom_kernel_mass_flux_x_129	advec_mom_kernel_mass_flux_x
7572	0.000576524	590438520	ops_par_loop_advec_mom_kernel_post_pre_advec_x_130	advec_mom_kernel_post_pre_advec_x
7573	0.000883095	472258640	ops_par_loop_advec_mom_kernel1_x_nonvector_131	advec_mom_kernel1_x_nonvector
7574	0.000731518	1062236232	ops_par_loop_group_87	advec_mom_kernel2_x+reset_field_kernel2
7575	0.000021301	430304	ops_par_loop_update_halo_kernel1_b1_136	update_halo_kernel1_b1
7576	0.000019928	430304	ops_par_loop_update_halo_kernel1_t1_137	update_halo_kernel1_t1
7577	0.000023985	430304	ops_par_loop_update_halo_kernel1_l1_138	update_halo_kernel1_l1
7578	0.000023224	430304	ops_par_loop_update_halo_kernel1_r1_139	update_halo_kernel1_r1
7579	0.000019346	245952	ops_par_loop_group_92	update_halo_kernel2_xvel_plus_2_a+update_halo_kernel2_yvel_minus_2_a
7580	0.000019106	245952	ops_par_loop_group_93	update_halo_kernel2_xvel_plus_2_b+update_halo_kernel2_yvel_minus_2_b
7581	0.000020268	245952	ops_par_loop_group_94	update_halo_kernel2_xvel_minus_2_a+update_halo_kernel2_yvel_plus_2_a
7582	0.000021060	245952	ops_par_loop_group_95	update_halo_kernel2_xvel_minus_2_b+update_halo_kernel2_yvel_plus_2_b
7583	0.001730603	589885440	ops_par_loop_viscosity_kernel_148	viscosity_kernel
7584	0.000024887	430304	ops_par_loop_update_halo_kernel1_b1_149	update_halo_kernel1_b1
7585	0.000020780	430304	ops_par_loop_update_halo_kernel1_t1_150	update_halo_kernel1_t1
7586	0.000025609	430304	ops_par_loop_update_halo_kernel1_l1_151	update_halo_kernel1_l1
7587	0.000024016	430304	ops_par_loop_update_halo_kernel1_r1_152	update_halo_kernel1_r1
7588	0.000916549	1061744640	ops_par_loop_calc_dt_kernel_153	calc_dt_kernel
7589	0.001487972	1887436800	ops_par_loop_group_0	PdV_kernel_predict+ideal_gas_kernel
7590	0.000022332	430304	ops_par_loop_update_halo_kernel1_b1_2	update_halo_kernel1_b1
7591	0.000019838	430304	ops_par_loop_update_halo_kernel1_t1_3	update_halo_kernel1_t1
7592	0.000024697	430304	ops_par_loop_update_halo_kernel1_l1_4	update_halo_kernel1_l1
7593	0.000023936	430304	ops_par_loop_update_halo_kernel1_r1_5	update_halo_kernel1_r1
7594	0.001552956	1770147928	ops_par_loop_group_5	revert_kernel+accelerate_kernel
7595	0.001425855	1651507200	ops_par_loop_PdV_kernel_nopredict_8	PdV_kernel_nopredict
7596	0.000360234	471982080	ops_par_loop_flux_calc_kernelx_9	flux_calc_kernelx
7597	0.000356336	471982080	ops_par_loop_flux_calc_kernely_10	flux_calc_kernely
7598	0.000021911	553536	ops_par_loop_group_9	update_halo_kernel1_b2+update_halo_kernel4_minus_4_a
7599	0.000020780	553536	ops_par_loop_group_10	update_halo_kernel1_b1+update_halo_kernel4_minus_2_a
7600	0.000020809	369120	ops_par_loop_group_11	update_halo_kernel3_plus_4_a+update_halo_kernel2_xvel_plus_4_a+update_halo_kernel2_yvel_minus_4_a
7601	0.000020099	369120	ops_par_loop_group_12	update_halo_kernel3_plus_2_a+update_halo_kernel2_xvel_plus_2_a+update_halo_kernel2_yvel_minus_2_a
7602	0.000018495	123008	ops_par_loop_update_halo_kernel4_minus_4_b_29	update_halo_kernel4_minus_4_b
7603	0.000021080	553536	ops_par_loop_group_14	update_halo_kernel1_t2+update_halo_kernel4_minus_2_b
7604	0.000019727	430528	ops_par_loop_update_halo_kernel1_t1_14	update_halo_kernel1_t1
7605	0.000019667	246080	ops_par_loop_group_16	update_halo_kernel2_xvel_plus_4_b+update_halo_kernel2_yvel_minus_4_b
7606	0.000019728	369120	ops_par_loop_group_17	update_halo_kernel3_plus_4_b+update_halo_kernel2_xvel_plus_2_b+update_halo_kernel2_yvel_minus_2_b
7607	0.000018896	123040	ops_par_loop_update_halo_kernel3_plus_2_b_22	update_halo_kernel3_plus_2_b
7608	0.000025689	553536	ops_par_loop_group_19	update_halo_kernel1_l2+update_halo_kernel3_minus_4_a
7609	0.000022423	553536	ops_par_loop_group_20	update_halo_kernel1_l1+update_halo_kernel3_minus_2_a
7610	0.000018555	123008	ops_par_loop_update_halo_kernel3_minus_4_b_25	update_halo_kernel3_minus_4_b
7611	0.000023826	553536	ops_par_loop_group_22	update_halo_kernel1_r2+update_halo_kernel3_minus_2_b
7612	0.000021371	430528	ops_par_loop_update_halo_kernel1_r1_18	update_halo_kernel1_r1
7613	0.000022813	369120	ops_par_loop_group_24	update_halo_kernel4_plus_4_a+update_halo_kernel2_xvel_minus_4_a+update_halo_kernel2_yvel_plus_4_a
7614	0.000020709	369120	ops_par_loop_group_25	update_halo_kernel4_plus_2_a+update_halo_kernel2_xvel_minus_2_a+update_halo_kernel2_yvel_plus_2_a
7615	0.000020429	246080	ops_par_loop_group_26	update_halo_kernel2_xvel_minus_4_b+update_halo_kernel2_yvel_plus_4_b
7616	0.000022302	369120	ops_par_loop_group_27	update_halo_kernel4_plus_4_b+update_halo_kernel2_xvel_minus_2_b+update_halo_kernel2_yvel_plus_2_b
7617	0.000017533	123040	ops_par_loop_update_halo_kernel4_plus_2_b_34	update_halo_kernel4_plus_2_b
7618	0.000560834	591053440	ops_par_loop_advec_cell_kernel1_xdir_35	advec_cell_kernel1_xdir
7619	0.000772124	708203544	ops_par_loop_advec_cell_kernel3_xdir_36	advec_cell_kernel3_xdir
7620	0.001457485	1533542400	ops_par_loop_advec_cell_kernel4_xdir_37	advec_cell_kernel4_xdir
7621	0.000021541	430528	ops_par_loop_update_halo_kernel1_b2_38	update_halo_kernel1_b2
7622	0.000018745	430528	ops_par_loop_update_halo_kernel1_b1_39	update_halo_kernel1_b1
7623	0.000021020	430528	ops_par_loop_update_halo_kernel1_t2_40	update_halo_kernel1_t2
7624	0.000020218	430528	ops_par_loop_update_halo_kernel1_t1_41	update_halo_kernel1_t1
7625	0.000018205	123040	ops_par_loop_update_halo_kernel3_plus_4_a_62	update_halo_kernel3_plus_4_a
7626	0.000018295	123040	ops_par_loop_update_halo_kernel3_plus_2_a_63	update_halo_kernel3_plus_2_a
7627	0.000018164	123040	ops_par_loop_update_halo_kernel3_plus_4_b_64	update_halo_kernel3_plus_4_b
7628	0.000018084	123040	ops_par_loop_update_halo_kernel3_plus_2_b_65	update_halo_kernel3_plus_2_b
7629	0.000025839	553536	ops_par_loop_group_40	update_halo_kernel1_l2+update_halo_kernel3_minus_4_a
7630	0.000022773	553536	ops_par_loop_group_41	update_halo_kernel1_l1+update_halo_kernel3_minus_2_a
7631	0.000018685	123008	ops_par_loop_update_halo_kernel3_minus_4_b_68	update_halo_kernel3_minus_4_b
7632	0.000023935	553536	ops_par_loop_group_43	update_halo_kernel1_r2+update_halo_kernel3_minus_2_b
7633	0.000021531	430528	ops_par_loop_update_halo_kernel1_r1_45	update_halo_kernel1_r1
7634	0.000562658	591053440	ops_par_loop_advec_mom_kernel_x1_70	advec_mom_kernel_x1
7635	0.000193837	236236864	ops_par_loop_advec_mom_kernel_mass_flux_x_71	advec_mom_kernel_mass_flux_x
7636	0.000572667	590438520	ops_par_loop_advec_mom_kernel_post_pre_advec_x_72	advec_mom_kernel_post_pre_advec_x
7637	0.000880330	472258640	ops_par_loop_advec_mom_kernel1_x_nonvector_73	advec_mom_kernel1_x_nonvector
7638	0.000448140	590131240	ops_par_loop_advec_mom_kernel2_x_74	advec_mom_kernel2_x
7639	0.000562157	591053440	ops_par_loop_advec_mom_kernel_x1_75	advec_mom_kernel_x1
7640	0.000193597	236236864	ops_par_loop_advec_mom_kernel_mass_flux_x_76	advec_mom_kernel_mass_flux_x
7641	0.000572346	590438520	ops_par_loop_advec_mom_kernel_post_pre_advec_x_77	advec_mom_kernel_post_pre_advec_x
7642	0.000882594	472258640	ops_par_loop_advec_mom_kernel1_x_nonvector_78	advec_mom_kernel1_x_nonvector
7643	0.000450895	590131240	ops_par_loop_advec_mom_kernel2_x_79	advec_mom_kernel2_x
7644	0.000497825	472842752	ops_par_loop_advec_cell_kernel2_ydir_80	advec_cell_kernel2_ydir
7645	0.000787073	708203544	ops_par_loop_advec_cell_kernel3_ydir_81	advec_cell_kernel3_ydir
7646	0.001474898	1533542400	ops_par_loop_advec_cell_kernel4_ydir_82	advec_cell_kernel4_ydir
7647	0.000022312	553536	ops_par_loop_group_58	update_halo_kernel1_b2+update_halo_kernel4_minus_4_a
7648	0.000025558	553536	ops_par_loop_group_59	update_halo_kernel1_b1+update_halo_kernel4_minus_2_a
7649	0.000020959	369120	ops_par_loop_group_60	update_halo_kernel2_xvel_plus_4_a+update_halo_kernel2_yvel_minus_4_a+update_halo_kernel3_plus_4_a
7650	0.000021480	369120	ops_par_loop_group_61	update_halo_kernel2_xvel_plus_2_a+update_halo_kernel2_yvel_minus_2_a+update_halo_kernel3_plus_2_a
7651	0.000019397	246080	ops_par_loop_group_62	update_halo_kernel2_xvel_plus_4_b+update_halo_kernel2_yvel_minus_4_b
7652	0.000020950	369120	ops_par_loop_group_63	update_halo_kernel2_xvel_plus_2_b+update_halo_kernel2_yvel_minus_2_b+update_halo_kernel3_plus_4_b
7653	0.000021541	246080	ops_par_loop_group_64	update_halo_kernel2_xvel_minus_4_b+update_halo_kernel2_yvel_plus_4_b
7654	0.000019346	123040	ops_par_loop_update_halo_kernel3_plus_2_b_110	update_halo_kernel3_plus_2_b
7655	0.000019507	123008	ops_par_loop_update_halo_kernel3_minus_4_b_113	update_halo_kernel3_minus_4_b
7656	0.000017484	123008	ops_par_loop_update_halo_kernel4_minus_4_b_117	update_halo_kernel4_minus_4_b
7657	0.000020328	553536	ops_par_loop_group_68	update_halo_kernel1_t2+update_halo_kernel4_minus_2_b
7658	0.000019697	430528	ops_par_loop_update_halo_kernel1_t1_86	update_halo_kernel1_t1
7659	0.000027162	553536	ops_par_loop_group_70	update_halo_kernel1_l2+update_halo_kernel3_minus_4_a
7660	0.000023154	553536	ops_par_loop_group_71	update_halo_kernel1_l1+update_halo_kernel3_minus_2_a
7661	0.000024747	553536	ops_par_loop_group_72	update_halo_kernel1_r2+update_halo_kernel3_minus_2_b
7662	0.000021020	430528	ops_par_loop_update_halo_kernel1_r1_90	update_halo_kernel1_r1
7663	0.000023645	369120	ops_par_loop_group_74	update_halo_kernel2_xvel_minus_4_a+update_halo_kernel2_yvel_plus_4_a+update_halo_kernel4_plus_4_a
7664	0.000021461	369120	ops_par_loop_group_75	update_halo_kernel2_xvel_minus_2_a+update_halo_kernel2_yvel_plus_2_a+update_halo_kernel4_plus_2_a
7665	0.000022082	369120	ops_par_loop_group_76	update_halo_kernel2_xvel_minus_2_b+update_halo_kernel2_yvel_plus_2_b+update_halo_kernel4_plus_4_b
7666	0.000018155	123040	ops_par_loop_update_halo_kernel4_plus_2_b_122	update_halo_kernel4_plus_2_b
7667	0.001803351	1416561152	ops_par_loop_group_78	advec_mom_kernel_y2+reset_field_kernel1+ideal_gas_kernel
7668	0.000194760	236236864	ops_par_loop_advec_mom_kernel_mass_flux_y_124	advec_mom_kernel_mass_flux_y
7669	0.000531047	590438520	ops_par_loop_advec_mom_kernel_post_pre_advec_y_125	advec_mom_kernel_post_pre_advec_y
7670	0.000877224	472258640	ops_par_loop_advec_mom_kernel1_y_nonvector_126	advec_mom_kernel1_y_nonvector
7671	0.000451276	590131240	ops_par_loop_advec_mom_kernel2_y_127	advec_mom_kernel2_y
7672	0.000492043	472842752	ops_par_loop_advec_mom_kernel_y2_128	advec_mom_kernel_y2
7673	0.000192335	236236864	ops_par_loop_advec_mom_kernel_mass_flux_y_129	advec_mom_kernel_mass_flux_y
7674	0.000535656	590438520	ops_par_loop_advec_mom_kernel_post_pre_advec_y_130	advec_mom_kernel_post_pre_advec_y
7675	0.000873066	472258640	ops_par_loop_advec_mom_kernel1_y_nonvector_131	advec_mom_kernel1_y_nonvector
7676	0.000734223	1062236232	ops_par_loop_group_87	advec_mom_kernel2_y+reset_field_kernel2
7677	0.000022242	430304	ops_par_loop_update_halo_kernel1_b1_136	update_halo_kernel1_b1
7678	0.000021040	430304	ops_par_loop_update_halo_kernel1_t1_137	update_halo_kernel1_t1
7679	0.000024166	430304	ops_par_loop_update_halo_kernel1_l1_138	update_halo_kernel1_l1
7680	0.000024947	430304	ops_par_loop_update_halo_kernel1_r1_139	update_halo_kernel1_r1
7681	0.000019747	245952	ops_par_loop_group_92	update_halo_kernel2_xvel_plus_2_a+update_halo_kernel2_yvel_minus_2_a
7682	0.000020098	245952	ops_par_loop_group_93	update_halo_kernel2_xvel_plus_2_b+update_halo_kernel2_yvel_minus_2_b
7683	0.000021230	245952	ops_par_loop_group_94	update_halo_kernel2_xvel_minus_2_a+update_halo_kernel2_yvel_plus_2_a
7684	0.000022222	245952	ops_par_loop_group_95	update_halo_kernel2_xvel_minus_2_b+update_halo_kernel2_yvel_plus_2_b
7685	0.001731555	589885440	ops_par_loop_viscosity_kernel_148	viscosity_kernel
7686	0.000021391	430304	ops_par_loop_update_halo_kernel1_b1_149	update_halo_kernel1_b1
7687	0.000020279	430304	ops_par_loop_update_halo_kernel1_t1_150	update_halo_kernel1_t1
7688	0.000022803	430304	ops_par_loop_update_halo_kernel1_l1_151	update_halo_kernel1_l1
7689	0.000022763	430304	ops_par_loop_update_halo_kernel1_r1_152	update_halo_kernel1_r1
7690	0.000915487	1061744640	ops_par_loop_calc_dt_kernel_153	calc_dt_kernel
7691	0.001486250	1887436800	ops_par_loop_group_0	PdV_kernel_predict+ideal_gas_kernel
7692	0.000022823	430304	ops_par_loop_update_halo_kernel1_b1_2	update_halo_kernel1_b1
7693	0.000020259	430304	ops_par_loop_update_halo_kernel1_t1_3	update_halo_kernel1_t1
7694	0.000023845	430304	ops_par_loop_update_halo_kernel1_l1_4	update_halo_kernel1_l1
7695	0.000023454	430304	ops_par_loop_update_halo_kernel1_r1_5	update_halo_kernel1_r1
7696	0.001559529	1770147928	ops_par_loop_group_5	revert_kernel+accelerate_kernel
7697	0.001352777	1651507200	ops_par_loop_PdV_kernel_nopredict_8	PdV_kernel_nopredict
7698	0.000359251	471982080	ops_par_loop_flux_calc_kernelx_9	flux_calc_kernelx
7699	0.000356907	471982080	ops_par_loop_flux_calc_kernely_10	flux_calc_kernely
7700	0.000022413	553536	ops_par_loop_group_9	update_halo_kernel1_b2+update_halo_kernel4_minus_4_a
7701	0.000020479	553536	ops_par_loop_group_10	update_halo_kernel1_b1+update_halo_kernel4_minus_2_a
7702	0.000020739	369120	ops_par_loop_group_11	update_halo_kernel3_plus_4_a+update_halo_kernel2_xvel_plus_4_a+update_halo_kernel2_yvel_minus_4_a
7703	0.000020649	369120	ops_par_loop_group_12	update_halo_kernel3_plus_2_a+update_halo_kernel2_xvel_plus_2_a+update_halo_kernel2_yvel_minus_2_a
7704	0.000017864	123008	ops_par_loop_update_halo_kernel4_minus_4_b_29	update_halo_kernel4_minus_4_b
7705	0.000021180	553536	ops_par_loop_group_14	update_halo_kernel1_t2+update_halo_kernel4_minus_2_b
7706	0.000019897	430528	ops_par_loop_update_halo_kernel1_t1_14	update_halo_kernel1_t1
7707	0.000020318	246080	ops_par_loop_group_16	update_halo_kernel2_xvel_plus_4_b+update_halo_kernel2_yvel_minus_4_b
7708	0.000020389	369120	ops_par_loop_group_17	update_halo_kernel3_plus_4_b+update_halo_kernel2_xvel_plus_2_b+update_halo_kernel2_yvel_minus_2_b
7709	0.000018025	123040	ops_par_loop_update_halo_kernel3_plus_2_b_22	update_halo_kernel3_plus_2_b
7710	0.000025469	553536	ops_par_loop_group_19	update_halo_kernel1_l2+update_halo_kernel3_minus_4_a
7711	0.000023484	553536	ops_par_loop_group_20	update_halo_kernel1_l1+update_halo_kernel3_minus_2_a
7712	0.000019487	123008	ops_par_loop_update_halo_kernel3_minus_4_b_25	update_halo_kernel3_minus_4_b
7713	0.000023905	553536	ops_par_loop_group_22	update_halo_kernel1_r2+update_halo_kernel3_minus_2_b
7714	0.000021040	430528	ops_par_loop_update_halo_kernel1_r1_18	update_halo_kernel1_r1
7715	0.000023063	369120	ops_par_loop_group_24	update_halo_kernel4_plus_4_a+update_halo_kernel2_xvel_minus_4_a+update_halo_kernel2_yvel_plus_4_a
7716	0.000021181	369120	ops_par_loop_group_25	update_halo_kernel4_plus_2_a+update_halo_kernel2_xvel_minus_2_a+update_halo_kernel2_yvel_plus_2_a
7717	0.000020449	246080	ops_par_loop_group_26	update_halo_kernel2_xvel_minus_4_b+update_halo_kernel2_yvel_plus_4_b
7718	0.000022282	369120	ops_par_loop_group_27	update_halo_kernel4_plus_4_b+update_halo_kernel2_xvel_minus_2_b+update_halo_kernel2_yvel_plus_2_b
7719	0.000018805	123040	ops_par_loop_update_halo_kernel4_plus_2_b_34	update_halo_kernel4_plus_2_b
7720	0.000563048	591053440	ops_par_loop_advec_cell_kernel1_ydir_35	advec_cell_kernel1_ydir
7721	0.000786603	708203544	ops_par_loop_advec_cell_kernel3_ydir_36	advec_cell_kernel3_ydir
7722	0.001477844	1533542400	ops_par_loop_advec_cell_kernel4_ydir_37	advec_cell_kernel4_ydir
7723	0.000021561	553536	ops_par_loop_group_32	update_halo_kernel1_b2+update_halo_kernel4_minus_4_a
7724	0.000020709	553536	ops_par_loop_group_33	update_halo_kernel1_b1+update_halo_kernel4_minus_2_a
7725	0.000017834	123008	ops_par_loop_update_halo_kernel4_minus_4_b_64	update_halo_kernel4_minus_4_b
7726	0.000021561	553536	ops_par_loop_group_35	update_halo_kernel1_t2+update_halo_kernel4_minus_2_b
7727	0.000020348	430528	ops_par_loop_update_halo_kernel1_t1_41	update_halo_kernel1_t1
7728	0.000022783	430528	ops_par_loop_update_halo_kernel1_l2_42	update_halo_kernel1_l2
7729	0.000020949	430528	ops_par_loop_update_halo_kernel1_l1_43	update_halo_kernel1_l1
7730	0.000022443	430528	ops_par_loop_update_halo_kernel1_r2_44	update_halo_kernel1_r2
7731	0.000021180	430528	ops_par_loop_update_halo_kernel1_r1_45	update_halo_kernel1_r1
7732	0.000018736	123040	ops_par_loop_update_halo_kernel4_plus_4_a_66	update_halo_kernel4_plus_4_a
7733	0.000018135	123040	ops_par_loop_update_halo_kernel4_plus_2_a_67	update_halo_kernel4_plus_2_a
7734	0.000018836	123040	ops_par_loop_update_halo_kernel4_plus_4_b_68	update_halo_kernel4_plus_4_b
7735	0.000018374	123040	ops_par_loop_update_halo_kernel4_plus_2_b_69	update_halo_kernel4_plus_2_b
7736	0.000561595	591053440	ops_par_loop_advec_mom_kernel_y1_70	advec_mom_kernel_y1
7737	0.000191593	236236864	ops_par_loop_advec_mom_kernel_mass_flux_y_71	advec_mom_kernel_mass_flux_y
7738	0.000529595	590438520	ops_par_loop_advec_mom_kernel_post_pre_advec_y_72	advec_mom_kernel_post_pre_advec_y
7739	0.000876182	472258640	ops_par_loop_advec_mom_kernel1_y_nonvector_73	advec_mom_kernel1_y_nonvector
7740	0.000444934	590131240	ops_par_loop_advec_mom_kernel2_y_74	advec_mom_kernel2_y
7741	0.000563619	591053440	ops_par_loop_advec_mom_kernel_y1_75	advec_mom_kernel_y1
7742	0.000191353	236236864	ops_par_loop_advec_mom_kernel_mass_flux_y_76	advec_mom_kernel_mass_flux_y
7743	0.000532550	590438520	ops_par_loop_advec_mom_kernel_post_pre_advec_y_77	advec_mom_kernel_post_pre_advec_y
7744	0.000871242	472258640	ops_par_loop_advec_mom_kernel1_y_nonvector_78	advec_mom_kernel1_y_nonvector
7745	0.000450355	590131240	ops_par_loop_advec_mom_kernel2_y_79	advec_mom_kernel2_y
7746	0.000490771	472842752	ops_par_loop_advec_cell_kernel2_xdir_80	advec_cell_kernel2_xdir
7747	0.000773137	708203544	ops_par_loop_advec_cell_kernel3_xdir_81	advec_cell_kernel3_xdir
7748	0.001463887	1533542400	ops_par_loop_advec_cell_kernel4_xdir_82	advec_cell_kernel4_xdir
7749	0.000022232	553536	ops_par_loop_group_58	update_halo_kernel1_b2+update_halo_kernel4_minus_4_a
7750	0.000021431	553536	ops_par_loop_group_59	update_halo_kernel1_b1+update_halo_kernel4_minus_2_a
7751	0.000021561	369120	ops_par_loop_group_60	update_halo_kernel2_xvel_plus_4_a+update_halo_kernel2_yvel_minus_4_a+update_halo_kernel3_plus_4_a
7752	0.000021140	369120	ops_par_loop_group_61	update_halo_kernel2_xvel_plus_2_a+update_halo_kernel2_yvel_minus_2_a+update_halo_kernel3_plus_2_a
7753	0.000018805	246080	ops_par_loop_group_62	update_halo_kernel2_xvel_plus_4_b+update_halo_kernel2_yvel_minus_4_b
7754	0.000020208	369120	ops_par_loop_group_63	update_halo_kernel2_xvel_plus_2_b+update_halo_kernel2_yvel_minus_2_b+update_halo_kernel3_plus_4_b
7755	0.000021270	246080	ops_par_loop_group_64	update_halo_kernel2_xvel_minus_4_b+update_halo_kernel2_yvel_plus_4_b
7756	0.000018646	123040	ops_par_loop_update_halo_kernel3_plus_2_b_110	update_halo_kernel3_plus_2_b
7757	0.000019567	123008	ops_par_loop_update_halo_kernel3_minus_4_b_113	update_halo_kernel3_minus_4_b
7758	0.000017503	123008	ops_par_loop_update_halo_kernel4_minus_4_b_117	update_halo_kernel4_minus_4_b
7759	0.000021601	553536	ops_par_loop_group_68	update_halo_kernel1_t2+update_halo_kernel4_minus_2_b
7760	0.000019347	430528	ops_par_loop_update_halo_kernel1_t1_86	update_halo_kernel1_t1
7761	0.000025819	553536	ops_par_loop_group_70	update_halo_kernel1_l2+update_halo_kernel3_minus_4_a
7762	0.000023094	553536	ops_par_loop_group_71	update_halo_kernel1_l1+update_halo_kernel3_minus_2_a
7763	0.000024767	553536	ops_par_loop_group_72	update_halo_kernel1_r2+update_halo_kernel3_minus_2_b
7764	0.000021491	430528	ops_par_loop_update_halo_kernel1_r1_90	update_halo_kernel1_r1
7765	0.000023766	369120	ops_par_loop_group_74	update_halo_kernel2_xvel_minus_4_a+update_halo_kernel2_yvel_plus_4_a+update_halo_kernel4_plus_4_a
7766	0.000021441	369120	ops_par_loop_group_75	update_halo_kernel2_xvel_minus_2_a+update_halo_kernel2_yvel_plus_2_a+update_halo_kernel4_plus_2_a
7767	0.000022323	369120	ops_par_loop_group_76	update_halo_kernel2_xvel_minus_2_b+update_halo_kernel2_yvel_plus_2_b+update_halo_kernel4_plus_4_b
7768	0.000018375	123040	ops_par_loop_update_halo_kernel4_plus_2_b_122	update_halo_kernel4_plus_2_b
7769	0.001785236	1416561152	ops_par_loop_group_78	advec_mom_kernel_x2+reset_field_kernel1+ideal_gas_kernel
7770	0.000196022	236236864	ops_par_loop_advec_mom_kernel_mass_flux_x_124	advec_mom_kernel_mass_flux_x
7771	0.000574840	590438520	ops_par_loop_advec_mom_kernel_post_pre_advec_x_125	advec_mom_kernel_post_pre_advec_x
7772	0.000880641	472258640	ops_par_loop_advec_mom_kernel1_x_nonvector_126	advec_mom_kernel1_x_nonvector
7773	0.000456596	590131240	ops_par_loop_advec_mom_kernel2_x_127	advec_mom_kernel2_x
7774	0.000497403	472842752	ops_par_loop_advec_mom_kernel_x2_128	advec_mom_kernel_x2
7775	0.000193858	236236864	ops_par_loop_advec_mom_kernel_mass_flux_x_129	advec_mom_kernel_mass_flux_x
7776	0.000575933	590438520	ops_par_loop_advec_mom_kernel_post_pre_advec_x_130	advec_mom_kernel_post_pre_advec_x
7777	0.000885870	472258640	ops_par_loop_advec_mom_kernel1_x_nonvector_131	advec_mom_kernel1_x_nonvector
7778	0.000729964	1062236232	ops_par_loop_group_87	advec_mom_kernel2_x+reset_field_kernel2
7779	0.000021481	430304	ops_par_loop_update_halo_kernel1_b1_136	update_halo_kernel1_b1
7780	0.000020539	430304	ops_par_loop_update_halo_kernel1_t1_137	update_halo_kernel1_t1
7781	0.000023435	430304	ops_par_loop_update_halo_kernel1_l1_138	update_halo_kernel1_l1
7782	0.000023745	430304	ops_par_loop_update_halo_kernel1_r1_139	update_halo_kernel1_r1
7783	0.000018806	245952	ops_par_loop_group_92	update_halo_kernel2_xvel_plus_2_a+update_halo_kernel2_yvel_minus_2_a
7784	0.000019046	245952	ops_par_loop_group_93	update_halo_kernel2_xvel_plus_2_b+update_halo_kernel2_yvel_minus_2_b
7785	0.000020319	245952	ops_par_loop_group_94	update_halo_kernel2_xvel_minus_2_a+update_halo_kernel2_yvel_plus_2_a
7786	0.000021140	245952	ops_par_loop_group_95	update_halo_kernel2_xvel_minus_2_b+update_halo_kernel2_yvel_plus_2_b
7787	0.001730313	589885440	ops_par_loop_viscosity_kernel_148	viscosity_kernel
7788	0.000022473	430304	ops_par_loop_update_halo_kernel1_b1_149	update_halo_kernel1_b1
7789	0.000020759	430304	ops_par_loop_update_halo_kernel1_t1_150	update_halo_kernel1_t1
7790	0.000022362	430304	ops_par_loop_update_halo_kernel1_l1_151	update_halo_kernel1_l1
7791	0.000023705	430304	ops_par_loop_update_halo_kernel1_r1_152	update_halo_kernel1_r1
7792	0.000917550	1061744640	ops_par_loop_calc_dt_kernel_153	calc_dt_kernel
7793	0.001487451	1887436800	ops_par_loop_group_0	PdV_kernel_predict+ideal_gas_kernel
7794	0.000022222	430304	ops_par_loop_update_halo_kernel1_b1_2	update_halo_kernel1_b1
7795	0.000019317	430304	ops_par_loop_update_halo_kernel1_t1_3	update_halo_kernel1_t1
7796	0.000024105	430304	ops_par_loop_update_halo_kernel1_l1_4	update_halo_kernel1_l1
7797	0.000023555	430304	ops_par_loop_update_halo_kernel1_r1_5	update_halo_kernel1_r1
7798	0.001556322	1770147928	ops_par_loop_group_5	revert_kernel+accelerate_kernel
7799	0.001353568	1651507200	ops_par_loop_PdV_kernel_nopredict_8	PdV_kernel_nopredict
7800	0.000361505	471982080	ops_par_loop_flux_calc_kernelx_9	flux_calc_kernelx
7801	0.000355725	471982080	ops_par_loop_flux_calc_kernely_10	flux_calc_kernely
7802	0.000021912	553536	ops_par_loop_group_9	update_halo_kernel1_b2+update_halo_kernel4_minus_4_a
7803	0.000020038	553536	ops_par_loop_group_10	update_halo_kernel1_b1+update_halo_kernel4_minus_2_a
7804	0.000020960	369120	ops_par_loop_group_11	update_halo_kernel3_plus_4_a+update_halo_kernel2_xvel_plus_4_a+update_halo_kernel2_yvel_minus_4_a
7805	0.000021461	369120	ops_par_loop_group_12	update_halo_kernel3_plus_2_a+update_halo_kernel2_xvel_plus_2_a+update_halo_kernel2_yvel_minus_2_a
7806	0.000018355	123008	ops_par_loop_update_halo_kernel4_minus_4_b_29	update_halo_kernel4_minus_4_b
7807	0.000021210	553536	ops_par_loop_group_14	update_halo_kernel1_t2+update_halo_kernel4_minus_2_b
7808	0.000020028	430528	ops_par_loop_update_halo_kernel1_t1_14	update_halo_kernel1_t1
7809	0.000019367	246080	ops_par_loop_group_16	update_halo_kernel2_xvel_plus_4_b+update_halo_kernel2_yvel_minus_4_b
7810	0.000020339	369120	ops_par_loop_group_17	update_halo_kernel3_plus_4_b+update_halo_kernel2_xvel_plus_2_b+update_halo_kernel2_yvel_minus_2_b
7811	0.000018535	123040	ops_par_loop_update_halo_kernel3_plus_2_b_22	update_halo_kernel3_plus_2_b
7812	0.000025398	553536	ops_par_loop_group_19	update_halo_kernel1_l2+update_halo_kernel3_minus_4_a
7813	0.000022302	553536	ops_par_loop_group_20	update_halo_kernel1_l1+update_halo_kernel3_minus_2_a
7814	0.000018826	123008	ops_par_loop_update_halo_kernel3_minus_4_b_25	update_halo_kernel3_minus_4_b
7815	0.000024026	553536	ops_par_loop_group_22	update_halo_kernel1_r2+update_halo_kernel3_minus_2_b
7816	0.000021170	430528	ops_par_loop_update_halo_kernel1_r1_18	update_halo_kernel1_r1
7817	0.000022552	369120	ops_par_loop_group_24	update_halo_kernel4_plus_4_a+update_halo_kernel2_xvel_minus_4_a+update_halo_kernel2_yvel_plus_4_a
7818	0.000020409	369120	ops_par_loop_group_25	update_halo_kernel4_plus_2_a+update_halo_kernel2_xvel_minus_2_a+update_halo_kernel2_yvel_plus_2_a
7819	0.000020439	246080	ops_par_loop_group_26	update_halo_kernel2_xvel_minus_4_b+update_halo_kernel2_yvel_plus_4_b
7820	0.000021632	369120	ops_par_loop_group_27	update_halo_kernel4_plus_4_b+update_halo_kernel2_xvel_minus_2_b+update_halo_kernel2_yvel_plus_2_b
7821	0.000017954	123040	ops_par_loop_update_halo_kernel4_plus_2_b_34	update_halo_kernel4_plus_2_b
7822	0.000561625	591053440	ops_par_loop_advec_cell_kernel1_xdir_35	advec_cell_kernel1_xdir
7823	0.000770962	708203544	ops_par_loop_advec_cell_kernel3_xdir_36	advec_cell_kernel3_xdir
7824	0.001462435	1533542400	ops_par_loop_advec_cell_kernel4_xdir_37	advec_cell_kernel4_xdir
7825	0.000022002	430528	ops_par_loop_update_halo_kernel1_b2_38	update_halo_kernel1_b2
7826	0.000019337	430528	ops_par_loop_update_halo_kernel1_b1_39	update_halo_kernel1_b1
7827	0.000020038	430528	ops_par_loop_update_halo_kernel1_t2_40	update_halo_kernel1_t2
7828	0.000019938	430528	ops_par_loop_update_halo_kernel1_t1_41	update_halo_kernel1_t1
7829	0.000018234	123040	ops_par_loop_update_halo_kernel3_plus_4_a_62	update_halo_kernel3_plus_4_a
7830	0.000018125	123040	ops_par_loop_update_halo_kernel3_plus_2_a_63	update_halo_kernel3_plus_2_a
7831	0.000017824	123040	ops_par_loop_update_halo_kernel3_plus_4_b_64	update_halo_kernel3_plus_4_b
7832	0.000018004	123040	ops_par_loop_update_halo_kernel3_plus_2_b_65	update_halo_kernel3_plus_2_b
7833	0.000025568	553536	ops_par_loop_group_40	update_halo_kernel1_l2+update_halo_kernel3_minus_4_a
7834	0.000022643	553536	ops_par_loop_group_41	update_halo_kernel1_l1+update_halo_kernel3_minus_2_a
7835	0.000019998	123008	ops_par_loop_update_halo_kernel3_minus_4_b_68	update_halo_kernel3_minus_4_b
7836	0.000024717	553536	ops_par_loop_group_43	update_halo_kernel1_r2+update_halo_kernel3_minus_2_b
7837	0.000021241	430528	ops_par_loop_update_halo_kernel1_r1_45	update_halo_kernel1_r1
7838	0.000562206	591053440	ops_par_loop_advec_mom_kernel_x1_70	advec_mom_kernel_x1
7839	0.000194599	236236864	ops_par_loop_advec_mom_kernel_mass_flux_x_71	advec_mom_kernel_mass_flux_x
7840	0.000572987	590438520	ops_par_loop_advec_mom_kernel_post_pre_advec_x_72	advec_mom_kernel_post_pre_advec_x
7841	0.000880571	472258640	ops_par_loop_advec_mom_kernel1_x_nonvector_73	advec_mom_kernel1_x_nonvector
7842	0.000450365	590131240	ops_par_loop_advec_mom_kernel2_x_74	advec_mom_kernel2_x
7843	0.000561024	591053440	ops_par_loop_advec_mom_kernel_x1_75	advec_mom_kernel_x1
7844	0.000193617	236236864	ops_par_loop_advec_mom_kernel_mass_flux_x_76	advec_mom_kernel_mass_flux_x
7845	0.000576394	590438520	ops_par_loop_advec_mom_kernel_post_pre_advec_x_77	advec_mom_kernel_post_pre_advec_x
7846	0.000882745	472258640	ops_par_loop_advec_mom_kernel1_x_nonvector_78	advec_mom_kernel1_x_nonvector
7847	0.000444152	590131240	ops_par_loop_advec_mom_kernel2_x_79	advec_mom_kernel2_x
7848	0.000498446	472842752	ops_par_loop_advec_cell_kernel2_ydir_80	advec_cell_kernel2_ydir
7849	0.000787103	708203544	ops_par_loop_advec_cell_kernel3_ydir_81	advec_cell_kernel3_ydir
7850	0.001474066	1533542400	ops_par_loop_advec_cell_kernel4_ydir_82	advec_cell_kernel4_ydir
7851	0.000022252	553536	ops_par_loop_group_58	update_halo_kernel1_b2+update_halo_kernel4_minus_4_a
7852	0.000020860	553536	ops_par_loop_group_59	update_halo_kernel1_b1+update_halo_kernel4_minus_2_a
7853	0.000021310	369120	ops_par_loop_group_60	update_halo_kernel2_xvel_plus_4_a+update_halo_kernel2_yvel_minus_4_a+update_halo_kernel3_plus_4_a
7854	0.000021120	369120	ops_par_loop_group_61	update_halo_kernel2_xvel_plus_2_a+update_halo_kernel2_yvel_minus_2_a+update_halo_kernel3_plus_2_a
7855	0.000019627	246080	ops_par_loop_group_62	update_halo_kernel2_xvel_plus_4_b+update_halo_kernel2_yvel_minus_4_b
7856	0.000020288	369120	ops_par_loop_group_63	update_halo_kernel2_xvel_plus_2_b+update_halo_kernel2_yvel_minus_2_b+update_halo_kernel3_plus_4_b
7857	0.000021140	246080	ops_par_loop_group_64	update_halo_kernel2_xvel_minus_4_b+update_halo_kernel2_yvel_plus_4_b
7858	0.000019186	123040	ops_par_loop_update_halo_kernel3_plus_2_b_110	update_halo_kernel3_plus_2_b
7859	0.000019467	123008	ops_par_loop_update_halo_kernel3_minus_4_b_113	update_halo_kernel3_minus_4_b
7860	0.000017714	123008	ops_par_loop_update_halo_kernel4_minus_4_b_117	update_halo_kernel4_minus_4_b
7861	0.000021321	553536	ops_par_loop_group_68	update_halo_kernel1_t2+update_halo_kernel4_minus_2_b
7862	0.000020489	430528	ops_par_loop_update_halo_kernel1_t1_86	update_halo_kernel1_t1
7863	0.000027052	553536	ops_par_loop_group_70	update_halo_kernel1_l2+update_halo_kernel3_minus_4_a
7864	0.000022793	553536	ops_par_loop_group_71	update_halo_kernel1_l1+update_halo_kernel3_minus_2_a
7865	0.000024155	553536	ops_par_loop_group_72	update_halo_kernel1_r2+update_halo_kernel3_minus_2_b
7866	0.000020829	430528	ops_par_loop_update_halo_kernel1_r1_90	update_halo_kernel1_r1
7867	0.000022923	369120	ops_par_loop_group_74	update_halo_kernel2_xvel_minus_4_a+update_halo_kernel2_yvel_plus_4_a+update_halo_kernel4_plus_4_a
7868	0.000021671	369120	ops_par_loop_group_75	update_halo_kernel2_xvel_minus_2_a+update_halo_kernel2_yvel_plus_2_a+update_halo_kernel4_plus_2_a
7869	0.000022252	369120	ops_par_loop_group_76	update_halo_kernel2_xvel_minus_2_b+update_halo_kernel2_yvel_plus_2_b+update_halo_kernel4_plus_4_b
7870	0.000018665	123040	ops_par_loop_update_halo_kernel4_plus_2_b_122	update_halo_kernel4_plus_2_b
7871	0.001785327	1416561152	ops_par_loop_group_78	advec_mom_kernel_y2+reset_field_kernel1+ideal_gas_kernel
7872	0.000194248	236236864	ops_par_loop_advec_mom_kernel_mass_flux_y_124	advec_mom_kernel_mass_flux_y
7873	0.000532330	590438520	ops_par_loop_advec_mom_kernel_post_pre_advec_y_125	advec_mom_kernel_post_pre_advec_y
7874	0.000876312	472258640	ops_par_loop_advec_mom_kernel1_y_nonvector_126	advec_mom_kernel1_y_nonvector
7875	0.000455795	590131240	ops_par_loop_advec_mom_kernel2_y_127	advec_mom_kernel2_y
7876	0.000489298	472842752	ops_par_loop_advec_mom_kernel_y2_128	advec_mom_kernel_y2
7877	0.000191944	236236864	ops_par_loop_advec_mom_kernel_mass_flux_y_129	advec_mom_kernel_mass_flux_y
7878	0.000533181	590438520	ops_par_loop_advec_mom_kernel_post_pre_advec_y_130	advec_mom_kernel_post_pre_advec_y
7879	0.000872084	472258640	ops_par_loop_advec_mom_kernel1_y_nonvector_131	advec_mom_kernel1_y_nonvector
7880	0.000730526	1062236232	ops_par_loop_group_87	advec_mom_kernel2_y+reset_field_kernel2
7881	0.000021180	430304	ops_par_loop_update_halo_kernel1_b1_136	update_halo_kernel1_b1
7882	0.000020729	430304	ops_par_loop_update_halo_kernel1_t1_137	update_halo_kernel1_t1
7883	0.000024276	430304	ops_par_loop_update_halo_kernel1_l1_138	update_halo_kernel1_l1
7884	0.000023965	430304	ops_par_loop_update_halo_kernel1_r1_139	update_halo_kernel1_r1
7885	0.000020218	245952	ops_par_loop_group_92	update_halo_kernel2_xvel_plus_2_a+update_halo_kernel2_yvel_minus_2_a
7886	0.000018876	245952	ops_par_loop_group_93	update_halo_kernel2_xvel_plus_2_b+update_halo_kernel2_yvel_minus_2_b
7887	0.000021130	245952	ops_par_loop_group_94	update_halo_kernel2_xvel_minus_2_a+update_halo_kernel2_yvel_plus_2_a
7888	0.000021601	245952	ops_par_loop_group_95	update_halo_kernel2_xvel_minus_2_b+update_halo_kernel2_yvel_plus_2_b
7889	0.001730042	589885440	ops_par_loop_viscosity_kernel_148	viscosity_kernel
7890	0.000021261	430304	ops_par_loop_update_halo_kernel1_b1_149	update_halo_kernel1_b1
7891	0.000020699	430304	ops_par_loop_update_halo_kernel1_t1_150	update_halo_kernel1_t1
7892	0.000022984	430304	ops_par_loop_update_halo_kernel1_l1_151	update_halo_kernel1_l1
7893	0.000022683	430304	ops_par_loop_update_halo_kernel1_r1_152	update_halo_kernel1_r1
7894	0.000915266	1061744640	ops_par_loop_calc_dt_kernel_153	calc_dt_kernel
7895	0.001488313	1887436800	ops_par_loop_group_0	PdV_kernel_predict+ideal_gas_kernel
7896	0.000022653	430304	ops_par_loop_update_halo_kernel1_b1_2	update_halo_kernel1_b1
7897	0.000019487	430304	ops_par_loop_update_halo_kernel1_t1_3	update_halo_kernel1_t1
7898	0.000023945	430304	ops_par_loop_update_halo_kernel1_l1_4	update_halo_kernel1_l1
7899	0.000023064	430304	ops_par_loop_update_halo_kernel1_r1_5	update_halo_kernel1_r1
7900	0.001552976	1770147928	ops_par_loop_group_5	revert_kernel+accelerate_kernel
7901	0.001352876	1651507200	ops_par_loop_PdV_kernel_nopredict_8	PdV_kernel_nopredict
7902	0.000361736	471982080	ops_par_loop_flux_calc_kernelx_9	flux_calc_kernelx
7903	0.000361196	471982080	ops_par_loop_flux_calc_kernely_10	flux_calc_kernely
7904	0.000021831	553536	ops_par_loop_group_9	update_halo_kernel1_b2+update_halo_kernel4_minus_4_a
7905	0.000020509	553536	ops_par_loop_group_10	update_halo_kernel1_b1+update_halo_kernel4_minus_2_a
7906	0.000020859	369120	ops_par_loop_group_11	update_halo_kernel3_plus_4_a+update_halo_kernel2_xvel_plus_4_a+update_halo_kernel2_yvel_minus_4_a
7907	0.000020398	369120	ops_par_loop_group_12	update_halo_kernel3_plus_2_a+update_halo_kernel2_xvel_plus_2_a+update_halo_kernel2_yvel_minus_2_a
7908	0.000018394	123008	ops_par_loop_update_halo_kernel4_minus_4_b_29	update_halo_kernel4_minus_4_b
7909	0.000020890	553536	ops_par_loop_group_14	update_halo_kernel1_t2+update_halo_kernel4_minus_2_b
7910	0.000020138	430528	ops_par_loop_update_halo_kernel1_t1_14	update_halo_kernel1_t1
7911	0.000019446	246080	ops_par_loop_group_16	update_halo_kernel2_xvel_plus_4_b+update_halo_kernel2_yvel_minus_4_b
7912	0.000019988	369120	ops_par_loop_group_17	update_halo_kernel3_plus_4_b+update_halo_kernel2_xvel_plus_2_b+update_halo_kernel2_yvel_minus_2_b
7913	0.000018826	123040	ops_par_loop_update_halo_kernel3_plus_2_b_22	update_halo_kernel3_plus_2_b
7914	0.000025479	553536	ops_par_loop_group_19	update_halo_kernel1_l2+update_halo_kernel3_minus_4_a
7915	0.000022933	553536	ops_par_loop_group_20	update_halo_kernel1_l1+update_halo_kernel3_minus_2_a
7916	0.000018656	123008	ops_par_loop_update_halo_kernel3_minus_4_b_25	update_halo_kernel3_minus_4_b
7917	0.000023965	553536	ops_par_loop_group_22	update_halo_kernel1_r2+update_halo_kernel3_minus_2_b
7918	0.000021832	430528	ops_par_loop_update_halo_kernel1_r1_18	update_halo_kernel1_r1
7919	0.000023214	369120	ops_par_loop_group_24	update_halo_kernel4_plus_4_a+update_halo_kernel2_xvel_minus_4_a+update_halo_kernel2_yvel_plus_4_a
7920	0.000021591	369120	ops_par_loop_group_25	update_halo_kernel4_plus_2_a+update_halo_kernel2_xvel_minus_2_a+update_halo_kernel2_yvel_plus_2_a
7921	0.000021271	246080	ops_par_loop_group_26	update_halo_kernel2_xvel_minus_4_b+update_halo_kernel2_yvel_plus_4_b
7922	0.000022132	369120	ops_par_loop_group_27	update_halo_kernel4_plus_4_b+update_halo_kernel2_xvel_minus_2_b+update_halo_kernel2_yvel_plus_2_b
7923	0.000018224	123040	ops_par_loop_update_halo_kernel4_plus_2_b_34	update_halo_kernel4_plus_2_b
7924	0.000560463	591053440	ops_par_loop_advec_cell_kernel1_ydir_35	advec_cell_kernel1_ydir
7925	0.000786582	708203544	ops_par_loop_advec_cell_kernel3_ydir_36	advec_cell_kernel3_ydir
7926	0.001472894	1533542400	ops_par_loop_advec_cell_kernel4_ydir_37	advec_cell_kernel4_ydir
7927	0.000022302	553536	ops_par_loop_group_32	update_halo_kernel1_b2+update_halo_kernel4_minus_4_a
7928	0.000021090	553536	ops_par_loop_group_33	update_halo_kernel1_b1+update_halo_kernel4_minus_2_a
7929	0.000017654	123008	ops_par_loop_update_halo_kernel4_minus_4_b_64	update_halo_kernel4_minus_4_b
7930	0.000021490	553536	ops_par_loop_group_35	update_halo_kernel1_t2+update_halo_kernel4_minus_2_b
7931	0.000019838	430528	ops_par_loop_update_halo_kernel1_t1_41	update_halo_kernel1_t1
7932	0.000023715	430528	ops_par_loop_update_halo_kernel1_l2_42	update_halo_kernel1_l2
7933	0.000020910	430528	ops_par_loop_update_halo_kernel1_l1_43	update_halo_kernel1_l1
7934	0.000022693	430528	ops_par_loop_update_halo_kernel1_r2_44	update_halo_kernel1_r2
7935	0.000021240	430528	ops_par_loop_update_halo_kernel1_r1_45	update_halo_kernel1_r1
7936	0.000018585	123040	ops_par_loop_update_halo_kernel4_plus_4_a_66	update_halo_kernel4_plus_4_a
7937	0.000017804	123040	ops_par_loop_update_halo_kernel4_plus_2_a_67	update_halo_kernel4_plus_2_a
7938	0.000019146	123040	ops_par_loop_update_halo_kernel4_plus_4_b_68	update_halo_kernel4_plus_4_b
7939	0.000018014	123040	ops_par_loop_update_halo_kernel4_plus_2_b_69	update_halo_kernel4_plus_2_b
7940	0.000561926	591053440	ops_par_loop_advec_mom_kernel_y1_70	advec_mom_kernel_y1
7941	0.000190822	236236864	ops_par_loop_advec_mom_kernel_mass_flux_y_71	advec_mom_kernel_mass_flux_y
7942	0.000536137	590438520	ops_par_loop_advec_mom_kernel_post_pre_advec_y_72	advec_mom_kernel_post_pre_advec_y
7943	0.000876192	472258640	ops_par_loop_advec_mom_kernel1_y_nonvector_73	advec_mom_kernel1_y_nonvector
7944	0.000447780	590131240	ops_par_loop_advec_mom_kernel2_y_74	advec_mom_kernel2_y
7945	0.000563088	591053440	ops_par_loop_advec_mom_kernel_y1_75	advec_mom_kernel_y1
7946	0.000192285	236236864	ops_par_loop_advec_mom_kernel_mass_flux_y_76	advec_mom_kernel_mass_flux_y
7947	0.000529614	590438520	ops_par_loop_advec_mom_kernel_post_pre_advec_y_77	advec_mom_kernel_post_pre_advec_y
7948	0.000870922	472258640	ops_par_loop_advec_mom_kernel1_y_nonvector_78	advec_mom_kernel1_y_nonvector
7949	0.000449142	590131240	ops_par_loop_advec_mom_kernel2_y_79	advec_mom_kernel2_y
7950	0.000490210	472842752	ops_par_loop_advec_cell_kernel2_xdir_80	advec_cell_kernel2_xdir
7951	0.000771954	708203544	ops_par_loop_advec_cell_kernel3_xdir_81	advec_cell_kernel3_xdir
7952	0.001461423	1533542400	ops_par_loop_advec_cell_kernel4_xdir_82	advec_cell_kernel4_xdir
7953	0.000021922	553536	ops_par_loop_group_58	update_halo_kernel1_b2+update_halo_kernel4_minus_4_a
7954	0.000020610	553536	ops_par_loop_group_59	update_halo_kernel1_b1+update_halo_kernel4_minus_2_a
7955	0.000022813	369120	ops_par_loop_group_60	update_halo_kernel2_xvel_plus_4_a+update_halo_kernel2_yvel_minus_4_a+update_halo_kernel3_plus_4_a
7956	0.000020569	369120	ops_par_loop_group_61	update_halo_kernel2_xvel_plus_2_a+update_halo_kernel2_yvel_minus_2_a+update_halo_kernel3_plus_2_a
7957	0.000019167	246080	ops_par_loop_group_62	update_halo_kernel2_xvel_plus_4_b+update_halo_kernel2_yvel_minus_4_b
7958	0.000019908	369120	ops_par_loop_group_63	update_halo_kernel2_xvel_plus_2_b+update_halo_kernel2_yvel_minus_2_b+update_halo_kernel3_plus_4_b
7959	0.000021621	246080	ops_par_loop_group_64	update_halo_kernel2_xvel_minus_4_b+update_halo_kernel2_yvel_plus_4_b
7960	0.000018695	123040	ops_par_loop_update_halo_kernel3_plus_2_b_110	update_halo_kernel3_plus_2_b
7961	0.000018645	123008	ops_par_loop_update_halo_kernel3_minus_4_b_113	update_halo_kernel3_minus_4_b
7962	0.000025910	123008	ops_par_loop_update_halo_kernel4_minus_4_b_117	update_halo_kernel4_minus_4_b
7963	0.000021220	553536	ops_par_loop_group_68	update_halo_kernel1_t2+update_halo_kernel4_minus_2_b
7964	0.000020028	430528	ops_par_loop_update_halo_kernel1_t1_86	update_halo_kernel1_t1
7965	0.000026550	553536	ops_par_loop_group_70	update_halo_kernel1_l2+update_halo_kernel3_minus_4_a
7966	0.000023304	553536	ops_par_loop_group_71	update_halo_kernel1_l1+update_halo_kernel3_minus_2_a
7967	0.000024396	553536	ops_par_loop_group_72	update_halo_kernel1_r2+update_halo_kernel3_minus_2_b
7968	0.000021050	430528	ops_par_loop_update_halo_kernel1_r1_90	update_halo_kernel1_r1
7969	0.000023134	369120	ops_par_loop_group_74	update_halo_kernel2_xvel_minus_4_a+update_halo_kernel2_yvel_plus_4_a+update_halo_kernel4_plus_4_a
7970	0.000020890	369120	ops_par_loop_group_75	update_halo_kernel2_xvel_minus_2_a+update_halo_kernel2_yvel_plus_2_a+update_halo_kernel4_plus_2_a
7971	0.000022602	369120	ops_par_loop_group_76	update_halo_kernel2_xvel_minus_2_b+update_halo_kernel2_yvel_plus_2_b+update_halo_kernel4_plus_4_b
7972	0.000018646	123040	ops_par_loop_update_halo_kernel4_plus_2_b_122	update_halo_kernel4_plus_2_b
7973	0.001788483	1416561152	ops_par_loop_group_78	advec_mom_kernel_x2+reset_field_kernel1+ideal_gas_kernel
7974	0.000196373	236236864	ops_par_loop_advec_mom_kernel_mass_flux_x_124	advec_mom_kernel_mass_flux_x
7975	0.000576354	590438520	ops_par_loop_advec_mom_kernel_post_pre_advec_x_125	advec_mom_kernel_post_pre_advec_x
7976	0.000880060	472258640	ops_par_loop_advec_mom_kernel1_x_nonvector_126	advec_mom_kernel1_x_nonvector
7977	0.000449974	590131240	ops_par_loop_advec_mom_kernel2_x_127	advec_mom_kernel2_x
7978	0.000498315	472842752	ops_par_loop_advec_mom_kernel_x2_128	advec_mom_kernel_x2
7979	0.000194178	236236864	ops_par_loop_advec_mom_kernel_mass_flux_x_129	advec_mom_kernel_mass_flux_x
7980	0.000571244	590438520	ops_par_loop_advec_mom_kernel_post_pre_advec_x_130	advec_mom_kernel_post_pre_advec_x
7981	0.000882404	472258640	ops_par_loop_advec_mom_kernel1_x_nonvector_131	advec_mom_kernel1_x_nonvector
7982	0.000731046	1062236232	ops_par_loop_group_87	advec_mom_kernel2_x+reset_field_kernel2
7983	0.000021191	430304	ops_par_loop_update_halo_kernel1_b1_136	update_halo_kernel1_b1
7984	0.000020249	430304	ops_par_loop_update_halo_kernel1_t1_137	update_halo_kernel1_t1
7985	0.000023525	430304	ops_par_loop_update_halo_kernel1_l1_138	update_halo_kernel1_l1
7986	0.000023315	430304	ops_par_loop_update_halo_kernel1_r1_139	update_halo_kernel1_r1
7987	0.000018976	245952	ops_par_loop_group_92	update_halo_kernel2_xvel_plus_2_a+update_halo_kernel2_yvel_minus_2_a
7988	0.000019156	245952	ops_par_loop_group_93	update_halo_kernel2_xvel_plus_2_b+update_halo_kernel2_yvel_minus_2_b
7989	0.000022443	245952	ops_par_loop_group_94	update_halo_kernel2_xvel_minus_2_a+update_halo_kernel2_yvel_plus_2_a
7990	0.000021020	245952	ops_par_loop_group_95	update_halo_kernel2_xvel_minus_2_b+update_halo_kernel2_yvel_plus_2_b
7991	0.001729261	589885440	ops_par_loop_viscosity_kernel_148	viscosity_kernel
7992	0.000021992	430304	ops_par_loop_update_halo_kernel1_b1_149	update_halo_kernel1_b1
7993	0.000019497	430304	ops_par_loop_update_halo_kernel1_t1_150	update_halo_kernel1_t1
7994	0.000022733	430304	ops_par_loop_update_halo_kernel1_l1_151	update_halo_kernel1_l1
7995	0.000023034	430304	ops_par_loop_update_halo_kernel1_r1_152	update_halo_kernel1_r1
7996	0.000914825	1061744640	ops_par_loop_calc_dt_kernel_153	calc_dt_kernel
7997	0.001487472	1887436800	ops_par_loop_group_0	PdV_kernel_predict+ideal_gas_kernel
7998	0.000021741	430304	ops_par_loop_update_halo_kernel1_b1_2	update_halo_kernel1_b1
7999	0.000019918	430304	ops_par_loop_update_halo_kernel1_t1_3	update_halo_kernel1_t1
8000	0.000024386	430304	ops_par_loop_update_halo_kernel1_l1_4	update_halo_kernel1_l1
8001	0.000023504	430304	ops_par_loop_update_halo_kernel1_r1_5	update_halo_kernel1_r1
8002	0.001557955	1770147928	ops_par_loop_group_5	revert_kernel+accelerate_kernel
8003	0.001353798	1651507200	ops_par_loop_PdV_kernel_nopredict_8	PdV_kernel_nopredict
8004	0.000365113	471982080	ops_par_loop_flux_calc_kernelx_9	flux_calc_kernelx
8005	0.000358780	471982080	ops_par_loop_flux_calc_kernely_10	flux_calc_kernely
8006	0.000024256	553536	ops_par_loop_group_9	update_halo_kernel1_b2+update_halo_kernel4_minus_4_a
8007	0.000021961	553536	ops_par_loop_group_10	update_halo_kernel1_b1+update_halo_kernel4_minus_2_a
8008	0.000020429	369120	ops_par_loop_group_11	update_halo_kernel3_plus_4_a+update_halo_kernel2_xvel_plus_4_a+update_halo_kernel2_yvel_minus_4_a
8009	0.000019467	369120	ops_par_loop_group_12	update_halo_kernel3_plus_2_a+update_halo_kernel2_xvel_plus_2_a+update_halo_kernel2_yvel_minus_2_a
8010	0.000017704	123008	ops_par_loop_update_halo_kernel4_minus_4_b_29	update_halo_kernel4_minus_4_b
8011	0.000020258	553536	ops_par_loop_group_14	update_halo_kernel1_t2+update_halo_kernel4_minus_2_b
8012	0.000020419	430528	ops_par_loop_update_halo_kernel1_t1_14	update_halo_kernel1_t1
8013	0.000019076	246080	ops_par_loop_group_16	update_halo_kernel2_xvel_plus_4_b+update_halo_kernel2_yvel_minus_4_b
8014	0.000019837	369120	ops_par_loop_group_17	update_halo_kernel3_plus_4_b+update_halo_kernel2_xvel_plus_2_b+update_halo_kernel2_yvel_minus_2_b
8015	0.000019116	123040	ops_par_loop_update_halo_kernel3_plus_2_b_22	update_halo_kernel3_plus_2_b
8016	0.000025358	553536	ops_par_loop_group_19	update_halo_kernel1_l2+update_halo_kernel3_minus_4_a
8017	0.000022002	553536	ops_par_loop_group_20	update_halo_kernel1_l1+update_halo_kernel3_minus_2_a
8018	0.000018596	123008	ops_par_loop_update_halo_kernel3_minus_4_b_25	update_halo_kernel3_minus_4_b
8019	0.000024366	553536	ops_par_loop_group_22	update_halo_kernel1_r2+update_halo_kernel3_minus_2_b
8020	0.000021040	430528	ops_par_loop_update_halo_kernel1_r1_18	update_halo_kernel1_r1
8021	0.000022623	369120	ops_par_loop_group_24	update_halo_kernel4_plus_4_a+update_halo_kernel2_xvel_minus_4_a+update_halo_kernel2_yvel_plus_4_a
8022	0.000020860	369120	ops_par_loop_group_25	update_halo_kernel4_plus_2_a+update_halo_kernel2_xvel_minus_2_a+update_halo_kernel2_yvel_plus_2_a
8023	0.000020719	246080	ops_par_loop_group_26	update_halo_kernel2_xvel_minus_4_b+update_halo_kernel2_yvel_plus_4_b
8024	0.000022022	369120	ops_par_loop_group_27	update_halo_kernel4_plus_4_b+update_halo_kernel2_xvel_minus_2_b+update_halo_kernel2_yvel_plus_2_b
8025	0.000018234	123040	ops_par_loop_update_halo_kernel4_plus_2_b_34	update_halo_kernel4_plus_2_b
8026	0.000673448	591053440	ops_par_loop_advec_cell_kernel1_xdir_35	advec_cell_kernel1_xdir
8027	0.000771583	708203544	ops_par_loop_advec_cell_kernel3_xdir_36	advec_cell_kernel3_xdir
8028	0.001459739	1533542400	ops_par_loop_advec_cell_kernel4_xdir_37	advec_cell_kernel4_xdir
8029	0.000021030	430528	ops_par_loop_update_halo_kernel1_b2_38	update_halo_kernel1_b2
8030	0.000019096	430528	ops_par_loop_update_halo_kernel1_b1_39	update_halo_kernel1_b1
8031	0.000019427	430528	ops_par_loop_update_halo_kernel1_t2_40	update_halo_kernel1_t2
8032	0.000020328	430528	ops_par_loop_update_halo_kernel1_t1_41	update_halo_kernel1_t1
8033	0.000018134	123040	ops_par_loop_update_halo_kernel3_plus_4_a_62	update_halo_kernel3_plus_4_a
8034	0.000017974	123040	ops_par_loop_update_halo_kernel3_plus_2_a_63	update_halo_kernel3_plus_2_a
8035	0.000018315	123040	ops_par_loop_update_halo_kernel3_plus_4_b_64	update_halo_kernel3_plus_4_b
8036	0.000017833	123040	ops_par_loop_update_halo_kernel3_plus_2_b_65	update_halo_kernel3_plus_2_b
8037	0.000025639	553536	ops_par_loop_group_40	update_halo_kernel1_l2+update_halo_kernel3_minus_4_a
8038	0.000023093	553536	ops_par_loop_group_41	update_halo_kernel1_l1+update_halo_kernel3_minus_2_a
8039	0.000019357	123008	ops_par_loop_update_halo_kernel3_minus_4_b_68	update_halo_kernel3_minus_4_b
8040	0.000024466	553536	ops_par_loop_group_43	update_halo_kernel1_r2+update_halo_kernel3_minus_2_b
8041	0.000020889	430528	ops_par_loop_update_halo_kernel1_r1_45	update_halo_kernel1_r1
8042	0.000561986	591053440	ops_par_loop_advec_mom_kernel_x1_70	advec_mom_kernel_x1
8043	0.000194368	236236864	ops_par_loop_advec_mom_kernel_mass_flux_x_71	advec_mom_kernel_mass_flux_x
8044	0.000573658	590438520	ops_par_loop_advec_mom_kernel_post_pre_advec_x_72	advec_mom_kernel_post_pre_advec_x
8045	0.000880540	472258640	ops_par_loop_advec_mom_kernel1_x_nonvector_73	advec_mom_kernel1_x_nonvector
8046	0.000447790	590131240	ops_par_loop_advec_mom_kernel2_x_74	advec_mom_kernel2_x
8047	0.000562998	591053440	ops_par_loop_advec_mom_kernel_x1_75	advec_mom_kernel_x1
8048	0.000193477	236236864	ops_par_loop_advec_mom_kernel_mass_flux_x_76	advec_mom_kernel_mass_flux_x
8049	0.000572035	590438520	ops_par_loop_advec_mom_kernel_post_pre_advec_x_77	advec_mom_kernel_post_pre_advec_x
8050	0.000883386	472258640	ops_par_loop_advec_mom_kernel1_x_nonvector_78	advec_mom_kernel1_x_nonvector
8051	0.000450625	590131240	ops_par_loop_advec_mom_kernel2_x_79	advec_mom_kernel2_x
8052	0.000498696	472842752	ops_par_loop_advec_cell_kernel2_ydir_80	advec_cell_kernel2_ydir
8053	0.000787203	708203544	ops_par_loop_advec_cell_kernel3_ydir_81	advec_cell_kernel3_ydir
8054	0.001471893	1533542400	ops_par_loop_advec_cell_kernel4_ydir_82	advec_cell_kernel4_ydir
8055	0.000022413	553536	ops_par_loop_group_58	update_halo_kernel1_b2+update_halo_kernel4_minus_4_a
8056	0.000021130	553536	ops_par_loop_group_59	update_halo_kernel1_b1+update_halo_kernel4_minus_2_a
8057	0.000021391	369120	ops_par_loop_group_60	update_halo_kernel2_xvel_plus_4_a+update_halo_kernel2_yvel_minus_4_a+update_halo_kernel3_plus_4_a
8058	0.000020880	369120	ops_par_loop_group_61	update_halo_kernel2_xvel_plus_2_a+update_halo_kernel2_yvel_minus_2_a+update_halo_kernel3_plus_2_a
8059	0.000019517	246080	ops_par_loop_group_62	update_halo_kernel2_xvel_plus_4_b+update_halo_kernel2_yvel_minus_4_b
8060	0.000020650	369120	ops_par_loop_group_63	update_halo_kernel2_xvel_plus_2_b+update_halo_kernel2_yvel_minus_2_b+update_halo_kernel3_plus_4_b
8061	0.000021300	246080	ops_par_loop_group_64	update_halo_kernel2_xvel_minus_4_b+update_halo_kernel2_yvel_plus_4_b
8062	0.000019457	123040	ops_par_loop_update_halo_kernel3_plus_2_b_110	update_halo_kernel3_plus_2_b
8063	0.000019327	123008	ops_par_loop_update_halo_kernel3_minus_4_b_113	update_halo_kernel3_minus_4_b
8064	0.000017884	123008	ops_par_loop_update_halo_kernel4_minus_4_b_117	update_halo_kernel4_minus_4_b
8065	0.000021010	553536	ops_par_loop_group_68	update_halo_kernel1_t2+update_halo_kernel4_minus_2_b
8066	0.000019608	430528	ops_par_loop_update_halo_kernel1_t1_86	update_halo_kernel1_t1
8067	0.000026430	553536	ops_par_loop_group_70	update_halo_kernel1_l2+update_halo_kernel3_minus_4_a
8068	0.000023394	553536	ops_par_loop_group_71	update_halo_kernel1_l1+update_halo_kernel3_minus_2_a
8069	0.000024146	553536	ops_par_loop_group_72	update_halo_kernel1_r2+update_halo_kernel3_minus_2_b
8070	0.000020950	430528	ops_par_loop_update_halo_kernel1_r1_90	update_halo_kernel1_r1
8071	0.000023605	369120	ops_par_loop_group_74	update_halo_kernel2_xvel_minus_4_a+update_halo_kernel2_yvel_plus_4_a+update_halo_kernel4_plus_4_a
8072	0.000021311	369120	ops_par_loop_group_75	update_halo_kernel2_xvel_minus_2_a+update_halo_kernel2_yvel_plus_2_a+update_halo_kernel4_plus_2_a
8073	0.000022603	369120	ops_par_loop_group_76	update_halo_kernel2_xvel_minus_2_b+update_halo_kernel2_yvel_plus_2_b+update_halo_kernel4_plus_4_b
8074	0.000018526	123040	ops_par_loop_update_halo_kernel4_plus_2_b_122	update_halo_kernel4_plus_2_b
8075	0.001790457	1416561152	ops_par_loop_group_78	advec_mom_kernel_y2+reset_field_kernel1+ideal_gas_kernel
8076	0.000194098	236236864	ops_par_loop_advec_mom_kernel_mass_flux_y_124	advec_mom_kernel_mass_flux_y
8077	0.000533562	590438520	ops_par_loop_advec_mom_kernel_post_pre_advec_y_125	advec_mom_kernel_post_pre_advec_y
8078	0.000876663	472258640	ops_par_loop_advec_mom_kernel1_y_nonvector_126	advec_mom_kernel1_y_nonvector
8079	0.000448812	590131240	ops_par_loop_advec_mom_kernel2_y_127	advec_mom_kernel2_y
8080	0.000492184	472842752	ops_par_loop_advec_mom_kernel_y2_128	advec_mom_kernel_y2
8081	0.000192565	236236864	ops_par_loop_advec_mom_kernel_mass_flux_y_129	advec_mom_kernel_mass_flux_y
8082	0.000533793	590438520	ops_par_loop_advec_mom_kernel_post_pre_advec_y_130	advec_mom_kernel_post_pre_advec_y
8083	0.000871333	472258640	ops_par_loop_advec_mom_kernel1_y_nonvector_131	advec_mom_kernel1_y_nonvector
8084	0.000736207	1062236232	ops_par_loop_group_87	advec_mom_kernel2_y+reset_field_kernel2
8085	0.000021050	430304	ops_par_loop_update_halo_kernel1_b1_136	update_halo_kernel1_b1
8086	0.000020519	430304	ops_par_loop_update_halo_kernel1_t1_137	update_halo_kernel1_t1
8087	0.000023234	430304	ops_par_loop_update_halo_kernel1_l1_138	update_halo_kernel1_l1
8088	0.000024055	430304	ops_par_loop_update_halo_kernel1_r1_139	update_halo_kernel1_r1
8089	0.000019807	245952	ops_par_loop_group_92	update_halo_kernel2_xvel_plus_2_a+update_halo_kernel2_yvel_minus_2_a
8090	0.000019287	245952	ops_par_loop_group_93	update_halo_kernel2_xvel_plus_2_b+update_halo_kernel2_yvel_minus_2_b
8091	0.000020720	245952	ops_par_loop_group_94	update_halo_kernel2_xvel_minus_2_a+update_halo_kernel2_yvel_plus_2_a
8092	0.000020900	245952	ops_par_loop_group_95	update_halo_kernel2_xvel_minus_2_b+update_halo_kernel2_yvel_plus_2_b
8093	0.001729130	589885440	ops_par_loop_viscosity_kernel_148	viscosity_kernel
8094	0.000021711	430304	ops_par_loop_update_halo_kernel1_b1_149	update_halo_kernel1_b1
8095	0.000021912	430304	ops_par_loop_update_halo_kernel1_t1_150	update_halo_kernel1_t1
8096	0.000023275	430304	ops_par_loop_update_halo_kernel1_l1_151	update_halo_kernel1_l1
8097	0.000023084	430304	ops_par_loop_update_halo_kernel1_r1_152	update_halo_kernel1_r1
8098	0.000915407	1061744640	ops_par_loop_calc_dt_kernel_153	calc_dt_kernel
8099	0.001593663	1887436800	ops_par_loop_group_0	PdV_kernel_predict+ideal_gas_kernel
8100	0.000023044	430304	ops_par_loop_update_halo_kernel1_b1_2	update_halo_kernel1_b1
8101	0.000020008	430304	ops_par_loop_update_halo_kernel1_t1_3	update_halo_kernel1_t1
8102	0.000023415	430304	ops_par_loop_update_halo_kernel1_l1_4	update_halo_kernel1_l1
8103	0.000024497	430304	ops_par_loop_update_halo_kernel1_r1_5	update_halo_kernel1_r1
8104	0.001554769	1770147928	ops_par_loop_group_5	revert_kernel+accelerate_kernel
8105	0.001358157	1651507200	ops_par_loop_PdV_kernel_nopredict_8	PdV_kernel_nopredict
8106	0.000361195	471982080	ops_par_loop_flux_calc_kernelx_9	flux_calc_kernelx
8107	0.000357789	471982080	ops_par_loop_flux_calc_kernely_10	flux_calc_kernely
8108	0.000022272	553536	ops_par_loop_group_9	update_halo_kernel1_b2+update_halo_kernel4_minus_4_a
8109	0.000021250	553536	ops_par_loop_group_10	update_halo_kernel1_b1+update_halo_kernel4_minus_2_a
8110	0.000021450	369120	ops_par_loop_group_11	update_halo_kernel3_plus_4_a+update_halo_kernel2_xvel_plus_4_a+update_halo_kernel2_yvel_minus_4_a
8111	0.000020909	369120	ops_par_loop_group_12	update_halo_kernel3_plus_2_a+update_halo_kernel2_xvel_plus_2_a+update_halo_kernel2_yvel_minus_2_a
8112	0.000018415	123008	ops_par_loop_update_halo_kernel4_minus_4_b_29	update_halo_kernel4_minus_4_b
8113	0.000020649	553536	ops_par_loop_group_14	update_halo_kernel1_t2+update_halo_kernel4_minus_2_b
8114	0.000020519	430528	ops_par_loop_update_halo_kernel1_t1_14	update_halo_kernel1_t1
8115	0.000019918	246080	ops_par_loop_group_16	update_halo_kernel2_xvel_plus_4_b+update_halo_kernel2_yvel_minus_4_b
8116	0.000020389	369120	ops_par_loop_group_17	update_halo_kernel3_plus_4_b+update_halo_kernel2_xvel_plus_2_b+update_halo_kernel2_yvel_minus_2_b
8117	0.000018816	123040	ops_par_loop_update_halo_kernel3_plus_2_b_22	update_halo_kernel3_plus_2_b
8118	0.000025669	553536	ops_par_loop_group_19	update_halo_kernel1_l2+update_halo_kernel3_minus_4_a
8119	0.000023034	553536	ops_par_loop_group_20	update_halo_kernel1_l1+update_halo_kernel3_minus_2_a
8120	0.000019456	123008	ops_par_loop_update_halo_kernel3_minus_4_b_25	update_halo_kernel3_minus_4_b
8121	0.000023605	553536	ops_par_loop_group_22	update_halo_kernel1_r2+update_halo_kernel3_minus_2_b
8122	0.000021561	430528	ops_par_loop_update_halo_kernel1_r1_18	update_halo_kernel1_r1
8123	0.000023776	369120	ops_par_loop_group_24	update_halo_kernel4_plus_4_a+update_halo_kernel2_xvel_minus_4_a+update_halo_kernel2_yvel_plus_4_a
8124	0.000021842	369120	ops_par_loop_group_25	update_halo_kernel4_plus_2_a+update_halo_kernel2_xvel_minus_2_a+update_halo_kernel2_yvel_plus_2_a
8125	0.000020930	246080	ops_par_loop_group_26	update_halo_kernel2_xvel_minus_4_b+update_halo_kernel2_yvel_plus_4_b
8126	0.000022523	369120	ops_par_loop_group_27	update_halo_kernel4_plus_4_b+update_halo_kernel2_xvel_minus_2_b+update_halo_kernel2_yvel_plus_2_b
8127	0.000018956	123040	ops_par_loop_update_halo_kernel4_plus_2_b_34	update_halo_kernel4_plus_2_b
8128	0.000562196	591053440	ops_par_loop_advec_cell_kernel1_ydir_35	advec_cell_kernel1_ydir
8129	0.000786672	708203544	ops_par_loop_advec_cell_kernel3_ydir_36	advec_cell_kernel3_ydir
8130	0.001471802	1533542400	ops_par_loop_advec_cell_kernel4_ydir_37	advec_cell_kernel4_ydir
8131	0.000021782	553536	ops_par_loop_group_32	update_halo_kernel1_b2+update_halo_kernel4_minus_4_a
8132	0.000020879	553536	ops_par_loop_group_33	update_halo_kernel1_b1+update_halo_kernel4_minus_2_a
8133	0.000018896	123008	ops_par_loop_update_halo_kernel4_minus_4_b_64	update_halo_kernel4_minus_4_b
8134	0.000020619	553536	ops_par_loop_group_35	update_halo_kernel1_t2+update_halo_kernel4_minus_2_b
8135	0.000020719	430528	ops_par_loop_update_halo_kernel1_t1_41	update_halo_kernel1_t1
8136	0.000023444	430528	ops_par_loop_update_halo_kernel1_l2_42	update_halo_kernel1_l2
8137	0.000021330	430528	ops_par_loop_update_halo_kernel1_l1_43	update_halo_kernel1_l1
8138	0.000023424	430528	ops_par_loop_update_halo_kernel1_r2_44	update_halo_kernel1_r2
8139	0.000021701	430528	ops_par_loop_update_halo_kernel1_r1_45	update_halo_kernel1_r1
8140	0.000019828	123040	ops_par_loop_update_halo_kernel4_plus_4_a_66	update_halo_kernel4_plus_4_a
8141	0.000018666	123040	ops_par_loop_update_halo_kernel4_plus_2_a_67	update_halo_kernel4_plus_2_a
8142	0.000018876	123040	ops_par_loop_update_halo_kernel4_plus_4_b_68	update_halo_kernel4_plus_4_b
8143	0.000018555	123040	ops_par_loop_update_halo_kernel4_plus_2_b_69	update_halo_kernel4_plus_2_b
8144	0.000561044	591053440	ops_par_loop_advec_mom_kernel_y1_70	advec_mom_kernel_y1
8145	0.000191794	236236864	ops_par_loop_advec_mom_kernel_mass_flux_y_71	advec_mom_kernel_mass_flux_y
8146	0.000531739	590438520	ops_par_loop_advec_mom_kernel_post_pre_advec_y_72	advec_mom_kernel_post_pre_advec_y
8147	0.000877204	472258640	ops_par_loop_advec_mom_kernel1_y_nonvector_73	advec_mom_kernel1_y_nonvector
8148	0.000453009	590131240	ops_par_loop_advec_mom_kernel2_y_74	advec_mom_kernel2_y
8149	0.000559962	591053440	ops_par_loop_advec_mom_kernel_y1_75	advec_mom_kernel_y1
8150	0.000192726	236236864	ops_par_loop_advec_mom_kernel_mass_flux_y_76	advec_mom_kernel_mass_flux_y
8151	0.000534434	590438520	ops_par_loop_advec_mom_kernel_post_pre_advec_y_77	advec_mom_kernel_post_pre_advec_y
8152	0.000871674	472258640	ops_par_loop_advec_mom_kernel1_y_nonvector_78	advec_mom_kernel1_y_nonvector
8153	0.000449252	590131240	ops_par_loop_advec_mom_kernel2_y_79	advec_mom_kernel2_y
8154	0.000490000	472842752	ops_par_loop_advec_cell_kernel2_xdir_80	advec_cell_kernel2_xdir
8155	0.000773036	708203544	ops_par_loop_advec_cell_kernel3_xdir_81	advec_cell_kernel3_xdir
8156	0.001460861	1533542400	ops_par_loop_advec_cell_kernel4_xdir_82	advec_cell_kernel4_xdir
8157	0.000022723	553536	ops_par_loop_group_58	update_halo_kernel1_b2+update_halo_kernel4_minus_4_a
8158	0.000021300	553536	ops_par_loop_group_59	update_halo_kernel1_b1+update_halo_kernel4_minus_2_a
8159	0.000021481	369120	ops_par_loop_group_60	update_halo_kernel2_xvel_plus_4_a+update_halo_kernel2_yvel_minus_4_a+update_halo_kernel3_plus_4_a
8160	0.000020930	369120	ops_par_loop_group_61	update_halo_kernel2_xvel_plus_2_a+update_halo_kernel2_yvel_minus_2_a+update_halo_kernel3_plus_2_a
8161	0.000019497	246080	ops_par_loop_group_62	update_halo_kernel2_xvel_plus_4_b+update_halo_kernel2_yvel_minus_4_b
8162	0.000021500	369120	ops_par_loop_group_63	update_halo_kernel2_xvel_plus_2_b+update_halo_kernel2_yvel_minus_2_b+update_halo_kernel3_plus_4_b
8163	0.000022212	246080	ops_par_loop_group_64	update_halo_kernel2_xvel_minus_4_b+update_halo_kernel2_yvel_plus_4_b
8164	0.000018916	123040	ops_par_loop_update_halo_kernel3_plus_2_b_110	update_halo_kernel3_plus_2_b
8165	0.000019728	123008	ops_par_loop_update_halo_kernel3_minus_4_b_113	update_halo_kernel3_minus_4_b
8166	0.000018585	123008	ops_par_loop_update_halo_kernel4_minus_4_b_117	update_halo_kernel4_minus_4_b
8167	0.000025529	553536	ops_par_loop_group_68	update_halo_kernel1_t2+update_halo_kernel4_minus_2_b
8168	0.000020639	430528	ops_par_loop_update_halo_kernel1_t1_86	update_halo_kernel1_t1
8169	0.000026290	553536	ops_par_loop_group_70	update_halo_kernel1_l2+update_halo_kernel3_minus_4_a
8170	0.000022733	553536	ops_par_loop_group_71	update_halo_kernel1_l1+update_halo_kernel3_minus_2_a
8171	0.000024707	553536	ops_par_loop_group_72	update_halo_kernel1_r2+update_halo_kernel3_minus_2_b
8172	0.000021411	430528	ops_par_loop_update_halo_kernel1_r1_90	update_halo_kernel1_r1
8173	0.000023535	369120	ops_par_loop_group_74	update_halo_kernel2_xvel_minus_4_a+update_halo_kernel2_yvel_plus_4_a+update_halo_kernel4_plus_4_a
8174	0.000021210	369120	ops_par_loop_group_75	update_halo_kernel2_xvel_minus_2_a+update_halo_kernel2_yvel_plus_2_a+update_halo_kernel4_plus_2_a
8175	0.000022512	369120	ops_par_loop_group_76	update_halo_kernel2_xvel_minus_2_b+update_halo_kernel2_yvel_plus_2_b+update_halo_kernel4_plus_4_b
8176	0.000018465	123040	ops_par_loop_update_halo_kernel4_plus_2_b_122	update_halo_kernel4_plus_2_b
8177	0.001791539	1416561152	ops_par_loop_group_78	advec_mom_kernel_x2+reset_field_kernel1+ideal_gas_kernel
8178	0.000196363	236236864	ops_par_loop_advec_mom_kernel_mass_flux_x_124	advec_mom_kernel_mass_flux_x
8179	0.000574950	590438520	ops_par_loop_advec_mom_kernel_post_pre_advec_x_125	advec_mom_kernel_post_pre_advec_x
8180	0.000880591	472258640	ops_par_loop_advec_mom_kernel1_x_nonvector_126	advec_mom_kernel1_x_nonvector
8181	0.000456957	590131240	ops_par_loop_advec_mom_kernel2_x_127	advec_mom_kernel2_x
8182	0.000497875	472842752	ops_par_loop_advec_mom_kernel_x2_128	advec_mom_kernel_x2
8183	0.000195561	236236864	ops_par_loop_advec_mom_kernel_mass_flux_x_129	advec_mom_kernel_mass_flux_x
8184	0.000574190	590438520	ops_par_loop_advec_mom_kernel_post_pre_advec_x_130	advec_mom_kernel_post_pre_advec_x
8185	0.000882565	472258640	ops_par_loop_advec_mom_kernel1_x_nonvector_131	advec_mom_kernel1_x_nonvector
8186	0.000731858	1062236232	ops_par_loop_group_87	advec_mom_kernel2_x+reset_field_kernel2
8187	0.000495109	471859200	ops_par_loop_ideal_gas_kernel_0	ideal_gas_kernel
8188	0.000023214	430304	ops_par_loop_update_halo_kernel1_b1_1	update_halo_kernel1_b1
8189	0.000020579	430304	ops_par_loop_update_halo_kernel1_t1_2	update_halo_kernel1_t1
8190	0.000024787	430304	ops_par_loop_update_halo_kernel1_l1_3	update_halo_kernel1_l1
8191	0.000024006	430304	ops_par_loop_update_halo_kernel1_r1_4	update_halo_kernel1_r1
8192	0.000020699	245952	ops_par_loop_group_5	update_halo_kernel2_xvel_plus_2_a+update_halo_kernel2_yvel_minus_2_a
8193	0.000021000	245952	ops_par_loop_group_6	update_halo_kernel2_xvel_plus_2_b+update_halo_kernel2_yvel_minus_2_b
8194	0.000020840	245952	ops_par_loop_group_7	update_halo_kernel2_xvel_minus_2_a+update_halo_kernel2_yvel_plus_2_a
8195	0.000022252	245952	ops_par_loop_group_8	update_halo_kernel2_xvel_minus_2_b+update_halo_kernel2_yvel_plus_2_b
8196	0.001729631	589885440	ops_par_loop_viscosity_kernel_13	viscosity_kernel
8197	0.000021821	430304	ops_par_loop_update_halo_kernel1_b1_14	update_halo_kernel1_b1
8198	0.000020128	430304	ops_par_loop_update_halo_kernel1_t1_15	update_halo_kernel1_t1
8199	0.000023825	430304	ops_par_loop_update_halo_kernel1_l1_16	update_halo_kernel1_l1
8200	0.000023184	430304	ops_par_loop_update_halo_kernel1_r1_17	update_halo_kernel1_r1
8201	0.000914775	1061744640	ops_par_loop_calc_dt_kernel_18	calc_dt_kernel
8202	0.001516858	1887436800	ops_par_loop_group_0	PdV_kernel_predict+ideal_gas_kernel
8203	0.000022413	430304	ops_par_loop_update_halo_kernel1_b1_2	update_halo_kernel1_b1
8204	0.000021201	430304	ops_par_loop_update_halo_kernel1_t1_3	update_halo_kernel1_t1
8205	0.000024356	430304	ops_par_loop_update_halo_kernel1_l1_4	update_halo_kernel1_l1
8206	0.000024326	430304	ops_par_loop_update_halo_kernel1_r1_5	update_halo_kernel1_r1
8207	0.001556763	1770147928	ops_par_loop_group_5	revert_kernel+accelerate_kernel
8208	0.001357225	1651507200	ops_par_loop_PdV_kernel_nopredict_8	PdV_kernel_nopredict
8209	0.000359722	471982080	ops_par_loop_flux_calc_kernelx_9	flux_calc_kernelx
8210	0.000358150	471982080	ops_par_loop_flux_calc_kernely_10	flux_calc_kernely
8211	0.000024266	553536	ops_par_loop_group_9	update_halo_kernel1_b2+update_halo_kernel4_minus_4_a
8212	0.000020549	553536	ops_par_loop_group_10	update_halo_kernel1_b1+update_halo_kernel4_minus_2_a
8213	0.000021020	369120	ops_par_loop_group_11	update_halo_kernel3_plus_4_a+update_halo_kernel2_xvel_plus_4_a+update_halo_kernel2_yvel_minus_4_a
8214	0.000020980	369120	ops_par_loop_group_12	update_halo_kernel3_plus_2_a+update_halo_kernel2_xvel_plus_2_a+update_halo_kernel2_yvel_minus_2_a
8215	0.000018936	123008	ops_par_loop_update_halo_kernel4_minus_4_b_29	update_halo_kernel4_minus_4_b
8216	0.000020820	553536	ops_par_loop_group_14	update_halo_kernel1_t2+update_halo_kernel4_minus_2_b
8217	0.000026691	430528	ops_par_loop_update_halo_kernel1_t1_14	update_halo_kernel1_t1
8218	0.000019877	246080	ops_par_loop_group_16	update_halo_kernel2_xvel_plus_4_b+update_halo_kernel2_yvel_minus_4_b
8219	0.000020328	369120	ops_par_loop_group_17	update_halo_kernel3_plus_4_b+update_halo_kernel2_xvel_plus_2_b+update_halo_kernel2_yvel_minus_2_b
8220	0.000018906	123040	ops_par_loop_update_halo_kernel3_plus_2_b_22	update_halo_kernel3_plus_2_b
8221	0.000026230	553536	ops_par_loop_group_19	update_halo_kernel1_l2+update_halo_kernel3_minus_4_a
8222	0.000023164	553536	ops_par_loop_group_20	update_halo_kernel1_l1+update_halo_kernel3_minus_2_a
8223	0.000019507	123008	ops_par_loop_update_halo_kernel3_minus_4_b_25	update_halo_kernel3_minus_4_b
8224	0.000024316	553536	ops_par_loop_group_22	update_halo_kernel1_r2+update_halo_kernel3_minus_2_b
8225	0.000021280	430528	ops_par_loop_update_halo_kernel1_r1_18	update_halo_kernel1_r1
8226	0.000022783	369120	ops_par_loop_group_24	update_halo_kernel4_plus_4_a+update_halo_kernel2_xvel_minus_4_a+update_halo_kernel2_yvel_plus_4_a
8227	0.000021832	369120	ops_par_loop_group_25	update_halo_kernel4_plus_2_a+update_halo_kernel2_xvel_minus_2_a+update_halo_kernel2_yvel_plus_2_a
8228	0.000020599	246080	ops_par_loop_group_26	update_halo_kernel2_xvel_minus_4_b+update_halo_kernel2_yvel_plus_4_b
8229	0.000022453	369120	ops_par_loop_group_27	update_halo_kernel4_plus_4_b+update_halo_kernel2_xvel_minus_2_b+update_halo_kernel2_yvel_plus_2_b
8230	0.000018305	123040	ops_par_loop_update_halo_kernel4_plus_2_b_34	update_halo_kernel4_plus_2_b
8231	0.000563980	591053440	ops_par_loop_advec_cell_kernel1_xdir_35	advec_cell_kernel1_xdir
8232	0.000771584	708203544	ops_par_loop_advec_cell_kernel3_xdir_36	advec_cell_kernel3_xdir
8233	0.001461733	1533542400	ops_par_loop_advec_cell_kernel4_xdir_37	advec_cell_kernel4_xdir
8234	0.000021862	430528	ops_par_loop_update_halo_kernel1_b2_38	update_halo_kernel1_b2
8235	0.000019958	430528	ops_par_loop_update_halo_kernel1_b1_39	update_halo_kernel1_b1
8236	0.000020298	430528	ops_par_loop_update_halo_kernel1_t2_40	update_halo_kernel1_t2
8237	0.000019978	430528	ops_par_loop_update_halo_kernel1_t1_41	update_halo_kernel1_t1
8238	0.000018756	123040	ops_par_loop_update_halo_kernel3_plus_4_a_62	update_halo_kernel3_plus_4_a
8239	0.000018535	123040	ops_par_loop_update_halo_kernel3_plus_2_a_63	update_halo_kernel3_plus_2_a
8240	0.000018335	123040	ops_par_loop_update_halo_kernel3_plus_4_b_64	update_halo_kernel3_plus_4_b
8241	0.000017984	123040	ops_par_loop_update_halo_kernel3_plus_2_b_65	update_halo_kernel3_plus_2_b
8242	0.000026450	553536	ops_par_loop_group_40	update_halo_kernel1_l2+update_halo_kernel3_minus_4_a
8243	0.000023324	553536	ops_par_loop_group_41	update_halo_kernel1_l1+update_halo_kernel3_minus_2_a
8244	0.000019357	123008	ops_par_loop_update_halo_kernel3_minus_4_b_68	update_halo_kernel3_minus_4_b
8245	0.000025258	553536	ops_par_loop_group_43	update_halo_kernel1_r2+update_halo_kernel3_minus_2_b
8246	0.000021211	430528	ops_par_loop_update_halo_kernel1_r1_45	update_halo_kernel1_r1
8247	0.000563269	591053440	ops_par_loop_advec_mom_kernel_x1_70	advec_mom_kernel_x1
8248	0.000193788	236236864	ops_par_loop_advec_mom_kernel_mass_flux_x_71	advec_mom_kernel_mass_flux_x
8249	0.000576122	590438520	ops_par_loop_advec_mom_kernel_post_pre_advec_x_72	advec_mom_kernel_post_pre_advec_x
8250	0.000880460	472258640	ops_par_loop_advec_mom_kernel1_x_nonvector_73	advec_mom_kernel1_x_nonvector
8251	0.000447298	590131240	ops_par_loop_advec_mom_kernel2_x_74	advec_mom_kernel2_x
8252	0.000561605	591053440	ops_par_loop_advec_mom_kernel_x1_75	advec_mom_kernel_x1
8253	0.000194709	236236864	ops_par_loop_advec_mom_kernel_mass_flux_x_76	advec_mom_kernel_mass_flux_x
8254	0.000576423	590438520	ops_par_loop_advec_mom_kernel_post_pre_advec_x_77	advec_mom_kernel_post_pre_advec_x
8255	0.000882704	472258640	ops_par_loop_advec_mom_kernel1_x_nonvector_78	advec_mom_kernel1_x_nonvector
8256	0.000443591	590131240	ops_par_loop_advec_mom_kernel2_x_79	advec_mom_kernel2_x
8257	0.000498335	472842752	ops_par_loop_advec_cell_kernel2_ydir_80	advec_cell_kernel2_ydir
8258	0.000787334	708203544	ops_par_loop_advec_cell_kernel3_ydir_81	advec_cell_kernel3_ydir
8259	0.001479397	1533542400	ops_par_loop_advec_cell_kernel4_ydir_82	advec_cell_kernel4_ydir
8260	0.000023064	553536	ops_par_loop_group_58	update_halo_kernel1_b2+update_halo_kernel4_minus_4_a
8261	0.000022102	553536	ops_par_loop_group_59	update_halo_kernel1_b1+update_halo_kernel4_minus_2_a
8262	0.000023545	369120	ops_par_loop_group_60	update_halo_kernel2_xvel_plus_4_a+update_halo_kernel2_yvel_minus_4_a+update_halo_kernel3_plus_4_a
8263	0.000022473	369120	ops_par_loop_group_61	update_halo_kernel2_xvel_plus_2_a+update_halo_kernel2_yvel_minus_2_a+update_halo_kernel3_plus_2_a
8264	0.000020809	246080	ops_par_loop_group_62	update_halo_kernel2_xvel_plus_4_b+update_halo_kernel2_yvel_minus_4_b
8265	0.000021932	369120	ops_par_loop_group_63	update_halo_kernel2_xvel_plus_2_b+update_halo_kernel2_yvel_minus_2_b+update_halo_kernel3_plus_4_b
8266	0.000143713	246080	ops_par_loop_group_64	update_halo_kernel2_xvel_minus_4_b+update_halo_kernel2_yvel_plus_4_b
8267	0.000020669	123040	ops_par_loop_update_halo_kernel3_plus_2_b_110	update_halo_kernel3_plus_2_b
8268	0.000021711	123008	ops_par_loop_update_halo_kernel3_minus_4_b_113	update_halo_kernel3_minus_4_b
8269	0.000019186	123008	ops_par_loop_update_halo_kernel4_minus_4_b_117	update_halo_kernel4_minus_4_b
8270	0.000022092	553536	ops_par_loop_group_68	update_halo_kernel1_t2+update_halo_kernel4_minus_2_b
8271	0.000021220	430528	ops_par_loop_update_halo_kernel1_t1_86	update_halo_kernel1_t1
8272	0.000027352	553536	ops_par_loop_group_70	update_halo_kernel1_l2+update_halo_kernel3_minus_4_a
8273	0.000024126	553536	ops_par_loop_group_71	update_halo_kernel1_l1+update_halo_kernel3_minus_2_a
8274	0.000025729	553536	ops_par_loop_group_72	update_halo_kernel1_r2+update_halo_kernel3_minus_2_b
8275	0.000022563	430528	ops_par_loop_update_halo_kernel1_r1_90	update_halo_kernel1_r1
8276	0.000024036	369120	ops_par_loop_group_74	update_halo_kernel2_xvel_minus_4_a+update_halo_kernel2_yvel_plus_4_a+update_halo_kernel4_plus_4_a
8277	0.000022032	369120	ops_par_loop_group_75	update_halo_kernel2_xvel_minus_2_a+update_halo_kernel2_yvel_plus_2_a+update_halo_kernel4_plus_2_a
8278	0.000023765	369120	ops_par_loop_group_76	update_halo_kernel2_xvel_minus_2_b+update_halo_kernel2_yvel_plus_2_b+update_halo_kernel4_plus_4_b
8279	0.000019868	123040	ops_par_loop_update_halo_kernel4_plus_2_b_122	update_halo_kernel4_plus_2_b
8280	0.001797921	1416561152	ops_par_loop_group_78	advec_mom_kernel_y2+reset_field_kernel1+ideal_gas_kernel
8281	0.000194970	236236864	ops_par_loop_advec_mom_kernel_mass_flux_y_124	advec_mom_kernel_mass_flux_y
8282	0.000534234	590438520	ops_par_loop_advec_mom_kernel_post_pre_advec_y_125	advec_mom_kernel_post_pre_advec_y
8283	0.000877014	472258640	ops_par_loop_advec_mom_kernel1_y_nonvector_126	advec_mom_kernel1_y_nonvector
8284	0.000448260	590131240	ops_par_loop_advec_mom_kernel2_y_127	advec_mom_kernel2_y
8285	0.000493997	472842752	ops_par_loop_advec_mom_kernel_y2_128	advec_mom_kernel_y2
8286	0.000193608	236236864	ops_par_loop_advec_mom_kernel_mass_flux_y_129	advec_mom_kernel_mass_flux_y
8287	0.000533452	590438520	ops_par_loop_advec_mom_kernel_post_pre_advec_y_130	advec_mom_kernel_post_pre_advec_y
8288	0.000871794	472258640	ops_par_loop_advec_mom_kernel1_y_nonvector_131	advec_mom_kernel1_y_nonvector
8289	0.000733061	1062236232	ops_par_loop_group_87	advec_mom_kernel2_y+reset_field_kernel2
8290	0.000021731	430304	ops_par_loop_update_halo_kernel1_b1_136	update_halo_kernel1_b1
8291	0.000020428	430304	ops_par_loop_update_halo_kernel1_t1_137	update_halo_kernel1_t1
8292	0.000023505	430304	ops_par_loop_update_halo_kernel1_l1_138	update_halo_kernel1_l1
8293	0.000024957	430304	ops_par_loop_update_halo_kernel1_r1_139	update_halo_kernel1_r1
8294	0.000019607	245952	ops_par_loop_group_92	update_halo_kernel2_xvel_plus_2_a+update_halo_kernel2_yvel_minus_2_a
8295	0.000019507	245952	ops_par_loop_group_93	update_halo_kernel2_xvel_plus_2_b+update_halo_kernel2_yvel_minus_2_b
8296	0.000021391	245952	ops_par_loop_group_94	update_halo_kernel2_xvel_minus_2_a+update_halo_kernel2_yvel_plus_2_a
8297	0.000021871	245952	ops_par_loop_group_95	update_halo_kernel2_xvel_minus_2_b+update_halo_kernel2_yvel_plus_2_b
8298	0.001728569	589885440	ops_par_loop_viscosity_kernel_148	viscosity_kernel
8299	0.000022462	430304	ops_par_loop_update_halo_kernel1_b1_149	update_halo_kernel1_b1
8300	0.000019908	430304	ops_par_loop_update_halo_kernel1_t1_150	update_halo_kernel1_t1
8301	0.000023555	430304	ops_par_loop_update_halo_kernel1_l1_151	update_halo_kernel1_l1
8302	0.000022613	430304	ops_par_loop_update_halo_kernel1_r1_152	update_halo_kernel1_r1
8303	0.000915998	1061744640	ops_par_loop_calc_dt_kernel_153	calc_dt_kernel
8304	0.001487051	1887436800	ops_par_loop_group_0	PdV_kernel_predict+ideal_gas_kernel
8305	0.000021931	430304	ops_par_loop_update_halo_kernel1_b1_2	update_halo_kernel1_b1
8306	0.000019928	430304	ops_par_loop_update_halo_kernel1_t1_3	update_halo_kernel1_t1
8307	0.000024256	430304	ops_par_loop_update_halo_kernel1_l1_4	update_halo_kernel1_l1
8308	0.000023344	430304	ops_par_loop_update_halo_kernel1_r1_5	update_halo_kernel1_r1
8309	0.001558216	1770147928	ops_par_loop_group_5	revert_kernel+accelerate_kernel
8310	0.001354400	1651507200	ops_par_loop_PdV_kernel_nopredict_8	PdV_kernel_nopredict
8311	0.000361405	471982080	ops_par_loop_flux_calc_kernelx_9	flux_calc_kernelx
8312	0.000357147	471982080	ops_par_loop_flux_calc_kernely_10	flux_calc_kernely
8313	0.000022122	553536	ops_par_loop_group_9	update_halo_kernel1_b2+update_halo_kernel4_minus_4_a
8314	0.000020429	553536	ops_par_loop_group_10	update_halo_kernel1_b1+update_halo_kernel4_minus_2_a
8315	0.000021250	369120	ops_par_loop_group_11	update_halo_kernel3_plus_4_a+update_halo_kernel2_xvel_plus_4_a+update_halo_kernel2_yvel_minus_4_a
8316	0.000020639	369120	ops_par_loop_group_12	update_halo_kernel3_plus_2_a+update_halo_kernel2_xvel_plus_2_a+update_halo_kernel2_yvel_minus_2_a
8317	0.000018656	123008	ops_par_loop_update_halo_kernel4_minus_4_b_29	update_halo_kernel4_minus_4_b
8318	0.000027592	553536	ops_par_loop_group_14	update_halo_kernel1_t2+update_halo_kernel4_minus_2_b
8319	0.000020879	430528	ops_par_loop_update_halo_kernel1_t1_14	update_halo_kernel1_t1
8320	0.000019887	246080	ops_par_loop_group_16	update_halo_kernel2_xvel_plus_4_b+update_halo_kernel2_yvel_minus_4_b
8321	0.000020399	369120	ops_par_loop_group_17	update_halo_kernel3_plus_4_b+update_halo_kernel2_xvel_plus_2_b+update_halo_kernel2_yvel_minus_2_b
8322	0.000019587	123040	ops_par_loop_update_halo_kernel3_plus_2_b_22	update_halo_kernel3_plus_2_b
8323	0.000026440	553536	ops_par_loop_group_19	update_halo_kernel1_l2+update_halo_kernel3_minus_4_a
8324	0.000023685	553536	ops_par_loop_group_20	update_halo_kernel1_l1+update_halo_kernel3_minus_2_a
8325	0.000018966	123008	ops_par_loop_update_halo_kernel3_minus_4_b_25	update_halo_kernel3_minus_4_b
8326	0.000024025	553536	ops_par_loop_group_22	update_halo_kernel1_r2+update_halo_kernel3_minus_2_b
8327	0.000021170	430528	ops_par_loop_update_halo_kernel1_r1_18	update_halo_kernel1_r1
8328	0.000022843	369120	ops_par_loop_group_24	update_halo_kernel4_plus_4_a+update_halo_kernel2_xvel_minus_4_a+update_halo_kernel2_yvel_plus_4_a
8329	0.000021550	369120	ops_par_loop_group_25	update_halo_kernel4_plus_2_a+update_halo_kernel2_xvel_minus_2_a+update_halo_kernel2_yvel_plus_2_a
8330	0.000021451	246080	ops_par_loop_group_26	update_halo_kernel2_xvel_minus_4_b+update_halo_kernel2_yvel_plus_4_b
8331	0.000022513	369120	ops_par_loop_group_27	update_halo_kernel4_plus_4_b+update_halo_kernel2_xvel_minus_2_b+update_halo_kernel2_yvel_plus_2_b
8332	0.000017984	123040	ops_par_loop_update_halo_kernel4_plus_2_b_34	update_halo_kernel4_plus_2_b
8333	0.000561876	591053440	ops_par_loop_advec_cell_kernel1_ydir_35	advec_cell_kernel1_ydir
8334	0.000787234	708203544	ops_par_loop_advec_cell_kernel3_ydir_36	advec_cell_kernel3_ydir
8335	0.001475960	1533542400	ops_par_loop_advec_cell_kernel4_ydir_37	advec_cell_kernel4_ydir
8336	0.000022112	553536	ops_par_loop_group_32	update_halo_kernel1_b2+update_halo_kernel4_minus_4_a
8337	0.000021010	553536	ops_par_loop_group_33	update_halo_kernel1_b1+update_halo_kernel4_minus_2_a
8338	0.000018595	123008	ops_par_loop_update_halo_kernel4_minus_4_b_64	update_halo_kernel4_minus_4_b
8339	0.000021761	553536	ops_par_loop_group_35	update_halo_kernel1_t2+update_halo_kernel4_minus_2_b
8340	0.000019908	430528	ops_par_loop_update_halo_kernel1_t1_41	update_halo_kernel1_t1
8341	0.000023464	430528	ops_par_loop_update_halo_kernel1_l2_42	update_halo_kernel1_l2
8342	0.000020990	430528	ops_par_loop_update_halo_kernel1_l1_43	update_halo_kernel1_l1
8343	0.000022793	430528	ops_par_loop_update_halo_kernel1_r2_44	update_halo_kernel1_r2
8344	0.000020850	430528	ops_par_loop_update_halo_kernel1_r1_45	update_halo_kernel1_r1
8345	0.000018675	123040	ops_par_loop_update_halo_kernel4_plus_4_a_66	update_halo_kernel4_plus_4_a
8346	0.000018024	123040	ops_par_loop_update_halo_kernel4_plus_2_a_67	update_halo_kernel4_plus_2_a
8347	0.000019277	123040	ops_par_loop_update_halo_kernel4_plus_4_b_68	update_halo_kernel4_plus_4_b
8348	0.000018905	123040	ops_par_loop_update_halo_kernel4_plus_2_b_69	update_halo_kernel4_plus_2_b
8349	0.000562376	591053440	ops_par_loop_advec_mom_kernel_y1_70	advec_mom_kernel_y1
8350	0.000192936	236236864	ops_par_loop_advec_mom_kernel_mass_flux_y_71	advec_mom_kernel_mass_flux_y
8351	0.000530837	590438520	ops_par_loop_advec_mom_kernel_post_pre_advec_y_72	advec_mom_kernel_post_pre_advec_y
8352	0.000876623	472258640	ops_par_loop_advec_mom_kernel1_y_nonvector_73	advec_mom_kernel1_y_nonvector
8353	0.000446898	590131240	ops_par_loop_advec_mom_kernel2_y_74	advec_mom_kernel2_y
8354	0.000559211	591053440	ops_par_loop_advec_mom_kernel_y1_75	advec_mom_kernel_y1
8355	0.000191213	236236864	ops_par_loop_advec_mom_kernel_mass_flux_y_76	advec_mom_kernel_mass_flux_y
8356	0.000531889	590438520	ops_par_loop_advec_mom_kernel_post_pre_advec_y_77	advec_mom_kernel_post_pre_advec_y
8357	0.000870882	472258640	ops_par_loop_advec_mom_kernel1_y_nonvector_78	advec_mom_kernel1_y_nonvector
8358	0.000453601	590131240	ops_par_loop_advec_mom_kernel2_y_79	advec_mom_kernel2_y
8359	0.000491512	472842752	ops_par_loop_advec_cell_kernel2_xdir_80	advec_cell_kernel2_xdir
8360	0.000772295	708203544	ops_par_loop_advec_cell_kernel3_xdir_81	advec_cell_kernel3_xdir
8361	0.001460220	1533542400	ops_par_loop_advec_cell_kernel4_xdir_82	advec_cell_kernel4_xdir
8362	0.000022363	553536	ops_par_loop_group_58	update_halo_kernel1_b2+update_halo_kernel4_minus_4_a
8363	0.000021511	553536	ops_par_loop_group_59	update_halo_kernel1_b1+update_halo_kernel4_minus_2_a
8364	0.000021571	369120	ops_par_loop_group_60	update_halo_kernel2_xvel_plus_4_a+update_halo_kernel2_yvel_minus_4_a+update_halo_kernel3_plus_4_a
8365	0.000021160	369120	ops_par_loop_group_61	update_halo_kernel2_xvel_plus_2_a+update_halo_kernel2_yvel_minus_2_a+update_halo_kernel3_plus_2_a
8366	0.000019076	246080	ops_par_loop_group_62	update_halo_kernel2_xvel_plus_4_b+update_halo_kernel2_yvel_minus_4_b
8367	0.000021882	369120	ops_par_loop_group_63	update_halo_kernel2_xvel_plus_2_b+update_halo_kernel2_yvel_minus_2_b+update_halo_kernel3_plus_4_b
8368	0.000021791	246080	ops_par_loop_group_64	update_halo_kernel2_xvel_minus_4_b+update_halo_kernel2_yvel_plus_4_b
8369	0.000019327	123040	ops_par_loop_update_halo_kernel3_plus_2_b_110	update_halo_kernel3_plus_2_b
8370	0.000018806	123008	ops_par_loop_update_halo_kernel3_minus_4_b_113	update_halo_kernel3_minus_4_b
8371	0.000018616	123008	ops_par_loop_update_halo_kernel4_minus_4_b_117	update_halo_kernel4_minus_4_b
8372	0.000021781	553536	ops_par_loop_group_68	update_halo_kernel1_t2+update_halo_kernel4_minus_2_b
8373	0.000020639	430528	ops_par_loop_update_halo_kernel1_t1_86	update_halo_kernel1_t1
8374	0.000026330	553536	ops_par_loop_group_70	update_halo_kernel1_l2+update_halo_kernel3_minus_4_a
8375	0.000023906	553536	ops_par_loop_group_71	update_halo_kernel1_l1+update_halo_kernel3_minus_2_a
8376	0.000023956	553536	ops_par_loop_group_72	update_halo_kernel1_r2+update_halo_kernel3_minus_2_b
8377	0.000021070	430528	ops_par_loop_update_halo_kernel1_r1_90	update_halo_kernel1_r1
8378	0.000023405	369120	ops_par_loop_group_74	update_halo_kernel2_xvel_minus_4_a+update_halo_kernel2_yvel_plus_4_a+update_halo_kernel4_plus_4_a
8379	0.000021511	369120	ops_par_loop_group_75	update_halo_kernel2_xvel_minus_2_a+update_halo_kernel2_yvel_plus_2_a+update_halo_kernel4_plus_2_a
8380	0.000022312	369120	ops_par_loop_group_76	update_halo_kernel2_xvel_minus_2_b+update_halo_kernel2_yvel_plus_2_b+update_halo_kernel4_plus_4_b
8381	0.000018095	123040	ops_par_loop_update_halo_kernel4_plus_2_b_122	update_halo_kernel4_plus_2_b
8382	0.001788042	1416561152	ops_par_loop_group_78	advec_mom_kernel_x2+reset_field_kernel1+ideal_gas_kernel
8383	0.000196493	236236864	ops_par_loop_advec_mom_kernel_mass_flux_x_124	advec_mom_kernel_mass_flux_x
8384	0.000572917	590438520	ops_par_loop_advec_mom_kernel_post_pre_advec_x_125	advec_mom_kernel_post_pre_advec_x
8385	0.000880540	472258640	ops_par_loop_advec_mom_kernel1_x_nonvector_126	advec_mom_kernel1_x_nonvector
8386	0.000447809	590131240	ops_par_loop_advec_mom_kernel2_x_127	advec_mom_kernel2_x
8387	0.000498766	472842752	ops_par_loop_advec_mom_kernel_x2_128	advec_mom_kernel_x2
8388	0.000194739	236236864	ops_par_loop_advec_mom_kernel_mass_flux_x_129	advec_mom_kernel_mass_flux_x
8389	0.000574680	590438520	ops_par_loop_advec_mom_kernel_post_pre_advec_x_130	advec_mom_kernel_post_pre_advec_x
8390	0.000882524	472258640	ops_par_loop_advec_mom_kernel1_x_nonvector_131	advec_mom_kernel1_x_nonvector
8391	0.000730626	1062236232	ops_par_loop_group_87	advec_mom_kernel2_x+reset_field_kernel2
8392	0.000021952	430304	ops_par_loop_update_halo_kernel1_b1_136	update_halo_kernel1_b1
8393	0.000020068	430304	ops_par_loop_update_halo_kernel1_t1_137	update_halo_kernel1_t1
8394	0.000024156	430304	ops_par_loop_update_halo_kernel1_l1_138	update_halo_kernel1_l1
8395	0.000024236	430304	ops_par_loop_update_halo_kernel1_r1_139	update_halo_kernel1_r1
8396	0.000019857	245952	ops_par_loop_group_92	update_halo_kernel2_xvel_plus_2_a+update_halo_kernel2_yvel_minus_2_a
8397	0.000019096	245952	ops_par_loop_group_93	update_halo_kernel2_xvel_plus_2_b+update_halo_kernel2_yvel_minus_2_b
8398	0.000021250	245952	ops_par_loop_group_94	update_halo_kernel2_xvel_minus_2_a+update_halo_kernel2_yvel_plus_2_a
8399	0.000020870	245952	ops_par_loop_group_95	update_halo_kernel2_xvel_minus_2_b+update_halo_kernel2_yvel_plus_2_b
8400	0.001729080	589885440	ops_par_loop_viscosity_kernel_148	viscosity_kernel
8401	0.000022543	430304	ops_par_loop_update_halo_kernel1_b1_149	update_halo_kernel1_b1
8402	0.000019798	430304	ops_par_loop_update_halo_kernel1_t1_150	update_halo_kernel1_t1
8403	0.000023585	430304	ops_par_loop_update_halo_kernel1_l1_151	update_halo_kernel1_l1
8404	0.000023264	430304	ops_par_loop_update_halo_kernel1_r1_152	update_halo_kernel1_r1
8405	0.000915456	1061744640	ops_par_loop_calc_dt_kernel_153	calc_dt_kernel
8406	0.001488644	1887436800	ops_par_loop_group_0	PdV_kernel_predict+ideal_gas_kernel
8407	0.000021441	430304	ops_par_loop_update_halo_kernel1_b1_2	update_halo_kernel1_b1
8408	0.000019537	430304	ops_par_loop_update_halo_kernel1_t1_3	update_halo_kernel1_t1
8409	0.000023414	430304	ops_par_loop_update_halo_kernel1_l1_4	update_halo_kernel1_l1
8410	0.000023444	430304	ops_par_loop_update_halo_kernel1_r1_5	update_halo_kernel1_r1
8411	0.001557554	1770147928	ops_par_loop_group_5	revert_kernel+accelerate_kernel
8412	0.001357265	1651507200	ops_par_loop_PdV_kernel_nopredict_8	PdV_kernel_nopredict
8413	0.000361476	471982080	ops_par_loop_flux_calc_kernelx_9	flux_calc_kernelx
8414	0.000360163	471982080	ops_par_loop_flux_calc_kernely_10	flux_calc_kernely
8415	0.000021561	553536	ops_par_loop_group_9	update_halo_kernel1_b2+update_halo_kernel4_minus_4_a
8416	0.000020629	553536	ops_par_loop_group_10	update_halo_kernel1_b1+update_halo_kernel4_minus_2_a
8417	0.000020349	369120	ops_par_loop_group_11	update_halo_kernel3_plus_4_a+update_halo_kernel2_xvel_plus_4_a+update_halo_kernel2_yvel_minus_4_a
8418	0.000020168	369120	ops_par_loop_group_12	update_halo_kernel3_plus_2_a+update_halo_kernel2_xvel_plus_2_a+update_halo_kernel2_yvel_minus_2_a
8419	0.000018505	123008	ops_par_loop_update_halo_kernel4_minus_4_b_29	update_halo_kernel4_minus_4_b
8420	0.000020459	553536	ops_par_loop_group_14	update_halo_kernel1_t2+update_halo_kernel4_minus_2_b
8421	0.000019748	430528	ops_par_loop_update_halo_kernel1_t1_14	update_halo_kernel1_t1
8422	0.000019678	246080	ops_par_loop_group_16	update_halo_kernel2_xvel_plus_4_b+update_halo_kernel2_yvel_minus_4_b
8423	0.000019798	369120	ops_par_loop_group_17	update_halo_kernel3_plus_4_b+update_halo_kernel2_xvel_plus_2_b+update_halo_kernel2_yvel_minus_2_b
8424	0.000018254	123040	ops_par_loop_update_halo_kernel3_plus_2_b_22	update_halo_kernel3_plus_2_b
8425	0.000025849	553536	ops_par_loop_group_19	update_halo_kernel1_l2+update_halo_kernel3_minus_4_a
8426	0.000022412	553536	ops_par_loop_group_20	update_halo_kernel1_l1+update_halo_kernel3_minus_2_a
8427	0.000019337	123008	ops_par_loop_update_halo_kernel3_minus_4_b_25	update_halo_kernel3_minus_4_b
8428	0.000023484	553536	ops_par_loop_group_22	update_halo_kernel1_r2+update_halo_kernel3_minus_2_b
8429	0.000021381	430528	ops_par_loop_update_halo_kernel1_r1_18	update_halo_kernel1_r1
8430	0.000022653	369120	ops_par_loop_group_24	update_halo_kernel4_plus_4_a+update_halo_kernel2_xvel_minus_4_a+update_halo_kernel2_yvel_plus_4_a
8431	0.000020690	369120	ops_par_loop_group_25	update_halo_kernel4_plus_2_a+update_halo_kernel2_xvel_minus_2_a+update_halo_kernel2_yvel_plus_2_a
8432	0.000019957	246080	ops_par_loop_group_26	update_halo_kernel2_xvel_minus_4_b+update_halo_kernel2_yvel_plus_4_b
8433	0.000022773	369120	ops_par_loop_group_27	update_halo_kernel4_plus_4_b+update_halo_kernel2_xvel_minus_2_b+update_halo_kernel2_yvel_plus_2_b
8434	0.000017644	123040	ops_par_loop_update_halo_kernel4_plus_2_b_34	update_halo_kernel4_plus_2_b
8435	0.000561285	591053440	ops_par_loop_advec_cell_kernel1_xdir_35	advec_cell_kernel1_xdir
8436	0.000772506	708203544	ops_par_loop_advec_cell_kernel3_xdir_36	advec_cell_kernel3_xdir
8437	0.001458487	1533542400	ops_par_loop_advec_cell_kernel4_xdir_37	advec_cell_kernel4_xdir
8438	0.000021892	430528	ops_par_loop_update_halo_kernel1_b2_38	update_halo_kernel1_b2
8439	0.000019497	430528	ops_par_loop_update_halo_kernel1_b1_39	update_halo_kernel1_b1
8440	0.000020098	430528	ops_par_loop_update_halo_kernel1_t2_40	update_halo_kernel1_t2
8441	0.000020118	430528	ops_par_loop_update_halo_kernel1_t1_41	update_halo_kernel1_t1
8442	0.000018746	123040	ops_par_loop_update_halo_kernel3_plus_4_a_62	update_halo_kernel3_plus_4_a
8443	0.000018004	123040	ops_par_loop_update_halo_kernel3_plus_2_a_63	update_halo_kernel3_plus_2_a
8444	0.000017703	123040	ops_par_loop_update_halo_kernel3_plus_4_b_64	update_halo_kernel3_plus_4_b
8445	0.000017964	123040	ops_par_loop_update_halo_kernel3_plus_2_b_65	update_halo_kernel3_plus_2_b
8446	0.000026340	553536	ops_par_loop_group_40	update_halo_kernel1_l2+update_halo_kernel3_minus_4_a
8447	0.000022953	553536	ops_par_loop_group_41	update_halo_kernel1_l1+update_halo_kernel3_minus_2_a
8448	0.000018175	123008	ops_par_loop_update_halo_kernel3_minus_4_b_68	update_halo_kernel3_minus_4_b
8449	0.000024667	553536	ops_par_loop_group_43	update_halo_kernel1_r2+update_halo_kernel3_minus_2_b
8450	0.000020860	430528	ops_par_loop_update_halo_kernel1_r1_45	update_halo_kernel1_r1
8451	0.000564320	591053440	ops_par_loop_advec_mom_kernel_x1_70	advec_mom_kernel_x1
8452	0.000193627	236236864	ops_par_loop_advec_mom_kernel_mass_flux_x_71	advec_mom_kernel_mass_flux_x
8453	0.000572276	590438520	ops_par_loop_advec_mom_kernel_post_pre_advec_x_72	advec_mom_kernel_post_pre_advec_x
8454	0.000881091	472258640	ops_par_loop_advec_mom_kernel1_x_nonvector_73	advec_mom_kernel1_x_nonvector
8455	0.000454272	590131240	ops_par_loop_advec_mom_kernel2_x_74	advec_mom_kernel2_x
8456	0.000563880	591053440	ops_par_loop_advec_mom_kernel_x1_75	advec_mom_kernel_x1
8457	0.000193277	236236864	ops_par_loop_advec_mom_kernel_mass_flux_x_76	advec_mom_kernel_mass_flux_x
8458	0.000577736	590438520	ops_par_loop_advec_mom_kernel_post_pre_advec_x_77	advec_mom_kernel_post_pre_advec_x
8459	0.000882885	472258640	ops_par_loop_advec_mom_kernel1_x_nonvector_78	advec_mom_kernel1_x_nonvector
8460	0.000450855	590131240	ops_par_loop_advec_mom_kernel2_x_79	advec_mom_kernel2_x
8461	0.000499598	472842752	ops_par_loop_advec_cell_kernel2_ydir_80	advec_cell_kernel2_ydir
8462	0.000787063	708203544	ops_par_loop_advec_cell_kernel3_ydir_81	advec_cell_kernel3_ydir
8463	0.001473194	1533542400	ops_par_loop_advec_cell_kernel4_ydir_82	advec_cell_kernel4_ydir
8464	0.000022252	553536	ops_par_loop_group_58	update_halo_kernel1_b2+update_halo_kernel4_minus_4_a
8465	0.000021732	553536	ops_par_loop_group_59	update_halo_kernel1_b1+update_halo_kernel4_minus_2_a
8466	0.000021320	369120	ops_par_loop_group_60	update_halo_kernel2_xvel_plus_4_a+update_halo_kernel2_yvel_minus_4_a+update_halo_kernel3_plus_4_a
8467	0.000021150	369120	ops_par_loop_group_61	update_halo_kernel2_xvel_plus_2_a+update_halo_kernel2_yvel_minus_2_a+update_halo_kernel3_plus_2_a
8468	0.000019678	246080	ops_par_loop_group_62	update_halo_kernel2_xvel_plus_4_b+update_halo_kernel2_yvel_minus_4_b
8469	0.000020239	369120	ops_par_loop_group_63	update_halo_kernel2_xvel_plus_2_b+update_halo_kernel2_yvel_minus_2_b+update_halo_kernel3_plus_4_b
8470	0.000022152	246080	ops_par_loop_group_64	update_halo_kernel2_xvel_minus_4_b+update_halo_kernel2_yvel_plus_4_b
8471	0.000018646	123040	ops_par_loop_update_halo_kernel3_plus_2_b_110	update_halo_kernel3_plus_2_b
8472	0.000019396	123008	ops_par_loop_update_halo_kernel3_minus_4_b_113	update_halo_kernel3_minus_4_b
8473	0.000020329	123008	ops_par_loop_update_halo_kernel4_minus_4_b_117	update_halo_kernel4_minus_4_b
8474	0.000021060	553536	ops_par_loop_group_68	update_halo_kernel1_t2+update_halo_kernel4_minus_2_b
8475	0.000020990	430528	ops_par_loop_update_halo_kernel1_t1_86	update_halo_kernel1_t1
8476	0.000026841	553536	ops_par_loop_group_70	update_halo_kernel1_l2+update_halo_kernel3_minus_4_a
8477	0.000022623	553536	ops_par_loop_group_71	update_halo_kernel1_l1+update_halo_kernel3_minus_2_a
8478	0.000024747	553536	ops_par_loop_group_72	update_halo_kernel1_r2+update_halo_kernel3_minus_2_b
8479	0.000022002	430528	ops_par_loop_update_halo_kernel1_r1_90	update_halo_kernel1_r1
8480	0.000023685	369120	ops_par_loop_group_74	update_halo_kernel2_xvel_minus_4_a+update_halo_kernel2_yvel_plus_4_a+update_halo_kernel4_plus_4_a
8481	0.000021591	369120	ops_par_loop_group_75	update_halo_kernel2_xvel_minus_2_a+update_halo_kernel2_yvel_plus_2_a+update_halo_kernel4_plus_2_a
8482	0.000022653	369120	ops_par_loop_group_76	update_halo_kernel2_xvel_minus_2_b+update_halo_kernel2_yvel_plus_2_b+update_halo_kernel4_plus_4_b
8483	0.000018435	123040	ops_par_loop_update_halo_kernel4_plus_2_b_122	update_halo_kernel4_plus_2_b
8484	0.001785056	1416561152	ops_par_loop_group_78	advec_mom_kernel_y2+reset_field_kernel1+ideal_gas_kernel
8485	0.000194529	236236864	ops_par_loop_advec_mom_kernel_mass_flux_y_124	advec_mom_kernel_mass_flux_y
8486	0.000534764	590438520	ops_par_loop_advec_mom_kernel_post_pre_advec_y_125	advec_mom_kernel_post_pre_advec_y
8487	0.000876713	472258640	ops_par_loop_advec_mom_kernel1_y_nonvector_126	advec_mom_kernel1_y_nonvector
8488	0.000454051	590131240	ops_par_loop_advec_mom_kernel2_y_127	advec_mom_kernel2_y
8489	0.000489579	472842752	ops_par_loop_advec_mom_kernel_y2_128	advec_mom_kernel_y2
8490	0.000191854	236236864	ops_par_loop_advec_mom_kernel_mass_flux_y_129	advec_mom_kernel_mass_flux_y
8491	0.000534143	590438520	ops_par_loop_advec_mom_kernel_post_pre_advec_y_130	advec_mom_kernel_post_pre_advec_y
8492	0.000871643	472258640	ops_par_loop_advec_mom_kernel1_y_nonvector_131	advec_mom_kernel1_y_nonvector
8493	0.000732409	1062236232	ops_par_loop_group_87	advec_mom_kernel2_y+reset_field_kernel2
8494	0.000021631	430304	ops_par_loop_update_halo_kernel1_b1_136	update_halo_kernel1_b1
8495	0.000020188	430304	ops_par_loop_update_halo_kernel1_t1_137	update_halo_kernel1_t1
8496	0.000023484	430304	ops_par_loop_update_halo_kernel1_l1_138	update_halo_kernel1_l1
8497	0.000023705	430304	ops_par_loop_update_halo_kernel1_r1_139	update_halo_kernel1_r1
8498	0.000019356	245952	ops_par_loop_group_92	update_halo_kernel2_xvel_plus_2_a+update_halo_kernel2_yvel_minus_2_a
8499	0.000019457	245952	ops_par_loop_group_93	update_halo_kernel2_xvel_plus_2_b+update_halo_kernel2_yvel_minus_2_b
8500	0.000020740	245952	ops_par_loop_group_94	update_halo_kernel2_xvel_minus_2_a+update_halo_kernel2_yvel_plus_2_a
8501	0.000021551	245952	ops_par_loop_group_95	update_halo_kernel2_xvel_minus_2_b+update_halo_kernel2_yvel_plus_2_b
8502	0.001728699	589885440	ops_par_loop_viscosity_kernel_148	viscosity_kernel
8503	0.000021380	430304	ops_par_loop_update_halo_kernel1_b1_149	update_halo_kernel1_b1
8504	0.000020459	430304	ops_par_loop_update_halo_kernel1_t1_150	update_halo_kernel1_t1
8505	0.000023665	430304	ops_par_loop_update_halo_kernel1_l1_151	update_halo_kernel1_l1
8506	0.000022663	430304	ops_par_loop_update_halo_kernel1_r1_152	update_halo_kernel1_r1
8507	0.000915035	1061744640	ops_par_loop_calc_dt_kernel_153	calc_dt_kernel
8508	0.001496950	1887436800	ops_par_loop_group_0	PdV_kernel_predict+ideal_gas_kernel
8509	0.000021982	430304	ops_par_loop_update_halo_kernel1_b1_2	update_halo_kernel1_b1
8510	0.000024427	430304	ops_par_loop_update_halo_kernel1_t1_3	update_halo_kernel1_t1
8511	0.000024747	430304	ops_par_loop_update_halo_kernel1_l1_4	update_halo_kernel1_l1
8512	0.000023564	430304	ops_par_loop_update_halo_kernel1_r1_5	update_halo_kernel1_r1
8513	0.001556723	1770147928	ops_par_loop_group_5	revert_kernel+accelerate_kernel
8514	0.001357846	1651507200	ops_par_loop_PdV_kernel_nopredict_8	PdV_kernel_nopredict
8515	0.000360734	471982080	ops_par_loop_flux_calc_kernelx_9	flux_calc_kernelx
8516	0.000357538	471982080	ops_par_loop_flux_calc_kernely_10	flux_calc_kernely
8517	0.000022352	553536	ops_par_loop_group_9	update_halo_kernel1_b2+update_halo_kernel4_minus_4_a
8518	0.000021000	553536	ops_par_loop_group_10	update_halo_kernel1_b1+update_halo_kernel4_minus_2_a
8519	0.000021290	369120	ops_par_loop_group_11	update_halo_kernel3_plus_4_a+update_halo_kernel2_xvel_plus_4_a+update_halo_kernel2_yvel_minus_4_a
8520	0.000020519	369120	ops_par_loop_group_12	update_halo_kernel3_plus_2_a+update_halo_kernel2_xvel_plus_2_a+update_halo_kernel2_yvel_minus_2_a
8521	0.000018686	123008	ops_par_loop_update_halo_kernel4_minus_4_b_29	update_halo_kernel4_minus_4_b
8522	0.000020599	553536	ops_par_loop_group_14	update_halo_kernel1_t2+update_halo_kernel4_minus_2_b
8523	0.000020509	430528	ops_par_loop_update_halo_kernel1_t1_14	update_halo_kernel1_t1
8524	0.000019356	246080	ops_par_loop_group_16	update_halo_kernel2_xvel_plus_4_b+update_halo_kernel2_yvel_minus_4_b
8525	0.000020549	369120	ops_par_loop_group_17	update_halo_kernel3_plus_4_b+update_halo_kernel2_xvel_plus_2_b+update_halo_kernel2_yvel_minus_2_b
8526	0.000019567	123040	ops_par_loop_update_halo_kernel3_plus_2_b_22	update_halo_kernel3_plus_2_b
8527	0.000027252	553536	ops_par_loop_group_19	update_halo_kernel1_l2+update_halo_kernel3_minus_4_a
8528	0.000023755	553536	ops_par_loop_group_20	update_halo_kernel1_l1+update_halo_kernel3_minus_2_a
8529	0.000019567	123008	ops_par_loop_update_halo_kernel3_minus_4_b_25	update_halo_kernel3_minus_4_b
8530	0.000024205	553536	ops_par_loop_group_22	update_halo_kernel1_r2+update_halo_kernel3_minus_2_b
8531	0.000022202	430528	ops_par_loop_update_halo_kernel1_r1_18	update_halo_kernel1_r1
8532	0.000023254	369120	ops_par_loop_group_24	update_halo_kernel4_plus_4_a+update_halo_kernel2_xvel_minus_4_a+update_halo_kernel2_yvel_plus_4_a
8533	0.000021270	369120	ops_par_loop_group_25	update_halo_kernel4_plus_2_a+update_halo_kernel2_xvel_minus_2_a+update_halo_kernel2_yvel_plus_2_a
8534	0.000021441	246080	ops_par_loop_group_26	update_halo_kernel2_xvel_minus_4_b+update_halo_kernel2_yvel_plus_4_b
8535	0.000022563	369120	ops_par_loop_group_27	update_halo_kernel4_plus_4_b+update_halo_kernel2_xvel_minus_2_b+update_halo_kernel2_yvel_plus_2_b
8536	0.000018675	123040	ops_par_loop_update_halo_kernel4_plus_2_b_34	update_halo_kernel4_plus_2_b
8537	0.000562998	591053440	ops_par_loop_advec_cell_kernel1_ydir_35	advec_cell_kernel1_ydir
8538	0.000786232	708203544	ops_par_loop_advec_cell_kernel3_ydir_36	advec_cell_kernel3_ydir
8539	0.001472383	1533542400	ops_par_loop_advec_cell_kernel4_ydir_37	advec_cell_kernel4_ydir
8540	0.000023033	553536	ops_par_loop_group_32	update_halo_kernel1_b2+update_halo_kernel4_minus_4_a
8541	0.000021310	553536	ops_par_loop_group_33	update_halo_kernel1_b1+update_halo_kernel4_minus_2_a
8542	0.000018315	123008	ops_par_loop_update_halo_kernel4_minus_4_b_64	update_halo_kernel4_minus_4_b
8543	0.000021301	553536	ops_par_loop_group_35	update_halo_kernel1_t2+update_halo_kernel4_minus_2_b
8544	0.000020559	430528	ops_par_loop_update_halo_kernel1_t1_41	update_halo_kernel1_t1
8545	0.000024026	430528	ops_par_loop_update_halo_kernel1_l2_42	update_halo_kernel1_l2
8546	0.000020900	430528	ops_par_loop_update_halo_kernel1_l1_43	update_halo_kernel1_l1
8547	0.000023935	430528	ops_par_loop_update_halo_kernel1_r2_44	update_halo_kernel1_r2
8548	0.000021742	430528	ops_par_loop_update_halo_kernel1_r1_45	update_halo_kernel1_r1
8549	0.000019937	123040	ops_par_loop_update_halo_kernel4_plus_4_a_66	update_halo_kernel4_plus_4_a
8550	0.000019157	123040	ops_par_loop_update_halo_kernel4_plus_2_a_67	update_halo_kernel4_plus_2_a
8551	0.000020129	123040	ops_par_loop_update_halo_kernel4_plus_4_b_68	update_halo_kernel4_plus_4_b
8552	0.000018124	123040	ops_par_loop_update_halo_kernel4_plus_2_b_69	update_halo_kernel4_plus_2_b
8553	0.000560723	591053440	ops_par_loop_advec_mom_kernel_y1_70	advec_mom_kernel_y1
8554	0.000191914	236236864	ops_par_loop_advec_mom_kernel_mass_flux_y_71	advec_mom_kernel_mass_flux_y
8555	0.000529895	590438520	ops_par_loop_advec_mom_kernel_post_pre_advec_y_72	advec_mom_kernel_post_pre_advec_y
8556	0.000876433	472258640	ops_par_loop_advec_mom_kernel1_y_nonvector_73	advec_mom_kernel1_y_nonvector
8557	0.000452629	590131240	ops_par_loop_advec_mom_kernel2_y_74	advec_mom_kernel2_y
8558	0.000561566	591053440	ops_par_loop_advec_mom_kernel_y1_75	advec_mom_kernel_y1
8559	0.000191773	236236864	ops_par_loop_advec_mom_kernel_mass_flux_y_76	advec_mom_kernel_mass_flux_y
8560	0.000530095	590438520	ops_par_loop_advec_mom_kernel_post_pre_advec_y_77	advec_mom_kernel_post_pre_advec_y
8561	0.000871163	472258640	ops_par_loop_advec_mom_kernel1_y_nonvector_78	advec_mom_kernel1_y_nonvector
8562	0.000446277	590131240	ops_par_loop_advec_mom_kernel2_y_79	advec_mom_kernel2_y
8563	0.000490882	472842752	ops_par_loop_advec_cell_kernel2_xdir_80	advec_cell_kernel2_xdir
8564	0.000771945	708203544	ops_par_loop_advec_cell_kernel3_xdir_81	advec_cell_kernel3_xdir
8565	0.001464478	1533542400	ops_par_loop_advec_cell_kernel4_xdir_82	advec_cell_kernel4_xdir
8566	0.000022793	553536	ops_par_loop_group_58	update_halo_kernel1_b2+update_halo_kernel4_minus_4_a
8567	0.000021831	553536	ops_par_loop_group_59	update_halo_kernel1_b1+update_halo_kernel4_minus_2_a
8568	0.000022724	369120	ops_par_loop_group_60	update_halo_kernel2_xvel_plus_4_a+update_halo_kernel2_yvel_minus_4_a+update_halo_kernel3_plus_4_a
8569	0.000021030	369120	ops_par_loop_group_61	update_halo_kernel2_xvel_plus_2_a+update_halo_kernel2_yvel_minus_2_a+update_halo_kernel3_plus_2_a
8570	0.000019237	246080	ops_par_loop_group_62	update_halo_kernel2_xvel_plus_4_b+update_halo_kernel2_yvel_minus_4_b
8571	0.000020659	369120	ops_par_loop_group_63	update_halo_kernel2_xvel_plus_2_b+update_halo_kernel2_yvel_minus_2_b+update_halo_kernel3_plus_4_b
8572	0.000022322	246080	ops_par_loop_group_64	update_halo_kernel2_xvel_minus_4_b+update_halo_kernel2_yvel_plus_4_b
8573	0.000019667	123040	ops_par_loop_update_halo_kernel3_plus_2_b_110	update_halo_kernel3_plus_2_b
8574	0.000019527	123008	ops_par_loop_update_halo_kernel3_minus_4_b_113	update_halo_kernel3_minus_4_b
8575	0.000018525	123008	ops_par_loop_update_halo_kernel4_minus_4_b_117	update_halo_kernel4_minus_4_b
8576	0.000021140	553536	ops_par_loop_group_68	update_halo_kernel1_t2+update_halo_kernel4_minus_2_b
8577	0.000019788	430528	ops_par_loop_update_halo_kernel1_t1_86	update_halo_kernel1_t1
8578	0.000027041	553536	ops_par_loop_group_70	update_halo_kernel1_l2+update_halo_kernel3_minus_4_a
8579	0.000023985	553536	ops_par_loop_group_71	update_halo_kernel1_l1+update_halo_kernel3_minus_2_a
8580	0.000024907	553536	ops_par_loop_group_72	update_halo_kernel1_r2+update_halo_kernel3_minus_2_b
8581	0.000021862	430528	ops_par_loop_update_halo_kernel1_r1_90	update_halo_kernel1_r1
8582	0.000023454	369120	ops_par_loop_group_74	update_halo_kernel2_xvel_minus_4_a+update_halo_kernel2_yvel_plus_4_a+update_halo_kernel4_plus_4_a
8583	0.000021621	369120	ops_par_loop_group_75	update_halo_kernel2_xvel_minus_2_a+update_halo_kernel2_yvel_plus_2_a+update_halo_kernel4_plus_2_a
8584	0.000022282	369120	ops_par_loop_group_76	update_halo_kernel2_xvel_minus_2_b+update_halo_kernel2_yvel_plus_2_b+update_halo_kernel4_plus_4_b
8585	0.000018696	123040	ops_par_loop_update_halo_kernel4_plus_2_b_122	update_halo_kernel4_plus_2_b
8586	0.001785988	1416561152	ops_par_loop_group_78	advec_mom_kernel_x2+reset_field_kernel1+ideal_gas_kernel
8587	0.000200791	236236864	ops_par_loop_advec_mom_kernel_mass_flux_x_124	advec_mom_kernel_mass_flux_x
8588	0.000573769	590438520	ops_par_loop_advec_mom_kernel_post_pre_advec_x_125	advec_mom_kernel_post_pre_advec_x
8589	0.000881072	472258640	ops_par_loop_advec_mom_kernel1_x_nonvector_126	advec_mom_kernel1_x_nonvector
8590	0.000443952	590131240	ops_par_loop_advec_mom_kernel2_x_127	advec_mom_kernel2_x
8591	0.000497634	472842752	ops_par_loop_advec_mom_kernel_x2_128	advec_mom_kernel_x2
8592	0.000194840	236236864	ops_par_loop_advec_mom_kernel_mass_flux_x_129	advec_mom_kernel_mass_flux_x
8593	0.000576293	590438520	ops_par_loop_advec_mom_kernel_post_pre_advec_x_130	advec_mom_kernel_post_pre_advec_x
8594	0.000882534	472258640	ops_par_loop_advec_mom_kernel1_x_nonvector_131	advec_mom_kernel1_x_nonvector
8595	0.000732831	1062236232	ops_par_loop_group_87	advec_mom_kernel2_x+reset_field_kernel2
8596	0.000021381	430304	ops_par_loop_update_halo_kernel1_b1_136	update_halo_kernel1_b1
8597	0.000020569	430304	ops_par_loop_update_halo_kernel1_t1_137	update_halo_kernel1_t1
8598	0.000023755	430304	ops_par_loop_update_halo_kernel1_l1_138	update_halo_kernel1_l1
8599	0.000024427	430304	ops_par_loop_update_halo_kernel1_r1_139	update_halo_kernel1_r1
8600	0.000019928	245952	ops_par_loop_group_92	update_halo_kernel2_xvel_plus_2_a+update_halo_kernel2_yvel_minus_2_a
8601	0.000019076	245952	ops_par_loop_group_93	update_halo_kernel2_xvel_plus_2_b+update_halo_kernel2_yvel_minus_2_b
8602	0.000020970	245952	ops_par_loop_group_94	update_halo_kernel2_xvel_minus_2_a+update_halo_kernel2_yvel_plus_2_a
8603	0.000021151	245952	ops_par_loop_group_95	update_halo_kernel2_xvel_minus_2_b+update_halo_kernel2_yvel_plus_2_b
8604	0.001728809	589885440	ops_par_loop_viscosity_kernel_148	viscosity_kernel
8605	0.000022182	430304	ops_par_loop_update_halo_kernel1_b1_149	update_halo_kernel1_b1
8606	0.000020078	430304	ops_par_loop_update_halo_kernel1_t1_150	update_halo_kernel1_t1
8607	0.000024216	430304	ops_par_loop_update_halo_kernel1_l1_151	update_halo_kernel1_l1
8608	0.000022833	430304	ops_par_loop_update_halo_kernel1_r1_152	update_halo_kernel1_r1
8609	0.000916438	1061744640	ops_par_loop_calc_dt_kernel_153	calc_dt_kernel
8610	0.001484646	1887436800	ops_par_loop_group_0	PdV_kernel_predict+ideal_gas_kernel
8611	0.000022142	430304	ops_par_loop_update_halo_kernel1_b1_2	update_halo_kernel1_b1
8612	0.000020428	430304	ops_par_loop_update_halo_kernel1_t1_3	update_halo_kernel1_t1
8613	0.000023835	430304	ops_par_loop_update_halo_kernel1_l1_4	update_halo_kernel1_l1
8614	0.000024256	430304	ops_par_loop_update_halo_kernel1_r1_5	update_halo_kernel1_r1
8615	0.001555251	1770147928	ops_par_loop_group_5	revert_kernel+accelerate_kernel
8616	0.001356804	1651507200	ops_par_loop_PdV_kernel_nopredict_8	PdV_kernel_nopredict
8617	0.000361206	471982080	ops_par_loop_flux_calc_kernelx_9	flux_calc_kernelx
8618	0.000357678	471982080	ops_par_loop_flux_calc_kernely_10	flux_calc_kernely
8619	0.000022863	553536	ops_par_loop_group_9	update_halo_kernel1_b2+update_halo_kernel4_minus_4_a
8620	0.000020980	553536	ops_par_loop_group_10	update_halo_kernel1_b1+update_halo_kernel4_minus_2_a
8621	0.000021050	369120	ops_par_loop_group_11	update_halo_kernel3_plus_4_a+update_halo_kernel2_xvel_plus_4_a+update_halo_kernel2_yvel_minus_4_a
8622	0.000020719	369120	ops_par_loop_group_12	update_halo_kernel3_plus_2_a+update_halo_kernel2_xvel_plus_2_a+update_halo_kernel2_yvel_minus_2_a
8623	0.000018855	123008	ops_par_loop_update_halo_kernel4_minus_4_b_29	update_halo_kernel4_minus_4_b
8624	0.000021120	553536	ops_par_loop_group_14	update_halo_kernel1_t2+update_halo_kernel4_minus_2_b
8625	0.000020208	430528	ops_par_loop_update_halo_kernel1_t1_14	update_halo_kernel1_t1
8626	0.000019637	246080	ops_par_loop_group_16	update_halo_kernel2_xvel_plus_4_b+update_halo_kernel2_yvel_minus_4_b
8627	0.000020068	369120	ops_par_loop_group_17	update_halo_kernel3_plus_4_b+update_halo_kernel2_xvel_plus_2_b+update_halo_kernel2_yvel_minus_2_b
8628	0.000018906	123040	ops_par_loop_update_halo_kernel3_plus_2_b_22	update_halo_kernel3_plus_2_b
8629	0.000025949	553536	ops_par_loop_group_19	update_halo_kernel1_l2+update_halo_kernel3_minus_4_a
8630	0.000023474	553536	ops_par_loop_group_20	update_halo_kernel1_l1+update_halo_kernel3_minus_2_a
8631	0.000019427	123008	ops_par_loop_update_halo_kernel3_minus_4_b_25	update_halo_kernel3_minus_4_b
8632	0.000024266	553536	ops_par_loop_group_22	update_halo_kernel1_r2+update_halo_kernel3_minus_2_b
8633	0.000021902	430528	ops_par_loop_update_halo_kernel1_r1_18	update_halo_kernel1_r1
8634	0.000023424	369120	ops_par_loop_group_24	update_halo_kernel4_plus_4_a+update_halo_kernel2_xvel_minus_4_a+update_halo_kernel2_yvel_plus_4_a
8635	0.000021882	369120	ops_par_loop_group_25	update_halo_kernel4_plus_2_a+update_halo_kernel2_xvel_minus_2_a+update_halo_kernel2_yvel_plus_2_a
8636	0.000021140	246080	ops_par_loop_group_26	update_halo_kernel2_xvel_minus_4_b+update_halo_kernel2_yvel_plus_4_b
8637	0.000022893	369120	ops_par_loop_group_27	update_halo_kernel4_plus_4_b+update_halo_kernel2_xvel_minus_2_b+update_halo_kernel2_yvel_plus_2_b
8638	0.000018384	123040	ops_par_loop_update_halo_kernel4_plus_2_b_34	update_halo_kernel4_plus_2_b
8639	0.000562457	591053440	ops_par_loop_advec_cell_kernel1_xdir_35	advec_cell_kernel1_xdir
8640	0.000771293	708203544	ops_par_loop_advec_cell_kernel3_xdir_36	advec_cell_kernel3_xdir
8641	0.001460721	1533542400	ops_par_loop_advec_cell_kernel4_xdir_37	advec_cell_kernel4_xdir
8642	0.000021791	430528	ops_par_loop_update_halo_kernel1_b2_38	update_halo_kernel1_b2
8643	0.000019857	430528	ops_par_loop_update_halo_kernel1_b1_39	update_halo_kernel1_b1
8644	0.000020269	430528	ops_par_loop_update_halo_kernel1_t2_40	update_halo_kernel1_t2
8645	0.000020148	430528	ops_par_loop_update_halo_kernel1_t1_41	update_halo_kernel1_t1
8646	0.000018395	123040	ops_par_loop_update_halo_kernel3_plus_4_a_62	update_halo_kernel3_plus_4_a
8647	0.000019207	123040	ops_par_loop_update_halo_kernel3_plus_2_a_63	update_halo_kernel3_plus_2_a
8648	0.000018135	123040	ops_par_loop_update_halo_kernel3_plus_4_b_64	update_halo_kernel3_plus_4_b
8649	0.000018535	123040	ops_par_loop_update_halo_kernel3_plus_2_b_65	update_halo_kernel3_plus_2_b
8650	0.000026120	553536	ops_par_loop_group_40	update_halo_kernel1_l2+update_halo_kernel3_minus_4_a
8651	0.000023765	553536	ops_par_loop_group_41	update_halo_kernel1_l1+update_halo_kernel3_minus_2_a
8652	0.000019247	123008	ops_par_loop_update_halo_kernel3_minus_4_b_68	update_halo_kernel3_minus_4_b
8653	0.000024847	553536	ops_par_loop_group_43	update_halo_kernel1_r2+update_halo_kernel3_minus_2_b
8654	0.000021230	430528	ops_par_loop_update_halo_kernel1_r1_45	update_halo_kernel1_r1
8655	0.000561775	591053440	ops_par_loop_advec_mom_kernel_x1_70	advec_mom_kernel_x1
8656	0.000194650	236236864	ops_par_loop_advec_mom_kernel_mass_flux_x_71	advec_mom_kernel_mass_flux_x
8657	0.000576102	590438520	ops_par_loop_advec_mom_kernel_post_pre_advec_x_72	advec_mom_kernel_post_pre_advec_x
8658	0.000880711	472258640	ops_par_loop_advec_mom_kernel1_x_nonvector_73	advec_mom_kernel1_x_nonvector
8659	0.000444954	590131240	ops_par_loop_advec_mom_kernel2_x_74	advec_mom_kernel2_x
8660	0.000563489	591053440	ops_par_loop_advec_mom_kernel_x1_75	advec_mom_kernel_x1
8661	0.000194489	236236864	ops_par_loop_advec_mom_kernel_mass_flux_x_76	advec_mom_kernel_mass_flux_x
8662	0.000575412	590438520	ops_par_loop_advec_mom_kernel_post_pre_advec_x_77	advec_mom_kernel_post_pre_advec_x
8663	0.000882825	472258640	ops_par_loop_advec_mom_kernel1_x_nonvector_78	advec_mom_kernel1_x_nonvector
8664	0.000448461	590131240	ops_par_loop_advec_mom_kernel2_x_79	advec_mom_kernel2_x
8665	0.000498756	472842752	ops_par_loop_advec_cell_kernel2_ydir_80	advec_cell_kernel2_ydir
8666	0.000787844	708203544	ops_par_loop_advec_cell_kernel3_ydir_81	advec_cell_kernel3_ydir
8667	0.001471191	1533542400	ops_par_loop_advec_cell_kernel4_ydir_82	advec_cell_kernel4_ydir
8668	0.000022873	553536	ops_par_loop_group_58	update_halo_kernel1_b2+update_halo_kernel4_minus_4_a
8669	0.000021050	553536	ops_par_loop_group_59	update_halo_kernel1_b1+update_halo_kernel4_minus_2_a
8670	0.000022042	369120	ops_par_loop_group_60	update_halo_kernel2_xvel_plus_4_a+update_halo_kernel2_yvel_minus_4_a+update_halo_kernel3_plus_4_a
8671	0.000021480	369120	ops_par_loop_group_61	update_halo_kernel2_xvel_plus_2_a+update_halo_kernel2_yvel_minus_2_a+update_halo_kernel3_plus_2_a
8672	0.000019938	246080	ops_par_loop_group_62	update_halo_kernel2_xvel_plus_4_b+update_halo_kernel2_yvel_minus_4_b
8673	0.000021822	369120	ops_par_loop_group_63	update_halo_kernel2_xvel_plus_2_b+update_halo_kernel2_yvel_minus_2_b+update_halo_kernel3_plus_4_b
8674	0.000021451	246080	ops_par_loop_group_64	update_halo_kernel2_xvel_minus_4_b+update_halo_kernel2_yvel_plus_4_b
8675	0.000019988	123040	ops_par_loop_update_halo_kernel3_plus_2_b_110	update_halo_kernel3_plus_2_b
8676	0.000019457	123008	ops_par_loop_update_halo_kernel3_minus_4_b_113	update_halo_kernel3_minus_4_b
8677	0.000018576	123008	ops_par_loop_update_halo_kernel4_minus_4_b_117	update_halo_kernel4_minus_4_b
8678	0.000021531	553536	ops_par_loop_group_68	update_halo_kernel1_t2+update_halo_kernel4_minus_2_b
8679	0.000020760	430528	ops_par_loop_update_halo_kernel1_t1_86	update_halo_kernel1_t1
8680	0.000027142	553536	ops_par_loop_group_70	update_halo_kernel1_l2+update_halo_kernel3_minus_4_a
8681	0.000022984	553536	ops_par_loop_group_71	update_halo_kernel1_l1+update_halo_kernel3_minus_2_a
8682	0.000024787	553536	ops_par_loop_group_72	update_halo_kernel1_r2+update_halo_kernel3_minus_2_b
8683	0.000021801	430528	ops_par_loop_update_halo_kernel1_r1_90	update_halo_kernel1_r1
8684	0.000023664	369120	ops_par_loop_group_74	update_halo_kernel2_xvel_minus_4_a+update_halo_kernel2_yvel_plus_4_a+update_halo_kernel4_plus_4_a
8685	0.000021571	369120	ops_par_loop_group_75	update_halo_kernel2_xvel_minus_2_a+update_halo_kernel2_yvel_plus_2_a+update_halo_kernel4_plus_2_a
8686	0.000023144	369120	ops_par_loop_group_76	update_halo_kernel2_xvel_minus_2_b+update_halo_kernel2_yvel_plus_2_b+update_halo_kernel4_plus_4_b
8687	0.000019317	123040	ops_par_loop_update_halo_kernel4_plus_2_b_122	update_halo_kernel4_plus_2_b
8688	0.001769256	1416561152	ops_par_loop_group_78	advec_mom_kernel_y2+reset_field_kernel1+ideal_gas_kernel
8689	0.000195231	236236864	ops_par_loop_advec_mom_kernel_mass_flux_y_124	advec_mom_kernel_mass_flux_y
8690	0.000529755	590438520	ops_par_loop_advec_mom_kernel_post_pre_advec_y_125	advec_mom_kernel_post_pre_advec_y
8691	0.000876933	472258640	ops_par_loop_advec_mom_kernel1_y_nonvector_126	advec_mom_kernel1_y_nonvector
8692	0.000456637	590131240	ops_par_loop_advec_mom_kernel2_y_127	advec_mom_kernel2_y
8693	0.000490491	472842752	ops_par_loop_advec_mom_kernel_y2_128	advec_mom_kernel_y2
8694	0.000193557	236236864	ops_par_loop_advec_mom_kernel_mass_flux_y_129	advec_mom_kernel_mass_flux_y
8695	0.000532100	590438520	ops_par_loop_advec_mom_kernel_post_pre_advec_y_130	advec_mom_kernel_post_pre_advec_y
8696	0.000870841	472258640	ops_par_loop_advec_mom_kernel1_y_nonvector_131	advec_mom_kernel1_y_nonvector
8697	0.000736818	1062236232	ops_par_loop_group_87	advec_mom_kernel2_y+reset_field_kernel2
8698	0.000022943	430304	ops_par_loop_update_halo_kernel1_b1_136	update_halo_kernel1_b1
8699	0.000021221	430304	ops_par_loop_update_halo_kernel1_t1_137	update_halo_kernel1_t1
8700	0.000024196	430304	ops_par_loop_update_halo_kernel1_l1_138	update_halo_kernel1_l1
8701	0.000023704	430304	ops_par_loop_update_halo_kernel1_r1_139	update_halo_kernel1_r1
8702	0.000019848	245952	ops_par_loop_group_92	update_halo_kernel2_xvel_plus_2_a+update_halo_kernel2_yvel_minus_2_a
8703	0.000019978	245952	ops_par_loop_group_93	update_halo_kernel2_xvel_plus_2_b+update_halo_kernel2_yvel_minus_2_b
8704	0.000020509	245952	ops_par_loop_group_94	update_halo_kernel2_xvel_minus_2_a+update_halo_kernel2_yvel_plus_2_a
8705	0.000021481	245952	ops_par_loop_group_95	update_halo_kernel2_xvel_minus_2_b+update_halo_kernel2_yvel_plus_2_b
8706	0.001729320	589885440	ops_par_loop_viscosity_kernel_148	viscosity_kernel
8707	0.000021571	430304	ops_par_loop_update_halo_kernel1_b1_149	update_halo_kernel1_b1
8708	0.000020388	430304	ops_par_loop_update_halo_kernel1_t1_150	update_halo_kernel1_t1
8709	0.000023224	430304	ops_par_loop_update_halo_kernel1_l1_151	update_halo_kernel1_l1
8710	0.000023224	430304	ops_par_loop_update_halo_kernel1_r1_152	update_halo_kernel1_r1
8711	0.000915757	1061744640	ops_par_loop_calc_dt_kernel_153	calc_dt_kernel
8712	0.001492571	1887436800	ops_par_loop_group_0	PdV_kernel_predict+ideal_gas_kernel
8713	0.000022373	430304	ops_par_loop_update_halo_kernel1_b1_2	update_halo_kernel1_b1
8714	0.000020479	430304	ops_par_loop_update_halo_kernel1_t1_3	update_halo_kernel1_t1
8715	0.000024928	430304	ops_par_loop_update_halo_kernel1_l1_4	update_halo_kernel1_l1
8716	0.000023555	430304	ops_par_loop_update_halo_kernel1_r1_5	update_halo_kernel1_r1
8717	0.001556993	1770147928	ops_par_loop_group_5	revert_kernel+accelerate_kernel
8718	0.001354940	1651507200	ops_par_loop_PdV_kernel_nopredict_8	PdV_kernel_nopredict
8719	0.000365664	471982080	ops_par_loop_flux_calc_kernelx_9	flux_calc_kernelx
8720	0.000360123	471982080	ops_par_loop_flux_calc_kernely_10	flux_calc_kernely
8721	0.000025599	553536	ops_par_loop_group_9	update_halo_kernel1_b2+update_halo_kernel4_minus_4_a
8722	0.000022322	553536	ops_par_loop_group_10	update_halo_kernel1_b1+update_halo_kernel4_minus_2_a
8723	0.000023174	369120	ops_par_loop_group_11	update_halo_kernel3_plus_4_a+update_halo_kernel2_xvel_plus_4_a+update_halo_kernel2_yvel_minus_4_a
8724	0.000022442	369120	ops_par_loop_group_12	update_halo_kernel3_plus_2_a+update_halo_kernel2_xvel_plus_2_a+update_halo_kernel2_yvel_minus_2_a
8725	0.000019558	123008	ops_par_loop_update_halo_kernel4_minus_4_b_29	update_halo_kernel4_minus_4_b
8726	0.000021110	553536	ops_par_loop_group_14	update_halo_kernel1_t2+update_halo_kernel4_minus_2_b
8727	0.000021180	430528	ops_par_loop_update_halo_kernel1_t1_14	update_halo_kernel1_t1
8728	0.000020740	246080	ops_par_loop_group_16	update_halo_kernel2_xvel_plus_4_b+update_halo_kernel2_yvel_minus_4_b
8729	0.000022854	369120	ops_par_loop_group_17	update_halo_kernel3_plus_4_b+update_halo_kernel2_xvel_plus_2_b+update_halo_kernel2_yvel_minus_2_b
8730	0.000020108	123040	ops_par_loop_update_halo_kernel3_plus_2_b_22	update_halo_kernel3_plus_2_b
8731	0.000027282	553536	ops_par_loop_group_19	update_halo_kernel1_l2+update_halo_kernel3_minus_4_a
8732	0.000024216	553536	ops_par_loop_group_20	update_halo_kernel1_l1+update_halo_kernel3_minus_2_a
8733	0.000020258	123008	ops_par_loop_update_halo_kernel3_minus_4_b_25	update_halo_kernel3_minus_4_b
8734	0.000025578	553536	ops_par_loop_group_22	update_halo_kernel1_r2+update_halo_kernel3_minus_2_b
8735	0.000022142	430528	ops_par_loop_update_halo_kernel1_r1_18	update_halo_kernel1_r1
8736	0.000024256	369120	ops_par_loop_group_24	update_halo_kernel4_plus_4_a+update_halo_kernel2_xvel_minus_4_a+update_halo_kernel2_yvel_plus_4_a
8737	0.000021621	369120	ops_par_loop_group_25	update_halo_kernel4_plus_2_a+update_halo_kernel2_xvel_minus_2_a+update_halo_kernel2_yvel_plus_2_a
8738	0.000021972	246080	ops_par_loop_group_26	update_halo_kernel2_xvel_minus_4_b+update_halo_kernel2_yvel_plus_4_b
8739	0.000023014	369120	ops_par_loop_group_27	update_halo_kernel4_plus_4_b+update_halo_kernel2_xvel_minus_2_b+update_halo_kernel2_yvel_plus_2_b
8740	0.000019056	123040	ops_par_loop_update_halo_kernel4_plus_2_b_34	update_halo_kernel4_plus_2_b
8741	0.000561385	591053440	ops_par_loop_advec_cell_kernel1_ydir_35	advec_cell_kernel1_ydir
8742	0.000787384	708203544	ops_par_loop_advec_cell_kernel3_ydir_36	advec_cell_kernel3_ydir
8743	0.001473726	1533542400	ops_par_loop_advec_cell_kernel4_ydir_37	advec_cell_kernel4_ydir
8744	0.000022643	553536	ops_par_loop_group_32	update_halo_kernel1_b2+update_halo_kernel4_minus_4_a
8745	0.000020839	553536	ops_par_loop_group_33	update_halo_kernel1_b1+update_halo_kernel4_minus_2_a
8746	0.000018725	123008	ops_par_loop_update_halo_kernel4_minus_4_b_64	update_halo_kernel4_minus_4_b
8747	0.000021922	553536	ops_par_loop_group_35	update_halo_kernel1_t2+update_halo_kernel4_minus_2_b
8748	0.000021140	430528	ops_par_loop_update_halo_kernel1_t1_41	update_halo_kernel1_t1
8749	0.000023755	430528	ops_par_loop_update_halo_kernel1_l2_42	update_halo_kernel1_l2
8750	0.000021631	430528	ops_par_loop_update_halo_kernel1_l1_43	update_halo_kernel1_l1
8751	0.000024296	430528	ops_par_loop_update_halo_kernel1_r2_44	update_halo_kernel1_r2
8752	0.000022082	430528	ops_par_loop_update_halo_kernel1_r1_45	update_halo_kernel1_r1
8753	0.000019296	123040	ops_par_loop_update_halo_kernel4_plus_4_a_66	update_halo_kernel4_plus_4_a
8754	0.000018976	123040	ops_par_loop_update_halo_kernel4_plus_2_a_67	update_halo_kernel4_plus_2_a
8755	0.000019487	123040	ops_par_loop_update_halo_kernel4_plus_4_b_68	update_halo_kernel4_plus_4_b
8756	0.000018535	123040	ops_par_loop_update_halo_kernel4_plus_2_b_69	update_halo_kernel4_plus_2_b
8757	0.000565473	591053440	ops_par_loop_advec_mom_kernel_y1_70	advec_mom_kernel_y1
8758	0.000191643	236236864	ops_par_loop_advec_mom_kernel_mass_flux_y_71	advec_mom_kernel_mass_flux_y
8759	0.000530527	590438520	ops_par_loop_advec_mom_kernel_post_pre_advec_y_72	advec_mom_kernel_post_pre_advec_y
8760	0.000876643	472258640	ops_par_loop_advec_mom_kernel1_y_nonvector_73	advec_mom_kernel1_y_nonvector
8761	0.000450514	590131240	ops_par_loop_advec_mom_kernel2_y_74	advec_mom_kernel2_y
8762	0.000562186	591053440	ops_par_loop_advec_mom_kernel_y1_75	advec_mom_kernel_y1
8763	0.000191444	236236864	ops_par_loop_advec_mom_kernel_mass_flux_y_76	advec_mom_kernel_mass_flux_y
8764	0.000533352	590438520	ops_par_loop_advec_mom_kernel_post_pre_advec_y_77	advec_mom_kernel_post_pre_advec_y
8765	0.000876573	472258640	ops_par_loop_advec_mom_kernel1_y_nonvector_78	advec_mom_kernel1_y_nonvector
8766	0.000449473	590131240	ops_par_loop_advec_mom_kernel2_y_79	advec_mom_kernel2_y
8767	0.000490731	472842752	ops_par_loop_advec_cell_kernel2_xdir_80	advec_cell_kernel2_xdir
8768	0.000772395	708203544	ops_par_loop_advec_cell_kernel3_xdir_81	advec_cell_kernel3_xdir
8769	0.001464077	1533542400	ops_par_loop_advec_cell_kernel4_xdir_82	advec_cell_kernel4_xdir
8770	0.000022804	553536	ops_par_loop_group_58	update_halo_kernel1_b2+update_halo_kernel4_minus_4_a
8771	0.000021501	553536	ops_par_loop_group_59	update_halo_kernel1_b1+update_halo_kernel4_minus_2_a
8772	0.000021831	369120	ops_par_loop_group_60	update_halo_kernel2_xvel_plus_4_a+update_halo_kernel2_yvel_minus_4_a+update_halo_kernel3_plus_4_a
8773	0.000020549	369120	ops_par_loop_group_61	update_halo_kernel2_xvel_plus_2_a+update_halo_kernel2_yvel_minus_2_a+update_halo_kernel3_plus_2_a
8774	0.000019898	246080	ops_par_loop_group_62	update_halo_kernel2_xvel_plus_4_b+update_halo_kernel2_yvel_minus_4_b
8775	0.000020819	369120	ops_par_loop_group_63	update_halo_kernel2_xvel_plus_2_b+update_halo_kernel2_yvel_minus_2_b+update_halo_kernel3_plus_4_b
8776	0.000021672	246080	ops_par_loop_group_64	update_halo_kernel2_xvel_minus_4_b+update_halo_kernel2_yvel_plus_4_b
8777	0.000019547	123040	ops_par_loop_update_halo_kernel3_plus_2_b_110	update_halo_kernel3_plus_2_b
8778	0.000019377	123008	ops_par_loop_update_halo_kernel3_minus_4_b_113	update_halo_kernel3_minus_4_b
8779	0.000018334	123008	ops_par_loop_update_halo_kernel4_minus_4_b_117	update_halo_kernel4_minus_4_b
8780	0.000021391	553536	ops_par_loop_group_68	update_halo_kernel1_t2+update_halo_kernel4_minus_2_b
8781	0.000019948	430528	ops_par_loop_update_halo_kernel1_t1_86	update_halo_kernel1_t1
8782	0.000026961	553536	ops_par_loop_group_70	update_halo_kernel1_l2+update_halo_kernel3_minus_4_a
8783	0.000024467	553536	ops_par_loop_group_71	update_halo_kernel1_l1+update_halo_kernel3_minus_2_a
8784	0.000024707	553536	ops_par_loop_group_72	update_halo_kernel1_r2+update_halo_kernel3_minus_2_b
8785	0.000021460	430528	ops_par_loop_update_halo_kernel1_r1_90	update_halo_kernel1_r1
8786	0.000023565	369120	ops_par_loop_group_74	update_halo_kernel2_xvel_minus_4_a+update_halo_kernel2_yvel_plus_4_a+update_halo_kernel4_plus_4_a
8787	0.000021430	369120	ops_par_loop_group_75	update_halo_kernel2_xvel_minus_2_a+update_halo_kernel2_yvel_plus_2_a+update_halo_kernel4_plus_2_a
8788	0.000022703	369120	ops_par_loop_group_76	update_halo_kernel2_xvel_minus_2_b+update_halo_kernel2_yvel_plus_2_b+update_halo_kernel4_plus_4_b
8789	0.000019046	123040	ops_par_loop_update_halo_kernel4_plus_2_b_122	update_halo_kernel4_plus_2_b
8790	0.001781360	1416561152	ops_par_loop_group_78	advec_mom_kernel_x2+reset_field_kernel1+ideal_gas_kernel
8791	0.000197695	236236864	ops_par_loop_advec_mom_kernel_mass_flux_x_124	advec_mom_kernel_mass_flux_x
8792	0.000574931	590438520	ops_par_loop_advec_mom_kernel_post_pre_advec_x_125	advec_mom_kernel_post_pre_advec_x
8793	0.000881522	472258640	ops_par_loop_advec_mom_kernel1_x_nonvector_126	advec_mom_kernel1_x_nonvector
8794	0.000450284	590131240	ops_par_loop_advec_mom_kernel2_x_127	advec_mom_kernel2_x
8795	0.000498496	472842752	ops_par_loop_advec_mom_kernel_x2_128	advec_mom_kernel_x2
8796	0.000195161	236236864	ops_par_loop_advec_mom_kernel_mass_flux_x_129	advec_mom_kernel_mass_flux_x
8797	0.000573798	590438520	ops_par_loop_advec_mom_kernel_post_pre_advec_x_130	advec_mom_kernel_post_pre_advec_x
8798	0.000883716	472258640	ops_par_loop_advec_mom_kernel1_x_nonvector_131	advec_mom_kernel1_x_nonvector
8799	0.000728141	1062236232	ops_par_loop_group_87	advec_mom_kernel2_x+reset_field_kernel2
8800	0.000022754	430304	ops_par_loop_update_halo_kernel1_b1_136	update_halo_kernel1_b1
8801	0.000021901	430304	ops_par_loop_update_halo_kernel1_t1_137	update_halo_kernel1_t1
8802	0.000023996	430304	ops_par_loop_update_halo_kernel1_l1_138	update_halo_kernel1_l1
8803	0.000024065	430304	ops_par_loop_update_halo_kernel1_r1_139	update_halo_kernel1_r1
8804	0.000019487	245952	ops_par_loop_group_92	update_halo_kernel2_xvel_plus_2_a+update_halo_kernel2_yvel_minus_2_a
8805	0.000019607	245952	ops_par_loop_group_93	update_halo_kernel2_xvel_plus_2_b+update_halo_kernel2_yvel_minus_2_b
8806	0.000021049	245952	ops_par_loop_group_94	update_halo_kernel2_xvel_minus_2_a+update_halo_kernel2_yvel_plus_2_a
8807	0.000021692	245952	ops_par_loop_group_95	update_halo_kernel2_xvel_minus_2_b+update_halo_kernel2_yvel_plus_2_b
8808	0.001729531	589885440	ops_par_loop_viscosity_kernel_148	viscosity_kernel
8809	0.000021821	430304	ops_par_loop_update_halo_kernel1_b1_149	update_halo_kernel1_b1
8810	0.000019557	430304	ops_par_loop_update_halo_kernel1_t1_150	update_halo_kernel1_t1
8811	0.000023925	430304	ops_par_loop_update_halo_kernel1_l1_151	update_halo_kernel1_l1
8812	0.000023936	430304	ops_par_loop_update_halo_kernel1_r1_152	update_halo_kernel1_r1
8813	0.000914905	1061744640	ops_par_loop_calc_dt_kernel_153	calc_dt_kernel
8814	1.066885869	1887436800	ops_par_loop_group_0	PdV_kernel_predict+ideal_gas_kernel
8815	0.000040937	430304	ops_par_loop_update_halo_kernel1_b1_2	update_halo_kernel1_b1
8816	0.000032442	430304	ops_par_loop_update_halo_kernel1_t1_3	update_halo_kernel1_t1
8817	0.000036319	430304	ops_par_loop_update_halo_kernel1_l1_4	update_halo_kernel1_l1
8818	0.000035427	430304	ops_par_loop_update_halo_kernel1_r1_5	update_halo_kernel1_r1
8819	0.001568509	1770147928	ops_par_loop_group_5	revert_kernel+accelerate_kernel
8820	0.001372767	1651507200	ops_par_loop_PdV_kernel_nopredict_8	PdV_kernel_nopredict
8821	0.000382466	471982080	ops_par_loop_flux_calc_kernelx_9	flux_calc_kernelx
8822	0.000370394	471982080	ops_par_loop_flux_calc_kernely_10	flux_calc_kernely
8823	0.000037872	553536	ops_par_loop_group_9	update_halo_kernel1_b2+update_halo_kernel4_minus_4_a
8824	0.000035066	553536	ops_par_loop_group_10	update_halo_kernel1_b1+update_halo_kernel4_minus_2_a
8825	0.000033674	369120	ops_par_loop_group_11	update_halo_kernel3_plus_4_a+update_halo_kernel2_xvel_plus_4_a+update_halo_kernel2_yvel_minus_4_a
8826	0.000032732	369120	ops_par_loop_group_12	update_halo_kernel3_plus_2_a+update_halo_kernel2_xvel_plus_2_a+update_halo_kernel2_yvel_minus_2_a
8827	0.000030448	123008	ops_par_loop_update_halo_kernel4_minus_4_b_29	update_halo_kernel4_minus_4_b
8828	0.000033544	553536	ops_par_loop_group_14	update_halo_kernel1_t2+update_halo_kernel4_minus_2_b
8829	0.000033052	430528	ops_par_loop_update_halo_kernel1_t1_14	update_halo_kernel1_t1
8830	0.000031690	246080	ops_par_loop_group_16	update_halo_kernel2_xvel_plus_4_b+update_halo_kernel2_yvel_minus_4_b
8831	0.000032752	369120	ops_par_loop_group_17	update_halo_kernel3_plus_4_b+update_halo_kernel2_xvel_plus_2_b+update_halo_kernel2_yvel_minus_2_b
8832	0.000033834	123040	ops_par_loop_update_halo_kernel3_plus_2_b_22	update_halo_kernel3_plus_2_b
8833	0.000038684	553536	ops_par_loop_group_19	update_halo_kernel1_l2+update_halo_kernel3_minus_4_a
8834	0.000035608	553536	ops_par_loop_group_20	update_halo_kernel1_l1+update_halo_kernel3_minus_2_a
8835	0.000031170	123008	ops_par_loop_update_halo_kernel3_minus_4_b_25	update_halo_kernel3_minus_4_b
8836	0.000294460	553536	ops_par_loop_group_22	update_halo_kernel1_r2+update_halo_kernel3_minus_2_b
8837	0.000040347	430528	ops_par_loop_update_halo_kernel1_r1_18	update_halo_kernel1_r1
8838	0.000036961	369120	ops_par_loop_group_24	update_halo_kernel4_plus_4_a+update_halo_kernel2_xvel_minus_4_a+update_halo_kernel2_yvel_plus_4_a
8839	0.000041859	369120	ops_par_loop_group_25	update_halo_kernel4_plus_2_a+update_halo_kernel2_xvel_minus_2_a+update_halo_kernel2_yvel_plus_2_a
8840	0.000034986	246080	ops_par_loop_group_26	update_halo_kernel2_xvel_minus_4_b+update_halo_kernel2_yvel_plus_4_b
8841	0.000033915	369120	ops_par_loop_group_27	update_halo_kernel4_plus_4_b+update_halo_kernel2_xvel_minus_2_b+update_halo_kernel2_yvel_plus_2_b
8842	0.000032242	123040	ops_par_loop_update_halo_kernel4_plus_2_b_34	update_halo_kernel4_plus_2_b
8843	0.000576154	591053440	ops_par_loop_advec_cell_kernel1_xdir_35	advec_cell_kernel1_xdir
8844	0.000801082	708203544	ops_par_loop_advec_cell_kernel3_xdir_36	advec_cell_kernel3_xdir
8845	0.001479761	1533542400	ops_par_loop_advec_cell_kernel4_xdir_37	advec_cell_kernel4_xdir
8846	0.000040327	430528	ops_par_loop_update_halo_kernel1_b2_38	update_halo_kernel1_b2
8847	0.000035437	430528	ops_par_loop_update_halo_kernel1_b1_39	update_halo_kernel1_b1
8848	0.000033964	430528	ops_par_loop_update_halo_kernel1_t2_40	update_halo_kernel1_t2
8849	0.000034515	430528	ops_par_loop_update_halo_kernel1_t1_41	update_halo_kernel1_t1
8850	0.000033344	123040	ops_par_loop_update_halo_kernel3_plus_4_a_62	update_halo_kernel3_plus_4_a
8851	0.000030218	123040	ops_par_loop_update_halo_kernel3_plus_2_a_63	update_halo_kernel3_plus_2_a
8852	0.000030588	123040	ops_par_loop_update_halo_kernel3_plus_4_b_64	update_halo_kernel3_plus_4_b
8853	0.000030498	123040	ops_par_loop_update_halo_kernel3_plus_2_b_65	update_halo_kernel3_plus_2_b
8854	0.000039374	553536	ops_par_loop_group_40	update_halo_kernel1_l2+update_halo_kernel3_minus_4_a
8855	0.000036550	553536	ops_par_loop_group_41	update_halo_kernel1_l1+update_halo_kernel3_minus_2_a
8856	0.000033644	123008	ops_par_loop_update_halo_kernel3_minus_4_b_68	update_halo_kernel3_minus_4_b
8857	0.000039485	553536	ops_par_loop_group_43	update_halo_kernel1_r2+update_halo_kernel3_minus_2_b
8858	0.000036670	430528	ops_par_loop_update_halo_kernel1_r1_45	update_halo_kernel1_r1
8859	0.000580272	591053440	ops_par_loop_advec_mom_kernel_x1_70	advec_mom_kernel_x1
8860	0.000209938	236236864	ops_par_loop_advec_mom_kernel_mass_flux_x_71	advec_mom_kernel_mass_flux_x
8861	0.000592756	590438520	ops_par_loop_advec_mom_kernel_post_pre_advec_x_72	advec_mom_kernel_post_pre_advec_x
8862	0.000900500	472258640	ops_par_loop_advec_mom_kernel1_x_nonvector_73	advec_mom_kernel1_x_nonvector
8863	0.000463119	590131240	ops_par_loop_advec_mom_kernel2_x_74	advec_mom_kernel2_x
8864	0.000575793	591053440	ops_par_loop_advec_mom_kernel_x1_75	advec_mom_kernel_x1
8865	0.000210009	236236864	ops_par_loop_advec_mom_kernel_mass_flux_x_76	advec_mom_kernel_mass_flux_x
8866	0.000589229	590438520	ops_par_loop_advec_mom_kernel_post_pre_advec_x_77	advec_mom_kernel_post_pre_advec_x
8867	0.000898446	472258640	ops_par_loop_advec_mom_kernel1_x_nonvector_78	advec_mom_kernel1_x_nonvector
8868	0.000464723	590131240	ops_par_loop_advec_mom_kernel2_x_79	advec_mom_kernel2_x
8869	0.000513195	472842752	ops_par_loop_advec_cell_kernel2_ydir_80	advec_cell_kernel2_ydir
8870	0.000815719	708203544	ops_par_loop_advec_cell_kernel3_ydir_81	advec_cell_kernel3_ydir
8871	0.001489950	1533542400	ops_par_loop_advec_cell_kernel4_ydir_82	advec_cell_kernel4_ydir
8872	0.000038142	553536	ops_par_loop_group_58	update_halo_kernel1_b2+update_halo_kernel4_minus_4_a
8873	0.000035637	553536	ops_par_loop_group_59	update_halo_kernel1_b1+update_halo_kernel4_minus_2_a
8874	0.000036680	369120	ops_par_loop_group_60	update_halo_kernel2_xvel_plus_4_a+update_halo_kernel2_yvel_minus_4_a+update_halo_kernel3_plus_4_a
8875	0.000033794	369120	ops_par_loop_group_61	update_halo_kernel2_xvel_plus_2_a+update_halo_kernel2_yvel_minus_2_a+update_halo_kernel3_plus_2_a
8876	0.000032892	246080	ops_par_loop_group_62	update_halo_kernel2_xvel_plus_4_b+update_halo_kernel2_yvel_minus_4_b
8877	0.000034345	369120	ops_par_loop_group_63	update_halo_kernel2_xvel_plus_2_b+update_halo_kernel2_yvel_minus_2_b+update_halo_kernel3_plus_4_b
8878	0.000034295	246080	ops_par_loop_group_64	update_halo_kernel2_xvel_minus_4_b+update_halo_kernel2_yvel_plus_4_b
8879	0.000032442	123040	ops_par_loop_update_halo_kernel3_plus_2_b_110	update_halo_kernel3_plus_2_b
8880	0.000031250	123008	ops_par_loop_update_halo_kernel3_minus_4_b_113	update_halo_kernel3_minus_4_b
8881	0.000030428	123008	ops_par_loop_update_halo_kernel4_minus_4_b_117	update_halo_kernel4_minus_4_b
8882	0.000034826	553536	ops_par_loop_group_68	update_halo_kernel1_t2+update_halo_kernel4_minus_2_b
8883	0.000033764	430528	ops_par_loop_update_halo_kernel1_t1_86	update_halo_kernel1_t1
8884	0.000041248	553536	ops_par_loop_group_70	update_halo_kernel1_l2+update_halo_kernel3_minus_4_a
8885	0.000037240	553536	ops_par_loop_group_71	update_halo_kernel1_l1+update_halo_kernel3_minus_2_a
8886	0.000038032	553536	ops_par_loop_group_72	update_halo_kernel1_r2+update_halo_kernel3_minus_2_b
8887	0.000034716	430528	ops_par_loop_update_halo_kernel1_r1_90	update_halo_kernel1_r1
8888	0.000036519	369120	ops_par_loop_group_74	update_halo_kernel2_xvel_minus_4_a+update_halo_kernel2_yvel_plus_4_a+update_halo_kernel4_plus_4_a
8889	0.000034155	369120	ops_par_loop_group_75	update_halo_kernel2_xvel_minus_2_a+update_halo_kernel2_yvel_plus_2_a+update_halo_kernel4_plus_2_a
8890	0.000035017	369120	ops_par_loop_group_76	update_halo_kernel2_xvel_minus_2_b+update_halo_kernel2_yvel_plus_2_b+update_halo_kernel4_plus_4_b
8891	0.000032161	123040	ops_par_loop_update_halo_kernel4_plus_2_b_122	update_halo_kernel4_plus_2_b
8892	0.001810669	1416561152	ops_par_loop_group_78	advec_mom_kernel_y2+reset_field_kernel1+ideal_gas_kernel
8893	0.000210931	236236864	ops_par_loop_advec_mom_kernel_mass_flux_y_124	advec_mom_kernel_mass_flux_y
8894	0.000554964	590438520	ops_par_loop_advec_mom_kernel_post_pre_advec_y_125	advec_mom_kernel_post_pre_advec_y
8895	0.000893628	472258640	ops_par_loop_advec_mom_kernel1_y_nonvector_126	advec_mom_kernel1_y_nonvector
8896	0.000467298	590131240	ops_par_loop_advec_mom_kernel2_y_127	advec_mom_kernel2_y
8897	0.000508676	472842752	ops_par_loop_advec_mom_kernel_y2_128	advec_mom_kernel_y2
8898	0.000210300	236236864	ops_par_loop_advec_mom_kernel_mass_flux_y_129	advec_mom_kernel_mass_flux_y
8899	0.000549023	590438520	ops_par_loop_advec_mom_kernel_post_pre_advec_y_130	advec_mom_kernel_post_pre_advec_y
8900	0.000888268	472258640	ops_par_loop_advec_mom_kernel1_y_nonvector_131	advec_mom_kernel1_y_nonvector
8901	0.000747750	1062236232	ops_par_loop_group_87	advec_mom_kernel2_y+reset_field_kernel2
