0	0.013689992	354693568	ops_par_loop_initialise_chunk_kernel_volume_0	initialise_chunk_kernel_volume
1	0.244724435	471859200	ops_par_loop_ideal_gas_kernel_0	ideal_gas_kernel
2	0.000121451	430528	ops_par_loop_update_halo_kernel1_b2_1	update_halo_kernel1_b2
3	0.000037672	430528	ops_par_loop_update_halo_kernel1_b1_2	update_halo_kernel1_b1
4	0.000033934	430528	ops_par_loop_update_halo_kernel1_t2_3	update_halo_kernel1_t2
5	0.000031490	430528	ops_par_loop_update_halo_kernel1_t1_4	update_halo_kernel1_t1
6	0.000036530	430528	ops_par_loop_update_halo_kernel1_l2_5	update_halo_kernel1_l2
7	0.000033333	430528	ops_par_loop_update_halo_kernel1_l1_6	update_halo_kernel1_l1
8	0.000033704	430528	ops_par_loop_update_halo_kernel1_r2_7	update_halo_kernel1_r2
9	0.000031530	430528	ops_par_loop_update_halo_kernel1_r1_8	update_halo_kernel1_r1
10	0.000116161	246080	ops_par_loop_group_9	update_halo_kernel2_xvel_plus_4_a+update_halo_kernel2_yvel_minus_4_a
11	0.000034866	246080	ops_par_loop_group_10	update_halo_kernel2_xvel_plus_2_a+update_halo_kernel2_yvel_minus_2_a
12	0.000031069	246080	ops_par_loop_group_11	update_halo_kernel2_xvel_plus_4_b+update_halo_kernel2_yvel_minus_4_b
13	0.000029566	246080	ops_par_loop_group_12	update_halo_kernel2_xvel_plus_2_b+update_halo_kernel2_yvel_minus_2_b
14	0.000034396	246080	ops_par_loop_group_13	update_halo_kernel2_xvel_minus_4_a+update_halo_kernel2_yvel_plus_4_a
15	0.000030748	246080	ops_par_loop_group_14	update_halo_kernel2_xvel_minus_2_a+update_halo_kernel2_yvel_plus_2_a
16	0.000039796	246080	ops_par_loop_group_15	update_halo_kernel2_xvel_minus_4_b+update_halo_kernel2_yvel_plus_4_b
17	0.000032942	246080	ops_par_loop_group_16	update_halo_kernel2_xvel_minus_2_b+update_halo_kernel2_yvel_plus_2_b
18	0.000466176	471859200	ops_par_loop_ideal_gas_kernel_25	ideal_gas_kernel
19	0.193484844	471859200	ops_par_loop_ideal_gas_kernel_0	ideal_gas_kernel
20	0.000039675	430304	ops_par_loop_update_halo_kernel1_b1_1	update_halo_kernel1_b1
21	0.000035367	430304	ops_par_loop_update_halo_kernel1_t1_2	update_halo_kernel1_t1
22	0.000038403	430304	ops_par_loop_update_halo_kernel1_l1_3	update_halo_kernel1_l1
23	0.000034365	430304	ops_par_loop_update_halo_kernel1_r1_4	update_halo_kernel1_r1
24	0.000028855	245952	ops_par_loop_group_5	update_halo_kernel2_xvel_plus_2_a+update_halo_kernel2_yvel_minus_2_a
25	0.000027673	245952	ops_par_loop_group_6	update_halo_kernel2_xvel_plus_2_b+update_halo_kernel2_yvel_minus_2_b
26	0.000029706	245952	ops_par_loop_group_7	update_halo_kernel2_xvel_minus_2_a+update_halo_kernel2_yvel_plus_2_a
27	0.000029215	245952	ops_par_loop_group_8	update_halo_kernel2_xvel_minus_2_b+update_halo_kernel2_yvel_plus_2_b
28	0.001759322	589885440	ops_par_loop_viscosity_kernel_13	viscosity_kernel
29	0.000032572	430304	ops_par_loop_update_halo_kernel1_b1_14	update_halo_kernel1_b1
30	0.000028604	430304	ops_par_loop_update_halo_kernel1_t1_15	update_halo_kernel1_t1
31	0.000031911	430304	ops_par_loop_update_halo_kernel1_l1_16	update_halo_kernel1_l1
32	0.000031099	430304	ops_par_loop_update_halo_kernel1_r1_17	update_halo_kernel1_r1
33	0.001013324	1061744640	ops_par_loop_calc_dt_kernel_18	calc_dt_kernel
34	1.196851418	1887436800	ops_par_loop_group_0	PdV_kernel_predict+ideal_gas_kernel
35	0.000043573	430304	ops_par_loop_update_halo_kernel1_b1_2	update_halo_kernel1_b1
36	0.000033193	430304	ops_par_loop_update_halo_kernel1_t1_3	update_halo_kernel1_t1
37	0.000037311	430304	ops_par_loop_update_halo_kernel1_l1_4	update_halo_kernel1_l1
38	0.000036059	430304	ops_par_loop_update_halo_kernel1_r1_5	update_halo_kernel1_r1
39	0.001111301	1298288728	ops_par_loop_accelerate_kernel_7	accelerate_kernel
40	0.001372667	2123366400	ops_par_loop_group_6	revert_kernel+PdV_kernel_nopredict
41	0.000460054	471982080	ops_par_loop_flux_calc_kernelx_9	flux_calc_kernelx
42	0.000450235	471982080	ops_par_loop_flux_calc_kernely_10	flux_calc_kernely
43	0.000110851	553536	ops_par_loop_group_9	update_halo_kernel1_b2+update_halo_kernel4_minus_4_a
44	0.000038533	553536	ops_par_loop_group_10	update_halo_kernel1_b1+update_halo_kernel4_minus_2_a
45	0.000123224	369120	ops_par_loop_group_11	update_halo_kernel3_plus_4_a+update_halo_kernel2_xvel_plus_4_a+update_halo_kernel2_yvel_minus_4_a
46	0.000036920	369120	ops_par_loop_group_12	update_halo_kernel3_plus_2_a+update_halo_kernel2_xvel_plus_2_a+update_halo_kernel2_yvel_minus_2_a
47	0.000033614	123008	ops_par_loop_update_halo_kernel4_minus_4_b_29	update_halo_kernel4_minus_4_b
48	0.000036679	553536	ops_par_loop_group_14	update_halo_kernel1_t2+update_halo_kernel4_minus_2_b
49	0.000034756	430528	ops_par_loop_update_halo_kernel1_t1_14	update_halo_kernel1_t1
50	0.000032652	246080	ops_par_loop_group_16	update_halo_kernel2_xvel_plus_4_b+update_halo_kernel2_yvel_minus_4_b
51	0.000034085	369120	ops_par_loop_group_17	update_halo_kernel3_plus_4_b+update_halo_kernel2_xvel_plus_2_b+update_halo_kernel2_yvel_minus_2_b
52	0.000032531	123040	ops_par_loop_update_halo_kernel3_plus_2_b_22	update_halo_kernel3_plus_2_b
53	0.000040246	553536	ops_par_loop_group_19	update_halo_kernel1_l2+update_halo_kernel3_minus_4_a
54	0.000036289	553536	ops_par_loop_group_20	update_halo_kernel1_l1+update_halo_kernel3_minus_2_a
55	0.000030918	123008	ops_par_loop_update_halo_kernel3_minus_4_b_25	update_halo_kernel3_minus_4_b
56	0.000036790	553536	ops_par_loop_group_22	update_halo_kernel1_r2+update_halo_kernel3_minus_2_b
57	0.000033514	430528	ops_par_loop_update_halo_kernel1_r1_18	update_halo_kernel1_r1
58	0.000039034	369120	ops_par_loop_group_24	update_halo_kernel4_plus_4_a+update_halo_kernel2_xvel_minus_4_a+update_halo_kernel2_yvel_plus_4_a
59	0.000032722	369120	ops_par_loop_group_25	update_halo_kernel4_plus_2_a+update_halo_kernel2_xvel_minus_2_a+update_halo_kernel2_yvel_plus_2_a
60	0.000033394	246080	ops_par_loop_group_26	update_halo_kernel2_xvel_minus_4_b+update_halo_kernel2_yvel_plus_4_b
61	0.000034094	369120	ops_par_loop_group_27	update_halo_kernel4_plus_4_b+update_halo_kernel2_xvel_minus_2_b+update_halo_kernel2_yvel_plus_2_b
62	0.000030809	123040	ops_par_loop_update_halo_kernel4_plus_2_b_34	update_halo_kernel4_plus_2_b
63	0.000659162	591053440	ops_par_loop_advec_cell_kernel1_xdir_35	advec_cell_kernel1_xdir
64	0.000902925	708203544	ops_par_loop_advec_cell_kernel3_xdir_36	advec_cell_kernel3_xdir
65	0.001567607	1533542400	ops_par_loop_advec_cell_kernel4_xdir_37	advec_cell_kernel4_xdir
66	0.000044745	430528	ops_par_loop_update_halo_kernel1_b2_38	update_halo_kernel1_b2
67	0.000035818	430528	ops_par_loop_update_halo_kernel1_b1_39	update_halo_kernel1_b1
68	0.000042030	430528	ops_par_loop_update_halo_kernel1_t2_40	update_halo_kernel1_t2
69	0.000033373	430528	ops_par_loop_update_halo_kernel1_t1_41	update_halo_kernel1_t1
70	0.000034466	123040	ops_par_loop_update_halo_kernel3_plus_4_a_62	update_halo_kernel3_plus_4_a
71	0.000031169	123040	ops_par_loop_update_halo_kernel3_plus_2_a_63	update_halo_kernel3_plus_2_a
72	0.000032242	123040	ops_par_loop_update_halo_kernel3_plus_4_b_64	update_halo_kernel3_plus_4_b
73	0.000032341	123040	ops_par_loop_update_halo_kernel3_plus_2_b_65	update_halo_kernel3_plus_2_b
74	0.000043603	553536	ops_par_loop_group_40	update_halo_kernel1_l2+update_halo_kernel3_minus_4_a
75	0.000043092	553536	ops_par_loop_group_41	update_halo_kernel1_l1+update_halo_kernel3_minus_2_a
76	0.000033213	123008	ops_par_loop_update_halo_kernel3_minus_4_b_68	update_halo_kernel3_minus_4_b
77	0.000038152	553536	ops_par_loop_group_43	update_halo_kernel1_r2+update_halo_kernel3_minus_2_b
78	0.000036579	430528	ops_par_loop_update_halo_kernel1_r1_45	update_halo_kernel1_r1
79	0.000579951	591053440	ops_par_loop_advec_mom_kernel_x1_70	advec_mom_kernel_x1
80	0.000209538	236236864	ops_par_loop_advec_mom_kernel_mass_flux_x_71	advec_mom_kernel_mass_flux_x
81	0.000588177	590438520	ops_par_loop_advec_mom_kernel_post_pre_advec_x_72	advec_mom_kernel_post_pre_advec_x
82	0.000900541	472258640	ops_par_loop_advec_mom_kernel1_x_nonvector_73	advec_mom_kernel1_x_nonvector
83	0.000457408	590131240	ops_par_loop_advec_mom_kernel2_x_74	advec_mom_kernel2_x
84	0.000573048	591053440	ops_par_loop_advec_mom_kernel_x1_75	advec_mom_kernel_x1
85	0.000206292	236236864	ops_par_loop_advec_mom_kernel_mass_flux_x_76	advec_mom_kernel_mass_flux_x
86	0.000583218	590438520	ops_par_loop_advec_mom_kernel_post_pre_advec_x_77	advec_mom_kernel_post_pre_advec_x
87	0.000897845	472258640	ops_par_loop_advec_mom_kernel1_x_nonvector_78	advec_mom_kernel1_x_nonvector
88	0.000463130	590131240	ops_par_loop_advec_mom_kernel2_x_79	advec_mom_kernel2_x
89	0.000510189	472842752	ops_par_loop_advec_cell_kernel2_ydir_80	advec_cell_kernel2_ydir
90	0.000824066	708203544	ops_par_loop_advec_cell_kernel3_ydir_81	advec_cell_kernel3_ydir
91	0.001486083	1533542400	ops_par_loop_advec_cell_kernel4_ydir_82	advec_cell_kernel4_ydir
92	0.000036830	553536	ops_par_loop_group_58	update_halo_kernel1_b2+update_halo_kernel4_minus_4_a
93	0.000038514	553536	ops_par_loop_group_59	update_halo_kernel1_b1+update_halo_kernel4_minus_2_a
94	0.000033133	369120	ops_par_loop_group_60	update_halo_kernel2_xvel_plus_4_a+update_halo_kernel2_yvel_minus_4_a+update_halo_kernel3_plus_4_a
95	0.000031590	369120	ops_par_loop_group_61	update_halo_kernel2_xvel_plus_2_a+update_halo_kernel2_yvel_minus_2_a+update_halo_kernel3_plus_2_a
96	0.000030788	246080	ops_par_loop_group_62	update_halo_kernel2_xvel_plus_4_b+update_halo_kernel2_yvel_minus_4_b
97	0.000030849	369120	ops_par_loop_group_63	update_halo_kernel2_xvel_plus_2_b+update_halo_kernel2_yvel_minus_2_b+update_halo_kernel3_plus_4_b
98	0.000032111	246080	ops_par_loop_group_64	update_halo_kernel2_xvel_minus_4_b+update_halo_kernel2_yvel_plus_4_b
99	0.000031309	123040	ops_par_loop_update_halo_kernel3_plus_2_b_110	update_halo_kernel3_plus_2_b
100	0.000028835	123008	ops_par_loop_update_halo_kernel3_minus_4_b_113	update_halo_kernel3_minus_4_b
101	0.000028504	123008	ops_par_loop_update_halo_kernel4_minus_4_b_117	update_halo_kernel4_minus_4_b
102	0.000032231	553536	ops_par_loop_group_68	update_halo_kernel1_t2+update_halo_kernel4_minus_2_b
103	0.000032271	430528	ops_par_loop_update_halo_kernel1_t1_86	update_halo_kernel1_t1
104	0.000037341	553536	ops_par_loop_group_70	update_halo_kernel1_l2+update_halo_kernel3_minus_4_a
105	0.000036980	553536	ops_par_loop_group_71	update_halo_kernel1_l1+update_halo_kernel3_minus_2_a
106	0.000035637	553536	ops_par_loop_group_72	update_halo_kernel1_r2+update_halo_kernel3_minus_2_b
107	0.000032222	430528	ops_par_loop_update_halo_kernel1_r1_90	update_halo_kernel1_r1
108	0.000034296	369120	ops_par_loop_group_74	update_halo_kernel2_xvel_minus_4_a+update_halo_kernel2_yvel_plus_4_a+update_halo_kernel4_plus_4_a
109	0.000032341	369120	ops_par_loop_group_75	update_halo_kernel2_xvel_minus_2_a+update_halo_kernel2_yvel_plus_2_a+update_halo_kernel4_plus_2_a
110	0.000032742	369120	ops_par_loop_group_76	update_halo_kernel2_xvel_minus_2_b+update_halo_kernel2_yvel_plus_2_b+update_halo_kernel4_plus_4_b
111	0.000030748	123040	ops_par_loop_update_halo_kernel4_plus_2_b_122	update_halo_kernel4_plus_2_b
112	0.000500090	472842752	ops_par_loop_advec_mom_kernel_y2_123	advec_mom_kernel_y2
113	0.000205911	236236864	ops_par_loop_advec_mom_kernel_mass_flux_y_124	advec_mom_kernel_mass_flux_y
114	0.000542721	590438520	ops_par_loop_advec_mom_kernel_post_pre_advec_y_125	advec_mom_kernel_post_pre_advec_y
115	0.000877216	472258640	ops_par_loop_advec_mom_kernel1_y_nonvector_126	advec_mom_kernel1_y_nonvector
116	0.000462930	590131240	ops_par_loop_advec_mom_kernel2_y_127	advec_mom_kernel2_y
117	0.000503106	472842752	ops_par_loop_advec_mom_kernel_y2_128	advec_mom_kernel_y2
118	0.000204499	236236864	ops_par_loop_advec_mom_kernel_mass_flux_y_129	advec_mom_kernel_mass_flux_y
119	0.000543983	590438520	ops_par_loop_advec_mom_kernel_post_pre_advec_y_130	advec_mom_kernel_post_pre_advec_y
120	0.000876675	472258640	ops_par_loop_advec_mom_kernel1_y_nonvector_131	advec_mom_kernel1_y_nonvector
121	0.000449574	471859200	ops_par_loop_reset_field_kernel1_133	reset_field_kernel1
122	0.001477797	1534095432	ops_par_loop_group_88	advec_mom_kernel2_y+reset_field_kernel2+ideal_gas_kernel
123	0.000035878	430304	ops_par_loop_update_halo_kernel1_b1_136	update_halo_kernel1_b1
124	0.000156848	430304	ops_par_loop_update_halo_kernel1_t1_137	update_halo_kernel1_t1
125	0.000036369	430304	ops_par_loop_update_halo_kernel1_l1_138	update_halo_kernel1_l1
126	0.000037091	430304	ops_par_loop_update_halo_kernel1_r1_139	update_halo_kernel1_r1
127	0.000031960	245952	ops_par_loop_group_93	update_halo_kernel2_xvel_plus_2_a+update_halo_kernel2_yvel_minus_2_a
128	0.000031420	245952	ops_par_loop_group_94	update_halo_kernel2_xvel_plus_2_b+update_halo_kernel2_yvel_minus_2_b
129	0.000033864	245952	ops_par_loop_group_95	update_halo_kernel2_xvel_minus_2_a+update_halo_kernel2_yvel_plus_2_a
130	0.000032812	245952	ops_par_loop_group_96	update_halo_kernel2_xvel_minus_2_b+update_halo_kernel2_yvel_plus_2_b
131	0.001731128	589885440	ops_par_loop_viscosity_kernel_148	viscosity_kernel
132	0.000037261	430304	ops_par_loop_update_halo_kernel1_b1_149	update_halo_kernel1_b1
133	0.000031099	430304	ops_par_loop_update_halo_kernel1_t1_150	update_halo_kernel1_t1
134	0.000035898	430304	ops_par_loop_update_halo_kernel1_l1_151	update_halo_kernel1_l1
135	0.000036570	430304	ops_par_loop_update_halo_kernel1_r1_152	update_halo_kernel1_r1
136	0.000919226	1061744640	ops_par_loop_calc_dt_kernel_153	calc_dt_kernel
137	1.166993233	1887436800	ops_par_loop_group_0	PdV_kernel_predict+ideal_gas_kernel
138	0.000041348	430304	ops_par_loop_update_halo_kernel1_b1_2	update_halo_kernel1_b1
139	0.000030859	430304	ops_par_loop_update_halo_kernel1_t1_3	update_halo_kernel1_t1
140	0.000035197	430304	ops_par_loop_update_halo_kernel1_l1_4	update_halo_kernel1_l1
141	0.000034336	430304	ops_par_loop_update_halo_kernel1_r1_5	update_halo_kernel1_r1
142	0.001111711	1298288728	ops_par_loop_accelerate_kernel_7	accelerate_kernel
143	0.001372386	2123366400	ops_par_loop_group_6	revert_kernel+PdV_kernel_nopredict
144	0.000374121	471982080	ops_par_loop_flux_calc_kernelx_9	flux_calc_kernelx
145	0.000370183	471982080	ops_par_loop_flux_calc_kernely_10	flux_calc_kernely
146	0.000038403	553536	ops_par_loop_group_9	update_halo_kernel1_b2+update_halo_kernel4_minus_4_a
147	0.000034015	553536	ops_par_loop_group_10	update_halo_kernel1_b1+update_halo_kernel4_minus_2_a
148	0.000032973	369120	ops_par_loop_group_11	update_halo_kernel3_plus_4_a+update_halo_kernel2_xvel_plus_4_a+update_halo_kernel2_yvel_minus_4_a
149	0.000031801	369120	ops_par_loop_group_12	update_halo_kernel3_plus_2_a+update_halo_kernel2_xvel_plus_2_a+update_halo_kernel2_yvel_minus_2_a
150	0.000030689	123008	ops_par_loop_update_halo_kernel4_minus_4_b_29	update_halo_kernel4_minus_4_b
151	0.000033353	553536	ops_par_loop_group_14	update_halo_kernel1_t2+update_halo_kernel4_minus_2_b
152	0.000032331	430528	ops_par_loop_update_halo_kernel1_t1_14	update_halo_kernel1_t1
153	0.000030799	246080	ops_par_loop_group_16	update_halo_kernel2_xvel_plus_4_b+update_halo_kernel2_yvel_minus_4_b
154	0.000032031	369120	ops_par_loop_group_17	update_halo_kernel3_plus_4_b+update_halo_kernel2_xvel_plus_2_b+update_halo_kernel2_yvel_minus_2_b
155	0.000030287	123040	ops_par_loop_update_halo_kernel3_plus_2_b_22	update_halo_kernel3_plus_2_b
156	0.000037472	553536	ops_par_loop_group_19	update_halo_kernel1_l2+update_halo_kernel3_minus_4_a
157	0.000035348	553536	ops_par_loop_group_20	update_halo_kernel1_l1+update_halo_kernel3_minus_2_a
158	0.000031049	123008	ops_par_loop_update_halo_kernel3_minus_4_b_25	update_halo_kernel3_minus_4_b
159	0.000036219	553536	ops_par_loop_group_22	update_halo_kernel1_r2+update_halo_kernel3_minus_2_b
160	0.000033043	430528	ops_par_loop_update_halo_kernel1_r1_18	update_halo_kernel1_r1
161	0.000035577	369120	ops_par_loop_group_24	update_halo_kernel4_plus_4_a+update_halo_kernel2_xvel_minus_4_a+update_halo_kernel2_yvel_plus_4_a
162	0.000032302	369120	ops_par_loop_group_25	update_halo_kernel4_plus_2_a+update_halo_kernel2_xvel_minus_2_a+update_halo_kernel2_yvel_plus_2_a
163	0.000033053	246080	ops_par_loop_group_26	update_halo_kernel2_xvel_minus_4_b+update_halo_kernel2_yvel_plus_4_b
164	0.000034465	369120	ops_par_loop_group_27	update_halo_kernel4_plus_4_b+update_halo_kernel2_xvel_minus_2_b+update_halo_kernel2_yvel_plus_2_b
165	0.000029606	123040	ops_par_loop_update_halo_kernel4_plus_2_b_34	update_halo_kernel4_plus_2_b
166	0.000574211	591053440	ops_par_loop_advec_cell_kernel1_ydir_35	advec_cell_kernel1_ydir
167	0.000816029	708203544	ops_par_loop_advec_cell_kernel3_ydir_36	advec_cell_kernel3_ydir
168	0.001492874	1533542400	ops_par_loop_advec_cell_kernel4_ydir_37	advec_cell_kernel4_ydir
169	0.000036600	553536	ops_par_loop_group_32	update_halo_kernel1_b2+update_halo_kernel4_minus_4_a
170	0.000033794	553536	ops_par_loop_group_33	update_halo_kernel1_b1+update_halo_kernel4_minus_2_a
171	0.000030828	123008	ops_par_loop_update_halo_kernel4_minus_4_b_64	update_halo_kernel4_minus_4_b
172	0.000033123	553536	ops_par_loop_group_35	update_halo_kernel1_t2+update_halo_kernel4_minus_2_b
173	0.000032722	430528	ops_par_loop_update_halo_kernel1_t1_41	update_halo_kernel1_t1
174	0.000036710	430528	ops_par_loop_update_halo_kernel1_l2_42	update_halo_kernel1_l2
175	0.000034636	430528	ops_par_loop_update_halo_kernel1_l1_43	update_halo_kernel1_l1
176	0.000035237	430528	ops_par_loop_update_halo_kernel1_r2_44	update_halo_kernel1_r2
177	0.000032672	430528	ops_par_loop_update_halo_kernel1_r1_45	update_halo_kernel1_r1
178	0.000032391	123040	ops_par_loop_update_halo_kernel4_plus_4_a_66	update_halo_kernel4_plus_4_a
179	0.000029947	123040	ops_par_loop_update_halo_kernel4_plus_2_a_67	update_halo_kernel4_plus_2_a
180	0.000029736	123040	ops_par_loop_update_halo_kernel4_plus_4_b_68	update_halo_kernel4_plus_4_b
181	0.000028555	123040	ops_par_loop_update_halo_kernel4_plus_2_b_69	update_halo_kernel4_plus_2_b
182	0.000573519	591053440	ops_par_loop_advec_mom_kernel_y1_70	advec_mom_kernel_y1
183	0.000206853	236236864	ops_par_loop_advec_mom_kernel_mass_flux_y_71	advec_mom_kernel_mass_flux_y
184	0.000549032	590438520	ops_par_loop_advec_mom_kernel_post_pre_advec_y_72	advec_mom_kernel_post_pre_advec_y
185	0.000893948	472258640	ops_par_loop_advec_mom_kernel1_y_nonvector_73	advec_mom_kernel1_y_nonvector
186	0.000464763	590131240	ops_par_loop_advec_mom_kernel2_y_74	advec_mom_kernel2_y
187	0.000578087	591053440	ops_par_loop_advec_mom_kernel_y1_75	advec_mom_kernel_y1
188	0.000204939	236236864	ops_par_loop_advec_mom_kernel_mass_flux_y_76	advec_mom_kernel_mass_flux_y
189	0.000546287	590438520	ops_par_loop_advec_mom_kernel_post_pre_advec_y_77	advec_mom_kernel_post_pre_advec_y
190	0.000894188	472258640	ops_par_loop_advec_mom_kernel1_y_nonvector_78	advec_mom_kernel1_y_nonvector
191	0.000466055	590131240	ops_par_loop_advec_mom_kernel2_y_79	advec_mom_kernel2_y
192	0.000503836	472842752	ops_par_loop_advec_cell_kernel2_xdir_80	advec_cell_kernel2_xdir
193	0.000799589	708203544	ops_par_loop_advec_cell_kernel3_xdir_81	advec_cell_kernel3_xdir
194	0.001475843	1533542400	ops_par_loop_advec_cell_kernel4_xdir_82	advec_cell_kernel4_xdir
195	0.000037411	553536	ops_par_loop_group_58	update_halo_kernel1_b2+update_halo_kernel4_minus_4_a
196	0.000033744	553536	ops_par_loop_group_59	update_halo_kernel1_b1+update_halo_kernel4_minus_2_a
197	0.000033644	369120	ops_par_loop_group_60	update_halo_kernel2_xvel_plus_4_a+update_halo_kernel2_yvel_minus_4_a+update_halo_kernel3_plus_4_a
198	0.000032912	369120	ops_par_loop_group_61	update_halo_kernel2_xvel_plus_2_a+update_halo_kernel2_yvel_minus_2_a+update_halo_kernel3_plus_2_a
199	0.000031139	246080	ops_par_loop_group_62	update_halo_kernel2_xvel_plus_4_b+update_halo_kernel2_yvel_minus_4_b
200	0.000033644	369120	ops_par_loop_group_63	update_halo_kernel2_xvel_plus_2_b+update_halo_kernel2_yvel_minus_2_b+update_halo_kernel3_plus_4_b
201	0.000034966	246080	ops_par_loop_group_64	update_halo_kernel2_xvel_minus_4_b+update_halo_kernel2_yvel_plus_4_b
202	0.000032231	123040	ops_par_loop_update_halo_kernel3_plus_2_b_110	update_halo_kernel3_plus_2_b
203	0.000031029	123008	ops_par_loop_update_halo_kernel3_minus_4_b_113	update_halo_kernel3_minus_4_b
204	0.000029546	123008	ops_par_loop_update_halo_kernel4_minus_4_b_117	update_halo_kernel4_minus_4_b
205	0.000035577	553536	ops_par_loop_group_68	update_halo_kernel1_t2+update_halo_kernel4_minus_2_b
206	0.000034365	430528	ops_par_loop_update_halo_kernel1_t1_86	update_halo_kernel1_t1
207	0.000040477	553536	ops_par_loop_group_70	update_halo_kernel1_l2+update_halo_kernel3_minus_4_a
208	0.000035768	553536	ops_par_loop_group_71	update_halo_kernel1_l1+update_halo_kernel3_minus_2_a
209	0.000037942	553536	ops_par_loop_group_72	update_halo_kernel1_r2+update_halo_kernel3_minus_2_b
210	0.000033293	430528	ops_par_loop_update_halo_kernel1_r1_90	update_halo_kernel1_r1
211	0.000036599	369120	ops_par_loop_group_74	update_halo_kernel2_xvel_minus_4_a+update_halo_kernel2_yvel_plus_4_a+update_halo_kernel4_plus_4_a
212	0.000033945	369120	ops_par_loop_group_75	update_halo_kernel2_xvel_minus_2_a+update_halo_kernel2_yvel_plus_2_a+update_halo_kernel4_plus_2_a
213	0.000033964	369120	ops_par_loop_group_76	update_halo_kernel2_xvel_minus_2_b+update_halo_kernel2_yvel_plus_2_b+update_halo_kernel4_plus_4_b
214	0.000030558	123040	ops_par_loop_update_halo_kernel4_plus_2_b_122	update_halo_kernel4_plus_2_b
215	0.000508035	472842752	ops_par_loop_advec_mom_kernel_x2_123	advec_mom_kernel_x2
216	0.000208246	236236864	ops_par_loop_advec_mom_kernel_mass_flux_x_124	advec_mom_kernel_mass_flux_x
217	0.000591133	590438520	ops_par_loop_advec_mom_kernel_post_pre_advec_x_125	advec_mom_kernel_post_pre_advec_x
218	0.000900339	472258640	ops_par_loop_advec_mom_kernel1_x_nonvector_126	advec_mom_kernel1_x_nonvector
219	0.000463661	590131240	ops_par_loop_advec_mom_kernel2_x_127	advec_mom_kernel2_x
220	0.000512934	472842752	ops_par_loop_advec_mom_kernel_x2_128	advec_mom_kernel_x2
221	0.000207995	236236864	ops_par_loop_advec_mom_kernel_mass_flux_x_129	advec_mom_kernel_mass_flux_x
222	0.000584981	590438520	ops_par_loop_advec_mom_kernel_post_pre_advec_x_130	advec_mom_kernel_post_pre_advec_x
223	0.000899328	472258640	ops_par_loop_advec_mom_kernel1_x_nonvector_131	advec_mom_kernel1_x_nonvector
224	0.000448271	471859200	ops_par_loop_reset_field_kernel1_133	reset_field_kernel1
225	0.001460614	1534095432	ops_par_loop_group_88	advec_mom_kernel2_x+reset_field_kernel2+ideal_gas_kernel
226	0.000036920	430304	ops_par_loop_update_halo_kernel1_b1_136	update_halo_kernel1_b1
227	0.000032712	430304	ops_par_loop_update_halo_kernel1_t1_137	update_halo_kernel1_t1
228	0.000035918	430304	ops_par_loop_update_halo_kernel1_l1_138	update_halo_kernel1_l1
229	0.000035878	430304	ops_par_loop_update_halo_kernel1_r1_139	update_halo_kernel1_r1
230	0.000031169	245952	ops_par_loop_group_93	update_halo_kernel2_xvel_plus_2_a+update_halo_kernel2_yvel_minus_2_a
231	0.000031149	245952	ops_par_loop_group_94	update_halo_kernel2_xvel_plus_2_b+update_halo_kernel2_yvel_minus_2_b
232	0.000034155	245952	ops_par_loop_group_95	update_halo_kernel2_xvel_minus_2_a+update_halo_kernel2_yvel_plus_2_a
233	0.000033974	245952	ops_par_loop_group_96	update_halo_kernel2_xvel_minus_2_b+update_halo_kernel2_yvel_plus_2_b
234	0.001763749	589885440	ops_par_loop_viscosity_kernel_148	viscosity_kernel
235	0.000035587	430304	ops_par_loop_update_halo_kernel1_b1_149	update_halo_kernel1_b1
236	0.000031851	430304	ops_par_loop_update_halo_kernel1_t1_150	update_halo_kernel1_t1
237	0.000036169	430304	ops_par_loop_update_halo_kernel1_l1_151	update_halo_kernel1_l1
238	0.000034977	430304	ops_par_loop_update_halo_kernel1_r1_152	update_halo_kernel1_r1
239	0.000936278	1061744640	ops_par_loop_calc_dt_kernel_153	calc_dt_kernel
240	0.001497414	1887436800	ops_par_loop_group_0	PdV_kernel_predict+ideal_gas_kernel
241	0.000022353	430304	ops_par_loop_update_halo_kernel1_b1_2	update_halo_kernel1_b1
242	0.000019326	430304	ops_par_loop_update_halo_kernel1_t1_3	update_halo_kernel1_t1
243	0.000023955	430304	ops_par_loop_update_halo_kernel1_l1_4	update_halo_kernel1_l1
244	0.000024026	430304	ops_par_loop_update_halo_kernel1_r1_5	update_halo_kernel1_r1
245	0.001094678	1298288728	ops_par_loop_accelerate_kernel_7	accelerate_kernel
246	0.001358099	2123366400	ops_par_loop_group_6	revert_kernel+PdV_kernel_nopredict
247	0.000364292	471982080	ops_par_loop_flux_calc_kernelx_9	flux_calc_kernelx
248	0.000357669	471982080	ops_par_loop_flux_calc_kernely_10	flux_calc_kernely
249	0.000022032	553536	ops_par_loop_group_9	update_halo_kernel1_b2+update_halo_kernel4_minus_4_a
250	0.000020349	553536	ops_par_loop_group_10	update_halo_kernel1_b1+update_halo_kernel4_minus_2_a
251	0.000020989	369120	ops_par_loop_group_11	update_halo_kernel3_plus_4_a+update_halo_kernel2_xvel_plus_4_a+update_halo_kernel2_yvel_minus_4_a
252	0.000019978	369120	ops_par_loop_group_12	update_halo_kernel3_plus_2_a+update_halo_kernel2_xvel_plus_2_a+update_halo_kernel2_yvel_minus_2_a
253	0.000018014	123008	ops_par_loop_update_halo_kernel4_minus_4_b_29	update_halo_kernel4_minus_4_b
254	0.000020679	553536	ops_par_loop_group_14	update_halo_kernel1_t2+update_halo_kernel4_minus_2_b
255	0.000019447	430528	ops_par_loop_update_halo_kernel1_t1_14	update_halo_kernel1_t1
256	0.000025068	246080	ops_par_loop_group_16	update_halo_kernel2_xvel_plus_4_b+update_halo_kernel2_yvel_minus_4_b
257	0.000021050	369120	ops_par_loop_group_17	update_halo_kernel3_plus_4_b+update_halo_kernel2_xvel_plus_2_b+update_halo_kernel2_yvel_minus_2_b
258	0.000018645	123040	ops_par_loop_update_halo_kernel3_plus_2_b_22	update_halo_kernel3_plus_2_b
259	0.000026330	553536	ops_par_loop_group_19	update_halo_kernel1_l2+update_halo_kernel3_minus_4_a
260	0.000022783	553536	ops_par_loop_group_20	update_halo_kernel1_l1+update_halo_kernel3_minus_2_a
261	0.000018365	123008	ops_par_loop_update_halo_kernel3_minus_4_b_25	update_halo_kernel3_minus_4_b
262	0.000024066	553536	ops_par_loop_group_22	update_halo_kernel1_r2+update_halo_kernel3_minus_2_b
263	0.000021541	430528	ops_par_loop_update_halo_kernel1_r1_18	update_halo_kernel1_r1
264	0.000022302	369120	ops_par_loop_group_24	update_halo_kernel4_plus_4_a+update_halo_kernel2_xvel_minus_4_a+update_halo_kernel2_yvel_plus_4_a
265	0.000021581	369120	ops_par_loop_group_25	update_halo_kernel4_plus_2_a+update_halo_kernel2_xvel_minus_2_a+update_halo_kernel2_yvel_plus_2_a
266	0.000020399	246080	ops_par_loop_group_26	update_halo_kernel2_xvel_minus_4_b+update_halo_kernel2_yvel_plus_4_b
267	0.000022844	369120	ops_par_loop_group_27	update_halo_kernel4_plus_4_b+update_halo_kernel2_xvel_minus_2_b+update_halo_kernel2_yvel_plus_2_b
268	0.000017623	123040	ops_par_loop_update_halo_kernel4_plus_2_b_34	update_halo_kernel4_plus_2_b
269	0.000561316	591053440	ops_par_loop_advec_cell_kernel1_xdir_35	advec_cell_kernel1_xdir
270	0.000772257	708203544	ops_par_loop_advec_cell_kernel3_xdir_36	advec_cell_kernel3_xdir
271	0.001463670	1533542400	ops_par_loop_advec_cell_kernel4_xdir_37	advec_cell_kernel4_xdir
272	0.000021631	430528	ops_par_loop_update_halo_kernel1_b2_38	update_halo_kernel1_b2
273	0.000019577	430528	ops_par_loop_update_halo_kernel1_b1_39	update_halo_kernel1_b1
274	0.000019908	430528	ops_par_loop_update_halo_kernel1_t2_40	update_halo_kernel1_t2
275	0.000020008	430528	ops_par_loop_update_halo_kernel1_t1_41	update_halo_kernel1_t1
276	0.000018415	123040	ops_par_loop_update_halo_kernel3_plus_4_a_62	update_halo_kernel3_plus_4_a
277	0.000018144	123040	ops_par_loop_update_halo_kernel3_plus_2_a_63	update_halo_kernel3_plus_2_a
278	0.000018215	123040	ops_par_loop_update_halo_kernel3_plus_4_b_64	update_halo_kernel3_plus_4_b
279	0.000018225	123040	ops_par_loop_update_halo_kernel3_plus_2_b_65	update_halo_kernel3_plus_2_b
280	0.000026100	553536	ops_par_loop_group_40	update_halo_kernel1_l2+update_halo_kernel3_minus_4_a
281	0.000023334	553536	ops_par_loop_group_41	update_halo_kernel1_l1+update_halo_kernel3_minus_2_a
282	0.000018565	123008	ops_par_loop_update_halo_kernel3_minus_4_b_68	update_halo_kernel3_minus_4_b
283	0.000025138	553536	ops_par_loop_group_43	update_halo_kernel1_r2+update_halo_kernel3_minus_2_b
284	0.000021300	430528	ops_par_loop_update_halo_kernel1_r1_45	update_halo_kernel1_r1
285	0.000561586	591053440	ops_par_loop_advec_mom_kernel_x1_70	advec_mom_kernel_x1
286	0.000194279	236236864	ops_par_loop_advec_mom_kernel_mass_flux_x_71	advec_mom_kernel_mass_flux_x
287	0.000572427	590438520	ops_par_loop_advec_mom_kernel_post_pre_advec_x_72	advec_mom_kernel_post_pre_advec_x
288	0.000883838	472258640	ops_par_loop_advec_mom_kernel1_x_nonvector_73	advec_mom_kernel1_x_nonvector
289	0.000449072	590131240	ops_par_loop_advec_mom_kernel2_x_74	advec_mom_kernel2_x
290	0.000560955	591053440	ops_par_loop_advec_mom_kernel_x1_75	advec_mom_kernel_x1
291	0.000193979	236236864	ops_par_loop_advec_mom_kernel_mass_flux_x_76	advec_mom_kernel_mass_flux_x
292	0.000578389	590438520	ops_par_loop_advec_mom_kernel_post_pre_advec_x_77	advec_mom_kernel_post_pre_advec_x
293	0.000883879	472258640	ops_par_loop_advec_mom_kernel1_x_nonvector_78	advec_mom_kernel1_x_nonvector
294	0.000443362	590131240	ops_par_loop_advec_mom_kernel2_x_79	advec_mom_kernel2_x
295	0.000497885	472842752	ops_par_loop_advec_cell_kernel2_ydir_80	advec_cell_kernel2_ydir
296	0.000789789	708203544	ops_par_loop_advec_cell_kernel3_ydir_81	advec_cell_kernel3_ydir
297	0.001473088	1533542400	ops_par_loop_advec_cell_kernel4_ydir_82	advec_cell_kernel4_ydir
298	0.000022363	553536	ops_par_loop_group_58	update_halo_kernel1_b2+update_halo_kernel4_minus_4_a
299	0.000020750	553536	ops_par_loop_group_59	update_halo_kernel1_b1+update_halo_kernel4_minus_2_a
300	0.000021571	369120	ops_par_loop_group_60	update_halo_kernel2_xvel_plus_4_a+update_halo_kernel2_yvel_minus_4_a+update_halo_kernel3_plus_4_a
301	0.000020208	369120	ops_par_loop_group_61	update_halo_kernel2_xvel_plus_2_a+update_halo_kernel2_yvel_minus_2_a+update_halo_kernel3_plus_2_a
302	0.000018815	246080	ops_par_loop_group_62	update_halo_kernel2_xvel_plus_4_b+update_halo_kernel2_yvel_minus_4_b
303	0.000020760	369120	ops_par_loop_group_63	update_halo_kernel2_xvel_plus_2_b+update_halo_kernel2_yvel_minus_2_b+update_halo_kernel3_plus_4_b
304	0.000021140	246080	ops_par_loop_group_64	update_halo_kernel2_xvel_minus_4_b+update_halo_kernel2_yvel_plus_4_b
305	0.000018525	123040	ops_par_loop_update_halo_kernel3_plus_2_b_110	update_halo_kernel3_plus_2_b
306	0.000019066	123008	ops_par_loop_update_halo_kernel3_minus_4_b_113	update_halo_kernel3_minus_4_b
307	0.000018455	123008	ops_par_loop_update_halo_kernel4_minus_4_b_117	update_halo_kernel4_minus_4_b
308	0.000020809	553536	ops_par_loop_group_68	update_halo_kernel1_t2+update_halo_kernel4_minus_2_b
309	0.000020890	430528	ops_par_loop_update_halo_kernel1_t1_86	update_halo_kernel1_t1
310	0.000026270	553536	ops_par_loop_group_70	update_halo_kernel1_l2+update_halo_kernel3_minus_4_a
311	0.000023594	553536	ops_par_loop_group_71	update_halo_kernel1_l1+update_halo_kernel3_minus_2_a
312	0.000024657	553536	ops_par_loop_group_72	update_halo_kernel1_r2+update_halo_kernel3_minus_2_b
313	0.000021231	430528	ops_par_loop_update_halo_kernel1_r1_90	update_halo_kernel1_r1
314	0.000023555	369120	ops_par_loop_group_74	update_halo_kernel2_xvel_minus_4_a+update_halo_kernel2_yvel_plus_4_a+update_halo_kernel4_plus_4_a
315	0.000021170	369120	ops_par_loop_group_75	update_halo_kernel2_xvel_minus_2_a+update_halo_kernel2_yvel_plus_2_a+update_halo_kernel4_plus_2_a
316	0.000022102	369120	ops_par_loop_group_76	update_halo_kernel2_xvel_minus_2_b+update_halo_kernel2_yvel_plus_2_b+update_halo_kernel4_plus_4_b
317	0.000018515	123040	ops_par_loop_update_halo_kernel4_plus_2_b_122	update_halo_kernel4_plus_2_b
318	0.000490001	472842752	ops_par_loop_advec_mom_kernel_y2_123	advec_mom_kernel_y2
319	0.000192024	236236864	ops_par_loop_advec_mom_kernel_mass_flux_y_124	advec_mom_kernel_mass_flux_y
320	0.000531089	590438520	ops_par_loop_advec_mom_kernel_post_pre_advec_y_125	advec_mom_kernel_post_pre_advec_y
321	0.000879100	472258640	ops_par_loop_advec_mom_kernel1_y_nonvector_126	advec_mom_kernel1_y_nonvector
322	0.000447580	590131240	ops_par_loop_advec_mom_kernel2_y_127	advec_mom_kernel2_y
323	0.000491062	472842752	ops_par_loop_advec_mom_kernel_y2_128	advec_mom_kernel_y2
324	0.000192245	236236864	ops_par_loop_advec_mom_kernel_mass_flux_y_129	advec_mom_kernel_mass_flux_y
325	0.000533914	590438520	ops_par_loop_advec_mom_kernel_post_pre_advec_y_130	advec_mom_kernel_post_pre_advec_y
326	0.000878789	472258640	ops_par_loop_advec_mom_kernel1_y_nonvector_131	advec_mom_kernel1_y_nonvector
327	0.000434245	471859200	ops_par_loop_reset_field_kernel1_133	reset_field_kernel1
328	0.001437200	1534095432	ops_par_loop_group_88	advec_mom_kernel2_y+reset_field_kernel2+ideal_gas_kernel
329	0.000021942	430304	ops_par_loop_update_halo_kernel1_b1_136	update_halo_kernel1_b1
330	0.000019868	430304	ops_par_loop_update_halo_kernel1_t1_137	update_halo_kernel1_t1
331	0.000024606	430304	ops_par_loop_update_halo_kernel1_l1_138	update_halo_kernel1_l1
332	0.000025177	430304	ops_par_loop_update_halo_kernel1_r1_139	update_halo_kernel1_r1
333	0.000019387	245952	ops_par_loop_group_93	update_halo_kernel2_xvel_plus_2_a+update_halo_kernel2_yvel_minus_2_a
334	0.000018846	245952	ops_par_loop_group_94	update_halo_kernel2_xvel_plus_2_b+update_halo_kernel2_yvel_minus_2_b
335	0.000020820	245952	ops_par_loop_group_95	update_halo_kernel2_xvel_minus_2_a+update_halo_kernel2_yvel_plus_2_a
336	0.000020539	245952	ops_par_loop_group_96	update_halo_kernel2_xvel_minus_2_b+update_halo_kernel2_yvel_plus_2_b
337	0.001738181	589885440	ops_par_loop_viscosity_kernel_148	viscosity_kernel
338	0.000021641	430304	ops_par_loop_update_halo_kernel1_b1_149	update_halo_kernel1_b1
339	0.000019878	430304	ops_par_loop_update_halo_kernel1_t1_150	update_halo_kernel1_t1
340	0.000023284	430304	ops_par_loop_update_halo_kernel1_l1_151	update_halo_kernel1_l1
341	0.000023374	430304	ops_par_loop_update_halo_kernel1_r1_152	update_halo_kernel1_r1
342	0.000918314	1061744640	ops_par_loop_calc_dt_kernel_153	calc_dt_kernel
343	0.001489067	1887436800	ops_par_loop_group_0	PdV_kernel_predict+ideal_gas_kernel
344	0.000022904	430304	ops_par_loop_update_halo_kernel1_b1_2	update_halo_kernel1_b1
345	0.000021401	430304	ops_par_loop_update_halo_kernel1_t1_3	update_halo_kernel1_t1
346	0.000024586	430304	ops_par_loop_update_halo_kernel1_l1_4	update_halo_kernel1_l1
347	0.000024597	430304	ops_par_loop_update_halo_kernel1_r1_5	update_halo_kernel1_r1
348	0.001095570	1298288728	ops_par_loop_accelerate_kernel_7	accelerate_kernel
349	0.001354482	2123366400	ops_par_loop_group_6	revert_kernel+PdV_kernel_nopredict
350	0.000360966	471982080	ops_par_loop_flux_calc_kernelx_9	flux_calc_kernelx
351	0.000361075	471982080	ops_par_loop_flux_calc_kernely_10	flux_calc_kernely
352	0.000021301	553536	ops_par_loop_group_9	update_halo_kernel1_b2+update_halo_kernel4_minus_4_a
353	0.000021421	553536	ops_par_loop_group_10	update_halo_kernel1_b1+update_halo_kernel4_minus_2_a
354	0.000021851	369120	ops_par_loop_group_11	update_halo_kernel3_plus_4_a+update_halo_kernel2_xvel_plus_4_a+update_halo_kernel2_yvel_minus_4_a
355	0.000020640	369120	ops_par_loop_group_12	update_halo_kernel3_plus_2_a+update_halo_kernel2_xvel_plus_2_a+update_halo_kernel2_yvel_minus_2_a
356	0.000017944	123008	ops_par_loop_update_halo_kernel4_minus_4_b_29	update_halo_kernel4_minus_4_b
357	0.000021711	553536	ops_par_loop_group_14	update_halo_kernel1_t2+update_halo_kernel4_minus_2_b
358	0.000019968	430528	ops_par_loop_update_halo_kernel1_t1_14	update_halo_kernel1_t1
359	0.000020279	246080	ops_par_loop_group_16	update_halo_kernel2_xvel_plus_4_b+update_halo_kernel2_yvel_minus_4_b
360	0.000020259	369120	ops_par_loop_group_17	update_halo_kernel3_plus_4_b+update_halo_kernel2_xvel_plus_2_b+update_halo_kernel2_yvel_minus_2_b
361	0.000017984	123040	ops_par_loop_update_halo_kernel3_plus_2_b_22	update_halo_kernel3_plus_2_b
362	0.000025809	553536	ops_par_loop_group_19	update_halo_kernel1_l2+update_halo_kernel3_minus_4_a
363	0.000022743	553536	ops_par_loop_group_20	update_halo_kernel1_l1+update_halo_kernel3_minus_2_a
364	0.000018696	123008	ops_par_loop_update_halo_kernel3_minus_4_b_25	update_halo_kernel3_minus_4_b
365	0.000023845	553536	ops_par_loop_group_22	update_halo_kernel1_r2+update_halo_kernel3_minus_2_b
366	0.000020839	430528	ops_par_loop_update_halo_kernel1_r1_18	update_halo_kernel1_r1
367	0.000022683	369120	ops_par_loop_group_24	update_halo_kernel4_plus_4_a+update_halo_kernel2_xvel_minus_4_a+update_halo_kernel2_yvel_plus_4_a
368	0.000020870	369120	ops_par_loop_group_25	update_halo_kernel4_plus_2_a+update_halo_kernel2_xvel_minus_2_a+update_halo_kernel2_yvel_plus_2_a
369	0.000020289	246080	ops_par_loop_group_26	update_halo_kernel2_xvel_minus_4_b+update_halo_kernel2_yvel_plus_4_b
370	0.000021992	369120	ops_par_loop_group_27	update_halo_kernel4_plus_4_b+update_halo_kernel2_xvel_minus_2_b+update_halo_kernel2_yvel_plus_2_b
371	0.000018615	123040	ops_par_loop_update_halo_kernel4_plus_2_b_34	update_halo_kernel4_plus_2_b
372	0.000565444	591053440	ops_par_loop_advec_cell_kernel1_ydir_35	advec_cell_kernel1_ydir
373	0.000789229	708203544	ops_par_loop_advec_cell_kernel3_ydir_36	advec_cell_kernel3_ydir
374	0.001478107	1533542400	ops_par_loop_advec_cell_kernel4_ydir_37	advec_cell_kernel4_ydir
375	0.000021892	553536	ops_par_loop_group_32	update_halo_kernel1_b2+update_halo_kernel4_minus_4_a
376	0.000020659	553536	ops_par_loop_group_33	update_halo_kernel1_b1+update_halo_kernel4_minus_2_a
377	0.000018074	123008	ops_par_loop_update_halo_kernel4_minus_4_b_64	update_halo_kernel4_minus_4_b
378	0.000020860	553536	ops_par_loop_group_35	update_halo_kernel1_t2+update_halo_kernel4_minus_2_b
379	0.000020278	430528	ops_par_loop_update_halo_kernel1_t1_41	update_halo_kernel1_t1
380	0.000032321	430528	ops_par_loop_update_halo_kernel1_l2_42	update_halo_kernel1_l2
381	0.000021450	430528	ops_par_loop_update_halo_kernel1_l1_43	update_halo_kernel1_l1
382	0.000022262	430528	ops_par_loop_update_halo_kernel1_r2_44	update_halo_kernel1_r2
383	0.000020940	430528	ops_par_loop_update_halo_kernel1_r1_45	update_halo_kernel1_r1
384	0.000019367	123040	ops_par_loop_update_halo_kernel4_plus_4_a_66	update_halo_kernel4_plus_4_a
385	0.000017593	123040	ops_par_loop_update_halo_kernel4_plus_2_a_67	update_halo_kernel4_plus_2_a
386	0.000018706	123040	ops_par_loop_update_halo_kernel4_plus_4_b_68	update_halo_kernel4_plus_4_b
387	0.000018094	123040	ops_par_loop_update_halo_kernel4_plus_2_b_69	update_halo_kernel4_plus_2_b
388	0.000563230	591053440	ops_par_loop_advec_mom_kernel_y1_70	advec_mom_kernel_y1
389	0.000190972	236236864	ops_par_loop_advec_mom_kernel_mass_flux_y_71	advec_mom_kernel_mass_flux_y
390	0.000531950	590438520	ops_par_loop_advec_mom_kernel_post_pre_advec_y_72	advec_mom_kernel_post_pre_advec_y
391	0.000878889	472258640	ops_par_loop_advec_mom_kernel1_y_nonvector_73	advec_mom_kernel1_y_nonvector
392	0.000445126	590131240	ops_par_loop_advec_mom_kernel2_y_74	advec_mom_kernel2_y
393	0.000563420	591053440	ops_par_loop_advec_mom_kernel_y1_75	advec_mom_kernel_y1
394	0.000191343	236236864	ops_par_loop_advec_mom_kernel_mass_flux_y_76	advec_mom_kernel_mass_flux_y
395	0.000528744	590438520	ops_par_loop_advec_mom_kernel_post_pre_advec_y_77	advec_mom_kernel_post_pre_advec_y
396	0.000878629	472258640	ops_par_loop_advec_mom_kernel1_y_nonvector_78	advec_mom_kernel1_y_nonvector
397	0.000448512	590131240	ops_par_loop_advec_mom_kernel2_y_79	advec_mom_kernel2_y
398	0.000491524	472842752	ops_par_loop_advec_cell_kernel2_xdir_80	advec_cell_kernel2_xdir
399	0.000777186	708203544	ops_par_loop_advec_cell_kernel3_xdir_81	advec_cell_kernel3_xdir
400	0.001465253	1533542400	ops_par_loop_advec_cell_kernel4_xdir_82	advec_cell_kernel4_xdir
401	0.000022332	553536	ops_par_loop_group_58	update_halo_kernel1_b2+update_halo_kernel4_minus_4_a
402	0.000020719	553536	ops_par_loop_group_59	update_halo_kernel1_b1+update_halo_kernel4_minus_2_a
403	0.000021361	369120	ops_par_loop_group_60	update_halo_kernel2_xvel_plus_4_a+update_halo_kernel2_yvel_minus_4_a+update_halo_kernel3_plus_4_a
404	0.000021651	369120	ops_par_loop_group_61	update_halo_kernel2_xvel_plus_2_a+update_halo_kernel2_yvel_minus_2_a+update_halo_kernel3_plus_2_a
405	0.000019868	246080	ops_par_loop_group_62	update_halo_kernel2_xvel_plus_4_b+update_halo_kernel2_yvel_minus_4_b
406	0.000020088	369120	ops_par_loop_group_63	update_halo_kernel2_xvel_plus_2_b+update_halo_kernel2_yvel_minus_2_b+update_halo_kernel3_plus_4_b
407	0.000021411	246080	ops_par_loop_group_64	update_halo_kernel2_xvel_minus_4_b+update_halo_kernel2_yvel_plus_4_b
408	0.000019146	123040	ops_par_loop_update_halo_kernel3_plus_2_b_110	update_halo_kernel3_plus_2_b
409	0.000019026	123008	ops_par_loop_update_halo_kernel3_minus_4_b_113	update_halo_kernel3_minus_4_b
410	0.000018124	123008	ops_par_loop_update_halo_kernel4_minus_4_b_117	update_halo_kernel4_minus_4_b
411	0.000021882	553536	ops_par_loop_group_68	update_halo_kernel1_t2+update_halo_kernel4_minus_2_b
412	0.000020018	430528	ops_par_loop_update_halo_kernel1_t1_86	update_halo_kernel1_t1
413	0.000026971	553536	ops_par_loop_group_70	update_halo_kernel1_l2+update_halo_kernel3_minus_4_a
414	0.000023875	553536	ops_par_loop_group_71	update_halo_kernel1_l1+update_halo_kernel3_minus_2_a
415	0.000025118	553536	ops_par_loop_group_72	update_halo_kernel1_r2+update_halo_kernel3_minus_2_b
416	0.000021651	430528	ops_par_loop_update_halo_kernel1_r1_90	update_halo_kernel1_r1
417	0.000024066	369120	ops_par_loop_group_74	update_halo_kernel2_xvel_minus_4_a+update_halo_kernel2_yvel_plus_4_a+update_halo_kernel4_plus_4_a
418	0.000021721	369120	ops_par_loop_group_75	update_halo_kernel2_xvel_minus_2_a+update_halo_kernel2_yvel_plus_2_a+update_halo_kernel4_plus_2_a
419	0.000021951	369120	ops_par_loop_group_76	update_halo_kernel2_xvel_minus_2_b+update_halo_kernel2_yvel_plus_2_b+update_halo_kernel4_plus_4_b
420	0.000018104	123040	ops_par_loop_update_halo_kernel4_plus_2_b_122	update_halo_kernel4_plus_2_b
421	0.000497645	472842752	ops_par_loop_advec_mom_kernel_x2_123	advec_mom_kernel_x2
422	0.000194850	236236864	ops_par_loop_advec_mom_kernel_mass_flux_x_124	advec_mom_kernel_mass_flux_x
423	0.000575553	590438520	ops_par_loop_advec_mom_kernel_post_pre_advec_x_125	advec_mom_kernel_post_pre_advec_x
424	0.000883628	472258640	ops_par_loop_advec_mom_kernel1_x_nonvector_126	advec_mom_kernel1_x_nonvector
425	0.000448522	590131240	ops_par_loop_advec_mom_kernel2_x_127	advec_mom_kernel2_x
426	0.000498637	472842752	ops_par_loop_advec_mom_kernel_x2_128	advec_mom_kernel_x2
427	0.000198557	236236864	ops_par_loop_advec_mom_kernel_mass_flux_x_129	advec_mom_kernel_mass_flux_x
428	0.000573749	590438520	ops_par_loop_advec_mom_kernel_post_pre_advec_x_130	advec_mom_kernel_post_pre_advec_x
429	0.000883969	472258640	ops_par_loop_advec_mom_kernel1_x_nonvector_131	advec_mom_kernel1_x_nonvector
430	0.000435176	471859200	ops_par_loop_reset_field_kernel1_133	reset_field_kernel1
431	0.001439042	1534095432	ops_par_loop_group_88	advec_mom_kernel2_x+reset_field_kernel2+ideal_gas_kernel
432	0.000021571	430304	ops_par_loop_update_halo_kernel1_b1_136	update_halo_kernel1_b1
433	0.000020268	430304	ops_par_loop_update_halo_kernel1_t1_137	update_halo_kernel1_t1
434	0.000023395	430304	ops_par_loop_update_halo_kernel1_l1_138	update_halo_kernel1_l1
435	0.000023876	430304	ops_par_loop_update_halo_kernel1_r1_139	update_halo_kernel1_r1
436	0.000019597	245952	ops_par_loop_group_93	update_halo_kernel2_xvel_plus_2_a+update_halo_kernel2_yvel_minus_2_a
437	0.000018745	245952	ops_par_loop_group_94	update_halo_kernel2_xvel_plus_2_b+update_halo_kernel2_yvel_minus_2_b
438	0.000020870	245952	ops_par_loop_group_95	update_halo_kernel2_xvel_minus_2_a+update_halo_kernel2_yvel_plus_2_a
439	0.000021561	245952	ops_par_loop_group_96	update_halo_kernel2_xvel_minus_2_b+update_halo_kernel2_yvel_plus_2_b
440	0.001737931	589885440	ops_par_loop_viscosity_kernel_148	viscosity_kernel
441	0.000022152	430304	ops_par_loop_update_halo_kernel1_b1_149	update_halo_kernel1_b1
442	0.000020279	430304	ops_par_loop_update_halo_kernel1_t1_150	update_halo_kernel1_t1
443	0.000023365	430304	ops_par_loop_update_halo_kernel1_l1_151	update_halo_kernel1_l1
444	0.000023795	430304	ops_par_loop_update_halo_kernel1_r1_152	update_halo_kernel1_r1
445	0.000918444	1061744640	ops_par_loop_calc_dt_kernel_153	calc_dt_kernel
446	0.001481954	1887436800	ops_par_loop_group_0	PdV_kernel_predict+ideal_gas_kernel
447	0.000022483	430304	ops_par_loop_update_halo_kernel1_b1_2	update_halo_kernel1_b1
448	0.000020068	430304	ops_par_loop_update_halo_kernel1_t1_3	update_halo_kernel1_t1
449	0.000023274	430304	ops_par_loop_update_halo_kernel1_l1_4	update_halo_kernel1_l1
450	0.000023284	430304	ops_par_loop_update_halo_kernel1_r1_5	update_halo_kernel1_r1
451	0.001097544	1298288728	ops_par_loop_accelerate_kernel_7	accelerate_kernel
452	0.001356536	2123366400	ops_par_loop_group_6	revert_kernel+PdV_kernel_nopredict
453	0.000360565	471982080	ops_par_loop_flux_calc_kernelx_9	flux_calc_kernelx
454	0.000358781	471982080	ops_par_loop_flux_calc_kernely_10	flux_calc_kernely
455	0.000023154	553536	ops_par_loop_group_9	update_halo_kernel1_b2+update_halo_kernel4_minus_4_a
456	0.000022132	553536	ops_par_loop_group_10	update_halo_kernel1_b1+update_halo_kernel4_minus_2_a
457	0.000023354	369120	ops_par_loop_group_11	update_halo_kernel3_plus_4_a+update_halo_kernel2_xvel_plus_4_a+update_halo_kernel2_yvel_minus_4_a
458	0.000020529	369120	ops_par_loop_group_12	update_halo_kernel3_plus_2_a+update_halo_kernel2_xvel_plus_2_a+update_halo_kernel2_yvel_minus_2_a
459	0.000019668	123008	ops_par_loop_update_halo_kernel4_minus_4_b_29	update_halo_kernel4_minus_4_b
460	0.000024016	553536	ops_par_loop_group_14	update_halo_kernel1_t2+update_halo_kernel4_minus_2_b
461	0.000023245	430528	ops_par_loop_update_halo_kernel1_t1_14	update_halo_kernel1_t1
462	0.000022883	246080	ops_par_loop_group_16	update_halo_kernel2_xvel_plus_4_b+update_halo_kernel2_yvel_minus_4_b
463	0.000023294	369120	ops_par_loop_group_17	update_halo_kernel3_plus_4_b+update_halo_kernel2_xvel_plus_2_b+update_halo_kernel2_yvel_minus_2_b
464	0.000020059	123040	ops_par_loop_update_halo_kernel3_plus_2_b_22	update_halo_kernel3_plus_2_b
465	0.000029356	553536	ops_par_loop_group_19	update_halo_kernel1_l2+update_halo_kernel3_minus_4_a
466	0.000026140	553536	ops_par_loop_group_20	update_halo_kernel1_l1+update_halo_kernel3_minus_2_a
467	0.000019858	123008	ops_par_loop_update_halo_kernel3_minus_4_b_25	update_halo_kernel3_minus_4_b
468	0.000026210	553536	ops_par_loop_group_22	update_halo_kernel1_r2+update_halo_kernel3_minus_2_b
469	0.000023504	430528	ops_par_loop_update_halo_kernel1_r1_18	update_halo_kernel1_r1
470	0.000024436	369120	ops_par_loop_group_24	update_halo_kernel4_plus_4_a+update_halo_kernel2_xvel_minus_4_a+update_halo_kernel2_yvel_plus_4_a
471	0.000023254	369120	ops_par_loop_group_25	update_halo_kernel4_plus_2_a+update_halo_kernel2_xvel_minus_2_a+update_halo_kernel2_yvel_plus_2_a
472	0.000021822	246080	ops_par_loop_group_26	update_halo_kernel2_xvel_minus_4_b+update_halo_kernel2_yvel_plus_4_b
473	0.000024517	369120	ops_par_loop_group_27	update_halo_kernel4_plus_4_b+update_halo_kernel2_xvel_minus_2_b+update_halo_kernel2_yvel_plus_2_b
474	0.000019697	123040	ops_par_loop_update_halo_kernel4_plus_2_b_34	update_halo_kernel4_plus_2_b
475	0.000562788	591053440	ops_par_loop_advec_cell_kernel1_xdir_35	advec_cell_kernel1_xdir
476	0.000773850	708203544	ops_par_loop_advec_cell_kernel3_xdir_36	advec_cell_kernel3_xdir
477	0.001460123	1533542400	ops_par_loop_advec_cell_kernel4_xdir_37	advec_cell_kernel4_xdir
478	0.000022012	430528	ops_par_loop_update_halo_kernel1_b2_38	update_halo_kernel1_b2
479	0.000020789	430528	ops_par_loop_update_halo_kernel1_b1_39	update_halo_kernel1_b1
480	0.000020138	430528	ops_par_loop_update_halo_kernel1_t2_40	update_halo_kernel1_t2
481	0.000020088	430528	ops_par_loop_update_halo_kernel1_t1_41	update_halo_kernel1_t1
482	0.000018806	123040	ops_par_loop_update_halo_kernel3_plus_4_a_62	update_halo_kernel3_plus_4_a
483	0.000017904	123040	ops_par_loop_update_halo_kernel3_plus_2_a_63	update_halo_kernel3_plus_2_a
484	0.000018335	123040	ops_par_loop_update_halo_kernel3_plus_4_b_64	update_halo_kernel3_plus_4_b
485	0.000018485	123040	ops_par_loop_update_halo_kernel3_plus_2_b_65	update_halo_kernel3_plus_2_b
486	0.000027592	553536	ops_par_loop_group_40	update_halo_kernel1_l2+update_halo_kernel3_minus_4_a
487	0.000023645	553536	ops_par_loop_group_41	update_halo_kernel1_l1+update_halo_kernel3_minus_2_a
488	0.000018715	123008	ops_par_loop_update_halo_kernel3_minus_4_b_68	update_halo_kernel3_minus_4_b
489	0.000024737	553536	ops_par_loop_group_43	update_halo_kernel1_r2+update_halo_kernel3_minus_2_b
490	0.000148391	430528	ops_par_loop_update_halo_kernel1_r1_45	update_halo_kernel1_r1
491	0.000561557	591053440	ops_par_loop_advec_mom_kernel_x1_70	advec_mom_kernel_x1
492	0.000194389	236236864	ops_par_loop_advec_mom_kernel_mass_flux_x_71	advec_mom_kernel_mass_flux_x
493	0.000574010	590438520	ops_par_loop_advec_mom_kernel_post_pre_advec_x_72	advec_mom_kernel_post_pre_advec_x
494	0.000882947	472258640	ops_par_loop_advec_mom_kernel1_x_nonvector_73	advec_mom_kernel1_x_nonvector
495	0.000445917	590131240	ops_par_loop_advec_mom_kernel2_x_74	advec_mom_kernel2_x
496	0.000561978	591053440	ops_par_loop_advec_mom_kernel_x1_75	advec_mom_kernel_x1
497	0.000193777	236236864	ops_par_loop_advec_mom_kernel_mass_flux_x_76	advec_mom_kernel_mass_flux_x
498	0.000573289	590438520	ops_par_loop_advec_mom_kernel_post_pre_advec_x_77	advec_mom_kernel_post_pre_advec_x
499	0.000883638	472258640	ops_par_loop_advec_mom_kernel1_x_nonvector_78	advec_mom_kernel1_x_nonvector
500	0.000444504	590131240	ops_par_loop_advec_mom_kernel2_x_79	advec_mom_kernel2_x
501	0.000498176	472842752	ops_par_loop_advec_cell_kernel2_ydir_80	advec_cell_kernel2_ydir
502	0.000789769	708203544	ops_par_loop_advec_cell_kernel3_ydir_81	advec_cell_kernel3_ydir
503	0.001473558	1533542400	ops_par_loop_advec_cell_kernel4_ydir_82	advec_cell_kernel4_ydir
504	0.000022392	553536	ops_par_loop_group_58	update_halo_kernel1_b2+update_halo_kernel4_minus_4_a
505	0.000020228	553536	ops_par_loop_group_59	update_halo_kernel1_b1+update_halo_kernel4_minus_2_a
506	0.000020940	369120	ops_par_loop_group_60	update_halo_kernel2_xvel_plus_4_a+update_halo_kernel2_yvel_minus_4_a+update_halo_kernel3_plus_4_a
507	0.000021221	369120	ops_par_loop_group_61	update_halo_kernel2_xvel_plus_2_a+update_halo_kernel2_yvel_minus_2_a+update_halo_kernel3_plus_2_a
508	0.000019357	246080	ops_par_loop_group_62	update_halo_kernel2_xvel_plus_4_b+update_halo_kernel2_yvel_minus_4_b
509	0.000020038	369120	ops_par_loop_group_63	update_halo_kernel2_xvel_plus_2_b+update_halo_kernel2_yvel_minus_2_b+update_halo_kernel3_plus_4_b
510	0.000022583	246080	ops_par_loop_group_64	update_halo_kernel2_xvel_minus_4_b+update_halo_kernel2_yvel_plus_4_b
511	0.000019517	123040	ops_par_loop_update_halo_kernel3_plus_2_b_110	update_halo_kernel3_plus_2_b
512	0.000018946	123008	ops_par_loop_update_halo_kernel3_minus_4_b_113	update_halo_kernel3_minus_4_b
513	0.000018055	123008	ops_par_loop_update_halo_kernel4_minus_4_b_117	update_halo_kernel4_minus_4_b
514	0.000020529	553536	ops_par_loop_group_68	update_halo_kernel1_t2+update_halo_kernel4_minus_2_b
515	0.000020849	430528	ops_par_loop_update_halo_kernel1_t1_86	update_halo_kernel1_t1
516	0.000026029	553536	ops_par_loop_group_70	update_halo_kernel1_l2+update_halo_kernel3_minus_4_a
517	0.000023014	553536	ops_par_loop_group_71	update_halo_kernel1_l1+update_halo_kernel3_minus_2_a
518	0.000024417	553536	ops_par_loop_group_72	update_halo_kernel1_r2+update_halo_kernel3_minus_2_b
519	0.000020950	430528	ops_par_loop_update_halo_kernel1_r1_90	update_halo_kernel1_r1
520	0.000022673	369120	ops_par_loop_group_74	update_halo_kernel2_xvel_minus_4_a+update_halo_kernel2_yvel_plus_4_a+update_halo_kernel4_plus_4_a
521	0.000020870	369120	ops_par_loop_group_75	update_halo_kernel2_xvel_minus_2_a+update_halo_kernel2_yvel_plus_2_a+update_halo_kernel4_plus_2_a
522	0.000022463	369120	ops_par_loop_group_76	update_halo_kernel2_xvel_minus_2_b+update_halo_kernel2_yvel_plus_2_b+update_halo_kernel4_plus_4_b
523	0.000018214	123040	ops_par_loop_update_halo_kernel4_plus_2_b_122	update_halo_kernel4_plus_2_b
524	0.000489480	472842752	ops_par_loop_advec_mom_kernel_y2_123	advec_mom_kernel_y2
525	0.000191934	236236864	ops_par_loop_advec_mom_kernel_mass_flux_y_124	advec_mom_kernel_mass_flux_y
526	0.000532290	590438520	ops_par_loop_advec_mom_kernel_post_pre_advec_y_125	advec_mom_kernel_post_pre_advec_y
527	0.000878348	472258640	ops_par_loop_advec_mom_kernel1_y_nonvector_126	advec_mom_kernel1_y_nonvector
528	0.000444043	590131240	ops_par_loop_advec_mom_kernel2_y_127	advec_mom_kernel2_y
529	0.000489189	472842752	ops_par_loop_advec_mom_kernel_y2_128	advec_mom_kernel_y2
530	0.000191243	236236864	ops_par_loop_advec_mom_kernel_mass_flux_y_129	advec_mom_kernel_mass_flux_y
531	0.000531128	590438520	ops_par_loop_advec_mom_kernel_post_pre_advec_y_130	advec_mom_kernel_post_pre_advec_y
532	0.000878558	472258640	ops_par_loop_advec_mom_kernel1_y_nonvector_131	advec_mom_kernel1_y_nonvector
533	0.000435968	471859200	ops_par_loop_reset_field_kernel1_133	reset_field_kernel1
534	0.001438843	1534095432	ops_par_loop_group_88	advec_mom_kernel2_y+reset_field_kernel2+ideal_gas_kernel
535	0.000021160	430304	ops_par_loop_update_halo_kernel1_b1_136	update_halo_kernel1_b1
536	0.000020199	430304	ops_par_loop_update_halo_kernel1_t1_137	update_halo_kernel1_t1
537	0.000023986	430304	ops_par_loop_update_halo_kernel1_l1_138	update_halo_kernel1_l1
538	0.000023705	430304	ops_par_loop_update_halo_kernel1_r1_139	update_halo_kernel1_r1
539	0.000019818	245952	ops_par_loop_group_93	update_halo_kernel2_xvel_plus_2_a+update_halo_kernel2_yvel_minus_2_a
540	0.000019357	245952	ops_par_loop_group_94	update_halo_kernel2_xvel_plus_2_b+update_halo_kernel2_yvel_minus_2_b
541	0.000020970	245952	ops_par_loop_group_95	update_halo_kernel2_xvel_minus_2_a+update_halo_kernel2_yvel_plus_2_a
542	0.000021380	245952	ops_par_loop_group_96	update_halo_kernel2_xvel_minus_2_b+update_halo_kernel2_yvel_plus_2_b
543	0.001738832	589885440	ops_par_loop_viscosity_kernel_148	viscosity_kernel
544	0.000022011	430304	ops_par_loop_update_halo_kernel1_b1_149	update_halo_kernel1_b1
545	0.000020559	430304	ops_par_loop_update_halo_kernel1_t1_150	update_halo_kernel1_t1
546	0.000023204	430304	ops_par_loop_update_halo_kernel1_l1_151	update_halo_kernel1_l1
547	0.000023244	430304	ops_par_loop_update_halo_kernel1_r1_152	update_halo_kernel1_r1
548	0.000918665	1061744640	ops_par_loop_calc_dt_kernel_153	calc_dt_kernel
549	0.001491001	1887436800	ops_par_loop_group_0	PdV_kernel_predict+ideal_gas_kernel
550	0.000022212	430304	ops_par_loop_update_halo_kernel1_b1_2	update_halo_kernel1_b1
551	0.000020209	430304	ops_par_loop_update_halo_kernel1_t1_3	update_halo_kernel1_t1
552	0.000023635	430304	ops_par_loop_update_halo_kernel1_l1_4	update_halo_kernel1_l1
553	0.000023875	430304	ops_par_loop_update_halo_kernel1_r1_5	update_halo_kernel1_r1
554	0.001096934	1298288728	ops_par_loop_accelerate_kernel_7	accelerate_kernel
555	0.001351517	2123366400	ops_par_loop_group_6	revert_kernel+PdV_kernel_nopredict
556	0.000360645	471982080	ops_par_loop_flux_calc_kernelx_9	flux_calc_kernelx
557	0.000359553	471982080	ops_par_loop_flux_calc_kernely_10	flux_calc_kernely
558	0.000022152	553536	ops_par_loop_group_9	update_halo_kernel1_b2+update_halo_kernel4_minus_4_a
559	0.000021300	553536	ops_par_loop_group_10	update_halo_kernel1_b1+update_halo_kernel4_minus_2_a
560	0.000020940	369120	ops_par_loop_group_11	update_halo_kernel3_plus_4_a+update_halo_kernel2_xvel_plus_4_a+update_halo_kernel2_yvel_minus_4_a
561	0.000019898	369120	ops_par_loop_group_12	update_halo_kernel3_plus_2_a+update_halo_kernel2_xvel_plus_2_a+update_halo_kernel2_yvel_minus_2_a
562	0.000017684	123008	ops_par_loop_update_halo_kernel4_minus_4_b_29	update_halo_kernel4_minus_4_b
563	0.000020859	553536	ops_par_loop_group_14	update_halo_kernel1_t2+update_halo_kernel4_minus_2_b
564	0.000020038	430528	ops_par_loop_update_halo_kernel1_t1_14	update_halo_kernel1_t1
565	0.000019668	246080	ops_par_loop_group_16	update_halo_kernel2_xvel_plus_4_b+update_halo_kernel2_yvel_minus_4_b
566	0.000020519	369120	ops_par_loop_group_17	update_halo_kernel3_plus_4_b+update_halo_kernel2_xvel_plus_2_b+update_halo_kernel2_yvel_minus_2_b
567	0.000018285	123040	ops_par_loop_update_halo_kernel3_plus_2_b_22	update_halo_kernel3_plus_2_b
568	0.000025759	553536	ops_par_loop_group_19	update_halo_kernel1_l2+update_halo_kernel3_minus_4_a
569	0.000022964	553536	ops_par_loop_group_20	update_halo_kernel1_l1+update_halo_kernel3_minus_2_a
570	0.000018435	123008	ops_par_loop_update_halo_kernel3_minus_4_b_25	update_halo_kernel3_minus_4_b
571	0.000023915	553536	ops_par_loop_group_22	update_halo_kernel1_r2+update_halo_kernel3_minus_2_b
572	0.000021080	430528	ops_par_loop_update_halo_kernel1_r1_18	update_halo_kernel1_r1
573	0.000022813	369120	ops_par_loop_group_24	update_halo_kernel4_plus_4_a+update_halo_kernel2_xvel_minus_4_a+update_halo_kernel2_yvel_plus_4_a
574	0.000020950	369120	ops_par_loop_group_25	update_halo_kernel4_plus_2_a+update_halo_kernel2_xvel_minus_2_a+update_halo_kernel2_yvel_plus_2_a
575	0.000020679	246080	ops_par_loop_group_26	update_halo_kernel2_xvel_minus_4_b+update_halo_kernel2_yvel_plus_4_b
576	0.000022122	369120	ops_par_loop_group_27	update_halo_kernel4_plus_4_b+update_halo_kernel2_xvel_minus_2_b+update_halo_kernel2_yvel_plus_2_b
577	0.000018766	123040	ops_par_loop_update_halo_kernel4_plus_2_b_34	update_halo_kernel4_plus_2_b
578	0.000560514	591053440	ops_par_loop_advec_cell_kernel1_ydir_35	advec_cell_kernel1_ydir
579	0.000788788	708203544	ops_par_loop_advec_cell_kernel3_ydir_36	advec_cell_kernel3_ydir
580	0.001518734	1533542400	ops_par_loop_advec_cell_kernel4_ydir_37	advec_cell_kernel4_ydir
581	0.000021390	553536	ops_par_loop_group_32	update_halo_kernel1_b2+update_halo_kernel4_minus_4_a
582	0.000020740	553536	ops_par_loop_group_33	update_halo_kernel1_b1+update_halo_kernel4_minus_2_a
583	0.000018024	123008	ops_par_loop_update_halo_kernel4_minus_4_b_64	update_halo_kernel4_minus_4_b
584	0.000020639	553536	ops_par_loop_group_35	update_halo_kernel1_t2+update_halo_kernel4_minus_2_b
585	0.000020018	430528	ops_par_loop_update_halo_kernel1_t1_41	update_halo_kernel1_t1
586	0.000023685	430528	ops_par_loop_update_halo_kernel1_l2_42	update_halo_kernel1_l2
587	0.000020860	430528	ops_par_loop_update_halo_kernel1_l1_43	update_halo_kernel1_l1
588	0.000022122	430528	ops_par_loop_update_halo_kernel1_r2_44	update_halo_kernel1_r2
589	0.000020078	430528	ops_par_loop_update_halo_kernel1_r1_45	update_halo_kernel1_r1
590	0.000018846	123040	ops_par_loop_update_halo_kernel4_plus_4_a_66	update_halo_kernel4_plus_4_a
591	0.000017914	123040	ops_par_loop_update_halo_kernel4_plus_2_a_67	update_halo_kernel4_plus_2_a
592	0.000018876	123040	ops_par_loop_update_halo_kernel4_plus_4_b_68	update_halo_kernel4_plus_4_b
593	0.000017723	123040	ops_par_loop_update_halo_kernel4_plus_2_b_69	update_halo_kernel4_plus_2_b
594	0.000560604	591053440	ops_par_loop_advec_mom_kernel_y1_70	advec_mom_kernel_y1
595	0.000190642	236236864	ops_par_loop_advec_mom_kernel_mass_flux_y_71	advec_mom_kernel_mass_flux_y
596	0.000533233	590438520	ops_par_loop_advec_mom_kernel_post_pre_advec_y_72	advec_mom_kernel_post_pre_advec_y
597	0.000878990	472258640	ops_par_loop_advec_mom_kernel1_y_nonvector_73	advec_mom_kernel1_y_nonvector
598	0.000446478	590131240	ops_par_loop_advec_mom_kernel2_y_74	advec_mom_kernel2_y
599	0.000560233	591053440	ops_par_loop_advec_mom_kernel_y1_75	advec_mom_kernel_y1
600	0.000191023	236236864	ops_par_loop_advec_mom_kernel_mass_flux_y_76	advec_mom_kernel_mass_flux_y
601	0.000533593	590438520	ops_par_loop_advec_mom_kernel_post_pre_advec_y_77	advec_mom_kernel_post_pre_advec_y
602	0.000877506	472258640	ops_par_loop_advec_mom_kernel1_y_nonvector_78	advec_mom_kernel1_y_nonvector
603	0.000452309	590131240	ops_par_loop_advec_mom_kernel2_y_79	advec_mom_kernel2_y
604	0.000490251	472842752	ops_par_loop_advec_cell_kernel2_xdir_80	advec_cell_kernel2_xdir
605	0.000780553	708203544	ops_par_loop_advec_cell_kernel3_xdir_81	advec_cell_kernel3_xdir
606	0.001459161	1533542400	ops_par_loop_advec_cell_kernel4_xdir_82	advec_cell_kernel4_xdir
607	0.000021962	553536	ops_par_loop_group_58	update_halo_kernel1_b2+update_halo_kernel4_minus_4_a
608	0.000020850	553536	ops_par_loop_group_59	update_halo_kernel1_b1+update_halo_kernel4_minus_2_a
609	0.000020870	369120	ops_par_loop_group_60	update_halo_kernel2_xvel_plus_4_a+update_halo_kernel2_yvel_minus_4_a+update_halo_kernel3_plus_4_a
610	0.000021160	369120	ops_par_loop_group_61	update_halo_kernel2_xvel_plus_2_a+update_halo_kernel2_yvel_minus_2_a+update_halo_kernel3_plus_2_a
611	0.000019868	246080	ops_par_loop_group_62	update_halo_kernel2_xvel_plus_4_b+update_halo_kernel2_yvel_minus_4_b
612	0.000020810	369120	ops_par_loop_group_63	update_halo_kernel2_xvel_plus_2_b+update_halo_kernel2_yvel_minus_2_b+update_halo_kernel3_plus_4_b
613	0.000021491	246080	ops_par_loop_group_64	update_halo_kernel2_xvel_minus_4_b+update_halo_kernel2_yvel_plus_4_b
614	0.000018505	123040	ops_par_loop_update_halo_kernel3_plus_2_b_110	update_halo_kernel3_plus_2_b
615	0.000019176	123008	ops_par_loop_update_halo_kernel3_minus_4_b_113	update_halo_kernel3_minus_4_b
616	0.000017483	123008	ops_par_loop_update_halo_kernel4_minus_4_b_117	update_halo_kernel4_minus_4_b
617	0.000021201	553536	ops_par_loop_group_68	update_halo_kernel1_t2+update_halo_kernel4_minus_2_b
618	0.000019988	430528	ops_par_loop_update_halo_kernel1_t1_86	update_halo_kernel1_t1
619	0.000027993	553536	ops_par_loop_group_70	update_halo_kernel1_l2+update_halo_kernel3_minus_4_a
620	0.000023114	553536	ops_par_loop_group_71	update_halo_kernel1_l1+update_halo_kernel3_minus_2_a
621	0.000026079	553536	ops_par_loop_group_72	update_halo_kernel1_r2+update_halo_kernel3_minus_2_b
622	0.000021080	430528	ops_par_loop_update_halo_kernel1_r1_90	update_halo_kernel1_r1
623	0.000023765	369120	ops_par_loop_group_74	update_halo_kernel2_xvel_minus_4_a+update_halo_kernel2_yvel_plus_4_a+update_halo_kernel4_plus_4_a
624	0.000022653	369120	ops_par_loop_group_75	update_halo_kernel2_xvel_minus_2_a+update_halo_kernel2_yvel_plus_2_a+update_halo_kernel4_plus_2_a
625	0.000022463	369120	ops_par_loop_group_76	update_halo_kernel2_xvel_minus_2_b+update_halo_kernel2_yvel_plus_2_b+update_halo_kernel4_plus_4_b
626	0.000018364	123040	ops_par_loop_update_halo_kernel4_plus_2_b_122	update_halo_kernel4_plus_2_b
627	0.000496643	472842752	ops_par_loop_advec_mom_kernel_x2_123	advec_mom_kernel_x2
628	0.000194640	236236864	ops_par_loop_advec_mom_kernel_mass_flux_x_124	advec_mom_kernel_mass_flux_x
629	0.000573439	590438520	ops_par_loop_advec_mom_kernel_post_pre_advec_x_125	advec_mom_kernel_post_pre_advec_x
630	0.000883918	472258640	ops_par_loop_advec_mom_kernel1_x_nonvector_126	advec_mom_kernel1_x_nonvector
631	0.000453431	590131240	ops_par_loop_advec_mom_kernel2_x_127	advec_mom_kernel2_x
632	0.000496532	472842752	ops_par_loop_advec_mom_kernel_x2_128	advec_mom_kernel_x2
633	0.000193427	236236864	ops_par_loop_advec_mom_kernel_mass_flux_x_129	advec_mom_kernel_mass_flux_x
634	0.000577156	590438520	ops_par_loop_advec_mom_kernel_post_pre_advec_x_130	advec_mom_kernel_post_pre_advec_x
635	0.000883548	472258640	ops_par_loop_advec_mom_kernel1_x_nonvector_131	advec_mom_kernel1_x_nonvector
636	0.000434265	471859200	ops_par_loop_reset_field_kernel1_133	reset_field_kernel1
637	0.001432691	1534095432	ops_par_loop_group_88	advec_mom_kernel2_x+reset_field_kernel2+ideal_gas_kernel
638	0.000021160	430304	ops_par_loop_update_halo_kernel1_b1_136	update_halo_kernel1_b1
639	0.000019647	430304	ops_par_loop_update_halo_kernel1_t1_137	update_halo_kernel1_t1
640	0.000023685	430304	ops_par_loop_update_halo_kernel1_l1_138	update_halo_kernel1_l1
641	0.000023946	430304	ops_par_loop_update_halo_kernel1_r1_139	update_halo_kernel1_r1
642	0.000019898	245952	ops_par_loop_group_93	update_halo_kernel2_xvel_plus_2_a+update_halo_kernel2_yvel_minus_2_a
643	0.000019267	245952	ops_par_loop_group_94	update_halo_kernel2_xvel_plus_2_b+update_halo_kernel2_yvel_minus_2_b
644	0.000020780	245952	ops_par_loop_group_95	update_halo_kernel2_xvel_minus_2_a+update_halo_kernel2_yvel_plus_2_a
645	0.000021491	245952	ops_par_loop_group_96	update_halo_kernel2_xvel_minus_2_b+update_halo_kernel2_yvel_plus_2_b
646	0.001737800	589885440	ops_par_loop_viscosity_kernel_148	viscosity_kernel
647	0.000021541	430304	ops_par_loop_update_halo_kernel1_b1_149	update_halo_kernel1_b1
648	0.000019938	430304	ops_par_loop_update_halo_kernel1_t1_150	update_halo_kernel1_t1
649	0.000023124	430304	ops_par_loop_update_halo_kernel1_l1_151	update_halo_kernel1_l1
650	0.000022323	430304	ops_par_loop_update_halo_kernel1_r1_152	update_halo_kernel1_r1
651	0.000918404	1061744640	ops_par_loop_calc_dt_kernel_153	calc_dt_kernel
652	0.001490039	1887436800	ops_par_loop_group_0	PdV_kernel_predict+ideal_gas_kernel
653	0.000022863	430304	ops_par_loop_update_halo_kernel1_b1_2	update_halo_kernel1_b1
654	0.000020188	430304	ops_par_loop_update_halo_kernel1_t1_3	update_halo_kernel1_t1
655	0.000024637	430304	ops_par_loop_update_halo_kernel1_l1_4	update_halo_kernel1_l1
656	0.000023164	430304	ops_par_loop_update_halo_kernel1_r1_5	update_halo_kernel1_r1
657	0.001098526	1298288728	ops_par_loop_accelerate_kernel_7	accelerate_kernel
658	0.001357658	2123366400	ops_par_loop_group_6	revert_kernel+PdV_kernel_nopredict
659	0.000359713	471982080	ops_par_loop_flux_calc_kernelx_9	flux_calc_kernelx
660	0.000358652	471982080	ops_par_loop_flux_calc_kernely_10	flux_calc_kernely
661	0.000023595	553536	ops_par_loop_group_9	update_halo_kernel1_b2+update_halo_kernel4_minus_4_a
662	0.000021321	553536	ops_par_loop_group_10	update_halo_kernel1_b1+update_halo_kernel4_minus_2_a
663	0.000021150	369120	ops_par_loop_group_11	update_halo_kernel3_plus_4_a+update_halo_kernel2_xvel_plus_4_a+update_halo_kernel2_yvel_minus_4_a
664	0.000020569	369120	ops_par_loop_group_12	update_halo_kernel3_plus_2_a+update_halo_kernel2_xvel_plus_2_a+update_halo_kernel2_yvel_minus_2_a
665	0.000018214	123008	ops_par_loop_update_halo_kernel4_minus_4_b_29	update_halo_kernel4_minus_4_b
666	0.000021100	553536	ops_par_loop_group_14	update_halo_kernel1_t2+update_halo_kernel4_minus_2_b
667	0.000019827	430528	ops_par_loop_update_halo_kernel1_t1_14	update_halo_kernel1_t1
668	0.000019568	246080	ops_par_loop_group_16	update_halo_kernel2_xvel_plus_4_b+update_halo_kernel2_yvel_minus_4_b
669	0.000020278	369120	ops_par_loop_group_17	update_halo_kernel3_plus_4_b+update_halo_kernel2_xvel_plus_2_b+update_halo_kernel2_yvel_minus_2_b
670	0.000018034	123040	ops_par_loop_update_halo_kernel3_plus_2_b_22	update_halo_kernel3_plus_2_b
671	0.000026160	553536	ops_par_loop_group_19	update_halo_kernel1_l2+update_halo_kernel3_minus_4_a
672	0.000022593	553536	ops_par_loop_group_20	update_halo_kernel1_l1+update_halo_kernel3_minus_2_a
673	0.000019237	123008	ops_par_loop_update_halo_kernel3_minus_4_b_25	update_halo_kernel3_minus_4_b
674	0.000024015	553536	ops_par_loop_group_22	update_halo_kernel1_r2+update_halo_kernel3_minus_2_b
675	0.000021611	430528	ops_par_loop_update_halo_kernel1_r1_18	update_halo_kernel1_r1
676	0.000022873	369120	ops_par_loop_group_24	update_halo_kernel4_plus_4_a+update_halo_kernel2_xvel_minus_4_a+update_halo_kernel2_yvel_plus_4_a
677	0.000021350	369120	ops_par_loop_group_25	update_halo_kernel4_plus_2_a+update_halo_kernel2_xvel_minus_2_a+update_halo_kernel2_yvel_plus_2_a
678	0.000020890	246080	ops_par_loop_group_26	update_halo_kernel2_xvel_minus_4_b+update_halo_kernel2_yvel_plus_4_b
679	0.000022472	369120	ops_par_loop_group_27	update_halo_kernel4_plus_4_b+update_halo_kernel2_xvel_minus_2_b+update_halo_kernel2_yvel_plus_2_b
680	0.000018194	123040	ops_par_loop_update_halo_kernel4_plus_2_b_34	update_halo_kernel4_plus_2_b
681	0.000560896	591053440	ops_par_loop_advec_cell_kernel1_xdir_35	advec_cell_kernel1_xdir
682	0.000773338	708203544	ops_par_loop_advec_cell_kernel3_xdir_36	advec_cell_kernel3_xdir
683	0.001461916	1533542400	ops_par_loop_advec_cell_kernel4_xdir_37	advec_cell_kernel4_xdir
684	0.000021400	430528	ops_par_loop_update_halo_kernel1_b2_38	update_halo_kernel1_b2
685	0.000019848	430528	ops_par_loop_update_halo_kernel1_b1_39	update_halo_kernel1_b1
686	0.000019928	430528	ops_par_loop_update_halo_kernel1_t2_40	update_halo_kernel1_t2
687	0.000020790	430528	ops_par_loop_update_halo_kernel1_t1_41	update_halo_kernel1_t1
688	0.000018415	123040	ops_par_loop_update_halo_kernel3_plus_4_a_62	update_halo_kernel3_plus_4_a
689	0.000018455	123040	ops_par_loop_update_halo_kernel3_plus_2_a_63	update_halo_kernel3_plus_2_a
690	0.000018275	123040	ops_par_loop_update_halo_kernel3_plus_4_b_64	update_halo_kernel3_plus_4_b
691	0.000018125	123040	ops_par_loop_update_halo_kernel3_plus_2_b_65	update_halo_kernel3_plus_2_b
692	0.000025869	553536	ops_par_loop_group_40	update_halo_kernel1_l2+update_halo_kernel3_minus_4_a
693	0.000022863	553536	ops_par_loop_group_41	update_halo_kernel1_l1+update_halo_kernel3_minus_2_a
694	0.000018966	123008	ops_par_loop_update_halo_kernel3_minus_4_b_68	update_halo_kernel3_minus_4_b
695	0.000025439	553536	ops_par_loop_group_43	update_halo_kernel1_r2+update_halo_kernel3_minus_2_b
696	0.000020599	430528	ops_par_loop_update_halo_kernel1_r1_45	update_halo_kernel1_r1
697	0.000561837	591053440	ops_par_loop_advec_mom_kernel_x1_70	advec_mom_kernel_x1
698	0.000194830	236236864	ops_par_loop_advec_mom_kernel_mass_flux_x_71	advec_mom_kernel_mass_flux_x
699	0.000574841	590438520	ops_par_loop_advec_mom_kernel_post_pre_advec_x_72	advec_mom_kernel_post_pre_advec_x
700	0.000883598	472258640	ops_par_loop_advec_mom_kernel1_x_nonvector_73	advec_mom_kernel1_x_nonvector
701	0.000449604	590131240	ops_par_loop_advec_mom_kernel2_x_74	advec_mom_kernel2_x
702	0.000561857	591053440	ops_par_loop_advec_mom_kernel_x1_75	advec_mom_kernel_x1
703	0.000194349	236236864	ops_par_loop_advec_mom_kernel_mass_flux_x_76	advec_mom_kernel_mass_flux_x
704	0.000574361	590438520	ops_par_loop_advec_mom_kernel_post_pre_advec_x_77	advec_mom_kernel_post_pre_advec_x
705	0.000883968	472258640	ops_par_loop_advec_mom_kernel1_x_nonvector_78	advec_mom_kernel1_x_nonvector
706	0.000450435	590131240	ops_par_loop_advec_mom_kernel2_x_79	advec_mom_kernel2_x
707	0.000500410	472842752	ops_par_loop_advec_cell_kernel2_ydir_80	advec_cell_kernel2_ydir
708	0.000789820	708203544	ops_par_loop_advec_cell_kernel3_ydir_81	advec_cell_kernel3_ydir
709	0.001471775	1533542400	ops_par_loop_advec_cell_kernel4_ydir_82	advec_cell_kernel4_ydir
710	0.000027934	553536	ops_par_loop_group_58	update_halo_kernel1_b2+update_halo_kernel4_minus_4_a
711	0.000021220	553536	ops_par_loop_group_59	update_halo_kernel1_b1+update_halo_kernel4_minus_2_a
712	0.000021130	369120	ops_par_loop_group_60	update_halo_kernel2_xvel_plus_4_a+update_halo_kernel2_yvel_minus_4_a+update_halo_kernel3_plus_4_a
713	0.000020619	369120	ops_par_loop_group_61	update_halo_kernel2_xvel_plus_2_a+update_halo_kernel2_yvel_minus_2_a+update_halo_kernel3_plus_2_a
714	0.000019397	246080	ops_par_loop_group_62	update_halo_kernel2_xvel_plus_4_b+update_halo_kernel2_yvel_minus_4_b
715	0.000020740	369120	ops_par_loop_group_63	update_halo_kernel2_xvel_plus_2_b+update_halo_kernel2_yvel_minus_2_b+update_halo_kernel3_plus_4_b
716	0.000021701	246080	ops_par_loop_group_64	update_halo_kernel2_xvel_minus_4_b+update_halo_kernel2_yvel_plus_4_b
717	0.000019417	123040	ops_par_loop_update_halo_kernel3_plus_2_b_110	update_halo_kernel3_plus_2_b
718	0.000019347	123008	ops_par_loop_update_halo_kernel3_minus_4_b_113	update_halo_kernel3_minus_4_b
719	0.000017974	123008	ops_par_loop_update_halo_kernel4_minus_4_b_117	update_halo_kernel4_minus_4_b
720	0.000021040	553536	ops_par_loop_group_68	update_halo_kernel1_t2+update_halo_kernel4_minus_2_b
721	0.000020209	430528	ops_par_loop_update_halo_kernel1_t1_86	update_halo_kernel1_t1
722	0.000026590	553536	ops_par_loop_group_70	update_halo_kernel1_l2+update_halo_kernel3_minus_4_a
723	0.000023234	553536	ops_par_loop_group_71	update_halo_kernel1_l1+update_halo_kernel3_minus_2_a
724	0.000024397	553536	ops_par_loop_group_72	update_halo_kernel1_r2+update_halo_kernel3_minus_2_b
725	0.000020790	430528	ops_par_loop_update_halo_kernel1_r1_90	update_halo_kernel1_r1
726	0.000022743	369120	ops_par_loop_group_74	update_halo_kernel2_xvel_minus_4_a+update_halo_kernel2_yvel_plus_4_a+update_halo_kernel4_plus_4_a
727	0.000021291	369120	ops_par_loop_group_75	update_halo_kernel2_xvel_minus_2_a+update_halo_kernel2_yvel_plus_2_a+update_halo_kernel4_plus_2_a
728	0.000021972	369120	ops_par_loop_group_76	update_halo_kernel2_xvel_minus_2_b+update_halo_kernel2_yvel_plus_2_b+update_halo_kernel4_plus_4_b
729	0.000018635	123040	ops_par_loop_update_halo_kernel4_plus_2_b_122	update_halo_kernel4_plus_2_b
730	0.000490731	472842752	ops_par_loop_advec_mom_kernel_y2_123	advec_mom_kernel_y2
731	0.000191925	236236864	ops_par_loop_advec_mom_kernel_mass_flux_y_124	advec_mom_kernel_mass_flux_y
732	0.000531680	590438520	ops_par_loop_advec_mom_kernel_post_pre_advec_y_125	advec_mom_kernel_post_pre_advec_y
733	0.000879059	472258640	ops_par_loop_advec_mom_kernel1_y_nonvector_126	advec_mom_kernel1_y_nonvector
734	0.000450545	590131240	ops_par_loop_advec_mom_kernel2_y_127	advec_mom_kernel2_y
735	0.000491644	472842752	ops_par_loop_advec_mom_kernel_y2_128	advec_mom_kernel_y2
736	0.000191684	236236864	ops_par_loop_advec_mom_kernel_mass_flux_y_129	advec_mom_kernel_mass_flux_y
737	0.000531399	590438520	ops_par_loop_advec_mom_kernel_post_pre_advec_y_130	advec_mom_kernel_post_pre_advec_y
738	0.000878167	472258640	ops_par_loop_advec_mom_kernel1_y_nonvector_131	advec_mom_kernel1_y_nonvector
739	0.000435767	471859200	ops_par_loop_reset_field_kernel1_133	reset_field_kernel1
740	0.001439193	1534095432	ops_par_loop_group_88	advec_mom_kernel2_y+reset_field_kernel2+ideal_gas_kernel
741	0.000021912	430304	ops_par_loop_update_halo_kernel1_b1_136	update_halo_kernel1_b1
742	0.000020850	430304	ops_par_loop_update_halo_kernel1_t1_137	update_halo_kernel1_t1
743	0.000024677	430304	ops_par_loop_update_halo_kernel1_l1_138	update_halo_kernel1_l1
744	0.000024427	430304	ops_par_loop_update_halo_kernel1_r1_139	update_halo_kernel1_r1
745	0.000019948	245952	ops_par_loop_group_93	update_halo_kernel2_xvel_plus_2_a+update_halo_kernel2_yvel_minus_2_a
746	0.000019768	245952	ops_par_loop_group_94	update_halo_kernel2_xvel_plus_2_b+update_halo_kernel2_yvel_minus_2_b
747	0.000021861	245952	ops_par_loop_group_95	update_halo_kernel2_xvel_minus_2_a+update_halo_kernel2_yvel_plus_2_a
748	0.000021691	245952	ops_par_loop_group_96	update_halo_kernel2_xvel_minus_2_b+update_halo_kernel2_yvel_plus_2_b
749	0.001739403	589885440	ops_par_loop_viscosity_kernel_148	viscosity_kernel
750	0.000021922	430304	ops_par_loop_update_halo_kernel1_b1_149	update_halo_kernel1_b1
751	0.000020419	430304	ops_par_loop_update_halo_kernel1_t1_150	update_halo_kernel1_t1
752	0.000023695	430304	ops_par_loop_update_halo_kernel1_l1_151	update_halo_kernel1_l1
753	0.000022964	430304	ops_par_loop_update_halo_kernel1_r1_152	update_halo_kernel1_r1
754	0.000919486	1061744640	ops_par_loop_calc_dt_kernel_153	calc_dt_kernel
755	0.001481684	1887436800	ops_par_loop_group_0	PdV_kernel_predict+ideal_gas_kernel
756	0.000021421	430304	ops_par_loop_update_halo_kernel1_b1_2	update_halo_kernel1_b1
757	0.000020148	430304	ops_par_loop_update_halo_kernel1_t1_3	update_halo_kernel1_t1
758	0.000023625	430304	ops_par_loop_update_halo_kernel1_l1_4	update_halo_kernel1_l1
759	0.000024456	430304	ops_par_loop_update_halo_kernel1_r1_5	update_halo_kernel1_r1
760	0.001095480	1298288728	ops_par_loop_accelerate_kernel_7	accelerate_kernel
761	0.001361115	2123366400	ops_par_loop_group_6	revert_kernel+PdV_kernel_nopredict
762	0.000359232	471982080	ops_par_loop_flux_calc_kernelx_9	flux_calc_kernelx
763	0.000359032	471982080	ops_par_loop_flux_calc_kernely_10	flux_calc_kernely
764	0.000023315	553536	ops_par_loop_group_9	update_halo_kernel1_b2+update_halo_kernel4_minus_4_a
765	0.000021260	553536	ops_par_loop_group_10	update_halo_kernel1_b1+update_halo_kernel4_minus_2_a
766	0.000021380	369120	ops_par_loop_group_11	update_halo_kernel3_plus_4_a+update_halo_kernel2_xvel_plus_4_a+update_halo_kernel2_yvel_minus_4_a
767	0.000021050	369120	ops_par_loop_group_12	update_halo_kernel3_plus_2_a+update_halo_kernel2_xvel_plus_2_a+update_halo_kernel2_yvel_minus_2_a
768	0.000018415	123008	ops_par_loop_update_halo_kernel4_minus_4_b_29	update_halo_kernel4_minus_4_b
769	0.000021210	553536	ops_par_loop_group_14	update_halo_kernel1_t2+update_halo_kernel4_minus_2_b
770	0.000019517	430528	ops_par_loop_update_halo_kernel1_t1_14	update_halo_kernel1_t1
771	0.000019467	246080	ops_par_loop_group_16	update_halo_kernel2_xvel_plus_4_b+update_halo_kernel2_yvel_minus_4_b
772	0.000020559	369120	ops_par_loop_group_17	update_halo_kernel3_plus_4_b+update_halo_kernel2_xvel_plus_2_b+update_halo_kernel2_yvel_minus_2_b
773	0.000018365	123040	ops_par_loop_update_halo_kernel3_plus_2_b_22	update_halo_kernel3_plus_2_b
774	0.000025799	553536	ops_par_loop_group_19	update_halo_kernel1_l2+update_halo_kernel3_minus_4_a
775	0.000023384	553536	ops_par_loop_group_20	update_halo_kernel1_l1+update_halo_kernel3_minus_2_a
776	0.000019357	123008	ops_par_loop_update_halo_kernel3_minus_4_b_25	update_halo_kernel3_minus_4_b
777	0.000023916	553536	ops_par_loop_group_22	update_halo_kernel1_r2+update_halo_kernel3_minus_2_b
778	0.000020699	430528	ops_par_loop_update_halo_kernel1_r1_18	update_halo_kernel1_r1
779	0.000023134	369120	ops_par_loop_group_24	update_halo_kernel4_plus_4_a+update_halo_kernel2_xvel_minus_4_a+update_halo_kernel2_yvel_plus_4_a
780	0.000021220	369120	ops_par_loop_group_25	update_halo_kernel4_plus_2_a+update_halo_kernel2_xvel_minus_2_a+update_halo_kernel2_yvel_plus_2_a
781	0.000020790	246080	ops_par_loop_group_26	update_halo_kernel2_xvel_minus_4_b+update_halo_kernel2_yvel_plus_4_b
782	0.000022203	369120	ops_par_loop_group_27	update_halo_kernel4_plus_4_b+update_halo_kernel2_xvel_minus_2_b+update_halo_kernel2_yvel_plus_2_b
783	0.000019547	123040	ops_par_loop_update_halo_kernel4_plus_2_b_34	update_halo_kernel4_plus_2_b
784	0.000562528	591053440	ops_par_loop_advec_cell_kernel1_ydir_35	advec_cell_kernel1_ydir
785	0.000789109	708203544	ops_par_loop_advec_cell_kernel3_ydir_36	advec_cell_kernel3_ydir
786	0.001472847	1533542400	ops_par_loop_advec_cell_kernel4_ydir_37	advec_cell_kernel4_ydir
787	0.000022563	553536	ops_par_loop_group_32	update_halo_kernel1_b2+update_halo_kernel4_minus_4_a
788	0.000021040	553536	ops_par_loop_group_33	update_halo_kernel1_b1+update_halo_kernel4_minus_2_a
789	0.000018355	123008	ops_par_loop_update_halo_kernel4_minus_4_b_64	update_halo_kernel4_minus_4_b
790	0.000020749	553536	ops_par_loop_group_35	update_halo_kernel1_t2+update_halo_kernel4_minus_2_b
791	0.000020429	430528	ops_par_loop_update_halo_kernel1_t1_41	update_halo_kernel1_t1
792	0.000023334	430528	ops_par_loop_update_halo_kernel1_l2_42	update_halo_kernel1_l2
793	0.000021331	430528	ops_par_loop_update_halo_kernel1_l1_43	update_halo_kernel1_l1
794	0.000023204	430528	ops_par_loop_update_halo_kernel1_r2_44	update_halo_kernel1_r2
795	0.000021180	430528	ops_par_loop_update_halo_kernel1_r1_45	update_halo_kernel1_r1
796	0.000019447	123040	ops_par_loop_update_halo_kernel4_plus_4_a_66	update_halo_kernel4_plus_4_a
797	0.000018495	123040	ops_par_loop_update_halo_kernel4_plus_2_a_67	update_halo_kernel4_plus_2_a
798	0.000019277	123040	ops_par_loop_update_halo_kernel4_plus_4_b_68	update_halo_kernel4_plus_4_b
799	0.000018304	123040	ops_par_loop_update_halo_kernel4_plus_2_b_69	update_halo_kernel4_plus_2_b
800	0.000559843	591053440	ops_par_loop_advec_mom_kernel_y1_70	advec_mom_kernel_y1
801	0.000192215	236236864	ops_par_loop_advec_mom_kernel_mass_flux_y_71	advec_mom_kernel_mass_flux_y
802	0.000532281	590438520	ops_par_loop_advec_mom_kernel_post_pre_advec_y_72	advec_mom_kernel_post_pre_advec_y
803	0.000879100	472258640	ops_par_loop_advec_mom_kernel1_y_nonvector_73	advec_mom_kernel1_y_nonvector
804	0.000451377	590131240	ops_par_loop_advec_mom_kernel2_y_74	advec_mom_kernel2_y
805	0.000564071	591053440	ops_par_loop_advec_mom_kernel_y1_75	advec_mom_kernel_y1
806	0.000192075	236236864	ops_par_loop_advec_mom_kernel_mass_flux_y_76	advec_mom_kernel_mass_flux_y
807	0.000533874	590438520	ops_par_loop_advec_mom_kernel_post_pre_advec_y_77	advec_mom_kernel_post_pre_advec_y
808	0.000877867	472258640	ops_par_loop_advec_mom_kernel1_y_nonvector_78	advec_mom_kernel1_y_nonvector
809	0.000445967	590131240	ops_par_loop_advec_mom_kernel2_y_79	advec_mom_kernel2_y
810	0.000491112	472842752	ops_par_loop_advec_cell_kernel2_xdir_80	advec_cell_kernel2_xdir
811	0.000773699	708203544	ops_par_loop_advec_cell_kernel3_xdir_81	advec_cell_kernel3_xdir
812	0.001456275	1533542400	ops_par_loop_advec_cell_kernel4_xdir_82	advec_cell_kernel4_xdir
813	0.000029516	553536	ops_par_loop_group_58	update_halo_kernel1_b2+update_halo_kernel4_minus_4_a
814	0.000022162	553536	ops_par_loop_group_59	update_halo_kernel1_b1+update_halo_kernel4_minus_2_a
815	0.000023154	369120	ops_par_loop_group_60	update_halo_kernel2_xvel_plus_4_a+update_halo_kernel2_yvel_minus_4_a+update_halo_kernel3_plus_4_a
816	0.000020980	369120	ops_par_loop_group_61	update_halo_kernel2_xvel_plus_2_a+update_halo_kernel2_yvel_minus_2_a+update_halo_kernel3_plus_2_a
817	0.000019507	246080	ops_par_loop_group_62	update_halo_kernel2_xvel_plus_4_b+update_halo_kernel2_yvel_minus_4_b
818	0.000020970	369120	ops_par_loop_group_63	update_halo_kernel2_xvel_plus_2_b+update_halo_kernel2_yvel_minus_2_b+update_halo_kernel3_plus_4_b
819	0.000021911	246080	ops_par_loop_group_64	update_halo_kernel2_xvel_minus_4_b+update_halo_kernel2_yvel_plus_4_b
820	0.000019597	123040	ops_par_loop_update_halo_kernel3_plus_2_b_110	update_halo_kernel3_plus_2_b
821	0.000019156	123008	ops_par_loop_update_halo_kernel3_minus_4_b_113	update_halo_kernel3_minus_4_b
822	0.000018365	123008	ops_par_loop_update_halo_kernel4_minus_4_b_117	update_halo_kernel4_minus_4_b
823	0.000021831	553536	ops_par_loop_group_68	update_halo_kernel1_t2+update_halo_kernel4_minus_2_b
824	0.000022724	430528	ops_par_loop_update_halo_kernel1_t1_86	update_halo_kernel1_t1
825	0.000027683	553536	ops_par_loop_group_70	update_halo_kernel1_l2+update_halo_kernel3_minus_4_a
826	0.000024366	553536	ops_par_loop_group_71	update_halo_kernel1_l1+update_halo_kernel3_minus_2_a
827	0.000026280	553536	ops_par_loop_group_72	update_halo_kernel1_r2+update_halo_kernel3_minus_2_b
828	0.000023896	430528	ops_par_loop_update_halo_kernel1_r1_90	update_halo_kernel1_r1
829	0.000026380	369120	ops_par_loop_group_74	update_halo_kernel2_xvel_minus_4_a+update_halo_kernel2_yvel_plus_4_a+update_halo_kernel4_plus_4_a
830	0.000023725	369120	ops_par_loop_group_75	update_halo_kernel2_xvel_minus_2_a+update_halo_kernel2_yvel_plus_2_a+update_halo_kernel4_plus_2_a
831	0.000024777	369120	ops_par_loop_group_76	update_halo_kernel2_xvel_minus_2_b+update_halo_kernel2_yvel_plus_2_b+update_halo_kernel4_plus_4_b
832	0.000020198	123040	ops_par_loop_update_halo_kernel4_plus_2_b_122	update_halo_kernel4_plus_2_b
833	0.000499018	472842752	ops_par_loop_advec_mom_kernel_x2_123	advec_mom_kernel_x2
834	0.000195331	236236864	ops_par_loop_advec_mom_kernel_mass_flux_x_124	advec_mom_kernel_mass_flux_x
835	0.000576475	590438520	ops_par_loop_advec_mom_kernel_post_pre_advec_x_125	advec_mom_kernel_post_pre_advec_x
836	0.000884129	472258640	ops_par_loop_advec_mom_kernel1_x_nonvector_126	advec_mom_kernel1_x_nonvector
837	0.000450546	590131240	ops_par_loop_advec_mom_kernel2_x_127	advec_mom_kernel2_x
838	0.000497444	472842752	ops_par_loop_advec_mom_kernel_x2_128	advec_mom_kernel_x2
839	0.000194309	236236864	ops_par_loop_advec_mom_kernel_mass_flux_x_129	advec_mom_kernel_mass_flux_x
840	0.000573559	590438520	ops_par_loop_advec_mom_kernel_post_pre_advec_x_130	advec_mom_kernel_post_pre_advec_x
841	0.000884019	472258640	ops_par_loop_advec_mom_kernel1_x_nonvector_131	advec_mom_kernel1_x_nonvector
842	0.000434264	471859200	ops_par_loop_reset_field_kernel1_133	reset_field_kernel1
843	0.001437530	1534095432	ops_par_loop_group_88	advec_mom_kernel2_x+reset_field_kernel2+ideal_gas_kernel
844	0.000021932	430304	ops_par_loop_update_halo_kernel1_b1_136	update_halo_kernel1_b1
845	0.000019978	430304	ops_par_loop_update_halo_kernel1_t1_137	update_halo_kernel1_t1
846	0.000023866	430304	ops_par_loop_update_halo_kernel1_l1_138	update_halo_kernel1_l1
847	0.000023765	430304	ops_par_loop_update_halo_kernel1_r1_139	update_halo_kernel1_r1
848	0.000019107	245952	ops_par_loop_group_93	update_halo_kernel2_xvel_plus_2_a+update_halo_kernel2_yvel_minus_2_a
849	0.000019156	245952	ops_par_loop_group_94	update_halo_kernel2_xvel_plus_2_b+update_halo_kernel2_yvel_minus_2_b
850	0.000021080	245952	ops_par_loop_group_95	update_halo_kernel2_xvel_minus_2_a+update_halo_kernel2_yvel_plus_2_a
851	0.000021611	245952	ops_par_loop_group_96	update_halo_kernel2_xvel_minus_2_b+update_halo_kernel2_yvel_plus_2_b
852	0.001739033	589885440	ops_par_loop_viscosity_kernel_148	viscosity_kernel
853	0.000021551	430304	ops_par_loop_update_halo_kernel1_b1_149	update_halo_kernel1_b1
854	0.000021050	430304	ops_par_loop_update_halo_kernel1_t1_150	update_halo_kernel1_t1
855	0.000023865	430304	ops_par_loop_update_halo_kernel1_l1_151	update_halo_kernel1_l1
856	0.000023454	430304	ops_par_loop_update_halo_kernel1_r1_152	update_halo_kernel1_r1
857	0.000919526	1061744640	ops_par_loop_calc_dt_kernel_153	calc_dt_kernel
858	0.001488376	1887436800	ops_par_loop_group_0	PdV_kernel_predict+ideal_gas_kernel
859	0.000023053	430304	ops_par_loop_update_halo_kernel1_b1_2	update_halo_kernel1_b1
860	0.000020879	430304	ops_par_loop_update_halo_kernel1_t1_3	update_halo_kernel1_t1
861	0.000023925	430304	ops_par_loop_update_halo_kernel1_l1_4	update_halo_kernel1_l1
862	0.000023765	430304	ops_par_loop_update_halo_kernel1_r1_5	update_halo_kernel1_r1
863	0.001097293	1298288728	ops_par_loop_accelerate_kernel_7	accelerate_kernel
864	0.001354692	2123366400	ops_par_loop_group_6	revert_kernel+PdV_kernel_nopredict
865	0.000361136	471982080	ops_par_loop_flux_calc_kernelx_9	flux_calc_kernelx
866	0.000357739	471982080	ops_par_loop_flux_calc_kernely_10	flux_calc_kernely
867	0.000021160	553536	ops_par_loop_group_9	update_halo_kernel1_b2+update_halo_kernel4_minus_4_a
868	0.000020699	553536	ops_par_loop_group_10	update_halo_kernel1_b1+update_halo_kernel4_minus_2_a
869	0.000020850	369120	ops_par_loop_group_11	update_halo_kernel3_plus_4_a+update_halo_kernel2_xvel_plus_4_a+update_halo_kernel2_yvel_minus_4_a
870	0.000020008	369120	ops_par_loop_group_12	update_halo_kernel3_plus_2_a+update_halo_kernel2_xvel_plus_2_a+update_halo_kernel2_yvel_minus_2_a
871	0.000018525	123008	ops_par_loop_update_halo_kernel4_minus_4_b_29	update_halo_kernel4_minus_4_b
872	0.000020319	553536	ops_par_loop_group_14	update_halo_kernel1_t2+update_halo_kernel4_minus_2_b
873	0.000019847	430528	ops_par_loop_update_halo_kernel1_t1_14	update_halo_kernel1_t1
874	0.000019487	246080	ops_par_loop_group_16	update_halo_kernel2_xvel_plus_4_b+update_halo_kernel2_yvel_minus_4_b
875	0.000020549	369120	ops_par_loop_group_17	update_halo_kernel3_plus_4_b+update_halo_kernel2_xvel_plus_2_b+update_halo_kernel2_yvel_minus_2_b
876	0.000018365	123040	ops_par_loop_update_halo_kernel3_plus_2_b_22	update_halo_kernel3_plus_2_b
877	0.000030307	553536	ops_par_loop_group_19	update_halo_kernel1_l2+update_halo_kernel3_minus_4_a
878	0.000023455	553536	ops_par_loop_group_20	update_halo_kernel1_l1+update_halo_kernel3_minus_2_a
879	0.000019056	123008	ops_par_loop_update_halo_kernel3_minus_4_b_25	update_halo_kernel3_minus_4_b
880	0.000023956	553536	ops_par_loop_group_22	update_halo_kernel1_r2+update_halo_kernel3_minus_2_b
881	0.000021601	430528	ops_par_loop_update_halo_kernel1_r1_18	update_halo_kernel1_r1
882	0.000023174	369120	ops_par_loop_group_24	update_halo_kernel4_plus_4_a+update_halo_kernel2_xvel_minus_4_a+update_halo_kernel2_yvel_plus_4_a
883	0.000021391	369120	ops_par_loop_group_25	update_halo_kernel4_plus_2_a+update_halo_kernel2_xvel_minus_2_a+update_halo_kernel2_yvel_plus_2_a
884	0.000020840	246080	ops_par_loop_group_26	update_halo_kernel2_xvel_minus_4_b+update_halo_kernel2_yvel_plus_4_b
885	0.000021962	369120	ops_par_loop_group_27	update_halo_kernel4_plus_4_b+update_halo_kernel2_xvel_minus_2_b+update_halo_kernel2_yvel_plus_2_b
886	0.000018095	123040	ops_par_loop_update_halo_kernel4_plus_2_b_34	update_halo_kernel4_plus_2_b
887	0.000562729	591053440	ops_par_loop_advec_cell_kernel1_xdir_35	advec_cell_kernel1_xdir
888	0.000772968	708203544	ops_par_loop_advec_cell_kernel3_xdir_36	advec_cell_kernel3_xdir
889	0.001461535	1533542400	ops_par_loop_advec_cell_kernel4_xdir_37	advec_cell_kernel4_xdir
890	0.000022102	430528	ops_par_loop_update_halo_kernel1_b2_38	update_halo_kernel1_b2
891	0.000021180	430528	ops_par_loop_update_halo_kernel1_b1_39	update_halo_kernel1_b1
892	0.000020349	430528	ops_par_loop_update_halo_kernel1_t2_40	update_halo_kernel1_t2
893	0.000020058	430528	ops_par_loop_update_halo_kernel1_t1_41	update_halo_kernel1_t1
894	0.000018876	123040	ops_par_loop_update_halo_kernel3_plus_4_a_62	update_halo_kernel3_plus_4_a
895	0.000018325	123040	ops_par_loop_update_halo_kernel3_plus_2_a_63	update_halo_kernel3_plus_2_a
896	0.000018345	123040	ops_par_loop_update_halo_kernel3_plus_4_b_64	update_halo_kernel3_plus_4_b
897	0.000018495	123040	ops_par_loop_update_halo_kernel3_plus_2_b_65	update_halo_kernel3_plus_2_b
898	0.000026771	553536	ops_par_loop_group_40	update_halo_kernel1_l2+update_halo_kernel3_minus_4_a
899	0.000023645	553536	ops_par_loop_group_41	update_halo_kernel1_l1+update_halo_kernel3_minus_2_a
900	0.000018425	123008	ops_par_loop_update_halo_kernel3_minus_4_b_68	update_halo_kernel3_minus_4_b
901	0.000024547	553536	ops_par_loop_group_43	update_halo_kernel1_r2+update_halo_kernel3_minus_2_b
902	0.000020910	430528	ops_par_loop_update_halo_kernel1_r1_45	update_halo_kernel1_r1
903	0.000564311	591053440	ops_par_loop_advec_mom_kernel_x1_70	advec_mom_kernel_x1
904	0.000194710	236236864	ops_par_loop_advec_mom_kernel_mass_flux_x_71	advec_mom_kernel_mass_flux_x
905	0.000573790	590438520	ops_par_loop_advec_mom_kernel_post_pre_advec_x_72	advec_mom_kernel_post_pre_advec_x
906	0.000883428	472258640	ops_par_loop_advec_mom_kernel1_x_nonvector_73	advec_mom_kernel1_x_nonvector
907	0.000449534	590131240	ops_par_loop_advec_mom_kernel2_x_74	advec_mom_kernel2_x
908	0.000561927	591053440	ops_par_loop_advec_mom_kernel_x1_75	advec_mom_kernel_x1
909	0.000193929	236236864	ops_par_loop_advec_mom_kernel_mass_flux_x_76	advec_mom_kernel_mass_flux_x
910	0.000574190	590438520	ops_par_loop_advec_mom_kernel_post_pre_advec_x_77	advec_mom_kernel_post_pre_advec_x
911	0.000883838	472258640	ops_par_loop_advec_mom_kernel1_x_nonvector_78	advec_mom_kernel1_x_nonvector
912	0.000451267	590131240	ops_par_loop_advec_mom_kernel2_x_79	advec_mom_kernel2_x
913	0.000498637	472842752	ops_par_loop_advec_cell_kernel2_ydir_80	advec_cell_kernel2_ydir
914	0.000790572	708203544	ops_par_loop_advec_cell_kernel3_ydir_81	advec_cell_kernel3_ydir
915	0.001474239	1533542400	ops_par_loop_advec_cell_kernel4_ydir_82	advec_cell_kernel4_ydir
916	0.000023144	553536	ops_par_loop_group_58	update_halo_kernel1_b2+update_halo_kernel4_minus_4_a
917	0.000021811	553536	ops_par_loop_group_59	update_halo_kernel1_b1+update_halo_kernel4_minus_2_a
918	0.000022212	369120	ops_par_loop_group_60	update_halo_kernel2_xvel_plus_4_a+update_halo_kernel2_yvel_minus_4_a+update_halo_kernel3_plus_4_a
919	0.000022072	369120	ops_par_loop_group_61	update_halo_kernel2_xvel_plus_2_a+update_halo_kernel2_yvel_minus_2_a+update_halo_kernel3_plus_2_a
920	0.000019597	246080	ops_par_loop_group_62	update_halo_kernel2_xvel_plus_4_b+update_halo_kernel2_yvel_minus_4_b
921	0.000020790	369120	ops_par_loop_group_63	update_halo_kernel2_xvel_plus_2_b+update_halo_kernel2_yvel_minus_2_b+update_halo_kernel3_plus_4_b
922	0.000023575	246080	ops_par_loop_group_64	update_halo_kernel2_xvel_minus_4_b+update_halo_kernel2_yvel_plus_4_b
923	0.000020559	123040	ops_par_loop_update_halo_kernel3_plus_2_b_110	update_halo_kernel3_plus_2_b
924	0.000021701	123008	ops_par_loop_update_halo_kernel3_minus_4_b_113	update_halo_kernel3_minus_4_b
925	0.000019597	123008	ops_par_loop_update_halo_kernel4_minus_4_b_117	update_halo_kernel4_minus_4_b
926	0.000025829	553536	ops_par_loop_group_68	update_halo_kernel1_t2+update_halo_kernel4_minus_2_b
927	0.000025338	430528	ops_par_loop_update_halo_kernel1_t1_86	update_halo_kernel1_t1
928	0.000030007	553536	ops_par_loop_group_70	update_halo_kernel1_l2+update_halo_kernel3_minus_4_a
929	0.000024777	553536	ops_par_loop_group_71	update_halo_kernel1_l1+update_halo_kernel3_minus_2_a
930	0.000026140	553536	ops_par_loop_group_72	update_halo_kernel1_r2+update_halo_kernel3_minus_2_b
931	0.000022282	430528	ops_par_loop_update_halo_kernel1_r1_90	update_halo_kernel1_r1
932	0.000023635	369120	ops_par_loop_group_74	update_halo_kernel2_xvel_minus_4_a+update_halo_kernel2_yvel_plus_4_a+update_halo_kernel4_plus_4_a
933	0.000022973	369120	ops_par_loop_group_75	update_halo_kernel2_xvel_minus_2_a+update_halo_kernel2_yvel_plus_2_a+update_halo_kernel4_plus_2_a
934	0.000023445	369120	ops_par_loop_group_76	update_halo_kernel2_xvel_minus_2_b+update_halo_kernel2_yvel_plus_2_b+update_halo_kernel4_plus_4_b
935	0.000019847	123040	ops_par_loop_update_halo_kernel4_plus_2_b_122	update_halo_kernel4_plus_2_b
936	0.000490912	472842752	ops_par_loop_advec_mom_kernel_y2_123	advec_mom_kernel_y2
937	0.000193428	236236864	ops_par_loop_advec_mom_kernel_mass_flux_y_124	advec_mom_kernel_mass_flux_y
938	0.000530888	590438520	ops_par_loop_advec_mom_kernel_post_pre_advec_y_125	advec_mom_kernel_post_pre_advec_y
939	0.000879110	472258640	ops_par_loop_advec_mom_kernel1_y_nonvector_126	advec_mom_kernel1_y_nonvector
940	0.000451367	590131240	ops_par_loop_advec_mom_kernel2_y_127	advec_mom_kernel2_y
941	0.000491463	472842752	ops_par_loop_advec_mom_kernel_y2_128	advec_mom_kernel_y2
942	0.000192817	236236864	ops_par_loop_advec_mom_kernel_mass_flux_y_129	advec_mom_kernel_mass_flux_y
943	0.000532100	590438520	ops_par_loop_advec_mom_kernel_post_pre_advec_y_130	advec_mom_kernel_post_pre_advec_y
944	0.000878358	472258640	ops_par_loop_advec_mom_kernel1_y_nonvector_131	advec_mom_kernel1_y_nonvector
945	0.000434926	471859200	ops_par_loop_reset_field_kernel1_133	reset_field_kernel1
946	0.001432060	1534095432	ops_par_loop_group_88	advec_mom_kernel2_y+reset_field_kernel2+ideal_gas_kernel
947	0.000022623	430304	ops_par_loop_update_halo_kernel1_b1_136	update_halo_kernel1_b1
948	0.000019687	430304	ops_par_loop_update_halo_kernel1_t1_137	update_halo_kernel1_t1
949	0.000024306	430304	ops_par_loop_update_halo_kernel1_l1_138	update_halo_kernel1_l1
950	0.000028534	430304	ops_par_loop_update_halo_kernel1_r1_139	update_halo_kernel1_r1
951	0.000019467	245952	ops_par_loop_group_93	update_halo_kernel2_xvel_plus_2_a+update_halo_kernel2_yvel_minus_2_a
952	0.000019617	245952	ops_par_loop_group_94	update_halo_kernel2_xvel_plus_2_b+update_halo_kernel2_yvel_minus_2_b
953	0.000020820	245952	ops_par_loop_group_95	update_halo_kernel2_xvel_minus_2_a+update_halo_kernel2_yvel_plus_2_a
954	0.000020870	245952	ops_par_loop_group_96	update_halo_kernel2_xvel_minus_2_b+update_halo_kernel2_yvel_plus_2_b
955	0.001738080	589885440	ops_par_loop_viscosity_kernel_148	viscosity_kernel
956	0.000021631	430304	ops_par_loop_update_halo_kernel1_b1_149	update_halo_kernel1_b1
957	0.000019868	430304	ops_par_loop_update_halo_kernel1_t1_150	update_halo_kernel1_t1
958	0.000023234	430304	ops_par_loop_update_halo_kernel1_l1_151	update_halo_kernel1_l1
959	0.000023605	430304	ops_par_loop_update_halo_kernel1_r1_152	update_halo_kernel1_r1
960	0.000925006	1061744640	ops_par_loop_calc_dt_kernel_153	calc_dt_kernel
961	1.017201362	1887436800	ops_par_loop_group_0	PdV_kernel_predict+ideal_gas_kernel
962	0.000040226	430304	ops_par_loop_update_halo_kernel1_b1_2	update_halo_kernel1_b1
963	0.000032743	430304	ops_par_loop_update_halo_kernel1_t1_3	update_halo_kernel1_t1
964	0.000037621	430304	ops_par_loop_update_halo_kernel1_l1_4	update_halo_kernel1_l1
965	0.000034766	430304	ops_par_loop_update_halo_kernel1_r1_5	update_halo_kernel1_r1
966	0.001110449	1298288728	ops_par_loop_accelerate_kernel_7	accelerate_kernel
967	0.001371705	2123366400	ops_par_loop_group_6	revert_kernel+PdV_kernel_nopredict
968	0.000377257	471982080	ops_par_loop_flux_calc_kernelx_9	flux_calc_kernelx
969	0.000370724	471982080	ops_par_loop_flux_calc_kernely_10	flux_calc_kernely
970	0.000036349	553536	ops_par_loop_group_9	update_halo_kernel1_b2+update_halo_kernel4_minus_4_a
971	0.000034326	553536	ops_par_loop_group_10	update_halo_kernel1_b1+update_halo_kernel4_minus_2_a
972	0.000033644	369120	ops_par_loop_group_11	update_halo_kernel3_plus_4_a+update_halo_kernel2_xvel_plus_4_a+update_halo_kernel2_yvel_minus_4_a
973	0.000032502	369120	ops_par_loop_group_12	update_halo_kernel3_plus_2_a+update_halo_kernel2_xvel_plus_2_a+update_halo_kernel2_yvel_minus_2_a
974	0.000029376	123008	ops_par_loop_update_halo_kernel4_minus_4_b_29	update_halo_kernel4_minus_4_b
975	0.000034305	553536	ops_par_loop_group_14	update_halo_kernel1_t2+update_halo_kernel4_minus_2_b
976	0.000032602	430528	ops_par_loop_update_halo_kernel1_t1_14	update_halo_kernel1_t1
977	0.000031800	246080	ops_par_loop_group_16	update_halo_kernel2_xvel_plus_4_b+update_halo_kernel2_yvel_minus_4_b
978	0.000039074	369120	ops_par_loop_group_17	update_halo_kernel3_plus_4_b+update_halo_kernel2_xvel_plus_2_b+update_halo_kernel2_yvel_minus_2_b
979	0.000032041	123040	ops_par_loop_update_halo_kernel3_plus_2_b_22	update_halo_kernel3_plus_2_b
980	0.000038382	553536	ops_par_loop_group_19	update_halo_kernel1_l2+update_halo_kernel3_minus_4_a
981	0.000036499	553536	ops_par_loop_group_20	update_halo_kernel1_l1+update_halo_kernel3_minus_2_a
982	0.000030057	123008	ops_par_loop_update_halo_kernel3_minus_4_b_25	update_halo_kernel3_minus_4_b
983	0.000037792	553536	ops_par_loop_group_22	update_halo_kernel1_r2+update_halo_kernel3_minus_2_b
984	0.000034686	430528	ops_par_loop_update_halo_kernel1_r1_18	update_halo_kernel1_r1
985	0.000036339	369120	ops_par_loop_group_24	update_halo_kernel4_plus_4_a+update_halo_kernel2_xvel_minus_4_a+update_halo_kernel2_yvel_plus_4_a
986	0.000033714	369120	ops_par_loop_group_25	update_halo_kernel4_plus_2_a+update_halo_kernel2_xvel_minus_2_a+update_halo_kernel2_yvel_plus_2_a
987	0.000033003	246080	ops_par_loop_group_26	update_halo_kernel2_xvel_minus_4_b+update_halo_kernel2_yvel_plus_4_b
988	0.000033453	369120	ops_par_loop_group_27	update_halo_kernel4_plus_4_b+update_halo_kernel2_xvel_minus_2_b+update_halo_kernel2_yvel_plus_2_b
989	0.000031990	123040	ops_par_loop_update_halo_kernel4_plus_2_b_34	update_halo_kernel4_plus_2_b
990	0.000573569	591053440	ops_par_loop_advec_cell_kernel1_ydir_35	advec_cell_kernel1_ydir
991	0.000818645	708203544	ops_par_loop_advec_cell_kernel3_ydir_36	advec_cell_kernel3_ydir
992	0.001487024	1533542400	ops_par_loop_advec_cell_kernel4_ydir_37	advec_cell_kernel4_ydir
993	0.000038073	553536	ops_par_loop_group_32	update_halo_kernel1_b2+update_halo_kernel4_minus_4_a
994	0.000034035	553536	ops_par_loop_group_33	update_halo_kernel1_b1+update_halo_kernel4_minus_2_a
995	0.000032211	123008	ops_par_loop_update_halo_kernel4_minus_4_b_64	update_halo_kernel4_minus_4_b
996	0.000033023	553536	ops_par_loop_group_35	update_halo_kernel1_t2+update_halo_kernel4_minus_2_b
997	0.000033303	430528	ops_par_loop_update_halo_kernel1_t1_41	update_halo_kernel1_t1
998	0.000037942	430528	ops_par_loop_update_halo_kernel1_l2_42	update_halo_kernel1_l2
999	0.000034626	430528	ops_par_loop_update_halo_kernel1_l1_43	update_halo_kernel1_l1
1000	0.000035507	430528	ops_par_loop_update_halo_kernel1_r2_44	update_halo_kernel1_r2
1001	0.000033885	430528	ops_par_loop_update_halo_kernel1_r1_45	update_halo_kernel1_r1
1002	0.000032902	123040	ops_par_loop_update_halo_kernel4_plus_4_a_66	update_halo_kernel4_plus_4_a
1003	0.000029777	123040	ops_par_loop_update_halo_kernel4_plus_2_a_67	update_halo_kernel4_plus_2_a
1004	0.000030578	123040	ops_par_loop_update_halo_kernel4_plus_4_b_68	update_halo_kernel4_plus_4_b
1005	0.000030147	123040	ops_par_loop_update_halo_kernel4_plus_2_b_69	update_halo_kernel4_plus_2_b
1006	0.000575192	591053440	ops_par_loop_advec_mom_kernel_y1_70	advec_mom_kernel_y1
1007	0.000206602	236236864	ops_par_loop_advec_mom_kernel_mass_flux_y_71	advec_mom_kernel_mass_flux_y
1008	0.000547811	590438520	ops_par_loop_advec_mom_kernel_post_pre_advec_y_72	advec_mom_kernel_post_pre_advec_y
1009	0.000895491	472258640	ops_par_loop_advec_mom_kernel1_y_nonvector_73	advec_mom_kernel1_y_nonvector
1010	0.000466245	590131240	ops_par_loop_advec_mom_kernel2_y_74	advec_mom_kernel2_y
1011	0.000576144	591053440	ops_par_loop_advec_mom_kernel_y1_75	advec_mom_kernel_y1
1012	0.000206963	236236864	ops_par_loop_advec_mom_kernel_mass_flux_y_76	advec_mom_kernel_mass_flux_y
1013	0.000545917	590438520	ops_par_loop_advec_mom_kernel_post_pre_advec_y_77	advec_mom_kernel_post_pre_advec_y
1014	0.000894148	472258640	ops_par_loop_advec_mom_kernel1_y_nonvector_78	advec_mom_kernel1_y_nonvector
1015	0.000460795	590131240	ops_par_loop_advec_mom_kernel2_y_79	advec_mom_kernel2_y
1016	0.000504818	472842752	ops_par_loop_advec_cell_kernel2_xdir_80	advec_cell_kernel2_xdir
1017	0.000803496	708203544	ops_par_loop_advec_cell_kernel3_xdir_81	advec_cell_kernel3_xdir
1018	0.001480361	1533542400	ops_par_loop_advec_cell_kernel4_xdir_82	advec_cell_kernel4_xdir
1019	0.000038733	553536	ops_par_loop_group_58	update_halo_kernel1_b2+update_halo_kernel4_minus_4_a
1020	0.000038833	553536	ops_par_loop_group_59	update_halo_kernel1_b1+update_halo_kernel4_minus_2_a
1021	0.000035688	369120	ops_par_loop_group_60	update_halo_kernel2_xvel_plus_4_a+update_halo_kernel2_yvel_minus_4_a+update_halo_kernel3_plus_4_a
1022	0.000033393	369120	ops_par_loop_group_61	update_halo_kernel2_xvel_plus_2_a+update_halo_kernel2_yvel_minus_2_a+update_halo_kernel3_plus_2_a
1023	0.000033264	246080	ops_par_loop_group_62	update_halo_kernel2_xvel_plus_4_b+update_halo_kernel2_yvel_minus_4_b
1024	0.000034165	369120	ops_par_loop_group_63	update_halo_kernel2_xvel_plus_2_b+update_halo_kernel2_yvel_minus_2_b+update_halo_kernel3_plus_4_b
1025	0.000034255	246080	ops_par_loop_group_64	update_halo_kernel2_xvel_minus_4_b+update_halo_kernel2_yvel_plus_4_b
1026	0.000033133	123040	ops_par_loop_update_halo_kernel3_plus_2_b_110	update_halo_kernel3_plus_2_b
1027	0.000031580	123008	ops_par_loop_update_halo_kernel3_minus_4_b_113	update_halo_kernel3_minus_4_b
1028	0.000030258	123008	ops_par_loop_update_halo_kernel4_minus_4_b_117	update_halo_kernel4_minus_4_b
1029	0.000034525	553536	ops_par_loop_group_68	update_halo_kernel1_t2+update_halo_kernel4_minus_2_b
1030	0.000034075	430528	ops_par_loop_update_halo_kernel1_t1_86	update_halo_kernel1_t1
1031	0.000040136	553536	ops_par_loop_group_70	update_halo_kernel1_l2+update_halo_kernel3_minus_4_a
1032	0.000035968	553536	ops_par_loop_group_71	update_halo_kernel1_l1+update_halo_kernel3_minus_2_a
1033	0.000038563	553536	ops_par_loop_group_72	update_halo_kernel1_r2+update_halo_kernel3_minus_2_b
1034	0.000033875	430528	ops_par_loop_update_halo_kernel1_r1_90	update_halo_kernel1_r1
1035	0.000036920	369120	ops_par_loop_group_74	update_halo_kernel2_xvel_minus_4_a+update_halo_kernel2_yvel_plus_4_a+update_halo_kernel4_plus_4_a
1036	0.000034706	369120	ops_par_loop_group_75	update_halo_kernel2_xvel_minus_2_a+update_halo_kernel2_yvel_plus_2_a+update_halo_kernel4_plus_2_a
1037	0.000036369	369120	ops_par_loop_group_76	update_halo_kernel2_xvel_minus_2_b+update_halo_kernel2_yvel_plus_2_b+update_halo_kernel4_plus_4_b
1038	0.000031840	123040	ops_par_loop_update_halo_kernel4_plus_2_b_122	update_halo_kernel4_plus_2_b
1039	0.000509338	472842752	ops_par_loop_advec_mom_kernel_x2_123	advec_mom_kernel_x2
1040	0.000208386	236236864	ops_par_loop_advec_mom_kernel_mass_flux_x_124	advec_mom_kernel_mass_flux_x
1041	0.000589208	590438520	ops_par_loop_advec_mom_kernel_post_pre_advec_x_125	advec_mom_kernel_post_pre_advec_x
1042	0.000900250	472258640	ops_par_loop_advec_mom_kernel1_x_nonvector_126	advec_mom_kernel1_x_nonvector
1043	0.000464673	590131240	ops_par_loop_advec_mom_kernel2_x_127	advec_mom_kernel2_x
1044	0.000511011	472842752	ops_par_loop_advec_mom_kernel_x2_128	advec_mom_kernel_x2
1045	0.000209077	236236864	ops_par_loop_advec_mom_kernel_mass_flux_x_129	advec_mom_kernel_mass_flux_x
1046	0.000586374	590438520	ops_par_loop_advec_mom_kernel_post_pre_advec_x_130	advec_mom_kernel_post_pre_advec_x
1047	0.000899408	472258640	ops_par_loop_advec_mom_kernel1_x_nonvector_131	advec_mom_kernel1_x_nonvector
1048	0.000448592	471859200	ops_par_loop_reset_field_kernel1_133	reset_field_kernel1
1049	0.001463870	1534095432	ops_par_loop_group_88	advec_mom_kernel2_x+reset_field_kernel2+ideal_gas_kernel
1050	0.000509036	471859200	ops_par_loop_ideal_gas_kernel_0	ideal_gas_kernel
1051	0.000022814	430304	ops_par_loop_update_halo_kernel1_b1_1	update_halo_kernel1_b1
1052	0.000019848	430304	ops_par_loop_update_halo_kernel1_t1_2	update_halo_kernel1_t1
1053	0.000024467	430304	ops_par_loop_update_halo_kernel1_l1_3	update_halo_kernel1_l1
1054	0.000023936	430304	ops_par_loop_update_halo_kernel1_r1_4	update_halo_kernel1_r1
1055	0.000019578	245952	ops_par_loop_group_5	update_halo_kernel2_xvel_plus_2_a+update_halo_kernel2_yvel_minus_2_a
1056	0.000018956	245952	ops_par_loop_group_6	update_halo_kernel2_xvel_plus_2_b+update_halo_kernel2_yvel_minus_2_b
1057	0.000020439	245952	ops_par_loop_group_7	update_halo_kernel2_xvel_minus_2_a+update_halo_kernel2_yvel_plus_2_a
1058	0.000020930	245952	ops_par_loop_group_8	update_halo_kernel2_xvel_minus_2_b+update_halo_kernel2_yvel_plus_2_b
1059	0.001737630	589885440	ops_par_loop_viscosity_kernel_13	viscosity_kernel
1060	0.000021842	430304	ops_par_loop_update_halo_kernel1_b1_14	update_halo_kernel1_b1
1061	0.000019817	430304	ops_par_loop_update_halo_kernel1_t1_15	update_halo_kernel1_t1
1062	0.000022483	430304	ops_par_loop_update_halo_kernel1_l1_16	update_halo_kernel1_l1
1063	0.000023294	430304	ops_par_loop_update_halo_kernel1_r1_17	update_halo_kernel1_r1
1064	0.000918594	1061744640	ops_par_loop_calc_dt_kernel_18	calc_dt_kernel
1065	0.001483117	1887436800	ops_par_loop_group_0	PdV_kernel_predict+ideal_gas_kernel
1066	0.000028093	430304	ops_par_loop_update_halo_kernel1_b1_2	update_halo_kernel1_b1
1067	0.000023064	430304	ops_par_loop_update_halo_kernel1_t1_3	update_halo_kernel1_t1
1068	0.000027953	430304	ops_par_loop_update_halo_kernel1_l1_4	update_halo_kernel1_l1
1069	0.000025930	430304	ops_par_loop_update_halo_kernel1_r1_5	update_halo_kernel1_r1
1070	0.001098816	1298288728	ops_par_loop_accelerate_kernel_7	accelerate_kernel
1071	0.001355504	2123366400	ops_par_loop_group_6	revert_kernel+PdV_kernel_nopredict
1072	0.000365424	471982080	ops_par_loop_flux_calc_kernelx_9	flux_calc_kernelx
1073	0.000357209	471982080	ops_par_loop_flux_calc_kernely_10	flux_calc_kernely
1074	0.000023174	553536	ops_par_loop_group_9	update_halo_kernel1_b2+update_halo_kernel4_minus_4_a
1075	0.000021491	553536	ops_par_loop_group_10	update_halo_kernel1_b1+update_halo_kernel4_minus_2_a
1076	0.000021060	369120	ops_par_loop_group_11	update_halo_kernel3_plus_4_a+update_halo_kernel2_xvel_plus_4_a+update_halo_kernel2_yvel_minus_4_a
1077	0.000019828	369120	ops_par_loop_group_12	update_halo_kernel3_plus_2_a+update_halo_kernel2_xvel_plus_2_a+update_halo_kernel2_yvel_minus_2_a
1078	0.000019247	123008	ops_par_loop_update_halo_kernel4_minus_4_b_29	update_halo_kernel4_minus_4_b
1079	0.000021992	553536	ops_par_loop_group_14	update_halo_kernel1_t2+update_halo_kernel4_minus_2_b
1080	0.000020479	430528	ops_par_loop_update_halo_kernel1_t1_14	update_halo_kernel1_t1
1081	0.000021181	246080	ops_par_loop_group_16	update_halo_kernel2_xvel_plus_4_b+update_halo_kernel2_yvel_minus_4_b
1082	0.000020018	369120	ops_par_loop_group_17	update_halo_kernel3_plus_4_b+update_halo_kernel2_xvel_plus_2_b+update_halo_kernel2_yvel_minus_2_b
1083	0.000018265	123040	ops_par_loop_update_halo_kernel3_plus_2_b_22	update_halo_kernel3_plus_2_b
1084	0.000026059	553536	ops_par_loop_group_19	update_halo_kernel1_l2+update_halo_kernel3_minus_4_a
1085	0.000022853	553536	ops_par_loop_group_20	update_halo_kernel1_l1+update_halo_kernel3_minus_2_a
1086	0.000019316	123008	ops_par_loop_update_halo_kernel3_minus_4_b_25	update_halo_kernel3_minus_4_b
1087	0.000024496	553536	ops_par_loop_group_22	update_halo_kernel1_r2+update_halo_kernel3_minus_2_b
1088	0.000021241	430528	ops_par_loop_update_halo_kernel1_r1_18	update_halo_kernel1_r1
1089	0.000023324	369120	ops_par_loop_group_24	update_halo_kernel4_plus_4_a+update_halo_kernel2_xvel_minus_4_a+update_halo_kernel2_yvel_plus_4_a
1090	0.000021822	369120	ops_par_loop_group_25	update_halo_kernel4_plus_2_a+update_halo_kernel2_xvel_minus_2_a+update_halo_kernel2_yvel_plus_2_a
1091	0.000020959	246080	ops_par_loop_group_26	update_halo_kernel2_xvel_minus_4_b+update_halo_kernel2_yvel_plus_4_b
1092	0.000023325	369120	ops_par_loop_group_27	update_halo_kernel4_plus_4_b+update_halo_kernel2_xvel_minus_2_b+update_halo_kernel2_yvel_plus_2_b
1093	0.000018585	123040	ops_par_loop_update_halo_kernel4_plus_2_b_34	update_halo_kernel4_plus_2_b
1094	0.000562498	591053440	ops_par_loop_advec_cell_kernel1_xdir_35	advec_cell_kernel1_xdir
1095	0.000773098	708203544	ops_par_loop_advec_cell_kernel3_xdir_36	advec_cell_kernel3_xdir
1096	0.001463820	1533542400	ops_par_loop_advec_cell_kernel4_xdir_37	advec_cell_kernel4_xdir
1097	0.000021511	430528	ops_par_loop_update_halo_kernel1_b2_38	update_halo_kernel1_b2
1098	0.000020419	430528	ops_par_loop_update_halo_kernel1_b1_39	update_halo_kernel1_b1
1099	0.000020028	430528	ops_par_loop_update_halo_kernel1_t2_40	update_halo_kernel1_t2
1100	0.000019668	430528	ops_par_loop_update_halo_kernel1_t1_41	update_halo_kernel1_t1
1101	0.000018665	123040	ops_par_loop_update_halo_kernel3_plus_4_a_62	update_halo_kernel3_plus_4_a
1102	0.000018996	123040	ops_par_loop_update_halo_kernel3_plus_2_a_63	update_halo_kernel3_plus_2_a
1103	0.000018796	123040	ops_par_loop_update_halo_kernel3_plus_4_b_64	update_halo_kernel3_plus_4_b
1104	0.000018896	123040	ops_par_loop_update_halo_kernel3_plus_2_b_65	update_halo_kernel3_plus_2_b
1105	0.000025919	553536	ops_par_loop_group_40	update_halo_kernel1_l2+update_halo_kernel3_minus_4_a
1106	0.000022703	553536	ops_par_loop_group_41	update_halo_kernel1_l1+update_halo_kernel3_minus_2_a
1107	0.000018566	123008	ops_par_loop_update_halo_kernel3_minus_4_b_68	update_halo_kernel3_minus_4_b
1108	0.000024076	553536	ops_par_loop_group_43	update_halo_kernel1_r2+update_halo_kernel3_minus_2_b
1109	0.000021150	430528	ops_par_loop_update_halo_kernel1_r1_45	update_halo_kernel1_r1
1110	0.000561647	591053440	ops_par_loop_advec_mom_kernel_x1_70	advec_mom_kernel_x1
1111	0.000194600	236236864	ops_par_loop_advec_mom_kernel_mass_flux_x_71	advec_mom_kernel_mass_flux_x
1112	0.000574681	590438520	ops_par_loop_advec_mom_kernel_post_pre_advec_x_72	advec_mom_kernel_post_pre_advec_x
1113	0.000883819	472258640	ops_par_loop_advec_mom_kernel1_x_nonvector_73	advec_mom_kernel1_x_nonvector
1114	0.000444694	590131240	ops_par_loop_advec_mom_kernel2_x_74	advec_mom_kernel2_x
1115	0.000563881	591053440	ops_par_loop_advec_mom_kernel_x1_75	advec_mom_kernel_x1
1116	0.000194258	236236864	ops_par_loop_advec_mom_kernel_mass_flux_x_76	advec_mom_kernel_mass_flux_x
1117	0.000573209	590438520	ops_par_loop_advec_mom_kernel_post_pre_advec_x_77	advec_mom_kernel_post_pre_advec_x
1118	0.000884680	472258640	ops_par_loop_advec_mom_kernel1_x_nonvector_78	advec_mom_kernel1_x_nonvector
1119	0.000446518	590131240	ops_par_loop_advec_mom_kernel2_x_79	advec_mom_kernel2_x
1120	0.000497405	472842752	ops_par_loop_advec_cell_kernel2_ydir_80	advec_cell_kernel2_ydir
1121	0.000790071	708203544	ops_par_loop_advec_cell_kernel3_ydir_81	advec_cell_kernel3_ydir
1122	0.001477676	1533542400	ops_par_loop_advec_cell_kernel4_ydir_82	advec_cell_kernel4_ydir
1123	0.000023555	553536	ops_par_loop_group_58	update_halo_kernel1_b2+update_halo_kernel4_minus_4_a
1124	0.000022213	553536	ops_par_loop_group_59	update_halo_kernel1_b1+update_halo_kernel4_minus_2_a
1125	0.000024076	369120	ops_par_loop_group_60	update_halo_kernel2_xvel_plus_4_a+update_halo_kernel2_yvel_minus_4_a+update_halo_kernel3_plus_4_a
1126	0.000023405	369120	ops_par_loop_group_61	update_halo_kernel2_xvel_plus_2_a+update_halo_kernel2_yvel_minus_2_a+update_halo_kernel3_plus_2_a
1127	0.000022633	246080	ops_par_loop_group_62	update_halo_kernel2_xvel_plus_4_b+update_halo_kernel2_yvel_minus_4_b
1128	0.000024135	369120	ops_par_loop_group_63	update_halo_kernel2_xvel_plus_2_b+update_halo_kernel2_yvel_minus_2_b+update_halo_kernel3_plus_4_b
1129	0.000023605	246080	ops_par_loop_group_64	update_halo_kernel2_xvel_minus_4_b+update_halo_kernel2_yvel_plus_4_b
1130	0.000020919	123040	ops_par_loop_update_halo_kernel3_plus_2_b_110	update_halo_kernel3_plus_2_b
1131	0.000020569	123008	ops_par_loop_update_halo_kernel3_minus_4_b_113	update_halo_kernel3_minus_4_b
1132	0.000021050	123008	ops_par_loop_update_halo_kernel4_minus_4_b_117	update_halo_kernel4_minus_4_b
1133	0.000024656	553536	ops_par_loop_group_68	update_halo_kernel1_t2+update_halo_kernel4_minus_2_b
1134	0.000023034	430528	ops_par_loop_update_halo_kernel1_t1_86	update_halo_kernel1_t1
1135	0.000031099	553536	ops_par_loop_group_70	update_halo_kernel1_l2+update_halo_kernel3_minus_4_a
1136	0.000025980	553536	ops_par_loop_group_71	update_halo_kernel1_l1+update_halo_kernel3_minus_2_a
1137	0.000025147	553536	ops_par_loop_group_72	update_halo_kernel1_r2+update_halo_kernel3_minus_2_b
1138	0.000022592	430528	ops_par_loop_update_halo_kernel1_r1_90	update_halo_kernel1_r1
1139	0.000025970	369120	ops_par_loop_group_74	update_halo_kernel2_xvel_minus_4_a+update_halo_kernel2_yvel_plus_4_a+update_halo_kernel4_plus_4_a
1140	0.000023264	369120	ops_par_loop_group_75	update_halo_kernel2_xvel_minus_2_a+update_halo_kernel2_yvel_plus_2_a+update_halo_kernel4_plus_2_a
1141	0.000025278	369120	ops_par_loop_group_76	update_halo_kernel2_xvel_minus_2_b+update_halo_kernel2_yvel_plus_2_b+update_halo_kernel4_plus_4_b
1142	0.000019046	123040	ops_par_loop_update_halo_kernel4_plus_2_b_122	update_halo_kernel4_plus_2_b
1143	0.000490271	472842752	ops_par_loop_advec_mom_kernel_y2_123	advec_mom_kernel_y2
1144	0.000192655	236236864	ops_par_loop_advec_mom_kernel_mass_flux_y_124	advec_mom_kernel_mass_flux_y
1145	0.000534255	590438520	ops_par_loop_advec_mom_kernel_post_pre_advec_y_125	advec_mom_kernel_post_pre_advec_y
1146	0.000879691	472258640	ops_par_loop_advec_mom_kernel1_y_nonvector_126	advec_mom_kernel1_y_nonvector
1147	0.000457278	590131240	ops_par_loop_advec_mom_kernel2_y_127	advec_mom_kernel2_y
1148	0.000491524	472842752	ops_par_loop_advec_mom_kernel_y2_128	advec_mom_kernel_y2
1149	0.000191404	236236864	ops_par_loop_advec_mom_kernel_mass_flux_y_129	advec_mom_kernel_mass_flux_y
1150	0.000538533	590438520	ops_par_loop_advec_mom_kernel_post_pre_advec_y_130	advec_mom_kernel_post_pre_advec_y
1151	0.000877376	472258640	ops_par_loop_advec_mom_kernel1_y_nonvector_131	advec_mom_kernel1_y_nonvector
1152	0.000435377	471859200	ops_par_loop_reset_field_kernel1_133	reset_field_kernel1
1153	0.001443090	1534095432	ops_par_loop_group_88	advec_mom_kernel2_y+reset_field_kernel2+ideal_gas_kernel
1154	0.000022102	430304	ops_par_loop_update_halo_kernel1_b1_136	update_halo_kernel1_b1
1155	0.000020479	430304	ops_par_loop_update_halo_kernel1_t1_137	update_halo_kernel1_t1
1156	0.000023585	430304	ops_par_loop_update_halo_kernel1_l1_138	update_halo_kernel1_l1
1157	0.000024216	430304	ops_par_loop_update_halo_kernel1_r1_139	update_halo_kernel1_r1
1158	0.000019437	245952	ops_par_loop_group_93	update_halo_kernel2_xvel_plus_2_a+update_halo_kernel2_yvel_minus_2_a
1159	0.000019727	245952	ops_par_loop_group_94	update_halo_kernel2_xvel_plus_2_b+update_halo_kernel2_yvel_minus_2_b
1160	0.000021120	245952	ops_par_loop_group_95	update_halo_kernel2_xvel_minus_2_a+update_halo_kernel2_yvel_plus_2_a
1161	0.000021471	245952	ops_par_loop_group_96	update_halo_kernel2_xvel_minus_2_b+update_halo_kernel2_yvel_plus_2_b
1162	0.001737599	589885440	ops_par_loop_viscosity_kernel_148	viscosity_kernel
1163	0.000023425	430304	ops_par_loop_update_halo_kernel1_b1_149	update_halo_kernel1_b1
1164	0.000020299	430304	ops_par_loop_update_halo_kernel1_t1_150	update_halo_kernel1_t1
1165	0.000023915	430304	ops_par_loop_update_halo_kernel1_l1_151	update_halo_kernel1_l1
1166	0.000023765	430304	ops_par_loop_update_halo_kernel1_r1_152	update_halo_kernel1_r1
1167	0.000919326	1061744640	ops_par_loop_calc_dt_kernel_153	calc_dt_kernel
1168	0.001491211	1887436800	ops_par_loop_group_0	PdV_kernel_predict+ideal_gas_kernel
1169	0.000021771	430304	ops_par_loop_update_halo_kernel1_b1_2	update_halo_kernel1_b1
1170	0.000020849	430304	ops_par_loop_update_halo_kernel1_t1_3	update_halo_kernel1_t1
1171	0.000024266	430304	ops_par_loop_update_halo_kernel1_l1_4	update_halo_kernel1_l1
1172	0.000023614	430304	ops_par_loop_update_halo_kernel1_r1_5	update_halo_kernel1_r1
1173	0.001095270	1298288728	ops_par_loop_accelerate_kernel_7	accelerate_kernel
1174	0.001356536	2123366400	ops_par_loop_group_6	revert_kernel+PdV_kernel_nopredict
1175	0.000362819	471982080	ops_par_loop_flux_calc_kernelx_9	flux_calc_kernelx
1176	0.000358411	471982080	ops_par_loop_flux_calc_kernely_10	flux_calc_kernely
1177	0.000022283	553536	ops_par_loop_group_9	update_halo_kernel1_b2+update_halo_kernel4_minus_4_a
1178	0.000020600	553536	ops_par_loop_group_10	update_halo_kernel1_b1+update_halo_kernel4_minus_2_a
1179	0.000021280	369120	ops_par_loop_group_11	update_halo_kernel3_plus_4_a+update_halo_kernel2_xvel_plus_4_a+update_halo_kernel2_yvel_minus_4_a
1180	0.000020579	369120	ops_par_loop_group_12	update_halo_kernel3_plus_2_a+update_halo_kernel2_xvel_plus_2_a+update_halo_kernel2_yvel_minus_2_a
1181	0.000018726	123008	ops_par_loop_update_halo_kernel4_minus_4_b_29	update_halo_kernel4_minus_4_b
1182	0.000020980	553536	ops_par_loop_group_14	update_halo_kernel1_t2+update_halo_kernel4_minus_2_b
1183	0.000020169	430528	ops_par_loop_update_halo_kernel1_t1_14	update_halo_kernel1_t1
1184	0.000019367	246080	ops_par_loop_group_16	update_halo_kernel2_xvel_plus_4_b+update_halo_kernel2_yvel_minus_4_b
1185	0.000020910	369120	ops_par_loop_group_17	update_halo_kernel3_plus_4_b+update_halo_kernel2_xvel_plus_2_b+update_halo_kernel2_yvel_minus_2_b
1186	0.000018485	123040	ops_par_loop_update_halo_kernel3_plus_2_b_22	update_halo_kernel3_plus_2_b
1187	0.000026330	553536	ops_par_loop_group_19	update_halo_kernel1_l2+update_halo_kernel3_minus_4_a
1188	0.000023745	553536	ops_par_loop_group_20	update_halo_kernel1_l1+update_halo_kernel3_minus_2_a
1189	0.000018856	123008	ops_par_loop_update_halo_kernel3_minus_4_b_25	update_halo_kernel3_minus_4_b
1190	0.000031139	553536	ops_par_loop_group_22	update_halo_kernel1_r2+update_halo_kernel3_minus_2_b
1191	0.000021591	430528	ops_par_loop_update_halo_kernel1_r1_18	update_halo_kernel1_r1
1192	0.000023124	369120	ops_par_loop_group_24	update_halo_kernel4_plus_4_a+update_halo_kernel2_xvel_minus_4_a+update_halo_kernel2_yvel_plus_4_a
1193	0.000021731	369120	ops_par_loop_group_25	update_halo_kernel4_plus_2_a+update_halo_kernel2_xvel_minus_2_a+update_halo_kernel2_yvel_plus_2_a
1194	0.000020990	246080	ops_par_loop_group_26	update_halo_kernel2_xvel_minus_4_b+update_halo_kernel2_yvel_plus_4_b
1195	0.000023064	369120	ops_par_loop_group_27	update_halo_kernel4_plus_4_b+update_halo_kernel2_xvel_minus_2_b+update_halo_kernel2_yvel_plus_2_b
1196	0.000018605	123040	ops_par_loop_update_halo_kernel4_plus_2_b_34	update_halo_kernel4_plus_2_b
1197	0.000561036	591053440	ops_par_loop_advec_cell_kernel1_ydir_35	advec_cell_kernel1_ydir
1198	0.000789078	708203544	ops_par_loop_advec_cell_kernel3_ydir_36	advec_cell_kernel3_ydir
1199	0.001471975	1533542400	ops_par_loop_advec_cell_kernel4_ydir_37	advec_cell_kernel4_ydir
1200	0.000022363	553536	ops_par_loop_group_32	update_halo_kernel1_b2+update_halo_kernel4_minus_4_a
1201	0.000022092	553536	ops_par_loop_group_33	update_halo_kernel1_b1+update_halo_kernel4_minus_2_a
1202	0.000019487	123008	ops_par_loop_update_halo_kernel4_minus_4_b_64	update_halo_kernel4_minus_4_b
1203	0.000021571	553536	ops_par_loop_group_35	update_halo_kernel1_t2+update_halo_kernel4_minus_2_b
1204	0.000021261	430528	ops_par_loop_update_halo_kernel1_t1_41	update_halo_kernel1_t1
1205	0.000024707	430528	ops_par_loop_update_halo_kernel1_l2_42	update_halo_kernel1_l2
1206	0.000021722	430528	ops_par_loop_update_halo_kernel1_l1_43	update_halo_kernel1_l1
1207	0.000023595	430528	ops_par_loop_update_halo_kernel1_r2_44	update_halo_kernel1_r2
1208	0.000021401	430528	ops_par_loop_update_halo_kernel1_r1_45	update_halo_kernel1_r1
1209	0.000020369	123040	ops_par_loop_update_halo_kernel4_plus_4_a_66	update_halo_kernel4_plus_4_a
1210	0.000018245	123040	ops_par_loop_update_halo_kernel4_plus_2_a_67	update_halo_kernel4_plus_2_a
1211	0.000019227	123040	ops_par_loop_update_halo_kernel4_plus_4_b_68	update_halo_kernel4_plus_4_b
1212	0.000018505	123040	ops_par_loop_update_halo_kernel4_plus_2_b_69	update_halo_kernel4_plus_2_b
1213	0.000559723	591053440	ops_par_loop_advec_mom_kernel_y1_70	advec_mom_kernel_y1
1214	0.000192395	236236864	ops_par_loop_advec_mom_kernel_mass_flux_y_71	advec_mom_kernel_mass_flux_y
1215	0.000534856	590438520	ops_par_loop_advec_mom_kernel_post_pre_advec_y_72	advec_mom_kernel_post_pre_advec_y
1216	0.000879771	472258640	ops_par_loop_advec_mom_kernel1_y_nonvector_73	advec_mom_kernel1_y_nonvector
1217	0.000450034	590131240	ops_par_loop_advec_mom_kernel2_y_74	advec_mom_kernel2_y
1218	0.000563420	591053440	ops_par_loop_advec_mom_kernel_y1_75	advec_mom_kernel_y1
1219	0.000191604	236236864	ops_par_loop_advec_mom_kernel_mass_flux_y_76	advec_mom_kernel_mass_flux_y
1220	0.000532231	590438520	ops_par_loop_advec_mom_kernel_post_pre_advec_y_77	advec_mom_kernel_post_pre_advec_y
1221	0.000880101	472258640	ops_par_loop_advec_mom_kernel1_y_nonvector_78	advec_mom_kernel1_y_nonvector
1222	0.000457509	590131240	ops_par_loop_advec_mom_kernel2_y_79	advec_mom_kernel2_y
1223	0.000518835	472842752	ops_par_loop_advec_cell_kernel2_xdir_80	advec_cell_kernel2_xdir
1224	0.000793737	708203544	ops_par_loop_advec_cell_kernel3_xdir_81	advec_cell_kernel3_xdir
1225	0.001462998	1533542400	ops_par_loop_advec_cell_kernel4_xdir_82	advec_cell_kernel4_xdir
1226	0.000024537	553536	ops_par_loop_group_58	update_halo_kernel1_b2+update_halo_kernel4_minus_4_a
1227	0.000023755	553536	ops_par_loop_group_59	update_halo_kernel1_b1+update_halo_kernel4_minus_2_a
1228	0.000023474	369120	ops_par_loop_group_60	update_halo_kernel2_xvel_plus_4_a+update_halo_kernel2_yvel_minus_4_a+update_halo_kernel3_plus_4_a
1229	0.000022162	369120	ops_par_loop_group_61	update_halo_kernel2_xvel_plus_2_a+update_halo_kernel2_yvel_minus_2_a+update_halo_kernel3_plus_2_a
1230	0.000021220	246080	ops_par_loop_group_62	update_halo_kernel2_xvel_plus_4_b+update_halo_kernel2_yvel_minus_4_b
1231	0.000023365	369120	ops_par_loop_group_63	update_halo_kernel2_xvel_plus_2_b+update_halo_kernel2_yvel_minus_2_b+update_halo_kernel3_plus_4_b
1232	0.000022854	246080	ops_par_loop_group_64	update_halo_kernel2_xvel_minus_4_b+update_halo_kernel2_yvel_plus_4_b
1233	0.000019798	123040	ops_par_loop_update_halo_kernel3_plus_2_b_110	update_halo_kernel3_plus_2_b
1234	0.000019857	123008	ops_par_loop_update_halo_kernel3_minus_4_b_113	update_halo_kernel3_minus_4_b
1235	0.000019658	123008	ops_par_loop_update_halo_kernel4_minus_4_b_117	update_halo_kernel4_minus_4_b
1236	0.000021641	553536	ops_par_loop_group_68	update_halo_kernel1_t2+update_halo_kernel4_minus_2_b
1237	0.000020529	430528	ops_par_loop_update_halo_kernel1_t1_86	update_halo_kernel1_t1
1238	0.000027783	553536	ops_par_loop_group_70	update_halo_kernel1_l2+update_halo_kernel3_minus_4_a
1239	0.000024106	553536	ops_par_loop_group_71	update_halo_kernel1_l1+update_halo_kernel3_minus_2_a
1240	0.000024687	553536	ops_par_loop_group_72	update_halo_kernel1_r2+update_halo_kernel3_minus_2_b
1241	0.000021370	430528	ops_par_loop_update_halo_kernel1_r1_90	update_halo_kernel1_r1
1242	0.000024506	369120	ops_par_loop_group_74	update_halo_kernel2_xvel_minus_4_a+update_halo_kernel2_yvel_plus_4_a+update_halo_kernel4_plus_4_a
1243	0.000022383	369120	ops_par_loop_group_75	update_halo_kernel2_xvel_minus_2_a+update_halo_kernel2_yvel_plus_2_a+update_halo_kernel4_plus_2_a
1244	0.000022502	369120	ops_par_loop_group_76	update_halo_kernel2_xvel_minus_2_b+update_halo_kernel2_yvel_plus_2_b+update_halo_kernel4_plus_4_b
1245	0.000018666	123040	ops_par_loop_update_halo_kernel4_plus_2_b_122	update_halo_kernel4_plus_2_b
1246	0.000497524	472842752	ops_par_loop_advec_mom_kernel_x2_123	advec_mom_kernel_x2
1247	0.000194559	236236864	ops_par_loop_advec_mom_kernel_mass_flux_x_124	advec_mom_kernel_mass_flux_x
1248	0.000572337	590438520	ops_par_loop_advec_mom_kernel_post_pre_advec_x_125	advec_mom_kernel_post_pre_advec_x
1249	0.000885592	472258640	ops_par_loop_advec_mom_kernel1_x_nonvector_126	advec_mom_kernel1_x_nonvector
1250	0.000451848	590131240	ops_par_loop_advec_mom_kernel2_x_127	advec_mom_kernel2_x
1251	0.000496873	472842752	ops_par_loop_advec_mom_kernel_x2_128	advec_mom_kernel_x2
1252	0.000195241	236236864	ops_par_loop_advec_mom_kernel_mass_flux_x_129	advec_mom_kernel_mass_flux_x
1253	0.000573689	590438520	ops_par_loop_advec_mom_kernel_post_pre_advec_x_130	advec_mom_kernel_post_pre_advec_x
1254	0.000884069	472258640	ops_par_loop_advec_mom_kernel1_x_nonvector_131	advec_mom_kernel1_x_nonvector
1255	0.000435888	471859200	ops_par_loop_reset_field_kernel1_133	reset_field_kernel1
1256	0.001438311	1534095432	ops_par_loop_group_88	advec_mom_kernel2_x+reset_field_kernel2+ideal_gas_kernel
1257	0.000022052	430304	ops_par_loop_update_halo_kernel1_b1_136	update_halo_kernel1_b1
1258	0.000021712	430304	ops_par_loop_update_halo_kernel1_t1_137	update_halo_kernel1_t1
1259	0.000026360	430304	ops_par_loop_update_halo_kernel1_l1_138	update_halo_kernel1_l1
1260	0.000026911	430304	ops_par_loop_update_halo_kernel1_r1_139	update_halo_kernel1_r1
1261	0.000022723	245952	ops_par_loop_group_93	update_halo_kernel2_xvel_plus_2_a+update_halo_kernel2_yvel_minus_2_a
1262	0.000020139	245952	ops_par_loop_group_94	update_halo_kernel2_xvel_plus_2_b+update_halo_kernel2_yvel_minus_2_b
1263	0.000022413	245952	ops_par_loop_group_95	update_halo_kernel2_xvel_minus_2_a+update_halo_kernel2_yvel_plus_2_a
1264	0.000022323	245952	ops_par_loop_group_96	update_halo_kernel2_xvel_minus_2_b+update_halo_kernel2_yvel_plus_2_b
1265	0.001738241	589885440	ops_par_loop_viscosity_kernel_148	viscosity_kernel
1266	0.000022173	430304	ops_par_loop_update_halo_kernel1_b1_149	update_halo_kernel1_b1
1267	0.000020429	430304	ops_par_loop_update_halo_kernel1_t1_150	update_halo_kernel1_t1
1268	0.000024336	430304	ops_par_loop_update_halo_kernel1_l1_151	update_halo_kernel1_l1
1269	0.000023625	430304	ops_par_loop_update_halo_kernel1_r1_152	update_halo_kernel1_r1
1270	0.000921700	1061744640	ops_par_loop_calc_dt_kernel_153	calc_dt_kernel
1271	0.001491051	1887436800	ops_par_loop_group_0	PdV_kernel_predict+ideal_gas_kernel
1272	0.000022983	430304	ops_par_loop_update_halo_kernel1_b1_2	update_halo_kernel1_b1
1273	0.000020008	430304	ops_par_loop_update_halo_kernel1_t1_3	update_halo_kernel1_t1
1274	0.000028614	430304	ops_par_loop_update_halo_kernel1_l1_4	update_halo_kernel1_l1
1275	0.000025258	430304	ops_par_loop_update_halo_kernel1_r1_5	update_halo_kernel1_r1
1276	0.001096011	1298288728	ops_par_loop_accelerate_kernel_7	accelerate_kernel
1277	0.001359572	2123366400	ops_par_loop_group_6	revert_kernel+PdV_kernel_nopredict
1278	0.000360094	471982080	ops_par_loop_flux_calc_kernelx_9	flux_calc_kernelx
1279	0.000357910	471982080	ops_par_loop_flux_calc_kernely_10	flux_calc_kernely
1280	0.000022693	553536	ops_par_loop_group_9	update_halo_kernel1_b2+update_halo_kernel4_minus_4_a
1281	0.000021039	553536	ops_par_loop_group_10	update_halo_kernel1_b1+update_halo_kernel4_minus_2_a
1282	0.000021331	369120	ops_par_loop_group_11	update_halo_kernel3_plus_4_a+update_halo_kernel2_xvel_plus_4_a+update_halo_kernel2_yvel_minus_4_a
1283	0.000020959	369120	ops_par_loop_group_12	update_halo_kernel3_plus_2_a+update_halo_kernel2_xvel_plus_2_a+update_halo_kernel2_yvel_minus_2_a
1284	0.000018635	123008	ops_par_loop_update_halo_kernel4_minus_4_b_29	update_halo_kernel4_minus_4_b
1285	0.000020789	553536	ops_par_loop_group_14	update_halo_kernel1_t2+update_halo_kernel4_minus_2_b
1286	0.000020459	430528	ops_par_loop_update_halo_kernel1_t1_14	update_halo_kernel1_t1
1287	0.000020719	246080	ops_par_loop_group_16	update_halo_kernel2_xvel_plus_4_b+update_halo_kernel2_yvel_minus_4_b
1288	0.000020890	369120	ops_par_loop_group_17	update_halo_kernel3_plus_4_b+update_halo_kernel2_xvel_plus_2_b+update_halo_kernel2_yvel_minus_2_b
1289	0.000018505	123040	ops_par_loop_update_halo_kernel3_plus_2_b_22	update_halo_kernel3_plus_2_b
1290	0.000026961	553536	ops_par_loop_group_19	update_halo_kernel1_l2+update_halo_kernel3_minus_4_a
1291	0.000023364	553536	ops_par_loop_group_20	update_halo_kernel1_l1+update_halo_kernel3_minus_2_a
1292	0.000019187	123008	ops_par_loop_update_halo_kernel3_minus_4_b_25	update_halo_kernel3_minus_4_b
1293	0.000024316	553536	ops_par_loop_group_22	update_halo_kernel1_r2+update_halo_kernel3_minus_2_b
1294	0.000021881	430528	ops_par_loop_update_halo_kernel1_r1_18	update_halo_kernel1_r1
1295	0.000023825	369120	ops_par_loop_group_24	update_halo_kernel4_plus_4_a+update_halo_kernel2_xvel_minus_4_a+update_halo_kernel2_yvel_plus_4_a
1296	0.000021812	369120	ops_par_loop_group_25	update_halo_kernel4_plus_2_a+update_halo_kernel2_xvel_minus_2_a+update_halo_kernel2_yvel_plus_2_a
1297	0.000021642	246080	ops_par_loop_group_26	update_halo_kernel2_xvel_minus_4_b+update_halo_kernel2_yvel_plus_4_b
1298	0.000022984	369120	ops_par_loop_group_27	update_halo_kernel4_plus_4_b+update_halo_kernel2_xvel_minus_2_b+update_halo_kernel2_yvel_plus_2_b
1299	0.000018655	123040	ops_par_loop_update_halo_kernel4_plus_2_b_34	update_halo_kernel4_plus_2_b
1300	0.000562959	591053440	ops_par_loop_advec_cell_kernel1_xdir_35	advec_cell_kernel1_xdir
1301	0.000773038	708203544	ops_par_loop_advec_cell_kernel3_xdir_36	advec_cell_kernel3_xdir
1302	0.001461094	1533542400	ops_par_loop_advec_cell_kernel4_xdir_37	advec_cell_kernel4_xdir
1303	0.000022713	430528	ops_par_loop_update_halo_kernel1_b2_38	update_halo_kernel1_b2
1304	0.000020449	430528	ops_par_loop_update_halo_kernel1_b1_39	update_halo_kernel1_b1
1305	0.000019948	430528	ops_par_loop_update_halo_kernel1_t2_40	update_halo_kernel1_t2
1306	0.000020248	430528	ops_par_loop_update_halo_kernel1_t1_41	update_halo_kernel1_t1
1307	0.000019327	123040	ops_par_loop_update_halo_kernel3_plus_4_a_62	update_halo_kernel3_plus_4_a
1308	0.000018565	123040	ops_par_loop_update_halo_kernel3_plus_2_a_63	update_halo_kernel3_plus_2_a
1309	0.000018615	123040	ops_par_loop_update_halo_kernel3_plus_4_b_64	update_halo_kernel3_plus_4_b
1310	0.000018816	123040	ops_par_loop_update_halo_kernel3_plus_2_b_65	update_halo_kernel3_plus_2_b
1311	0.000027031	553536	ops_par_loop_group_40	update_halo_kernel1_l2+update_halo_kernel3_minus_4_a
1312	0.000023204	553536	ops_par_loop_group_41	update_halo_kernel1_l1+update_halo_kernel3_minus_2_a
1313	0.000019306	123008	ops_par_loop_update_halo_kernel3_minus_4_b_68	update_halo_kernel3_minus_4_b
1314	0.000029516	553536	ops_par_loop_group_43	update_halo_kernel1_r2+update_halo_kernel3_minus_2_b
1315	0.000022333	430528	ops_par_loop_update_halo_kernel1_r1_45	update_halo_kernel1_r1
1316	0.000561066	591053440	ops_par_loop_advec_mom_kernel_x1_70	advec_mom_kernel_x1
1317	0.000194529	236236864	ops_par_loop_advec_mom_kernel_mass_flux_x_71	advec_mom_kernel_mass_flux_x
1318	0.000574341	590438520	ops_par_loop_advec_mom_kernel_post_pre_advec_x_72	advec_mom_kernel_post_pre_advec_x
1319	0.000883828	472258640	ops_par_loop_advec_mom_kernel1_x_nonvector_73	advec_mom_kernel1_x_nonvector
1320	0.000448181	590131240	ops_par_loop_advec_mom_kernel2_x_74	advec_mom_kernel2_x
1321	0.000562337	591053440	ops_par_loop_advec_mom_kernel_x1_75	advec_mom_kernel_x1
1322	0.000194880	236236864	ops_par_loop_advec_mom_kernel_mass_flux_x_76	advec_mom_kernel_mass_flux_x
1323	0.000576796	590438520	ops_par_loop_advec_mom_kernel_post_pre_advec_x_77	advec_mom_kernel_post_pre_advec_x
1324	0.000883748	472258640	ops_par_loop_advec_mom_kernel1_x_nonvector_78	advec_mom_kernel1_x_nonvector
1325	0.000448733	590131240	ops_par_loop_advec_mom_kernel2_x_79	advec_mom_kernel2_x
1326	0.000500210	472842752	ops_par_loop_advec_cell_kernel2_ydir_80	advec_cell_kernel2_ydir
1327	0.000789860	708203544	ops_par_loop_advec_cell_kernel3_ydir_81	advec_cell_kernel3_ydir
1328	0.001475111	1533542400	ops_par_loop_advec_cell_kernel4_ydir_82	advec_cell_kernel4_ydir
1329	0.000022503	553536	ops_par_loop_group_58	update_halo_kernel1_b2+update_halo_kernel4_minus_4_a
1330	0.000021711	553536	ops_par_loop_group_59	update_halo_kernel1_b1+update_halo_kernel4_minus_2_a
1331	0.000024637	369120	ops_par_loop_group_60	update_halo_kernel2_xvel_plus_4_a+update_halo_kernel2_yvel_minus_4_a+update_halo_kernel3_plus_4_a
1332	0.000021040	369120	ops_par_loop_group_61	update_halo_kernel2_xvel_plus_2_a+update_halo_kernel2_yvel_minus_2_a+update_halo_kernel3_plus_2_a
1333	0.000019347	246080	ops_par_loop_group_62	update_halo_kernel2_xvel_plus_4_b+update_halo_kernel2_yvel_minus_4_b
1334	0.000020980	369120	ops_par_loop_group_63	update_halo_kernel2_xvel_plus_2_b+update_halo_kernel2_yvel_minus_2_b+update_halo_kernel3_plus_4_b
1335	0.000021651	246080	ops_par_loop_group_64	update_halo_kernel2_xvel_minus_4_b+update_halo_kernel2_yvel_plus_4_b
1336	0.000019477	123040	ops_par_loop_update_halo_kernel3_plus_2_b_110	update_halo_kernel3_plus_2_b
1337	0.000019397	123008	ops_par_loop_update_halo_kernel3_minus_4_b_113	update_halo_kernel3_minus_4_b
1338	0.000018665	123008	ops_par_loop_update_halo_kernel4_minus_4_b_117	update_halo_kernel4_minus_4_b
1339	0.000021611	553536	ops_par_loop_group_68	update_halo_kernel1_t2+update_halo_kernel4_minus_2_b
1340	0.000020870	430528	ops_par_loop_update_halo_kernel1_t1_86	update_halo_kernel1_t1
1341	0.000029876	553536	ops_par_loop_group_70	update_halo_kernel1_l2+update_halo_kernel3_minus_4_a
1342	0.000024787	553536	ops_par_loop_group_71	update_halo_kernel1_l1+update_halo_kernel3_minus_2_a
1343	0.000025178	553536	ops_par_loop_group_72	update_halo_kernel1_r2+update_halo_kernel3_minus_2_b
1344	0.000022453	430528	ops_par_loop_update_halo_kernel1_r1_90	update_halo_kernel1_r1
1345	0.000024527	369120	ops_par_loop_group_74	update_halo_kernel2_xvel_minus_4_a+update_halo_kernel2_yvel_plus_4_a+update_halo_kernel4_plus_4_a
1346	0.000023515	369120	ops_par_loop_group_75	update_halo_kernel2_xvel_minus_2_a+update_halo_kernel2_yvel_plus_2_a+update_halo_kernel4_plus_2_a
1347	0.000026781	369120	ops_par_loop_group_76	update_halo_kernel2_xvel_minus_2_b+update_halo_kernel2_yvel_plus_2_b+update_halo_kernel4_plus_4_b
1348	0.000019838	123040	ops_par_loop_update_halo_kernel4_plus_2_b_122	update_halo_kernel4_plus_2_b
1349	0.000491503	472842752	ops_par_loop_advec_mom_kernel_y2_123	advec_mom_kernel_y2
1350	0.000193728	236236864	ops_par_loop_advec_mom_kernel_mass_flux_y_124	advec_mom_kernel_mass_flux_y
1351	0.000532622	590438520	ops_par_loop_advec_mom_kernel_post_pre_advec_y_125	advec_mom_kernel_post_pre_advec_y
1352	0.000879861	472258640	ops_par_loop_advec_mom_kernel1_y_nonvector_126	advec_mom_kernel1_y_nonvector
1353	0.000447409	590131240	ops_par_loop_advec_mom_kernel2_y_127	advec_mom_kernel2_y
1354	0.000491784	472842752	ops_par_loop_advec_mom_kernel_y2_128	advec_mom_kernel_y2
1355	0.000193287	236236864	ops_par_loop_advec_mom_kernel_mass_flux_y_129	advec_mom_kernel_mass_flux_y
1356	0.000533163	590438520	ops_par_loop_advec_mom_kernel_post_pre_advec_y_130	advec_mom_kernel_post_pre_advec_y
1357	0.000878178	472258640	ops_par_loop_advec_mom_kernel1_y_nonvector_131	advec_mom_kernel1_y_nonvector
1358	0.000435396	471859200	ops_par_loop_reset_field_kernel1_133	reset_field_kernel1
1359	0.001443081	1534095432	ops_par_loop_group_88	advec_mom_kernel2_y+reset_field_kernel2+ideal_gas_kernel
1360	0.000021251	430304	ops_par_loop_update_halo_kernel1_b1_136	update_halo_kernel1_b1
1361	0.000020639	430304	ops_par_loop_update_halo_kernel1_t1_137	update_halo_kernel1_t1
1362	0.000025148	430304	ops_par_loop_update_halo_kernel1_l1_138	update_halo_kernel1_l1
1363	0.000024446	430304	ops_par_loop_update_halo_kernel1_r1_139	update_halo_kernel1_r1
1364	0.000019416	245952	ops_par_loop_group_93	update_halo_kernel2_xvel_plus_2_a+update_halo_kernel2_yvel_minus_2_a
1365	0.000020098	245952	ops_par_loop_group_94	update_halo_kernel2_xvel_plus_2_b+update_halo_kernel2_yvel_minus_2_b
1366	0.000021140	245952	ops_par_loop_group_95	update_halo_kernel2_xvel_minus_2_a+update_halo_kernel2_yvel_plus_2_a
1367	0.000021812	245952	ops_par_loop_group_96	update_halo_kernel2_xvel_minus_2_b+update_halo_kernel2_yvel_plus_2_b
1368	0.001738241	589885440	ops_par_loop_viscosity_kernel_148	viscosity_kernel
1369	0.000021741	430304	ops_par_loop_update_halo_kernel1_b1_149	update_halo_kernel1_b1
1370	0.000020419	430304	ops_par_loop_update_halo_kernel1_t1_150	update_halo_kernel1_t1
1371	0.000023675	430304	ops_par_loop_update_halo_kernel1_l1_151	update_halo_kernel1_l1
1372	0.000023775	430304	ops_par_loop_update_halo_kernel1_r1_152	update_halo_kernel1_r1
1373	0.000918845	1061744640	ops_par_loop_calc_dt_kernel_153	calc_dt_kernel
1374	0.001485511	1887436800	ops_par_loop_group_0	PdV_kernel_predict+ideal_gas_kernel
1375	0.000021431	430304	ops_par_loop_update_halo_kernel1_b1_2	update_halo_kernel1_b1
1376	0.000020218	430304	ops_par_loop_update_halo_kernel1_t1_3	update_halo_kernel1_t1
1377	0.000024246	430304	ops_par_loop_update_halo_kernel1_l1_4	update_halo_kernel1_l1
1378	0.000025348	430304	ops_par_loop_update_halo_kernel1_r1_5	update_halo_kernel1_r1
1379	0.001098105	1298288728	ops_par_loop_accelerate_kernel_7	accelerate_kernel
1380	0.001361055	2123366400	ops_par_loop_group_6	revert_kernel+PdV_kernel_nopredict
1381	0.000359122	471982080	ops_par_loop_flux_calc_kernelx_9	flux_calc_kernelx
1382	0.000358251	471982080	ops_par_loop_flux_calc_kernely_10	flux_calc_kernely
1383	0.000022443	553536	ops_par_loop_group_9	update_halo_kernel1_b2+update_halo_kernel4_minus_4_a
1384	0.000020969	553536	ops_par_loop_group_10	update_halo_kernel1_b1+update_halo_kernel4_minus_2_a
1385	0.000021261	369120	ops_par_loop_group_11	update_halo_kernel3_plus_4_a+update_halo_kernel2_xvel_plus_4_a+update_halo_kernel2_yvel_minus_4_a
1386	0.000020990	369120	ops_par_loop_group_12	update_halo_kernel3_plus_2_a+update_halo_kernel2_xvel_plus_2_a+update_halo_kernel2_yvel_minus_2_a
1387	0.000018966	123008	ops_par_loop_update_halo_kernel4_minus_4_b_29	update_halo_kernel4_minus_4_b
1388	0.000021671	553536	ops_par_loop_group_14	update_halo_kernel1_t2+update_halo_kernel4_minus_2_b
1389	0.000019988	430528	ops_par_loop_update_halo_kernel1_t1_14	update_halo_kernel1_t1
1390	0.000021020	246080	ops_par_loop_group_16	update_halo_kernel2_xvel_plus_4_b+update_halo_kernel2_yvel_minus_4_b
1391	0.000021120	369120	ops_par_loop_group_17	update_halo_kernel3_plus_4_b+update_halo_kernel2_xvel_plus_2_b+update_halo_kernel2_yvel_minus_2_b
1392	0.000019347	123040	ops_par_loop_update_halo_kernel3_plus_2_b_22	update_halo_kernel3_plus_2_b
1393	0.000025558	553536	ops_par_loop_group_19	update_halo_kernel1_l2+update_halo_kernel3_minus_4_a
1394	0.000022703	553536	ops_par_loop_group_20	update_halo_kernel1_l1+update_halo_kernel3_minus_2_a
1395	0.000019578	123008	ops_par_loop_update_halo_kernel3_minus_4_b_25	update_halo_kernel3_minus_4_b
1396	0.000024827	553536	ops_par_loop_group_22	update_halo_kernel1_r2+update_halo_kernel3_minus_2_b
1397	0.000022072	430528	ops_par_loop_update_halo_kernel1_r1_18	update_halo_kernel1_r1
1398	0.000023114	369120	ops_par_loop_group_24	update_halo_kernel4_plus_4_a+update_halo_kernel2_xvel_minus_4_a+update_halo_kernel2_yvel_plus_4_a
1399	0.000021732	369120	ops_par_loop_group_25	update_halo_kernel4_plus_2_a+update_halo_kernel2_xvel_minus_2_a+update_halo_kernel2_yvel_plus_2_a
1400	0.000020409	246080	ops_par_loop_group_26	update_halo_kernel2_xvel_minus_4_b+update_halo_kernel2_yvel_plus_4_b
1401	0.000022302	369120	ops_par_loop_group_27	update_halo_kernel4_plus_4_b+update_halo_kernel2_xvel_minus_2_b+update_halo_kernel2_yvel_plus_2_b
1402	0.000018505	123040	ops_par_loop_update_halo_kernel4_plus_2_b_34	update_halo_kernel4_plus_2_b
1403	0.000564322	591053440	ops_par_loop_advec_cell_kernel1_ydir_35	advec_cell_kernel1_ydir
1404	0.000789329	708203544	ops_par_loop_advec_cell_kernel3_ydir_36	advec_cell_kernel3_ydir
1405	0.001475522	1533542400	ops_par_loop_advec_cell_kernel4_ydir_37	advec_cell_kernel4_ydir
1406	0.000022433	553536	ops_par_loop_group_32	update_halo_kernel1_b2+update_halo_kernel4_minus_4_a
1407	0.000020870	553536	ops_par_loop_group_33	update_halo_kernel1_b1+update_halo_kernel4_minus_2_a
1408	0.000018776	123008	ops_par_loop_update_halo_kernel4_minus_4_b_64	update_halo_kernel4_minus_4_b
1409	0.000021010	553536	ops_par_loop_group_35	update_halo_kernel1_t2+update_halo_kernel4_minus_2_b
1410	0.000020159	430528	ops_par_loop_update_halo_kernel1_t1_41	update_halo_kernel1_t1
1411	0.000024196	430528	ops_par_loop_update_halo_kernel1_l2_42	update_halo_kernel1_l2
1412	0.000021541	430528	ops_par_loop_update_halo_kernel1_l1_43	update_halo_kernel1_l1
1413	0.000022813	430528	ops_par_loop_update_halo_kernel1_r2_44	update_halo_kernel1_r2
1414	0.000021460	430528	ops_par_loop_update_halo_kernel1_r1_45	update_halo_kernel1_r1
1415	0.000020208	123040	ops_par_loop_update_halo_kernel4_plus_4_a_66	update_halo_kernel4_plus_4_a
1416	0.000018936	123040	ops_par_loop_update_halo_kernel4_plus_2_a_67	update_halo_kernel4_plus_2_a
1417	0.000019407	123040	ops_par_loop_update_halo_kernel4_plus_4_b_68	update_halo_kernel4_plus_4_b
1418	0.000018375	123040	ops_par_loop_update_halo_kernel4_plus_2_b_69	update_halo_kernel4_plus_2_b
1419	0.000562078	591053440	ops_par_loop_advec_mom_kernel_y1_70	advec_mom_kernel_y1
1420	0.000191513	236236864	ops_par_loop_advec_mom_kernel_mass_flux_y_71	advec_mom_kernel_mass_flux_y
1421	0.000531219	590438520	ops_par_loop_advec_mom_kernel_post_pre_advec_y_72	advec_mom_kernel_post_pre_advec_y
1422	0.000878990	472258640	ops_par_loop_advec_mom_kernel1_y_nonvector_73	advec_mom_kernel1_y_nonvector
1423	0.000454012	590131240	ops_par_loop_advec_mom_kernel2_y_74	advec_mom_kernel2_y
1424	0.000561596	591053440	ops_par_loop_advec_mom_kernel_y1_75	advec_mom_kernel_y1
1425	0.000191664	236236864	ops_par_loop_advec_mom_kernel_mass_flux_y_76	advec_mom_kernel_mass_flux_y
1426	0.000531299	590438520	ops_par_loop_advec_mom_kernel_post_pre_advec_y_77	advec_mom_kernel_post_pre_advec_y
1427	0.000877566	472258640	ops_par_loop_advec_mom_kernel1_y_nonvector_78	advec_mom_kernel1_y_nonvector
1428	0.000451768	590131240	ops_par_loop_advec_mom_kernel2_y_79	advec_mom_kernel2_y
1429	0.000491694	472842752	ops_par_loop_advec_cell_kernel2_xdir_80	advec_cell_kernel2_xdir
1430	0.000773378	708203544	ops_par_loop_advec_cell_kernel3_xdir_81	advec_cell_kernel3_xdir
1431	0.001457908	1533542400	ops_par_loop_advec_cell_kernel4_xdir_82	advec_cell_kernel4_xdir
1432	0.000024005	553536	ops_par_loop_group_58	update_halo_kernel1_b2+update_halo_kernel4_minus_4_a
1433	0.000022904	553536	ops_par_loop_group_59	update_halo_kernel1_b1+update_halo_kernel4_minus_2_a
1434	0.000021561	369120	ops_par_loop_group_60	update_halo_kernel2_xvel_plus_4_a+update_halo_kernel2_yvel_minus_4_a+update_halo_kernel3_plus_4_a
1435	0.000021120	369120	ops_par_loop_group_61	update_halo_kernel2_xvel_plus_2_a+update_halo_kernel2_yvel_minus_2_a+update_halo_kernel3_plus_2_a
1436	0.000019847	246080	ops_par_loop_group_62	update_halo_kernel2_xvel_plus_4_b+update_halo_kernel2_yvel_minus_4_b
1437	0.000021722	369120	ops_par_loop_group_63	update_halo_kernel2_xvel_plus_2_b+update_halo_kernel2_yvel_minus_2_b+update_halo_kernel3_plus_4_b
1438	0.000021641	246080	ops_par_loop_group_64	update_halo_kernel2_xvel_minus_4_b+update_halo_kernel2_yvel_plus_4_b
1439	0.000019527	123040	ops_par_loop_update_halo_kernel3_plus_2_b_110	update_halo_kernel3_plus_2_b
1440	0.000018936	123008	ops_par_loop_update_halo_kernel3_minus_4_b_113	update_halo_kernel3_minus_4_b
1441	0.000018055	123008	ops_par_loop_update_halo_kernel4_minus_4_b_117	update_halo_kernel4_minus_4_b
1442	0.000021771	553536	ops_par_loop_group_68	update_halo_kernel1_t2+update_halo_kernel4_minus_2_b
1443	0.000020860	430528	ops_par_loop_update_halo_kernel1_t1_86	update_halo_kernel1_t1
1444	0.000026580	553536	ops_par_loop_group_70	update_halo_kernel1_l2+update_halo_kernel3_minus_4_a
1445	0.000023595	553536	ops_par_loop_group_71	update_halo_kernel1_l1+update_halo_kernel3_minus_2_a
1446	0.000024977	553536	ops_par_loop_group_72	update_halo_kernel1_r2+update_halo_kernel3_minus_2_b
1447	0.000022052	430528	ops_par_loop_update_halo_kernel1_r1_90	update_halo_kernel1_r1
1448	0.000024046	369120	ops_par_loop_group_74	update_halo_kernel2_xvel_minus_4_a+update_halo_kernel2_yvel_plus_4_a+update_halo_kernel4_plus_4_a
1449	0.000022282	369120	ops_par_loop_group_75	update_halo_kernel2_xvel_minus_2_a+update_halo_kernel2_yvel_plus_2_a+update_halo_kernel4_plus_2_a
1450	0.000022102	369120	ops_par_loop_group_76	update_halo_kernel2_xvel_minus_2_b+update_halo_kernel2_yvel_plus_2_b+update_halo_kernel4_plus_4_b
1451	0.000018936	123040	ops_par_loop_update_halo_kernel4_plus_2_b_122	update_halo_kernel4_plus_2_b
1452	0.000497475	472842752	ops_par_loop_advec_mom_kernel_x2_123	advec_mom_kernel_x2
1453	0.000195301	236236864	ops_par_loop_advec_mom_kernel_mass_flux_x_124	advec_mom_kernel_mass_flux_x
1454	0.000574271	590438520	ops_par_loop_advec_mom_kernel_post_pre_advec_x_125	advec_mom_kernel_post_pre_advec_x
1455	0.000884319	472258640	ops_par_loop_advec_mom_kernel1_x_nonvector_126	advec_mom_kernel1_x_nonvector
1456	0.000447931	590131240	ops_par_loop_advec_mom_kernel2_x_127	advec_mom_kernel2_x
1457	0.000496933	472842752	ops_par_loop_advec_mom_kernel_x2_128	advec_mom_kernel_x2
1458	0.000194460	236236864	ops_par_loop_advec_mom_kernel_mass_flux_x_129	advec_mom_kernel_mass_flux_x
1459	0.000574691	590438520	ops_par_loop_advec_mom_kernel_post_pre_advec_x_130	advec_mom_kernel_post_pre_advec_x
1460	0.000884930	472258640	ops_par_loop_advec_mom_kernel1_x_nonvector_131	advec_mom_kernel1_x_nonvector
1461	0.000436369	471859200	ops_par_loop_reset_field_kernel1_133	reset_field_kernel1
1462	0.001433171	1534095432	ops_par_loop_group_88	advec_mom_kernel2_x+reset_field_kernel2+ideal_gas_kernel
1463	0.000022242	430304	ops_par_loop_update_halo_kernel1_b1_136	update_halo_kernel1_b1
1464	0.000020819	430304	ops_par_loop_update_halo_kernel1_t1_137	update_halo_kernel1_t1
1465	0.000023866	430304	ops_par_loop_update_halo_kernel1_l1_138	update_halo_kernel1_l1
1466	0.000024085	430304	ops_par_loop_update_halo_kernel1_r1_139	update_halo_kernel1_r1
1467	0.000019797	245952	ops_par_loop_group_93	update_halo_kernel2_xvel_plus_2_a+update_halo_kernel2_yvel_minus_2_a
1468	0.000019507	245952	ops_par_loop_group_94	update_halo_kernel2_xvel_plus_2_b+update_halo_kernel2_yvel_minus_2_b
1469	0.000021250	245952	ops_par_loop_group_95	update_halo_kernel2_xvel_minus_2_a+update_halo_kernel2_yvel_plus_2_a
1470	0.000021120	245952	ops_par_loop_group_96	update_halo_kernel2_xvel_minus_2_b+update_halo_kernel2_yvel_plus_2_b
1471	0.001738281	589885440	ops_par_loop_viscosity_kernel_148	viscosity_kernel
1472	0.000021871	430304	ops_par_loop_update_halo_kernel1_b1_149	update_halo_kernel1_b1
1473	0.000020990	430304	ops_par_loop_update_halo_kernel1_t1_150	update_halo_kernel1_t1
1474	0.000024135	430304	ops_par_loop_update_halo_kernel1_l1_151	update_halo_kernel1_l1
1475	0.000024016	430304	ops_par_loop_update_halo_kernel1_r1_152	update_halo_kernel1_r1
1476	0.000918564	1061744640	ops_par_loop_calc_dt_kernel_153	calc_dt_kernel
1477	0.001487896	1887436800	ops_par_loop_group_0	PdV_kernel_predict+ideal_gas_kernel
1478	0.000023264	430304	ops_par_loop_update_halo_kernel1_b1_2	update_halo_kernel1_b1
1479	0.000020619	430304	ops_par_loop_update_halo_kernel1_t1_3	update_halo_kernel1_t1
1480	0.000024126	430304	ops_par_loop_update_halo_kernel1_l1_4	update_halo_kernel1_l1
1481	0.000024186	430304	ops_par_loop_update_halo_kernel1_r1_5	update_halo_kernel1_r1
1482	0.001094599	1298288728	ops_par_loop_accelerate_kernel_7	accelerate_kernel
1483	0.001359111	2123366400	ops_par_loop_group_6	revert_kernel+PdV_kernel_nopredict
1484	0.000361446	471982080	ops_par_loop_flux_calc_kernelx_9	flux_calc_kernelx
1485	0.000359492	471982080	ops_par_loop_flux_calc_kernely_10	flux_calc_kernely
1486	0.000022002	553536	ops_par_loop_group_9	update_halo_kernel1_b2+update_halo_kernel4_minus_4_a
1487	0.000020860	553536	ops_par_loop_group_10	update_halo_kernel1_b1+update_halo_kernel4_minus_2_a
1488	0.000021200	369120	ops_par_loop_group_11	update_halo_kernel3_plus_4_a+update_halo_kernel2_xvel_plus_4_a+update_halo_kernel2_yvel_minus_4_a
1489	0.000020449	369120	ops_par_loop_group_12	update_halo_kernel3_plus_2_a+update_halo_kernel2_xvel_plus_2_a+update_halo_kernel2_yvel_minus_2_a
1490	0.000018515	123008	ops_par_loop_update_halo_kernel4_minus_4_b_29	update_halo_kernel4_minus_4_b
1491	0.000021501	553536	ops_par_loop_group_14	update_halo_kernel1_t2+update_halo_kernel4_minus_2_b
1492	0.000020689	430528	ops_par_loop_update_halo_kernel1_t1_14	update_halo_kernel1_t1
1493	0.000020770	246080	ops_par_loop_group_16	update_halo_kernel2_xvel_plus_4_b+update_halo_kernel2_yvel_minus_4_b
1494	0.000020920	369120	ops_par_loop_group_17	update_halo_kernel3_plus_4_b+update_halo_kernel2_xvel_plus_2_b+update_halo_kernel2_yvel_minus_2_b
1495	0.000018986	123040	ops_par_loop_update_halo_kernel3_plus_2_b_22	update_halo_kernel3_plus_2_b
1496	0.000025749	553536	ops_par_loop_group_19	update_halo_kernel1_l2+update_halo_kernel3_minus_4_a
1497	0.000023515	553536	ops_par_loop_group_20	update_halo_kernel1_l1+update_halo_kernel3_minus_2_a
1498	0.000019206	123008	ops_par_loop_update_halo_kernel3_minus_4_b_25	update_halo_kernel3_minus_4_b
1499	0.000024666	553536	ops_par_loop_group_22	update_halo_kernel1_r2+update_halo_kernel3_minus_2_b
1500	0.000021931	430528	ops_par_loop_update_halo_kernel1_r1_18	update_halo_kernel1_r1
1501	0.000024226	369120	ops_par_loop_group_24	update_halo_kernel4_plus_4_a+update_halo_kernel2_xvel_minus_4_a+update_halo_kernel2_yvel_plus_4_a
1502	0.000022202	369120	ops_par_loop_group_25	update_halo_kernel4_plus_2_a+update_halo_kernel2_xvel_minus_2_a+update_halo_kernel2_yvel_plus_2_a
1503	0.000020839	246080	ops_par_loop_group_26	update_halo_kernel2_xvel_minus_4_b+update_halo_kernel2_yvel_plus_4_b
1504	0.000022162	369120	ops_par_loop_group_27	update_halo_kernel4_plus_4_b+update_halo_kernel2_xvel_minus_2_b+update_halo_kernel2_yvel_plus_2_b
1505	0.000018555	123040	ops_par_loop_update_halo_kernel4_plus_2_b_34	update_halo_kernel4_plus_2_b
1506	0.000564532	591053440	ops_par_loop_advec_cell_kernel1_xdir_35	advec_cell_kernel1_xdir
1507	0.000773148	708203544	ops_par_loop_advec_cell_kernel3_xdir_36	advec_cell_kernel3_xdir
1508	0.001457147	1533542400	ops_par_loop_advec_cell_kernel4_xdir_37	advec_cell_kernel4_xdir
1509	0.000022242	430528	ops_par_loop_update_halo_kernel1_b2_38	update_halo_kernel1_b2
1510	0.000022483	430528	ops_par_loop_update_halo_kernel1_b1_39	update_halo_kernel1_b1
1511	0.000020900	430528	ops_par_loop_update_halo_kernel1_t2_40	update_halo_kernel1_t2
1512	0.000019487	430528	ops_par_loop_update_halo_kernel1_t1_41	update_halo_kernel1_t1
1513	0.000019246	123040	ops_par_loop_update_halo_kernel3_plus_4_a_62	update_halo_kernel3_plus_4_a
1514	0.000023935	123040	ops_par_loop_update_halo_kernel3_plus_2_a_63	update_halo_kernel3_plus_2_a
1515	0.000018695	123040	ops_par_loop_update_halo_kernel3_plus_4_b_64	update_halo_kernel3_plus_4_b
1516	0.000019106	123040	ops_par_loop_update_halo_kernel3_plus_2_b_65	update_halo_kernel3_plus_2_b
1517	0.000026270	553536	ops_par_loop_group_40	update_halo_kernel1_l2+update_halo_kernel3_minus_4_a
1518	0.000024316	553536	ops_par_loop_group_41	update_halo_kernel1_l1+update_halo_kernel3_minus_2_a
1519	0.000019527	123008	ops_par_loop_update_halo_kernel3_minus_4_b_68	update_halo_kernel3_minus_4_b
1520	0.000025087	553536	ops_par_loop_group_43	update_halo_kernel1_r2+update_halo_kernel3_minus_2_b
1521	0.000021601	430528	ops_par_loop_update_halo_kernel1_r1_45	update_halo_kernel1_r1
1522	0.000561066	591053440	ops_par_loop_advec_mom_kernel_x1_70	advec_mom_kernel_x1
1523	0.000194139	236236864	ops_par_loop_advec_mom_kernel_mass_flux_x_71	advec_mom_kernel_mass_flux_x
1524	0.000577828	590438520	ops_par_loop_advec_mom_kernel_post_pre_advec_x_72	advec_mom_kernel_post_pre_advec_x
1525	0.000883889	472258640	ops_par_loop_advec_mom_kernel1_x_nonvector_73	advec_mom_kernel1_x_nonvector
1526	0.000446478	590131240	ops_par_loop_advec_mom_kernel2_x_74	advec_mom_kernel2_x
1527	0.000561627	591053440	ops_par_loop_advec_mom_kernel_x1_75	advec_mom_kernel_x1
1528	0.000194208	236236864	ops_par_loop_advec_mom_kernel_mass_flux_x_76	advec_mom_kernel_mass_flux_x
1529	0.000574982	590438520	ops_par_loop_advec_mom_kernel_post_pre_advec_x_77	advec_mom_kernel_post_pre_advec_x
1530	0.000884730	472258640	ops_par_loop_advec_mom_kernel1_x_nonvector_78	advec_mom_kernel1_x_nonvector
1531	0.000456016	590131240	ops_par_loop_advec_mom_kernel2_x_79	advec_mom_kernel2_x
1532	0.000499599	472842752	ops_par_loop_advec_cell_kernel2_ydir_80	advec_cell_kernel2_ydir
1533	0.000789859	708203544	ops_par_loop_advec_cell_kernel3_ydir_81	advec_cell_kernel3_ydir
1534	0.001473729	1533542400	ops_par_loop_advec_cell_kernel4_ydir_82	advec_cell_kernel4_ydir
1535	0.000022623	553536	ops_par_loop_group_58	update_halo_kernel1_b2+update_halo_kernel4_minus_4_a
1536	0.000022192	553536	ops_par_loop_group_59	update_halo_kernel1_b1+update_halo_kernel4_minus_2_a
1537	0.000021992	369120	ops_par_loop_group_60	update_halo_kernel2_xvel_plus_4_a+update_halo_kernel2_yvel_minus_4_a+update_halo_kernel3_plus_4_a
1538	0.000021311	369120	ops_par_loop_group_61	update_halo_kernel2_xvel_plus_2_a+update_halo_kernel2_yvel_minus_2_a+update_halo_kernel3_plus_2_a
1539	0.000019026	246080	ops_par_loop_group_62	update_halo_kernel2_xvel_plus_4_b+update_halo_kernel2_yvel_minus_4_b
1540	0.000020739	369120	ops_par_loop_group_63	update_halo_kernel2_xvel_plus_2_b+update_halo_kernel2_yvel_minus_2_b+update_halo_kernel3_plus_4_b
1541	0.000021410	246080	ops_par_loop_group_64	update_halo_kernel2_xvel_minus_4_b+update_halo_kernel2_yvel_plus_4_b
1542	0.000019808	123040	ops_par_loop_update_halo_kernel3_plus_2_b_110	update_halo_kernel3_plus_2_b
1543	0.000019578	123008	ops_par_loop_update_halo_kernel3_minus_4_b_113	update_halo_kernel3_minus_4_b
1544	0.000018314	123008	ops_par_loop_update_halo_kernel4_minus_4_b_117	update_halo_kernel4_minus_4_b
1545	0.000020810	553536	ops_par_loop_group_68	update_halo_kernel1_t2+update_halo_kernel4_minus_2_b
1546	0.000020909	430528	ops_par_loop_update_halo_kernel1_t1_86	update_halo_kernel1_t1
1547	0.000026991	553536	ops_par_loop_group_70	update_halo_kernel1_l2+update_halo_kernel3_minus_4_a
1548	0.000023525	553536	ops_par_loop_group_71	update_halo_kernel1_l1+update_halo_kernel3_minus_2_a
1549	0.000024656	553536	ops_par_loop_group_72	update_halo_kernel1_r2+update_halo_kernel3_minus_2_b
1550	0.000021972	430528	ops_par_loop_update_halo_kernel1_r1_90	update_halo_kernel1_r1
1551	0.000023114	369120	ops_par_loop_group_74	update_halo_kernel2_xvel_minus_4_a+update_halo_kernel2_yvel_plus_4_a+update_halo_kernel4_plus_4_a
1552	0.000021260	369120	ops_par_loop_group_75	update_halo_kernel2_xvel_minus_2_a+update_halo_kernel2_yvel_plus_2_a+update_halo_kernel4_plus_2_a
1553	0.000022142	369120	ops_par_loop_group_76	update_halo_kernel2_xvel_minus_2_b+update_halo_kernel2_yvel_plus_2_b+update_halo_kernel4_plus_4_b
1554	0.000024486	123040	ops_par_loop_update_halo_kernel4_plus_2_b_122	update_halo_kernel4_plus_2_b
1555	0.000491073	472842752	ops_par_loop_advec_mom_kernel_y2_123	advec_mom_kernel_y2
1556	0.000192315	236236864	ops_par_loop_advec_mom_kernel_mass_flux_y_124	advec_mom_kernel_mass_flux_y
1557	0.000532501	590438520	ops_par_loop_advec_mom_kernel_post_pre_advec_y_125	advec_mom_kernel_post_pre_advec_y
1558	0.000878939	472258640	ops_par_loop_advec_mom_kernel1_y_nonvector_126	advec_mom_kernel1_y_nonvector
1559	0.000449503	590131240	ops_par_loop_advec_mom_kernel2_y_127	advec_mom_kernel2_y
1560	0.000490261	472842752	ops_par_loop_advec_mom_kernel_y2_128	advec_mom_kernel_y2
1561	0.000191884	236236864	ops_par_loop_advec_mom_kernel_mass_flux_y_129	advec_mom_kernel_mass_flux_y
1562	0.000531118	590438520	ops_par_loop_advec_mom_kernel_post_pre_advec_y_130	advec_mom_kernel_post_pre_advec_y
1563	0.000877877	472258640	ops_par_loop_advec_mom_kernel1_y_nonvector_131	advec_mom_kernel1_y_nonvector
1564	0.000435627	471859200	ops_par_loop_reset_field_kernel1_133	reset_field_kernel1
1565	0.001435205	1534095432	ops_par_loop_group_88	advec_mom_kernel2_y+reset_field_kernel2+ideal_gas_kernel
1566	0.000021791	430304	ops_par_loop_update_halo_kernel1_b1_136	update_halo_kernel1_b1
1567	0.000021471	430304	ops_par_loop_update_halo_kernel1_t1_137	update_halo_kernel1_t1
1568	0.000024827	430304	ops_par_loop_update_halo_kernel1_l1_138	update_halo_kernel1_l1
1569	0.000023966	430304	ops_par_loop_update_halo_kernel1_r1_139	update_halo_kernel1_r1
1570	0.000019547	245952	ops_par_loop_group_93	update_halo_kernel2_xvel_plus_2_a+update_halo_kernel2_yvel_minus_2_a
1571	0.000020128	245952	ops_par_loop_group_94	update_halo_kernel2_xvel_plus_2_b+update_halo_kernel2_yvel_minus_2_b
1572	0.000021812	245952	ops_par_loop_group_95	update_halo_kernel2_xvel_minus_2_a+update_halo_kernel2_yvel_plus_2_a
1573	0.000022453	245952	ops_par_loop_group_96	update_halo_kernel2_xvel_minus_2_b+update_halo_kernel2_yvel_plus_2_b
1574	0.001737319	589885440	ops_par_loop_viscosity_kernel_148	viscosity_kernel
1575	0.000022783	430304	ops_par_loop_update_halo_kernel1_b1_149	update_halo_kernel1_b1
1576	0.000020388	430304	ops_par_loop_update_halo_kernel1_t1_150	update_halo_kernel1_t1
1577	0.000023845	430304	ops_par_loop_update_halo_kernel1_l1_151	update_halo_kernel1_l1
1578	0.000024226	430304	ops_par_loop_update_halo_kernel1_r1_152	update_halo_kernel1_r1
1579	0.000919977	1061744640	ops_par_loop_calc_dt_kernel_153	calc_dt_kernel
1580	0.001484399	1887436800	ops_par_loop_group_0	PdV_kernel_predict+ideal_gas_kernel
1581	0.000021541	430304	ops_par_loop_update_halo_kernel1_b1_2	update_halo_kernel1_b1
1582	0.000020388	430304	ops_par_loop_update_halo_kernel1_t1_3	update_halo_kernel1_t1
1583	0.000025088	430304	ops_par_loop_update_halo_kernel1_l1_4	update_halo_kernel1_l1
1584	0.000024146	430304	ops_par_loop_update_halo_kernel1_r1_5	update_halo_kernel1_r1
1585	0.001097244	1298288728	ops_par_loop_accelerate_kernel_7	accelerate_kernel
1586	0.001359151	2123366400	ops_par_loop_group_6	revert_kernel+PdV_kernel_nopredict
1587	0.000359433	471982080	ops_par_loop_flux_calc_kernelx_9	flux_calc_kernelx
1588	0.000357539	471982080	ops_par_loop_flux_calc_kernely_10	flux_calc_kernely
1589	0.000022483	553536	ops_par_loop_group_9	update_halo_kernel1_b2+update_halo_kernel4_minus_4_a
1590	0.000021170	553536	ops_par_loop_group_10	update_halo_kernel1_b1+update_halo_kernel4_minus_2_a
1591	0.000022162	369120	ops_par_loop_group_11	update_halo_kernel3_plus_4_a+update_halo_kernel2_xvel_plus_4_a+update_halo_kernel2_yvel_minus_4_a
1592	0.000020780	369120	ops_par_loop_group_12	update_halo_kernel3_plus_2_a+update_halo_kernel2_xvel_plus_2_a+update_halo_kernel2_yvel_minus_2_a
1593	0.000018405	123008	ops_par_loop_update_halo_kernel4_minus_4_b_29	update_halo_kernel4_minus_4_b
1594	0.000021000	553536	ops_par_loop_group_14	update_halo_kernel1_t2+update_halo_kernel4_minus_2_b
1595	0.000020158	430528	ops_par_loop_update_halo_kernel1_t1_14	update_halo_kernel1_t1
1596	0.000019908	246080	ops_par_loop_group_16	update_halo_kernel2_xvel_plus_4_b+update_halo_kernel2_yvel_minus_4_b
1597	0.000020258	369120	ops_par_loop_group_17	update_halo_kernel3_plus_4_b+update_halo_kernel2_xvel_plus_2_b+update_halo_kernel2_yvel_minus_2_b
1598	0.000018846	123040	ops_par_loop_update_halo_kernel3_plus_2_b_22	update_halo_kernel3_plus_2_b
1599	0.000026480	553536	ops_par_loop_group_19	update_halo_kernel1_l2+update_halo_kernel3_minus_4_a
1600	0.000024347	553536	ops_par_loop_group_20	update_halo_kernel1_l1+update_halo_kernel3_minus_2_a
1601	0.000019097	123008	ops_par_loop_update_halo_kernel3_minus_4_b_25	update_halo_kernel3_minus_4_b
1602	0.000024447	553536	ops_par_loop_group_22	update_halo_kernel1_r2+update_halo_kernel3_minus_2_b
1603	0.000021832	430528	ops_par_loop_update_halo_kernel1_r1_18	update_halo_kernel1_r1
1604	0.000023705	369120	ops_par_loop_group_24	update_halo_kernel4_plus_4_a+update_halo_kernel2_xvel_minus_4_a+update_halo_kernel2_yvel_plus_4_a
1605	0.000021621	369120	ops_par_loop_group_25	update_halo_kernel4_plus_2_a+update_halo_kernel2_xvel_minus_2_a+update_halo_kernel2_yvel_plus_2_a
1606	0.000020309	246080	ops_par_loop_group_26	update_halo_kernel2_xvel_minus_4_b+update_halo_kernel2_yvel_plus_4_b
1607	0.000022593	369120	ops_par_loop_group_27	update_halo_kernel4_plus_4_b+update_halo_kernel2_xvel_minus_2_b+update_halo_kernel2_yvel_plus_2_b
1608	0.000018816	123040	ops_par_loop_update_halo_kernel4_plus_2_b_34	update_halo_kernel4_plus_2_b
1609	0.000563289	591053440	ops_par_loop_advec_cell_kernel1_ydir_35	advec_cell_kernel1_ydir
1610	0.000788547	708203544	ops_par_loop_advec_cell_kernel3_ydir_36	advec_cell_kernel3_ydir
1611	0.001472707	1533542400	ops_par_loop_advec_cell_kernel4_ydir_37	advec_cell_kernel4_ydir
1612	0.000022503	553536	ops_par_loop_group_32	update_halo_kernel1_b2+update_halo_kernel4_minus_4_a
1613	0.000021141	553536	ops_par_loop_group_33	update_halo_kernel1_b1+update_halo_kernel4_minus_2_a
1614	0.000018996	123008	ops_par_loop_update_halo_kernel4_minus_4_b_64	update_halo_kernel4_minus_4_b
1615	0.000021420	553536	ops_par_loop_group_35	update_halo_kernel1_t2+update_halo_kernel4_minus_2_b
1616	0.000020168	430528	ops_par_loop_update_halo_kernel1_t1_41	update_halo_kernel1_t1
1617	0.000024165	430528	ops_par_loop_update_halo_kernel1_l2_42	update_halo_kernel1_l2
1618	0.000021520	430528	ops_par_loop_update_halo_kernel1_l1_43	update_halo_kernel1_l1
1619	0.000023695	430528	ops_par_loop_update_halo_kernel1_r2_44	update_halo_kernel1_r2
1620	0.000021942	430528	ops_par_loop_update_halo_kernel1_r1_45	update_halo_kernel1_r1
1621	0.000019958	123040	ops_par_loop_update_halo_kernel4_plus_4_a_66	update_halo_kernel4_plus_4_a
1622	0.000018506	123040	ops_par_loop_update_halo_kernel4_plus_2_a_67	update_halo_kernel4_plus_2_a
1623	0.000019207	123040	ops_par_loop_update_halo_kernel4_plus_4_b_68	update_halo_kernel4_plus_4_b
1624	0.000018845	123040	ops_par_loop_update_halo_kernel4_plus_2_b_69	update_halo_kernel4_plus_2_b
1625	0.000561145	591053440	ops_par_loop_advec_mom_kernel_y1_70	advec_mom_kernel_y1
1626	0.000191253	236236864	ops_par_loop_advec_mom_kernel_mass_flux_y_71	advec_mom_kernel_mass_flux_y
1627	0.000530397	590438520	ops_par_loop_advec_mom_kernel_post_pre_advec_y_72	advec_mom_kernel_post_pre_advec_y
1628	0.000880221	472258640	ops_par_loop_advec_mom_kernel1_y_nonvector_73	advec_mom_kernel1_y_nonvector
1629	0.000445145	590131240	ops_par_loop_advec_mom_kernel2_y_74	advec_mom_kernel2_y
1630	0.000561917	591053440	ops_par_loop_advec_mom_kernel_y1_75	advec_mom_kernel_y1
1631	0.000191714	236236864	ops_par_loop_advec_mom_kernel_mass_flux_y_76	advec_mom_kernel_mass_flux_y
1632	0.000534696	590438520	ops_par_loop_advec_mom_kernel_post_pre_advec_y_77	advec_mom_kernel_post_pre_advec_y
1633	0.000877546	472258640	ops_par_loop_advec_mom_kernel1_y_nonvector_78	advec_mom_kernel1_y_nonvector
1634	0.000451047	590131240	ops_par_loop_advec_mom_kernel2_y_79	advec_mom_kernel2_y
1635	0.000493848	472842752	ops_par_loop_advec_cell_kernel2_xdir_80	advec_cell_kernel2_xdir
1636	0.000774050	708203544	ops_par_loop_advec_cell_kernel3_xdir_81	advec_cell_kernel3_xdir
1637	0.001461615	1533542400	ops_par_loop_advec_cell_kernel4_xdir_82	advec_cell_kernel4_xdir
1638	0.000022903	553536	ops_par_loop_group_58	update_halo_kernel1_b2+update_halo_kernel4_minus_4_a
1639	0.000021982	553536	ops_par_loop_group_59	update_halo_kernel1_b1+update_halo_kernel4_minus_2_a
1640	0.000021531	369120	ops_par_loop_group_60	update_halo_kernel2_xvel_plus_4_a+update_halo_kernel2_yvel_minus_4_a+update_halo_kernel3_plus_4_a
1641	0.000021962	369120	ops_par_loop_group_61	update_halo_kernel2_xvel_plus_2_a+update_halo_kernel2_yvel_minus_2_a+update_halo_kernel3_plus_2_a
1642	0.000019747	246080	ops_par_loop_group_62	update_halo_kernel2_xvel_plus_4_b+update_halo_kernel2_yvel_minus_4_b
1643	0.000022242	369120	ops_par_loop_group_63	update_halo_kernel2_xvel_plus_2_b+update_halo_kernel2_yvel_minus_2_b+update_halo_kernel3_plus_4_b
1644	0.000022413	246080	ops_par_loop_group_64	update_halo_kernel2_xvel_minus_4_b+update_halo_kernel2_yvel_plus_4_b
1645	0.000019527	123040	ops_par_loop_update_halo_kernel3_plus_2_b_110	update_halo_kernel3_plus_2_b
1646	0.000019137	123008	ops_par_loop_update_halo_kernel3_minus_4_b_113	update_halo_kernel3_minus_4_b
1647	0.000018736	123008	ops_par_loop_update_halo_kernel4_minus_4_b_117	update_halo_kernel4_minus_4_b
1648	0.000022452	553536	ops_par_loop_group_68	update_halo_kernel1_t2+update_halo_kernel4_minus_2_b
1649	0.000021190	430528	ops_par_loop_update_halo_kernel1_t1_86	update_halo_kernel1_t1
1650	0.000026540	553536	ops_par_loop_group_70	update_halo_kernel1_l2+update_halo_kernel3_minus_4_a
1651	0.000024256	553536	ops_par_loop_group_71	update_halo_kernel1_l1+update_halo_kernel3_minus_2_a
1652	0.000025288	553536	ops_par_loop_group_72	update_halo_kernel1_r2+update_halo_kernel3_minus_2_b
1653	0.000022252	430528	ops_par_loop_update_halo_kernel1_r1_90	update_halo_kernel1_r1
1654	0.000024407	369120	ops_par_loop_group_74	update_halo_kernel2_xvel_minus_4_a+update_halo_kernel2_yvel_plus_4_a+update_halo_kernel4_plus_4_a
1655	0.000021872	369120	ops_par_loop_group_75	update_halo_kernel2_xvel_minus_2_a+update_halo_kernel2_yvel_plus_2_a+update_halo_kernel4_plus_2_a
1656	0.000023595	369120	ops_par_loop_group_76	update_halo_kernel2_xvel_minus_2_b+update_halo_kernel2_yvel_plus_2_b+update_halo_kernel4_plus_4_b
1657	0.000019117	123040	ops_par_loop_update_halo_kernel4_plus_2_b_122	update_halo_kernel4_plus_2_b
1658	0.000498216	472842752	ops_par_loop_advec_mom_kernel_x2_123	advec_mom_kernel_x2
1659	0.000195070	236236864	ops_par_loop_advec_mom_kernel_mass_flux_x_124	advec_mom_kernel_mass_flux_x
1660	0.000576756	590438520	ops_par_loop_advec_mom_kernel_post_pre_advec_x_125	advec_mom_kernel_post_pre_advec_x
1661	0.000884220	472258640	ops_par_loop_advec_mom_kernel1_x_nonvector_126	advec_mom_kernel1_x_nonvector
1662	0.000447359	590131240	ops_par_loop_advec_mom_kernel2_x_127	advec_mom_kernel2_x
1663	0.000498897	472842752	ops_par_loop_advec_mom_kernel_x2_128	advec_mom_kernel_x2
1664	0.000194840	236236864	ops_par_loop_advec_mom_kernel_mass_flux_x_129	advec_mom_kernel_mass_flux_x
1665	0.000570252	590438520	ops_par_loop_advec_mom_kernel_post_pre_advec_x_130	advec_mom_kernel_post_pre_advec_x
1666	0.000884390	472258640	ops_par_loop_advec_mom_kernel1_x_nonvector_131	advec_mom_kernel1_x_nonvector
1667	0.000435848	471859200	ops_par_loop_reset_field_kernel1_133	reset_field_kernel1
1668	0.001435015	1534095432	ops_par_loop_group_88	advec_mom_kernel2_x+reset_field_kernel2+ideal_gas_kernel
1669	0.000022142	430304	ops_par_loop_update_halo_kernel1_b1_136	update_halo_kernel1_b1
1670	0.000020989	430304	ops_par_loop_update_halo_kernel1_t1_137	update_halo_kernel1_t1
1671	0.000025339	430304	ops_par_loop_update_halo_kernel1_l1_138	update_halo_kernel1_l1
1672	0.000023655	430304	ops_par_loop_update_halo_kernel1_r1_139	update_halo_kernel1_r1
1673	0.000019607	245952	ops_par_loop_group_93	update_halo_kernel2_xvel_plus_2_a+update_halo_kernel2_yvel_minus_2_a
1674	0.000018966	245952	ops_par_loop_group_94	update_halo_kernel2_xvel_plus_2_b+update_halo_kernel2_yvel_minus_2_b
1675	0.000021141	245952	ops_par_loop_group_95	update_halo_kernel2_xvel_minus_2_a+update_halo_kernel2_yvel_plus_2_a
1676	0.000021531	245952	ops_par_loop_group_96	update_halo_kernel2_xvel_minus_2_b+update_halo_kernel2_yvel_plus_2_b
1677	0.001737259	589885440	ops_par_loop_viscosity_kernel_148	viscosity_kernel
1678	0.000022433	430304	ops_par_loop_update_halo_kernel1_b1_149	update_halo_kernel1_b1
1679	0.000020499	430304	ops_par_loop_update_halo_kernel1_t1_150	update_halo_kernel1_t1
1680	0.000024486	430304	ops_par_loop_update_halo_kernel1_l1_151	update_halo_kernel1_l1
1681	0.000024296	430304	ops_par_loop_update_halo_kernel1_r1_152	update_halo_kernel1_r1
1682	0.000919116	1061744640	ops_par_loop_calc_dt_kernel_153	calc_dt_kernel
1683	0.001487885	1887436800	ops_par_loop_group_0	PdV_kernel_predict+ideal_gas_kernel
1684	0.000024787	430304	ops_par_loop_update_halo_kernel1_b1_2	update_halo_kernel1_b1
1685	0.000020129	430304	ops_par_loop_update_halo_kernel1_t1_3	update_halo_kernel1_t1
1686	0.000024196	430304	ops_par_loop_update_halo_kernel1_l1_4	update_halo_kernel1_l1
1687	0.000024306	430304	ops_par_loop_update_halo_kernel1_r1_5	update_halo_kernel1_r1
1688	0.001095510	1298288728	ops_par_loop_accelerate_kernel_7	accelerate_kernel
1689	0.001362217	2123366400	ops_par_loop_group_6	revert_kernel+PdV_kernel_nopredict
1690	0.000360534	471982080	ops_par_loop_flux_calc_kernelx_9	flux_calc_kernelx
1691	0.000357859	471982080	ops_par_loop_flux_calc_kernely_10	flux_calc_kernely
1692	0.000022602	553536	ops_par_loop_group_9	update_halo_kernel1_b2+update_halo_kernel4_minus_4_a
1693	0.000020909	553536	ops_par_loop_group_10	update_halo_kernel1_b1+update_halo_kernel4_minus_2_a
1694	0.000021140	369120	ops_par_loop_group_11	update_halo_kernel3_plus_4_a+update_halo_kernel2_xvel_plus_4_a+update_halo_kernel2_yvel_minus_4_a
1695	0.000020479	369120	ops_par_loop_group_12	update_halo_kernel3_plus_2_a+update_halo_kernel2_xvel_plus_2_a+update_halo_kernel2_yvel_minus_2_a
1696	0.000018495	123008	ops_par_loop_update_halo_kernel4_minus_4_b_29	update_halo_kernel4_minus_4_b
1697	0.000020910	553536	ops_par_loop_group_14	update_halo_kernel1_t2+update_halo_kernel4_minus_2_b
1698	0.000020109	430528	ops_par_loop_update_halo_kernel1_t1_14	update_halo_kernel1_t1
1699	0.000020158	246080	ops_par_loop_group_16	update_halo_kernel2_xvel_plus_4_b+update_halo_kernel2_yvel_minus_4_b
1700	0.000020519	369120	ops_par_loop_group_17	update_halo_kernel3_plus_4_b+update_halo_kernel2_xvel_plus_2_b+update_halo_kernel2_yvel_minus_2_b
1701	0.000025428	123040	ops_par_loop_update_halo_kernel3_plus_2_b_22	update_halo_kernel3_plus_2_b
1702	0.000026019	553536	ops_par_loop_group_19	update_halo_kernel1_l2+update_halo_kernel3_minus_4_a
1703	0.000024516	553536	ops_par_loop_group_20	update_halo_kernel1_l1+update_halo_kernel3_minus_2_a
1704	0.000018816	123008	ops_par_loop_update_halo_kernel3_minus_4_b_25	update_halo_kernel3_minus_4_b
1705	0.000024787	553536	ops_par_loop_group_22	update_halo_kernel1_r2+update_halo_kernel3_minus_2_b
1706	0.000021962	430528	ops_par_loop_update_halo_kernel1_r1_18	update_halo_kernel1_r1
1707	0.000023575	369120	ops_par_loop_group_24	update_halo_kernel4_plus_4_a+update_halo_kernel2_xvel_minus_4_a+update_halo_kernel2_yvel_plus_4_a
1708	0.000021501	369120	ops_par_loop_group_25	update_halo_kernel4_plus_2_a+update_halo_kernel2_xvel_minus_2_a+update_halo_kernel2_yvel_plus_2_a
1709	0.000020559	246080	ops_par_loop_group_26	update_halo_kernel2_xvel_minus_4_b+update_halo_kernel2_yvel_plus_4_b
1710	0.000022863	369120	ops_par_loop_group_27	update_halo_kernel4_plus_4_b+update_halo_kernel2_xvel_minus_2_b+update_halo_kernel2_yvel_plus_2_b
1711	0.000018725	123040	ops_par_loop_update_halo_kernel4_plus_2_b_34	update_halo_kernel4_plus_2_b
1712	0.000562087	591053440	ops_par_loop_advec_cell_kernel1_xdir_35	advec_cell_kernel1_xdir
1713	0.000771996	708203544	ops_par_loop_advec_cell_kernel3_xdir_36	advec_cell_kernel3_xdir
1714	0.001463770	1533542400	ops_par_loop_advec_cell_kernel4_xdir_37	advec_cell_kernel4_xdir
1715	0.000021641	430528	ops_par_loop_update_halo_kernel1_b2_38	update_halo_kernel1_b2
1716	0.000020288	430528	ops_par_loop_update_halo_kernel1_b1_39	update_halo_kernel1_b1
1717	0.000020349	430528	ops_par_loop_update_halo_kernel1_t2_40	update_halo_kernel1_t2
1718	0.000020439	430528	ops_par_loop_update_halo_kernel1_t1_41	update_halo_kernel1_t1
1719	0.000019347	123040	ops_par_loop_update_halo_kernel3_plus_4_a_62	update_halo_kernel3_plus_4_a
1720	0.000018626	123040	ops_par_loop_update_halo_kernel3_plus_2_a_63	update_halo_kernel3_plus_2_a
1721	0.000018084	123040	ops_par_loop_update_halo_kernel3_plus_4_b_64	update_halo_kernel3_plus_4_b
1722	0.000018976	123040	ops_par_loop_update_halo_kernel3_plus_2_b_65	update_halo_kernel3_plus_2_b
1723	0.000026861	553536	ops_par_loop_group_40	update_halo_kernel1_l2+update_halo_kernel3_minus_4_a
1724	0.000023855	553536	ops_par_loop_group_41	update_halo_kernel1_l1+update_halo_kernel3_minus_2_a
1725	0.000020509	123008	ops_par_loop_update_halo_kernel3_minus_4_b_68	update_halo_kernel3_minus_4_b
1726	0.000025288	553536	ops_par_loop_group_43	update_halo_kernel1_r2+update_halo_kernel3_minus_2_b
1727	0.000021871	430528	ops_par_loop_update_halo_kernel1_r1_45	update_halo_kernel1_r1
1728	0.000561757	591053440	ops_par_loop_advec_mom_kernel_x1_70	advec_mom_kernel_x1
1729	0.000194680	236236864	ops_par_loop_advec_mom_kernel_mass_flux_x_71	advec_mom_kernel_mass_flux_x
1730	0.000575212	590438520	ops_par_loop_advec_mom_kernel_post_pre_advec_x_72	advec_mom_kernel_post_pre_advec_x
1731	0.000883487	472258640	ops_par_loop_advec_mom_kernel1_x_nonvector_73	advec_mom_kernel1_x_nonvector
1732	0.000449594	590131240	ops_par_loop_advec_mom_kernel2_x_74	advec_mom_kernel2_x
1733	0.000561506	591053440	ops_par_loop_advec_mom_kernel_x1_75	advec_mom_kernel_x1
1734	0.000193417	236236864	ops_par_loop_advec_mom_kernel_mass_flux_x_76	advec_mom_kernel_mass_flux_x
1735	0.000575453	590438520	ops_par_loop_advec_mom_kernel_post_pre_advec_x_77	advec_mom_kernel_post_pre_advec_x
1736	0.000885211	472258640	ops_par_loop_advec_mom_kernel1_x_nonvector_78	advec_mom_kernel1_x_nonvector
1737	0.000446488	590131240	ops_par_loop_advec_mom_kernel2_x_79	advec_mom_kernel2_x
1738	0.000498697	472842752	ops_par_loop_advec_cell_kernel2_ydir_80	advec_cell_kernel2_ydir
1739	0.000790160	708203544	ops_par_loop_advec_cell_kernel3_ydir_81	advec_cell_kernel3_ydir
1740	0.001476945	1533542400	ops_par_loop_advec_cell_kernel4_ydir_82	advec_cell_kernel4_ydir
1741	0.000024847	553536	ops_par_loop_group_58	update_halo_kernel1_b2+update_halo_kernel4_minus_4_a
1742	0.000025979	553536	ops_par_loop_group_59	update_halo_kernel1_b1+update_halo_kernel4_minus_2_a
1743	0.000025408	369120	ops_par_loop_group_60	update_halo_kernel2_xvel_plus_4_a+update_halo_kernel2_yvel_minus_4_a+update_halo_kernel3_plus_4_a
1744	0.000023655	369120	ops_par_loop_group_61	update_halo_kernel2_xvel_plus_2_a+update_halo_kernel2_yvel_minus_2_a+update_halo_kernel3_plus_2_a
1745	0.000021471	246080	ops_par_loop_group_62	update_halo_kernel2_xvel_plus_4_b+update_halo_kernel2_yvel_minus_4_b
1746	0.000023825	369120	ops_par_loop_group_63	update_halo_kernel2_xvel_plus_2_b+update_halo_kernel2_yvel_minus_2_b+update_halo_kernel3_plus_4_b
1747	0.000024536	246080	ops_par_loop_group_64	update_halo_kernel2_xvel_minus_4_b+update_halo_kernel2_yvel_plus_4_b
1748	0.000022583	123040	ops_par_loop_update_halo_kernel3_plus_2_b_110	update_halo_kernel3_plus_2_b
1749	0.000028674	123008	ops_par_loop_update_halo_kernel3_minus_4_b_113	update_halo_kernel3_minus_4_b
1750	0.000021160	123008	ops_par_loop_update_halo_kernel4_minus_4_b_117	update_halo_kernel4_minus_4_b
1751	0.000023595	553536	ops_par_loop_group_68	update_halo_kernel1_t2+update_halo_kernel4_minus_2_b
1752	0.000022472	430528	ops_par_loop_update_halo_kernel1_t1_86	update_halo_kernel1_t1
1753	0.000027482	553536	ops_par_loop_group_70	update_halo_kernel1_l2+update_halo_kernel3_minus_4_a
1754	0.000024847	553536	ops_par_loop_group_71	update_halo_kernel1_l1+update_halo_kernel3_minus_2_a
1755	0.000026591	553536	ops_par_loop_group_72	update_halo_kernel1_r2+update_halo_kernel3_minus_2_b
1756	0.000022733	430528	ops_par_loop_update_halo_kernel1_r1_90	update_halo_kernel1_r1
1757	0.000023715	369120	ops_par_loop_group_74	update_halo_kernel2_xvel_minus_4_a+update_halo_kernel2_yvel_plus_4_a+update_halo_kernel4_plus_4_a
1758	0.000022012	369120	ops_par_loop_group_75	update_halo_kernel2_xvel_minus_2_a+update_halo_kernel2_yvel_plus_2_a+update_halo_kernel4_plus_2_a
1759	0.000023614	369120	ops_par_loop_group_76	update_halo_kernel2_xvel_minus_2_b+update_halo_kernel2_yvel_plus_2_b+update_halo_kernel4_plus_4_b
1760	0.000019357	123040	ops_par_loop_update_halo_kernel4_plus_2_b_122	update_halo_kernel4_plus_2_b
1761	0.000492405	472842752	ops_par_loop_advec_mom_kernel_y2_123	advec_mom_kernel_y2
1762	0.000192225	236236864	ops_par_loop_advec_mom_kernel_mass_flux_y_124	advec_mom_kernel_mass_flux_y
1763	0.000537361	590438520	ops_par_loop_advec_mom_kernel_post_pre_advec_y_125	advec_mom_kernel_post_pre_advec_y
1764	0.000879069	472258640	ops_par_loop_advec_mom_kernel1_y_nonvector_126	advec_mom_kernel1_y_nonvector
1765	0.000451247	590131240	ops_par_loop_advec_mom_kernel2_y_127	advec_mom_kernel2_y
1766	0.000490902	472842752	ops_par_loop_advec_mom_kernel_y2_128	advec_mom_kernel_y2
1767	0.000194099	236236864	ops_par_loop_advec_mom_kernel_mass_flux_y_129	advec_mom_kernel_mass_flux_y
1768	0.000532641	590438520	ops_par_loop_advec_mom_kernel_post_pre_advec_y_130	advec_mom_kernel_post_pre_advec_y
1769	0.000877717	472258640	ops_par_loop_advec_mom_kernel1_y_nonvector_131	advec_mom_kernel1_y_nonvector
1770	0.000434194	471859200	ops_par_loop_reset_field_kernel1_133	reset_field_kernel1
1771	0.001434143	1534095432	ops_par_loop_group_88	advec_mom_kernel2_y+reset_field_kernel2+ideal_gas_kernel
1772	0.000021852	430304	ops_par_loop_update_halo_kernel1_b1_136	update_halo_kernel1_b1
1773	0.000021100	430304	ops_par_loop_update_halo_kernel1_t1_137	update_halo_kernel1_t1
1774	0.000023705	430304	ops_par_loop_update_halo_kernel1_l1_138	update_halo_kernel1_l1
1775	0.000024737	430304	ops_par_loop_update_halo_kernel1_r1_139	update_halo_kernel1_r1
1776	0.000019527	245952	ops_par_loop_group_93	update_halo_kernel2_xvel_plus_2_a+update_halo_kernel2_yvel_minus_2_a
1777	0.000019387	245952	ops_par_loop_group_94	update_halo_kernel2_xvel_plus_2_b+update_halo_kernel2_yvel_minus_2_b
1778	0.000021210	245952	ops_par_loop_group_95	update_halo_kernel2_xvel_minus_2_a+update_halo_kernel2_yvel_plus_2_a
1779	0.000021501	245952	ops_par_loop_group_96	update_halo_kernel2_xvel_minus_2_b+update_halo_kernel2_yvel_plus_2_b
1780	0.001737550	589885440	ops_par_loop_viscosity_kernel_148	viscosity_kernel
1781	0.000021901	430304	ops_par_loop_update_halo_kernel1_b1_149	update_halo_kernel1_b1
1782	0.000021310	430304	ops_par_loop_update_halo_kernel1_t1_150	update_halo_kernel1_t1
1783	0.000024346	430304	ops_par_loop_update_halo_kernel1_l1_151	update_halo_kernel1_l1
1784	0.000023585	430304	ops_par_loop_update_halo_kernel1_r1_152	update_halo_kernel1_r1
1785	0.000918704	1061744640	ops_par_loop_calc_dt_kernel_153	calc_dt_kernel
1786	0.001489037	1887436800	ops_par_loop_group_0	PdV_kernel_predict+ideal_gas_kernel
1787	0.000021631	430304	ops_par_loop_update_halo_kernel1_b1_2	update_halo_kernel1_b1
1788	0.000020348	430304	ops_par_loop_update_halo_kernel1_t1_3	update_halo_kernel1_t1
1789	0.000024727	430304	ops_par_loop_update_halo_kernel1_l1_4	update_halo_kernel1_l1
1790	0.000024035	430304	ops_par_loop_update_halo_kernel1_r1_5	update_halo_kernel1_r1
1791	0.001096031	1298288728	ops_par_loop_accelerate_kernel_7	accelerate_kernel
1792	0.001357537	2123366400	ops_par_loop_group_6	revert_kernel+PdV_kernel_nopredict
1793	0.000364001	471982080	ops_par_loop_flux_calc_kernelx_9	flux_calc_kernelx
1794	0.000357139	471982080	ops_par_loop_flux_calc_kernely_10	flux_calc_kernely
1795	0.000022763	553536	ops_par_loop_group_9	update_halo_kernel1_b2+update_halo_kernel4_minus_4_a
1796	0.000021781	553536	ops_par_loop_group_10	update_halo_kernel1_b1+update_halo_kernel4_minus_2_a
1797	0.000022012	369120	ops_par_loop_group_11	update_halo_kernel3_plus_4_a+update_halo_kernel2_xvel_plus_4_a+update_halo_kernel2_yvel_minus_4_a
1798	0.000021411	369120	ops_par_loop_group_12	update_halo_kernel3_plus_2_a+update_halo_kernel2_xvel_plus_2_a+update_halo_kernel2_yvel_minus_2_a
1799	0.000019547	123008	ops_par_loop_update_halo_kernel4_minus_4_b_29	update_halo_kernel4_minus_4_b
1800	0.000021982	553536	ops_par_loop_group_14	update_halo_kernel1_t2+update_halo_kernel4_minus_2_b
1801	0.000019597	430528	ops_par_loop_update_halo_kernel1_t1_14	update_halo_kernel1_t1
1802	0.000019487	246080	ops_par_loop_group_16	update_halo_kernel2_xvel_plus_4_b+update_halo_kernel2_yvel_minus_4_b
1803	0.000021050	369120	ops_par_loop_group_17	update_halo_kernel3_plus_4_b+update_halo_kernel2_xvel_plus_2_b+update_halo_kernel2_yvel_minus_2_b
1804	0.000019457	123040	ops_par_loop_update_halo_kernel3_plus_2_b_22	update_halo_kernel3_plus_2_b
1805	0.000027112	553536	ops_par_loop_group_19	update_halo_kernel1_l2+update_halo_kernel3_minus_4_a
1806	0.000023745	553536	ops_par_loop_group_20	update_halo_kernel1_l1+update_halo_kernel3_minus_2_a
1807	0.000018695	123008	ops_par_loop_update_halo_kernel3_minus_4_b_25	update_halo_kernel3_minus_4_b
1808	0.000024407	553536	ops_par_loop_group_22	update_halo_kernel1_r2+update_halo_kernel3_minus_2_b
1809	0.000021130	430528	ops_par_loop_update_halo_kernel1_r1_18	update_halo_kernel1_r1
1810	0.000023374	369120	ops_par_loop_group_24	update_halo_kernel4_plus_4_a+update_halo_kernel2_xvel_minus_4_a+update_halo_kernel2_yvel_plus_4_a
1811	0.000021641	369120	ops_par_loop_group_25	update_halo_kernel4_plus_2_a+update_halo_kernel2_xvel_minus_2_a+update_halo_kernel2_yvel_plus_2_a
1812	0.000020389	246080	ops_par_loop_group_26	update_halo_kernel2_xvel_minus_4_b+update_halo_kernel2_yvel_plus_4_b
1813	0.000022462	369120	ops_par_loop_group_27	update_halo_kernel4_plus_4_b+update_halo_kernel2_xvel_minus_2_b+update_halo_kernel2_yvel_plus_2_b
1814	0.000018675	123040	ops_par_loop_update_halo_kernel4_plus_2_b_34	update_halo_kernel4_plus_2_b
1815	0.000560594	591053440	ops_par_loop_advec_cell_kernel1_ydir_35	advec_cell_kernel1_ydir
1816	0.000789309	708203544	ops_par_loop_advec_cell_kernel3_ydir_36	advec_cell_kernel3_ydir
1817	0.001471605	1533542400	ops_par_loop_advec_cell_kernel4_ydir_37	advec_cell_kernel4_ydir
1818	0.000022543	553536	ops_par_loop_group_32	update_halo_kernel1_b2+update_halo_kernel4_minus_4_a
1819	0.000021681	553536	ops_par_loop_group_33	update_halo_kernel1_b1+update_halo_kernel4_minus_2_a
1820	0.000018765	123008	ops_par_loop_update_halo_kernel4_minus_4_b_64	update_halo_kernel4_minus_4_b
1821	0.000021401	553536	ops_par_loop_group_35	update_halo_kernel1_t2+update_halo_kernel4_minus_2_b
1822	0.000020629	430528	ops_par_loop_update_halo_kernel1_t1_41	update_halo_kernel1_t1
1823	0.000024005	430528	ops_par_loop_update_halo_kernel1_l2_42	update_halo_kernel1_l2
1824	0.000022342	430528	ops_par_loop_update_halo_kernel1_l1_43	update_halo_kernel1_l1
1825	0.000024216	430528	ops_par_loop_update_halo_kernel1_r2_44	update_halo_kernel1_r2
1826	0.000021070	430528	ops_par_loop_update_halo_kernel1_r1_45	update_halo_kernel1_r1
1827	0.000020148	123040	ops_par_loop_update_halo_kernel4_plus_4_a_66	update_halo_kernel4_plus_4_a
1828	0.000019006	123040	ops_par_loop_update_halo_kernel4_plus_2_a_67	update_halo_kernel4_plus_2_a
1829	0.000019597	123040	ops_par_loop_update_halo_kernel4_plus_4_b_68	update_halo_kernel4_plus_4_b
1830	0.000018165	123040	ops_par_loop_update_halo_kernel4_plus_2_b_69	update_halo_kernel4_plus_2_b
1831	0.000562528	591053440	ops_par_loop_advec_mom_kernel_y1_70	advec_mom_kernel_y1
1832	0.000191724	236236864	ops_par_loop_advec_mom_kernel_mass_flux_y_71	advec_mom_kernel_mass_flux_y
1833	0.000533092	590438520	ops_par_loop_advec_mom_kernel_post_pre_advec_y_72	advec_mom_kernel_post_pre_advec_y
1834	0.000879190	472258640	ops_par_loop_advec_mom_kernel1_y_nonvector_73	advec_mom_kernel1_y_nonvector
1835	0.000444715	590131240	ops_par_loop_advec_mom_kernel2_y_74	advec_mom_kernel2_y
1836	0.000563069	591053440	ops_par_loop_advec_mom_kernel_y1_75	advec_mom_kernel_y1
1837	0.000191694	236236864	ops_par_loop_advec_mom_kernel_mass_flux_y_76	advec_mom_kernel_mass_flux_y
1838	0.000531099	590438520	ops_par_loop_advec_mom_kernel_post_pre_advec_y_77	advec_mom_kernel_post_pre_advec_y
1839	0.000877316	472258640	ops_par_loop_advec_mom_kernel1_y_nonvector_78	advec_mom_kernel1_y_nonvector
1840	0.000454674	590131240	ops_par_loop_advec_mom_kernel2_y_79	advec_mom_kernel2_y
1841	0.000490672	472842752	ops_par_loop_advec_cell_kernel2_xdir_80	advec_cell_kernel2_xdir
1842	0.000773769	708203544	ops_par_loop_advec_cell_kernel3_xdir_81	advec_cell_kernel3_xdir
1843	0.001465734	1533542400	ops_par_loop_advec_cell_kernel4_xdir_82	advec_cell_kernel4_xdir
1844	0.000022943	553536	ops_par_loop_group_58	update_halo_kernel1_b2+update_halo_kernel4_minus_4_a
1845	0.000026931	553536	ops_par_loop_group_59	update_halo_kernel1_b1+update_halo_kernel4_minus_2_a
1846	0.000022934	369120	ops_par_loop_group_60	update_halo_kernel2_xvel_plus_4_a+update_halo_kernel2_yvel_minus_4_a+update_halo_kernel3_plus_4_a
1847	0.000021561	369120	ops_par_loop_group_61	update_halo_kernel2_xvel_plus_2_a+update_halo_kernel2_yvel_minus_2_a+update_halo_kernel3_plus_2_a
1848	0.000020469	246080	ops_par_loop_group_62	update_halo_kernel2_xvel_plus_4_b+update_halo_kernel2_yvel_minus_4_b
1849	0.000021601	369120	ops_par_loop_group_63	update_halo_kernel2_xvel_plus_2_b+update_halo_kernel2_yvel_minus_2_b+update_halo_kernel3_plus_4_b
1850	0.000021892	246080	ops_par_loop_group_64	update_halo_kernel2_xvel_minus_4_b+update_halo_kernel2_yvel_plus_4_b
1851	0.000019808	123040	ops_par_loop_update_halo_kernel3_plus_2_b_110	update_halo_kernel3_plus_2_b
1852	0.000020358	123008	ops_par_loop_update_halo_kernel3_minus_4_b_113	update_halo_kernel3_minus_4_b
1853	0.000019197	123008	ops_par_loop_update_halo_kernel4_minus_4_b_117	update_halo_kernel4_minus_4_b
1854	0.000021882	553536	ops_par_loop_group_68	update_halo_kernel1_t2+update_halo_kernel4_minus_2_b
1855	0.000020629	430528	ops_par_loop_update_halo_kernel1_t1_86	update_halo_kernel1_t1
1856	0.000026841	553536	ops_par_loop_group_70	update_halo_kernel1_l2+update_halo_kernel3_minus_4_a
1857	0.000023093	553536	ops_par_loop_group_71	update_halo_kernel1_l1+update_halo_kernel3_minus_2_a
1858	0.000024446	553536	ops_par_loop_group_72	update_halo_kernel1_r2+update_halo_kernel3_minus_2_b
1859	0.000021421	430528	ops_par_loop_update_halo_kernel1_r1_90	update_halo_kernel1_r1
1860	0.000024135	369120	ops_par_loop_group_74	update_halo_kernel2_xvel_minus_4_a+update_halo_kernel2_yvel_plus_4_a+update_halo_kernel4_plus_4_a
1861	0.000022132	369120	ops_par_loop_group_75	update_halo_kernel2_xvel_minus_2_a+update_halo_kernel2_yvel_plus_2_a+update_halo_kernel4_plus_2_a
1862	0.000023875	369120	ops_par_loop_group_76	update_halo_kernel2_xvel_minus_2_b+update_halo_kernel2_yvel_plus_2_b+update_halo_kernel4_plus_4_b
1863	0.000018264	123040	ops_par_loop_update_halo_kernel4_plus_2_b_122	update_halo_kernel4_plus_2_b
1864	0.000497104	472842752	ops_par_loop_advec_mom_kernel_x2_123	advec_mom_kernel_x2
1865	0.000194600	236236864	ops_par_loop_advec_mom_kernel_mass_flux_x_124	advec_mom_kernel_mass_flux_x
1866	0.000575943	590438520	ops_par_loop_advec_mom_kernel_post_pre_advec_x_125	advec_mom_kernel_post_pre_advec_x
1867	0.000883788	472258640	ops_par_loop_advec_mom_kernel1_x_nonvector_126	advec_mom_kernel1_x_nonvector
1868	0.000450936	590131240	ops_par_loop_advec_mom_kernel2_x_127	advec_mom_kernel2_x
1869	0.000497355	472842752	ops_par_loop_advec_mom_kernel_x2_128	advec_mom_kernel_x2
1870	0.000194529	236236864	ops_par_loop_advec_mom_kernel_mass_flux_x_129	advec_mom_kernel_mass_flux_x
1871	0.000572057	590438520	ops_par_loop_advec_mom_kernel_post_pre_advec_x_130	advec_mom_kernel_post_pre_advec_x
1872	0.000884300	472258640	ops_par_loop_advec_mom_kernel1_x_nonvector_131	advec_mom_kernel1_x_nonvector
1873	0.000435477	471859200	ops_par_loop_reset_field_kernel1_133	reset_field_kernel1
1874	0.001430747	1534095432	ops_par_loop_group_88	advec_mom_kernel2_x+reset_field_kernel2+ideal_gas_kernel
1875	0.000021861	430304	ops_par_loop_update_halo_kernel1_b1_136	update_halo_kernel1_b1
1876	0.000020669	430304	ops_par_loop_update_halo_kernel1_t1_137	update_halo_kernel1_t1
1877	0.000024056	430304	ops_par_loop_update_halo_kernel1_l1_138	update_halo_kernel1_l1
1878	0.000024586	430304	ops_par_loop_update_halo_kernel1_r1_139	update_halo_kernel1_r1
1879	0.000019517	245952	ops_par_loop_group_93	update_halo_kernel2_xvel_plus_2_a+update_halo_kernel2_yvel_minus_2_a
1880	0.000020429	245952	ops_par_loop_group_94	update_halo_kernel2_xvel_plus_2_b+update_halo_kernel2_yvel_minus_2_b
1881	0.000020940	245952	ops_par_loop_group_95	update_halo_kernel2_xvel_minus_2_a+update_halo_kernel2_yvel_plus_2_a
1882	0.000021652	245952	ops_par_loop_group_96	update_halo_kernel2_xvel_minus_2_b+update_halo_kernel2_yvel_plus_2_b
1883	0.001738000	589885440	ops_par_loop_viscosity_kernel_148	viscosity_kernel
1884	0.000022924	430304	ops_par_loop_update_halo_kernel1_b1_149	update_halo_kernel1_b1
1885	0.000020489	430304	ops_par_loop_update_halo_kernel1_t1_150	update_halo_kernel1_t1
1886	0.000023805	430304	ops_par_loop_update_halo_kernel1_l1_151	update_halo_kernel1_l1
1887	0.000023304	430304	ops_par_loop_update_halo_kernel1_r1_152	update_halo_kernel1_r1
1888	0.000918915	1061744640	ops_par_loop_calc_dt_kernel_153	calc_dt_kernel
1889	0.001492935	1887436800	ops_par_loop_group_0	PdV_kernel_predict+ideal_gas_kernel
1890	0.000029506	430304	ops_par_loop_update_halo_kernel1_b1_2	update_halo_kernel1_b1
1891	0.000022092	430304	ops_par_loop_update_halo_kernel1_t1_3	update_halo_kernel1_t1
1892	0.000029536	430304	ops_par_loop_update_halo_kernel1_l1_4	update_halo_kernel1_l1
1893	0.000027241	430304	ops_par_loop_update_halo_kernel1_r1_5	update_halo_kernel1_r1
1894	0.001101812	1298288728	ops_par_loop_accelerate_kernel_7	accelerate_kernel
1895	0.001356276	2123366400	ops_par_loop_group_6	revert_kernel+PdV_kernel_nopredict
1896	0.000360344	471982080	ops_par_loop_flux_calc_kernelx_9	flux_calc_kernelx
1897	0.000360615	471982080	ops_par_loop_flux_calc_kernely_10	flux_calc_kernely
1898	0.000024296	553536	ops_par_loop_group_9	update_halo_kernel1_b2+update_halo_kernel4_minus_4_a
1899	0.000021451	553536	ops_par_loop_group_10	update_halo_kernel1_b1+update_halo_kernel4_minus_2_a
1900	0.000021902	369120	ops_par_loop_group_11	update_halo_kernel3_plus_4_a+update_halo_kernel2_xvel_plus_4_a+update_halo_kernel2_yvel_minus_4_a
1901	0.000020820	369120	ops_par_loop_group_12	update_halo_kernel3_plus_2_a+update_halo_kernel2_xvel_plus_2_a+update_halo_kernel2_yvel_minus_2_a
1902	0.000018806	123008	ops_par_loop_update_halo_kernel4_minus_4_b_29	update_halo_kernel4_minus_4_b
1903	0.000021631	553536	ops_par_loop_group_14	update_halo_kernel1_t2+update_halo_kernel4_minus_2_b
1904	0.000020459	430528	ops_par_loop_update_halo_kernel1_t1_14	update_halo_kernel1_t1
1905	0.000020700	246080	ops_par_loop_group_16	update_halo_kernel2_xvel_plus_4_b+update_halo_kernel2_yvel_minus_4_b
1906	0.000021281	369120	ops_par_loop_group_17	update_halo_kernel3_plus_4_b+update_halo_kernel2_xvel_plus_2_b+update_halo_kernel2_yvel_minus_2_b
1907	0.000019267	123040	ops_par_loop_update_halo_kernel3_plus_2_b_22	update_halo_kernel3_plus_2_b
1908	0.000025739	553536	ops_par_loop_group_19	update_halo_kernel1_l2+update_halo_kernel3_minus_4_a
1909	0.000023515	553536	ops_par_loop_group_20	update_halo_kernel1_l1+update_halo_kernel3_minus_2_a
1910	0.000019307	123008	ops_par_loop_update_halo_kernel3_minus_4_b_25	update_halo_kernel3_minus_4_b
1911	0.000025107	553536	ops_par_loop_group_22	update_halo_kernel1_r2+update_halo_kernel3_minus_2_b
1912	0.000022082	430528	ops_par_loop_update_halo_kernel1_r1_18	update_halo_kernel1_r1
1913	0.000023564	369120	ops_par_loop_group_24	update_halo_kernel4_plus_4_a+update_halo_kernel2_xvel_minus_4_a+update_halo_kernel2_yvel_plus_4_a
1914	0.000022343	369120	ops_par_loop_group_25	update_halo_kernel4_plus_2_a+update_halo_kernel2_xvel_minus_2_a+update_halo_kernel2_yvel_plus_2_a
1915	0.000021531	246080	ops_par_loop_group_26	update_halo_kernel2_xvel_minus_4_b+update_halo_kernel2_yvel_plus_4_b
1916	0.000023124	369120	ops_par_loop_group_27	update_halo_kernel4_plus_4_b+update_halo_kernel2_xvel_minus_2_b+update_halo_kernel2_yvel_plus_2_b
1917	0.000018836	123040	ops_par_loop_update_halo_kernel4_plus_2_b_34	update_halo_kernel4_plus_2_b
1918	0.000563009	591053440	ops_par_loop_advec_cell_kernel1_xdir_35	advec_cell_kernel1_xdir
1919	0.000773619	708203544	ops_par_loop_advec_cell_kernel3_xdir_36	advec_cell_kernel3_xdir
1920	0.001461756	1533542400	ops_par_loop_advec_cell_kernel4_xdir_37	advec_cell_kernel4_xdir
1921	0.000022874	430528	ops_par_loop_update_halo_kernel1_b2_38	update_halo_kernel1_b2
1922	0.000021982	430528	ops_par_loop_update_halo_kernel1_b1_39	update_halo_kernel1_b1
1923	0.000020419	430528	ops_par_loop_update_halo_kernel1_t2_40	update_halo_kernel1_t2
1924	0.000019938	430528	ops_par_loop_update_halo_kernel1_t1_41	update_halo_kernel1_t1
1925	0.000019216	123040	ops_par_loop_update_halo_kernel3_plus_4_a_62	update_halo_kernel3_plus_4_a
1926	0.000018325	123040	ops_par_loop_update_halo_kernel3_plus_2_a_63	update_halo_kernel3_plus_2_a
1927	0.000018956	123040	ops_par_loop_update_halo_kernel3_plus_4_b_64	update_halo_kernel3_plus_4_b
1928	0.000018545	123040	ops_par_loop_update_halo_kernel3_plus_2_b_65	update_halo_kernel3_plus_2_b
1929	0.000026270	553536	ops_par_loop_group_40	update_halo_kernel1_l2+update_halo_kernel3_minus_4_a
1930	0.000023184	553536	ops_par_loop_group_41	update_halo_kernel1_l1+update_halo_kernel3_minus_2_a
1931	0.000019166	123008	ops_par_loop_update_halo_kernel3_minus_4_b_68	update_halo_kernel3_minus_4_b
1932	0.000024918	553536	ops_par_loop_group_43	update_halo_kernel1_r2+update_halo_kernel3_minus_2_b
1933	0.000021130	430528	ops_par_loop_update_halo_kernel1_r1_45	update_halo_kernel1_r1
1934	0.000563289	591053440	ops_par_loop_advec_mom_kernel_x1_70	advec_mom_kernel_x1
1935	0.000194960	236236864	ops_par_loop_advec_mom_kernel_mass_flux_x_71	advec_mom_kernel_mass_flux_x
1936	0.000578789	590438520	ops_par_loop_advec_mom_kernel_post_pre_advec_x_72	advec_mom_kernel_post_pre_advec_x
1937	0.000883648	472258640	ops_par_loop_advec_mom_kernel1_x_nonvector_73	advec_mom_kernel1_x_nonvector
1938	0.000459392	590131240	ops_par_loop_advec_mom_kernel2_x_74	advec_mom_kernel2_x
1939	0.000560405	591053440	ops_par_loop_advec_mom_kernel_x1_75	advec_mom_kernel_x1
1940	0.000194038	236236864	ops_par_loop_advec_mom_kernel_mass_flux_x_76	advec_mom_kernel_mass_flux_x
1941	0.000574240	590438520	ops_par_loop_advec_mom_kernel_post_pre_advec_x_77	advec_mom_kernel_post_pre_advec_x
1942	0.000884871	472258640	ops_par_loop_advec_mom_kernel1_x_nonvector_78	advec_mom_kernel1_x_nonvector
1943	0.000447319	590131240	ops_par_loop_advec_mom_kernel2_x_79	advec_mom_kernel2_x
1944	0.000498156	472842752	ops_par_loop_advec_cell_kernel2_ydir_80	advec_cell_kernel2_ydir
1945	0.000790050	708203544	ops_par_loop_advec_cell_kernel3_ydir_81	advec_cell_kernel3_ydir
1946	0.001474560	1533542400	ops_par_loop_advec_cell_kernel4_ydir_82	advec_cell_kernel4_ydir
1947	0.000022142	553536	ops_par_loop_group_58	update_halo_kernel1_b2+update_halo_kernel4_minus_4_a
1948	0.000022172	553536	ops_par_loop_group_59	update_halo_kernel1_b1+update_halo_kernel4_minus_2_a
1949	0.000021641	369120	ops_par_loop_group_60	update_halo_kernel2_xvel_plus_4_a+update_halo_kernel2_yvel_minus_4_a+update_halo_kernel3_plus_4_a
1950	0.000021050	369120	ops_par_loop_group_61	update_halo_kernel2_xvel_plus_2_a+update_halo_kernel2_yvel_minus_2_a+update_halo_kernel3_plus_2_a
1951	0.000019798	246080	ops_par_loop_group_62	update_halo_kernel2_xvel_plus_4_b+update_halo_kernel2_yvel_minus_4_b
1952	0.000020609	369120	ops_par_loop_group_63	update_halo_kernel2_xvel_plus_2_b+update_halo_kernel2_yvel_minus_2_b+update_halo_kernel3_plus_4_b
1953	0.000021080	246080	ops_par_loop_group_64	update_halo_kernel2_xvel_minus_4_b+update_halo_kernel2_yvel_plus_4_b
1954	0.000020058	123040	ops_par_loop_update_halo_kernel3_plus_2_b_110	update_halo_kernel3_plus_2_b
1955	0.000020188	123008	ops_par_loop_update_halo_kernel3_minus_4_b_113	update_halo_kernel3_minus_4_b
1956	0.000017564	123008	ops_par_loop_update_halo_kernel4_minus_4_b_117	update_halo_kernel4_minus_4_b
1957	0.000022653	553536	ops_par_loop_group_68	update_halo_kernel1_t2+update_halo_kernel4_minus_2_b
1958	0.000020750	430528	ops_par_loop_update_halo_kernel1_t1_86	update_halo_kernel1_t1
1959	0.000026921	553536	ops_par_loop_group_70	update_halo_kernel1_l2+update_halo_kernel3_minus_4_a
1960	0.000022924	553536	ops_par_loop_group_71	update_halo_kernel1_l1+update_halo_kernel3_minus_2_a
1961	0.000024667	553536	ops_par_loop_group_72	update_halo_kernel1_r2+update_halo_kernel3_minus_2_b
1962	0.000021641	430528	ops_par_loop_update_halo_kernel1_r1_90	update_halo_kernel1_r1
1963	0.000023805	369120	ops_par_loop_group_74	update_halo_kernel2_xvel_minus_4_a+update_halo_kernel2_yvel_plus_4_a+update_halo_kernel4_plus_4_a
1964	0.000021952	369120	ops_par_loop_group_75	update_halo_kernel2_xvel_minus_2_a+update_halo_kernel2_yvel_plus_2_a+update_halo_kernel4_plus_2_a
1965	0.000022523	369120	ops_par_loop_group_76	update_halo_kernel2_xvel_minus_2_b+update_halo_kernel2_yvel_plus_2_b+update_halo_kernel4_plus_4_b
1966	0.000018445	123040	ops_par_loop_update_halo_kernel4_plus_2_b_122	update_halo_kernel4_plus_2_b
1967	0.000491684	472842752	ops_par_loop_advec_mom_kernel_y2_123	advec_mom_kernel_y2
1968	0.000192035	236236864	ops_par_loop_advec_mom_kernel_mass_flux_y_124	advec_mom_kernel_mass_flux_y
1969	0.000532641	590438520	ops_par_loop_advec_mom_kernel_post_pre_advec_y_125	advec_mom_kernel_post_pre_advec_y
1970	0.000878588	472258640	ops_par_loop_advec_mom_kernel1_y_nonvector_126	advec_mom_kernel1_y_nonvector
1971	0.000451277	590131240	ops_par_loop_advec_mom_kernel2_y_127	advec_mom_kernel2_y
1972	0.000489660	472842752	ops_par_loop_advec_mom_kernel_y2_128	advec_mom_kernel_y2
1973	0.000192275	236236864	ops_par_loop_advec_mom_kernel_mass_flux_y_129	advec_mom_kernel_mass_flux_y
1974	0.000531369	590438520	ops_par_loop_advec_mom_kernel_post_pre_advec_y_130	advec_mom_kernel_post_pre_advec_y
1975	0.000881664	472258640	ops_par_loop_advec_mom_kernel1_y_nonvector_131	advec_mom_kernel1_y_nonvector
1976	0.000432461	471859200	ops_par_loop_reset_field_kernel1_133	reset_field_kernel1
1977	0.001437911	1534095432	ops_par_loop_group_88	advec_mom_kernel2_y+reset_field_kernel2+ideal_gas_kernel
1978	0.000021351	430304	ops_par_loop_update_halo_kernel1_b1_136	update_halo_kernel1_b1
1979	0.000020779	430304	ops_par_loop_update_halo_kernel1_t1_137	update_halo_kernel1_t1
1980	0.000023845	430304	ops_par_loop_update_halo_kernel1_l1_138	update_halo_kernel1_l1
1981	0.000024006	430304	ops_par_loop_update_halo_kernel1_r1_139	update_halo_kernel1_r1
1982	0.000019437	245952	ops_par_loop_group_93	update_halo_kernel2_xvel_plus_2_a+update_halo_kernel2_yvel_minus_2_a
1983	0.000019176	245952	ops_par_loop_group_94	update_halo_kernel2_xvel_plus_2_b+update_halo_kernel2_yvel_minus_2_b
1984	0.000021541	245952	ops_par_loop_group_95	update_halo_kernel2_xvel_minus_2_a+update_halo_kernel2_yvel_plus_2_a
1985	0.000025418	245952	ops_par_loop_group_96	update_halo_kernel2_xvel_minus_2_b+update_halo_kernel2_yvel_plus_2_b
1986	0.001737479	589885440	ops_par_loop_viscosity_kernel_148	viscosity_kernel
1987	0.000021341	430304	ops_par_loop_update_halo_kernel1_b1_149	update_halo_kernel1_b1
1988	0.000020298	430304	ops_par_loop_update_halo_kernel1_t1_150	update_halo_kernel1_t1
1989	0.000024005	430304	ops_par_loop_update_halo_kernel1_l1_151	update_halo_kernel1_l1
1990	0.000023465	430304	ops_par_loop_update_halo_kernel1_r1_152	update_halo_kernel1_r1
1991	0.000918645	1061744640	ops_par_loop_calc_dt_kernel_153	calc_dt_kernel
1992	0.001488567	1887436800	ops_par_loop_group_0	PdV_kernel_predict+ideal_gas_kernel
1993	0.000022623	430304	ops_par_loop_update_halo_kernel1_b1_2	update_halo_kernel1_b1
1994	0.000020810	430304	ops_par_loop_update_halo_kernel1_t1_3	update_halo_kernel1_t1
1995	0.000024667	430304	ops_par_loop_update_halo_kernel1_l1_4	update_halo_kernel1_l1
1996	0.000023885	430304	ops_par_loop_update_halo_kernel1_r1_5	update_halo_kernel1_r1
1997	0.001096643	1298288728	ops_par_loop_accelerate_kernel_7	accelerate_kernel
1998	0.001353229	2123366400	ops_par_loop_group_6	revert_kernel+PdV_kernel_nopredict
1999	0.000361115	471982080	ops_par_loop_flux_calc_kernelx_9	flux_calc_kernelx
2000	0.000355896	471982080	ops_par_loop_flux_calc_kernely_10	flux_calc_kernely
2001	0.000023034	553536	ops_par_loop_group_9	update_halo_kernel1_b2+update_halo_kernel4_minus_4_a
2002	0.000021140	553536	ops_par_loop_group_10	update_halo_kernel1_b1+update_halo_kernel4_minus_2_a
2003	0.000020950	369120	ops_par_loop_group_11	update_halo_kernel3_plus_4_a+update_halo_kernel2_xvel_plus_4_a+update_halo_kernel2_yvel_minus_4_a
2004	0.000020839	369120	ops_par_loop_group_12	update_halo_kernel3_plus_2_a+update_halo_kernel2_xvel_plus_2_a+update_halo_kernel2_yvel_minus_2_a
2005	0.000018696	123008	ops_par_loop_update_halo_kernel4_minus_4_b_29	update_halo_kernel4_minus_4_b
2006	0.000021711	553536	ops_par_loop_group_14	update_halo_kernel1_t2+update_halo_kernel4_minus_2_b
2007	0.000020589	430528	ops_par_loop_update_halo_kernel1_t1_14	update_halo_kernel1_t1
2008	0.000019658	246080	ops_par_loop_group_16	update_halo_kernel2_xvel_plus_4_b+update_halo_kernel2_yvel_minus_4_b
2009	0.000021140	369120	ops_par_loop_group_17	update_halo_kernel3_plus_4_b+update_halo_kernel2_xvel_plus_2_b+update_halo_kernel2_yvel_minus_2_b
2010	0.000018875	123040	ops_par_loop_update_halo_kernel3_plus_2_b_22	update_halo_kernel3_plus_2_b
2011	0.000026460	553536	ops_par_loop_group_19	update_halo_kernel1_l2+update_halo_kernel3_minus_4_a
2012	0.000023705	553536	ops_par_loop_group_20	update_halo_kernel1_l1+update_halo_kernel3_minus_2_a
2013	0.000019617	123008	ops_par_loop_update_halo_kernel3_minus_4_b_25	update_halo_kernel3_minus_4_b
2014	0.000024787	553536	ops_par_loop_group_22	update_halo_kernel1_r2+update_halo_kernel3_minus_2_b
2015	0.000021811	430528	ops_par_loop_update_halo_kernel1_r1_18	update_halo_kernel1_r1
2016	0.000024106	369120	ops_par_loop_group_24	update_halo_kernel4_plus_4_a+update_halo_kernel2_xvel_minus_4_a+update_halo_kernel2_yvel_plus_4_a
2017	0.000022182	369120	ops_par_loop_group_25	update_halo_kernel4_plus_2_a+update_halo_kernel2_xvel_minus_2_a+update_halo_kernel2_yvel_plus_2_a
2018	0.000020740	246080	ops_par_loop_group_26	update_halo_kernel2_xvel_minus_4_b+update_halo_kernel2_yvel_plus_4_b
2019	0.000022633	369120	ops_par_loop_group_27	update_halo_kernel4_plus_4_b+update_halo_kernel2_xvel_minus_2_b+update_halo_kernel2_yvel_plus_2_b
2020	0.000019367	123040	ops_par_loop_update_halo_kernel4_plus_2_b_34	update_halo_kernel4_plus_2_b
2021	0.000561967	591053440	ops_par_loop_advec_cell_kernel1_ydir_35	advec_cell_kernel1_ydir
2022	0.000793206	708203544	ops_par_loop_advec_cell_kernel3_ydir_36	advec_cell_kernel3_ydir
2023	0.001476464	1533542400	ops_par_loop_advec_cell_kernel4_ydir_37	advec_cell_kernel4_ydir
2024	0.000023224	553536	ops_par_loop_group_32	update_halo_kernel1_b2+update_halo_kernel4_minus_4_a
2025	0.000021771	553536	ops_par_loop_group_33	update_halo_kernel1_b1+update_halo_kernel4_minus_2_a
2026	0.000018495	123008	ops_par_loop_update_halo_kernel4_minus_4_b_64	update_halo_kernel4_minus_4_b
2027	0.000022062	553536	ops_par_loop_group_35	update_halo_kernel1_t2+update_halo_kernel4_minus_2_b
2028	0.000020800	430528	ops_par_loop_update_halo_kernel1_t1_41	update_halo_kernel1_t1
2029	0.000024867	430528	ops_par_loop_update_halo_kernel1_l2_42	update_halo_kernel1_l2
2030	0.000021321	430528	ops_par_loop_update_halo_kernel1_l1_43	update_halo_kernel1_l1
2031	0.000023254	430528	ops_par_loop_update_halo_kernel1_r2_44	update_halo_kernel1_r2
2032	0.000021802	430528	ops_par_loop_update_halo_kernel1_r1_45	update_halo_kernel1_r1
2033	0.000019577	123040	ops_par_loop_update_halo_kernel4_plus_4_a_66	update_halo_kernel4_plus_4_a
2034	0.000018114	123040	ops_par_loop_update_halo_kernel4_plus_2_a_67	update_halo_kernel4_plus_2_a
2035	0.000019577	123040	ops_par_loop_update_halo_kernel4_plus_4_b_68	update_halo_kernel4_plus_4_b
2036	0.000018905	123040	ops_par_loop_update_halo_kernel4_plus_2_b_69	update_halo_kernel4_plus_2_b
2037	0.000561176	591053440	ops_par_loop_advec_mom_kernel_y1_70	advec_mom_kernel_y1
2038	0.000191814	236236864	ops_par_loop_advec_mom_kernel_mass_flux_y_71	advec_mom_kernel_mass_flux_y
2039	0.000531480	590438520	ops_par_loop_advec_mom_kernel_post_pre_advec_y_72	advec_mom_kernel_post_pre_advec_y
2040	0.000879069	472258640	ops_par_loop_advec_mom_kernel1_y_nonvector_73	advec_mom_kernel1_y_nonvector
2041	0.000451247	590131240	ops_par_loop_advec_mom_kernel2_y_74	advec_mom_kernel2_y
2042	0.000564652	591053440	ops_par_loop_advec_mom_kernel_y1_75	advec_mom_kernel_y1
2043	0.000192495	236236864	ops_par_loop_advec_mom_kernel_mass_flux_y_76	advec_mom_kernel_mass_flux_y
2044	0.000531880	590438520	ops_par_loop_advec_mom_kernel_post_pre_advec_y_77	advec_mom_kernel_post_pre_advec_y
2045	0.000876574	472258640	ops_par_loop_advec_mom_kernel1_y_nonvector_78	advec_mom_kernel1_y_nonvector
2046	0.000453431	590131240	ops_par_loop_advec_mom_kernel2_y_79	advec_mom_kernel2_y
2047	0.000490261	472842752	ops_par_loop_advec_cell_kernel2_xdir_80	advec_cell_kernel2_xdir
2048	0.000773579	708203544	ops_par_loop_advec_cell_kernel3_xdir_81	advec_cell_kernel3_xdir
2049	0.001461225	1533542400	ops_par_loop_advec_cell_kernel4_xdir_82	advec_cell_kernel4_xdir
2050	0.000023044	553536	ops_par_loop_group_58	update_halo_kernel1_b2+update_halo_kernel4_minus_4_a
2051	0.000026370	553536	ops_par_loop_group_59	update_halo_kernel1_b1+update_halo_kernel4_minus_2_a
2052	0.000022914	369120	ops_par_loop_group_60	update_halo_kernel2_xvel_plus_4_a+update_halo_kernel2_yvel_minus_4_a+update_halo_kernel3_plus_4_a
2053	0.000021150	369120	ops_par_loop_group_61	update_halo_kernel2_xvel_plus_2_a+update_halo_kernel2_yvel_minus_2_a+update_halo_kernel3_plus_2_a
2054	0.000020389	246080	ops_par_loop_group_62	update_halo_kernel2_xvel_plus_4_b+update_halo_kernel2_yvel_minus_4_b
2055	0.000021410	369120	ops_par_loop_group_63	update_halo_kernel2_xvel_plus_2_b+update_halo_kernel2_yvel_minus_2_b+update_halo_kernel3_plus_4_b
2056	0.000022112	246080	ops_par_loop_group_64	update_halo_kernel2_xvel_minus_4_b+update_halo_kernel2_yvel_plus_4_b
2057	0.000019827	123040	ops_par_loop_update_halo_kernel3_plus_2_b_110	update_halo_kernel3_plus_2_b
2058	0.000019898	123008	ops_par_loop_update_halo_kernel3_minus_4_b_113	update_halo_kernel3_minus_4_b
2059	0.000019026	123008	ops_par_loop_update_halo_kernel4_minus_4_b_117	update_halo_kernel4_minus_4_b
2060	0.000022001	553536	ops_par_loop_group_68	update_halo_kernel1_t2+update_halo_kernel4_minus_2_b
2061	0.000020579	430528	ops_par_loop_update_halo_kernel1_t1_86	update_halo_kernel1_t1
2062	0.000027222	553536	ops_par_loop_group_70	update_halo_kernel1_l2+update_halo_kernel3_minus_4_a
2063	0.000023615	553536	ops_par_loop_group_71	update_halo_kernel1_l1+update_halo_kernel3_minus_2_a
2064	0.000025759	553536	ops_par_loop_group_72	update_halo_kernel1_r2+update_halo_kernel3_minus_2_b
2065	0.000021741	430528	ops_par_loop_update_halo_kernel1_r1_90	update_halo_kernel1_r1
2066	0.000024767	369120	ops_par_loop_group_74	update_halo_kernel2_xvel_minus_4_a+update_halo_kernel2_yvel_plus_4_a+update_halo_kernel4_plus_4_a
2067	0.000022703	369120	ops_par_loop_group_75	update_halo_kernel2_xvel_minus_2_a+update_halo_kernel2_yvel_plus_2_a+update_halo_kernel4_plus_2_a
2068	0.000023504	369120	ops_par_loop_group_76	update_halo_kernel2_xvel_minus_2_b+update_halo_kernel2_yvel_plus_2_b+update_halo_kernel4_plus_4_b
2069	0.000019276	123040	ops_par_loop_update_halo_kernel4_plus_2_b_122	update_halo_kernel4_plus_2_b
2070	0.000496903	472842752	ops_par_loop_advec_mom_kernel_x2_123	advec_mom_kernel_x2
2071	0.000195170	236236864	ops_par_loop_advec_mom_kernel_mass_flux_x_124	advec_mom_kernel_mass_flux_x
2072	0.000574792	590438520	ops_par_loop_advec_mom_kernel_post_pre_advec_x_125	advec_mom_kernel_post_pre_advec_x
2073	0.000883748	472258640	ops_par_loop_advec_mom_kernel1_x_nonvector_126	advec_mom_kernel1_x_nonvector
2074	0.000446218	590131240	ops_par_loop_advec_mom_kernel2_x_127	advec_mom_kernel2_x
2075	0.000496583	472842752	ops_par_loop_advec_mom_kernel_x2_128	advec_mom_kernel_x2
2076	0.000195201	236236864	ops_par_loop_advec_mom_kernel_mass_flux_x_129	advec_mom_kernel_mass_flux_x
2077	0.000574391	590438520	ops_par_loop_advec_mom_kernel_post_pre_advec_x_130	advec_mom_kernel_post_pre_advec_x
2078	0.000884259	472258640	ops_par_loop_advec_mom_kernel1_x_nonvector_131	advec_mom_kernel1_x_nonvector
2079	0.000434165	471859200	ops_par_loop_reset_field_kernel1_133	reset_field_kernel1
2080	0.001438562	1534095432	ops_par_loop_group_88	advec_mom_kernel2_x+reset_field_kernel2+ideal_gas_kernel
2081	0.000494008	471859200	ops_par_loop_ideal_gas_kernel_0	ideal_gas_kernel
2082	0.000023705	430304	ops_par_loop_update_halo_kernel1_b1_1	update_halo_kernel1_b1
2083	0.000022453	430304	ops_par_loop_update_halo_kernel1_t1_2	update_halo_kernel1_t1
2084	0.000025178	430304	ops_par_loop_update_halo_kernel1_l1_3	update_halo_kernel1_l1
2085	0.000024907	430304	ops_par_loop_update_halo_kernel1_r1_4	update_halo_kernel1_r1
2086	0.000019878	245952	ops_par_loop_group_5	update_halo_kernel2_xvel_plus_2_a+update_halo_kernel2_yvel_minus_2_a
2087	0.000019737	245952	ops_par_loop_group_6	update_halo_kernel2_xvel_plus_2_b+update_halo_kernel2_yvel_minus_2_b
2088	0.000021400	245952	ops_par_loop_group_7	update_halo_kernel2_xvel_minus_2_a+update_halo_kernel2_yvel_plus_2_a
2089	0.000021451	245952	ops_par_loop_group_8	update_halo_kernel2_xvel_minus_2_b+update_halo_kernel2_yvel_plus_2_b
2090	0.001737469	589885440	ops_par_loop_viscosity_kernel_13	viscosity_kernel
2091	0.000021481	430304	ops_par_loop_update_halo_kernel1_b1_14	update_halo_kernel1_b1
2092	0.000020349	430304	ops_par_loop_update_halo_kernel1_t1_15	update_halo_kernel1_t1
2093	0.000023665	430304	ops_par_loop_update_halo_kernel1_l1_16	update_halo_kernel1_l1
2094	0.000023444	430304	ops_par_loop_update_halo_kernel1_r1_17	update_halo_kernel1_r1
2095	0.000918915	1061744640	ops_par_loop_calc_dt_kernel_18	calc_dt_kernel
2096	0.001493486	1887436800	ops_par_loop_group_0	PdV_kernel_predict+ideal_gas_kernel
2097	0.000023043	430304	ops_par_loop_update_halo_kernel1_b1_2	update_halo_kernel1_b1
2098	0.000020359	430304	ops_par_loop_update_halo_kernel1_t1_3	update_halo_kernel1_t1
2099	0.000024647	430304	ops_par_loop_update_halo_kernel1_l1_4	update_halo_kernel1_l1
2100	0.000023504	430304	ops_par_loop_update_halo_kernel1_r1_5	update_halo_kernel1_r1
2101	0.001096472	1298288728	ops_par_loop_accelerate_kernel_7	accelerate_kernel
2102	0.001359792	2123366400	ops_par_loop_group_6	revert_kernel+PdV_kernel_nopredict
2103	0.000359844	471982080	ops_par_loop_flux_calc_kernelx_9	flux_calc_kernelx
2104	0.000360084	471982080	ops_par_loop_flux_calc_kernely_10	flux_calc_kernely
2105	0.000022493	553536	ops_par_loop_group_9	update_halo_kernel1_b2+update_halo_kernel4_minus_4_a
2106	0.000020810	553536	ops_par_loop_group_10	update_halo_kernel1_b1+update_halo_kernel4_minus_2_a
2107	0.000021501	369120	ops_par_loop_group_11	update_halo_kernel3_plus_4_a+update_halo_kernel2_xvel_plus_4_a+update_halo_kernel2_yvel_minus_4_a
2108	0.000020508	369120	ops_par_loop_group_12	update_halo_kernel3_plus_2_a+update_halo_kernel2_xvel_plus_2_a+update_halo_kernel2_yvel_minus_2_a
2109	0.000019888	123008	ops_par_loop_update_halo_kernel4_minus_4_b_29	update_halo_kernel4_minus_4_b
2110	0.000021652	553536	ops_par_loop_group_14	update_halo_kernel1_t2+update_halo_kernel4_minus_2_b
2111	0.000020198	430528	ops_par_loop_update_halo_kernel1_t1_14	update_halo_kernel1_t1
2112	0.000020108	246080	ops_par_loop_group_16	update_halo_kernel2_xvel_plus_4_b+update_halo_kernel2_yvel_minus_4_b
2113	0.000022603	369120	ops_par_loop_group_17	update_halo_kernel3_plus_4_b+update_halo_kernel2_xvel_plus_2_b+update_halo_kernel2_yvel_minus_2_b
2114	0.000018685	123040	ops_par_loop_update_halo_kernel3_plus_2_b_22	update_halo_kernel3_plus_2_b
2115	0.000025980	553536	ops_par_loop_group_19	update_halo_kernel1_l2+update_halo_kernel3_minus_4_a
2116	0.000023555	553536	ops_par_loop_group_20	update_halo_kernel1_l1+update_halo_kernel3_minus_2_a
2117	0.000019257	123008	ops_par_loop_update_halo_kernel3_minus_4_b_25	update_halo_kernel3_minus_4_b
2118	0.000024676	553536	ops_par_loop_group_22	update_halo_kernel1_r2+update_halo_kernel3_minus_2_b
2119	0.000027833	430528	ops_par_loop_update_halo_kernel1_r1_18	update_halo_kernel1_r1
2120	0.000024306	369120	ops_par_loop_group_24	update_halo_kernel4_plus_4_a+update_halo_kernel2_xvel_minus_4_a+update_halo_kernel2_yvel_plus_4_a
2121	0.000021921	369120	ops_par_loop_group_25	update_halo_kernel4_plus_2_a+update_halo_kernel2_xvel_minus_2_a+update_halo_kernel2_yvel_plus_2_a
2122	0.000021080	246080	ops_par_loop_group_26	update_halo_kernel2_xvel_minus_4_b+update_halo_kernel2_yvel_plus_4_b
2123	0.000022593	369120	ops_par_loop_group_27	update_halo_kernel4_plus_4_b+update_halo_kernel2_xvel_minus_2_b+update_halo_kernel2_yvel_plus_2_b
2124	0.000018586	123040	ops_par_loop_update_halo_kernel4_plus_2_b_34	update_halo_kernel4_plus_2_b
2125	0.000563089	591053440	ops_par_loop_advec_cell_kernel1_xdir_35	advec_cell_kernel1_xdir
2126	0.000772838	708203544	ops_par_loop_advec_cell_kernel3_xdir_36	advec_cell_kernel3_xdir
2127	0.001458901	1533542400	ops_par_loop_advec_cell_kernel4_xdir_37	advec_cell_kernel4_xdir
2128	0.000022683	430528	ops_par_loop_update_halo_kernel1_b2_38	update_halo_kernel1_b2
2129	0.000021581	430528	ops_par_loop_update_halo_kernel1_b1_39	update_halo_kernel1_b1
2130	0.000021220	430528	ops_par_loop_update_halo_kernel1_t2_40	update_halo_kernel1_t2
2131	0.000022873	430528	ops_par_loop_update_halo_kernel1_t1_41	update_halo_kernel1_t1
2132	0.000019246	123040	ops_par_loop_update_halo_kernel3_plus_4_a_62	update_halo_kernel3_plus_4_a
2133	0.000018605	123040	ops_par_loop_update_halo_kernel3_plus_2_a_63	update_halo_kernel3_plus_2_a
2134	0.000018565	123040	ops_par_loop_update_halo_kernel3_plus_4_b_64	update_halo_kernel3_plus_4_b
2135	0.000018786	123040	ops_par_loop_update_halo_kernel3_plus_2_b_65	update_halo_kernel3_plus_2_b
2136	0.000026450	553536	ops_par_loop_group_40	update_halo_kernel1_l2+update_halo_kernel3_minus_4_a
2137	0.000023485	553536	ops_par_loop_group_41	update_halo_kernel1_l1+update_halo_kernel3_minus_2_a
2138	0.000019868	123008	ops_par_loop_update_halo_kernel3_minus_4_b_68	update_halo_kernel3_minus_4_b
2139	0.000025548	553536	ops_par_loop_group_43	update_halo_kernel1_r2+update_halo_kernel3_minus_2_b
2140	0.000021400	430528	ops_par_loop_update_halo_kernel1_r1_45	update_halo_kernel1_r1
2141	0.000562538	591053440	ops_par_loop_advec_mom_kernel_x1_70	advec_mom_kernel_x1
2142	0.000195170	236236864	ops_par_loop_advec_mom_kernel_mass_flux_x_71	advec_mom_kernel_mass_flux_x
2143	0.000573439	590438520	ops_par_loop_advec_mom_kernel_post_pre_advec_x_72	advec_mom_kernel_post_pre_advec_x
2144	0.000883749	472258640	ops_par_loop_advec_mom_kernel1_x_nonvector_73	advec_mom_kernel1_x_nonvector
2145	0.000456427	590131240	ops_par_loop_advec_mom_kernel2_x_74	advec_mom_kernel2_x
2146	0.000562659	591053440	ops_par_loop_advec_mom_kernel_x1_75	advec_mom_kernel_x1
2147	0.000194520	236236864	ops_par_loop_advec_mom_kernel_mass_flux_x_76	advec_mom_kernel_mass_flux_x
2148	0.000577787	590438520	ops_par_loop_advec_mom_kernel_post_pre_advec_x_77	advec_mom_kernel_post_pre_advec_x
2149	0.000887195	472258640	ops_par_loop_advec_mom_kernel1_x_nonvector_78	advec_mom_kernel1_x_nonvector
2150	0.000445345	590131240	ops_par_loop_advec_mom_kernel2_x_79	advec_mom_kernel2_x
2151	0.000499218	472842752	ops_par_loop_advec_cell_kernel2_ydir_80	advec_cell_kernel2_ydir
2152	0.000790181	708203544	ops_par_loop_advec_cell_kernel3_ydir_81	advec_cell_kernel3_ydir
2153	0.001473017	1533542400	ops_par_loop_advec_cell_kernel4_ydir_82	advec_cell_kernel4_ydir
2154	0.000022433	553536	ops_par_loop_group_58	update_halo_kernel1_b2+update_halo_kernel4_minus_4_a
2155	0.000021511	553536	ops_par_loop_group_59	update_halo_kernel1_b1+update_halo_kernel4_minus_2_a
2156	0.000021751	369120	ops_par_loop_group_60	update_halo_kernel2_xvel_plus_4_a+update_halo_kernel2_yvel_minus_4_a+update_halo_kernel3_plus_4_a
2157	0.000021641	369120	ops_par_loop_group_61	update_halo_kernel2_xvel_plus_2_a+update_halo_kernel2_yvel_minus_2_a+update_halo_kernel3_plus_2_a
2158	0.000019377	246080	ops_par_loop_group_62	update_halo_kernel2_xvel_plus_4_b+update_halo_kernel2_yvel_minus_4_b
2159	0.000021230	369120	ops_par_loop_group_63	update_halo_kernel2_xvel_plus_2_b+update_halo_kernel2_yvel_minus_2_b+update_halo_kernel3_plus_4_b
2160	0.000022242	246080	ops_par_loop_group_64	update_halo_kernel2_xvel_minus_4_b+update_halo_kernel2_yvel_plus_4_b
2161	0.000019557	123040	ops_par_loop_update_halo_kernel3_plus_2_b_110	update_halo_kernel3_plus_2_b
2162	0.000019377	123008	ops_par_loop_update_halo_kernel3_minus_4_b_113	update_halo_kernel3_minus_4_b
2163	0.000019897	123008	ops_par_loop_update_halo_kernel4_minus_4_b_117	update_halo_kernel4_minus_4_b
2164	0.000020709	553536	ops_par_loop_group_68	update_halo_kernel1_t2+update_halo_kernel4_minus_2_b
2165	0.000020640	430528	ops_par_loop_update_halo_kernel1_t1_86	update_halo_kernel1_t1
2166	0.000027252	553536	ops_par_loop_group_70	update_halo_kernel1_l2+update_halo_kernel3_minus_4_a
2167	0.000023435	553536	ops_par_loop_group_71	update_halo_kernel1_l1+update_halo_kernel3_minus_2_a
2168	0.000025569	553536	ops_par_loop_group_72	update_halo_kernel1_r2+update_halo_kernel3_minus_2_b
2169	0.000021821	430528	ops_par_loop_update_halo_kernel1_r1_90	update_halo_kernel1_r1
2170	0.000023565	369120	ops_par_loop_group_74	update_halo_kernel2_xvel_minus_4_a+update_halo_kernel2_yvel_plus_4_a+update_halo_kernel4_plus_4_a
2171	0.000021852	369120	ops_par_loop_group_75	update_halo_kernel2_xvel_minus_2_a+update_halo_kernel2_yvel_plus_2_a+update_halo_kernel4_plus_2_a
2172	0.000022663	369120	ops_par_loop_group_76	update_halo_kernel2_xvel_minus_2_b+update_halo_kernel2_yvel_plus_2_b+update_halo_kernel4_plus_4_b
2173	0.000018796	123040	ops_par_loop_update_halo_kernel4_plus_2_b_122	update_halo_kernel4_plus_2_b
2174	0.000490462	472842752	ops_par_loop_advec_mom_kernel_y2_123	advec_mom_kernel_y2
2175	0.000191984	236236864	ops_par_loop_advec_mom_kernel_mass_flux_y_124	advec_mom_kernel_mass_flux_y
2176	0.000533563	590438520	ops_par_loop_advec_mom_kernel_post_pre_advec_y_125	advec_mom_kernel_post_pre_advec_y
2177	0.000878879	472258640	ops_par_loop_advec_mom_kernel1_y_nonvector_126	advec_mom_kernel1_y_nonvector
2178	0.000451558	590131240	ops_par_loop_advec_mom_kernel2_y_127	advec_mom_kernel2_y
2179	0.000489630	472842752	ops_par_loop_advec_mom_kernel_y2_128	advec_mom_kernel_y2
2180	0.000192386	236236864	ops_par_loop_advec_mom_kernel_mass_flux_y_129	advec_mom_kernel_mass_flux_y
2181	0.000532741	590438520	ops_par_loop_advec_mom_kernel_post_pre_advec_y_130	advec_mom_kernel_post_pre_advec_y
2182	0.000876704	472258640	ops_par_loop_advec_mom_kernel1_y_nonvector_131	advec_mom_kernel1_y_nonvector
2183	0.000435066	471859200	ops_par_loop_reset_field_kernel1_133	reset_field_kernel1
2184	0.001435336	1534095432	ops_par_loop_group_88	advec_mom_kernel2_y+reset_field_kernel2+ideal_gas_kernel
2185	0.000021130	430304	ops_par_loop_update_halo_kernel1_b1_136	update_halo_kernel1_b1
2186	0.000020008	430304	ops_par_loop_update_halo_kernel1_t1_137	update_halo_kernel1_t1
2187	0.000026270	430304	ops_par_loop_update_halo_kernel1_l1_138	update_halo_kernel1_l1
2188	0.000023444	430304	ops_par_loop_update_halo_kernel1_r1_139	update_halo_kernel1_r1
2189	0.000019177	245952	ops_par_loop_group_93	update_halo_kernel2_xvel_plus_2_a+update_halo_kernel2_yvel_minus_2_a
2190	0.000019407	245952	ops_par_loop_group_94	update_halo_kernel2_xvel_plus_2_b+update_halo_kernel2_yvel_minus_2_b
2191	0.000022182	245952	ops_par_loop_group_95	update_halo_kernel2_xvel_minus_2_a+update_halo_kernel2_yvel_plus_2_a
2192	0.000022372	245952	ops_par_loop_group_96	update_halo_kernel2_xvel_minus_2_b+update_halo_kernel2_yvel_plus_2_b
2193	0.001737940	589885440	ops_par_loop_viscosity_kernel_148	viscosity_kernel
2194	0.000021371	430304	ops_par_loop_update_halo_kernel1_b1_149	update_halo_kernel1_b1
2195	0.000020379	430304	ops_par_loop_update_halo_kernel1_t1_150	update_halo_kernel1_t1
2196	0.000024066	430304	ops_par_loop_update_halo_kernel1_l1_151	update_halo_kernel1_l1
2197	0.000023264	430304	ops_par_loop_update_halo_kernel1_r1_152	update_halo_kernel1_r1
2198	0.000918735	1061744640	ops_par_loop_calc_dt_kernel_153	calc_dt_kernel
2199	0.001490530	1887436800	ops_par_loop_group_0	PdV_kernel_predict+ideal_gas_kernel
2200	0.000022713	430304	ops_par_loop_update_halo_kernel1_b1_2	update_halo_kernel1_b1
2201	0.000020689	430304	ops_par_loop_update_halo_kernel1_t1_3	update_halo_kernel1_t1
2202	0.000024747	430304	ops_par_loop_update_halo_kernel1_l1_4	update_halo_kernel1_l1
2203	0.000025217	430304	ops_par_loop_update_halo_kernel1_r1_5	update_halo_kernel1_r1
2204	0.001097013	1298288728	ops_par_loop_accelerate_kernel_7	accelerate_kernel
2205	0.001360854	2123366400	ops_par_loop_group_6	revert_kernel+PdV_kernel_nopredict
2206	0.000359853	471982080	ops_par_loop_flux_calc_kernelx_9	flux_calc_kernelx
2207	0.000357389	471982080	ops_par_loop_flux_calc_kernely_10	flux_calc_kernely
2208	0.000022643	553536	ops_par_loop_group_9	update_halo_kernel1_b2+update_halo_kernel4_minus_4_a
2209	0.000022112	553536	ops_par_loop_group_10	update_halo_kernel1_b1+update_halo_kernel4_minus_2_a
2210	0.000021050	369120	ops_par_loop_group_11	update_halo_kernel3_plus_4_a+update_halo_kernel2_xvel_plus_4_a+update_halo_kernel2_yvel_minus_4_a
2211	0.000021782	369120	ops_par_loop_group_12	update_halo_kernel3_plus_2_a+update_halo_kernel2_xvel_plus_2_a+update_halo_kernel2_yvel_minus_2_a
2212	0.000018695	123008	ops_par_loop_update_halo_kernel4_minus_4_b_29	update_halo_kernel4_minus_4_b
2213	0.000021361	553536	ops_par_loop_group_14	update_halo_kernel1_t2+update_halo_kernel4_minus_2_b
2214	0.000020078	430528	ops_par_loop_update_halo_kernel1_t1_14	update_halo_kernel1_t1
2215	0.000020659	246080	ops_par_loop_group_16	update_halo_kernel2_xvel_plus_4_b+update_halo_kernel2_yvel_minus_4_b
2216	0.000020679	369120	ops_par_loop_group_17	update_halo_kernel3_plus_4_b+update_halo_kernel2_xvel_plus_2_b+update_halo_kernel2_yvel_minus_2_b
2217	0.000018735	123040	ops_par_loop_update_halo_kernel3_plus_2_b_22	update_halo_kernel3_plus_2_b
2218	0.000025599	553536	ops_par_loop_group_19	update_halo_kernel1_l2+update_halo_kernel3_minus_4_a
2219	0.000023625	553536	ops_par_loop_group_20	update_halo_kernel1_l1+update_halo_kernel3_minus_2_a
2220	0.000019297	123008	ops_par_loop_update_halo_kernel3_minus_4_b_25	update_halo_kernel3_minus_4_b
2221	0.000024727	553536	ops_par_loop_group_22	update_halo_kernel1_r2+update_halo_kernel3_minus_2_b
2222	0.000021440	430528	ops_par_loop_update_halo_kernel1_r1_18	update_halo_kernel1_r1
2223	0.000023726	369120	ops_par_loop_group_24	update_halo_kernel4_plus_4_a+update_halo_kernel2_xvel_minus_4_a+update_halo_kernel2_yvel_plus_4_a
2224	0.000021270	369120	ops_par_loop_group_25	update_halo_kernel4_plus_2_a+update_halo_kernel2_xvel_minus_2_a+update_halo_kernel2_yvel_plus_2_a
2225	0.000020438	246080	ops_par_loop_group_26	update_halo_kernel2_xvel_minus_4_b+update_halo_kernel2_yvel_plus_4_b
2226	0.000022533	369120	ops_par_loop_group_27	update_halo_kernel4_plus_4_b+update_halo_kernel2_xvel_minus_2_b+update_halo_kernel2_yvel_plus_2_b
2227	0.000018735	123040	ops_par_loop_update_halo_kernel4_plus_2_b_34	update_halo_kernel4_plus_2_b
2228	0.000560364	591053440	ops_par_loop_advec_cell_kernel1_ydir_35	advec_cell_kernel1_ydir
2229	0.000788317	708203544	ops_par_loop_advec_cell_kernel3_ydir_36	advec_cell_kernel3_ydir
2230	0.001472286	1533542400	ops_par_loop_advec_cell_kernel4_ydir_37	advec_cell_kernel4_ydir
2231	0.000027282	553536	ops_par_loop_group_32	update_halo_kernel1_b2+update_halo_kernel4_minus_4_a
2232	0.000021020	553536	ops_par_loop_group_33	update_halo_kernel1_b1+update_halo_kernel4_minus_2_a
2233	0.000018756	123008	ops_par_loop_update_halo_kernel4_minus_4_b_64	update_halo_kernel4_minus_4_b
2234	0.000021230	553536	ops_par_loop_group_35	update_halo_kernel1_t2+update_halo_kernel4_minus_2_b
2235	0.000021210	430528	ops_par_loop_update_halo_kernel1_t1_41	update_halo_kernel1_t1
2236	0.000024276	430528	ops_par_loop_update_halo_kernel1_l2_42	update_halo_kernel1_l2
2237	0.000021501	430528	ops_par_loop_update_halo_kernel1_l1_43	update_halo_kernel1_l1
2238	0.000022813	430528	ops_par_loop_update_halo_kernel1_r2_44	update_halo_kernel1_r2
2239	0.000020859	430528	ops_par_loop_update_halo_kernel1_r1_45	update_halo_kernel1_r1
2240	0.000019948	123040	ops_par_loop_update_halo_kernel4_plus_4_a_66	update_halo_kernel4_plus_4_a
2241	0.000018185	123040	ops_par_loop_update_halo_kernel4_plus_2_a_67	update_halo_kernel4_plus_2_a
2242	0.000019237	123040	ops_par_loop_update_halo_kernel4_plus_4_b_68	update_halo_kernel4_plus_4_b
2243	0.000018735	123040	ops_par_loop_update_halo_kernel4_plus_2_b_69	update_halo_kernel4_plus_2_b
2244	0.000561306	591053440	ops_par_loop_advec_mom_kernel_y1_70	advec_mom_kernel_y1
2245	0.000192185	236236864	ops_par_loop_advec_mom_kernel_mass_flux_y_71	advec_mom_kernel_mass_flux_y
2246	0.000536248	590438520	ops_par_loop_advec_mom_kernel_post_pre_advec_y_72	advec_mom_kernel_post_pre_advec_y
2247	0.000878188	472258640	ops_par_loop_advec_mom_kernel1_y_nonvector_73	advec_mom_kernel1_y_nonvector
2248	0.000450125	590131240	ops_par_loop_advec_mom_kernel2_y_74	advec_mom_kernel2_y
2249	0.000560074	591053440	ops_par_loop_advec_mom_kernel_y1_75	advec_mom_kernel_y1
2250	0.000191193	236236864	ops_par_loop_advec_mom_kernel_mass_flux_y_76	advec_mom_kernel_mass_flux_y
2251	0.000533212	590438520	ops_par_loop_advec_mom_kernel_post_pre_advec_y_77	advec_mom_kernel_post_pre_advec_y
2252	0.000876504	472258640	ops_par_loop_advec_mom_kernel1_y_nonvector_78	advec_mom_kernel1_y_nonvector
2253	0.000447490	590131240	ops_par_loop_advec_mom_kernel2_y_79	advec_mom_kernel2_y
2254	0.000493237	472842752	ops_par_loop_advec_cell_kernel2_xdir_80	advec_cell_kernel2_xdir
2255	0.000775452	708203544	ops_par_loop_advec_cell_kernel3_xdir_81	advec_cell_kernel3_xdir
2256	0.001459141	1533542400	ops_par_loop_advec_cell_kernel4_xdir_82	advec_cell_kernel4_xdir
2257	0.000023254	553536	ops_par_loop_group_58	update_halo_kernel1_b2+update_halo_kernel4_minus_4_a
2258	0.000021401	553536	ops_par_loop_group_59	update_halo_kernel1_b1+update_halo_kernel4_minus_2_a
2259	0.000021872	369120	ops_par_loop_group_60	update_halo_kernel2_xvel_plus_4_a+update_halo_kernel2_yvel_minus_4_a+update_halo_kernel3_plus_4_a
2260	0.000021591	369120	ops_par_loop_group_61	update_halo_kernel2_xvel_plus_2_a+update_halo_kernel2_yvel_minus_2_a+update_halo_kernel3_plus_2_a
2261	0.000019898	246080	ops_par_loop_group_62	update_halo_kernel2_xvel_plus_4_b+update_halo_kernel2_yvel_minus_4_b
2262	0.000020820	369120	ops_par_loop_group_63	update_halo_kernel2_xvel_plus_2_b+update_halo_kernel2_yvel_minus_2_b+update_halo_kernel3_plus_4_b
2263	0.000022793	246080	ops_par_loop_group_64	update_halo_kernel2_xvel_minus_4_b+update_halo_kernel2_yvel_plus_4_b
2264	0.000019397	123040	ops_par_loop_update_halo_kernel3_plus_2_b_110	update_halo_kernel3_plus_2_b
2265	0.000019136	123008	ops_par_loop_update_halo_kernel3_minus_4_b_113	update_halo_kernel3_minus_4_b
2266	0.000018806	123008	ops_par_loop_update_halo_kernel4_minus_4_b_117	update_halo_kernel4_minus_4_b
2267	0.000021681	553536	ops_par_loop_group_68	update_halo_kernel1_t2+update_halo_kernel4_minus_2_b
2268	0.000020839	430528	ops_par_loop_update_halo_kernel1_t1_86	update_halo_kernel1_t1
2269	0.000026410	553536	ops_par_loop_group_70	update_halo_kernel1_l2+update_halo_kernel3_minus_4_a
2270	0.000023204	553536	ops_par_loop_group_71	update_halo_kernel1_l1+update_halo_kernel3_minus_2_a
2271	0.000024746	553536	ops_par_loop_group_72	update_halo_kernel1_r2+update_halo_kernel3_minus_2_b
2272	0.000021230	430528	ops_par_loop_update_halo_kernel1_r1_90	update_halo_kernel1_r1
2273	0.000023786	369120	ops_par_loop_group_74	update_halo_kernel2_xvel_minus_4_a+update_halo_kernel2_yvel_plus_4_a+update_halo_kernel4_plus_4_a
2274	0.000021942	369120	ops_par_loop_group_75	update_halo_kernel2_xvel_minus_2_a+update_halo_kernel2_yvel_plus_2_a+update_halo_kernel4_plus_2_a
2275	0.000024867	369120	ops_par_loop_group_76	update_halo_kernel2_xvel_minus_2_b+update_halo_kernel2_yvel_plus_2_b+update_halo_kernel4_plus_4_b
2276	0.000018595	123040	ops_par_loop_update_halo_kernel4_plus_2_b_122	update_halo_kernel4_plus_2_b
2277	0.000499058	472842752	ops_par_loop_advec_mom_kernel_x2_123	advec_mom_kernel_x2
2278	0.000194239	236236864	ops_par_loop_advec_mom_kernel_mass_flux_x_124	advec_mom_kernel_mass_flux_x
2279	0.000573669	590438520	ops_par_loop_advec_mom_kernel_post_pre_advec_x_125	advec_mom_kernel_post_pre_advec_x
2280	0.000884981	472258640	ops_par_loop_advec_mom_kernel1_x_nonvector_126	advec_mom_kernel1_x_nonvector
2281	0.000450756	590131240	ops_par_loop_advec_mom_kernel2_x_127	advec_mom_kernel2_x
2282	0.000498327	472842752	ops_par_loop_advec_mom_kernel_x2_128	advec_mom_kernel_x2
2283	0.000193948	236236864	ops_par_loop_advec_mom_kernel_mass_flux_x_129	advec_mom_kernel_mass_flux_x
2284	0.000571095	590438520	ops_par_loop_advec_mom_kernel_post_pre_advec_x_130	advec_mom_kernel_post_pre_advec_x
2285	0.000884339	472258640	ops_par_loop_advec_mom_kernel1_x_nonvector_131	advec_mom_kernel1_x_nonvector
2286	0.000433844	471859200	ops_par_loop_reset_field_kernel1_133	reset_field_kernel1
2287	0.001434845	1534095432	ops_par_loop_group_88	advec_mom_kernel2_x+reset_field_kernel2+ideal_gas_kernel
2288	0.000022052	430304	ops_par_loop_update_halo_kernel1_b1_136	update_halo_kernel1_b1
2289	0.000019867	430304	ops_par_loop_update_halo_kernel1_t1_137	update_halo_kernel1_t1
2290	0.000024777	430304	ops_par_loop_update_halo_kernel1_l1_138	update_halo_kernel1_l1
2291	0.000023775	430304	ops_par_loop_update_halo_kernel1_r1_139	update_halo_kernel1_r1
2292	0.000020008	245952	ops_par_loop_group_93	update_halo_kernel2_xvel_plus_2_a+update_halo_kernel2_yvel_minus_2_a
2293	0.000019717	245952	ops_par_loop_group_94	update_halo_kernel2_xvel_plus_2_b+update_halo_kernel2_yvel_minus_2_b
2294	0.000020770	245952	ops_par_loop_group_95	update_halo_kernel2_xvel_minus_2_a+update_halo_kernel2_yvel_plus_2_a
2295	0.000021671	245952	ops_par_loop_group_96	update_halo_kernel2_xvel_minus_2_b+update_halo_kernel2_yvel_plus_2_b
2296	0.001736588	589885440	ops_par_loop_viscosity_kernel_148	viscosity_kernel
2297	0.000021400	430304	ops_par_loop_update_halo_kernel1_b1_149	update_halo_kernel1_b1
2298	0.000020469	430304	ops_par_loop_update_halo_kernel1_t1_150	update_halo_kernel1_t1
2299	0.000023254	430304	ops_par_loop_update_halo_kernel1_l1_151	update_halo_kernel1_l1
2300	0.000023214	430304	ops_par_loop_update_halo_kernel1_r1_152	update_halo_kernel1_r1
2301	0.000918975	1061744640	ops_par_loop_calc_dt_kernel_153	calc_dt_kernel
2302	0.001487605	1887436800	ops_par_loop_group_0	PdV_kernel_predict+ideal_gas_kernel
2303	0.000023174	430304	ops_par_loop_update_halo_kernel1_b1_2	update_halo_kernel1_b1
2304	0.000019838	430304	ops_par_loop_update_halo_kernel1_t1_3	update_halo_kernel1_t1
2305	0.000024396	430304	ops_par_loop_update_halo_kernel1_l1_4	update_halo_kernel1_l1
2306	0.000023605	430304	ops_par_loop_update_halo_kernel1_r1_5	update_halo_kernel1_r1
2307	0.001098226	1298288728	ops_par_loop_accelerate_kernel_7	accelerate_kernel
2308	0.001359772	2123366400	ops_par_loop_group_6	revert_kernel+PdV_kernel_nopredict
2309	0.000359724	471982080	ops_par_loop_flux_calc_kernelx_9	flux_calc_kernelx
2310	0.000358531	471982080	ops_par_loop_flux_calc_kernely_10	flux_calc_kernely
2311	0.000023244	553536	ops_par_loop_group_9	update_halo_kernel1_b2+update_halo_kernel4_minus_4_a
2312	0.000021009	553536	ops_par_loop_group_10	update_halo_kernel1_b1+update_halo_kernel4_minus_2_a
2313	0.000021441	369120	ops_par_loop_group_11	update_halo_kernel3_plus_4_a+update_halo_kernel2_xvel_plus_4_a+update_halo_kernel2_yvel_minus_4_a
2314	0.000019998	369120	ops_par_loop_group_12	update_halo_kernel3_plus_2_a+update_halo_kernel2_xvel_plus_2_a+update_halo_kernel2_yvel_minus_2_a
2315	0.000018696	123008	ops_par_loop_update_halo_kernel4_minus_4_b_29	update_halo_kernel4_minus_4_b
2316	0.000021050	553536	ops_par_loop_group_14	update_halo_kernel1_t2+update_halo_kernel4_minus_2_b
2317	0.000022152	430528	ops_par_loop_update_halo_kernel1_t1_14	update_halo_kernel1_t1
2318	0.000021881	246080	ops_par_loop_group_16	update_halo_kernel2_xvel_plus_4_b+update_halo_kernel2_yvel_minus_4_b
2319	0.000021861	369120	ops_par_loop_group_17	update_halo_kernel3_plus_4_b+update_halo_kernel2_xvel_plus_2_b+update_halo_kernel2_yvel_minus_2_b
2320	0.000020469	123040	ops_par_loop_update_halo_kernel3_plus_2_b_22	update_halo_kernel3_plus_2_b
2321	0.000026560	553536	ops_par_loop_group_19	update_halo_kernel1_l2+update_halo_kernel3_minus_4_a
2322	0.000024236	553536	ops_par_loop_group_20	update_halo_kernel1_l1+update_halo_kernel3_minus_2_a
2323	0.000019988	123008	ops_par_loop_update_halo_kernel3_minus_4_b_25	update_halo_kernel3_minus_4_b
2324	0.000024286	553536	ops_par_loop_group_22	update_halo_kernel1_r2+update_halo_kernel3_minus_2_b
2325	0.000022353	430528	ops_par_loop_update_halo_kernel1_r1_18	update_halo_kernel1_r1
2326	0.000023484	369120	ops_par_loop_group_24	update_halo_kernel4_plus_4_a+update_halo_kernel2_xvel_minus_4_a+update_halo_kernel2_yvel_plus_4_a
2327	0.000022012	369120	ops_par_loop_group_25	update_halo_kernel4_plus_2_a+update_halo_kernel2_xvel_minus_2_a+update_halo_kernel2_yvel_plus_2_a
2328	0.000021009	246080	ops_par_loop_group_26	update_halo_kernel2_xvel_minus_4_b+update_halo_kernel2_yvel_plus_4_b
2329	0.000022442	369120	ops_par_loop_group_27	update_halo_kernel4_plus_4_b+update_halo_kernel2_xvel_minus_2_b+update_halo_kernel2_yvel_plus_2_b
2330	0.000018375	123040	ops_par_loop_update_halo_kernel4_plus_2_b_34	update_halo_kernel4_plus_2_b
2331	0.000560444	591053440	ops_par_loop_advec_cell_kernel1_xdir_35	advec_cell_kernel1_xdir
2332	0.000773008	708203544	ops_par_loop_advec_cell_kernel3_xdir_36	advec_cell_kernel3_xdir
2333	0.001462698	1533542400	ops_par_loop_advec_cell_kernel4_xdir_37	advec_cell_kernel4_xdir
2334	0.000022793	430528	ops_par_loop_update_halo_kernel1_b2_38	update_halo_kernel1_b2
2335	0.000020549	430528	ops_par_loop_update_halo_kernel1_b1_39	update_halo_kernel1_b1
2336	0.000020339	430528	ops_par_loop_update_halo_kernel1_t2_40	update_halo_kernel1_t2
2337	0.000020199	430528	ops_par_loop_update_halo_kernel1_t1_41	update_halo_kernel1_t1
2338	0.000019227	123040	ops_par_loop_update_halo_kernel3_plus_4_a_62	update_halo_kernel3_plus_4_a
2339	0.000018835	123040	ops_par_loop_update_halo_kernel3_plus_2_a_63	update_halo_kernel3_plus_2_a
2340	0.000018314	123040	ops_par_loop_update_halo_kernel3_plus_4_b_64	update_halo_kernel3_plus_4_b
2341	0.000018725	123040	ops_par_loop_update_halo_kernel3_plus_2_b_65	update_halo_kernel3_plus_2_b
2342	0.000026079	553536	ops_par_loop_group_40	update_halo_kernel1_l2+update_halo_kernel3_minus_4_a
2343	0.000023474	553536	ops_par_loop_group_41	update_halo_kernel1_l1+update_halo_kernel3_minus_2_a
2344	0.000018725	123008	ops_par_loop_update_halo_kernel3_minus_4_b_68	update_halo_kernel3_minus_4_b
2345	0.000024386	553536	ops_par_loop_group_43	update_halo_kernel1_r2+update_halo_kernel3_minus_2_b
2346	0.000022322	430528	ops_par_loop_update_halo_kernel1_r1_45	update_halo_kernel1_r1
2347	0.000565043	591053440	ops_par_loop_advec_mom_kernel_x1_70	advec_mom_kernel_x1
2348	0.000194770	236236864	ops_par_loop_advec_mom_kernel_mass_flux_x_71	advec_mom_kernel_mass_flux_x
2349	0.000575373	590438520	ops_par_loop_advec_mom_kernel_post_pre_advec_x_72	advec_mom_kernel_post_pre_advec_x
2350	0.000884069	472258640	ops_par_loop_advec_mom_kernel1_x_nonvector_73	advec_mom_kernel1_x_nonvector
2351	0.000444694	590131240	ops_par_loop_advec_mom_kernel2_x_74	advec_mom_kernel2_x
2352	0.000561787	591053440	ops_par_loop_advec_mom_kernel_x1_75	advec_mom_kernel_x1
2353	0.000194108	236236864	ops_par_loop_advec_mom_kernel_mass_flux_x_76	advec_mom_kernel_mass_flux_x
2354	0.000571866	590438520	ops_par_loop_advec_mom_kernel_post_pre_advec_x_77	advec_mom_kernel_post_pre_advec_x
2355	0.000885211	472258640	ops_par_loop_advec_mom_kernel1_x_nonvector_78	advec_mom_kernel1_x_nonvector
2356	0.000450135	590131240	ops_par_loop_advec_mom_kernel2_x_79	advec_mom_kernel2_x
2357	0.000498397	472842752	ops_par_loop_advec_cell_kernel2_ydir_80	advec_cell_kernel2_ydir
2358	0.000789148	708203544	ops_par_loop_advec_cell_kernel3_ydir_81	advec_cell_kernel3_ydir
2359	0.001470703	1533542400	ops_par_loop_advec_cell_kernel4_ydir_82	advec_cell_kernel4_ydir
2360	0.000023284	553536	ops_par_loop_group_58	update_halo_kernel1_b2+update_halo_kernel4_minus_4_a
2361	0.000021701	553536	ops_par_loop_group_59	update_halo_kernel1_b1+update_halo_kernel4_minus_2_a
2362	0.000022523	369120	ops_par_loop_group_60	update_halo_kernel2_xvel_plus_4_a+update_halo_kernel2_yvel_minus_4_a+update_halo_kernel3_plus_4_a
2363	0.000021501	369120	ops_par_loop_group_61	update_halo_kernel2_xvel_plus_2_a+update_halo_kernel2_yvel_minus_2_a+update_halo_kernel3_plus_2_a
2364	0.000019006	246080	ops_par_loop_group_62	update_halo_kernel2_xvel_plus_4_b+update_halo_kernel2_yvel_minus_4_b
2365	0.000021511	369120	ops_par_loop_group_63	update_halo_kernel2_xvel_plus_2_b+update_halo_kernel2_yvel_minus_2_b+update_halo_kernel3_plus_4_b
2366	0.000021921	246080	ops_par_loop_group_64	update_halo_kernel2_xvel_minus_4_b+update_halo_kernel2_yvel_plus_4_b
2367	0.000019537	123040	ops_par_loop_update_halo_kernel3_plus_2_b_110	update_halo_kernel3_plus_2_b
2368	0.000019437	123008	ops_par_loop_update_halo_kernel3_minus_4_b_113	update_halo_kernel3_minus_4_b
2369	0.000018576	123008	ops_par_loop_update_halo_kernel4_minus_4_b_117	update_halo_kernel4_minus_4_b
2370	0.000021571	553536	ops_par_loop_group_68	update_halo_kernel1_t2+update_halo_kernel4_minus_2_b
2371	0.000021461	430528	ops_par_loop_update_halo_kernel1_t1_86	update_halo_kernel1_t1
2372	0.000026951	553536	ops_par_loop_group_70	update_halo_kernel1_l2+update_halo_kernel3_minus_4_a
2373	0.000023525	553536	ops_par_loop_group_71	update_halo_kernel1_l1+update_halo_kernel3_minus_2_a
2374	0.000024576	553536	ops_par_loop_group_72	update_halo_kernel1_r2+update_halo_kernel3_minus_2_b
2375	0.000021140	430528	ops_par_loop_update_halo_kernel1_r1_90	update_halo_kernel1_r1
2376	0.000023184	369120	ops_par_loop_group_74	update_halo_kernel2_xvel_minus_4_a+update_halo_kernel2_yvel_plus_4_a+update_halo_kernel4_plus_4_a
2377	0.000021301	369120	ops_par_loop_group_75	update_halo_kernel2_xvel_minus_2_a+update_halo_kernel2_yvel_plus_2_a+update_halo_kernel4_plus_2_a
2378	0.000022212	369120	ops_par_loop_group_76	update_halo_kernel2_xvel_minus_2_b+update_halo_kernel2_yvel_plus_2_b+update_halo_kernel4_plus_4_b
2379	0.000019066	123040	ops_par_loop_update_halo_kernel4_plus_2_b_122	update_halo_kernel4_plus_2_b
2380	0.000490482	472842752	ops_par_loop_advec_mom_kernel_y2_123	advec_mom_kernel_y2
2381	0.000192395	236236864	ops_par_loop_advec_mom_kernel_mass_flux_y_124	advec_mom_kernel_mass_flux_y
2382	0.000533373	590438520	ops_par_loop_advec_mom_kernel_post_pre_advec_y_125	advec_mom_kernel_post_pre_advec_y
2383	0.000878698	472258640	ops_par_loop_advec_mom_kernel1_y_nonvector_126	advec_mom_kernel1_y_nonvector
2384	0.000446277	590131240	ops_par_loop_advec_mom_kernel2_y_127	advec_mom_kernel2_y
2385	0.000491083	472842752	ops_par_loop_advec_mom_kernel_y2_128	advec_mom_kernel_y2
2386	0.000192345	236236864	ops_par_loop_advec_mom_kernel_mass_flux_y_129	advec_mom_kernel_mass_flux_y
2387	0.000534996	590438520	ops_par_loop_advec_mom_kernel_post_pre_advec_y_130	advec_mom_kernel_post_pre_advec_y
2388	0.000876605	472258640	ops_par_loop_advec_mom_kernel1_y_nonvector_131	advec_mom_kernel1_y_nonvector
2389	0.000434886	471859200	ops_par_loop_reset_field_kernel1_133	reset_field_kernel1
2390	0.001443280	1534095432	ops_par_loop_group_88	advec_mom_kernel2_y+reset_field_kernel2+ideal_gas_kernel
2391	0.000021812	430304	ops_par_loop_update_halo_kernel1_b1_136	update_halo_kernel1_b1
2392	0.000019948	430304	ops_par_loop_update_halo_kernel1_t1_137	update_halo_kernel1_t1
2393	0.000024357	430304	ops_par_loop_update_halo_kernel1_l1_138	update_halo_kernel1_l1
2394	0.000025027	430304	ops_par_loop_update_halo_kernel1_r1_139	update_halo_kernel1_r1
2395	0.000019146	245952	ops_par_loop_group_93	update_halo_kernel2_xvel_plus_2_a+update_halo_kernel2_yvel_minus_2_a
2396	0.000019387	245952	ops_par_loop_group_94	update_halo_kernel2_xvel_plus_2_b+update_halo_kernel2_yvel_minus_2_b
2397	0.000020970	245952	ops_par_loop_group_95	update_halo_kernel2_xvel_minus_2_a+update_halo_kernel2_yvel_plus_2_a
2398	0.000021431	245952	ops_par_loop_group_96	update_halo_kernel2_xvel_minus_2_b+update_halo_kernel2_yvel_plus_2_b
2399	0.001738121	589885440	ops_par_loop_viscosity_kernel_148	viscosity_kernel
2400	0.000022463	430304	ops_par_loop_update_halo_kernel1_b1_149	update_halo_kernel1_b1
2401	0.000019868	430304	ops_par_loop_update_halo_kernel1_t1_150	update_halo_kernel1_t1
2402	0.000022933	430304	ops_par_loop_update_halo_kernel1_l1_151	update_halo_kernel1_l1
2403	0.000023434	430304	ops_par_loop_update_halo_kernel1_r1_152	update_halo_kernel1_r1
2404	0.000918214	1061744640	ops_par_loop_calc_dt_kernel_153	calc_dt_kernel
2405	0.001486262	1887436800	ops_par_loop_group_0	PdV_kernel_predict+ideal_gas_kernel
2406	0.000022253	430304	ops_par_loop_update_halo_kernel1_b1_2	update_halo_kernel1_b1
2407	0.000020729	430304	ops_par_loop_update_halo_kernel1_t1_3	update_halo_kernel1_t1
2408	0.000025248	430304	ops_par_loop_update_halo_kernel1_l1_4	update_halo_kernel1_l1
2409	0.000023414	430304	ops_par_loop_update_halo_kernel1_r1_5	update_halo_kernel1_r1
2410	0.001095260	1298288728	ops_par_loop_accelerate_kernel_7	accelerate_kernel
2411	0.001353461	2123366400	ops_par_loop_group_6	revert_kernel+PdV_kernel_nopredict
2412	0.000360354	471982080	ops_par_loop_flux_calc_kernelx_9	flux_calc_kernelx
2413	0.000355686	471982080	ops_par_loop_flux_calc_kernely_10	flux_calc_kernely
2414	0.000023144	553536	ops_par_loop_group_9	update_halo_kernel1_b2+update_halo_kernel4_minus_4_a
2415	0.000021551	553536	ops_par_loop_group_10	update_halo_kernel1_b1+update_halo_kernel4_minus_2_a
2416	0.000020759	369120	ops_par_loop_group_11	update_halo_kernel3_plus_4_a+update_halo_kernel2_xvel_plus_4_a+update_halo_kernel2_yvel_minus_4_a
2417	0.000020630	369120	ops_par_loop_group_12	update_halo_kernel3_plus_2_a+update_halo_kernel2_xvel_plus_2_a+update_halo_kernel2_yvel_minus_2_a
2418	0.000018626	123008	ops_par_loop_update_halo_kernel4_minus_4_b_29	update_halo_kernel4_minus_4_b
2419	0.000021541	553536	ops_par_loop_group_14	update_halo_kernel1_t2+update_halo_kernel4_minus_2_b
2420	0.000020068	430528	ops_par_loop_update_halo_kernel1_t1_14	update_halo_kernel1_t1
2421	0.000019507	246080	ops_par_loop_group_16	update_halo_kernel2_xvel_plus_4_b+update_halo_kernel2_yvel_minus_4_b
2422	0.000020028	369120	ops_par_loop_group_17	update_halo_kernel3_plus_4_b+update_halo_kernel2_xvel_plus_2_b+update_halo_kernel2_yvel_minus_2_b
2423	0.000019838	123040	ops_par_loop_update_halo_kernel3_plus_2_b_22	update_halo_kernel3_plus_2_b
2424	0.000025839	553536	ops_par_loop_group_19	update_halo_kernel1_l2+update_halo_kernel3_minus_4_a
2425	0.000023124	553536	ops_par_loop_group_20	update_halo_kernel1_l1+update_halo_kernel3_minus_2_a
2426	0.000018625	123008	ops_par_loop_update_halo_kernel3_minus_4_b_25	update_halo_kernel3_minus_4_b
2427	0.000024597	553536	ops_par_loop_group_22	update_halo_kernel1_r2+update_halo_kernel3_minus_2_b
2428	0.000021380	430528	ops_par_loop_update_halo_kernel1_r1_18	update_halo_kernel1_r1
2429	0.000022854	369120	ops_par_loop_group_24	update_halo_kernel4_plus_4_a+update_halo_kernel2_xvel_minus_4_a+update_halo_kernel2_yvel_plus_4_a
2430	0.000020879	369120	ops_par_loop_group_25	update_halo_kernel4_plus_2_a+update_halo_kernel2_xvel_minus_2_a+update_halo_kernel2_yvel_plus_2_a
2431	0.000020589	246080	ops_par_loop_group_26	update_halo_kernel2_xvel_minus_4_b+update_halo_kernel2_yvel_plus_4_b
2432	0.000022051	369120	ops_par_loop_group_27	update_halo_kernel4_plus_4_b+update_halo_kernel2_xvel_minus_2_b+update_halo_kernel2_yvel_plus_2_b
2433	0.000018976	123040	ops_par_loop_update_halo_kernel4_plus_2_b_34	update_halo_kernel4_plus_2_b
2434	0.000562899	591053440	ops_par_loop_advec_cell_kernel1_ydir_35	advec_cell_kernel1_ydir
2435	0.000789058	708203544	ops_par_loop_advec_cell_kernel3_ydir_36	advec_cell_kernel3_ydir
2436	0.001473849	1533542400	ops_par_loop_advec_cell_kernel4_ydir_37	advec_cell_kernel4_ydir
2437	0.000022673	553536	ops_par_loop_group_32	update_halo_kernel1_b2+update_halo_kernel4_minus_4_a
2438	0.000021992	553536	ops_par_loop_group_33	update_halo_kernel1_b1+update_halo_kernel4_minus_2_a
2439	0.000019006	123008	ops_par_loop_update_halo_kernel4_minus_4_b_64	update_halo_kernel4_minus_4_b
2440	0.000021040	553536	ops_par_loop_group_35	update_halo_kernel1_t2+update_halo_kernel4_minus_2_b
2441	0.000020659	430528	ops_par_loop_update_halo_kernel1_t1_41	update_halo_kernel1_t1
2442	0.000023755	430528	ops_par_loop_update_halo_kernel1_l2_42	update_halo_kernel1_l2
2443	0.000022002	430528	ops_par_loop_update_halo_kernel1_l1_43	update_halo_kernel1_l1
2444	0.000022563	430528	ops_par_loop_update_halo_kernel1_r2_44	update_halo_kernel1_r2
2445	0.000026901	430528	ops_par_loop_update_halo_kernel1_r1_45	update_halo_kernel1_r1
2446	0.000019798	123040	ops_par_loop_update_halo_kernel4_plus_4_a_66	update_halo_kernel4_plus_4_a
2447	0.000019116	123040	ops_par_loop_update_halo_kernel4_plus_2_a_67	update_halo_kernel4_plus_2_a
2448	0.000018805	123040	ops_par_loop_update_halo_kernel4_plus_4_b_68	update_halo_kernel4_plus_4_b
2449	0.000018164	123040	ops_par_loop_update_halo_kernel4_plus_2_b_69	update_halo_kernel4_plus_2_b
2450	0.000560554	591053440	ops_par_loop_advec_mom_kernel_y1_70	advec_mom_kernel_y1
2451	0.000191093	236236864	ops_par_loop_advec_mom_kernel_mass_flux_y_71	advec_mom_kernel_mass_flux_y
2452	0.000534135	590438520	ops_par_loop_advec_mom_kernel_post_pre_advec_y_72	advec_mom_kernel_post_pre_advec_y
2453	0.000880081	472258640	ops_par_loop_advec_mom_kernel1_y_nonvector_73	advec_mom_kernel1_y_nonvector
2454	0.000446898	590131240	ops_par_loop_advec_mom_kernel2_y_74	advec_mom_kernel2_y
2455	0.000562258	591053440	ops_par_loop_advec_mom_kernel_y1_75	advec_mom_kernel_y1
2456	0.000192215	236236864	ops_par_loop_advec_mom_kernel_mass_flux_y_76	advec_mom_kernel_mass_flux_y
2457	0.000533533	590438520	ops_par_loop_advec_mom_kernel_post_pre_advec_y_77	advec_mom_kernel_post_pre_advec_y
2458	0.000876064	472258640	ops_par_loop_advec_mom_kernel1_y_nonvector_78	advec_mom_kernel1_y_nonvector
2459	0.000450125	590131240	ops_par_loop_advec_mom_kernel2_y_79	advec_mom_kernel2_y
2460	0.000493567	472842752	ops_par_loop_advec_cell_kernel2_xdir_80	advec_cell_kernel2_xdir
2461	0.000773619	708203544	ops_par_loop_advec_cell_kernel3_xdir_81	advec_cell_kernel3_xdir
2462	0.001458029	1533542400	ops_par_loop_advec_cell_kernel4_xdir_82	advec_cell_kernel4_xdir
2463	0.000023625	553536	ops_par_loop_group_58	update_halo_kernel1_b2+update_halo_kernel4_minus_4_a
2464	0.000021831	553536	ops_par_loop_group_59	update_halo_kernel1_b1+update_halo_kernel4_minus_2_a
2465	0.000021470	369120	ops_par_loop_group_60	update_halo_kernel2_xvel_plus_4_a+update_halo_kernel2_yvel_minus_4_a+update_halo_kernel3_plus_4_a
2466	0.000021120	369120	ops_par_loop_group_61	update_halo_kernel2_xvel_plus_2_a+update_halo_kernel2_yvel_minus_2_a+update_halo_kernel3_plus_2_a
2467	0.000019266	246080	ops_par_loop_group_62	update_halo_kernel2_xvel_plus_4_b+update_halo_kernel2_yvel_minus_4_b
2468	0.000021961	369120	ops_par_loop_group_63	update_halo_kernel2_xvel_plus_2_b+update_halo_kernel2_yvel_minus_2_b+update_halo_kernel3_plus_4_b
2469	0.000021511	246080	ops_par_loop_group_64	update_halo_kernel2_xvel_minus_4_b+update_halo_kernel2_yvel_plus_4_b
2470	0.000019688	123040	ops_par_loop_update_halo_kernel3_plus_2_b_110	update_halo_kernel3_plus_2_b
2471	0.000019497	123008	ops_par_loop_update_halo_kernel3_minus_4_b_113	update_halo_kernel3_minus_4_b
2472	0.000018445	123008	ops_par_loop_update_halo_kernel4_minus_4_b_117	update_halo_kernel4_minus_4_b
2473	0.000020328	553536	ops_par_loop_group_68	update_halo_kernel1_t2+update_halo_kernel4_minus_2_b
2474	0.000020499	430528	ops_par_loop_update_halo_kernel1_t1_86	update_halo_kernel1_t1
2475	0.000027232	553536	ops_par_loop_group_70	update_halo_kernel1_l2+update_halo_kernel3_minus_4_a
2476	0.000023064	553536	ops_par_loop_group_71	update_halo_kernel1_l1+update_halo_kernel3_minus_2_a
2477	0.000024417	553536	ops_par_loop_group_72	update_halo_kernel1_r2+update_halo_kernel3_minus_2_b
2478	0.000021000	430528	ops_par_loop_update_halo_kernel1_r1_90	update_halo_kernel1_r1
2479	0.000023835	369120	ops_par_loop_group_74	update_halo_kernel2_xvel_minus_4_a+update_halo_kernel2_yvel_plus_4_a+update_halo_kernel4_plus_4_a
2480	0.000021821	369120	ops_par_loop_group_75	update_halo_kernel2_xvel_minus_2_a+update_halo_kernel2_yvel_plus_2_a+update_halo_kernel4_plus_2_a
2481	0.000023054	369120	ops_par_loop_group_76	update_halo_kernel2_xvel_minus_2_b+update_halo_kernel2_yvel_plus_2_b+update_halo_kernel4_plus_4_b
2482	0.000018856	123040	ops_par_loop_update_halo_kernel4_plus_2_b_122	update_halo_kernel4_plus_2_b
2483	0.000499829	472842752	ops_par_loop_advec_mom_kernel_x2_123	advec_mom_kernel_x2
2484	0.000194880	236236864	ops_par_loop_advec_mom_kernel_mass_flux_x_124	advec_mom_kernel_mass_flux_x
2485	0.000573569	590438520	ops_par_loop_advec_mom_kernel_post_pre_advec_x_125	advec_mom_kernel_post_pre_advec_x
2486	0.000884469	472258640	ops_par_loop_advec_mom_kernel1_x_nonvector_126	advec_mom_kernel1_x_nonvector
2487	0.000447871	590131240	ops_par_loop_advec_mom_kernel2_x_127	advec_mom_kernel2_x
2488	0.000498327	472842752	ops_par_loop_advec_mom_kernel_x2_128	advec_mom_kernel_x2
2489	0.000194299	236236864	ops_par_loop_advec_mom_kernel_mass_flux_x_129	advec_mom_kernel_mass_flux_x
2490	0.000574902	590438520	ops_par_loop_advec_mom_kernel_post_pre_advec_x_130	advec_mom_kernel_post_pre_advec_x
2491	0.000884450	472258640	ops_par_loop_advec_mom_kernel1_x_nonvector_131	advec_mom_kernel1_x_nonvector
2492	0.000435217	471859200	ops_par_loop_reset_field_kernel1_133	reset_field_kernel1
2493	0.001434955	1534095432	ops_par_loop_group_88	advec_mom_kernel2_x+reset_field_kernel2+ideal_gas_kernel
2494	0.000021361	430304	ops_par_loop_update_halo_kernel1_b1_136	update_halo_kernel1_b1
2495	0.000019908	430304	ops_par_loop_update_halo_kernel1_t1_137	update_halo_kernel1_t1
2496	0.000024266	430304	ops_par_loop_update_halo_kernel1_l1_138	update_halo_kernel1_l1
2497	0.000023956	430304	ops_par_loop_update_halo_kernel1_r1_139	update_halo_kernel1_r1
2498	0.000019838	245952	ops_par_loop_group_93	update_halo_kernel2_xvel_plus_2_a+update_halo_kernel2_yvel_minus_2_a
2499	0.000021110	245952	ops_par_loop_group_94	update_halo_kernel2_xvel_plus_2_b+update_halo_kernel2_yvel_minus_2_b
2500	0.000020589	245952	ops_par_loop_group_95	update_halo_kernel2_xvel_minus_2_a+update_halo_kernel2_yvel_plus_2_a
2501	0.000021230	245952	ops_par_loop_group_96	update_halo_kernel2_xvel_minus_2_b+update_halo_kernel2_yvel_plus_2_b
2502	0.001737159	589885440	ops_par_loop_viscosity_kernel_148	viscosity_kernel
2503	0.000021330	430304	ops_par_loop_update_halo_kernel1_b1_149	update_halo_kernel1_b1
2504	0.000019787	430304	ops_par_loop_update_halo_kernel1_t1_150	update_halo_kernel1_t1
2505	0.000024115	430304	ops_par_loop_update_halo_kernel1_l1_151	update_halo_kernel1_l1
2506	0.000023375	430304	ops_par_loop_update_halo_kernel1_r1_152	update_halo_kernel1_r1
2507	0.000918595	1061744640	ops_par_loop_calc_dt_kernel_153	calc_dt_kernel
2508	0.001490630	1887436800	ops_par_loop_group_0	PdV_kernel_predict+ideal_gas_kernel
2509	0.000023705	430304	ops_par_loop_update_halo_kernel1_b1_2	update_halo_kernel1_b1
2510	0.000020369	430304	ops_par_loop_update_halo_kernel1_t1_3	update_halo_kernel1_t1
2511	0.000023565	430304	ops_par_loop_update_halo_kernel1_l1_4	update_halo_kernel1_l1
2512	0.000023805	430304	ops_par_loop_update_halo_kernel1_r1_5	update_halo_kernel1_r1
2513	0.001095871	1298288728	ops_par_loop_accelerate_kernel_7	accelerate_kernel
2514	0.001354412	2123366400	ops_par_loop_group_6	revert_kernel+PdV_kernel_nopredict
2515	0.000360074	471982080	ops_par_loop_flux_calc_kernelx_9	flux_calc_kernelx
2516	0.000358271	471982080	ops_par_loop_flux_calc_kernely_10	flux_calc_kernely
2517	0.000022573	553536	ops_par_loop_group_9	update_halo_kernel1_b2+update_halo_kernel4_minus_4_a
2518	0.000023204	553536	ops_par_loop_group_10	update_halo_kernel1_b1+update_halo_kernel4_minus_2_a
2519	0.000021300	369120	ops_par_loop_group_11	update_halo_kernel3_plus_4_a+update_halo_kernel2_xvel_plus_4_a+update_halo_kernel2_yvel_minus_4_a
2520	0.000019698	369120	ops_par_loop_group_12	update_halo_kernel3_plus_2_a+update_halo_kernel2_xvel_plus_2_a+update_halo_kernel2_yvel_minus_2_a
2521	0.000018695	123008	ops_par_loop_update_halo_kernel4_minus_4_b_29	update_halo_kernel4_minus_4_b
2522	0.000021030	553536	ops_par_loop_group_14	update_halo_kernel1_t2+update_halo_kernel4_minus_2_b
2523	0.000020839	430528	ops_par_loop_update_halo_kernel1_t1_14	update_halo_kernel1_t1
2524	0.000019608	246080	ops_par_loop_group_16	update_halo_kernel2_xvel_plus_4_b+update_halo_kernel2_yvel_minus_4_b
2525	0.000021050	369120	ops_par_loop_group_17	update_halo_kernel3_plus_4_b+update_halo_kernel2_xvel_plus_2_b+update_halo_kernel2_yvel_minus_2_b
2526	0.000019036	123040	ops_par_loop_update_halo_kernel3_plus_2_b_22	update_halo_kernel3_plus_2_b
2527	0.000026370	553536	ops_par_loop_group_19	update_halo_kernel1_l2+update_halo_kernel3_minus_4_a
2528	0.000022363	553536	ops_par_loop_group_20	update_halo_kernel1_l1+update_halo_kernel3_minus_2_a
2529	0.000018866	123008	ops_par_loop_update_halo_kernel3_minus_4_b_25	update_halo_kernel3_minus_4_b
2530	0.000023805	553536	ops_par_loop_group_22	update_halo_kernel1_r2+update_halo_kernel3_minus_2_b
2531	0.000021672	430528	ops_par_loop_update_halo_kernel1_r1_18	update_halo_kernel1_r1
2532	0.000023034	369120	ops_par_loop_group_24	update_halo_kernel4_plus_4_a+update_halo_kernel2_xvel_minus_4_a+update_halo_kernel2_yvel_plus_4_a
2533	0.000021170	369120	ops_par_loop_group_25	update_halo_kernel4_plus_2_a+update_halo_kernel2_xvel_minus_2_a+update_halo_kernel2_yvel_plus_2_a
2534	0.000021030	246080	ops_par_loop_group_26	update_halo_kernel2_xvel_minus_4_b+update_halo_kernel2_yvel_plus_4_b
2535	0.000023444	369120	ops_par_loop_group_27	update_halo_kernel4_plus_4_b+update_halo_kernel2_xvel_minus_2_b+update_halo_kernel2_yvel_plus_2_b
2536	0.000018405	123040	ops_par_loop_update_halo_kernel4_plus_2_b_34	update_halo_kernel4_plus_2_b
2537	0.000562608	591053440	ops_par_loop_advec_cell_kernel1_xdir_35	advec_cell_kernel1_xdir
2538	0.000773118	708203544	ops_par_loop_advec_cell_kernel3_xdir_36	advec_cell_kernel3_xdir
2539	0.001460243	1533542400	ops_par_loop_advec_cell_kernel4_xdir_37	advec_cell_kernel4_xdir
2540	0.000021862	430528	ops_par_loop_update_halo_kernel1_b2_38	update_halo_kernel1_b2
2541	0.000020449	430528	ops_par_loop_update_halo_kernel1_b1_39	update_halo_kernel1_b1
2542	0.000020498	430528	ops_par_loop_update_halo_kernel1_t2_40	update_halo_kernel1_t2
2543	0.000021852	430528	ops_par_loop_update_halo_kernel1_t1_41	update_halo_kernel1_t1
2544	0.000018856	123040	ops_par_loop_update_halo_kernel3_plus_4_a_62	update_halo_kernel3_plus_4_a
2545	0.000018585	123040	ops_par_loop_update_halo_kernel3_plus_2_a_63	update_halo_kernel3_plus_2_a
2546	0.000021030	123040	ops_par_loop_update_halo_kernel3_plus_4_b_64	update_halo_kernel3_plus_4_b
2547	0.000019517	123040	ops_par_loop_update_halo_kernel3_plus_2_b_65	update_halo_kernel3_plus_2_b
2548	0.000026431	553536	ops_par_loop_group_40	update_halo_kernel1_l2+update_halo_kernel3_minus_4_a
2549	0.000024106	553536	ops_par_loop_group_41	update_halo_kernel1_l1+update_halo_kernel3_minus_2_a
2550	0.000019667	123008	ops_par_loop_update_halo_kernel3_minus_4_b_68	update_halo_kernel3_minus_4_b
2551	0.000024607	553536	ops_par_loop_group_43	update_halo_kernel1_r2+update_halo_kernel3_minus_2_b
2552	0.000022012	430528	ops_par_loop_update_halo_kernel1_r1_45	update_halo_kernel1_r1
2553	0.000563130	591053440	ops_par_loop_advec_mom_kernel_x1_70	advec_mom_kernel_x1
2554	0.000194500	236236864	ops_par_loop_advec_mom_kernel_mass_flux_x_71	advec_mom_kernel_mass_flux_x
2555	0.000573008	590438520	ops_par_loop_advec_mom_kernel_post_pre_advec_x_72	advec_mom_kernel_post_pre_advec_x
2556	0.000884229	472258640	ops_par_loop_advec_mom_kernel1_x_nonvector_73	advec_mom_kernel1_x_nonvector
2557	0.000448572	590131240	ops_par_loop_advec_mom_kernel2_x_74	advec_mom_kernel2_x
2558	0.000562167	591053440	ops_par_loop_advec_mom_kernel_x1_75	advec_mom_kernel_x1
2559	0.000196153	236236864	ops_par_loop_advec_mom_kernel_mass_flux_x_76	advec_mom_kernel_mass_flux_x
2560	0.000576144	590438520	ops_par_loop_advec_mom_kernel_post_pre_advec_x_77	advec_mom_kernel_post_pre_advec_x
2561	0.000888357	472258640	ops_par_loop_advec_mom_kernel1_x_nonvector_78	advec_mom_kernel1_x_nonvector
2562	0.000455295	590131240	ops_par_loop_advec_mom_kernel2_x_79	advec_mom_kernel2_x
2563	0.000497204	472842752	ops_par_loop_advec_cell_kernel2_ydir_80	advec_cell_kernel2_ydir
2564	0.000790130	708203544	ops_par_loop_advec_cell_kernel3_ydir_81	advec_cell_kernel3_ydir
2565	0.001473387	1533542400	ops_par_loop_advec_cell_kernel4_ydir_82	advec_cell_kernel4_ydir
2566	0.000022874	553536	ops_par_loop_group_58	update_halo_kernel1_b2+update_halo_kernel4_minus_4_a
2567	0.000022162	553536	ops_par_loop_group_59	update_halo_kernel1_b1+update_halo_kernel4_minus_2_a
2568	0.000022162	369120	ops_par_loop_group_60	update_halo_kernel2_xvel_plus_4_a+update_halo_kernel2_yvel_minus_4_a+update_halo_kernel3_plus_4_a
2569	0.000021310	369120	ops_par_loop_group_61	update_halo_kernel2_xvel_plus_2_a+update_halo_kernel2_yvel_minus_2_a+update_halo_kernel3_plus_2_a
2570	0.000019046	246080	ops_par_loop_group_62	update_halo_kernel2_xvel_plus_4_b+update_halo_kernel2_yvel_minus_4_b
2571	0.000020629	369120	ops_par_loop_group_63	update_halo_kernel2_xvel_plus_2_b+update_halo_kernel2_yvel_minus_2_b+update_halo_kernel3_plus_4_b
2572	0.000021150	246080	ops_par_loop_group_64	update_halo_kernel2_xvel_minus_4_b+update_halo_kernel2_yvel_plus_4_b
2573	0.000019657	123040	ops_par_loop_update_halo_kernel3_plus_2_b_110	update_halo_kernel3_plus_2_b
2574	0.000019066	123008	ops_par_loop_update_halo_kernel3_minus_4_b_113	update_halo_kernel3_minus_4_b
2575	0.000018435	123008	ops_par_loop_update_halo_kernel4_minus_4_b_117	update_halo_kernel4_minus_4_b
2576	0.000020579	553536	ops_par_loop_group_68	update_halo_kernel1_t2+update_halo_kernel4_minus_2_b
2577	0.000020449	430528	ops_par_loop_update_halo_kernel1_t1_86	update_halo_kernel1_t1
2578	0.000026681	553536	ops_par_loop_group_70	update_halo_kernel1_l2+update_halo_kernel3_minus_4_a
2579	0.000023274	553536	ops_par_loop_group_71	update_halo_kernel1_l1+update_halo_kernel3_minus_2_a
2580	0.000024377	553536	ops_par_loop_group_72	update_halo_kernel1_r2+update_halo_kernel3_minus_2_b
2581	0.000022172	430528	ops_par_loop_update_halo_kernel1_r1_90	update_halo_kernel1_r1
2582	0.000023384	369120	ops_par_loop_group_74	update_halo_kernel2_xvel_minus_4_a+update_halo_kernel2_yvel_plus_4_a+update_halo_kernel4_plus_4_a
2583	0.000020920	369120	ops_par_loop_group_75	update_halo_kernel2_xvel_minus_2_a+update_halo_kernel2_yvel_plus_2_a+update_halo_kernel4_plus_2_a
2584	0.000022322	369120	ops_par_loop_group_76	update_halo_kernel2_xvel_minus_2_b+update_halo_kernel2_yvel_plus_2_b+update_halo_kernel4_plus_4_b
2585	0.000018435	123040	ops_par_loop_update_halo_kernel4_plus_2_b_122	update_halo_kernel4_plus_2_b
2586	0.000488938	472842752	ops_par_loop_advec_mom_kernel_y2_123	advec_mom_kernel_y2
2587	0.000192806	236236864	ops_par_loop_advec_mom_kernel_mass_flux_y_124	advec_mom_kernel_mass_flux_y
2588	0.000531209	590438520	ops_par_loop_advec_mom_kernel_post_pre_advec_y_125	advec_mom_kernel_post_pre_advec_y
2589	0.000878108	472258640	ops_par_loop_advec_mom_kernel1_y_nonvector_126	advec_mom_kernel1_y_nonvector
2590	0.000452660	590131240	ops_par_loop_advec_mom_kernel2_y_127	advec_mom_kernel2_y
2591	0.000488458	472842752	ops_par_loop_advec_mom_kernel_y2_128	advec_mom_kernel_y2
2592	0.000192575	236236864	ops_par_loop_advec_mom_kernel_mass_flux_y_129	advec_mom_kernel_mass_flux_y
2593	0.000537832	590438520	ops_par_loop_advec_mom_kernel_post_pre_advec_y_130	advec_mom_kernel_post_pre_advec_y
2594	0.000876454	472258640	ops_par_loop_advec_mom_kernel1_y_nonvector_131	advec_mom_kernel1_y_nonvector
2595	0.000435657	471859200	ops_par_loop_reset_field_kernel1_133	reset_field_kernel1
2596	0.001441798	1534095432	ops_par_loop_group_88	advec_mom_kernel2_y+reset_field_kernel2+ideal_gas_kernel
2597	0.000022393	430304	ops_par_loop_update_halo_kernel1_b1_136	update_halo_kernel1_b1
2598	0.000020349	430304	ops_par_loop_update_halo_kernel1_t1_137	update_halo_kernel1_t1
2599	0.000024647	430304	ops_par_loop_update_halo_kernel1_l1_138	update_halo_kernel1_l1
2600	0.000024076	430304	ops_par_loop_update_halo_kernel1_r1_139	update_halo_kernel1_r1
2601	0.000019227	245952	ops_par_loop_group_93	update_halo_kernel2_xvel_plus_2_a+update_halo_kernel2_yvel_minus_2_a
2602	0.000019498	245952	ops_par_loop_group_94	update_halo_kernel2_xvel_plus_2_b+update_halo_kernel2_yvel_minus_2_b
2603	0.000021350	245952	ops_par_loop_group_95	update_halo_kernel2_xvel_minus_2_a+update_halo_kernel2_yvel_plus_2_a
2604	0.000022132	245952	ops_par_loop_group_96	update_halo_kernel2_xvel_minus_2_b+update_halo_kernel2_yvel_plus_2_b
2605	0.001737118	589885440	ops_par_loop_viscosity_kernel_148	viscosity_kernel
2606	0.000021561	430304	ops_par_loop_update_halo_kernel1_b1_149	update_halo_kernel1_b1
2607	0.000019617	430304	ops_par_loop_update_halo_kernel1_t1_150	update_halo_kernel1_t1
2608	0.000023164	430304	ops_par_loop_update_halo_kernel1_l1_151	update_halo_kernel1_l1
2609	0.000023585	430304	ops_par_loop_update_halo_kernel1_r1_152	update_halo_kernel1_r1
2610	0.000918194	1061744640	ops_par_loop_calc_dt_kernel_153	calc_dt_kernel
2611	0.001501532	1887436800	ops_par_loop_group_0	PdV_kernel_predict+ideal_gas_kernel
2612	0.000023114	430304	ops_par_loop_update_halo_kernel1_b1_2	update_halo_kernel1_b1
2613	0.000019717	430304	ops_par_loop_update_halo_kernel1_t1_3	update_halo_kernel1_t1
2614	0.000025177	430304	ops_par_loop_update_halo_kernel1_l1_4	update_halo_kernel1_l1
2615	0.000023365	430304	ops_par_loop_update_halo_kernel1_r1_5	update_halo_kernel1_r1
2616	0.001095550	1298288728	ops_par_loop_accelerate_kernel_7	accelerate_kernel
2617	0.001356266	2123366400	ops_par_loop_group_6	revert_kernel+PdV_kernel_nopredict
2618	0.000358731	471982080	ops_par_loop_flux_calc_kernelx_9	flux_calc_kernelx
2619	0.000357509	471982080	ops_par_loop_flux_calc_kernely_10	flux_calc_kernely
2620	0.000022563	553536	ops_par_loop_group_9	update_halo_kernel1_b2+update_halo_kernel4_minus_4_a
2621	0.000020810	553536	ops_par_loop_group_10	update_halo_kernel1_b1+update_halo_kernel4_minus_2_a
2622	0.000021240	369120	ops_par_loop_group_11	update_halo_kernel3_plus_4_a+update_halo_kernel2_xvel_plus_4_a+update_halo_kernel2_yvel_minus_4_a
2623	0.000019928	369120	ops_par_loop_group_12	update_halo_kernel3_plus_2_a+update_halo_kernel2_xvel_plus_2_a+update_halo_kernel2_yvel_minus_2_a
2624	0.000018265	123008	ops_par_loop_update_halo_kernel4_minus_4_b_29	update_halo_kernel4_minus_4_b
2625	0.000021160	553536	ops_par_loop_group_14	update_halo_kernel1_t2+update_halo_kernel4_minus_2_b
2626	0.000019697	430528	ops_par_loop_update_halo_kernel1_t1_14	update_halo_kernel1_t1
2627	0.000019908	246080	ops_par_loop_group_16	update_halo_kernel2_xvel_plus_4_b+update_halo_kernel2_yvel_minus_4_b
2628	0.000020278	369120	ops_par_loop_group_17	update_halo_kernel3_plus_4_b+update_halo_kernel2_xvel_plus_2_b+update_halo_kernel2_yvel_minus_2_b
2629	0.000019427	123040	ops_par_loop_update_halo_kernel3_plus_2_b_22	update_halo_kernel3_plus_2_b
2630	0.000025989	553536	ops_par_loop_group_19	update_halo_kernel1_l2+update_halo_kernel3_minus_4_a
2631	0.000023364	553536	ops_par_loop_group_20	update_halo_kernel1_l1+update_halo_kernel3_minus_2_a
2632	0.000019287	123008	ops_par_loop_update_halo_kernel3_minus_4_b_25	update_halo_kernel3_minus_4_b
2633	0.000024306	553536	ops_par_loop_group_22	update_halo_kernel1_r2+update_halo_kernel3_minus_2_b
2634	0.000021290	430528	ops_par_loop_update_halo_kernel1_r1_18	update_halo_kernel1_r1
2635	0.000023254	369120	ops_par_loop_group_24	update_halo_kernel4_plus_4_a+update_halo_kernel2_xvel_minus_4_a+update_halo_kernel2_yvel_plus_4_a
2636	0.000021190	369120	ops_par_loop_group_25	update_halo_kernel4_plus_2_a+update_halo_kernel2_xvel_minus_2_a+update_halo_kernel2_yvel_plus_2_a
2637	0.000020239	246080	ops_par_loop_group_26	update_halo_kernel2_xvel_minus_4_b+update_halo_kernel2_yvel_plus_4_b
2638	0.000022422	369120	ops_par_loop_group_27	update_halo_kernel4_plus_4_b+update_halo_kernel2_xvel_minus_2_b+update_halo_kernel2_yvel_plus_2_b
2639	0.000025378	123040	ops_par_loop_update_halo_kernel4_plus_2_b_34	update_halo_kernel4_plus_2_b
2640	0.000562238	591053440	ops_par_loop_advec_cell_kernel1_ydir_35	advec_cell_kernel1_ydir
2641	0.000788427	708203544	ops_par_loop_advec_cell_kernel3_ydir_36	advec_cell_kernel3_ydir
2642	0.001470032	1533542400	ops_par_loop_advec_cell_kernel4_ydir_37	advec_cell_kernel4_ydir
2643	0.000021861	553536	ops_par_loop_group_32	update_halo_kernel1_b2+update_halo_kernel4_minus_4_a
2644	0.000021261	553536	ops_par_loop_group_33	update_halo_kernel1_b1+update_halo_kernel4_minus_2_a
2645	0.000018435	123008	ops_par_loop_update_halo_kernel4_minus_4_b_64	update_halo_kernel4_minus_4_b
2646	0.000020469	553536	ops_par_loop_group_35	update_halo_kernel1_t2+update_halo_kernel4_minus_2_b
2647	0.000021230	430528	ops_par_loop_update_halo_kernel1_t1_41	update_halo_kernel1_t1
2648	0.000024106	430528	ops_par_loop_update_halo_kernel1_l2_42	update_halo_kernel1_l2
2649	0.000021531	430528	ops_par_loop_update_halo_kernel1_l1_43	update_halo_kernel1_l1
2650	0.000023254	430528	ops_par_loop_update_halo_kernel1_r2_44	update_halo_kernel1_r2
2651	0.000021261	430528	ops_par_loop_update_halo_kernel1_r1_45	update_halo_kernel1_r1
2652	0.000019888	123040	ops_par_loop_update_halo_kernel4_plus_4_a_66	update_halo_kernel4_plus_4_a
2653	0.000018696	123040	ops_par_loop_update_halo_kernel4_plus_2_a_67	update_halo_kernel4_plus_2_a
2654	0.000019137	123040	ops_par_loop_update_halo_kernel4_plus_4_b_68	update_halo_kernel4_plus_4_b
2655	0.000018796	123040	ops_par_loop_update_halo_kernel4_plus_2_b_69	update_halo_kernel4_plus_2_b
2656	0.000560965	591053440	ops_par_loop_advec_mom_kernel_y1_70	advec_mom_kernel_y1
2657	0.000191825	236236864	ops_par_loop_advec_mom_kernel_mass_flux_y_71	advec_mom_kernel_mass_flux_y
2658	0.000537270	590438520	ops_par_loop_advec_mom_kernel_post_pre_advec_y_72	advec_mom_kernel_post_pre_advec_y
2659	0.000878789	472258640	ops_par_loop_advec_mom_kernel1_y_nonvector_73	advec_mom_kernel1_y_nonvector
2660	0.000452790	590131240	ops_par_loop_advec_mom_kernel2_y_74	advec_mom_kernel2_y
2661	0.000563480	591053440	ops_par_loop_advec_mom_kernel_y1_75	advec_mom_kernel_y1
2662	0.000191243	236236864	ops_par_loop_advec_mom_kernel_mass_flux_y_76	advec_mom_kernel_mass_flux_y
2663	0.000531870	590438520	ops_par_loop_advec_mom_kernel_post_pre_advec_y_77	advec_mom_kernel_post_pre_advec_y
2664	0.000876143	472258640	ops_par_loop_advec_mom_kernel1_y_nonvector_78	advec_mom_kernel1_y_nonvector
2665	0.000447881	590131240	ops_par_loop_advec_mom_kernel2_y_79	advec_mom_kernel2_y
2666	0.000492505	472842752	ops_par_loop_advec_cell_kernel2_xdir_80	advec_cell_kernel2_xdir
2667	0.000774141	708203544	ops_par_loop_advec_cell_kernel3_xdir_81	advec_cell_kernel3_xdir
2668	0.001457889	1533542400	ops_par_loop_advec_cell_kernel4_xdir_82	advec_cell_kernel4_xdir
2669	0.000023505	553536	ops_par_loop_group_58	update_halo_kernel1_b2+update_halo_kernel4_minus_4_a
2670	0.000022803	553536	ops_par_loop_group_59	update_halo_kernel1_b1+update_halo_kernel4_minus_2_a
2671	0.000022262	369120	ops_par_loop_group_60	update_halo_kernel2_xvel_plus_4_a+update_halo_kernel2_yvel_minus_4_a+update_halo_kernel3_plus_4_a
2672	0.000021921	369120	ops_par_loop_group_61	update_halo_kernel2_xvel_plus_2_a+update_halo_kernel2_yvel_minus_2_a+update_halo_kernel3_plus_2_a
2673	0.000020830	246080	ops_par_loop_group_62	update_halo_kernel2_xvel_plus_4_b+update_halo_kernel2_yvel_minus_4_b
2674	0.000023334	369120	ops_par_loop_group_63	update_halo_kernel2_xvel_plus_2_b+update_halo_kernel2_yvel_minus_2_b+update_halo_kernel3_plus_4_b
2675	0.000024076	246080	ops_par_loop_group_64	update_halo_kernel2_xvel_minus_4_b+update_halo_kernel2_yvel_plus_4_b
2676	0.000022222	123040	ops_par_loop_update_halo_kernel3_plus_2_b_110	update_halo_kernel3_plus_2_b
2677	0.000021611	123008	ops_par_loop_update_halo_kernel3_minus_4_b_113	update_halo_kernel3_minus_4_b
2678	0.000020028	123008	ops_par_loop_update_halo_kernel4_minus_4_b_117	update_halo_kernel4_minus_4_b
2679	0.000022031	553536	ops_par_loop_group_68	update_halo_kernel1_t2+update_halo_kernel4_minus_2_b
2680	0.000022502	430528	ops_par_loop_update_halo_kernel1_t1_86	update_halo_kernel1_t1
2681	0.000029025	553536	ops_par_loop_group_70	update_halo_kernel1_l2+update_halo_kernel3_minus_4_a
2682	0.000024236	553536	ops_par_loop_group_71	update_halo_kernel1_l1+update_halo_kernel3_minus_2_a
2683	0.000026711	553536	ops_par_loop_group_72	update_halo_kernel1_r2+update_halo_kernel3_minus_2_b
2684	0.000023585	430528	ops_par_loop_update_halo_kernel1_r1_90	update_halo_kernel1_r1
2685	0.000028063	369120	ops_par_loop_group_74	update_halo_kernel2_xvel_minus_4_a+update_halo_kernel2_yvel_plus_4_a+update_halo_kernel4_plus_4_a
2686	0.000024095	369120	ops_par_loop_group_75	update_halo_kernel2_xvel_minus_2_a+update_halo_kernel2_yvel_plus_2_a+update_halo_kernel4_plus_2_a
2687	0.000026360	369120	ops_par_loop_group_76	update_halo_kernel2_xvel_minus_2_b+update_halo_kernel2_yvel_plus_2_b+update_halo_kernel4_plus_4_b
2688	0.000020599	123040	ops_par_loop_update_halo_kernel4_plus_2_b_122	update_halo_kernel4_plus_2_b
2689	0.000499178	472842752	ops_par_loop_advec_mom_kernel_x2_123	advec_mom_kernel_x2
2690	0.000196323	236236864	ops_par_loop_advec_mom_kernel_mass_flux_x_124	advec_mom_kernel_mass_flux_x
2691	0.000580552	590438520	ops_par_loop_advec_mom_kernel_post_pre_advec_x_125	advec_mom_kernel_post_pre_advec_x
2692	0.000885180	472258640	ops_par_loop_advec_mom_kernel1_x_nonvector_126	advec_mom_kernel1_x_nonvector
2693	0.000445686	590131240	ops_par_loop_advec_mom_kernel2_x_127	advec_mom_kernel2_x
2694	0.000499548	472842752	ops_par_loop_advec_mom_kernel_x2_128	advec_mom_kernel_x2
2695	0.000194760	236236864	ops_par_loop_advec_mom_kernel_mass_flux_x_129	advec_mom_kernel_mass_flux_x
2696	0.000575553	590438520	ops_par_loop_advec_mom_kernel_post_pre_advec_x_130	advec_mom_kernel_post_pre_advec_x
2697	0.000884840	472258640	ops_par_loop_advec_mom_kernel1_x_nonvector_131	advec_mom_kernel1_x_nonvector
2698	0.000435958	471859200	ops_par_loop_reset_field_kernel1_133	reset_field_kernel1
2699	0.001437440	1534095432	ops_par_loop_group_88	advec_mom_kernel2_x+reset_field_kernel2+ideal_gas_kernel
2700	0.000021882	430304	ops_par_loop_update_halo_kernel1_b1_136	update_halo_kernel1_b1
2701	0.000020008	430304	ops_par_loop_update_halo_kernel1_t1_137	update_halo_kernel1_t1
2702	0.000022984	430304	ops_par_loop_update_halo_kernel1_l1_138	update_halo_kernel1_l1
2703	0.000024076	430304	ops_par_loop_update_halo_kernel1_r1_139	update_halo_kernel1_r1
2704	0.000019417	245952	ops_par_loop_group_93	update_halo_kernel2_xvel_plus_2_a+update_halo_kernel2_yvel_minus_2_a
2705	0.000018555	245952	ops_par_loop_group_94	update_halo_kernel2_xvel_plus_2_b+update_halo_kernel2_yvel_minus_2_b
2706	0.000020750	245952	ops_par_loop_group_95	update_halo_kernel2_xvel_minus_2_a+update_halo_kernel2_yvel_plus_2_a
2707	0.000021481	245952	ops_par_loop_group_96	update_halo_kernel2_xvel_minus_2_b+update_halo_kernel2_yvel_plus_2_b
2708	0.001736859	589885440	ops_par_loop_viscosity_kernel_148	viscosity_kernel
2709	0.000022452	430304	ops_par_loop_update_halo_kernel1_b1_149	update_halo_kernel1_b1
2710	0.000019817	430304	ops_par_loop_update_halo_kernel1_t1_150	update_halo_kernel1_t1
2711	0.000023585	430304	ops_par_loop_update_halo_kernel1_l1_151	update_halo_kernel1_l1
2712	0.000022923	430304	ops_par_loop_update_halo_kernel1_r1_152	update_halo_kernel1_r1
2713	0.000918394	1061744640	ops_par_loop_calc_dt_kernel_153	calc_dt_kernel
2714	0.001488256	1887436800	ops_par_loop_group_0	PdV_kernel_predict+ideal_gas_kernel
2715	0.000023324	430304	ops_par_loop_update_halo_kernel1_b1_2	update_halo_kernel1_b1
2716	0.000022072	430304	ops_par_loop_update_halo_kernel1_t1_3	update_halo_kernel1_t1
2717	0.000025468	430304	ops_par_loop_update_halo_kernel1_l1_4	update_halo_kernel1_l1
2718	0.000024757	430304	ops_par_loop_update_halo_kernel1_r1_5	update_halo_kernel1_r1
2719	0.001098035	1298288728	ops_par_loop_accelerate_kernel_7	accelerate_kernel
2720	0.001353720	2123366400	ops_par_loop_group_6	revert_kernel+PdV_kernel_nopredict
2721	0.000360775	471982080	ops_par_loop_flux_calc_kernelx_9	flux_calc_kernelx
2722	0.000355756	471982080	ops_par_loop_flux_calc_kernely_10	flux_calc_kernely
2723	0.000022342	553536	ops_par_loop_group_9	update_halo_kernel1_b2+update_halo_kernel4_minus_4_a
2724	0.000020800	553536	ops_par_loop_group_10	update_halo_kernel1_b1+update_halo_kernel4_minus_2_a
2725	0.000021421	369120	ops_par_loop_group_11	update_halo_kernel3_plus_4_a+update_halo_kernel2_xvel_plus_4_a+update_halo_kernel2_yvel_minus_4_a
2726	0.000019948	369120	ops_par_loop_group_12	update_halo_kernel3_plus_2_a+update_halo_kernel2_xvel_plus_2_a+update_halo_kernel2_yvel_minus_2_a
2727	0.000018755	123008	ops_par_loop_update_halo_kernel4_minus_4_b_29	update_halo_kernel4_minus_4_b
2728	0.000020979	553536	ops_par_loop_group_14	update_halo_kernel1_t2+update_halo_kernel4_minus_2_b
2729	0.000019857	430528	ops_par_loop_update_halo_kernel1_t1_14	update_halo_kernel1_t1
2730	0.000019707	246080	ops_par_loop_group_16	update_halo_kernel2_xvel_plus_4_b+update_halo_kernel2_yvel_minus_4_b
2731	0.000020980	369120	ops_par_loop_group_17	update_halo_kernel3_plus_4_b+update_halo_kernel2_xvel_plus_2_b+update_halo_kernel2_yvel_minus_2_b
2732	0.000018726	123040	ops_par_loop_update_halo_kernel3_plus_2_b_22	update_halo_kernel3_plus_2_b
2733	0.000026250	553536	ops_par_loop_group_19	update_halo_kernel1_l2+update_halo_kernel3_minus_4_a
2734	0.000023084	553536	ops_par_loop_group_20	update_halo_kernel1_l1+update_halo_kernel3_minus_2_a
2735	0.000019106	123008	ops_par_loop_update_halo_kernel3_minus_4_b_25	update_halo_kernel3_minus_4_b
2736	0.000024126	553536	ops_par_loop_group_22	update_halo_kernel1_r2+update_halo_kernel3_minus_2_b
2737	0.000020820	430528	ops_par_loop_update_halo_kernel1_r1_18	update_halo_kernel1_r1
2738	0.000022824	369120	ops_par_loop_group_24	update_halo_kernel4_plus_4_a+update_halo_kernel2_xvel_minus_4_a+update_halo_kernel2_yvel_plus_4_a
2739	0.000022102	369120	ops_par_loop_group_25	update_halo_kernel4_plus_2_a+update_halo_kernel2_xvel_minus_2_a+update_halo_kernel2_yvel_plus_2_a
2740	0.000020590	246080	ops_par_loop_group_26	update_halo_kernel2_xvel_minus_4_b+update_halo_kernel2_yvel_plus_4_b
2741	0.000022593	369120	ops_par_loop_group_27	update_halo_kernel4_plus_4_b+update_halo_kernel2_xvel_minus_2_b+update_halo_kernel2_yvel_plus_2_b
2742	0.000017904	123040	ops_par_loop_update_halo_kernel4_plus_2_b_34	update_halo_kernel4_plus_2_b
2743	0.000562027	591053440	ops_par_loop_advec_cell_kernel1_xdir_35	advec_cell_kernel1_xdir
2744	0.000772157	708203544	ops_par_loop_advec_cell_kernel3_xdir_36	advec_cell_kernel3_xdir
2745	0.001460553	1533542400	ops_par_loop_advec_cell_kernel4_xdir_37	advec_cell_kernel4_xdir
2746	0.000021471	430528	ops_par_loop_update_halo_kernel1_b2_38	update_halo_kernel1_b2
2747	0.000020008	430528	ops_par_loop_update_halo_kernel1_b1_39	update_halo_kernel1_b1
2748	0.000020038	430528	ops_par_loop_update_halo_kernel1_t2_40	update_halo_kernel1_t2
2749	0.000019857	430528	ops_par_loop_update_halo_kernel1_t1_41	update_halo_kernel1_t1
2750	0.000018736	123040	ops_par_loop_update_halo_kernel3_plus_4_a_62	update_halo_kernel3_plus_4_a
2751	0.000018155	123040	ops_par_loop_update_halo_kernel3_plus_2_a_63	update_halo_kernel3_plus_2_a
2752	0.000017874	123040	ops_par_loop_update_halo_kernel3_plus_4_b_64	update_halo_kernel3_plus_4_b
2753	0.000018796	123040	ops_par_loop_update_halo_kernel3_plus_2_b_65	update_halo_kernel3_plus_2_b
2754	0.000027452	553536	ops_par_loop_group_40	update_halo_kernel1_l2+update_halo_kernel3_minus_4_a
2755	0.000023595	553536	ops_par_loop_group_41	update_halo_kernel1_l1+update_halo_kernel3_minus_2_a
2756	0.000018996	123008	ops_par_loop_update_halo_kernel3_minus_4_b_68	update_halo_kernel3_minus_4_b
2757	0.000024427	553536	ops_par_loop_group_43	update_halo_kernel1_r2+update_halo_kernel3_minus_2_b
2758	0.000021441	430528	ops_par_loop_update_halo_kernel1_r1_45	update_halo_kernel1_r1
2759	0.000563440	591053440	ops_par_loop_advec_mom_kernel_x1_70	advec_mom_kernel_x1
2760	0.000194019	236236864	ops_par_loop_advec_mom_kernel_mass_flux_x_71	advec_mom_kernel_mass_flux_x
2761	0.000574982	590438520	ops_par_loop_advec_mom_kernel_post_pre_advec_x_72	advec_mom_kernel_post_pre_advec_x
2762	0.000883739	472258640	ops_par_loop_advec_mom_kernel1_x_nonvector_73	advec_mom_kernel1_x_nonvector
2763	0.000447260	590131240	ops_par_loop_advec_mom_kernel2_x_74	advec_mom_kernel2_x
2764	0.000560384	591053440	ops_par_loop_advec_mom_kernel_x1_75	advec_mom_kernel_x1
2765	0.000193919	236236864	ops_par_loop_advec_mom_kernel_mass_flux_x_76	advec_mom_kernel_mass_flux_x
2766	0.000571676	590438520	ops_par_loop_advec_mom_kernel_post_pre_advec_x_77	advec_mom_kernel_post_pre_advec_x
2767	0.000883969	472258640	ops_par_loop_advec_mom_kernel1_x_nonvector_78	advec_mom_kernel1_x_nonvector
2768	0.000447209	590131240	ops_par_loop_advec_mom_kernel2_x_79	advec_mom_kernel2_x
2769	0.000497023	472842752	ops_par_loop_advec_cell_kernel2_ydir_80	advec_cell_kernel2_ydir
2770	0.000790301	708203544	ops_par_loop_advec_cell_kernel3_ydir_81	advec_cell_kernel3_ydir
2771	0.001477115	1533542400	ops_par_loop_advec_cell_kernel4_ydir_82	advec_cell_kernel4_ydir
2772	0.000023184	553536	ops_par_loop_group_58	update_halo_kernel1_b2+update_halo_kernel4_minus_4_a
2773	0.000021401	553536	ops_par_loop_group_59	update_halo_kernel1_b1+update_halo_kernel4_minus_2_a
2774	0.000021962	369120	ops_par_loop_group_60	update_halo_kernel2_xvel_plus_4_a+update_halo_kernel2_yvel_minus_4_a+update_halo_kernel3_plus_4_a
2775	0.000022643	369120	ops_par_loop_group_61	update_halo_kernel2_xvel_plus_2_a+update_halo_kernel2_yvel_minus_2_a+update_halo_kernel3_plus_2_a
2776	0.000019127	246080	ops_par_loop_group_62	update_halo_kernel2_xvel_plus_4_b+update_halo_kernel2_yvel_minus_4_b
2777	0.000020680	369120	ops_par_loop_group_63	update_halo_kernel2_xvel_plus_2_b+update_halo_kernel2_yvel_minus_2_b+update_halo_kernel3_plus_4_b
2778	0.000021571	246080	ops_par_loop_group_64	update_halo_kernel2_xvel_minus_4_b+update_halo_kernel2_yvel_plus_4_b
2779	0.000019246	123040	ops_par_loop_update_halo_kernel3_plus_2_b_110	update_halo_kernel3_plus_2_b
2780	0.000019226	123008	ops_par_loop_update_halo_kernel3_minus_4_b_113	update_halo_kernel3_minus_4_b
2781	0.000018305	123008	ops_par_loop_update_halo_kernel4_minus_4_b_117	update_halo_kernel4_minus_4_b
2782	0.000020629	553536	ops_par_loop_group_68	update_halo_kernel1_t2+update_halo_kernel4_minus_2_b
2783	0.000020750	430528	ops_par_loop_update_halo_kernel1_t1_86	update_halo_kernel1_t1
2784	0.000027392	553536	ops_par_loop_group_70	update_halo_kernel1_l2+update_halo_kernel3_minus_4_a
2785	0.000024155	553536	ops_par_loop_group_71	update_halo_kernel1_l1+update_halo_kernel3_minus_2_a
2786	0.000024286	553536	ops_par_loop_group_72	update_halo_kernel1_r2+update_halo_kernel3_minus_2_b
2787	0.000021511	430528	ops_par_loop_update_halo_kernel1_r1_90	update_halo_kernel1_r1
2788	0.000024837	369120	ops_par_loop_group_74	update_halo_kernel2_xvel_minus_4_a+update_halo_kernel2_yvel_plus_4_a+update_halo_kernel4_plus_4_a
2789	0.000021431	369120	ops_par_loop_group_75	update_halo_kernel2_xvel_minus_2_a+update_halo_kernel2_yvel_plus_2_a+update_halo_kernel4_plus_2_a
2790	0.000023024	369120	ops_par_loop_group_76	update_halo_kernel2_xvel_minus_2_b+update_halo_kernel2_yvel_plus_2_b+update_halo_kernel4_plus_4_b
2791	0.000019026	123040	ops_par_loop_update_halo_kernel4_plus_2_b_122	update_halo_kernel4_plus_2_b
2792	0.000490321	472842752	ops_par_loop_advec_mom_kernel_y2_123	advec_mom_kernel_y2
2793	0.000191854	236236864	ops_par_loop_advec_mom_kernel_mass_flux_y_124	advec_mom_kernel_mass_flux_y
2794	0.000531559	590438520	ops_par_loop_advec_mom_kernel_post_pre_advec_y_125	advec_mom_kernel_post_pre_advec_y
2795	0.000878749	472258640	ops_par_loop_advec_mom_kernel1_y_nonvector_126	advec_mom_kernel1_y_nonvector
2796	0.000446608	590131240	ops_par_loop_advec_mom_kernel2_y_127	advec_mom_kernel2_y
2797	0.000489149	472842752	ops_par_loop_advec_mom_kernel_y2_128	advec_mom_kernel_y2
2798	0.000192065	236236864	ops_par_loop_advec_mom_kernel_mass_flux_y_129	advec_mom_kernel_mass_flux_y
2799	0.000533363	590438520	ops_par_loop_advec_mom_kernel_post_pre_advec_y_130	advec_mom_kernel_post_pre_advec_y
2800	0.000875803	472258640	ops_par_loop_advec_mom_kernel1_y_nonvector_131	advec_mom_kernel1_y_nonvector
2801	0.000435127	471859200	ops_par_loop_reset_field_kernel1_133	reset_field_kernel1
2802	0.001433021	1534095432	ops_par_loop_group_88	advec_mom_kernel2_y+reset_field_kernel2+ideal_gas_kernel
2803	0.000021521	430304	ops_par_loop_update_halo_kernel1_b1_136	update_halo_kernel1_b1
2804	0.000019697	430304	ops_par_loop_update_halo_kernel1_t1_137	update_halo_kernel1_t1
2805	0.000023956	430304	ops_par_loop_update_halo_kernel1_l1_138	update_halo_kernel1_l1
2806	0.000023585	430304	ops_par_loop_update_halo_kernel1_r1_139	update_halo_kernel1_r1
2807	0.000019006	245952	ops_par_loop_group_93	update_halo_kernel2_xvel_plus_2_a+update_halo_kernel2_yvel_minus_2_a
2808	0.000018786	245952	ops_par_loop_group_94	update_halo_kernel2_xvel_plus_2_b+update_halo_kernel2_yvel_minus_2_b
2809	0.000020299	245952	ops_par_loop_group_95	update_halo_kernel2_xvel_minus_2_a+update_halo_kernel2_yvel_plus_2_a
2810	0.000020930	245952	ops_par_loop_group_96	update_halo_kernel2_xvel_minus_2_b+update_halo_kernel2_yvel_plus_2_b
2811	0.001736137	589885440	ops_par_loop_viscosity_kernel_148	viscosity_kernel
2812	0.000021711	430304	ops_par_loop_update_halo_kernel1_b1_149	update_halo_kernel1_b1
2813	0.000020339	430304	ops_par_loop_update_halo_kernel1_t1_150	update_halo_kernel1_t1
2814	0.000022903	430304	ops_par_loop_update_halo_kernel1_l1_151	update_halo_kernel1_l1
2815	0.000023535	430304	ops_par_loop_update_halo_kernel1_r1_152	update_halo_kernel1_r1
2816	0.000917612	1061744640	ops_par_loop_calc_dt_kernel_153	calc_dt_kernel
2817	0.001485251	1887436800	ops_par_loop_group_0	PdV_kernel_predict+ideal_gas_kernel
2818	0.000021742	430304	ops_par_loop_update_halo_kernel1_b1_2	update_halo_kernel1_b1
2819	0.000019447	430304	ops_par_loop_update_halo_kernel1_t1_3	update_halo_kernel1_t1
2820	0.000024136	430304	ops_par_loop_update_halo_kernel1_l1_4	update_halo_kernel1_l1
2821	0.000023855	430304	ops_par_loop_update_halo_kernel1_r1_5	update_halo_kernel1_r1
2822	0.001094508	1298288728	ops_par_loop_accelerate_kernel_7	accelerate_kernel
2823	0.001353130	2123366400	ops_par_loop_group_6	revert_kernel+PdV_kernel_nopredict
2824	0.000365003	471982080	ops_par_loop_flux_calc_kernelx_9	flux_calc_kernelx
2825	0.000356236	471982080	ops_par_loop_flux_calc_kernely_10	flux_calc_kernely
2826	0.000022262	553536	ops_par_loop_group_9	update_halo_kernel1_b2+update_halo_kernel4_minus_4_a
2827	0.000020960	553536	ops_par_loop_group_10	update_halo_kernel1_b1+update_halo_kernel4_minus_2_a
2828	0.000021471	369120	ops_par_loop_group_11	update_halo_kernel3_plus_4_a+update_halo_kernel2_xvel_plus_4_a+update_halo_kernel2_yvel_minus_4_a
2829	0.000020218	369120	ops_par_loop_group_12	update_halo_kernel3_plus_2_a+update_halo_kernel2_xvel_plus_2_a+update_halo_kernel2_yvel_minus_2_a
2830	0.000018685	123008	ops_par_loop_update_halo_kernel4_minus_4_b_29	update_halo_kernel4_minus_4_b
2831	0.000020889	553536	ops_par_loop_group_14	update_halo_kernel1_t2+update_halo_kernel4_minus_2_b
2832	0.000019357	430528	ops_par_loop_update_halo_kernel1_t1_14	update_halo_kernel1_t1
2833	0.000019497	246080	ops_par_loop_group_16	update_halo_kernel2_xvel_plus_4_b+update_halo_kernel2_yvel_minus_4_b
2834	0.000019517	369120	ops_par_loop_group_17	update_halo_kernel3_plus_4_b+update_halo_kernel2_xvel_plus_2_b+update_halo_kernel2_yvel_minus_2_b
2835	0.000018896	123040	ops_par_loop_update_halo_kernel3_plus_2_b_22	update_halo_kernel3_plus_2_b
2836	0.000026130	553536	ops_par_loop_group_19	update_halo_kernel1_l2+update_halo_kernel3_minus_4_a
2837	0.000024106	553536	ops_par_loop_group_20	update_halo_kernel1_l1+update_halo_kernel3_minus_2_a
2838	0.000019246	123008	ops_par_loop_update_halo_kernel3_minus_4_b_25	update_halo_kernel3_minus_4_b
2839	0.000024767	553536	ops_par_loop_group_22	update_halo_kernel1_r2+update_halo_kernel3_minus_2_b
2840	0.000021491	430528	ops_par_loop_update_halo_kernel1_r1_18	update_halo_kernel1_r1
2841	0.000023585	369120	ops_par_loop_group_24	update_halo_kernel4_plus_4_a+update_halo_kernel2_xvel_minus_4_a+update_halo_kernel2_yvel_plus_4_a
2842	0.000020850	369120	ops_par_loop_group_25	update_halo_kernel4_plus_2_a+update_halo_kernel2_xvel_minus_2_a+update_halo_kernel2_yvel_plus_2_a
2843	0.000020138	246080	ops_par_loop_group_26	update_halo_kernel2_xvel_minus_4_b+update_halo_kernel2_yvel_plus_4_b
2844	0.000021891	369120	ops_par_loop_group_27	update_halo_kernel4_plus_4_b+update_halo_kernel2_xvel_minus_2_b+update_halo_kernel2_yvel_plus_2_b
2845	0.000018706	123040	ops_par_loop_update_halo_kernel4_plus_2_b_34	update_halo_kernel4_plus_2_b
2846	0.000562719	591053440	ops_par_loop_advec_cell_kernel1_ydir_35	advec_cell_kernel1_ydir
2847	0.000793356	708203544	ops_par_loop_advec_cell_kernel3_ydir_36	advec_cell_kernel3_ydir
2848	0.001482275	1533542400	ops_par_loop_advec_cell_kernel4_ydir_37	advec_cell_kernel4_ydir
2849	0.000022563	553536	ops_par_loop_group_32	update_halo_kernel1_b2+update_halo_kernel4_minus_4_a
2850	0.000022333	553536	ops_par_loop_group_33	update_halo_kernel1_b1+update_halo_kernel4_minus_2_a
2851	0.000018986	123008	ops_par_loop_update_halo_kernel4_minus_4_b_64	update_halo_kernel4_minus_4_b
2852	0.000021791	553536	ops_par_loop_group_35	update_halo_kernel1_t2+update_halo_kernel4_minus_2_b
2853	0.000020209	430528	ops_par_loop_update_halo_kernel1_t1_41	update_halo_kernel1_t1
2854	0.000023785	430528	ops_par_loop_update_halo_kernel1_l2_42	update_halo_kernel1_l2
2855	0.000022022	430528	ops_par_loop_update_halo_kernel1_l1_43	update_halo_kernel1_l1
2856	0.000024226	430528	ops_par_loop_update_halo_kernel1_r2_44	update_halo_kernel1_r2
2857	0.000022192	430528	ops_par_loop_update_halo_kernel1_r1_45	update_halo_kernel1_r1
2858	0.000019807	123040	ops_par_loop_update_halo_kernel4_plus_4_a_66	update_halo_kernel4_plus_4_a
2859	0.000017934	123040	ops_par_loop_update_halo_kernel4_plus_2_a_67	update_halo_kernel4_plus_2_a
2860	0.000018455	123040	ops_par_loop_update_halo_kernel4_plus_4_b_68	update_halo_kernel4_plus_4_b
2861	0.000018666	123040	ops_par_loop_update_halo_kernel4_plus_2_b_69	update_halo_kernel4_plus_2_b
2862	0.000560935	591053440	ops_par_loop_advec_mom_kernel_y1_70	advec_mom_kernel_y1
2863	0.000192585	236236864	ops_par_loop_advec_mom_kernel_mass_flux_y_71	advec_mom_kernel_mass_flux_y
2864	0.000534545	590438520	ops_par_loop_advec_mom_kernel_post_pre_advec_y_72	advec_mom_kernel_post_pre_advec_y
2865	0.000878278	472258640	ops_par_loop_advec_mom_kernel1_y_nonvector_73	advec_mom_kernel1_y_nonvector
2866	0.000444895	590131240	ops_par_loop_advec_mom_kernel2_y_74	advec_mom_kernel2_y
2867	0.000560624	591053440	ops_par_loop_advec_mom_kernel_y1_75	advec_mom_kernel_y1
2868	0.000192466	236236864	ops_par_loop_advec_mom_kernel_mass_flux_y_76	advec_mom_kernel_mass_flux_y
2869	0.000531990	590438520	ops_par_loop_advec_mom_kernel_post_pre_advec_y_77	advec_mom_kernel_post_pre_advec_y
2870	0.000875723	472258640	ops_par_loop_advec_mom_kernel1_y_nonvector_78	advec_mom_kernel1_y_nonvector
2871	0.000455455	590131240	ops_par_loop_advec_mom_kernel2_y_79	advec_mom_kernel2_y
2872	0.000490702	472842752	ops_par_loop_advec_cell_kernel2_xdir_80	advec_cell_kernel2_xdir
2873	0.000773609	708203544	ops_par_loop_advec_cell_kernel3_xdir_81	advec_cell_kernel3_xdir
2874	0.001465793	1533542400	ops_par_loop_advec_cell_kernel4_xdir_82	advec_cell_kernel4_xdir
2875	0.000022272	553536	ops_par_loop_group_58	update_halo_kernel1_b2+update_halo_kernel4_minus_4_a
2876	0.000020790	553536	ops_par_loop_group_59	update_halo_kernel1_b1+update_halo_kernel4_minus_2_a
2877	0.000022313	369120	ops_par_loop_group_60	update_halo_kernel2_xvel_plus_4_a+update_halo_kernel2_yvel_minus_4_a+update_halo_kernel3_plus_4_a
2878	0.000020789	369120	ops_par_loop_group_61	update_halo_kernel2_xvel_plus_2_a+update_halo_kernel2_yvel_minus_2_a+update_halo_kernel3_plus_2_a
2879	0.000021100	246080	ops_par_loop_group_62	update_halo_kernel2_xvel_plus_4_b+update_halo_kernel2_yvel_minus_4_b
2880	0.000022342	369120	ops_par_loop_group_63	update_halo_kernel2_xvel_plus_2_b+update_halo_kernel2_yvel_minus_2_b+update_halo_kernel3_plus_4_b
2881	0.000022512	246080	ops_par_loop_group_64	update_halo_kernel2_xvel_minus_4_b+update_halo_kernel2_yvel_plus_4_b
2882	0.000019627	123040	ops_par_loop_update_halo_kernel3_plus_2_b_110	update_halo_kernel3_plus_2_b
2883	0.000019898	123008	ops_par_loop_update_halo_kernel3_minus_4_b_113	update_halo_kernel3_minus_4_b
2884	0.000018766	123008	ops_par_loop_update_halo_kernel4_minus_4_b_117	update_halo_kernel4_minus_4_b
2885	0.000021140	553536	ops_par_loop_group_68	update_halo_kernel1_t2+update_halo_kernel4_minus_2_b
2886	0.000022513	430528	ops_par_loop_update_halo_kernel1_t1_86	update_halo_kernel1_t1
2887	0.000028303	553536	ops_par_loop_group_70	update_halo_kernel1_l2+update_halo_kernel3_minus_4_a
2888	0.000023595	553536	ops_par_loop_group_71	update_halo_kernel1_l1+update_halo_kernel3_minus_2_a
2889	0.000025499	553536	ops_par_loop_group_72	update_halo_kernel1_r2+update_halo_kernel3_minus_2_b
2890	0.000023525	430528	ops_par_loop_update_halo_kernel1_r1_90	update_halo_kernel1_r1
2891	0.000023846	369120	ops_par_loop_group_74	update_halo_kernel2_xvel_minus_4_a+update_halo_kernel2_yvel_plus_4_a+update_halo_kernel4_plus_4_a
2892	0.000021681	369120	ops_par_loop_group_75	update_halo_kernel2_xvel_minus_2_a+update_halo_kernel2_yvel_plus_2_a+update_halo_kernel4_plus_2_a
2893	0.000022533	369120	ops_par_loop_group_76	update_halo_kernel2_xvel_minus_2_b+update_halo_kernel2_yvel_plus_2_b+update_halo_kernel4_plus_4_b
2894	0.000018165	123040	ops_par_loop_update_halo_kernel4_plus_2_b_122	update_halo_kernel4_plus_2_b
2895	0.000504698	472842752	ops_par_loop_advec_mom_kernel_x2_123	advec_mom_kernel_x2
2896	0.000194520	236236864	ops_par_loop_advec_mom_kernel_mass_flux_x_124	advec_mom_kernel_mass_flux_x
2897	0.000573519	590438520	ops_par_loop_advec_mom_kernel_post_pre_advec_x_125	advec_mom_kernel_post_pre_advec_x
2898	0.000884099	472258640	ops_par_loop_advec_mom_kernel1_x_nonvector_126	advec_mom_kernel1_x_nonvector
2899	0.000449384	590131240	ops_par_loop_advec_mom_kernel2_x_127	advec_mom_kernel2_x
2900	0.000497144	472842752	ops_par_loop_advec_mom_kernel_x2_128	advec_mom_kernel_x2
2901	0.000193988	236236864	ops_par_loop_advec_mom_kernel_mass_flux_x_129	advec_mom_kernel_mass_flux_x
2902	0.000573600	590438520	ops_par_loop_advec_mom_kernel_post_pre_advec_x_130	advec_mom_kernel_post_pre_advec_x
2903	0.000884630	472258640	ops_par_loop_advec_mom_kernel1_x_nonvector_131	advec_mom_kernel1_x_nonvector
2904	0.000434405	471859200	ops_par_loop_reset_field_kernel1_133	reset_field_kernel1
2905	0.001438622	1534095432	ops_par_loop_group_88	advec_mom_kernel2_x+reset_field_kernel2+ideal_gas_kernel
2906	0.000023545	430304	ops_par_loop_update_halo_kernel1_b1_136	update_halo_kernel1_b1
2907	0.000019477	430304	ops_par_loop_update_halo_kernel1_t1_137	update_halo_kernel1_t1
2908	0.000023615	430304	ops_par_loop_update_halo_kernel1_l1_138	update_halo_kernel1_l1
2909	0.000023405	430304	ops_par_loop_update_halo_kernel1_r1_139	update_halo_kernel1_r1
2910	0.000020429	245952	ops_par_loop_group_93	update_halo_kernel2_xvel_plus_2_a+update_halo_kernel2_yvel_minus_2_a
2911	0.000019817	245952	ops_par_loop_group_94	update_halo_kernel2_xvel_plus_2_b+update_halo_kernel2_yvel_minus_2_b
2912	0.000020679	245952	ops_par_loop_group_95	update_halo_kernel2_xvel_minus_2_a+update_halo_kernel2_yvel_plus_2_a
2913	0.000021020	245952	ops_par_loop_group_96	update_halo_kernel2_xvel_minus_2_b+update_halo_kernel2_yvel_plus_2_b
2914	0.001737720	589885440	ops_par_loop_viscosity_kernel_148	viscosity_kernel
2915	0.000020830	430304	ops_par_loop_update_halo_kernel1_b1_149	update_halo_kernel1_b1
2916	0.000019667	430304	ops_par_loop_update_halo_kernel1_t1_150	update_halo_kernel1_t1
2917	0.000023124	430304	ops_par_loop_update_halo_kernel1_l1_151	update_halo_kernel1_l1
2918	0.000022753	430304	ops_par_loop_update_halo_kernel1_r1_152	update_halo_kernel1_r1
2919	0.000917863	1061744640	ops_par_loop_calc_dt_kernel_153	calc_dt_kernel
2920	0.001487114	1887436800	ops_par_loop_group_0	PdV_kernel_predict+ideal_gas_kernel
2921	0.000023084	430304	ops_par_loop_update_halo_kernel1_b1_2	update_halo_kernel1_b1
2922	0.000019568	430304	ops_par_loop_update_halo_kernel1_t1_3	update_halo_kernel1_t1
2923	0.000024146	430304	ops_par_loop_update_halo_kernel1_l1_4	update_halo_kernel1_l1
2924	0.000023695	430304	ops_par_loop_update_halo_kernel1_r1_5	update_halo_kernel1_r1
2925	0.001095110	1298288728	ops_par_loop_accelerate_kernel_7	accelerate_kernel
2926	0.001353561	2123366400	ops_par_loop_group_6	revert_kernel+PdV_kernel_nopredict
2927	0.000364883	471982080	ops_par_loop_flux_calc_kernelx_9	flux_calc_kernelx
2928	0.000357409	471982080	ops_par_loop_flux_calc_kernely_10	flux_calc_kernely
2929	0.000021531	553536	ops_par_loop_group_9	update_halo_kernel1_b2+update_halo_kernel4_minus_4_a
2930	0.000020468	553536	ops_par_loop_group_10	update_halo_kernel1_b1+update_halo_kernel4_minus_2_a
2931	0.000021370	369120	ops_par_loop_group_11	update_halo_kernel3_plus_4_a+update_halo_kernel2_xvel_plus_4_a+update_halo_kernel2_yvel_minus_4_a
2932	0.000019347	369120	ops_par_loop_group_12	update_halo_kernel3_plus_2_a+update_halo_kernel2_xvel_plus_2_a+update_halo_kernel2_yvel_minus_2_a
2933	0.000018214	123008	ops_par_loop_update_halo_kernel4_minus_4_b_29	update_halo_kernel4_minus_4_b
2934	0.000020859	553536	ops_par_loop_group_14	update_halo_kernel1_t2+update_halo_kernel4_minus_2_b
2935	0.000019757	430528	ops_par_loop_update_halo_kernel1_t1_14	update_halo_kernel1_t1
2936	0.000019287	246080	ops_par_loop_group_16	update_halo_kernel2_xvel_plus_4_b+update_halo_kernel2_yvel_minus_4_b
2937	0.000020499	369120	ops_par_loop_group_17	update_halo_kernel3_plus_4_b+update_halo_kernel2_xvel_plus_2_b+update_halo_kernel2_yvel_minus_2_b
2938	0.000018515	123040	ops_par_loop_update_halo_kernel3_plus_2_b_22	update_halo_kernel3_plus_2_b
2939	0.000025559	553536	ops_par_loop_group_19	update_halo_kernel1_l2+update_halo_kernel3_minus_4_a
2940	0.000023073	553536	ops_par_loop_group_20	update_halo_kernel1_l1+update_halo_kernel3_minus_2_a
2941	0.000018615	123008	ops_par_loop_update_halo_kernel3_minus_4_b_25	update_halo_kernel3_minus_4_b
2942	0.000023605	553536	ops_par_loop_group_22	update_halo_kernel1_r2+update_halo_kernel3_minus_2_b
2943	0.000021541	430528	ops_par_loop_update_halo_kernel1_r1_18	update_halo_kernel1_r1
2944	0.000023775	369120	ops_par_loop_group_24	update_halo_kernel4_plus_4_a+update_halo_kernel2_xvel_minus_4_a+update_halo_kernel2_yvel_plus_4_a
2945	0.000021541	369120	ops_par_loop_group_25	update_halo_kernel4_plus_2_a+update_halo_kernel2_xvel_minus_2_a+update_halo_kernel2_yvel_plus_2_a
2946	0.000020659	246080	ops_par_loop_group_26	update_halo_kernel2_xvel_minus_4_b+update_halo_kernel2_yvel_plus_4_b
2947	0.000021912	369120	ops_par_loop_group_27	update_halo_kernel4_plus_4_b+update_halo_kernel2_xvel_minus_2_b+update_halo_kernel2_yvel_plus_2_b
2948	0.000018014	123040	ops_par_loop_update_halo_kernel4_plus_2_b_34	update_halo_kernel4_plus_2_b
2949	0.000562118	591053440	ops_par_loop_advec_cell_kernel1_xdir_35	advec_cell_kernel1_xdir
2950	0.000772277	708203544	ops_par_loop_advec_cell_kernel3_xdir_36	advec_cell_kernel3_xdir
2951	0.001463900	1533542400	ops_par_loop_advec_cell_kernel4_xdir_37	advec_cell_kernel4_xdir
2952	0.000021972	430528	ops_par_loop_update_halo_kernel1_b2_38	update_halo_kernel1_b2
2953	0.000020519	430528	ops_par_loop_update_halo_kernel1_b1_39	update_halo_kernel1_b1
2954	0.000020218	430528	ops_par_loop_update_halo_kernel1_t2_40	update_halo_kernel1_t2
2955	0.000019447	430528	ops_par_loop_update_halo_kernel1_t1_41	update_halo_kernel1_t1
2956	0.000018725	123040	ops_par_loop_update_halo_kernel3_plus_4_a_62	update_halo_kernel3_plus_4_a
2957	0.000017333	123040	ops_par_loop_update_halo_kernel3_plus_2_a_63	update_halo_kernel3_plus_2_a
2958	0.000018035	123040	ops_par_loop_update_halo_kernel3_plus_4_b_64	update_halo_kernel3_plus_4_b
2959	0.000018244	123040	ops_par_loop_update_halo_kernel3_plus_2_b_65	update_halo_kernel3_plus_2_b
2960	0.000025428	553536	ops_par_loop_group_40	update_halo_kernel1_l2+update_halo_kernel3_minus_4_a
2961	0.000022813	553536	ops_par_loop_group_41	update_halo_kernel1_l1+update_halo_kernel3_minus_2_a
2962	0.000018756	123008	ops_par_loop_update_halo_kernel3_minus_4_b_68	update_halo_kernel3_minus_4_b
2963	0.000024346	553536	ops_par_loop_group_43	update_halo_kernel1_r2+update_halo_kernel3_minus_2_b
2964	0.000020899	430528	ops_par_loop_update_halo_kernel1_r1_45	update_halo_kernel1_r1
2965	0.000562008	591053440	ops_par_loop_advec_mom_kernel_x1_70	advec_mom_kernel_x1
2966	0.000194028	236236864	ops_par_loop_advec_mom_kernel_mass_flux_x_71	advec_mom_kernel_mass_flux_x
2967	0.000578398	590438520	ops_par_loop_advec_mom_kernel_post_pre_advec_x_72	advec_mom_kernel_post_pre_advec_x
2968	0.000882436	472258640	ops_par_loop_advec_mom_kernel1_x_nonvector_73	advec_mom_kernel1_x_nonvector
2969	0.000446528	590131240	ops_par_loop_advec_mom_kernel2_x_74	advec_mom_kernel2_x
2970	0.000562469	591053440	ops_par_loop_advec_mom_kernel_x1_75	advec_mom_kernel_x1
2971	0.000193638	236236864	ops_par_loop_advec_mom_kernel_mass_flux_x_76	advec_mom_kernel_mass_flux_x
2972	0.000574761	590438520	ops_par_loop_advec_mom_kernel_post_pre_advec_x_77	advec_mom_kernel_post_pre_advec_x
2973	0.000883788	472258640	ops_par_loop_advec_mom_kernel1_x_nonvector_78	advec_mom_kernel1_x_nonvector
2974	0.000444254	590131240	ops_par_loop_advec_mom_kernel2_x_79	advec_mom_kernel2_x
2975	0.000499698	472842752	ops_par_loop_advec_cell_kernel2_ydir_80	advec_cell_kernel2_ydir
2976	0.000790371	708203544	ops_par_loop_advec_cell_kernel3_ydir_81	advec_cell_kernel3_ydir
2977	0.001471204	1533542400	ops_par_loop_advec_cell_kernel4_ydir_82	advec_cell_kernel4_ydir
2978	0.000024566	553536	ops_par_loop_group_58	update_halo_kernel1_b2+update_halo_kernel4_minus_4_a
2979	0.000021511	553536	ops_par_loop_group_59	update_halo_kernel1_b1+update_halo_kernel4_minus_2_a
2980	0.000021541	369120	ops_par_loop_group_60	update_halo_kernel2_xvel_plus_4_a+update_halo_kernel2_yvel_minus_4_a+update_halo_kernel3_plus_4_a
2981	0.000022322	369120	ops_par_loop_group_61	update_halo_kernel2_xvel_plus_2_a+update_halo_kernel2_yvel_minus_2_a+update_halo_kernel3_plus_2_a
2982	0.000018775	246080	ops_par_loop_group_62	update_halo_kernel2_xvel_plus_4_b+update_halo_kernel2_yvel_minus_4_b
2983	0.000022663	369120	ops_par_loop_group_63	update_halo_kernel2_xvel_plus_2_b+update_halo_kernel2_yvel_minus_2_b+update_halo_kernel3_plus_4_b
2984	0.000023324	246080	ops_par_loop_group_64	update_halo_kernel2_xvel_minus_4_b+update_halo_kernel2_yvel_plus_4_b
2985	0.000020108	123040	ops_par_loop_update_halo_kernel3_plus_2_b_110	update_halo_kernel3_plus_2_b
2986	0.000019938	123008	ops_par_loop_update_halo_kernel3_minus_4_b_113	update_halo_kernel3_minus_4_b
2987	0.000019507	123008	ops_par_loop_update_halo_kernel4_minus_4_b_117	update_halo_kernel4_minus_4_b
2988	0.000025569	553536	ops_par_loop_group_68	update_halo_kernel1_t2+update_halo_kernel4_minus_2_b
2989	0.000022893	430528	ops_par_loop_update_halo_kernel1_t1_86	update_halo_kernel1_t1
2990	0.000031270	553536	ops_par_loop_group_70	update_halo_kernel1_l2+update_halo_kernel3_minus_4_a
2991	0.000026290	553536	ops_par_loop_group_71	update_halo_kernel1_l1+update_halo_kernel3_minus_2_a
2992	0.000031961	553536	ops_par_loop_group_72	update_halo_kernel1_r2+update_halo_kernel3_minus_2_b
2993	0.000022233	430528	ops_par_loop_update_halo_kernel1_r1_90	update_halo_kernel1_r1
2994	0.000025037	369120	ops_par_loop_group_74	update_halo_kernel2_xvel_minus_4_a+update_halo_kernel2_yvel_plus_4_a+update_halo_kernel4_plus_4_a
2995	0.000023605	369120	ops_par_loop_group_75	update_halo_kernel2_xvel_minus_2_a+update_halo_kernel2_yvel_plus_2_a+update_halo_kernel4_plus_2_a
2996	0.000023354	369120	ops_par_loop_group_76	update_halo_kernel2_xvel_minus_2_b+update_halo_kernel2_yvel_plus_2_b+update_halo_kernel4_plus_4_b
2997	0.000019237	123040	ops_par_loop_update_halo_kernel4_plus_2_b_122	update_halo_kernel4_plus_2_b
2998	0.000488047	472842752	ops_par_loop_advec_mom_kernel_y2_123	advec_mom_kernel_y2
2999	0.000192265	236236864	ops_par_loop_advec_mom_kernel_mass_flux_y_124	advec_mom_kernel_mass_flux_y
3000	0.000534695	590438520	ops_par_loop_advec_mom_kernel_post_pre_advec_y_125	advec_mom_kernel_post_pre_advec_y
3001	0.000878729	472258640	ops_par_loop_advec_mom_kernel1_y_nonvector_126	advec_mom_kernel1_y_nonvector
3002	0.000451207	590131240	ops_par_loop_advec_mom_kernel2_y_127	advec_mom_kernel2_y
3003	0.000491613	472842752	ops_par_loop_advec_mom_kernel_y2_128	advec_mom_kernel_y2
3004	0.000192265	236236864	ops_par_loop_advec_mom_kernel_mass_flux_y_129	advec_mom_kernel_mass_flux_y
3005	0.000533353	590438520	ops_par_loop_advec_mom_kernel_post_pre_advec_y_130	advec_mom_kernel_post_pre_advec_y
3006	0.000881434	472258640	ops_par_loop_advec_mom_kernel1_y_nonvector_131	advec_mom_kernel1_y_nonvector
3007	0.000435817	471859200	ops_par_loop_reset_field_kernel1_133	reset_field_kernel1
3008	0.001439323	1534095432	ops_par_loop_group_88	advec_mom_kernel2_y+reset_field_kernel2+ideal_gas_kernel
3009	0.000021440	430304	ops_par_loop_update_halo_kernel1_b1_136	update_halo_kernel1_b1
3010	0.000019186	430304	ops_par_loop_update_halo_kernel1_t1_137	update_halo_kernel1_t1
3011	0.000023826	430304	ops_par_loop_update_halo_kernel1_l1_138	update_halo_kernel1_l1
3012	0.000024146	430304	ops_par_loop_update_halo_kernel1_r1_139	update_halo_kernel1_r1
3013	0.000018315	245952	ops_par_loop_group_93	update_halo_kernel2_xvel_plus_2_a+update_halo_kernel2_yvel_minus_2_a
3014	0.000020378	245952	ops_par_loop_group_94	update_halo_kernel2_xvel_plus_2_b+update_halo_kernel2_yvel_minus_2_b
3015	0.000020970	245952	ops_par_loop_group_95	update_halo_kernel2_xvel_minus_2_a+update_halo_kernel2_yvel_plus_2_a
3016	0.000027512	245952	ops_par_loop_group_96	update_halo_kernel2_xvel_minus_2_b+update_halo_kernel2_yvel_plus_2_b
3017	0.001736047	589885440	ops_par_loop_viscosity_kernel_148	viscosity_kernel
3018	0.000021631	430304	ops_par_loop_update_halo_kernel1_b1_149	update_halo_kernel1_b1
3019	0.000019857	430304	ops_par_loop_update_halo_kernel1_t1_150	update_halo_kernel1_t1
3020	0.000023044	430304	ops_par_loop_update_halo_kernel1_l1_151	update_halo_kernel1_l1
3021	0.000022593	430304	ops_par_loop_update_halo_kernel1_r1_152	update_halo_kernel1_r1
3022	0.000917672	1061744640	ops_par_loop_calc_dt_kernel_153	calc_dt_kernel
3023	0.001488416	1887436800	ops_par_loop_group_0	PdV_kernel_predict+ideal_gas_kernel
3024	0.000022322	430304	ops_par_loop_update_halo_kernel1_b1_2	update_halo_kernel1_b1
3025	0.000020399	430304	ops_par_loop_update_halo_kernel1_t1_3	update_halo_kernel1_t1
3026	0.000023896	430304	ops_par_loop_update_halo_kernel1_l1_4	update_halo_kernel1_l1
3027	0.000024727	430304	ops_par_loop_update_halo_kernel1_r1_5	update_halo_kernel1_r1
3028	0.001096692	1298288728	ops_par_loop_accelerate_kernel_7	accelerate_kernel
3029	0.001355754	2123366400	ops_par_loop_group_6	revert_kernel+PdV_kernel_nopredict
3030	0.000360214	471982080	ops_par_loop_flux_calc_kernelx_9	flux_calc_kernelx
3031	0.000360204	471982080	ops_par_loop_flux_calc_kernely_10	flux_calc_kernely
3032	0.000023756	553536	ops_par_loop_group_9	update_halo_kernel1_b2+update_halo_kernel4_minus_4_a
3033	0.000020809	553536	ops_par_loop_group_10	update_halo_kernel1_b1+update_halo_kernel4_minus_2_a
3034	0.000021090	369120	ops_par_loop_group_11	update_halo_kernel3_plus_4_a+update_halo_kernel2_xvel_plus_4_a+update_halo_kernel2_yvel_minus_4_a
3035	0.000020459	369120	ops_par_loop_group_12	update_halo_kernel3_plus_2_a+update_halo_kernel2_xvel_plus_2_a+update_halo_kernel2_yvel_minus_2_a
3036	0.000019296	123008	ops_par_loop_update_halo_kernel4_minus_4_b_29	update_halo_kernel4_minus_4_b
3037	0.000020990	553536	ops_par_loop_group_14	update_halo_kernel1_t2+update_halo_kernel4_minus_2_b
3038	0.000019688	430528	ops_par_loop_update_halo_kernel1_t1_14	update_halo_kernel1_t1
3039	0.000020318	246080	ops_par_loop_group_16	update_halo_kernel2_xvel_plus_4_b+update_halo_kernel2_yvel_minus_4_b
3040	0.000020259	369120	ops_par_loop_group_17	update_halo_kernel3_plus_4_b+update_halo_kernel2_xvel_plus_2_b+update_halo_kernel2_yvel_minus_2_b
3041	0.000018435	123040	ops_par_loop_update_halo_kernel3_plus_2_b_22	update_halo_kernel3_plus_2_b
3042	0.000025539	553536	ops_par_loop_group_19	update_halo_kernel1_l2+update_halo_kernel3_minus_4_a
3043	0.000023635	553536	ops_par_loop_group_20	update_halo_kernel1_l1+update_halo_kernel3_minus_2_a
3044	0.000018816	123008	ops_par_loop_update_halo_kernel3_minus_4_b_25	update_halo_kernel3_minus_4_b
3045	0.000024607	553536	ops_par_loop_group_22	update_halo_kernel1_r2+update_halo_kernel3_minus_2_b
3046	0.000021751	430528	ops_par_loop_update_halo_kernel1_r1_18	update_halo_kernel1_r1
3047	0.000024476	369120	ops_par_loop_group_24	update_halo_kernel4_plus_4_a+update_halo_kernel2_xvel_minus_4_a+update_halo_kernel2_yvel_plus_4_a
3048	0.000021561	369120	ops_par_loop_group_25	update_halo_kernel4_plus_2_a+update_halo_kernel2_xvel_minus_2_a+update_halo_kernel2_yvel_plus_2_a
3049	0.000020729	246080	ops_par_loop_group_26	update_halo_kernel2_xvel_minus_4_b+update_halo_kernel2_yvel_plus_4_b
3050	0.000022583	369120	ops_par_loop_group_27	update_halo_kernel4_plus_4_b+update_halo_kernel2_xvel_minus_2_b+update_halo_kernel2_yvel_plus_2_b
3051	0.000018725	123040	ops_par_loop_update_halo_kernel4_plus_2_b_34	update_halo_kernel4_plus_2_b
3052	0.000563270	591053440	ops_par_loop_advec_cell_kernel1_ydir_35	advec_cell_kernel1_ydir
3053	0.000790401	708203544	ops_par_loop_advec_cell_kernel3_ydir_36	advec_cell_kernel3_ydir
3054	0.001476724	1533542400	ops_par_loop_advec_cell_kernel4_ydir_37	advec_cell_kernel4_ydir
3055	0.000023204	553536	ops_par_loop_group_32	update_halo_kernel1_b2+update_halo_kernel4_minus_4_a
3056	0.000021280	553536	ops_par_loop_group_33	update_halo_kernel1_b1+update_halo_kernel4_minus_2_a
3057	0.000018666	123008	ops_par_loop_update_halo_kernel4_minus_4_b_64	update_halo_kernel4_minus_4_b
3058	0.000021170	553536	ops_par_loop_group_35	update_halo_kernel1_t2+update_halo_kernel4_minus_2_b
3059	0.000020549	430528	ops_par_loop_update_halo_kernel1_t1_41	update_halo_kernel1_t1
3060	0.000024767	430528	ops_par_loop_update_halo_kernel1_l2_42	update_halo_kernel1_l2
3061	0.000021711	430528	ops_par_loop_update_halo_kernel1_l1_43	update_halo_kernel1_l1
3062	0.000028163	430528	ops_par_loop_update_halo_kernel1_r2_44	update_halo_kernel1_r2
3063	0.000022442	430528	ops_par_loop_update_halo_kernel1_r1_45	update_halo_kernel1_r1
3064	0.000020629	123040	ops_par_loop_update_halo_kernel4_plus_4_a_66	update_halo_kernel4_plus_4_a
3065	0.000018776	123040	ops_par_loop_update_halo_kernel4_plus_2_a_67	update_halo_kernel4_plus_2_a
3066	0.000018875	123040	ops_par_loop_update_halo_kernel4_plus_4_b_68	update_halo_kernel4_plus_4_b
3067	0.000019306	123040	ops_par_loop_update_halo_kernel4_plus_2_b_69	update_halo_kernel4_plus_2_b
3068	0.000562989	591053440	ops_par_loop_advec_mom_kernel_y1_70	advec_mom_kernel_y1
3069	0.000191984	236236864	ops_par_loop_advec_mom_kernel_mass_flux_y_71	advec_mom_kernel_mass_flux_y
3070	0.000531359	590438520	ops_par_loop_advec_mom_kernel_post_pre_advec_y_72	advec_mom_kernel_post_pre_advec_y
3071	0.000879070	472258640	ops_par_loop_advec_mom_kernel1_y_nonvector_73	advec_mom_kernel1_y_nonvector
3072	0.000448842	590131240	ops_par_loop_advec_mom_kernel2_y_74	advec_mom_kernel2_y
3073	0.000561476	591053440	ops_par_loop_advec_mom_kernel_y1_75	advec_mom_kernel_y1
3074	0.000193728	236236864	ops_par_loop_advec_mom_kernel_mass_flux_y_76	advec_mom_kernel_mass_flux_y
3075	0.000532130	590438520	ops_par_loop_advec_mom_kernel_post_pre_advec_y_77	advec_mom_kernel_post_pre_advec_y
3076	0.000876374	472258640	ops_par_loop_advec_mom_kernel1_y_nonvector_78	advec_mom_kernel1_y_nonvector
3077	0.000457038	590131240	ops_par_loop_advec_mom_kernel2_y_79	advec_mom_kernel2_y
3078	0.000492285	472842752	ops_par_loop_advec_cell_kernel2_xdir_80	advec_cell_kernel2_xdir
3079	0.000774020	708203544	ops_par_loop_advec_cell_kernel3_xdir_81	advec_cell_kernel3_xdir
3080	0.001470382	1533542400	ops_par_loop_advec_cell_kernel4_xdir_82	advec_cell_kernel4_xdir
3081	0.000022863	553536	ops_par_loop_group_58	update_halo_kernel1_b2+update_halo_kernel4_minus_4_a
3082	0.000021070	553536	ops_par_loop_group_59	update_halo_kernel1_b1+update_halo_kernel4_minus_2_a
3083	0.000021501	369120	ops_par_loop_group_60	update_halo_kernel2_xvel_plus_4_a+update_halo_kernel2_yvel_minus_4_a+update_halo_kernel3_plus_4_a
3084	0.000021921	369120	ops_par_loop_group_61	update_halo_kernel2_xvel_plus_2_a+update_halo_kernel2_yvel_minus_2_a+update_halo_kernel3_plus_2_a
3085	0.000019727	246080	ops_par_loop_group_62	update_halo_kernel2_xvel_plus_4_b+update_halo_kernel2_yvel_minus_4_b
3086	0.000021090	369120	ops_par_loop_group_63	update_halo_kernel2_xvel_plus_2_b+update_halo_kernel2_yvel_minus_2_b+update_halo_kernel3_plus_4_b
3087	0.000022413	246080	ops_par_loop_group_64	update_halo_kernel2_xvel_minus_4_b+update_halo_kernel2_yvel_plus_4_b
3088	0.000019337	123040	ops_par_loop_update_halo_kernel3_plus_2_b_110	update_halo_kernel3_plus_2_b
3089	0.000019427	123008	ops_par_loop_update_halo_kernel3_minus_4_b_113	update_halo_kernel3_minus_4_b
3090	0.000018445	123008	ops_par_loop_update_halo_kernel4_minus_4_b_117	update_halo_kernel4_minus_4_b
3091	0.000022052	553536	ops_par_loop_group_68	update_halo_kernel1_t2+update_halo_kernel4_minus_2_b
3092	0.000020619	430528	ops_par_loop_update_halo_kernel1_t1_86	update_halo_kernel1_t1
3093	0.000026721	553536	ops_par_loop_group_70	update_halo_kernel1_l2+update_halo_kernel3_minus_4_a
3094	0.000023615	553536	ops_par_loop_group_71	update_halo_kernel1_l1+update_halo_kernel3_minus_2_a
3095	0.000025088	553536	ops_par_loop_group_72	update_halo_kernel1_r2+update_halo_kernel3_minus_2_b
3096	0.000021732	430528	ops_par_loop_update_halo_kernel1_r1_90	update_halo_kernel1_r1
3097	0.000023865	369120	ops_par_loop_group_74	update_halo_kernel2_xvel_minus_4_a+update_halo_kernel2_yvel_plus_4_a+update_halo_kernel4_plus_4_a
3098	0.000022002	369120	ops_par_loop_group_75	update_halo_kernel2_xvel_minus_2_a+update_halo_kernel2_yvel_plus_2_a+update_halo_kernel4_plus_2_a
3099	0.000022663	369120	ops_par_loop_group_76	update_halo_kernel2_xvel_minus_2_b+update_halo_kernel2_yvel_plus_2_b+update_halo_kernel4_plus_4_b
3100	0.000019287	123040	ops_par_loop_update_halo_kernel4_plus_2_b_122	update_halo_kernel4_plus_2_b
3101	0.000497404	472842752	ops_par_loop_advec_mom_kernel_x2_123	advec_mom_kernel_x2
3102	0.000195081	236236864	ops_par_loop_advec_mom_kernel_mass_flux_x_124	advec_mom_kernel_mass_flux_x
3103	0.000575663	590438520	ops_par_loop_advec_mom_kernel_post_pre_advec_x_125	advec_mom_kernel_post_pre_advec_x
3104	0.000883698	472258640	ops_par_loop_advec_mom_kernel1_x_nonvector_126	advec_mom_kernel1_x_nonvector
3105	0.000448882	590131240	ops_par_loop_advec_mom_kernel2_x_127	advec_mom_kernel2_x
3106	0.000499228	472842752	ops_par_loop_advec_mom_kernel_x2_128	advec_mom_kernel_x2
3107	0.000194609	236236864	ops_par_loop_advec_mom_kernel_mass_flux_x_129	advec_mom_kernel_mass_flux_x
3108	0.000574802	590438520	ops_par_loop_advec_mom_kernel_post_pre_advec_x_130	advec_mom_kernel_post_pre_advec_x
3109	0.000884490	472258640	ops_par_loop_advec_mom_kernel1_x_nonvector_131	advec_mom_kernel1_x_nonvector
3110	0.000436048	471859200	ops_par_loop_reset_field_kernel1_133	reset_field_kernel1
3111	0.001437469	1534095432	ops_par_loop_group_88	advec_mom_kernel2_x+reset_field_kernel2+ideal_gas_kernel
3112	0.000493277	471859200	ops_par_loop_ideal_gas_kernel_0	ideal_gas_kernel
3113	0.000023134	430304	ops_par_loop_update_halo_kernel1_b1_1	update_halo_kernel1_b1
3114	0.000020829	430304	ops_par_loop_update_halo_kernel1_t1_2	update_halo_kernel1_t1
3115	0.000025037	430304	ops_par_loop_update_halo_kernel1_l1_3	update_halo_kernel1_l1
3116	0.000024286	430304	ops_par_loop_update_halo_kernel1_r1_4	update_halo_kernel1_r1
3117	0.000019988	245952	ops_par_loop_group_5	update_halo_kernel2_xvel_plus_2_a+update_halo_kernel2_yvel_minus_2_a
3118	0.000020068	245952	ops_par_loop_group_6	update_halo_kernel2_xvel_plus_2_b+update_halo_kernel2_yvel_minus_2_b
3119	0.000021150	245952	ops_par_loop_group_7	update_halo_kernel2_xvel_minus_2_a+update_halo_kernel2_yvel_plus_2_a
3120	0.000021651	245952	ops_par_loop_group_8	update_halo_kernel2_xvel_minus_2_b+update_halo_kernel2_yvel_plus_2_b
3121	0.001736518	589885440	ops_par_loop_viscosity_kernel_13	viscosity_kernel
3122	0.000022934	430304	ops_par_loop_update_halo_kernel1_b1_14	update_halo_kernel1_b1
3123	0.000019917	430304	ops_par_loop_update_halo_kernel1_t1_15	update_halo_kernel1_t1
3124	0.000023805	430304	ops_par_loop_update_halo_kernel1_l1_16	update_halo_kernel1_l1
3125	0.000023805	430304	ops_par_loop_update_halo_kernel1_r1_17	update_halo_kernel1_r1
3126	0.000918474	1061744640	ops_par_loop_calc_dt_kernel_18	calc_dt_kernel
3127	0.001502653	1887436800	ops_par_loop_group_0	PdV_kernel_predict+ideal_gas_kernel
3128	0.000022463	430304	ops_par_loop_update_halo_kernel1_b1_2	update_halo_kernel1_b1
3129	0.000020228	430304	ops_par_loop_update_halo_kernel1_t1_3	update_halo_kernel1_t1
3130	0.000023795	430304	ops_par_loop_update_halo_kernel1_l1_4	update_halo_kernel1_l1
3131	0.000024136	430304	ops_par_loop_update_halo_kernel1_r1_5	update_halo_kernel1_r1
3132	0.001094669	1298288728	ops_par_loop_accelerate_kernel_7	accelerate_kernel
3133	0.001355724	2123366400	ops_par_loop_group_6	revert_kernel+PdV_kernel_nopredict
3134	0.000361105	471982080	ops_par_loop_flux_calc_kernelx_9	flux_calc_kernelx
3135	0.000357899	471982080	ops_par_loop_flux_calc_kernely_10	flux_calc_kernely
3136	0.000022823	553536	ops_par_loop_group_9	update_halo_kernel1_b2+update_halo_kernel4_minus_4_a
3137	0.000020869	553536	ops_par_loop_group_10	update_halo_kernel1_b1+update_halo_kernel4_minus_2_a
3138	0.000021461	369120	ops_par_loop_group_11	update_halo_kernel3_plus_4_a+update_halo_kernel2_xvel_plus_4_a+update_halo_kernel2_yvel_minus_4_a
3139	0.000020289	369120	ops_par_loop_group_12	update_halo_kernel3_plus_2_a+update_halo_kernel2_xvel_plus_2_a+update_halo_kernel2_yvel_minus_2_a
3140	0.000019307	123008	ops_par_loop_update_halo_kernel4_minus_4_b_29	update_halo_kernel4_minus_4_b
3141	0.000020980	553536	ops_par_loop_group_14	update_halo_kernel1_t2+update_halo_kernel4_minus_2_b
3142	0.000020899	430528	ops_par_loop_update_halo_kernel1_t1_14	update_halo_kernel1_t1
3143	0.000020780	246080	ops_par_loop_group_16	update_halo_kernel2_xvel_plus_4_b+update_halo_kernel2_yvel_minus_4_b
3144	0.000020449	369120	ops_par_loop_group_17	update_halo_kernel3_plus_4_b+update_halo_kernel2_xvel_plus_2_b+update_halo_kernel2_yvel_minus_2_b
3145	0.000018445	123040	ops_par_loop_update_halo_kernel3_plus_2_b_22	update_halo_kernel3_plus_2_b
3146	0.000026601	553536	ops_par_loop_group_19	update_halo_kernel1_l2+update_halo_kernel3_minus_4_a
3147	0.000023123	553536	ops_par_loop_group_20	update_halo_kernel1_l1+update_halo_kernel3_minus_2_a
3148	0.000019116	123008	ops_par_loop_update_halo_kernel3_minus_4_b_25	update_halo_kernel3_minus_4_b
3149	0.000024276	553536	ops_par_loop_group_22	update_halo_kernel1_r2+update_halo_kernel3_minus_2_b
3150	0.000020930	430528	ops_par_loop_update_halo_kernel1_r1_18	update_halo_kernel1_r1
3151	0.000024146	369120	ops_par_loop_group_24	update_halo_kernel4_plus_4_a+update_halo_kernel2_xvel_minus_4_a+update_halo_kernel2_yvel_plus_4_a
3152	0.000021921	369120	ops_par_loop_group_25	update_halo_kernel4_plus_2_a+update_halo_kernel2_xvel_minus_2_a+update_halo_kernel2_yvel_plus_2_a
3153	0.000020900	246080	ops_par_loop_group_26	update_halo_kernel2_xvel_minus_4_b+update_halo_kernel2_yvel_plus_4_b
3154	0.000022072	369120	ops_par_loop_group_27	update_halo_kernel4_plus_4_b+update_halo_kernel2_xvel_minus_2_b+update_halo_kernel2_yvel_plus_2_b
3155	0.000018615	123040	ops_par_loop_update_halo_kernel4_plus_2_b_34	update_halo_kernel4_plus_2_b
3156	0.000563290	591053440	ops_par_loop_advec_cell_kernel1_xdir_35	advec_cell_kernel1_xdir
3157	0.000773218	708203544	ops_par_loop_advec_cell_kernel3_xdir_36	advec_cell_kernel3_xdir
3158	0.001465262	1533542400	ops_par_loop_advec_cell_kernel4_xdir_37	advec_cell_kernel4_xdir
3159	0.000021862	430528	ops_par_loop_update_halo_kernel1_b2_38	update_halo_kernel1_b2
3160	0.000020579	430528	ops_par_loop_update_halo_kernel1_b1_39	update_halo_kernel1_b1
3161	0.000020068	430528	ops_par_loop_update_halo_kernel1_t2_40	update_halo_kernel1_t2
3162	0.000020388	430528	ops_par_loop_update_halo_kernel1_t1_41	update_halo_kernel1_t1
3163	0.000019196	123040	ops_par_loop_update_halo_kernel3_plus_4_a_62	update_halo_kernel3_plus_4_a
3164	0.000018966	123040	ops_par_loop_update_halo_kernel3_plus_2_a_63	update_halo_kernel3_plus_2_a
3165	0.000018435	123040	ops_par_loop_update_halo_kernel3_plus_4_b_64	update_halo_kernel3_plus_4_b
3166	0.000018355	123040	ops_par_loop_update_halo_kernel3_plus_2_b_65	update_halo_kernel3_plus_2_b
3167	0.000026581	553536	ops_par_loop_group_40	update_halo_kernel1_l2+update_halo_kernel3_minus_4_a
3168	0.000022974	553536	ops_par_loop_group_41	update_halo_kernel1_l1+update_halo_kernel3_minus_2_a
3169	0.000018986	123008	ops_par_loop_update_halo_kernel3_minus_4_b_68	update_halo_kernel3_minus_4_b
3170	0.000024346	553536	ops_par_loop_group_43	update_halo_kernel1_r2+update_halo_kernel3_minus_2_b
3171	0.000022783	430528	ops_par_loop_update_halo_kernel1_r1_45	update_halo_kernel1_r1
3172	0.000564272	591053440	ops_par_loop_advec_mom_kernel_x1_70	advec_mom_kernel_x1
3173	0.000195491	236236864	ops_par_loop_advec_mom_kernel_mass_flux_x_71	advec_mom_kernel_mass_flux_x
3174	0.000573409	590438520	ops_par_loop_advec_mom_kernel_post_pre_advec_x_72	advec_mom_kernel_post_pre_advec_x
3175	0.000883528	472258640	ops_par_loop_advec_mom_kernel1_x_nonvector_73	advec_mom_kernel1_x_nonvector
3176	0.000449845	590131240	ops_par_loop_advec_mom_kernel2_x_74	advec_mom_kernel2_x
3177	0.000562528	591053440	ops_par_loop_advec_mom_kernel_x1_75	advec_mom_kernel_x1
3178	0.000195651	236236864	ops_par_loop_advec_mom_kernel_mass_flux_x_76	advec_mom_kernel_mass_flux_x
3179	0.000574982	590438520	ops_par_loop_advec_mom_kernel_post_pre_advec_x_77	advec_mom_kernel_post_pre_advec_x
3180	0.000883978	472258640	ops_par_loop_advec_mom_kernel1_x_nonvector_78	advec_mom_kernel1_x_nonvector
3181	0.000454844	590131240	ops_par_loop_advec_mom_kernel2_x_79	advec_mom_kernel2_x
3182	0.000499799	472842752	ops_par_loop_advec_cell_kernel2_ydir_80	advec_cell_kernel2_ydir
3183	0.000789289	708203544	ops_par_loop_advec_cell_kernel3_ydir_81	advec_cell_kernel3_ydir
3184	0.001468749	1533542400	ops_par_loop_advec_cell_kernel4_ydir_82	advec_cell_kernel4_ydir
3185	0.000022433	553536	ops_par_loop_group_58	update_halo_kernel1_b2+update_halo_kernel4_minus_4_a
3186	0.000021701	553536	ops_par_loop_group_59	update_halo_kernel1_b1+update_halo_kernel4_minus_2_a
3187	0.000022022	369120	ops_par_loop_group_60	update_halo_kernel2_xvel_plus_4_a+update_halo_kernel2_yvel_minus_4_a+update_halo_kernel3_plus_4_a
3188	0.000021100	369120	ops_par_loop_group_61	update_halo_kernel2_xvel_plus_2_a+update_halo_kernel2_yvel_minus_2_a+update_halo_kernel3_plus_2_a
3189	0.000019377	246080	ops_par_loop_group_62	update_halo_kernel2_xvel_plus_4_b+update_halo_kernel2_yvel_minus_4_b
3190	0.000020860	369120	ops_par_loop_group_63	update_halo_kernel2_xvel_plus_2_b+update_halo_kernel2_yvel_minus_2_b+update_halo_kernel3_plus_4_b
3191	0.000021401	246080	ops_par_loop_group_64	update_halo_kernel2_xvel_minus_4_b+update_halo_kernel2_yvel_plus_4_b
3192	0.000019547	123040	ops_par_loop_update_halo_kernel3_plus_2_b_110	update_halo_kernel3_plus_2_b
3193	0.000019106	123008	ops_par_loop_update_halo_kernel3_minus_4_b_113	update_halo_kernel3_minus_4_b
3194	0.000018024	123008	ops_par_loop_update_halo_kernel4_minus_4_b_117	update_halo_kernel4_minus_4_b
3195	0.000021130	553536	ops_par_loop_group_68	update_halo_kernel1_t2+update_halo_kernel4_minus_2_b
3196	0.000020399	430528	ops_par_loop_update_halo_kernel1_t1_86	update_halo_kernel1_t1
3197	0.000026791	553536	ops_par_loop_group_70	update_halo_kernel1_l2+update_halo_kernel3_minus_4_a
3198	0.000023304	553536	ops_par_loop_group_71	update_halo_kernel1_l1+update_halo_kernel3_minus_2_a
3199	0.000024356	553536	ops_par_loop_group_72	update_halo_kernel1_r2+update_halo_kernel3_minus_2_b
3200	0.000021521	430528	ops_par_loop_update_halo_kernel1_r1_90	update_halo_kernel1_r1
3201	0.000022553	369120	ops_par_loop_group_74	update_halo_kernel2_xvel_minus_4_a+update_halo_kernel2_yvel_plus_4_a+update_halo_kernel4_plus_4_a
3202	0.000021290	369120	ops_par_loop_group_75	update_halo_kernel2_xvel_minus_2_a+update_halo_kernel2_yvel_plus_2_a+update_halo_kernel4_plus_2_a
3203	0.000023053	369120	ops_par_loop_group_76	update_halo_kernel2_xvel_minus_2_b+update_halo_kernel2_yvel_plus_2_b+update_halo_kernel4_plus_4_b
3204	0.000018395	123040	ops_par_loop_update_halo_kernel4_plus_2_b_122	update_halo_kernel4_plus_2_b
3205	0.000489459	472842752	ops_par_loop_advec_mom_kernel_y2_123	advec_mom_kernel_y2
3206	0.000192275	236236864	ops_par_loop_advec_mom_kernel_mass_flux_y_124	advec_mom_kernel_mass_flux_y
3207	0.000532712	590438520	ops_par_loop_advec_mom_kernel_post_pre_advec_y_125	advec_mom_kernel_post_pre_advec_y
3208	0.000878298	472258640	ops_par_loop_advec_mom_kernel1_y_nonvector_126	advec_mom_kernel1_y_nonvector
3209	0.000450816	590131240	ops_par_loop_advec_mom_kernel2_y_127	advec_mom_kernel2_y
3210	0.000491804	472842752	ops_par_loop_advec_mom_kernel_y2_128	advec_mom_kernel_y2
3211	0.000191764	236236864	ops_par_loop_advec_mom_kernel_mass_flux_y_129	advec_mom_kernel_mass_flux_y
3212	0.000530637	590438520	ops_par_loop_advec_mom_kernel_post_pre_advec_y_130	advec_mom_kernel_post_pre_advec_y
3213	0.000876124	472258640	ops_par_loop_advec_mom_kernel1_y_nonvector_131	advec_mom_kernel1_y_nonvector
3214	0.000436389	471859200	ops_par_loop_reset_field_kernel1_133	reset_field_kernel1
3215	0.001432571	1534095432	ops_par_loop_group_88	advec_mom_kernel2_y+reset_field_kernel2+ideal_gas_kernel
3216	0.000022452	430304	ops_par_loop_update_halo_kernel1_b1_136	update_halo_kernel1_b1
3217	0.000021280	430304	ops_par_loop_update_halo_kernel1_t1_137	update_halo_kernel1_t1
3218	0.000025258	430304	ops_par_loop_update_halo_kernel1_l1_138	update_halo_kernel1_l1
3219	0.000026470	430304	ops_par_loop_update_halo_kernel1_r1_139	update_halo_kernel1_r1
3220	0.000021070	245952	ops_par_loop_group_93	update_halo_kernel2_xvel_plus_2_a+update_halo_kernel2_yvel_minus_2_a
3221	0.000021741	245952	ops_par_loop_group_94	update_halo_kernel2_xvel_plus_2_b+update_halo_kernel2_yvel_minus_2_b
3222	0.000024095	245952	ops_par_loop_group_95	update_halo_kernel2_xvel_minus_2_a+update_halo_kernel2_yvel_plus_2_a
3223	0.000024376	245952	ops_par_loop_group_96	update_halo_kernel2_xvel_minus_2_b+update_halo_kernel2_yvel_plus_2_b
3224	0.001738391	589885440	ops_par_loop_viscosity_kernel_148	viscosity_kernel
3225	0.000023415	430304	ops_par_loop_update_halo_kernel1_b1_149	update_halo_kernel1_b1
3226	0.000021330	430304	ops_par_loop_update_halo_kernel1_t1_150	update_halo_kernel1_t1
3227	0.000025168	430304	ops_par_loop_update_halo_kernel1_l1_151	update_halo_kernel1_l1
3228	0.000023865	430304	ops_par_loop_update_halo_kernel1_r1_152	update_halo_kernel1_r1
3229	0.000918485	1061744640	ops_par_loop_calc_dt_kernel_153	calc_dt_kernel
3230	0.001490911	1887436800	ops_par_loop_group_0	PdV_kernel_predict+ideal_gas_kernel
3231	0.000022483	430304	ops_par_loop_update_halo_kernel1_b1_2	update_halo_kernel1_b1
3232	0.000019427	430304	ops_par_loop_update_halo_kernel1_t1_3	update_halo_kernel1_t1
3233	0.000023945	430304	ops_par_loop_update_halo_kernel1_l1_4	update_halo_kernel1_l1
3234	0.000023434	430304	ops_par_loop_update_halo_kernel1_r1_5	update_halo_kernel1_r1
3235	0.001095250	1298288728	ops_par_loop_accelerate_kernel_7	accelerate_kernel
3236	0.001353440	2123366400	ops_par_loop_group_6	revert_kernel+PdV_kernel_nopredict
3237	0.000359042	471982080	ops_par_loop_flux_calc_kernelx_9	flux_calc_kernelx
3238	0.000358150	471982080	ops_par_loop_flux_calc_kernely_10	flux_calc_kernely
3239	0.000021811	553536	ops_par_loop_group_9	update_halo_kernel1_b2+update_halo_kernel4_minus_4_a
3240	0.000021170	553536	ops_par_loop_group_10	update_halo_kernel1_b1+update_halo_kernel4_minus_2_a
3241	0.000020499	369120	ops_par_loop_group_11	update_halo_kernel3_plus_4_a+update_halo_kernel2_xvel_plus_4_a+update_halo_kernel2_yvel_minus_4_a
3242	0.000020319	369120	ops_par_loop_group_12	update_halo_kernel3_plus_2_a+update_halo_kernel2_xvel_plus_2_a+update_halo_kernel2_yvel_minus_2_a
3243	0.000018505	123008	ops_par_loop_update_halo_kernel4_minus_4_b_29	update_halo_kernel4_minus_4_b
3244	0.000021300	553536	ops_par_loop_group_14	update_halo_kernel1_t2+update_halo_kernel4_minus_2_b
3245	0.000020358	430528	ops_par_loop_update_halo_kernel1_t1_14	update_halo_kernel1_t1
3246	0.000019557	246080	ops_par_loop_group_16	update_halo_kernel2_xvel_plus_4_b+update_halo_kernel2_yvel_minus_4_b
3247	0.000020018	369120	ops_par_loop_group_17	update_halo_kernel3_plus_4_b+update_halo_kernel2_xvel_plus_2_b+update_halo_kernel2_yvel_minus_2_b
3248	0.000018816	123040	ops_par_loop_update_halo_kernel3_plus_2_b_22	update_halo_kernel3_plus_2_b
3249	0.000025589	553536	ops_par_loop_group_19	update_halo_kernel1_l2+update_halo_kernel3_minus_4_a
3250	0.000023405	553536	ops_par_loop_group_20	update_halo_kernel1_l1+update_halo_kernel3_minus_2_a
3251	0.000019587	123008	ops_par_loop_update_halo_kernel3_minus_4_b_25	update_halo_kernel3_minus_4_b
3252	0.000024687	553536	ops_par_loop_group_22	update_halo_kernel1_r2+update_halo_kernel3_minus_2_b
3253	0.000021280	430528	ops_par_loop_update_halo_kernel1_r1_18	update_halo_kernel1_r1
3254	0.000023355	369120	ops_par_loop_group_24	update_halo_kernel4_plus_4_a+update_halo_kernel2_xvel_minus_4_a+update_halo_kernel2_yvel_plus_4_a
3255	0.000028634	369120	ops_par_loop_group_25	update_halo_kernel4_plus_2_a+update_halo_kernel2_xvel_minus_2_a+update_halo_kernel2_yvel_plus_2_a
3256	0.000021160	246080	ops_par_loop_group_26	update_halo_kernel2_xvel_minus_4_b+update_halo_kernel2_yvel_plus_4_b
3257	0.000022373	369120	ops_par_loop_group_27	update_halo_kernel4_plus_4_b+update_halo_kernel2_xvel_minus_2_b+update_halo_kernel2_yvel_plus_2_b
3258	0.000018805	123040	ops_par_loop_update_halo_kernel4_plus_2_b_34	update_halo_kernel4_plus_2_b
3259	0.000561005	591053440	ops_par_loop_advec_cell_kernel1_ydir_35	advec_cell_kernel1_ydir
3260	0.000788908	708203544	ops_par_loop_advec_cell_kernel3_ydir_36	advec_cell_kernel3_ydir
3261	0.001470803	1533542400	ops_par_loop_advec_cell_kernel4_ydir_37	advec_cell_kernel4_ydir
3262	0.000021921	553536	ops_par_loop_group_32	update_halo_kernel1_b2+update_halo_kernel4_minus_4_a
3263	0.000027362	553536	ops_par_loop_group_33	update_halo_kernel1_b1+update_halo_kernel4_minus_2_a
3264	0.000018305	123008	ops_par_loop_update_halo_kernel4_minus_4_b_64	update_halo_kernel4_minus_4_b
3265	0.000020539	553536	ops_par_loop_group_35	update_halo_kernel1_t2+update_halo_kernel4_minus_2_b
3266	0.000020989	430528	ops_par_loop_update_halo_kernel1_t1_41	update_halo_kernel1_t1
3267	0.000024717	430528	ops_par_loop_update_halo_kernel1_l2_42	update_halo_kernel1_l2
3268	0.000021942	430528	ops_par_loop_update_halo_kernel1_l1_43	update_halo_kernel1_l1
3269	0.000022673	430528	ops_par_loop_update_halo_kernel1_r2_44	update_halo_kernel1_r2
3270	0.000020649	430528	ops_par_loop_update_halo_kernel1_r1_45	update_halo_kernel1_r1
3271	0.000019848	123040	ops_par_loop_update_halo_kernel4_plus_4_a_66	update_halo_kernel4_plus_4_a
3272	0.000018114	123040	ops_par_loop_update_halo_kernel4_plus_2_a_67	update_halo_kernel4_plus_2_a
3273	0.000018826	123040	ops_par_loop_update_halo_kernel4_plus_4_b_68	update_halo_kernel4_plus_4_b
3274	0.000018335	123040	ops_par_loop_update_halo_kernel4_plus_2_b_69	update_halo_kernel4_plus_2_b
3275	0.000562868	591053440	ops_par_loop_advec_mom_kernel_y1_70	advec_mom_kernel_y1
3276	0.000192926	236236864	ops_par_loop_advec_mom_kernel_mass_flux_y_71	advec_mom_kernel_mass_flux_y
3277	0.000531499	590438520	ops_par_loop_advec_mom_kernel_post_pre_advec_y_72	advec_mom_kernel_post_pre_advec_y
3278	0.000878428	472258640	ops_par_loop_advec_mom_kernel1_y_nonvector_73	advec_mom_kernel1_y_nonvector
3279	0.000448131	590131240	ops_par_loop_advec_mom_kernel2_y_74	advec_mom_kernel2_y
3280	0.000566636	591053440	ops_par_loop_advec_mom_kernel_y1_75	advec_mom_kernel_y1
3281	0.000191594	236236864	ops_par_loop_advec_mom_kernel_mass_flux_y_76	advec_mom_kernel_mass_flux_y
3282	0.000532320	590438520	ops_par_loop_advec_mom_kernel_post_pre_advec_y_77	advec_mom_kernel_post_pre_advec_y
3283	0.000877396	472258640	ops_par_loop_advec_mom_kernel1_y_nonvector_78	advec_mom_kernel1_y_nonvector
3284	0.000448802	590131240	ops_par_loop_advec_mom_kernel2_y_79	advec_mom_kernel2_y
3285	0.000492425	472842752	ops_par_loop_advec_cell_kernel2_xdir_80	advec_cell_kernel2_xdir
3286	0.000773980	708203544	ops_par_loop_advec_cell_kernel3_xdir_81	advec_cell_kernel3_xdir
3287	0.001463269	1533542400	ops_par_loop_advec_cell_kernel4_xdir_82	advec_cell_kernel4_xdir
3288	0.000023775	553536	ops_par_loop_group_58	update_halo_kernel1_b2+update_halo_kernel4_minus_4_a
3289	0.000021682	553536	ops_par_loop_group_59	update_halo_kernel1_b1+update_halo_kernel4_minus_2_a
3290	0.000022062	369120	ops_par_loop_group_60	update_halo_kernel2_xvel_plus_4_a+update_halo_kernel2_yvel_minus_4_a+update_halo_kernel3_plus_4_a
3291	0.000021551	369120	ops_par_loop_group_61	update_halo_kernel2_xvel_plus_2_a+update_halo_kernel2_yvel_minus_2_a+update_halo_kernel3_plus_2_a
3292	0.000020028	246080	ops_par_loop_group_62	update_halo_kernel2_xvel_plus_4_b+update_halo_kernel2_yvel_minus_4_b
3293	0.000020830	369120	ops_par_loop_group_63	update_halo_kernel2_xvel_plus_2_b+update_halo_kernel2_yvel_minus_2_b+update_halo_kernel3_plus_4_b
3294	0.000022202	246080	ops_par_loop_group_64	update_halo_kernel2_xvel_minus_4_b+update_halo_kernel2_yvel_plus_4_b
3295	0.000019727	123040	ops_par_loop_update_halo_kernel3_plus_2_b_110	update_halo_kernel3_plus_2_b
3296	0.000019246	123008	ops_par_loop_update_halo_kernel3_minus_4_b_113	update_halo_kernel3_minus_4_b
3297	0.000018385	123008	ops_par_loop_update_halo_kernel4_minus_4_b_117	update_halo_kernel4_minus_4_b
3298	0.000021641	553536	ops_par_loop_group_68	update_halo_kernel1_t2+update_halo_kernel4_minus_2_b
3299	0.000021030	430528	ops_par_loop_update_halo_kernel1_t1_86	update_halo_kernel1_t1
3300	0.000026370	553536	ops_par_loop_group_70	update_halo_kernel1_l2+update_halo_kernel3_minus_4_a
3301	0.000022894	553536	ops_par_loop_group_71	update_halo_kernel1_l1+update_halo_kernel3_minus_2_a
3302	0.000024467	553536	ops_par_loop_group_72	update_halo_kernel1_r2+update_halo_kernel3_minus_2_b
3303	0.000021691	430528	ops_par_loop_update_halo_kernel1_r1_90	update_halo_kernel1_r1
3304	0.000023775	369120	ops_par_loop_group_74	update_halo_kernel2_xvel_minus_4_a+update_halo_kernel2_yvel_plus_4_a+update_halo_kernel4_plus_4_a
3305	0.000021381	369120	ops_par_loop_group_75	update_halo_kernel2_xvel_minus_2_a+update_halo_kernel2_yvel_plus_2_a+update_halo_kernel4_plus_2_a
3306	0.000022283	369120	ops_par_loop_group_76	update_halo_kernel2_xvel_minus_2_b+update_halo_kernel2_yvel_plus_2_b+update_halo_kernel4_plus_4_b
3307	0.000019857	123040	ops_par_loop_update_halo_kernel4_plus_2_b_122	update_halo_kernel4_plus_2_b
3308	0.000495772	472842752	ops_par_loop_advec_mom_kernel_x2_123	advec_mom_kernel_x2
3309	0.000194469	236236864	ops_par_loop_advec_mom_kernel_mass_flux_x_124	advec_mom_kernel_mass_flux_x
3310	0.000574571	590438520	ops_par_loop_advec_mom_kernel_post_pre_advec_x_125	advec_mom_kernel_post_pre_advec_x
3311	0.000884009	472258640	ops_par_loop_advec_mom_kernel1_x_nonvector_126	advec_mom_kernel1_x_nonvector
3312	0.000446147	590131240	ops_par_loop_advec_mom_kernel2_x_127	advec_mom_kernel2_x
3313	0.000496853	472842752	ops_par_loop_advec_mom_kernel_x2_128	advec_mom_kernel_x2
3314	0.000194739	236236864	ops_par_loop_advec_mom_kernel_mass_flux_x_129	advec_mom_kernel_mass_flux_x
3315	0.000572637	590438520	ops_par_loop_advec_mom_kernel_post_pre_advec_x_130	advec_mom_kernel_post_pre_advec_x
3316	0.000884440	472258640	ops_par_loop_advec_mom_kernel1_x_nonvector_131	advec_mom_kernel1_x_nonvector
3317	0.000436680	471859200	ops_par_loop_reset_field_kernel1_133	reset_field_kernel1
3318	0.001440255	1534095432	ops_par_loop_group_88	advec_mom_kernel2_x+reset_field_kernel2+ideal_gas_kernel
3319	0.000022673	430304	ops_par_loop_update_halo_kernel1_b1_136	update_halo_kernel1_b1
3320	0.000020208	430304	ops_par_loop_update_halo_kernel1_t1_137	update_halo_kernel1_t1
3321	0.000024406	430304	ops_par_loop_update_halo_kernel1_l1_138	update_halo_kernel1_l1
3322	0.000024055	430304	ops_par_loop_update_halo_kernel1_r1_139	update_halo_kernel1_r1
3323	0.000019918	245952	ops_par_loop_group_93	update_halo_kernel2_xvel_plus_2_a+update_halo_kernel2_yvel_minus_2_a
3324	0.000019046	245952	ops_par_loop_group_94	update_halo_kernel2_xvel_plus_2_b+update_halo_kernel2_yvel_minus_2_b
3325	0.000020369	245952	ops_par_loop_group_95	update_halo_kernel2_xvel_minus_2_a+update_halo_kernel2_yvel_plus_2_a
3326	0.000021541	245952	ops_par_loop_group_96	update_halo_kernel2_xvel_minus_2_b+update_halo_kernel2_yvel_plus_2_b
3327	0.001735867	589885440	ops_par_loop_viscosity_kernel_148	viscosity_kernel
3328	0.000023445	430304	ops_par_loop_update_halo_kernel1_b1_149	update_halo_kernel1_b1
3329	0.000022062	430304	ops_par_loop_update_halo_kernel1_t1_150	update_halo_kernel1_t1
3330	0.000024667	430304	ops_par_loop_update_halo_kernel1_l1_151	update_halo_kernel1_l1
3331	0.000024336	430304	ops_par_loop_update_halo_kernel1_r1_152	update_halo_kernel1_r1
3332	0.000920198	1061744640	ops_par_loop_calc_dt_kernel_153	calc_dt_kernel
3333	0.001491081	1887436800	ops_par_loop_group_0	PdV_kernel_predict+ideal_gas_kernel
3334	0.000023094	430304	ops_par_loop_update_halo_kernel1_b1_2	update_halo_kernel1_b1
3335	0.000020489	430304	ops_par_loop_update_halo_kernel1_t1_3	update_halo_kernel1_t1
3336	0.000024466	430304	ops_par_loop_update_halo_kernel1_l1_4	update_halo_kernel1_l1
3337	0.000024266	430304	ops_par_loop_update_halo_kernel1_r1_5	update_halo_kernel1_r1
3338	0.001094047	1298288728	ops_par_loop_accelerate_kernel_7	accelerate_kernel
3339	0.001354211	2123366400	ops_par_loop_group_6	revert_kernel+PdV_kernel_nopredict
3340	0.000359142	471982080	ops_par_loop_flux_calc_kernelx_9	flux_calc_kernelx
3341	0.000356607	471982080	ops_par_loop_flux_calc_kernely_10	flux_calc_kernely
3342	0.000022142	553536	ops_par_loop_group_9	update_halo_kernel1_b2+update_halo_kernel4_minus_4_a
3343	0.000020749	553536	ops_par_loop_group_10	update_halo_kernel1_b1+update_halo_kernel4_minus_2_a
3344	0.000021140	369120	ops_par_loop_group_11	update_halo_kernel3_plus_4_a+update_halo_kernel2_xvel_plus_4_a+update_halo_kernel2_yvel_minus_4_a
3345	0.000020018	369120	ops_par_loop_group_12	update_halo_kernel3_plus_2_a+update_halo_kernel2_xvel_plus_2_a+update_halo_kernel2_yvel_minus_2_a
3346	0.000018435	123008	ops_par_loop_update_halo_kernel4_minus_4_b_29	update_halo_kernel4_minus_4_b
3347	0.000020870	553536	ops_par_loop_group_14	update_halo_kernel1_t2+update_halo_kernel4_minus_2_b
3348	0.000020128	430528	ops_par_loop_update_halo_kernel1_t1_14	update_halo_kernel1_t1
3349	0.000020149	246080	ops_par_loop_group_16	update_halo_kernel2_xvel_plus_4_b+update_halo_kernel2_yvel_minus_4_b
3350	0.000020779	369120	ops_par_loop_group_17	update_halo_kernel3_plus_4_b+update_halo_kernel2_xvel_plus_2_b+update_halo_kernel2_yvel_minus_2_b
3351	0.000019477	123040	ops_par_loop_update_halo_kernel3_plus_2_b_22	update_halo_kernel3_plus_2_b
3352	0.000025829	553536	ops_par_loop_group_19	update_halo_kernel1_l2+update_halo_kernel3_minus_4_a
3353	0.000023044	553536	ops_par_loop_group_20	update_halo_kernel1_l1+update_halo_kernel3_minus_2_a
3354	0.000019006	123008	ops_par_loop_update_halo_kernel3_minus_4_b_25	update_halo_kernel3_minus_4_b
3355	0.000023996	553536	ops_par_loop_group_22	update_halo_kernel1_r2+update_halo_kernel3_minus_2_b
3356	0.000021541	430528	ops_par_loop_update_halo_kernel1_r1_18	update_halo_kernel1_r1
3357	0.000023084	369120	ops_par_loop_group_24	update_halo_kernel4_plus_4_a+update_halo_kernel2_xvel_minus_4_a+update_halo_kernel2_yvel_plus_4_a
3358	0.000021230	369120	ops_par_loop_group_25	update_halo_kernel4_plus_2_a+update_halo_kernel2_xvel_minus_2_a+update_halo_kernel2_yvel_plus_2_a
3359	0.000021231	246080	ops_par_loop_group_26	update_halo_kernel2_xvel_minus_4_b+update_halo_kernel2_yvel_plus_4_b
3360	0.000022723	369120	ops_par_loop_group_27	update_halo_kernel4_plus_4_b+update_halo_kernel2_xvel_minus_2_b+update_halo_kernel2_yvel_plus_2_b
3361	0.000018185	123040	ops_par_loop_update_halo_kernel4_plus_2_b_34	update_halo_kernel4_plus_2_b
3362	0.000561516	591053440	ops_par_loop_advec_cell_kernel1_xdir_35	advec_cell_kernel1_xdir
3363	0.000774701	708203544	ops_par_loop_advec_cell_kernel3_xdir_36	advec_cell_kernel3_xdir
3364	0.001460073	1533542400	ops_par_loop_advec_cell_kernel4_xdir_37	advec_cell_kernel4_xdir
3365	0.000021221	430528	ops_par_loop_update_halo_kernel1_b2_38	update_halo_kernel1_b2
3366	0.000020589	430528	ops_par_loop_update_halo_kernel1_b1_39	update_halo_kernel1_b1
3367	0.000020328	430528	ops_par_loop_update_halo_kernel1_t2_40	update_halo_kernel1_t2
3368	0.000020319	430528	ops_par_loop_update_halo_kernel1_t1_41	update_halo_kernel1_t1
3369	0.000019427	123040	ops_par_loop_update_halo_kernel3_plus_4_a_62	update_halo_kernel3_plus_4_a
3370	0.000018204	123040	ops_par_loop_update_halo_kernel3_plus_2_a_63	update_halo_kernel3_plus_2_a
3371	0.000017924	123040	ops_par_loop_update_halo_kernel3_plus_4_b_64	update_halo_kernel3_plus_4_b
3372	0.000018695	123040	ops_par_loop_update_halo_kernel3_plus_2_b_65	update_halo_kernel3_plus_2_b
3373	0.000025238	553536	ops_par_loop_group_40	update_halo_kernel1_l2+update_halo_kernel3_minus_4_a
3374	0.000022533	553536	ops_par_loop_group_41	update_halo_kernel1_l1+update_halo_kernel3_minus_2_a
3375	0.000019226	123008	ops_par_loop_update_halo_kernel3_minus_4_b_68	update_halo_kernel3_minus_4_b
3376	0.000025468	553536	ops_par_loop_group_43	update_halo_kernel1_r2+update_halo_kernel3_minus_2_b
3377	0.000020379	430528	ops_par_loop_update_halo_kernel1_r1_45	update_halo_kernel1_r1
3378	0.000561797	591053440	ops_par_loop_advec_mom_kernel_x1_70	advec_mom_kernel_x1
3379	0.000194389	236236864	ops_par_loop_advec_mom_kernel_mass_flux_x_71	advec_mom_kernel_mass_flux_x
3380	0.000575152	590438520	ops_par_loop_advec_mom_kernel_post_pre_advec_x_72	advec_mom_kernel_post_pre_advec_x
3381	0.000881774	472258640	ops_par_loop_advec_mom_kernel1_x_nonvector_73	advec_mom_kernel1_x_nonvector
3382	0.000447530	590131240	ops_par_loop_advec_mom_kernel2_x_74	advec_mom_kernel2_x
3383	0.000564653	591053440	ops_par_loop_advec_mom_kernel_x1_75	advec_mom_kernel_x1
3384	0.000194088	236236864	ops_par_loop_advec_mom_kernel_mass_flux_x_76	advec_mom_kernel_mass_flux_x
3385	0.000573059	590438520	ops_par_loop_advec_mom_kernel_post_pre_advec_x_77	advec_mom_kernel_post_pre_advec_x
3386	0.000883187	472258640	ops_par_loop_advec_mom_kernel1_x_nonvector_78	advec_mom_kernel1_x_nonvector
3387	0.000455665	590131240	ops_par_loop_advec_mom_kernel2_x_79	advec_mom_kernel2_x
3388	0.000497655	472842752	ops_par_loop_advec_cell_kernel2_ydir_80	advec_cell_kernel2_ydir
3389	0.000788758	708203544	ops_par_loop_advec_cell_kernel3_ydir_81	advec_cell_kernel3_ydir
3390	0.001469190	1533542400	ops_par_loop_advec_cell_kernel4_ydir_82	advec_cell_kernel4_ydir
3391	0.000022723	553536	ops_par_loop_group_58	update_halo_kernel1_b2+update_halo_kernel4_minus_4_a
3392	0.000020980	553536	ops_par_loop_group_59	update_halo_kernel1_b1+update_halo_kernel4_minus_2_a
3393	0.000021501	369120	ops_par_loop_group_60	update_halo_kernel2_xvel_plus_4_a+update_halo_kernel2_yvel_minus_4_a+update_halo_kernel3_plus_4_a
3394	0.000020749	369120	ops_par_loop_group_61	update_halo_kernel2_xvel_plus_2_a+update_halo_kernel2_yvel_minus_2_a+update_halo_kernel3_plus_2_a
3395	0.000019697	246080	ops_par_loop_group_62	update_halo_kernel2_xvel_plus_4_b+update_halo_kernel2_yvel_minus_4_b
3396	0.000020579	369120	ops_par_loop_group_63	update_halo_kernel2_xvel_plus_2_b+update_halo_kernel2_yvel_minus_2_b+update_halo_kernel3_plus_4_b
3397	0.000021451	246080	ops_par_loop_group_64	update_halo_kernel2_xvel_minus_4_b+update_halo_kernel2_yvel_plus_4_b
3398	0.000019838	123040	ops_par_loop_update_halo_kernel3_plus_2_b_110	update_halo_kernel3_plus_2_b
3399	0.000019898	123008	ops_par_loop_update_halo_kernel3_minus_4_b_113	update_halo_kernel3_minus_4_b
3400	0.000018385	123008	ops_par_loop_update_halo_kernel4_minus_4_b_117	update_halo_kernel4_minus_4_b
3401	0.000020609	553536	ops_par_loop_group_68	update_halo_kernel1_t2+update_halo_kernel4_minus_2_b
3402	0.000020299	430528	ops_par_loop_update_halo_kernel1_t1_86	update_halo_kernel1_t1
3403	0.000026190	553536	ops_par_loop_group_70	update_halo_kernel1_l2+update_halo_kernel3_minus_4_a
3404	0.000022533	553536	ops_par_loop_group_71	update_halo_kernel1_l1+update_halo_kernel3_minus_2_a
3405	0.000024176	553536	ops_par_loop_group_72	update_halo_kernel1_r2+update_halo_kernel3_minus_2_b
3406	0.000021140	430528	ops_par_loop_update_halo_kernel1_r1_90	update_halo_kernel1_r1
3407	0.000023765	369120	ops_par_loop_group_74	update_halo_kernel2_xvel_minus_4_a+update_halo_kernel2_yvel_plus_4_a+update_halo_kernel4_plus_4_a
3408	0.000021591	369120	ops_par_loop_group_75	update_halo_kernel2_xvel_minus_2_a+update_halo_kernel2_yvel_plus_2_a+update_halo_kernel4_plus_2_a
3409	0.000022212	369120	ops_par_loop_group_76	update_halo_kernel2_xvel_minus_2_b+update_halo_kernel2_yvel_plus_2_b+update_halo_kernel4_plus_4_b
3410	0.000018956	123040	ops_par_loop_update_halo_kernel4_plus_2_b_122	update_halo_kernel4_plus_2_b
3411	0.000490241	472842752	ops_par_loop_advec_mom_kernel_y2_123	advec_mom_kernel_y2
3412	0.000192715	236236864	ops_par_loop_advec_mom_kernel_mass_flux_y_124	advec_mom_kernel_mass_flux_y
3413	0.000535578	590438520	ops_par_loop_advec_mom_kernel_post_pre_advec_y_125	advec_mom_kernel_post_pre_advec_y
3414	0.000879340	472258640	ops_par_loop_advec_mom_kernel1_y_nonvector_126	advec_mom_kernel1_y_nonvector
3415	0.000450255	590131240	ops_par_loop_advec_mom_kernel2_y_127	advec_mom_kernel2_y
3416	0.000491203	472842752	ops_par_loop_advec_mom_kernel_y2_128	advec_mom_kernel_y2
3417	0.000191774	236236864	ops_par_loop_advec_mom_kernel_mass_flux_y_129	advec_mom_kernel_mass_flux_y
3418	0.000531339	590438520	ops_par_loop_advec_mom_kernel_post_pre_advec_y_130	advec_mom_kernel_post_pre_advec_y
3419	0.000876454	472258640	ops_par_loop_advec_mom_kernel1_y_nonvector_131	advec_mom_kernel1_y_nonvector
3420	0.000436409	471859200	ops_par_loop_reset_field_kernel1_133	reset_field_kernel1
3421	0.001434494	1534095432	ops_par_loop_group_88	advec_mom_kernel2_y+reset_field_kernel2+ideal_gas_kernel
3422	0.000021642	430304	ops_par_loop_update_halo_kernel1_b1_136	update_halo_kernel1_b1
3423	0.000020088	430304	ops_par_loop_update_halo_kernel1_t1_137	update_halo_kernel1_t1
3424	0.000024336	430304	ops_par_loop_update_halo_kernel1_l1_138	update_halo_kernel1_l1
3425	0.000023876	430304	ops_par_loop_update_halo_kernel1_r1_139	update_halo_kernel1_r1
3426	0.000019156	245952	ops_par_loop_group_93	update_halo_kernel2_xvel_plus_2_a+update_halo_kernel2_yvel_minus_2_a
3427	0.000020098	245952	ops_par_loop_group_94	update_halo_kernel2_xvel_plus_2_b+update_halo_kernel2_yvel_minus_2_b
3428	0.000020830	245952	ops_par_loop_group_95	update_halo_kernel2_xvel_minus_2_a+update_halo_kernel2_yvel_plus_2_a
3429	0.000020920	245952	ops_par_loop_group_96	update_halo_kernel2_xvel_minus_2_b+update_halo_kernel2_yvel_plus_2_b
3430	0.001735736	589885440	ops_par_loop_viscosity_kernel_148	viscosity_kernel
3431	0.000021862	430304	ops_par_loop_update_halo_kernel1_b1_149	update_halo_kernel1_b1
3432	0.000020218	430304	ops_par_loop_update_halo_kernel1_t1_150	update_halo_kernel1_t1
3433	0.000023084	430304	ops_par_loop_update_halo_kernel1_l1_151	update_halo_kernel1_l1
3434	0.000025217	430304	ops_par_loop_update_halo_kernel1_r1_152	update_halo_kernel1_r1
3435	0.000917442	1061744640	ops_par_loop_calc_dt_kernel_153	calc_dt_kernel
3436	0.001483748	1887436800	ops_par_loop_group_0	PdV_kernel_predict+ideal_gas_kernel
3437	0.000021872	430304	ops_par_loop_update_halo_kernel1_b1_2	update_halo_kernel1_b1
3438	0.000020519	430304	ops_par_loop_update_halo_kernel1_t1_3	update_halo_kernel1_t1
3439	0.000024206	430304	ops_par_loop_update_halo_kernel1_l1_4	update_halo_kernel1_l1
3440	0.000023504	430304	ops_par_loop_update_halo_kernel1_r1_5	update_halo_kernel1_r1
3441	0.001099037	1298288728	ops_par_loop_accelerate_kernel_7	accelerate_kernel
3442	0.001354362	2123366400	ops_par_loop_group_6	revert_kernel+PdV_kernel_nopredict
3443	0.000362268	471982080	ops_par_loop_flux_calc_kernelx_9	flux_calc_kernelx
3444	0.000359102	471982080	ops_par_loop_flux_calc_kernely_10	flux_calc_kernely
3445	0.000023084	553536	ops_par_loop_group_9	update_halo_kernel1_b2+update_halo_kernel4_minus_4_a
3446	0.000021441	553536	ops_par_loop_group_10	update_halo_kernel1_b1+update_halo_kernel4_minus_2_a
3447	0.000021511	369120	ops_par_loop_group_11	update_halo_kernel3_plus_4_a+update_halo_kernel2_xvel_plus_4_a+update_halo_kernel2_yvel_minus_4_a
3448	0.000020789	369120	ops_par_loop_group_12	update_halo_kernel3_plus_2_a+update_halo_kernel2_xvel_plus_2_a+update_halo_kernel2_yvel_minus_2_a
3449	0.000018536	123008	ops_par_loop_update_halo_kernel4_minus_4_b_29	update_halo_kernel4_minus_4_b
3450	0.000020519	553536	ops_par_loop_group_14	update_halo_kernel1_t2+update_halo_kernel4_minus_2_b
3451	0.000020399	430528	ops_par_loop_update_halo_kernel1_t1_14	update_halo_kernel1_t1
3452	0.000019808	246080	ops_par_loop_group_16	update_halo_kernel2_xvel_plus_4_b+update_halo_kernel2_yvel_minus_4_b
3453	0.000026320	369120	ops_par_loop_group_17	update_halo_kernel3_plus_4_b+update_halo_kernel2_xvel_plus_2_b+update_halo_kernel2_yvel_minus_2_b
3454	0.000019147	123040	ops_par_loop_update_halo_kernel3_plus_2_b_22	update_halo_kernel3_plus_2_b
3455	0.000026280	553536	ops_par_loop_group_19	update_halo_kernel1_l2+update_halo_kernel3_minus_4_a
3456	0.000023225	553536	ops_par_loop_group_20	update_halo_kernel1_l1+update_halo_kernel3_minus_2_a
3457	0.000019126	123008	ops_par_loop_update_halo_kernel3_minus_4_b_25	update_halo_kernel3_minus_4_b
3458	0.000024166	553536	ops_par_loop_group_22	update_halo_kernel1_r2+update_halo_kernel3_minus_2_b
3459	0.000021501	430528	ops_par_loop_update_halo_kernel1_r1_18	update_halo_kernel1_r1
3460	0.000022723	369120	ops_par_loop_group_24	update_halo_kernel4_plus_4_a+update_halo_kernel2_xvel_minus_4_a+update_halo_kernel2_yvel_plus_4_a
3461	0.000021741	369120	ops_par_loop_group_25	update_halo_kernel4_plus_2_a+update_halo_kernel2_xvel_minus_2_a+update_halo_kernel2_yvel_plus_2_a
3462	0.000020288	246080	ops_par_loop_group_26	update_halo_kernel2_xvel_minus_4_b+update_halo_kernel2_yvel_plus_4_b
3463	0.000022904	369120	ops_par_loop_group_27	update_halo_kernel4_plus_4_b+update_halo_kernel2_xvel_minus_2_b+update_halo_kernel2_yvel_plus_2_b
3464	0.000018495	123040	ops_par_loop_update_halo_kernel4_plus_2_b_34	update_halo_kernel4_plus_2_b
3465	0.000561356	591053440	ops_par_loop_advec_cell_kernel1_ydir_35	advec_cell_kernel1_ydir
3466	0.000788107	708203544	ops_par_loop_advec_cell_kernel3_ydir_36	advec_cell_kernel3_ydir
3467	0.001474790	1533542400	ops_par_loop_advec_cell_kernel4_ydir_37	advec_cell_kernel4_ydir
3468	0.000022433	553536	ops_par_loop_group_32	update_halo_kernel1_b2+update_halo_kernel4_minus_4_a
3469	0.000020680	553536	ops_par_loop_group_33	update_halo_kernel1_b1+update_halo_kernel4_minus_2_a
3470	0.000019136	123008	ops_par_loop_update_halo_kernel4_minus_4_b_64	update_halo_kernel4_minus_4_b
3471	0.000021742	553536	ops_par_loop_group_35	update_halo_kernel1_t2+update_halo_kernel4_minus_2_b
3472	0.000020580	430528	ops_par_loop_update_halo_kernel1_t1_41	update_halo_kernel1_t1
3473	0.000023825	430528	ops_par_loop_update_halo_kernel1_l2_42	update_halo_kernel1_l2
3474	0.000021351	430528	ops_par_loop_update_halo_kernel1_l1_43	update_halo_kernel1_l1
3475	0.000023274	430528	ops_par_loop_update_halo_kernel1_r2_44	update_halo_kernel1_r2
3476	0.000021241	430528	ops_par_loop_update_halo_kernel1_r1_45	update_halo_kernel1_r1
3477	0.000019558	123040	ops_par_loop_update_halo_kernel4_plus_4_a_66	update_halo_kernel4_plus_4_a
3478	0.000018686	123040	ops_par_loop_update_halo_kernel4_plus_2_a_67	update_halo_kernel4_plus_2_a
3479	0.000019947	123040	ops_par_loop_update_halo_kernel4_plus_4_b_68	update_halo_kernel4_plus_4_b
3480	0.000018946	123040	ops_par_loop_update_halo_kernel4_plus_2_b_69	update_halo_kernel4_plus_2_b
3481	0.000560885	591053440	ops_par_loop_advec_mom_kernel_y1_70	advec_mom_kernel_y1
3482	0.000191313	236236864	ops_par_loop_advec_mom_kernel_mass_flux_y_71	advec_mom_kernel_mass_flux_y
3483	0.000531630	590438520	ops_par_loop_advec_mom_kernel_post_pre_advec_y_72	advec_mom_kernel_post_pre_advec_y
3484	0.000878207	472258640	ops_par_loop_advec_mom_kernel1_y_nonvector_73	advec_mom_kernel1_y_nonvector
3485	0.000451036	590131240	ops_par_loop_advec_mom_kernel2_y_74	advec_mom_kernel2_y
3486	0.000563119	591053440	ops_par_loop_advec_mom_kernel_y1_75	advec_mom_kernel_y1
3487	0.000192145	236236864	ops_par_loop_advec_mom_kernel_mass_flux_y_76	advec_mom_kernel_mass_flux_y
3488	0.000531840	590438520	ops_par_loop_advec_mom_kernel_post_pre_advec_y_77	advec_mom_kernel_post_pre_advec_y
3489	0.000877717	472258640	ops_par_loop_advec_mom_kernel1_y_nonvector_78	advec_mom_kernel1_y_nonvector
3490	0.000447851	590131240	ops_par_loop_advec_mom_kernel2_y_79	advec_mom_kernel2_y
3491	0.000493157	472842752	ops_par_loop_advec_cell_kernel2_xdir_80	advec_cell_kernel2_xdir
3492	0.000772918	708203544	ops_par_loop_advec_cell_kernel3_xdir_81	advec_cell_kernel3_xdir
3493	0.001460764	1533542400	ops_par_loop_advec_cell_kernel4_xdir_82	advec_cell_kernel4_xdir
3494	0.000023264	553536	ops_par_loop_group_58	update_halo_kernel1_b2+update_halo_kernel4_minus_4_a
3495	0.000021210	553536	ops_par_loop_group_59	update_halo_kernel1_b1+update_halo_kernel4_minus_2_a
3496	0.000021050	369120	ops_par_loop_group_60	update_halo_kernel2_xvel_plus_4_a+update_halo_kernel2_yvel_minus_4_a+update_halo_kernel3_plus_4_a
3497	0.000021030	369120	ops_par_loop_group_61	update_halo_kernel2_xvel_plus_2_a+update_halo_kernel2_yvel_minus_2_a+update_halo_kernel3_plus_2_a
3498	0.000019898	246080	ops_par_loop_group_62	update_halo_kernel2_xvel_plus_4_b+update_halo_kernel2_yvel_minus_4_b
3499	0.000020850	369120	ops_par_loop_group_63	update_halo_kernel2_xvel_plus_2_b+update_halo_kernel2_yvel_minus_2_b+update_halo_kernel3_plus_4_b
3500	0.000021722	246080	ops_par_loop_group_64	update_halo_kernel2_xvel_minus_4_b+update_halo_kernel2_yvel_plus_4_b
3501	0.000019547	123040	ops_par_loop_update_halo_kernel3_plus_2_b_110	update_halo_kernel3_plus_2_b
3502	0.000019216	123008	ops_par_loop_update_halo_kernel3_minus_4_b_113	update_halo_kernel3_minus_4_b
3503	0.000018425	123008	ops_par_loop_update_halo_kernel4_minus_4_b_117	update_halo_kernel4_minus_4_b
3504	0.000021551	553536	ops_par_loop_group_68	update_halo_kernel1_t2+update_halo_kernel4_minus_2_b
3505	0.000020939	430528	ops_par_loop_update_halo_kernel1_t1_86	update_halo_kernel1_t1
3506	0.000028504	553536	ops_par_loop_group_70	update_halo_kernel1_l2+update_halo_kernel3_minus_4_a
3507	0.000023555	553536	ops_par_loop_group_71	update_halo_kernel1_l1+update_halo_kernel3_minus_2_a
3508	0.000024006	553536	ops_par_loop_group_72	update_halo_kernel1_r2+update_halo_kernel3_minus_2_b
3509	0.000021591	430528	ops_par_loop_update_halo_kernel1_r1_90	update_halo_kernel1_r1
3510	0.000024276	369120	ops_par_loop_group_74	update_halo_kernel2_xvel_minus_4_a+update_halo_kernel2_yvel_plus_4_a+update_halo_kernel4_plus_4_a
3511	0.000022332	369120	ops_par_loop_group_75	update_halo_kernel2_xvel_minus_2_a+update_halo_kernel2_yvel_plus_2_a+update_halo_kernel4_plus_2_a
3512	0.000022653	369120	ops_par_loop_group_76	update_halo_kernel2_xvel_minus_2_b+update_halo_kernel2_yvel_plus_2_b+update_halo_kernel4_plus_4_b
3513	0.000018745	123040	ops_par_loop_update_halo_kernel4_plus_2_b_122	update_halo_kernel4_plus_2_b
3514	0.000499228	472842752	ops_par_loop_advec_mom_kernel_x2_123	advec_mom_kernel_x2
3515	0.000194319	236236864	ops_par_loop_advec_mom_kernel_mass_flux_x_124	advec_mom_kernel_mass_flux_x
3516	0.000574931	590438520	ops_par_loop_advec_mom_kernel_post_pre_advec_x_125	advec_mom_kernel_post_pre_advec_x
3517	0.000882756	472258640	ops_par_loop_advec_mom_kernel1_x_nonvector_126	advec_mom_kernel1_x_nonvector
3518	0.000451417	590131240	ops_par_loop_advec_mom_kernel2_x_127	advec_mom_kernel2_x
3519	0.000497204	472842752	ops_par_loop_advec_mom_kernel_x2_128	advec_mom_kernel_x2
3520	0.000194399	236236864	ops_par_loop_advec_mom_kernel_mass_flux_x_129	advec_mom_kernel_mass_flux_x
3521	0.000574141	590438520	ops_par_loop_advec_mom_kernel_post_pre_advec_x_130	advec_mom_kernel_post_pre_advec_x
3522	0.000883798	472258640	ops_par_loop_advec_mom_kernel1_x_nonvector_131	advec_mom_kernel1_x_nonvector
3523	0.000435747	471859200	ops_par_loop_reset_field_kernel1_133	reset_field_kernel1
3524	0.001430637	1534095432	ops_par_loop_group_88	advec_mom_kernel2_x+reset_field_kernel2+ideal_gas_kernel
3525	0.000021290	430304	ops_par_loop_update_halo_kernel1_b1_136	update_halo_kernel1_b1
3526	0.000025108	430304	ops_par_loop_update_halo_kernel1_t1_137	update_halo_kernel1_t1
3527	0.000025078	430304	ops_par_loop_update_halo_kernel1_l1_138	update_halo_kernel1_l1
3528	0.000024166	430304	ops_par_loop_update_halo_kernel1_r1_139	update_halo_kernel1_r1
3529	0.000020138	245952	ops_par_loop_group_93	update_halo_kernel2_xvel_plus_2_a+update_halo_kernel2_yvel_minus_2_a
3530	0.000019678	245952	ops_par_loop_group_94	update_halo_kernel2_xvel_plus_2_b+update_halo_kernel2_yvel_minus_2_b
3531	0.000022012	245952	ops_par_loop_group_95	update_halo_kernel2_xvel_minus_2_a+update_halo_kernel2_yvel_plus_2_a
3532	0.000021632	245952	ops_par_loop_group_96	update_halo_kernel2_xvel_minus_2_b+update_halo_kernel2_yvel_plus_2_b
3533	0.001734835	589885440	ops_par_loop_viscosity_kernel_148	viscosity_kernel
3534	0.000023374	430304	ops_par_loop_update_halo_kernel1_b1_149	update_halo_kernel1_b1
3535	0.000020720	430304	ops_par_loop_update_halo_kernel1_t1_150	update_halo_kernel1_t1
3536	0.000031490	430304	ops_par_loop_update_halo_kernel1_l1_151	update_halo_kernel1_l1
3537	0.000023795	430304	ops_par_loop_update_halo_kernel1_r1_152	update_halo_kernel1_r1
3538	0.000918465	1061744640	ops_par_loop_calc_dt_kernel_153	calc_dt_kernel
3539	0.001482846	1887436800	ops_par_loop_group_0	PdV_kernel_predict+ideal_gas_kernel
3540	0.000022623	430304	ops_par_loop_update_halo_kernel1_b1_2	update_halo_kernel1_b1
3541	0.000019998	430304	ops_par_loop_update_halo_kernel1_t1_3	update_halo_kernel1_t1
3542	0.000023865	430304	ops_par_loop_update_halo_kernel1_l1_4	update_halo_kernel1_l1
3543	0.000023725	430304	ops_par_loop_update_halo_kernel1_r1_5	update_halo_kernel1_r1
3544	0.001098456	1298288728	ops_par_loop_accelerate_kernel_7	accelerate_kernel
3545	0.001354863	2123366400	ops_par_loop_group_6	revert_kernel+PdV_kernel_nopredict
3546	0.000359633	471982080	ops_par_loop_flux_calc_kernelx_9	flux_calc_kernelx
3547	0.000356968	471982080	ops_par_loop_flux_calc_kernely_10	flux_calc_kernely
3548	0.000021611	553536	ops_par_loop_group_9	update_halo_kernel1_b2+update_halo_kernel4_minus_4_a
3549	0.000019958	553536	ops_par_loop_group_10	update_halo_kernel1_b1+update_halo_kernel4_minus_2_a
3550	0.000020900	369120	ops_par_loop_group_11	update_halo_kernel3_plus_4_a+update_halo_kernel2_xvel_plus_4_a+update_halo_kernel2_yvel_minus_4_a
3551	0.000019467	369120	ops_par_loop_group_12	update_halo_kernel3_plus_2_a+update_halo_kernel2_xvel_plus_2_a+update_halo_kernel2_yvel_minus_2_a
3552	0.000017684	123008	ops_par_loop_update_halo_kernel4_minus_4_b_29	update_halo_kernel4_minus_4_b
3553	0.000020720	553536	ops_par_loop_group_14	update_halo_kernel1_t2+update_halo_kernel4_minus_2_b
3554	0.000020079	430528	ops_par_loop_update_halo_kernel1_t1_14	update_halo_kernel1_t1
3555	0.000020048	246080	ops_par_loop_group_16	update_halo_kernel2_xvel_plus_4_b+update_halo_kernel2_yvel_minus_4_b
3556	0.000019507	369120	ops_par_loop_group_17	update_halo_kernel3_plus_4_b+update_halo_kernel2_xvel_plus_2_b+update_halo_kernel2_yvel_minus_2_b
3557	0.000018185	123040	ops_par_loop_update_halo_kernel3_plus_2_b_22	update_halo_kernel3_plus_2_b
3558	0.000025448	553536	ops_par_loop_group_19	update_halo_kernel1_l2+update_halo_kernel3_minus_4_a
3559	0.000022923	553536	ops_par_loop_group_20	update_halo_kernel1_l1+update_halo_kernel3_minus_2_a
3560	0.000018355	123008	ops_par_loop_update_halo_kernel3_minus_4_b_25	update_halo_kernel3_minus_4_b
3561	0.000024126	553536	ops_par_loop_group_22	update_halo_kernel1_r2+update_halo_kernel3_minus_2_b
3562	0.000021260	430528	ops_par_loop_update_halo_kernel1_r1_18	update_halo_kernel1_r1
3563	0.000023154	369120	ops_par_loop_group_24	update_halo_kernel4_plus_4_a+update_halo_kernel2_xvel_minus_4_a+update_halo_kernel2_yvel_plus_4_a
3564	0.000021190	369120	ops_par_loop_group_25	update_halo_kernel4_plus_2_a+update_halo_kernel2_xvel_minus_2_a+update_halo_kernel2_yvel_plus_2_a
3565	0.000020760	246080	ops_par_loop_group_26	update_halo_kernel2_xvel_minus_4_b+update_halo_kernel2_yvel_plus_4_b
3566	0.000021671	369120	ops_par_loop_group_27	update_halo_kernel4_plus_4_b+update_halo_kernel2_xvel_minus_2_b+update_halo_kernel2_yvel_plus_2_b
3567	0.000018175	123040	ops_par_loop_update_halo_kernel4_plus_2_b_34	update_halo_kernel4_plus_2_b
3568	0.000560976	591053440	ops_par_loop_advec_cell_kernel1_xdir_35	advec_cell_kernel1_xdir
3569	0.000770854	708203544	ops_par_loop_advec_cell_kernel3_xdir_36	advec_cell_kernel3_xdir
3570	0.001461726	1533542400	ops_par_loop_advec_cell_kernel4_xdir_37	advec_cell_kernel4_xdir
3571	0.000021390	430528	ops_par_loop_update_halo_kernel1_b2_38	update_halo_kernel1_b2
3572	0.000020929	430528	ops_par_loop_update_halo_kernel1_b1_39	update_halo_kernel1_b1
3573	0.000020329	430528	ops_par_loop_update_halo_kernel1_t2_40	update_halo_kernel1_t2
3574	0.000019828	430528	ops_par_loop_update_halo_kernel1_t1_41	update_halo_kernel1_t1
3575	0.000019097	123040	ops_par_loop_update_halo_kernel3_plus_4_a_62	update_halo_kernel3_plus_4_a
3576	0.000018264	123040	ops_par_loop_update_halo_kernel3_plus_2_a_63	update_halo_kernel3_plus_2_a
3577	0.000017914	123040	ops_par_loop_update_halo_kernel3_plus_4_b_64	update_halo_kernel3_plus_4_b
3578	0.000018124	123040	ops_par_loop_update_halo_kernel3_plus_2_b_65	update_halo_kernel3_plus_2_b
3579	0.000025739	553536	ops_par_loop_group_40	update_halo_kernel1_l2+update_halo_kernel3_minus_4_a
3580	0.000023014	553536	ops_par_loop_group_41	update_halo_kernel1_l1+update_halo_kernel3_minus_2_a
3581	0.000018546	123008	ops_par_loop_update_halo_kernel3_minus_4_b_68	update_halo_kernel3_minus_4_b
3582	0.000024126	553536	ops_par_loop_group_43	update_halo_kernel1_r2+update_halo_kernel3_minus_2_b
3583	0.000021661	430528	ops_par_loop_update_halo_kernel1_r1_45	update_halo_kernel1_r1
3584	0.000561587	591053440	ops_par_loop_advec_mom_kernel_x1_70	advec_mom_kernel_x1
3585	0.000193658	236236864	ops_par_loop_advec_mom_kernel_mass_flux_x_71	advec_mom_kernel_mass_flux_x
3586	0.000573649	590438520	ops_par_loop_advec_mom_kernel_post_pre_advec_x_72	advec_mom_kernel_post_pre_advec_x
3587	0.000882977	472258640	ops_par_loop_advec_mom_kernel1_x_nonvector_73	advec_mom_kernel1_x_nonvector
3588	0.000455585	590131240	ops_par_loop_advec_mom_kernel2_x_74	advec_mom_kernel2_x
3589	0.000558380	591053440	ops_par_loop_advec_mom_kernel_x1_75	advec_mom_kernel_x1
3590	0.000193968	236236864	ops_par_loop_advec_mom_kernel_mass_flux_x_76	advec_mom_kernel_mass_flux_x
3591	0.000577396	590438520	ops_par_loop_advec_mom_kernel_post_pre_advec_x_77	advec_mom_kernel_post_pre_advec_x
3592	0.000882816	472258640	ops_par_loop_advec_mom_kernel1_x_nonvector_78	advec_mom_kernel1_x_nonvector
3593	0.000443342	590131240	ops_par_loop_advec_mom_kernel2_x_79	advec_mom_kernel2_x
3594	0.000497194	472842752	ops_par_loop_advec_cell_kernel2_ydir_80	advec_cell_kernel2_ydir
3595	0.000788588	708203544	ops_par_loop_advec_cell_kernel3_ydir_81	advec_cell_kernel3_ydir
3596	0.001473358	1533542400	ops_par_loop_advec_cell_kernel4_ydir_82	advec_cell_kernel4_ydir
3597	0.000021882	553536	ops_par_loop_group_58	update_halo_kernel1_b2+update_halo_kernel4_minus_4_a
3598	0.000020739	553536	ops_par_loop_group_59	update_halo_kernel1_b1+update_halo_kernel4_minus_2_a
3599	0.000021761	369120	ops_par_loop_group_60	update_halo_kernel2_xvel_plus_4_a+update_halo_kernel2_yvel_minus_4_a+update_halo_kernel3_plus_4_a
3600	0.000020489	369120	ops_par_loop_group_61	update_halo_kernel2_xvel_plus_2_a+update_halo_kernel2_yvel_minus_2_a+update_halo_kernel3_plus_2_a
3601	0.000018725	246080	ops_par_loop_group_62	update_halo_kernel2_xvel_plus_4_b+update_halo_kernel2_yvel_minus_4_b
3602	0.000020960	369120	ops_par_loop_group_63	update_halo_kernel2_xvel_plus_2_b+update_halo_kernel2_yvel_minus_2_b+update_halo_kernel3_plus_4_b
3603	0.000022864	246080	ops_par_loop_group_64	update_halo_kernel2_xvel_minus_4_b+update_halo_kernel2_yvel_plus_4_b
3604	0.000018665	123040	ops_par_loop_update_halo_kernel3_plus_2_b_110	update_halo_kernel3_plus_2_b
3605	0.000019136	123008	ops_par_loop_update_halo_kernel3_minus_4_b_113	update_halo_kernel3_minus_4_b
3606	0.000018074	123008	ops_par_loop_update_halo_kernel4_minus_4_b_117	update_halo_kernel4_minus_4_b
3607	0.000020519	553536	ops_par_loop_group_68	update_halo_kernel1_t2+update_halo_kernel4_minus_2_b
3608	0.000021150	430528	ops_par_loop_update_halo_kernel1_t1_86	update_halo_kernel1_t1
3609	0.000026430	553536	ops_par_loop_group_70	update_halo_kernel1_l2+update_halo_kernel3_minus_4_a
3610	0.000023505	553536	ops_par_loop_group_71	update_halo_kernel1_l1+update_halo_kernel3_minus_2_a
3611	0.000024616	553536	ops_par_loop_group_72	update_halo_kernel1_r2+update_halo_kernel3_minus_2_b
3612	0.000021390	430528	ops_par_loop_update_halo_kernel1_r1_90	update_halo_kernel1_r1
3613	0.000023654	369120	ops_par_loop_group_74	update_halo_kernel2_xvel_minus_4_a+update_halo_kernel2_yvel_plus_4_a+update_halo_kernel4_plus_4_a
3614	0.000021090	369120	ops_par_loop_group_75	update_halo_kernel2_xvel_minus_2_a+update_halo_kernel2_yvel_plus_2_a+update_halo_kernel4_plus_2_a
3615	0.000022694	369120	ops_par_loop_group_76	update_halo_kernel2_xvel_minus_2_b+update_halo_kernel2_yvel_plus_2_b+update_halo_kernel4_plus_4_b
3616	0.000018254	123040	ops_par_loop_update_halo_kernel4_plus_2_b_122	update_halo_kernel4_plus_2_b
3617	0.000489920	472842752	ops_par_loop_advec_mom_kernel_y2_123	advec_mom_kernel_y2
3618	0.000191473	236236864	ops_par_loop_advec_mom_kernel_mass_flux_y_124	advec_mom_kernel_mass_flux_y
3619	0.000530537	590438520	ops_par_loop_advec_mom_kernel_post_pre_advec_y_125	advec_mom_kernel_post_pre_advec_y
3620	0.000878258	472258640	ops_par_loop_advec_mom_kernel1_y_nonvector_126	advec_mom_kernel1_y_nonvector
3621	0.000454773	590131240	ops_par_loop_advec_mom_kernel2_y_127	advec_mom_kernel2_y
3622	0.000491454	472842752	ops_par_loop_advec_mom_kernel_y2_128	advec_mom_kernel_y2
3623	0.000191754	236236864	ops_par_loop_advec_mom_kernel_mass_flux_y_129	advec_mom_kernel_mass_flux_y
3624	0.000532051	590438520	ops_par_loop_advec_mom_kernel_post_pre_advec_y_130	advec_mom_kernel_post_pre_advec_y
3625	0.000875853	472258640	ops_par_loop_advec_mom_kernel1_y_nonvector_131	advec_mom_kernel1_y_nonvector
3626	0.000433584	471859200	ops_par_loop_reset_field_kernel1_133	reset_field_kernel1
3627	0.001435085	1534095432	ops_par_loop_group_88	advec_mom_kernel2_y+reset_field_kernel2+ideal_gas_kernel
3628	0.000022683	430304	ops_par_loop_update_halo_kernel1_b1_136	update_halo_kernel1_b1
3629	0.000021111	430304	ops_par_loop_update_halo_kernel1_t1_137	update_halo_kernel1_t1
3630	0.000024817	430304	ops_par_loop_update_halo_kernel1_l1_138	update_halo_kernel1_l1
3631	0.000025378	430304	ops_par_loop_update_halo_kernel1_r1_139	update_halo_kernel1_r1
3632	0.000018595	245952	ops_par_loop_group_93	update_halo_kernel2_xvel_plus_2_a+update_halo_kernel2_yvel_minus_2_a
3633	0.000024406	245952	ops_par_loop_group_94	update_halo_kernel2_xvel_plus_2_b+update_halo_kernel2_yvel_minus_2_b
3634	0.000020429	245952	ops_par_loop_group_95	update_halo_kernel2_xvel_minus_2_a+update_halo_kernel2_yvel_plus_2_a
3635	0.000021300	245952	ops_par_loop_group_96	update_halo_kernel2_xvel_minus_2_b+update_halo_kernel2_yvel_plus_2_b
3636	0.001734674	589885440	ops_par_loop_viscosity_kernel_148	viscosity_kernel
3637	0.000022192	430304	ops_par_loop_update_halo_kernel1_b1_149	update_halo_kernel1_b1
3638	0.000019367	430304	ops_par_loop_update_halo_kernel1_t1_150	update_halo_kernel1_t1
3639	0.000023544	430304	ops_par_loop_update_halo_kernel1_l1_151	update_halo_kernel1_l1
3640	0.000022463	430304	ops_par_loop_update_halo_kernel1_r1_152	update_halo_kernel1_r1
3641	0.000917733	1061744640	ops_par_loop_calc_dt_kernel_153	calc_dt_kernel
3642	0.001488276	1887436800	ops_par_loop_group_0	PdV_kernel_predict+ideal_gas_kernel
3643	0.000141368	430304	ops_par_loop_update_halo_kernel1_b1_2	update_halo_kernel1_b1
3644	0.000019457	430304	ops_par_loop_update_halo_kernel1_t1_3	update_halo_kernel1_t1
3645	0.000024036	430304	ops_par_loop_update_halo_kernel1_l1_4	update_halo_kernel1_l1
3646	0.000023134	430304	ops_par_loop_update_halo_kernel1_r1_5	update_halo_kernel1_r1
3647	0.001096482	1298288728	ops_par_loop_accelerate_kernel_7	accelerate_kernel
3648	0.001355514	2123366400	ops_par_loop_group_6	revert_kernel+PdV_kernel_nopredict
3649	0.000361226	471982080	ops_par_loop_flux_calc_kernelx_9	flux_calc_kernelx
3650	0.000357639	471982080	ops_par_loop_flux_calc_kernely_10	flux_calc_kernely
3651	0.000021741	553536	ops_par_loop_group_9	update_halo_kernel1_b2+update_halo_kernel4_minus_4_a
3652	0.000020458	553536	ops_par_loop_group_10	update_halo_kernel1_b1+update_halo_kernel4_minus_2_a
3653	0.000020630	369120	ops_par_loop_group_11	update_halo_kernel3_plus_4_a+update_halo_kernel2_xvel_plus_4_a+update_halo_kernel2_yvel_minus_4_a
3654	0.000020369	369120	ops_par_loop_group_12	update_halo_kernel3_plus_2_a+update_halo_kernel2_xvel_plus_2_a+update_halo_kernel2_yvel_minus_2_a
3655	0.000018576	123008	ops_par_loop_update_halo_kernel4_minus_4_b_29	update_halo_kernel4_minus_4_b
3656	0.000020439	553536	ops_par_loop_group_14	update_halo_kernel1_t2+update_halo_kernel4_minus_2_b
3657	0.000020529	430528	ops_par_loop_update_halo_kernel1_t1_14	update_halo_kernel1_t1
3658	0.000020379	246080	ops_par_loop_group_16	update_halo_kernel2_xvel_plus_4_b+update_halo_kernel2_yvel_minus_4_b
3659	0.000021160	369120	ops_par_loop_group_17	update_halo_kernel3_plus_4_b+update_halo_kernel2_xvel_plus_2_b+update_halo_kernel2_yvel_minus_2_b
3660	0.000019357	123040	ops_par_loop_update_halo_kernel3_plus_2_b_22	update_halo_kernel3_plus_2_b
3661	0.000025549	553536	ops_par_loop_group_19	update_halo_kernel1_l2+update_halo_kernel3_minus_4_a
3662	0.000022673	553536	ops_par_loop_group_20	update_halo_kernel1_l1+update_halo_kernel3_minus_2_a
3663	0.000018235	123008	ops_par_loop_update_halo_kernel3_minus_4_b_25	update_halo_kernel3_minus_4_b
3664	0.000024176	553536	ops_par_loop_group_22	update_halo_kernel1_r2+update_halo_kernel3_minus_2_b
3665	0.000021361	430528	ops_par_loop_update_halo_kernel1_r1_18	update_halo_kernel1_r1
3666	0.000022493	369120	ops_par_loop_group_24	update_halo_kernel4_plus_4_a+update_halo_kernel2_xvel_minus_4_a+update_halo_kernel2_yvel_plus_4_a
3667	0.000021992	369120	ops_par_loop_group_25	update_halo_kernel4_plus_2_a+update_halo_kernel2_xvel_minus_2_a+update_halo_kernel2_yvel_plus_2_a
3668	0.000021120	246080	ops_par_loop_group_26	update_halo_kernel2_xvel_minus_4_b+update_halo_kernel2_yvel_plus_4_b
3669	0.000022863	369120	ops_par_loop_group_27	update_halo_kernel4_plus_4_b+update_halo_kernel2_xvel_minus_2_b+update_halo_kernel2_yvel_plus_2_b
3670	0.000018936	123040	ops_par_loop_update_halo_kernel4_plus_2_b_34	update_halo_kernel4_plus_2_b
3671	0.000561536	591053440	ops_par_loop_advec_cell_kernel1_ydir_35	advec_cell_kernel1_ydir
3672	0.000788167	708203544	ops_par_loop_advec_cell_kernel3_ydir_36	advec_cell_kernel3_ydir
3673	0.001471504	1533542400	ops_par_loop_advec_cell_kernel4_ydir_37	advec_cell_kernel4_ydir
3674	0.000021892	553536	ops_par_loop_group_32	update_halo_kernel1_b2+update_halo_kernel4_minus_4_a
3675	0.000021832	553536	ops_par_loop_group_33	update_halo_kernel1_b1+update_halo_kernel4_minus_2_a
3676	0.000018415	123008	ops_par_loop_update_halo_kernel4_minus_4_b_64	update_halo_kernel4_minus_4_b
3677	0.000021530	553536	ops_par_loop_group_35	update_halo_kernel1_t2+update_halo_kernel4_minus_2_b
3678	0.000020229	430528	ops_par_loop_update_halo_kernel1_t1_41	update_halo_kernel1_t1
3679	0.000022974	430528	ops_par_loop_update_halo_kernel1_l2_42	update_halo_kernel1_l2
3680	0.000020940	430528	ops_par_loop_update_halo_kernel1_l1_43	update_halo_kernel1_l1
3681	0.000022212	430528	ops_par_loop_update_halo_kernel1_r2_44	update_halo_kernel1_r2
3682	0.000020529	430528	ops_par_loop_update_halo_kernel1_r1_45	update_halo_kernel1_r1
3683	0.000019447	123040	ops_par_loop_update_halo_kernel4_plus_4_a_66	update_halo_kernel4_plus_4_a
3684	0.000017574	123040	ops_par_loop_update_halo_kernel4_plus_2_a_67	update_halo_kernel4_plus_2_a
3685	0.000019126	123040	ops_par_loop_update_halo_kernel4_plus_4_b_68	update_halo_kernel4_plus_4_b
3686	0.000017824	123040	ops_par_loop_update_halo_kernel4_plus_2_b_69	update_halo_kernel4_plus_2_b
3687	0.000563530	591053440	ops_par_loop_advec_mom_kernel_y1_70	advec_mom_kernel_y1
3688	0.000190571	236236864	ops_par_loop_advec_mom_kernel_mass_flux_y_71	advec_mom_kernel_mass_flux_y
3689	0.000531970	590438520	ops_par_loop_advec_mom_kernel_post_pre_advec_y_72	advec_mom_kernel_post_pre_advec_y
3690	0.000877636	472258640	ops_par_loop_advec_mom_kernel1_y_nonvector_73	advec_mom_kernel1_y_nonvector
3691	0.000447360	590131240	ops_par_loop_advec_mom_kernel2_y_74	advec_mom_kernel2_y
3692	0.000562598	591053440	ops_par_loop_advec_mom_kernel_y1_75	advec_mom_kernel_y1
3693	0.000191233	236236864	ops_par_loop_advec_mom_kernel_mass_flux_y_76	advec_mom_kernel_mass_flux_y
3694	0.000531849	590438520	ops_par_loop_advec_mom_kernel_post_pre_advec_y_77	advec_mom_kernel_post_pre_advec_y
3695	0.000875513	472258640	ops_par_loop_advec_mom_kernel1_y_nonvector_78	advec_mom_kernel1_y_nonvector
3696	0.000450195	590131240	ops_par_loop_advec_mom_kernel2_y_79	advec_mom_kernel2_y
3697	0.000488527	472842752	ops_par_loop_advec_cell_kernel2_xdir_80	advec_cell_kernel2_xdir
3698	0.000772617	708203544	ops_par_loop_advec_cell_kernel3_xdir_81	advec_cell_kernel3_xdir
3699	0.001458239	1533542400	ops_par_loop_advec_cell_kernel4_xdir_82	advec_cell_kernel4_xdir
3700	0.000022543	553536	ops_par_loop_group_58	update_halo_kernel1_b2+update_halo_kernel4_minus_4_a
3701	0.000020479	553536	ops_par_loop_group_59	update_halo_kernel1_b1+update_halo_kernel4_minus_2_a
3702	0.000021140	369120	ops_par_loop_group_60	update_halo_kernel2_xvel_plus_4_a+update_halo_kernel2_yvel_minus_4_a+update_halo_kernel3_plus_4_a
3703	0.000020879	369120	ops_par_loop_group_61	update_halo_kernel2_xvel_plus_2_a+update_halo_kernel2_yvel_minus_2_a+update_halo_kernel3_plus_2_a
3704	0.000019016	246080	ops_par_loop_group_62	update_halo_kernel2_xvel_plus_4_b+update_halo_kernel2_yvel_minus_4_b
3705	0.000020589	369120	ops_par_loop_group_63	update_halo_kernel2_xvel_plus_2_b+update_halo_kernel2_yvel_minus_2_b+update_halo_kernel3_plus_4_b
3706	0.000021591	246080	ops_par_loop_group_64	update_halo_kernel2_xvel_minus_4_b+update_halo_kernel2_yvel_plus_4_b
3707	0.000019306	123040	ops_par_loop_update_halo_kernel3_plus_2_b_110	update_halo_kernel3_plus_2_b
3708	0.000018626	123008	ops_par_loop_update_halo_kernel3_minus_4_b_113	update_halo_kernel3_minus_4_b
3709	0.000018165	123008	ops_par_loop_update_halo_kernel4_minus_4_b_117	update_halo_kernel4_minus_4_b
3710	0.000021060	553536	ops_par_loop_group_68	update_halo_kernel1_t2+update_halo_kernel4_minus_2_b
3711	0.000020499	430528	ops_par_loop_update_halo_kernel1_t1_86	update_halo_kernel1_t1
3712	0.000026280	553536	ops_par_loop_group_70	update_halo_kernel1_l2+update_halo_kernel3_minus_4_a
3713	0.000022022	553536	ops_par_loop_group_71	update_halo_kernel1_l1+update_halo_kernel3_minus_2_a
3714	0.000024547	553536	ops_par_loop_group_72	update_halo_kernel1_r2+update_halo_kernel3_minus_2_b
3715	0.000021080	430528	ops_par_loop_update_halo_kernel1_r1_90	update_halo_kernel1_r1
3716	0.000023705	369120	ops_par_loop_group_74	update_halo_kernel2_xvel_minus_4_a+update_halo_kernel2_yvel_plus_4_a+update_halo_kernel4_plus_4_a
3717	0.000020939	369120	ops_par_loop_group_75	update_halo_kernel2_xvel_minus_2_a+update_halo_kernel2_yvel_plus_2_a+update_halo_kernel4_plus_2_a
3718	0.000021922	369120	ops_par_loop_group_76	update_halo_kernel2_xvel_minus_2_b+update_halo_kernel2_yvel_plus_2_b+update_halo_kernel4_plus_4_b
3719	0.000018385	123040	ops_par_loop_update_halo_kernel4_plus_2_b_122	update_halo_kernel4_plus_2_b
3720	0.000497665	472842752	ops_par_loop_advec_mom_kernel_x2_123	advec_mom_kernel_x2
3721	0.000194169	236236864	ops_par_loop_advec_mom_kernel_mass_flux_x_124	advec_mom_kernel_mass_flux_x
3722	0.000573910	590438520	ops_par_loop_advec_mom_kernel_post_pre_advec_x_125	advec_mom_kernel_post_pre_advec_x
3723	0.000882425	472258640	ops_par_loop_advec_mom_kernel1_x_nonvector_126	advec_mom_kernel1_x_nonvector
3724	0.000447359	590131240	ops_par_loop_advec_mom_kernel2_x_127	advec_mom_kernel2_x
3725	0.000497786	472842752	ops_par_loop_advec_mom_kernel_x2_128	advec_mom_kernel_x2
3726	0.000193888	236236864	ops_par_loop_advec_mom_kernel_mass_flux_x_129	advec_mom_kernel_mass_flux_x
3727	0.000573779	590438520	ops_par_loop_advec_mom_kernel_post_pre_advec_x_130	advec_mom_kernel_post_pre_advec_x
3728	0.000883538	472258640	ops_par_loop_advec_mom_kernel1_x_nonvector_131	advec_mom_kernel1_x_nonvector
3729	0.000435386	471859200	ops_par_loop_reset_field_kernel1_133	reset_field_kernel1
3730	0.001435406	1534095432	ops_par_loop_group_88	advec_mom_kernel2_x+reset_field_kernel2+ideal_gas_kernel
3731	0.000021421	430304	ops_par_loop_update_halo_kernel1_b1_136	update_halo_kernel1_b1
3732	0.000019697	430304	ops_par_loop_update_halo_kernel1_t1_137	update_halo_kernel1_t1
3733	0.000023765	430304	ops_par_loop_update_halo_kernel1_l1_138	update_halo_kernel1_l1
3734	0.000023815	430304	ops_par_loop_update_halo_kernel1_r1_139	update_halo_kernel1_r1
3735	0.000019577	245952	ops_par_loop_group_93	update_halo_kernel2_xvel_plus_2_a+update_halo_kernel2_yvel_minus_2_a
3736	0.000018635	245952	ops_par_loop_group_94	update_halo_kernel2_xvel_plus_2_b+update_halo_kernel2_yvel_minus_2_b
3737	0.000021480	245952	ops_par_loop_group_95	update_halo_kernel2_xvel_minus_2_a+update_halo_kernel2_yvel_plus_2_a
3738	0.000020760	245952	ops_par_loop_group_96	update_halo_kernel2_xvel_minus_2_b+update_halo_kernel2_yvel_plus_2_b
3739	0.001734614	589885440	ops_par_loop_viscosity_kernel_148	viscosity_kernel
3740	0.000020910	430304	ops_par_loop_update_halo_kernel1_b1_149	update_halo_kernel1_b1
3741	0.000019998	430304	ops_par_loop_update_halo_kernel1_t1_150	update_halo_kernel1_t1
3742	0.000023425	430304	ops_par_loop_update_halo_kernel1_l1_151	update_halo_kernel1_l1
3743	0.000022914	430304	ops_par_loop_update_halo_kernel1_r1_152	update_halo_kernel1_r1
3744	0.000917241	1061744640	ops_par_loop_calc_dt_kernel_153	calc_dt_kernel
3745	0.001494037	1887436800	ops_par_loop_group_0	PdV_kernel_predict+ideal_gas_kernel
3746	0.000022212	430304	ops_par_loop_update_halo_kernel1_b1_2	update_halo_kernel1_b1
3747	0.000020198	430304	ops_par_loop_update_halo_kernel1_t1_3	update_halo_kernel1_t1
3748	0.000024356	430304	ops_par_loop_update_halo_kernel1_l1_4	update_halo_kernel1_l1
3749	0.000023485	430304	ops_par_loop_update_halo_kernel1_r1_5	update_halo_kernel1_r1
3750	0.001094929	1298288728	ops_par_loop_accelerate_kernel_7	accelerate_kernel
3751	0.001358129	2123366400	ops_par_loop_group_6	revert_kernel+PdV_kernel_nopredict
3752	0.000362678	471982080	ops_par_loop_flux_calc_kernelx_9	flux_calc_kernelx
3753	0.000357599	471982080	ops_par_loop_flux_calc_kernely_10	flux_calc_kernely
3754	0.000021010	553536	ops_par_loop_group_9	update_halo_kernel1_b2+update_halo_kernel4_minus_4_a
3755	0.000020018	553536	ops_par_loop_group_10	update_halo_kernel1_b1+update_halo_kernel4_minus_2_a
3756	0.000020849	369120	ops_par_loop_group_11	update_halo_kernel3_plus_4_a+update_halo_kernel2_xvel_plus_4_a+update_halo_kernel2_yvel_minus_4_a
3757	0.000021080	369120	ops_par_loop_group_12	update_halo_kernel3_plus_2_a+update_halo_kernel2_xvel_plus_2_a+update_halo_kernel2_yvel_minus_2_a
3758	0.000017934	123008	ops_par_loop_update_halo_kernel4_minus_4_b_29	update_halo_kernel4_minus_4_b
3759	0.000020569	553536	ops_par_loop_group_14	update_halo_kernel1_t2+update_halo_kernel4_minus_2_b
3760	0.000019707	430528	ops_par_loop_update_halo_kernel1_t1_14	update_halo_kernel1_t1
3761	0.000024316	246080	ops_par_loop_group_16	update_halo_kernel2_xvel_plus_4_b+update_halo_kernel2_yvel_minus_4_b
3762	0.000020188	369120	ops_par_loop_group_17	update_halo_kernel3_plus_4_b+update_halo_kernel2_xvel_plus_2_b+update_halo_kernel2_yvel_minus_2_b
3763	0.000018445	123040	ops_par_loop_update_halo_kernel3_plus_2_b_22	update_halo_kernel3_plus_2_b
3764	0.000025148	553536	ops_par_loop_group_19	update_halo_kernel1_l2+update_halo_kernel3_minus_4_a
3765	0.000022543	553536	ops_par_loop_group_20	update_halo_kernel1_l1+update_halo_kernel3_minus_2_a
3766	0.000018935	123008	ops_par_loop_update_halo_kernel3_minus_4_b_25	update_halo_kernel3_minus_4_b
3767	0.000023585	553536	ops_par_loop_group_22	update_halo_kernel1_r2+update_halo_kernel3_minus_2_b
3768	0.000021200	430528	ops_par_loop_update_halo_kernel1_r1_18	update_halo_kernel1_r1
3769	0.000022934	369120	ops_par_loop_group_24	update_halo_kernel4_plus_4_a+update_halo_kernel2_xvel_minus_4_a+update_halo_kernel2_yvel_plus_4_a
3770	0.000022493	369120	ops_par_loop_group_25	update_halo_kernel4_plus_2_a+update_halo_kernel2_xvel_minus_2_a+update_halo_kernel2_yvel_plus_2_a
3771	0.000020058	246080	ops_par_loop_group_26	update_halo_kernel2_xvel_minus_4_b+update_halo_kernel2_yvel_plus_4_b
3772	0.000022373	369120	ops_par_loop_group_27	update_halo_kernel4_plus_4_b+update_halo_kernel2_xvel_minus_2_b+update_halo_kernel2_yvel_plus_2_b
3773	0.000020028	123040	ops_par_loop_update_halo_kernel4_plus_2_b_34	update_halo_kernel4_plus_2_b
3774	0.000563680	591053440	ops_par_loop_advec_cell_kernel1_xdir_35	advec_cell_kernel1_xdir
3775	0.000771876	708203544	ops_par_loop_advec_cell_kernel3_xdir_36	advec_cell_kernel3_xdir
3776	0.001461406	1533542400	ops_par_loop_advec_cell_kernel4_xdir_37	advec_cell_kernel4_xdir
3777	0.000021491	430528	ops_par_loop_update_halo_kernel1_b2_38	update_halo_kernel1_b2
3778	0.000020238	430528	ops_par_loop_update_halo_kernel1_b1_39	update_halo_kernel1_b1
3779	0.000020098	430528	ops_par_loop_update_halo_kernel1_t2_40	update_halo_kernel1_t2
3780	0.000019807	430528	ops_par_loop_update_halo_kernel1_t1_41	update_halo_kernel1_t1
3781	0.000019728	123040	ops_par_loop_update_halo_kernel3_plus_4_a_62	update_halo_kernel3_plus_4_a
3782	0.000019587	123040	ops_par_loop_update_halo_kernel3_plus_2_a_63	update_halo_kernel3_plus_2_a
3783	0.000018726	123040	ops_par_loop_update_halo_kernel3_plus_4_b_64	update_halo_kernel3_plus_4_b
3784	0.000018305	123040	ops_par_loop_update_halo_kernel3_plus_2_b_65	update_halo_kernel3_plus_2_b
3785	0.000026059	553536	ops_par_loop_group_40	update_halo_kernel1_l2+update_halo_kernel3_minus_4_a
3786	0.000023715	553536	ops_par_loop_group_41	update_halo_kernel1_l1+update_halo_kernel3_minus_2_a
3787	0.000019016	123008	ops_par_loop_update_halo_kernel3_minus_4_b_68	update_halo_kernel3_minus_4_b
3788	0.000024547	553536	ops_par_loop_group_43	update_halo_kernel1_r2+update_halo_kernel3_minus_2_b
3789	0.000021410	430528	ops_par_loop_update_halo_kernel1_r1_45	update_halo_kernel1_r1
3790	0.000565404	591053440	ops_par_loop_advec_mom_kernel_x1_70	advec_mom_kernel_x1
3791	0.000194189	236236864	ops_par_loop_advec_mom_kernel_mass_flux_x_71	advec_mom_kernel_mass_flux_x
3792	0.000577206	590438520	ops_par_loop_advec_mom_kernel_post_pre_advec_x_72	advec_mom_kernel_post_pre_advec_x
3793	0.000882005	472258640	ops_par_loop_advec_mom_kernel1_x_nonvector_73	advec_mom_kernel1_x_nonvector
3794	0.000448202	590131240	ops_par_loop_advec_mom_kernel2_x_74	advec_mom_kernel2_x
3795	0.000563420	591053440	ops_par_loop_advec_mom_kernel_x1_75	advec_mom_kernel_x1
3796	0.000194088	236236864	ops_par_loop_advec_mom_kernel_mass_flux_x_76	advec_mom_kernel_mass_flux_x
3797	0.000578068	590438520	ops_par_loop_advec_mom_kernel_post_pre_advec_x_77	advec_mom_kernel_post_pre_advec_x
3798	0.000883327	472258640	ops_par_loop_advec_mom_kernel1_x_nonvector_78	advec_mom_kernel1_x_nonvector
3799	0.000450165	590131240	ops_par_loop_advec_mom_kernel2_x_79	advec_mom_kernel2_x
3800	0.000497665	472842752	ops_par_loop_advec_cell_kernel2_ydir_80	advec_cell_kernel2_ydir
3801	0.000788848	708203544	ops_par_loop_advec_cell_kernel3_ydir_81	advec_cell_kernel3_ydir
3802	0.001474280	1533542400	ops_par_loop_advec_cell_kernel4_ydir_82	advec_cell_kernel4_ydir
3803	0.000022122	553536	ops_par_loop_group_58	update_halo_kernel1_b2+update_halo_kernel4_minus_4_a
3804	0.000021361	553536	ops_par_loop_group_59	update_halo_kernel1_b1+update_halo_kernel4_minus_2_a
3805	0.000021541	369120	ops_par_loop_group_60	update_halo_kernel2_xvel_plus_4_a+update_halo_kernel2_yvel_minus_4_a+update_halo_kernel3_plus_4_a
3806	0.000021140	369120	ops_par_loop_group_61	update_halo_kernel2_xvel_plus_2_a+update_halo_kernel2_yvel_minus_2_a+update_halo_kernel3_plus_2_a
3807	0.000019918	246080	ops_par_loop_group_62	update_halo_kernel2_xvel_plus_4_b+update_halo_kernel2_yvel_minus_4_b
3808	0.000020379	369120	ops_par_loop_group_63	update_halo_kernel2_xvel_plus_2_b+update_halo_kernel2_yvel_minus_2_b+update_halo_kernel3_plus_4_b
3809	0.000021511	246080	ops_par_loop_group_64	update_halo_kernel2_xvel_minus_4_b+update_halo_kernel2_yvel_plus_4_b
3810	0.000019588	123040	ops_par_loop_update_halo_kernel3_plus_2_b_110	update_halo_kernel3_plus_2_b
3811	0.000020188	123008	ops_par_loop_update_halo_kernel3_minus_4_b_113	update_halo_kernel3_minus_4_b
3812	0.000018705	123008	ops_par_loop_update_halo_kernel4_minus_4_b_117	update_halo_kernel4_minus_4_b
3813	0.000021801	553536	ops_par_loop_group_68	update_halo_kernel1_t2+update_halo_kernel4_minus_2_b
3814	0.000020359	430528	ops_par_loop_update_halo_kernel1_t1_86	update_halo_kernel1_t1
3815	0.000026500	553536	ops_par_loop_group_70	update_halo_kernel1_l2+update_halo_kernel3_minus_4_a
3816	0.000023144	553536	ops_par_loop_group_71	update_halo_kernel1_l1+update_halo_kernel3_minus_2_a
3817	0.000024166	553536	ops_par_loop_group_72	update_halo_kernel1_r2+update_halo_kernel3_minus_2_b
3818	0.000020960	430528	ops_par_loop_update_halo_kernel1_r1_90	update_halo_kernel1_r1
3819	0.000022784	369120	ops_par_loop_group_74	update_halo_kernel2_xvel_minus_4_a+update_halo_kernel2_yvel_plus_4_a+update_halo_kernel4_plus_4_a
3820	0.000021631	369120	ops_par_loop_group_75	update_halo_kernel2_xvel_minus_2_a+update_halo_kernel2_yvel_plus_2_a+update_halo_kernel4_plus_2_a
3821	0.000023525	369120	ops_par_loop_group_76	update_halo_kernel2_xvel_minus_2_b+update_halo_kernel2_yvel_plus_2_b+update_halo_kernel4_plus_4_b
3822	0.000020309	123040	ops_par_loop_update_halo_kernel4_plus_2_b_122	update_halo_kernel4_plus_2_b
3823	0.000493637	472842752	ops_par_loop_advec_mom_kernel_y2_123	advec_mom_kernel_y2
3824	0.000191734	236236864	ops_par_loop_advec_mom_kernel_mass_flux_y_124	advec_mom_kernel_mass_flux_y
3825	0.000535126	590438520	ops_par_loop_advec_mom_kernel_post_pre_advec_y_125	advec_mom_kernel_post_pre_advec_y
3826	0.000877426	472258640	ops_par_loop_advec_mom_kernel1_y_nonvector_126	advec_mom_kernel1_y_nonvector
3827	0.000445756	590131240	ops_par_loop_advec_mom_kernel2_y_127	advec_mom_kernel2_y
3828	0.000489600	472842752	ops_par_loop_advec_mom_kernel_y2_128	advec_mom_kernel_y2
3829	0.000192185	236236864	ops_par_loop_advec_mom_kernel_mass_flux_y_129	advec_mom_kernel_mass_flux_y
3830	0.000532240	590438520	ops_par_loop_advec_mom_kernel_post_pre_advec_y_130	advec_mom_kernel_post_pre_advec_y
3831	0.000875332	472258640	ops_par_loop_advec_mom_kernel1_y_nonvector_131	advec_mom_kernel1_y_nonvector
3832	0.000433834	471859200	ops_par_loop_reset_field_kernel1_133	reset_field_kernel1
3833	0.001443321	1534095432	ops_par_loop_group_88	advec_mom_kernel2_y+reset_field_kernel2+ideal_gas_kernel
3834	0.000021420	430304	ops_par_loop_update_halo_kernel1_b1_136	update_halo_kernel1_b1
3835	0.000026641	430304	ops_par_loop_update_halo_kernel1_t1_137	update_halo_kernel1_t1
3836	0.000024947	430304	ops_par_loop_update_halo_kernel1_l1_138	update_halo_kernel1_l1
3837	0.000024577	430304	ops_par_loop_update_halo_kernel1_r1_139	update_halo_kernel1_r1
3838	0.000018906	245952	ops_par_loop_group_93	update_halo_kernel2_xvel_plus_2_a+update_halo_kernel2_yvel_minus_2_a
3839	0.000019106	245952	ops_par_loop_group_94	update_halo_kernel2_xvel_plus_2_b+update_halo_kernel2_yvel_minus_2_b
3840	0.000021160	245952	ops_par_loop_group_95	update_halo_kernel2_xvel_minus_2_a+update_halo_kernel2_yvel_plus_2_a
3841	0.000021681	245952	ops_par_loop_group_96	update_halo_kernel2_xvel_minus_2_b+update_halo_kernel2_yvel_plus_2_b
3842	0.001734925	589885440	ops_par_loop_viscosity_kernel_148	viscosity_kernel
3843	0.000021571	430304	ops_par_loop_update_halo_kernel1_b1_149	update_halo_kernel1_b1
3844	0.000019628	430304	ops_par_loop_update_halo_kernel1_t1_150	update_halo_kernel1_t1
3845	0.000024366	430304	ops_par_loop_update_halo_kernel1_l1_151	update_halo_kernel1_l1
3846	0.000023505	430304	ops_par_loop_update_halo_kernel1_r1_152	update_halo_kernel1_r1
3847	0.000917573	1061744640	ops_par_loop_calc_dt_kernel_153	calc_dt_kernel
3848	0.001487374	1887436800	ops_par_loop_group_0	PdV_kernel_predict+ideal_gas_kernel
3849	0.000022182	430304	ops_par_loop_update_halo_kernel1_b1_2	update_halo_kernel1_b1
3850	0.000019177	430304	ops_par_loop_update_halo_kernel1_t1_3	update_halo_kernel1_t1
3851	0.000024626	430304	ops_par_loop_update_halo_kernel1_l1_4	update_halo_kernel1_l1
3852	0.000023685	430304	ops_par_loop_update_halo_kernel1_r1_5	update_halo_kernel1_r1
3853	0.001096753	1298288728	ops_par_loop_accelerate_kernel_7	accelerate_kernel
3854	0.001357438	2123366400	ops_par_loop_group_6	revert_kernel+PdV_kernel_nopredict
3855	0.000359593	471982080	ops_par_loop_flux_calc_kernelx_9	flux_calc_kernelx
3856	0.000363390	471982080	ops_par_loop_flux_calc_kernely_10	flux_calc_kernely
3857	0.000023124	553536	ops_par_loop_group_9	update_halo_kernel1_b2+update_halo_kernel4_minus_4_a
3858	0.000027522	553536	ops_par_loop_group_10	update_halo_kernel1_b1+update_halo_kernel4_minus_2_a
3859	0.000021441	369120	ops_par_loop_group_11	update_halo_kernel3_plus_4_a+update_halo_kernel2_xvel_plus_4_a+update_halo_kernel2_yvel_minus_4_a
3860	0.000020438	369120	ops_par_loop_group_12	update_halo_kernel3_plus_2_a+update_halo_kernel2_xvel_plus_2_a+update_halo_kernel2_yvel_minus_2_a
3861	0.000019226	123008	ops_par_loop_update_halo_kernel4_minus_4_b_29	update_halo_kernel4_minus_4_b
3862	0.000021320	553536	ops_par_loop_group_14	update_halo_kernel1_t2+update_halo_kernel4_minus_2_b
3863	0.000020399	430528	ops_par_loop_update_halo_kernel1_t1_14	update_halo_kernel1_t1
3864	0.000020088	246080	ops_par_loop_group_16	update_halo_kernel2_xvel_plus_4_b+update_halo_kernel2_yvel_minus_4_b
3865	0.000020008	369120	ops_par_loop_group_17	update_halo_kernel3_plus_4_b+update_halo_kernel2_xvel_plus_2_b+update_halo_kernel2_yvel_minus_2_b
3866	0.000018735	123040	ops_par_loop_update_halo_kernel3_plus_2_b_22	update_halo_kernel3_plus_2_b
3867	0.000025949	553536	ops_par_loop_group_19	update_halo_kernel1_l2+update_halo_kernel3_minus_4_a
3868	0.000023595	553536	ops_par_loop_group_20	update_halo_kernel1_l1+update_halo_kernel3_minus_2_a
3869	0.000019116	123008	ops_par_loop_update_halo_kernel3_minus_4_b_25	update_halo_kernel3_minus_4_b
3870	0.000024636	553536	ops_par_loop_group_22	update_halo_kernel1_r2+update_halo_kernel3_minus_2_b
3871	0.000021411	430528	ops_par_loop_update_halo_kernel1_r1_18	update_halo_kernel1_r1
3872	0.000023134	369120	ops_par_loop_group_24	update_halo_kernel4_plus_4_a+update_halo_kernel2_xvel_minus_4_a+update_halo_kernel2_yvel_plus_4_a
3873	0.000021460	369120	ops_par_loop_group_25	update_halo_kernel4_plus_2_a+update_halo_kernel2_xvel_minus_2_a+update_halo_kernel2_yvel_plus_2_a
3874	0.000020649	246080	ops_par_loop_group_26	update_halo_kernel2_xvel_minus_4_b+update_halo_kernel2_yvel_plus_4_b
3875	0.000022503	369120	ops_par_loop_group_27	update_halo_kernel4_plus_4_b+update_halo_kernel2_xvel_minus_2_b+update_halo_kernel2_yvel_plus_2_b
3876	0.000018666	123040	ops_par_loop_update_halo_kernel4_plus_2_b_34	update_halo_kernel4_plus_2_b
3877	0.000563320	591053440	ops_par_loop_advec_cell_kernel1_ydir_35	advec_cell_kernel1_ydir
3878	0.000788036	708203544	ops_par_loop_advec_cell_kernel3_ydir_36	advec_cell_kernel3_ydir
3879	0.001477886	1533542400	ops_par_loop_advec_cell_kernel4_ydir_37	advec_cell_kernel4_ydir
3880	0.000025478	553536	ops_par_loop_group_32	update_halo_kernel1_b2+update_halo_kernel4_minus_4_a
3881	0.000025388	553536	ops_par_loop_group_33	update_halo_kernel1_b1+update_halo_kernel4_minus_2_a
3882	0.000019668	123008	ops_par_loop_update_halo_kernel4_minus_4_b_64	update_halo_kernel4_minus_4_b
3883	0.000024196	553536	ops_par_loop_group_35	update_halo_kernel1_t2+update_halo_kernel4_minus_2_b
3884	0.000021932	430528	ops_par_loop_update_halo_kernel1_t1_41	update_halo_kernel1_t1
3885	0.000025368	430528	ops_par_loop_update_halo_kernel1_l2_42	update_halo_kernel1_l2
3886	0.000021801	430528	ops_par_loop_update_halo_kernel1_l1_43	update_halo_kernel1_l1
3887	0.000024045	430528	ops_par_loop_update_halo_kernel1_r2_44	update_halo_kernel1_r2
3888	0.000022041	430528	ops_par_loop_update_halo_kernel1_r1_45	update_halo_kernel1_r1
3889	0.000021371	123040	ops_par_loop_update_halo_kernel4_plus_4_a_66	update_halo_kernel4_plus_4_a
3890	0.000018946	123040	ops_par_loop_update_halo_kernel4_plus_2_a_67	update_halo_kernel4_plus_2_a
3891	0.000020509	123040	ops_par_loop_update_halo_kernel4_plus_4_b_68	update_halo_kernel4_plus_4_b
3892	0.000018455	123040	ops_par_loop_update_halo_kernel4_plus_2_b_69	update_halo_kernel4_plus_2_b
3893	0.000563640	591053440	ops_par_loop_advec_mom_kernel_y1_70	advec_mom_kernel_y1
3894	0.000192125	236236864	ops_par_loop_advec_mom_kernel_mass_flux_y_71	advec_mom_kernel_mass_flux_y
3895	0.000532060	590438520	ops_par_loop_advec_mom_kernel_post_pre_advec_y_72	advec_mom_kernel_post_pre_advec_y
3896	0.000878267	472258640	ops_par_loop_advec_mom_kernel1_y_nonvector_73	advec_mom_kernel1_y_nonvector
3897	0.000455926	590131240	ops_par_loop_advec_mom_kernel2_y_74	advec_mom_kernel2_y
3898	0.000562307	591053440	ops_par_loop_advec_mom_kernel_y1_75	advec_mom_kernel_y1
3899	0.000192345	236236864	ops_par_loop_advec_mom_kernel_mass_flux_y_76	advec_mom_kernel_mass_flux_y
3900	0.000530498	590438520	ops_par_loop_advec_mom_kernel_post_pre_advec_y_77	advec_mom_kernel_post_pre_advec_y
3901	0.000874851	472258640	ops_par_loop_advec_mom_kernel1_y_nonvector_78	advec_mom_kernel1_y_nonvector
3902	0.000445987	590131240	ops_par_loop_advec_mom_kernel2_y_79	advec_mom_kernel2_y
3903	0.000490151	472842752	ops_par_loop_advec_cell_kernel2_xdir_80	advec_cell_kernel2_xdir
3904	0.000773018	708203544	ops_par_loop_advec_cell_kernel3_xdir_81	advec_cell_kernel3_xdir
3905	0.001461916	1533542400	ops_par_loop_advec_cell_kernel4_xdir_82	advec_cell_kernel4_xdir
3906	0.000023274	553536	ops_par_loop_group_58	update_halo_kernel1_b2+update_halo_kernel4_minus_4_a
3907	0.000022142	553536	ops_par_loop_group_59	update_halo_kernel1_b1+update_halo_kernel4_minus_2_a
3908	0.000021761	369120	ops_par_loop_group_60	update_halo_kernel2_xvel_plus_4_a+update_halo_kernel2_yvel_minus_4_a+update_halo_kernel3_plus_4_a
3909	0.000021150	369120	ops_par_loop_group_61	update_halo_kernel2_xvel_plus_2_a+update_halo_kernel2_yvel_minus_2_a+update_halo_kernel3_plus_2_a
3910	0.000019317	246080	ops_par_loop_group_62	update_halo_kernel2_xvel_plus_4_b+update_halo_kernel2_yvel_minus_4_b
3911	0.000021571	369120	ops_par_loop_group_63	update_halo_kernel2_xvel_plus_2_b+update_halo_kernel2_yvel_minus_2_b+update_halo_kernel3_plus_4_b
3912	0.000021591	246080	ops_par_loop_group_64	update_halo_kernel2_xvel_minus_4_b+update_halo_kernel2_yvel_plus_4_b
3913	0.000018976	123040	ops_par_loop_update_halo_kernel3_plus_2_b_110	update_halo_kernel3_plus_2_b
3914	0.000019116	123008	ops_par_loop_update_halo_kernel3_minus_4_b_113	update_halo_kernel3_minus_4_b
3915	0.000018475	123008	ops_par_loop_update_halo_kernel4_minus_4_b_117	update_halo_kernel4_minus_4_b
3916	0.000024256	553536	ops_par_loop_group_68	update_halo_kernel1_t2+update_halo_kernel4_minus_2_b
3917	0.000021130	430528	ops_par_loop_update_halo_kernel1_t1_86	update_halo_kernel1_t1
3918	0.000027793	553536	ops_par_loop_group_70	update_halo_kernel1_l2+update_halo_kernel3_minus_4_a
3919	0.000024126	553536	ops_par_loop_group_71	update_halo_kernel1_l1+update_halo_kernel3_minus_2_a
3920	0.000024497	553536	ops_par_loop_group_72	update_halo_kernel1_r2+update_halo_kernel3_minus_2_b
3921	0.000020940	430528	ops_par_loop_update_halo_kernel1_r1_90	update_halo_kernel1_r1
3922	0.000023575	369120	ops_par_loop_group_74	update_halo_kernel2_xvel_minus_4_a+update_halo_kernel2_yvel_plus_4_a+update_halo_kernel4_plus_4_a
3923	0.000021280	369120	ops_par_loop_group_75	update_halo_kernel2_xvel_minus_2_a+update_halo_kernel2_yvel_plus_2_a+update_halo_kernel4_plus_2_a
3924	0.000022493	369120	ops_par_loop_group_76	update_halo_kernel2_xvel_minus_2_b+update_halo_kernel2_yvel_plus_2_b+update_halo_kernel4_plus_4_b
3925	0.000017803	123040	ops_par_loop_update_halo_kernel4_plus_2_b_122	update_halo_kernel4_plus_2_b
3926	0.000497114	472842752	ops_par_loop_advec_mom_kernel_x2_123	advec_mom_kernel_x2
3927	0.000194719	236236864	ops_par_loop_advec_mom_kernel_mass_flux_x_124	advec_mom_kernel_mass_flux_x
3928	0.000573269	590438520	ops_par_loop_advec_mom_kernel_post_pre_advec_x_125	advec_mom_kernel_post_pre_advec_x
3929	0.000882496	472258640	ops_par_loop_advec_mom_kernel1_x_nonvector_126	advec_mom_kernel1_x_nonvector
3930	0.000452379	590131240	ops_par_loop_advec_mom_kernel2_x_127	advec_mom_kernel2_x
3931	0.000496343	472842752	ops_par_loop_advec_mom_kernel_x2_128	advec_mom_kernel_x2
3932	0.000194660	236236864	ops_par_loop_advec_mom_kernel_mass_flux_x_129	advec_mom_kernel_mass_flux_x
3933	0.000576425	590438520	ops_par_loop_advec_mom_kernel_post_pre_advec_x_130	advec_mom_kernel_post_pre_advec_x
3934	0.000885381	472258640	ops_par_loop_advec_mom_kernel1_x_nonvector_131	advec_mom_kernel1_x_nonvector
3935	0.000435758	471859200	ops_par_loop_reset_field_kernel1_133	reset_field_kernel1
3936	0.001437820	1534095432	ops_par_loop_group_88	advec_mom_kernel2_x+reset_field_kernel2+ideal_gas_kernel
3937	0.000023515	430304	ops_par_loop_update_halo_kernel1_b1_136	update_halo_kernel1_b1
3938	0.000020249	430304	ops_par_loop_update_halo_kernel1_t1_137	update_halo_kernel1_t1
3939	0.000024196	430304	ops_par_loop_update_halo_kernel1_l1_138	update_halo_kernel1_l1
3940	0.000023876	430304	ops_par_loop_update_halo_kernel1_r1_139	update_halo_kernel1_r1
3941	0.000020268	245952	ops_par_loop_group_93	update_halo_kernel2_xvel_plus_2_a+update_halo_kernel2_yvel_minus_2_a
3942	0.000018966	245952	ops_par_loop_group_94	update_halo_kernel2_xvel_plus_2_b+update_halo_kernel2_yvel_minus_2_b
3943	0.000021180	245952	ops_par_loop_group_95	update_halo_kernel2_xvel_minus_2_a+update_halo_kernel2_yvel_plus_2_a
3944	0.000021471	245952	ops_par_loop_group_96	update_halo_kernel2_xvel_minus_2_b+update_halo_kernel2_yvel_plus_2_b
3945	0.001734274	589885440	ops_par_loop_viscosity_kernel_148	viscosity_kernel
3946	0.000024497	430304	ops_par_loop_update_halo_kernel1_b1_149	update_halo_kernel1_b1
3947	0.000022814	430304	ops_par_loop_update_halo_kernel1_t1_150	update_halo_kernel1_t1
3948	0.000023885	430304	ops_par_loop_update_halo_kernel1_l1_151	update_halo_kernel1_l1
3949	0.000023554	430304	ops_par_loop_update_halo_kernel1_r1_152	update_halo_kernel1_r1
3950	0.000918334	1061744640	ops_par_loop_calc_dt_kernel_153	calc_dt_kernel
3951	0.001488045	1887436800	ops_par_loop_group_0	PdV_kernel_predict+ideal_gas_kernel
3952	0.000022183	430304	ops_par_loop_update_halo_kernel1_b1_2	update_halo_kernel1_b1
3953	0.000019848	430304	ops_par_loop_update_halo_kernel1_t1_3	update_halo_kernel1_t1
3954	0.000024176	430304	ops_par_loop_update_halo_kernel1_l1_4	update_halo_kernel1_l1
3955	0.000029537	430304	ops_par_loop_update_halo_kernel1_r1_5	update_halo_kernel1_r1
3956	0.001097915	1298288728	ops_par_loop_accelerate_kernel_7	accelerate_kernel
3957	0.001357739	2123366400	ops_par_loop_group_6	revert_kernel+PdV_kernel_nopredict
3958	0.000361056	471982080	ops_par_loop_flux_calc_kernelx_9	flux_calc_kernelx
3959	0.000358470	471982080	ops_par_loop_flux_calc_kernely_10	flux_calc_kernely
3960	0.000022763	553536	ops_par_loop_group_9	update_halo_kernel1_b2+update_halo_kernel4_minus_4_a
3961	0.000021080	553536	ops_par_loop_group_10	update_halo_kernel1_b1+update_halo_kernel4_minus_2_a
3962	0.000021271	369120	ops_par_loop_group_11	update_halo_kernel3_plus_4_a+update_halo_kernel2_xvel_plus_4_a+update_halo_kernel2_yvel_minus_4_a
3963	0.000020439	369120	ops_par_loop_group_12	update_halo_kernel3_plus_2_a+update_halo_kernel2_xvel_plus_2_a+update_halo_kernel2_yvel_minus_2_a
3964	0.000018755	123008	ops_par_loop_update_halo_kernel4_minus_4_b_29	update_halo_kernel4_minus_4_b
3965	0.000020328	553536	ops_par_loop_group_14	update_halo_kernel1_t2+update_halo_kernel4_minus_2_b
3966	0.000019978	430528	ops_par_loop_update_halo_kernel1_t1_14	update_halo_kernel1_t1
3967	0.000020760	246080	ops_par_loop_group_16	update_halo_kernel2_xvel_plus_4_b+update_halo_kernel2_yvel_minus_4_b
3968	0.000020288	369120	ops_par_loop_group_17	update_halo_kernel3_plus_4_b+update_halo_kernel2_xvel_plus_2_b+update_halo_kernel2_yvel_minus_2_b
3969	0.000019057	123040	ops_par_loop_update_halo_kernel3_plus_2_b_22	update_halo_kernel3_plus_2_b
3970	0.000024978	553536	ops_par_loop_group_19	update_halo_kernel1_l2+update_halo_kernel3_minus_4_a
3971	0.000023024	553536	ops_par_loop_group_20	update_halo_kernel1_l1+update_halo_kernel3_minus_2_a
3972	0.000018796	123008	ops_par_loop_update_halo_kernel3_minus_4_b_25	update_halo_kernel3_minus_4_b
3973	0.000024377	553536	ops_par_loop_group_22	update_halo_kernel1_r2+update_halo_kernel3_minus_2_b
3974	0.000021381	430528	ops_par_loop_update_halo_kernel1_r1_18	update_halo_kernel1_r1
3975	0.000023474	369120	ops_par_loop_group_24	update_halo_kernel4_plus_4_a+update_halo_kernel2_xvel_minus_4_a+update_halo_kernel2_yvel_plus_4_a
3976	0.000021000	369120	ops_par_loop_group_25	update_halo_kernel4_plus_2_a+update_halo_kernel2_xvel_minus_2_a+update_halo_kernel2_yvel_plus_2_a
3977	0.000021050	246080	ops_par_loop_group_26	update_halo_kernel2_xvel_minus_4_b+update_halo_kernel2_yvel_plus_4_b
3978	0.000022893	369120	ops_par_loop_group_27	update_halo_kernel4_plus_4_b+update_halo_kernel2_xvel_minus_2_b+update_halo_kernel2_yvel_plus_2_b
3979	0.000018185	123040	ops_par_loop_update_halo_kernel4_plus_2_b_34	update_halo_kernel4_plus_2_b
3980	0.000561807	591053440	ops_par_loop_advec_cell_kernel1_xdir_35	advec_cell_kernel1_xdir
3981	0.000772838	708203544	ops_par_loop_advec_cell_kernel3_xdir_36	advec_cell_kernel3_xdir
3982	0.001459702	1533542400	ops_par_loop_advec_cell_kernel4_xdir_37	advec_cell_kernel4_xdir
3983	0.000025849	430528	ops_par_loop_update_halo_kernel1_b2_38	update_halo_kernel1_b2
3984	0.000023064	430528	ops_par_loop_update_halo_kernel1_b1_39	update_halo_kernel1_b1
3985	0.000021841	430528	ops_par_loop_update_halo_kernel1_t2_40	update_halo_kernel1_t2
3986	0.000022042	430528	ops_par_loop_update_halo_kernel1_t1_41	update_halo_kernel1_t1
3987	0.000019527	123040	ops_par_loop_update_halo_kernel3_plus_4_a_62	update_halo_kernel3_plus_4_a
3988	0.000019367	123040	ops_par_loop_update_halo_kernel3_plus_2_a_63	update_halo_kernel3_plus_2_a
3989	0.000019888	123040	ops_par_loop_update_halo_kernel3_plus_4_b_64	update_halo_kernel3_plus_4_b
3990	0.000020139	123040	ops_par_loop_update_halo_kernel3_plus_2_b_65	update_halo_kernel3_plus_2_b
3991	0.000030278	553536	ops_par_loop_group_40	update_halo_kernel1_l2+update_halo_kernel3_minus_4_a
3992	0.000030638	553536	ops_par_loop_group_41	update_halo_kernel1_l1+update_halo_kernel3_minus_2_a
3993	0.000020139	123008	ops_par_loop_update_halo_kernel3_minus_4_b_68	update_halo_kernel3_minus_4_b
3994	0.000028855	553536	ops_par_loop_group_43	update_halo_kernel1_r2+update_halo_kernel3_minus_2_b
3995	0.000023525	430528	ops_par_loop_update_halo_kernel1_r1_45	update_halo_kernel1_r1
3996	0.000563330	591053440	ops_par_loop_advec_mom_kernel_x1_70	advec_mom_kernel_x1
3997	0.000197926	236236864	ops_par_loop_advec_mom_kernel_mass_flux_x_71	advec_mom_kernel_mass_flux_x
3998	0.000576885	590438520	ops_par_loop_advec_mom_kernel_post_pre_advec_x_72	advec_mom_kernel_post_pre_advec_x
3999	0.000883938	472258640	ops_par_loop_advec_mom_kernel1_x_nonvector_73	advec_mom_kernel1_x_nonvector
4000	0.000447319	590131240	ops_par_loop_advec_mom_kernel2_x_74	advec_mom_kernel2_x
4001	0.000563500	591053440	ops_par_loop_advec_mom_kernel_x1_75	advec_mom_kernel_x1
4002	0.000195111	236236864	ops_par_loop_advec_mom_kernel_mass_flux_x_76	advec_mom_kernel_mass_flux_x
4003	0.000575814	590438520	ops_par_loop_advec_mom_kernel_post_pre_advec_x_77	advec_mom_kernel_post_pre_advec_x
4004	0.000883648	472258640	ops_par_loop_advec_mom_kernel1_x_nonvector_78	advec_mom_kernel1_x_nonvector
4005	0.000452920	590131240	ops_par_loop_advec_mom_kernel2_x_79	advec_mom_kernel2_x
4006	0.000497955	472842752	ops_par_loop_advec_cell_kernel2_ydir_80	advec_cell_kernel2_ydir
4007	0.000789149	708203544	ops_par_loop_advec_cell_kernel3_ydir_81	advec_cell_kernel3_ydir
4008	0.001475191	1533542400	ops_par_loop_advec_cell_kernel4_ydir_82	advec_cell_kernel4_ydir
4009	0.000023254	553536	ops_par_loop_group_58	update_halo_kernel1_b2+update_halo_kernel4_minus_4_a
4010	0.000021039	553536	ops_par_loop_group_59	update_halo_kernel1_b1+update_halo_kernel4_minus_2_a
4011	0.000021291	369120	ops_par_loop_group_60	update_halo_kernel2_xvel_plus_4_a+update_halo_kernel2_yvel_minus_4_a+update_halo_kernel3_plus_4_a
4012	0.000021751	369120	ops_par_loop_group_61	update_halo_kernel2_xvel_plus_2_a+update_halo_kernel2_yvel_minus_2_a+update_halo_kernel3_plus_2_a
4013	0.000020018	246080	ops_par_loop_group_62	update_halo_kernel2_xvel_plus_4_b+update_halo_kernel2_yvel_minus_4_b
4014	0.000021010	369120	ops_par_loop_group_63	update_halo_kernel2_xvel_plus_2_b+update_halo_kernel2_yvel_minus_2_b+update_halo_kernel3_plus_4_b
4015	0.000021281	246080	ops_par_loop_group_64	update_halo_kernel2_xvel_minus_4_b+update_halo_kernel2_yvel_plus_4_b
4016	0.000019748	123040	ops_par_loop_update_halo_kernel3_plus_2_b_110	update_halo_kernel3_plus_2_b
4017	0.000019647	123008	ops_par_loop_update_halo_kernel3_minus_4_b_113	update_halo_kernel3_minus_4_b
4018	0.000018404	123008	ops_par_loop_update_halo_kernel4_minus_4_b_117	update_halo_kernel4_minus_4_b
4019	0.000022283	553536	ops_par_loop_group_68	update_halo_kernel1_t2+update_halo_kernel4_minus_2_b
4020	0.000020318	430528	ops_par_loop_update_halo_kernel1_t1_86	update_halo_kernel1_t1
4021	0.000026420	553536	ops_par_loop_group_70	update_halo_kernel1_l2+update_halo_kernel3_minus_4_a
4022	0.000023304	553536	ops_par_loop_group_71	update_halo_kernel1_l1+update_halo_kernel3_minus_2_a
4023	0.000025027	553536	ops_par_loop_group_72	update_halo_kernel1_r2+update_halo_kernel3_minus_2_b
4024	0.000020940	430528	ops_par_loop_update_halo_kernel1_r1_90	update_halo_kernel1_r1
4025	0.000022764	369120	ops_par_loop_group_74	update_halo_kernel2_xvel_minus_4_a+update_halo_kernel2_yvel_plus_4_a+update_halo_kernel4_plus_4_a
4026	0.000021461	369120	ops_par_loop_group_75	update_halo_kernel2_xvel_minus_2_a+update_halo_kernel2_yvel_plus_2_a+update_halo_kernel4_plus_2_a
4027	0.000021981	369120	ops_par_loop_group_76	update_halo_kernel2_xvel_minus_2_b+update_halo_kernel2_yvel_plus_2_b+update_halo_kernel4_plus_4_b
4028	0.000019317	123040	ops_par_loop_update_halo_kernel4_plus_2_b_122	update_halo_kernel4_plus_2_b
4029	0.000491854	472842752	ops_par_loop_advec_mom_kernel_y2_123	advec_mom_kernel_y2
4030	0.000192436	236236864	ops_par_loop_advec_mom_kernel_mass_flux_y_124	advec_mom_kernel_mass_flux_y
4031	0.000532151	590438520	ops_par_loop_advec_mom_kernel_post_pre_advec_y_125	advec_mom_kernel_post_pre_advec_y
4032	0.000878027	472258640	ops_par_loop_advec_mom_kernel1_y_nonvector_126	advec_mom_kernel1_y_nonvector
4033	0.000452920	590131240	ops_par_loop_advec_mom_kernel2_y_127	advec_mom_kernel2_y
4034	0.000490481	472842752	ops_par_loop_advec_mom_kernel_y2_128	advec_mom_kernel_y2
4035	0.000191954	236236864	ops_par_loop_advec_mom_kernel_mass_flux_y_129	advec_mom_kernel_mass_flux_y
4036	0.000532211	590438520	ops_par_loop_advec_mom_kernel_post_pre_advec_y_130	advec_mom_kernel_post_pre_advec_y
4037	0.000876474	472258640	ops_par_loop_advec_mom_kernel1_y_nonvector_131	advec_mom_kernel1_y_nonvector
4038	0.000437140	471859200	ops_par_loop_reset_field_kernel1_133	reset_field_kernel1
4039	0.001432450	1534095432	ops_par_loop_group_88	advec_mom_kernel2_y+reset_field_kernel2+ideal_gas_kernel
4040	0.000021741	430304	ops_par_loop_update_halo_kernel1_b1_136	update_halo_kernel1_b1
4041	0.000020839	430304	ops_par_loop_update_halo_kernel1_t1_137	update_halo_kernel1_t1
4042	0.000024356	430304	ops_par_loop_update_halo_kernel1_l1_138	update_halo_kernel1_l1
4043	0.000024557	430304	ops_par_loop_update_halo_kernel1_r1_139	update_halo_kernel1_r1
4044	0.000019798	245952	ops_par_loop_group_93	update_halo_kernel2_xvel_plus_2_a+update_halo_kernel2_yvel_minus_2_a
4045	0.000020139	245952	ops_par_loop_group_94	update_halo_kernel2_xvel_plus_2_b+update_halo_kernel2_yvel_minus_2_b
4046	0.000021631	245952	ops_par_loop_group_95	update_halo_kernel2_xvel_minus_2_a+update_halo_kernel2_yvel_plus_2_a
4047	0.000022583	245952	ops_par_loop_group_96	update_halo_kernel2_xvel_minus_2_b+update_halo_kernel2_yvel_plus_2_b
4048	0.001734584	589885440	ops_par_loop_viscosity_kernel_148	viscosity_kernel
4049	0.000022253	430304	ops_par_loop_update_halo_kernel1_b1_149	update_halo_kernel1_b1
4050	0.000020168	430304	ops_par_loop_update_halo_kernel1_t1_150	update_halo_kernel1_t1
4051	0.000023525	430304	ops_par_loop_update_halo_kernel1_l1_151	update_halo_kernel1_l1
4052	0.000023184	430304	ops_par_loop_update_halo_kernel1_r1_152	update_halo_kernel1_r1
4053	0.000917222	1061744640	ops_par_loop_calc_dt_kernel_153	calc_dt_kernel
4054	0.001488306	1887436800	ops_par_loop_group_0	PdV_kernel_predict+ideal_gas_kernel
4055	0.000021972	430304	ops_par_loop_update_halo_kernel1_b1_2	update_halo_kernel1_b1
4056	0.000020138	430304	ops_par_loop_update_halo_kernel1_t1_3	update_halo_kernel1_t1
4057	0.000024206	430304	ops_par_loop_update_halo_kernel1_l1_4	update_halo_kernel1_l1
4058	0.000023254	430304	ops_par_loop_update_halo_kernel1_r1_5	update_halo_kernel1_r1
4059	0.001099147	1298288728	ops_par_loop_accelerate_kernel_7	accelerate_kernel
4060	0.001351055	2123366400	ops_par_loop_group_6	revert_kernel+PdV_kernel_nopredict
4061	0.000364171	471982080	ops_par_loop_flux_calc_kernelx_9	flux_calc_kernelx
4062	0.000359022	471982080	ops_par_loop_flux_calc_kernely_10	flux_calc_kernely
4063	0.000022282	553536	ops_par_loop_group_9	update_halo_kernel1_b2+update_halo_kernel4_minus_4_a
4064	0.000020649	553536	ops_par_loop_group_10	update_halo_kernel1_b1+update_halo_kernel4_minus_2_a
4065	0.000021972	369120	ops_par_loop_group_11	update_halo_kernel3_plus_4_a+update_halo_kernel2_xvel_plus_4_a+update_halo_kernel2_yvel_minus_4_a
4066	0.000019828	369120	ops_par_loop_group_12	update_halo_kernel3_plus_2_a+update_halo_kernel2_xvel_plus_2_a+update_halo_kernel2_yvel_minus_2_a
4067	0.000018475	123008	ops_par_loop_update_halo_kernel4_minus_4_b_29	update_halo_kernel4_minus_4_b
4068	0.000020690	553536	ops_par_loop_group_14	update_halo_kernel1_t2+update_halo_kernel4_minus_2_b
4069	0.000019738	430528	ops_par_loop_update_halo_kernel1_t1_14	update_halo_kernel1_t1
4070	0.000019236	246080	ops_par_loop_group_16	update_halo_kernel2_xvel_plus_4_b+update_halo_kernel2_yvel_minus_4_b
4071	0.000020439	369120	ops_par_loop_group_17	update_halo_kernel3_plus_4_b+update_halo_kernel2_xvel_plus_2_b+update_halo_kernel2_yvel_minus_2_b
4072	0.000018154	123040	ops_par_loop_update_halo_kernel3_plus_2_b_22	update_halo_kernel3_plus_2_b
4073	0.000026120	553536	ops_par_loop_group_19	update_halo_kernel1_l2+update_halo_kernel3_minus_4_a
4074	0.000022993	553536	ops_par_loop_group_20	update_halo_kernel1_l1+update_halo_kernel3_minus_2_a
4075	0.000019266	123008	ops_par_loop_update_halo_kernel3_minus_4_b_25	update_halo_kernel3_minus_4_b
4076	0.000025258	553536	ops_par_loop_group_22	update_halo_kernel1_r2+update_halo_kernel3_minus_2_b
4077	0.000021772	430528	ops_par_loop_update_halo_kernel1_r1_18	update_halo_kernel1_r1
4078	0.000025529	369120	ops_par_loop_group_24	update_halo_kernel4_plus_4_a+update_halo_kernel2_xvel_minus_4_a+update_halo_kernel2_yvel_plus_4_a
4079	0.000024115	369120	ops_par_loop_group_25	update_halo_kernel4_plus_2_a+update_halo_kernel2_xvel_minus_2_a+update_halo_kernel2_yvel_plus_2_a
4080	0.000021130	246080	ops_par_loop_group_26	update_halo_kernel2_xvel_minus_4_b+update_halo_kernel2_yvel_plus_4_b
4081	0.000024717	369120	ops_par_loop_group_27	update_halo_kernel4_plus_4_b+update_halo_kernel2_xvel_minus_2_b+update_halo_kernel2_yvel_plus_2_b
4082	0.000019166	123040	ops_par_loop_update_halo_kernel4_plus_2_b_34	update_halo_kernel4_plus_2_b
4083	0.000565544	591053440	ops_par_loop_advec_cell_kernel1_ydir_35	advec_cell_kernel1_ydir
4084	0.000788357	708203544	ops_par_loop_advec_cell_kernel3_ydir_36	advec_cell_kernel3_ydir
4085	0.001470001	1533542400	ops_par_loop_advec_cell_kernel4_ydir_37	advec_cell_kernel4_ydir
4086	0.000022613	553536	ops_par_loop_group_32	update_halo_kernel1_b2+update_halo_kernel4_minus_4_a
4087	0.000021431	553536	ops_par_loop_group_33	update_halo_kernel1_b1+update_halo_kernel4_minus_2_a
4088	0.000018164	123008	ops_par_loop_update_halo_kernel4_minus_4_b_64	update_halo_kernel4_minus_4_b
4089	0.000021812	553536	ops_par_loop_group_35	update_halo_kernel1_t2+update_halo_kernel4_minus_2_b
4090	0.000021090	430528	ops_par_loop_update_halo_kernel1_t1_41	update_halo_kernel1_t1
4091	0.000024366	430528	ops_par_loop_update_halo_kernel1_l2_42	update_halo_kernel1_l2
4092	0.000021451	430528	ops_par_loop_update_halo_kernel1_l1_43	update_halo_kernel1_l1
4093	0.000025028	430528	ops_par_loop_update_halo_kernel1_r2_44	update_halo_kernel1_r2
4094	0.000022483	430528	ops_par_loop_update_halo_kernel1_r1_45	update_halo_kernel1_r1
4095	0.000020088	123040	ops_par_loop_update_halo_kernel4_plus_4_a_66	update_halo_kernel4_plus_4_a
4096	0.000018325	123040	ops_par_loop_update_halo_kernel4_plus_2_a_67	update_halo_kernel4_plus_2_a
4097	0.000020979	123040	ops_par_loop_update_halo_kernel4_plus_4_b_68	update_halo_kernel4_plus_4_b
4098	0.000018796	123040	ops_par_loop_update_halo_kernel4_plus_2_b_69	update_halo_kernel4_plus_2_b
4099	0.000563470	591053440	ops_par_loop_advec_mom_kernel_y1_70	advec_mom_kernel_y1
4100	0.000192676	236236864	ops_par_loop_advec_mom_kernel_mass_flux_y_71	advec_mom_kernel_mass_flux_y
4101	0.000536478	590438520	ops_par_loop_advec_mom_kernel_post_pre_advec_y_72	advec_mom_kernel_post_pre_advec_y
4102	0.000879911	472258640	ops_par_loop_advec_mom_kernel1_y_nonvector_73	advec_mom_kernel1_y_nonvector
4103	0.000450095	590131240	ops_par_loop_advec_mom_kernel2_y_74	advec_mom_kernel2_y
4104	0.000563180	591053440	ops_par_loop_advec_mom_kernel_y1_75	advec_mom_kernel_y1
4105	0.000191834	236236864	ops_par_loop_advec_mom_kernel_mass_flux_y_76	advec_mom_kernel_mass_flux_y
4106	0.000531930	590438520	ops_par_loop_advec_mom_kernel_post_pre_advec_y_77	advec_mom_kernel_post_pre_advec_y
4107	0.000875733	472258640	ops_par_loop_advec_mom_kernel1_y_nonvector_78	advec_mom_kernel1_y_nonvector
4108	0.000448081	590131240	ops_par_loop_advec_mom_kernel2_y_79	advec_mom_kernel2_y
4109	0.000491463	472842752	ops_par_loop_advec_cell_kernel2_xdir_80	advec_cell_kernel2_xdir
4110	0.000773319	708203544	ops_par_loop_advec_cell_kernel3_xdir_81	advec_cell_kernel3_xdir
4111	0.001461756	1533542400	ops_par_loop_advec_cell_kernel4_xdir_82	advec_cell_kernel4_xdir
4112	0.000030017	553536	ops_par_loop_group_58	update_halo_kernel1_b2+update_halo_kernel4_minus_4_a
4113	0.000021931	553536	ops_par_loop_group_59	update_halo_kernel1_b1+update_halo_kernel4_minus_2_a
4114	0.000021020	369120	ops_par_loop_group_60	update_halo_kernel2_xvel_plus_4_a+update_halo_kernel2_yvel_minus_4_a+update_halo_kernel3_plus_4_a
4115	0.000022142	369120	ops_par_loop_group_61	update_halo_kernel2_xvel_plus_2_a+update_halo_kernel2_yvel_minus_2_a+update_halo_kernel3_plus_2_a
4116	0.000019647	246080	ops_par_loop_group_62	update_halo_kernel2_xvel_plus_4_b+update_halo_kernel2_yvel_minus_4_b
4117	0.000021500	369120	ops_par_loop_group_63	update_halo_kernel2_xvel_plus_2_b+update_halo_kernel2_yvel_minus_2_b+update_halo_kernel3_plus_4_b
4118	0.000021912	246080	ops_par_loop_group_64	update_halo_kernel2_xvel_minus_4_b+update_halo_kernel2_yvel_plus_4_b
4119	0.000019307	123040	ops_par_loop_update_halo_kernel3_plus_2_b_110	update_halo_kernel3_plus_2_b
4120	0.000019607	123008	ops_par_loop_update_halo_kernel3_minus_4_b_113	update_halo_kernel3_minus_4_b
4121	0.000018886	123008	ops_par_loop_update_halo_kernel4_minus_4_b_117	update_halo_kernel4_minus_4_b
4122	0.000021601	553536	ops_par_loop_group_68	update_halo_kernel1_t2+update_halo_kernel4_minus_2_b
4123	0.000021641	430528	ops_par_loop_update_halo_kernel1_t1_86	update_halo_kernel1_t1
4124	0.000027562	553536	ops_par_loop_group_70	update_halo_kernel1_l2+update_halo_kernel3_minus_4_a
4125	0.000023955	553536	ops_par_loop_group_71	update_halo_kernel1_l1+update_halo_kernel3_minus_2_a
4126	0.000025008	553536	ops_par_loop_group_72	update_halo_kernel1_r2+update_halo_kernel3_minus_2_b
4127	0.000021661	430528	ops_par_loop_update_halo_kernel1_r1_90	update_halo_kernel1_r1
4128	0.000023975	369120	ops_par_loop_group_74	update_halo_kernel2_xvel_minus_4_a+update_halo_kernel2_yvel_plus_4_a+update_halo_kernel4_plus_4_a
4129	0.000022102	369120	ops_par_loop_group_75	update_halo_kernel2_xvel_minus_2_a+update_halo_kernel2_yvel_plus_2_a+update_halo_kernel4_plus_2_a
4130	0.000022583	369120	ops_par_loop_group_76	update_halo_kernel2_xvel_minus_2_b+update_halo_kernel2_yvel_plus_2_b+update_halo_kernel4_plus_4_b
4131	0.000019076	123040	ops_par_loop_update_halo_kernel4_plus_2_b_122	update_halo_kernel4_plus_2_b
4132	0.000496783	472842752	ops_par_loop_advec_mom_kernel_x2_123	advec_mom_kernel_x2
4133	0.000195341	236236864	ops_par_loop_advec_mom_kernel_mass_flux_x_124	advec_mom_kernel_mass_flux_x
4134	0.000575563	590438520	ops_par_loop_advec_mom_kernel_post_pre_advec_x_125	advec_mom_kernel_post_pre_advec_x
4135	0.000882476	472258640	ops_par_loop_advec_mom_kernel1_x_nonvector_126	advec_mom_kernel1_x_nonvector
4136	0.000457068	590131240	ops_par_loop_advec_mom_kernel2_x_127	advec_mom_kernel2_x
4137	0.000499799	472842752	ops_par_loop_advec_mom_kernel_x2_128	advec_mom_kernel_x2
4138	0.000194780	236236864	ops_par_loop_advec_mom_kernel_mass_flux_x_129	advec_mom_kernel_mass_flux_x
4139	0.000570433	590438520	ops_par_loop_advec_mom_kernel_post_pre_advec_x_130	advec_mom_kernel_post_pre_advec_x
4140	0.000884320	472258640	ops_par_loop_advec_mom_kernel1_x_nonvector_131	advec_mom_kernel1_x_nonvector
4141	0.000436659	471859200	ops_par_loop_reset_field_kernel1_133	reset_field_kernel1
4142	0.001440706	1534095432	ops_par_loop_group_88	advec_mom_kernel2_x+reset_field_kernel2+ideal_gas_kernel
4143	0.000492204	471859200	ops_par_loop_ideal_gas_kernel_0	ideal_gas_kernel
4144	0.000021871	430304	ops_par_loop_update_halo_kernel1_b1_1	update_halo_kernel1_b1
4145	0.000020308	430304	ops_par_loop_update_halo_kernel1_t1_2	update_halo_kernel1_t1
4146	0.000024486	430304	ops_par_loop_update_halo_kernel1_l1_3	update_halo_kernel1_l1
4147	0.000024447	430304	ops_par_loop_update_halo_kernel1_r1_4	update_halo_kernel1_r1
4148	0.000019928	245952	ops_par_loop_group_5	update_halo_kernel2_xvel_plus_2_a+update_halo_kernel2_yvel_minus_2_a
4149	0.000018926	245952	ops_par_loop_group_6	update_halo_kernel2_xvel_plus_2_b+update_halo_kernel2_yvel_minus_2_b
4150	0.000020690	245952	ops_par_loop_group_7	update_halo_kernel2_xvel_minus_2_a+update_halo_kernel2_yvel_plus_2_a
4151	0.000021030	245952	ops_par_loop_group_8	update_halo_kernel2_xvel_minus_2_b+update_halo_kernel2_yvel_plus_2_b
4152	0.001733602	589885440	ops_par_loop_viscosity_kernel_13	viscosity_kernel
4153	0.000021230	430304	ops_par_loop_update_halo_kernel1_b1_14	update_halo_kernel1_b1
4154	0.000019647	430304	ops_par_loop_update_halo_kernel1_t1_15	update_halo_kernel1_t1
4155	0.000023374	430304	ops_par_loop_update_halo_kernel1_l1_16	update_halo_kernel1_l1
4156	0.000022883	430304	ops_par_loop_update_halo_kernel1_r1_17	update_halo_kernel1_r1
4157	0.000916831	1061744640	ops_par_loop_calc_dt_kernel_18	calc_dt_kernel
4158	0.001514596	1887436800	ops_par_loop_group_0	PdV_kernel_predict+ideal_gas_kernel
4159	0.000023535	430304	ops_par_loop_update_halo_kernel1_b1_2	update_halo_kernel1_b1
4160	0.000022674	430304	ops_par_loop_update_halo_kernel1_t1_3	update_halo_kernel1_t1
4161	0.000025559	430304	ops_par_loop_update_halo_kernel1_l1_4	update_halo_kernel1_l1
4162	0.000025358	430304	ops_par_loop_update_halo_kernel1_r1_5	update_halo_kernel1_r1
4163	0.001104096	1298288728	ops_par_loop_accelerate_kernel_7	accelerate_kernel
4164	0.001365583	2123366400	ops_par_loop_group_6	revert_kernel+PdV_kernel_nopredict
4165	0.000359914	471982080	ops_par_loop_flux_calc_kernelx_9	flux_calc_kernelx
4166	0.000355334	471982080	ops_par_loop_flux_calc_kernely_10	flux_calc_kernely
4167	0.000022193	553536	ops_par_loop_group_9	update_halo_kernel1_b2+update_halo_kernel4_minus_4_a
4168	0.000020910	553536	ops_par_loop_group_10	update_halo_kernel1_b1+update_halo_kernel4_minus_2_a
4169	0.000021130	369120	ops_par_loop_group_11	update_halo_kernel3_plus_4_a+update_halo_kernel2_xvel_plus_4_a+update_halo_kernel2_yvel_minus_4_a
4170	0.000020349	369120	ops_par_loop_group_12	update_halo_kernel3_plus_2_a+update_halo_kernel2_xvel_plus_2_a+update_halo_kernel2_yvel_minus_2_a
4171	0.000019067	123008	ops_par_loop_update_halo_kernel4_minus_4_b_29	update_halo_kernel4_minus_4_b
4172	0.000020609	553536	ops_par_loop_group_14	update_halo_kernel1_t2+update_halo_kernel4_minus_2_b
4173	0.000020319	430528	ops_par_loop_update_halo_kernel1_t1_14	update_halo_kernel1_t1
4174	0.000019598	246080	ops_par_loop_group_16	update_halo_kernel2_xvel_plus_4_b+update_halo_kernel2_yvel_minus_4_b
4175	0.000020178	369120	ops_par_loop_group_17	update_halo_kernel3_plus_4_b+update_halo_kernel2_xvel_plus_2_b+update_halo_kernel2_yvel_minus_2_b
4176	0.000018254	123040	ops_par_loop_update_halo_kernel3_plus_2_b_22	update_halo_kernel3_plus_2_b
4177	0.000025759	553536	ops_par_loop_group_19	update_halo_kernel1_l2+update_halo_kernel3_minus_4_a
4178	0.000022954	553536	ops_par_loop_group_20	update_halo_kernel1_l1+update_halo_kernel3_minus_2_a
4179	0.000018956	123008	ops_par_loop_update_halo_kernel3_minus_4_b_25	update_halo_kernel3_minus_4_b
4180	0.000024186	553536	ops_par_loop_group_22	update_halo_kernel1_r2+update_halo_kernel3_minus_2_b
4181	0.000020890	430528	ops_par_loop_update_halo_kernel1_r1_18	update_halo_kernel1_r1
4182	0.000022944	369120	ops_par_loop_group_24	update_halo_kernel4_plus_4_a+update_halo_kernel2_xvel_minus_4_a+update_halo_kernel2_yvel_plus_4_a
4183	0.000021601	369120	ops_par_loop_group_25	update_halo_kernel4_plus_2_a+update_halo_kernel2_xvel_minus_2_a+update_halo_kernel2_yvel_plus_2_a
4184	0.000020419	246080	ops_par_loop_group_26	update_halo_kernel2_xvel_minus_4_b+update_halo_kernel2_yvel_plus_4_b
4185	0.000022393	369120	ops_par_loop_group_27	update_halo_kernel4_plus_4_b+update_halo_kernel2_xvel_minus_2_b+update_halo_kernel2_yvel_plus_2_b
4186	0.000018404	123040	ops_par_loop_update_halo_kernel4_plus_2_b_34	update_halo_kernel4_plus_2_b
4187	0.000562198	591053440	ops_par_loop_advec_cell_kernel1_xdir_35	advec_cell_kernel1_xdir
4188	0.000772097	708203544	ops_par_loop_advec_cell_kernel3_xdir_36	advec_cell_kernel3_xdir
4189	0.001462347	1533542400	ops_par_loop_advec_cell_kernel4_xdir_37	advec_cell_kernel4_xdir
4190	0.000022143	430528	ops_par_loop_update_halo_kernel1_b2_38	update_halo_kernel1_b2
4191	0.000021110	430528	ops_par_loop_update_halo_kernel1_b1_39	update_halo_kernel1_b1
4192	0.000019878	430528	ops_par_loop_update_halo_kernel1_t2_40	update_halo_kernel1_t2
4193	0.000019988	430528	ops_par_loop_update_halo_kernel1_t1_41	update_halo_kernel1_t1
4194	0.000018395	123040	ops_par_loop_update_halo_kernel3_plus_4_a_62	update_halo_kernel3_plus_4_a
4195	0.000019087	123040	ops_par_loop_update_halo_kernel3_plus_2_a_63	update_halo_kernel3_plus_2_a
4196	0.000018585	123040	ops_par_loop_update_halo_kernel3_plus_4_b_64	update_halo_kernel3_plus_4_b
4197	0.000018255	123040	ops_par_loop_update_halo_kernel3_plus_2_b_65	update_halo_kernel3_plus_2_b
4198	0.000026450	553536	ops_par_loop_group_40	update_halo_kernel1_l2+update_halo_kernel3_minus_4_a
4199	0.000030097	553536	ops_par_loop_group_41	update_halo_kernel1_l1+update_halo_kernel3_minus_2_a
4200	0.000019207	123008	ops_par_loop_update_halo_kernel3_minus_4_b_68	update_halo_kernel3_minus_4_b
4201	0.000025057	553536	ops_par_loop_group_43	update_halo_kernel1_r2+update_halo_kernel3_minus_2_b
4202	0.000021080	430528	ops_par_loop_update_halo_kernel1_r1_45	update_halo_kernel1_r1
4203	0.000563510	591053440	ops_par_loop_advec_mom_kernel_x1_70	advec_mom_kernel_x1
4204	0.000194569	236236864	ops_par_loop_advec_mom_kernel_mass_flux_x_71	advec_mom_kernel_mass_flux_x
4205	0.000572808	590438520	ops_par_loop_advec_mom_kernel_post_pre_advec_x_72	advec_mom_kernel_post_pre_advec_x
4206	0.000882946	472258640	ops_par_loop_advec_mom_kernel1_x_nonvector_73	advec_mom_kernel1_x_nonvector
4207	0.000446999	590131240	ops_par_loop_advec_mom_kernel2_x_74	advec_mom_kernel2_x
4208	0.000566195	591053440	ops_par_loop_advec_mom_kernel_x1_75	advec_mom_kernel_x1
4209	0.000193848	236236864	ops_par_loop_advec_mom_kernel_mass_flux_x_76	advec_mom_kernel_mass_flux_x
4210	0.000575142	590438520	ops_par_loop_advec_mom_kernel_post_pre_advec_x_77	advec_mom_kernel_post_pre_advec_x
4211	0.000883969	472258640	ops_par_loop_advec_mom_kernel1_x_nonvector_78	advec_mom_kernel1_x_nonvector
4212	0.000456346	590131240	ops_par_loop_advec_mom_kernel2_x_79	advec_mom_kernel2_x
4213	0.000498277	472842752	ops_par_loop_advec_cell_kernel2_ydir_80	advec_cell_kernel2_ydir
4214	0.000790140	708203544	ops_par_loop_advec_cell_kernel3_ydir_81	advec_cell_kernel3_ydir
4215	0.001478147	1533542400	ops_par_loop_advec_cell_kernel4_ydir_82	advec_cell_kernel4_ydir
4216	0.000022733	553536	ops_par_loop_group_58	update_halo_kernel1_b2+update_halo_kernel4_minus_4_a
4217	0.000020479	553536	ops_par_loop_group_59	update_halo_kernel1_b1+update_halo_kernel4_minus_2_a
4218	0.000021451	369120	ops_par_loop_group_60	update_halo_kernel2_xvel_plus_4_a+update_halo_kernel2_yvel_minus_4_a+update_halo_kernel3_plus_4_a
4219	0.000022223	369120	ops_par_loop_group_61	update_halo_kernel2_xvel_plus_2_a+update_halo_kernel2_yvel_minus_2_a+update_halo_kernel3_plus_2_a
4220	0.000018786	246080	ops_par_loop_group_62	update_halo_kernel2_xvel_plus_4_b+update_halo_kernel2_yvel_minus_4_b
4221	0.000020970	369120	ops_par_loop_group_63	update_halo_kernel2_xvel_plus_2_b+update_halo_kernel2_yvel_minus_2_b+update_halo_kernel3_plus_4_b
4222	0.000021972	246080	ops_par_loop_group_64	update_halo_kernel2_xvel_minus_4_b+update_halo_kernel2_yvel_plus_4_b
4223	0.000019958	123040	ops_par_loop_update_halo_kernel3_plus_2_b_110	update_halo_kernel3_plus_2_b
4224	0.000019236	123008	ops_par_loop_update_halo_kernel3_minus_4_b_113	update_halo_kernel3_minus_4_b
4225	0.000018495	123008	ops_par_loop_update_halo_kernel4_minus_4_b_117	update_halo_kernel4_minus_4_b
4226	0.000021180	553536	ops_par_loop_group_68	update_halo_kernel1_t2+update_halo_kernel4_minus_2_b
4227	0.000021261	430528	ops_par_loop_update_halo_kernel1_t1_86	update_halo_kernel1_t1
4228	0.000026551	553536	ops_par_loop_group_70	update_halo_kernel1_l2+update_halo_kernel3_minus_4_a
4229	0.000023033	553536	ops_par_loop_group_71	update_halo_kernel1_l1+update_halo_kernel3_minus_2_a
4230	0.000023845	553536	ops_par_loop_group_72	update_halo_kernel1_r2+update_halo_kernel3_minus_2_b
4231	0.000022503	430528	ops_par_loop_update_halo_kernel1_r1_90	update_halo_kernel1_r1
4232	0.000023194	369120	ops_par_loop_group_74	update_halo_kernel2_xvel_minus_4_a+update_halo_kernel2_yvel_plus_4_a+update_halo_kernel4_plus_4_a
4233	0.000021642	369120	ops_par_loop_group_75	update_halo_kernel2_xvel_minus_2_a+update_halo_kernel2_yvel_plus_2_a+update_halo_kernel4_plus_2_a
4234	0.000022052	369120	ops_par_loop_group_76	update_halo_kernel2_xvel_minus_2_b+update_halo_kernel2_yvel_plus_2_b+update_halo_kernel4_plus_4_b
4235	0.000019397	123040	ops_par_loop_update_halo_kernel4_plus_2_b_122	update_halo_kernel4_plus_2_b
4236	0.000490892	472842752	ops_par_loop_advec_mom_kernel_y2_123	advec_mom_kernel_y2
4237	0.000193638	236236864	ops_par_loop_advec_mom_kernel_mass_flux_y_124	advec_mom_kernel_mass_flux_y
4238	0.000531359	590438520	ops_par_loop_advec_mom_kernel_post_pre_advec_y_125	advec_mom_kernel_post_pre_advec_y
4239	0.000878588	472258640	ops_par_loop_advec_mom_kernel1_y_nonvector_126	advec_mom_kernel1_y_nonvector
4240	0.000452039	590131240	ops_par_loop_advec_mom_kernel2_y_127	advec_mom_kernel2_y
4241	0.000490721	472842752	ops_par_loop_advec_mom_kernel_y2_128	advec_mom_kernel_y2
4242	0.000191584	236236864	ops_par_loop_advec_mom_kernel_mass_flux_y_129	advec_mom_kernel_mass_flux_y
4243	0.000532601	590438520	ops_par_loop_advec_mom_kernel_post_pre_advec_y_130	advec_mom_kernel_post_pre_advec_y
4244	0.000874661	472258640	ops_par_loop_advec_mom_kernel1_y_nonvector_131	advec_mom_kernel1_y_nonvector
4245	0.000435346	471859200	ops_par_loop_reset_field_kernel1_133	reset_field_kernel1
4246	0.001438371	1534095432	ops_par_loop_group_88	advec_mom_kernel2_y+reset_field_kernel2+ideal_gas_kernel
4247	0.000021521	430304	ops_par_loop_update_halo_kernel1_b1_136	update_halo_kernel1_b1
4248	0.000020058	430304	ops_par_loop_update_halo_kernel1_t1_137	update_halo_kernel1_t1
4249	0.000023905	430304	ops_par_loop_update_halo_kernel1_l1_138	update_halo_kernel1_l1
4250	0.000024697	430304	ops_par_loop_update_halo_kernel1_r1_139	update_halo_kernel1_r1
4251	0.000018755	245952	ops_par_loop_group_93	update_halo_kernel2_xvel_plus_2_a+update_halo_kernel2_yvel_minus_2_a
4252	0.000018916	245952	ops_par_loop_group_94	update_halo_kernel2_xvel_plus_2_b+update_halo_kernel2_yvel_minus_2_b
4253	0.000021601	245952	ops_par_loop_group_95	update_halo_kernel2_xvel_minus_2_a+update_halo_kernel2_yvel_plus_2_a
4254	0.000021301	245952	ops_par_loop_group_96	update_halo_kernel2_xvel_minus_2_b+update_halo_kernel2_yvel_plus_2_b
4255	0.001734334	589885440	ops_par_loop_viscosity_kernel_148	viscosity_kernel
4256	0.000021470	430304	ops_par_loop_update_halo_kernel1_b1_149	update_halo_kernel1_b1
4257	0.000019287	430304	ops_par_loop_update_halo_kernel1_t1_150	update_halo_kernel1_t1
4258	0.000024316	430304	ops_par_loop_update_halo_kernel1_l1_151	update_halo_kernel1_l1
4259	0.000023795	430304	ops_par_loop_update_halo_kernel1_r1_152	update_halo_kernel1_r1
4260	0.000918244	1061744640	ops_par_loop_calc_dt_kernel_153	calc_dt_kernel
4261	0.001488226	1887436800	ops_par_loop_group_0	PdV_kernel_predict+ideal_gas_kernel
4262	0.000022182	430304	ops_par_loop_update_halo_kernel1_b1_2	update_halo_kernel1_b1
4263	0.000019927	430304	ops_par_loop_update_halo_kernel1_t1_3	update_halo_kernel1_t1
4264	0.000023765	430304	ops_par_loop_update_halo_kernel1_l1_4	update_halo_kernel1_l1
4265	0.000023064	430304	ops_par_loop_update_halo_kernel1_r1_5	update_halo_kernel1_r1
4266	0.001096202	1298288728	ops_par_loop_accelerate_kernel_7	accelerate_kernel
4267	0.001356786	2123366400	ops_par_loop_group_6	revert_kernel+PdV_kernel_nopredict
4268	0.000360796	471982080	ops_par_loop_flux_calc_kernelx_9	flux_calc_kernelx
4269	0.000358511	471982080	ops_par_loop_flux_calc_kernely_10	flux_calc_kernely
4270	0.000022233	553536	ops_par_loop_group_9	update_halo_kernel1_b2+update_halo_kernel4_minus_4_a
4271	0.000021241	553536	ops_par_loop_group_10	update_halo_kernel1_b1+update_halo_kernel4_minus_2_a
4272	0.000020779	369120	ops_par_loop_group_11	update_halo_kernel3_plus_4_a+update_halo_kernel2_xvel_plus_4_a+update_halo_kernel2_yvel_minus_4_a
4273	0.000020038	369120	ops_par_loop_group_12	update_halo_kernel3_plus_2_a+update_halo_kernel2_xvel_plus_2_a+update_halo_kernel2_yvel_minus_2_a
4274	0.000018625	123008	ops_par_loop_update_halo_kernel4_minus_4_b_29	update_halo_kernel4_minus_4_b
4275	0.000022062	553536	ops_par_loop_group_14	update_halo_kernel1_t2+update_halo_kernel4_minus_2_b
4276	0.000020148	430528	ops_par_loop_update_halo_kernel1_t1_14	update_halo_kernel1_t1
4277	0.000019898	246080	ops_par_loop_group_16	update_halo_kernel2_xvel_plus_4_b+update_halo_kernel2_yvel_minus_4_b
4278	0.000019928	369120	ops_par_loop_group_17	update_halo_kernel3_plus_4_b+update_halo_kernel2_xvel_plus_2_b+update_halo_kernel2_yvel_minus_2_b
4279	0.000019417	123040	ops_par_loop_update_halo_kernel3_plus_2_b_22	update_halo_kernel3_plus_2_b
4280	0.000025649	553536	ops_par_loop_group_19	update_halo_kernel1_l2+update_halo_kernel3_minus_4_a
4281	0.000023525	553536	ops_par_loop_group_20	update_halo_kernel1_l1+update_halo_kernel3_minus_2_a
4282	0.000018836	123008	ops_par_loop_update_halo_kernel3_minus_4_b_25	update_halo_kernel3_minus_4_b
4283	0.000024366	553536	ops_par_loop_group_22	update_halo_kernel1_r2+update_halo_kernel3_minus_2_b
4284	0.000021220	430528	ops_par_loop_update_halo_kernel1_r1_18	update_halo_kernel1_r1
4285	0.000022833	369120	ops_par_loop_group_24	update_halo_kernel4_plus_4_a+update_halo_kernel2_xvel_minus_4_a+update_halo_kernel2_yvel_plus_4_a
4286	0.000021120	369120	ops_par_loop_group_25	update_halo_kernel4_plus_2_a+update_halo_kernel2_xvel_minus_2_a+update_halo_kernel2_yvel_plus_2_a
4287	0.000027182	246080	ops_par_loop_group_26	update_halo_kernel2_xvel_minus_4_b+update_halo_kernel2_yvel_plus_4_b
4288	0.000023074	369120	ops_par_loop_group_27	update_halo_kernel4_plus_4_b+update_halo_kernel2_xvel_minus_2_b+update_halo_kernel2_yvel_plus_2_b
4289	0.000018294	123040	ops_par_loop_update_halo_kernel4_plus_2_b_34	update_halo_kernel4_plus_2_b
4290	0.000563570	591053440	ops_par_loop_advec_cell_kernel1_ydir_35	advec_cell_kernel1_ydir
4291	0.000787977	708203544	ops_par_loop_advec_cell_kernel3_ydir_36	advec_cell_kernel3_ydir
4292	0.001475371	1533542400	ops_par_loop_advec_cell_kernel4_ydir_37	advec_cell_kernel4_ydir
4293	0.000022403	553536	ops_par_loop_group_32	update_halo_kernel1_b2+update_halo_kernel4_minus_4_a
4294	0.000021040	553536	ops_par_loop_group_33	update_halo_kernel1_b1+update_halo_kernel4_minus_2_a
4295	0.000024297	123008	ops_par_loop_update_halo_kernel4_minus_4_b_64	update_halo_kernel4_minus_4_b
4296	0.000021000	553536	ops_par_loop_group_35	update_halo_kernel1_t2+update_halo_kernel4_minus_2_b
4297	0.000020108	430528	ops_par_loop_update_halo_kernel1_t1_41	update_halo_kernel1_t1
4298	0.000023194	430528	ops_par_loop_update_halo_kernel1_l2_42	update_halo_kernel1_l2
4299	0.000023625	430528	ops_par_loop_update_halo_kernel1_l1_43	update_halo_kernel1_l1
4300	0.000022904	430528	ops_par_loop_update_halo_kernel1_r2_44	update_halo_kernel1_r2
4301	0.000021171	430528	ops_par_loop_update_halo_kernel1_r1_45	update_halo_kernel1_r1
4302	0.000019487	123040	ops_par_loop_update_halo_kernel4_plus_4_a_66	update_halo_kernel4_plus_4_a
4303	0.000019396	123040	ops_par_loop_update_halo_kernel4_plus_2_a_67	update_halo_kernel4_plus_2_a
4304	0.000019247	123040	ops_par_loop_update_halo_kernel4_plus_4_b_68	update_halo_kernel4_plus_4_b
4305	0.000018255	123040	ops_par_loop_update_halo_kernel4_plus_2_b_69	update_halo_kernel4_plus_2_b
4306	0.000563029	591053440	ops_par_loop_advec_mom_kernel_y1_70	advec_mom_kernel_y1
4307	0.000191574	236236864	ops_par_loop_advec_mom_kernel_mass_flux_y_71	advec_mom_kernel_mass_flux_y
4308	0.000533002	590438520	ops_par_loop_advec_mom_kernel_post_pre_advec_y_72	advec_mom_kernel_post_pre_advec_y
4309	0.000878779	472258640	ops_par_loop_advec_mom_kernel1_y_nonvector_73	advec_mom_kernel1_y_nonvector
4310	0.000456297	590131240	ops_par_loop_advec_mom_kernel2_y_74	advec_mom_kernel2_y
4311	0.000561156	591053440	ops_par_loop_advec_mom_kernel_y1_75	advec_mom_kernel_y1
4312	0.000192205	236236864	ops_par_loop_advec_mom_kernel_mass_flux_y_76	advec_mom_kernel_mass_flux_y
4313	0.000533182	590438520	ops_par_loop_advec_mom_kernel_post_pre_advec_y_77	advec_mom_kernel_post_pre_advec_y
4314	0.000875873	472258640	ops_par_loop_advec_mom_kernel1_y_nonvector_78	advec_mom_kernel1_y_nonvector
4315	0.000464211	590131240	ops_par_loop_advec_mom_kernel2_y_79	advec_mom_kernel2_y
4316	0.000493006	472842752	ops_par_loop_advec_cell_kernel2_xdir_80	advec_cell_kernel2_xdir
4317	0.000774871	708203544	ops_par_loop_advec_cell_kernel3_xdir_81	advec_cell_kernel3_xdir
4318	0.001467397	1533542400	ops_par_loop_advec_cell_kernel4_xdir_82	advec_cell_kernel4_xdir
4319	0.000022923	553536	ops_par_loop_group_58	update_halo_kernel1_b2+update_halo_kernel4_minus_4_a
4320	0.000021390	553536	ops_par_loop_group_59	update_halo_kernel1_b1+update_halo_kernel4_minus_2_a
4321	0.000021691	369120	ops_par_loop_group_60	update_halo_kernel2_xvel_plus_4_a+update_halo_kernel2_yvel_minus_4_a+update_halo_kernel3_plus_4_a
4322	0.000022112	369120	ops_par_loop_group_61	update_halo_kernel2_xvel_plus_2_a+update_halo_kernel2_yvel_minus_2_a+update_halo_kernel3_plus_2_a
4323	0.000020659	246080	ops_par_loop_group_62	update_halo_kernel2_xvel_plus_4_b+update_halo_kernel2_yvel_minus_4_b
4324	0.000020979	369120	ops_par_loop_group_63	update_halo_kernel2_xvel_plus_2_b+update_halo_kernel2_yvel_minus_2_b+update_halo_kernel3_plus_4_b
4325	0.000022052	246080	ops_par_loop_group_64	update_halo_kernel2_xvel_minus_4_b+update_halo_kernel2_yvel_plus_4_b
4326	0.000019628	123040	ops_par_loop_update_halo_kernel3_plus_2_b_110	update_halo_kernel3_plus_2_b
4327	0.000019628	123008	ops_par_loop_update_halo_kernel3_minus_4_b_113	update_halo_kernel3_minus_4_b
4328	0.000018155	123008	ops_par_loop_update_halo_kernel4_minus_4_b_117	update_halo_kernel4_minus_4_b
4329	0.000022253	553536	ops_par_loop_group_68	update_halo_kernel1_t2+update_halo_kernel4_minus_2_b
4330	0.000020660	430528	ops_par_loop_update_halo_kernel1_t1_86	update_halo_kernel1_t1
4331	0.000026971	553536	ops_par_loop_group_70	update_halo_kernel1_l2+update_halo_kernel3_minus_4_a
4332	0.000022683	553536	ops_par_loop_group_71	update_halo_kernel1_l1+update_halo_kernel3_minus_2_a
4333	0.000024636	553536	ops_par_loop_group_72	update_halo_kernel1_r2+update_halo_kernel3_minus_2_b
4334	0.000021301	430528	ops_par_loop_update_halo_kernel1_r1_90	update_halo_kernel1_r1
4335	0.000024035	369120	ops_par_loop_group_74	update_halo_kernel2_xvel_minus_4_a+update_halo_kernel2_yvel_plus_4_a+update_halo_kernel4_plus_4_a
4336	0.000021692	369120	ops_par_loop_group_75	update_halo_kernel2_xvel_minus_2_a+update_halo_kernel2_yvel_plus_2_a+update_halo_kernel4_plus_2_a
4337	0.000022523	369120	ops_par_loop_group_76	update_halo_kernel2_xvel_minus_2_b+update_halo_kernel2_yvel_plus_2_b+update_halo_kernel4_plus_4_b
4338	0.000024146	123040	ops_par_loop_update_halo_kernel4_plus_2_b_122	update_halo_kernel4_plus_2_b
4339	0.000498667	472842752	ops_par_loop_advec_mom_kernel_x2_123	advec_mom_kernel_x2
4340	0.000195010	236236864	ops_par_loop_advec_mom_kernel_mass_flux_x_124	advec_mom_kernel_mass_flux_x
4341	0.000572647	590438520	ops_par_loop_advec_mom_kernel_post_pre_advec_x_125	advec_mom_kernel_post_pre_advec_x
4342	0.000882767	472258640	ops_par_loop_advec_mom_kernel1_x_nonvector_126	advec_mom_kernel1_x_nonvector
4343	0.000452049	590131240	ops_par_loop_advec_mom_kernel2_x_127	advec_mom_kernel2_x
4344	0.000500891	472842752	ops_par_loop_advec_mom_kernel_x2_128	advec_mom_kernel_x2
4345	0.000194860	236236864	ops_par_loop_advec_mom_kernel_mass_flux_x_129	advec_mom_kernel_mass_flux_x
4346	0.000574942	590438520	ops_par_loop_advec_mom_kernel_post_pre_advec_x_130	advec_mom_kernel_post_pre_advec_x
4347	0.000883788	472258640	ops_par_loop_advec_mom_kernel1_x_nonvector_131	advec_mom_kernel1_x_nonvector
4348	0.000436359	471859200	ops_par_loop_reset_field_kernel1_133	reset_field_kernel1
4349	0.001434785	1534095432	ops_par_loop_group_88	advec_mom_kernel2_x+reset_field_kernel2+ideal_gas_kernel
4350	0.000022082	430304	ops_par_loop_update_halo_kernel1_b1_136	update_halo_kernel1_b1
4351	0.000021941	430304	ops_par_loop_update_halo_kernel1_t1_137	update_halo_kernel1_t1
4352	0.000027351	430304	ops_par_loop_update_halo_kernel1_l1_138	update_halo_kernel1_l1
4353	0.000026511	430304	ops_par_loop_update_halo_kernel1_r1_139	update_halo_kernel1_r1
4354	0.000020529	245952	ops_par_loop_group_93	update_halo_kernel2_xvel_plus_2_a+update_halo_kernel2_yvel_minus_2_a
4355	0.000020139	245952	ops_par_loop_group_94	update_halo_kernel2_xvel_plus_2_b+update_halo_kernel2_yvel_minus_2_b
4356	0.000022012	245952	ops_par_loop_group_95	update_halo_kernel2_xvel_minus_2_a+update_halo_kernel2_yvel_plus_2_a
4357	0.000021481	245952	ops_par_loop_group_96	update_halo_kernel2_xvel_minus_2_b+update_halo_kernel2_yvel_plus_2_b
4358	0.001734353	589885440	ops_par_loop_viscosity_kernel_148	viscosity_kernel
4359	0.000022433	430304	ops_par_loop_update_halo_kernel1_b1_149	update_halo_kernel1_b1
4360	0.000020219	430304	ops_par_loop_update_halo_kernel1_t1_150	update_halo_kernel1_t1
4361	0.000023435	430304	ops_par_loop_update_halo_kernel1_l1_151	update_halo_kernel1_l1
4362	0.000022954	430304	ops_par_loop_update_halo_kernel1_r1_152	update_halo_kernel1_r1
4363	0.000917643	1061744640	ops_par_loop_calc_dt_kernel_153	calc_dt_kernel
4364	0.001494779	1887436800	ops_par_loop_group_0	PdV_kernel_predict+ideal_gas_kernel
4365	0.000027151	430304	ops_par_loop_update_halo_kernel1_b1_2	update_halo_kernel1_b1
4366	0.000020298	430304	ops_par_loop_update_halo_kernel1_t1_3	update_halo_kernel1_t1
4367	0.000024276	430304	ops_par_loop_update_halo_kernel1_l1_4	update_halo_kernel1_l1
4368	0.000024166	430304	ops_par_loop_update_halo_kernel1_r1_5	update_halo_kernel1_r1
4369	0.001098306	1298288728	ops_par_loop_accelerate_kernel_7	accelerate_kernel
4370	0.001359241	2123366400	ops_par_loop_group_6	revert_kernel+PdV_kernel_nopredict
4371	0.000363230	471982080	ops_par_loop_flux_calc_kernelx_9	flux_calc_kernelx
4372	0.000357439	471982080	ops_par_loop_flux_calc_kernely_10	flux_calc_kernely
4373	0.000023284	553536	ops_par_loop_group_9	update_halo_kernel1_b2+update_halo_kernel4_minus_4_a
4374	0.000020970	553536	ops_par_loop_group_10	update_halo_kernel1_b1+update_halo_kernel4_minus_2_a
4375	0.000021250	369120	ops_par_loop_group_11	update_halo_kernel3_plus_4_a+update_halo_kernel2_xvel_plus_4_a+update_halo_kernel2_yvel_minus_4_a
4376	0.000020349	369120	ops_par_loop_group_12	update_halo_kernel3_plus_2_a+update_halo_kernel2_xvel_plus_2_a+update_halo_kernel2_yvel_minus_2_a
4377	0.000018425	123008	ops_par_loop_update_halo_kernel4_minus_4_b_29	update_halo_kernel4_minus_4_b
4378	0.000020990	553536	ops_par_loop_group_14	update_halo_kernel1_t2+update_halo_kernel4_minus_2_b
4379	0.000020178	430528	ops_par_loop_update_halo_kernel1_t1_14	update_halo_kernel1_t1
4380	0.000020359	246080	ops_par_loop_group_16	update_halo_kernel2_xvel_plus_4_b+update_halo_kernel2_yvel_minus_4_b
4381	0.000020849	369120	ops_par_loop_group_17	update_halo_kernel3_plus_4_b+update_halo_kernel2_xvel_plus_2_b+update_halo_kernel2_yvel_minus_2_b
4382	0.000018725	123040	ops_par_loop_update_halo_kernel3_plus_2_b_22	update_halo_kernel3_plus_2_b
4383	0.000026090	553536	ops_par_loop_group_19	update_halo_kernel1_l2+update_halo_kernel3_minus_4_a
4384	0.000022503	553536	ops_par_loop_group_20	update_halo_kernel1_l1+update_halo_kernel3_minus_2_a
4385	0.000018626	123008	ops_par_loop_update_halo_kernel3_minus_4_b_25	update_halo_kernel3_minus_4_b
4386	0.000023975	553536	ops_par_loop_group_22	update_halo_kernel1_r2+update_halo_kernel3_minus_2_b
4387	0.000021351	430528	ops_par_loop_update_halo_kernel1_r1_18	update_halo_kernel1_r1
4388	0.000022563	369120	ops_par_loop_group_24	update_halo_kernel4_plus_4_a+update_halo_kernel2_xvel_minus_4_a+update_halo_kernel2_yvel_plus_4_a
4389	0.000022683	369120	ops_par_loop_group_25	update_halo_kernel4_plus_2_a+update_halo_kernel2_xvel_minus_2_a+update_halo_kernel2_yvel_plus_2_a
4390	0.000020299	246080	ops_par_loop_group_26	update_halo_kernel2_xvel_minus_4_b+update_halo_kernel2_yvel_plus_4_b
4391	0.000022273	369120	ops_par_loop_group_27	update_halo_kernel4_plus_4_b+update_halo_kernel2_xvel_minus_2_b+update_halo_kernel2_yvel_plus_2_b
4392	0.000018265	123040	ops_par_loop_update_halo_kernel4_plus_2_b_34	update_halo_kernel4_plus_2_b
4393	0.000562388	591053440	ops_par_loop_advec_cell_kernel1_xdir_35	advec_cell_kernel1_xdir
4394	0.000772758	708203544	ops_par_loop_advec_cell_kernel3_xdir_36	advec_cell_kernel3_xdir
4395	0.001461766	1533542400	ops_par_loop_advec_cell_kernel4_xdir_37	advec_cell_kernel4_xdir
4396	0.000021942	430528	ops_par_loop_update_halo_kernel1_b2_38	update_halo_kernel1_b2
4397	0.000020459	430528	ops_par_loop_update_halo_kernel1_b1_39	update_halo_kernel1_b1
4398	0.000022052	430528	ops_par_loop_update_halo_kernel1_t2_40	update_halo_kernel1_t2
4399	0.000020539	430528	ops_par_loop_update_halo_kernel1_t1_41	update_halo_kernel1_t1
4400	0.000018395	123040	ops_par_loop_update_halo_kernel3_plus_4_a_62	update_halo_kernel3_plus_4_a
4401	0.000018284	123040	ops_par_loop_update_halo_kernel3_plus_2_a_63	update_halo_kernel3_plus_2_a
4402	0.000017824	123040	ops_par_loop_update_halo_kernel3_plus_4_b_64	update_halo_kernel3_plus_4_b
4403	0.000019427	123040	ops_par_loop_update_halo_kernel3_plus_2_b_65	update_halo_kernel3_plus_2_b
4404	0.000025609	553536	ops_par_loop_group_40	update_halo_kernel1_l2+update_halo_kernel3_minus_4_a
4405	0.000029185	553536	ops_par_loop_group_41	update_halo_kernel1_l1+update_halo_kernel3_minus_2_a
4406	0.000019146	123008	ops_par_loop_update_halo_kernel3_minus_4_b_68	update_halo_kernel3_minus_4_b
4407	0.000025278	553536	ops_par_loop_group_43	update_halo_kernel1_r2+update_halo_kernel3_minus_2_b
4408	0.000020970	430528	ops_par_loop_update_halo_kernel1_r1_45	update_halo_kernel1_r1
4409	0.000560825	591053440	ops_par_loop_advec_mom_kernel_x1_70	advec_mom_kernel_x1
4410	0.000193217	236236864	ops_par_loop_advec_mom_kernel_mass_flux_x_71	advec_mom_kernel_mass_flux_x
4411	0.000574290	590438520	ops_par_loop_advec_mom_kernel_post_pre_advec_x_72	advec_mom_kernel_post_pre_advec_x
4412	0.000882967	472258640	ops_par_loop_advec_mom_kernel1_x_nonvector_73	advec_mom_kernel1_x_nonvector
4413	0.000449093	590131240	ops_par_loop_advec_mom_kernel2_x_74	advec_mom_kernel2_x
4414	0.000564502	591053440	ops_par_loop_advec_mom_kernel_x1_75	advec_mom_kernel_x1
4415	0.000194209	236236864	ops_par_loop_advec_mom_kernel_mass_flux_x_76	advec_mom_kernel_mass_flux_x
4416	0.000573389	590438520	ops_par_loop_advec_mom_kernel_post_pre_advec_x_77	advec_mom_kernel_post_pre_advec_x
4417	0.000883618	472258640	ops_par_loop_advec_mom_kernel1_x_nonvector_78	advec_mom_kernel1_x_nonvector
4418	0.000453482	590131240	ops_par_loop_advec_mom_kernel2_x_79	advec_mom_kernel2_x
4419	0.000498066	472842752	ops_par_loop_advec_cell_kernel2_ydir_80	advec_cell_kernel2_ydir
4420	0.000789178	708203544	ops_par_loop_advec_cell_kernel3_ydir_81	advec_cell_kernel3_ydir
4421	0.001473228	1533542400	ops_par_loop_advec_cell_kernel4_ydir_82	advec_cell_kernel4_ydir
4422	0.000023635	553536	ops_par_loop_group_58	update_halo_kernel1_b2+update_halo_kernel4_minus_4_a
4423	0.000021591	553536	ops_par_loop_group_59	update_halo_kernel1_b1+update_halo_kernel4_minus_2_a
4424	0.000022032	369120	ops_par_loop_group_60	update_halo_kernel2_xvel_plus_4_a+update_halo_kernel2_yvel_minus_4_a+update_halo_kernel3_plus_4_a
4425	0.000020419	369120	ops_par_loop_group_61	update_halo_kernel2_xvel_plus_2_a+update_halo_kernel2_yvel_minus_2_a+update_halo_kernel3_plus_2_a
4426	0.000019227	246080	ops_par_loop_group_62	update_halo_kernel2_xvel_plus_4_b+update_halo_kernel2_yvel_minus_4_b
4427	0.000020179	369120	ops_par_loop_group_63	update_halo_kernel2_xvel_plus_2_b+update_halo_kernel2_yvel_minus_2_b+update_halo_kernel3_plus_4_b
4428	0.000021221	246080	ops_par_loop_group_64	update_halo_kernel2_xvel_minus_4_b+update_halo_kernel2_yvel_plus_4_b
4429	0.000019136	123040	ops_par_loop_update_halo_kernel3_plus_2_b_110	update_halo_kernel3_plus_2_b
4430	0.000019256	123008	ops_par_loop_update_halo_kernel3_minus_4_b_113	update_halo_kernel3_minus_4_b
4431	0.000017783	123008	ops_par_loop_update_halo_kernel4_minus_4_b_117	update_halo_kernel4_minus_4_b
4432	0.000020379	553536	ops_par_loop_group_68	update_halo_kernel1_t2+update_halo_kernel4_minus_2_b
4433	0.000020689	430528	ops_par_loop_update_halo_kernel1_t1_86	update_halo_kernel1_t1
4434	0.000025939	553536	ops_par_loop_group_70	update_halo_kernel1_l2+update_halo_kernel3_minus_4_a
4435	0.000022913	553536	ops_par_loop_group_71	update_halo_kernel1_l1+update_halo_kernel3_minus_2_a
4436	0.000024747	553536	ops_par_loop_group_72	update_halo_kernel1_r2+update_halo_kernel3_minus_2_b
4437	0.000020749	430528	ops_par_loop_update_halo_kernel1_r1_90	update_halo_kernel1_r1
4438	0.000023054	369120	ops_par_loop_group_74	update_halo_kernel2_xvel_minus_4_a+update_halo_kernel2_yvel_plus_4_a+update_halo_kernel4_plus_4_a
4439	0.000021060	369120	ops_par_loop_group_75	update_halo_kernel2_xvel_minus_2_a+update_halo_kernel2_yvel_plus_2_a+update_halo_kernel4_plus_2_a
4440	0.000021460	369120	ops_par_loop_group_76	update_halo_kernel2_xvel_minus_2_b+update_halo_kernel2_yvel_plus_2_b+update_halo_kernel4_plus_4_b
4441	0.000018866	123040	ops_par_loop_update_halo_kernel4_plus_2_b_122	update_halo_kernel4_plus_2_b
4442	0.000489299	472842752	ops_par_loop_advec_mom_kernel_y2_123	advec_mom_kernel_y2
4443	0.000192094	236236864	ops_par_loop_advec_mom_kernel_mass_flux_y_124	advec_mom_kernel_mass_flux_y
4444	0.000531740	590438520	ops_par_loop_advec_mom_kernel_post_pre_advec_y_125	advec_mom_kernel_post_pre_advec_y
4445	0.000878529	472258640	ops_par_loop_advec_mom_kernel1_y_nonvector_126	advec_mom_kernel1_y_nonvector
4446	0.000451657	590131240	ops_par_loop_advec_mom_kernel2_y_127	advec_mom_kernel2_y
4447	0.000488718	472842752	ops_par_loop_advec_mom_kernel_y2_128	advec_mom_kernel_y2
4448	0.000192345	236236864	ops_par_loop_advec_mom_kernel_mass_flux_y_129	advec_mom_kernel_mass_flux_y
4449	0.000533373	590438520	ops_par_loop_advec_mom_kernel_post_pre_advec_y_130	advec_mom_kernel_post_pre_advec_y
4450	0.000874441	472258640	ops_par_loop_advec_mom_kernel1_y_nonvector_131	advec_mom_kernel1_y_nonvector
4451	0.000435788	471859200	ops_par_loop_reset_field_kernel1_133	reset_field_kernel1
4452	0.001439203	1534095432	ops_par_loop_group_88	advec_mom_kernel2_y+reset_field_kernel2+ideal_gas_kernel
4453	0.000023444	430304	ops_par_loop_update_halo_kernel1_b1_136	update_halo_kernel1_b1
4454	0.000021571	430304	ops_par_loop_update_halo_kernel1_t1_137	update_halo_kernel1_t1
4455	0.000024447	430304	ops_par_loop_update_halo_kernel1_l1_138	update_halo_kernel1_l1
4456	0.000024737	430304	ops_par_loop_update_halo_kernel1_r1_139	update_halo_kernel1_r1
4457	0.000019056	245952	ops_par_loop_group_93	update_halo_kernel2_xvel_plus_2_a+update_halo_kernel2_yvel_minus_2_a
4458	0.000019427	245952	ops_par_loop_group_94	update_halo_kernel2_xvel_plus_2_b+update_halo_kernel2_yvel_minus_2_b
4459	0.000021812	245952	ops_par_loop_group_95	update_halo_kernel2_xvel_minus_2_a+update_halo_kernel2_yvel_plus_2_a
4460	0.000021761	245952	ops_par_loop_group_96	update_halo_kernel2_xvel_minus_2_b+update_halo_kernel2_yvel_plus_2_b
4461	0.001734353	589885440	ops_par_loop_viscosity_kernel_148	viscosity_kernel
4462	0.000022784	430304	ops_par_loop_update_halo_kernel1_b1_149	update_halo_kernel1_b1
4463	0.000019888	430304	ops_par_loop_update_halo_kernel1_t1_150	update_halo_kernel1_t1
4464	0.000023665	430304	ops_par_loop_update_halo_kernel1_l1_151	update_halo_kernel1_l1
4465	0.000026410	430304	ops_par_loop_update_halo_kernel1_r1_152	update_halo_kernel1_r1
4466	0.000917182	1061744640	ops_par_loop_calc_dt_kernel_153	calc_dt_kernel
4467	0.001489449	1887436800	ops_par_loop_group_0	PdV_kernel_predict+ideal_gas_kernel
4468	0.000021551	430304	ops_par_loop_update_halo_kernel1_b1_2	update_halo_kernel1_b1
4469	0.000020129	430304	ops_par_loop_update_halo_kernel1_t1_3	update_halo_kernel1_t1
4470	0.000023735	430304	ops_par_loop_update_halo_kernel1_l1_4	update_halo_kernel1_l1
4471	0.000023133	430304	ops_par_loop_update_halo_kernel1_r1_5	update_halo_kernel1_r1
4472	0.001096963	1298288728	ops_par_loop_accelerate_kernel_7	accelerate_kernel
4473	0.001363169	2123366400	ops_par_loop_group_6	revert_kernel+PdV_kernel_nopredict
4474	0.000359462	471982080	ops_par_loop_flux_calc_kernelx_9	flux_calc_kernelx
4475	0.000357349	471982080	ops_par_loop_flux_calc_kernely_10	flux_calc_kernely
4476	0.000022603	553536	ops_par_loop_group_9	update_halo_kernel1_b2+update_halo_kernel4_minus_4_a
4477	0.000020218	553536	ops_par_loop_group_10	update_halo_kernel1_b1+update_halo_kernel4_minus_2_a
4478	0.000020780	369120	ops_par_loop_group_11	update_halo_kernel3_plus_4_a+update_halo_kernel2_xvel_plus_4_a+update_halo_kernel2_yvel_minus_4_a
4479	0.000020028	369120	ops_par_loop_group_12	update_halo_kernel3_plus_2_a+update_halo_kernel2_xvel_plus_2_a+update_halo_kernel2_yvel_minus_2_a
4480	0.000018275	123008	ops_par_loop_update_halo_kernel4_minus_4_b_29	update_halo_kernel4_minus_4_b
4481	0.000020770	553536	ops_par_loop_group_14	update_halo_kernel1_t2+update_halo_kernel4_minus_2_b
4482	0.000019808	430528	ops_par_loop_update_halo_kernel1_t1_14	update_halo_kernel1_t1
4483	0.000019688	246080	ops_par_loop_group_16	update_halo_kernel2_xvel_plus_4_b+update_halo_kernel2_yvel_minus_4_b
4484	0.000019527	369120	ops_par_loop_group_17	update_halo_kernel3_plus_4_b+update_halo_kernel2_xvel_plus_2_b+update_halo_kernel2_yvel_minus_2_b
4485	0.000018415	123040	ops_par_loop_update_halo_kernel3_plus_2_b_22	update_halo_kernel3_plus_2_b
4486	0.000025278	553536	ops_par_loop_group_19	update_halo_kernel1_l2+update_halo_kernel3_minus_4_a
4487	0.000023124	553536	ops_par_loop_group_20	update_halo_kernel1_l1+update_halo_kernel3_minus_2_a
4488	0.000019227	123008	ops_par_loop_update_halo_kernel3_minus_4_b_25	update_halo_kernel3_minus_4_b
4489	0.000024126	553536	ops_par_loop_group_22	update_halo_kernel1_r2+update_halo_kernel3_minus_2_b
4490	0.000021281	430528	ops_par_loop_update_halo_kernel1_r1_18	update_halo_kernel1_r1
4491	0.000022964	369120	ops_par_loop_group_24	update_halo_kernel4_plus_4_a+update_halo_kernel2_xvel_minus_4_a+update_halo_kernel2_yvel_plus_4_a
4492	0.000021030	369120	ops_par_loop_group_25	update_halo_kernel4_plus_2_a+update_halo_kernel2_xvel_minus_2_a+update_halo_kernel2_yvel_plus_2_a
4493	0.000020229	246080	ops_par_loop_group_26	update_halo_kernel2_xvel_minus_4_b+update_halo_kernel2_yvel_plus_4_b
4494	0.000022042	369120	ops_par_loop_group_27	update_halo_kernel4_plus_4_b+update_halo_kernel2_xvel_minus_2_b+update_halo_kernel2_yvel_plus_2_b
4495	0.000018706	123040	ops_par_loop_update_halo_kernel4_plus_2_b_34	update_halo_kernel4_plus_2_b
4496	0.000563300	591053440	ops_par_loop_advec_cell_kernel1_ydir_35	advec_cell_kernel1_ydir
4497	0.000788227	708203544	ops_par_loop_advec_cell_kernel3_ydir_36	advec_cell_kernel3_ydir
4498	0.001473899	1533542400	ops_par_loop_advec_cell_kernel4_ydir_37	advec_cell_kernel4_ydir
4499	0.000021430	553536	ops_par_loop_group_32	update_halo_kernel1_b2+update_halo_kernel4_minus_4_a
4500	0.000021029	553536	ops_par_loop_group_33	update_halo_kernel1_b1+update_halo_kernel4_minus_2_a
4501	0.000018786	123008	ops_par_loop_update_halo_kernel4_minus_4_b_64	update_halo_kernel4_minus_4_b
4502	0.000020429	553536	ops_par_loop_group_35	update_halo_kernel1_t2+update_halo_kernel4_minus_2_b
4503	0.000020258	430528	ops_par_loop_update_halo_kernel1_t1_41	update_halo_kernel1_t1
4504	0.000023585	430528	ops_par_loop_update_halo_kernel1_l2_42	update_halo_kernel1_l2
4505	0.000020730	430528	ops_par_loop_update_halo_kernel1_l1_43	update_halo_kernel1_l1
4506	0.000022212	430528	ops_par_loop_update_halo_kernel1_r2_44	update_halo_kernel1_r2
4507	0.000021050	430528	ops_par_loop_update_halo_kernel1_r1_45	update_halo_kernel1_r1
4508	0.000019547	123040	ops_par_loop_update_halo_kernel4_plus_4_a_66	update_halo_kernel4_plus_4_a
4509	0.000017944	123040	ops_par_loop_update_halo_kernel4_plus_2_a_67	update_halo_kernel4_plus_2_a
4510	0.000019016	123040	ops_par_loop_update_halo_kernel4_plus_4_b_68	update_halo_kernel4_plus_4_b
4511	0.000018154	123040	ops_par_loop_update_halo_kernel4_plus_2_b_69	update_halo_kernel4_plus_2_b
4512	0.000562829	591053440	ops_par_loop_advec_mom_kernel_y1_70	advec_mom_kernel_y1
4513	0.000191554	236236864	ops_par_loop_advec_mom_kernel_mass_flux_y_71	advec_mom_kernel_mass_flux_y
4514	0.000530477	590438520	ops_par_loop_advec_mom_kernel_post_pre_advec_y_72	advec_mom_kernel_post_pre_advec_y
4515	0.000877877	472258640	ops_par_loop_advec_mom_kernel1_y_nonvector_73	advec_mom_kernel1_y_nonvector
4516	0.000452519	590131240	ops_par_loop_advec_mom_kernel2_y_74	advec_mom_kernel2_y
4517	0.000561576	591053440	ops_par_loop_advec_mom_kernel_y1_75	advec_mom_kernel_y1
4518	0.000192966	236236864	ops_par_loop_advec_mom_kernel_mass_flux_y_76	advec_mom_kernel_mass_flux_y
4519	0.000530978	590438520	ops_par_loop_advec_mom_kernel_post_pre_advec_y_77	advec_mom_kernel_post_pre_advec_y
4520	0.000874190	472258640	ops_par_loop_advec_mom_kernel1_y_nonvector_78	advec_mom_kernel1_y_nonvector
4521	0.000446628	590131240	ops_par_loop_advec_mom_kernel2_y_79	advec_mom_kernel2_y
4522	0.000489649	472842752	ops_par_loop_advec_cell_kernel2_xdir_80	advec_cell_kernel2_xdir
4523	0.000772618	708203544	ops_par_loop_advec_cell_kernel3_xdir_81	advec_cell_kernel3_xdir
4524	0.001457407	1533542400	ops_par_loop_advec_cell_kernel4_xdir_82	advec_cell_kernel4_xdir
4525	0.000021902	553536	ops_par_loop_group_58	update_halo_kernel1_b2+update_halo_kernel4_minus_4_a
4526	0.000020550	553536	ops_par_loop_group_59	update_halo_kernel1_b1+update_halo_kernel4_minus_2_a
4527	0.000021421	369120	ops_par_loop_group_60	update_halo_kernel2_xvel_plus_4_a+update_halo_kernel2_yvel_minus_4_a+update_halo_kernel3_plus_4_a
4528	0.000027863	369120	ops_par_loop_group_61	update_halo_kernel2_xvel_plus_2_a+update_halo_kernel2_yvel_minus_2_a+update_halo_kernel3_plus_2_a
4529	0.000020128	246080	ops_par_loop_group_62	update_halo_kernel2_xvel_plus_4_b+update_halo_kernel2_yvel_minus_4_b
4530	0.000020519	369120	ops_par_loop_group_63	update_halo_kernel2_xvel_plus_2_b+update_halo_kernel2_yvel_minus_2_b+update_halo_kernel3_plus_4_b
4531	0.000021801	246080	ops_par_loop_group_64	update_halo_kernel2_xvel_minus_4_b+update_halo_kernel2_yvel_plus_4_b
4532	0.000018515	123040	ops_par_loop_update_halo_kernel3_plus_2_b_110	update_halo_kernel3_plus_2_b
4533	0.000018605	123008	ops_par_loop_update_halo_kernel3_minus_4_b_113	update_halo_kernel3_minus_4_b
4534	0.000018094	123008	ops_par_loop_update_halo_kernel4_minus_4_b_117	update_halo_kernel4_minus_4_b
4535	0.000021621	553536	ops_par_loop_group_68	update_halo_kernel1_t2+update_halo_kernel4_minus_2_b
4536	0.000020669	430528	ops_par_loop_update_halo_kernel1_t1_86	update_halo_kernel1_t1
4537	0.000025859	553536	ops_par_loop_group_70	update_halo_kernel1_l2+update_halo_kernel3_minus_4_a
4538	0.000023073	553536	ops_par_loop_group_71	update_halo_kernel1_l1+update_halo_kernel3_minus_2_a
4539	0.000024076	553536	ops_par_loop_group_72	update_halo_kernel1_r2+update_halo_kernel3_minus_2_b
4540	0.000021591	430528	ops_par_loop_update_halo_kernel1_r1_90	update_halo_kernel1_r1
4541	0.000023855	369120	ops_par_loop_group_74	update_halo_kernel2_xvel_minus_4_a+update_halo_kernel2_yvel_plus_4_a+update_halo_kernel4_plus_4_a
4542	0.000021040	369120	ops_par_loop_group_75	update_halo_kernel2_xvel_minus_2_a+update_halo_kernel2_yvel_plus_2_a+update_halo_kernel4_plus_2_a
4543	0.000023205	369120	ops_par_loop_group_76	update_halo_kernel2_xvel_minus_2_b+update_halo_kernel2_yvel_plus_2_b+update_halo_kernel4_plus_4_b
4544	0.000018345	123040	ops_par_loop_update_halo_kernel4_plus_2_b_122	update_halo_kernel4_plus_2_b
4545	0.000496403	472842752	ops_par_loop_advec_mom_kernel_x2_123	advec_mom_kernel_x2
4546	0.000196213	236236864	ops_par_loop_advec_mom_kernel_mass_flux_x_124	advec_mom_kernel_mass_flux_x
4547	0.000576645	590438520	ops_par_loop_advec_mom_kernel_post_pre_advec_x_125	advec_mom_kernel_post_pre_advec_x
4548	0.000882265	472258640	ops_par_loop_advec_mom_kernel1_x_nonvector_126	advec_mom_kernel1_x_nonvector
4549	0.000454052	590131240	ops_par_loop_advec_mom_kernel2_x_127	advec_mom_kernel2_x
4550	0.000495341	472842752	ops_par_loop_advec_mom_kernel_x2_128	advec_mom_kernel_x2
4551	0.000193918	236236864	ops_par_loop_advec_mom_kernel_mass_flux_x_129	advec_mom_kernel_mass_flux_x
4552	0.000575443	590438520	ops_par_loop_advec_mom_kernel_post_pre_advec_x_130	advec_mom_kernel_post_pre_advec_x
4553	0.000884029	472258640	ops_par_loop_advec_mom_kernel1_x_nonvector_131	advec_mom_kernel1_x_nonvector
4554	0.000434886	471859200	ops_par_loop_reset_field_kernel1_133	reset_field_kernel1
4555	0.001434845	1534095432	ops_par_loop_group_88	advec_mom_kernel2_x+reset_field_kernel2+ideal_gas_kernel
4556	0.000023254	430304	ops_par_loop_update_halo_kernel1_b1_136	update_halo_kernel1_b1
4557	0.000020359	430304	ops_par_loop_update_halo_kernel1_t1_137	update_halo_kernel1_t1
4558	0.000023826	430304	ops_par_loop_update_halo_kernel1_l1_138	update_halo_kernel1_l1
4559	0.000024146	430304	ops_par_loop_update_halo_kernel1_r1_139	update_halo_kernel1_r1
4560	0.000019887	245952	ops_par_loop_group_93	update_halo_kernel2_xvel_plus_2_a+update_halo_kernel2_yvel_minus_2_a
4561	0.000018956	245952	ops_par_loop_group_94	update_halo_kernel2_xvel_plus_2_b+update_halo_kernel2_yvel_minus_2_b
4562	0.000021271	245952	ops_par_loop_group_95	update_halo_kernel2_xvel_minus_2_a+update_halo_kernel2_yvel_plus_2_a
4563	0.000020980	245952	ops_par_loop_group_96	update_halo_kernel2_xvel_minus_2_b+update_halo_kernel2_yvel_plus_2_b
4564	0.001734314	589885440	ops_par_loop_viscosity_kernel_148	viscosity_kernel
4565	0.000021401	430304	ops_par_loop_update_halo_kernel1_b1_149	update_halo_kernel1_b1
4566	0.000020268	430304	ops_par_loop_update_halo_kernel1_t1_150	update_halo_kernel1_t1
4567	0.000023204	430304	ops_par_loop_update_halo_kernel1_l1_151	update_halo_kernel1_l1
4568	0.000022944	430304	ops_par_loop_update_halo_kernel1_r1_152	update_halo_kernel1_r1
4569	0.000917011	1061744640	ops_par_loop_calc_dt_kernel_153	calc_dt_kernel
4570	0.001486894	1887436800	ops_par_loop_group_0	PdV_kernel_predict+ideal_gas_kernel
4571	0.000022784	430304	ops_par_loop_update_halo_kernel1_b1_2	update_halo_kernel1_b1
4572	0.000019977	430304	ops_par_loop_update_halo_kernel1_t1_3	update_halo_kernel1_t1
4573	0.000024226	430304	ops_par_loop_update_halo_kernel1_l1_4	update_halo_kernel1_l1
4574	0.000022933	430304	ops_par_loop_update_halo_kernel1_r1_5	update_halo_kernel1_r1
4575	0.001096342	1298288728	ops_par_loop_accelerate_kernel_7	accelerate_kernel
4576	0.001357798	2123366400	ops_par_loop_group_6	revert_kernel+PdV_kernel_nopredict
4577	0.000360555	471982080	ops_par_loop_flux_calc_kernelx_9	flux_calc_kernelx
4578	0.000358280	471982080	ops_par_loop_flux_calc_kernely_10	flux_calc_kernely
4579	0.000021471	553536	ops_par_loop_group_9	update_halo_kernel1_b2+update_halo_kernel4_minus_4_a
4580	0.000020359	553536	ops_par_loop_group_10	update_halo_kernel1_b1+update_halo_kernel4_minus_2_a
4581	0.000021110	369120	ops_par_loop_group_11	update_halo_kernel3_plus_4_a+update_halo_kernel2_xvel_plus_4_a+update_halo_kernel2_yvel_minus_4_a
4582	0.000019827	369120	ops_par_loop_group_12	update_halo_kernel3_plus_2_a+update_halo_kernel2_xvel_plus_2_a+update_halo_kernel2_yvel_minus_2_a
4583	0.000018586	123008	ops_par_loop_update_halo_kernel4_minus_4_b_29	update_halo_kernel4_minus_4_b
4584	0.000020769	553536	ops_par_loop_group_14	update_halo_kernel1_t2+update_halo_kernel4_minus_2_b
4585	0.000019557	430528	ops_par_loop_update_halo_kernel1_t1_14	update_halo_kernel1_t1
4586	0.000019227	246080	ops_par_loop_group_16	update_halo_kernel2_xvel_plus_4_b+update_halo_kernel2_yvel_minus_4_b
4587	0.000020168	369120	ops_par_loop_group_17	update_halo_kernel3_plus_4_b+update_halo_kernel2_xvel_plus_2_b+update_halo_kernel2_yvel_minus_2_b
4588	0.000018355	123040	ops_par_loop_update_halo_kernel3_plus_2_b_22	update_halo_kernel3_plus_2_b
4589	0.000025519	553536	ops_par_loop_group_19	update_halo_kernel1_l2+update_halo_kernel3_minus_4_a
4590	0.000022422	553536	ops_par_loop_group_20	update_halo_kernel1_l1+update_halo_kernel3_minus_2_a
4591	0.000019537	123008	ops_par_loop_update_halo_kernel3_minus_4_b_25	update_halo_kernel3_minus_4_b
4592	0.000023946	553536	ops_par_loop_group_22	update_halo_kernel1_r2+update_halo_kernel3_minus_2_b
4593	0.000021140	430528	ops_par_loop_update_halo_kernel1_r1_18	update_halo_kernel1_r1
4594	0.000022693	369120	ops_par_loop_group_24	update_halo_kernel4_plus_4_a+update_halo_kernel2_xvel_minus_4_a+update_halo_kernel2_yvel_plus_4_a
4595	0.000022362	369120	ops_par_loop_group_25	update_halo_kernel4_plus_2_a+update_halo_kernel2_xvel_minus_2_a+update_halo_kernel2_yvel_plus_2_a
4596	0.000020209	246080	ops_par_loop_group_26	update_halo_kernel2_xvel_minus_4_b+update_halo_kernel2_yvel_plus_4_b
4597	0.000022512	369120	ops_par_loop_group_27	update_halo_kernel4_plus_4_b+update_halo_kernel2_xvel_minus_2_b+update_halo_kernel2_yvel_plus_2_b
4598	0.000018225	123040	ops_par_loop_update_halo_kernel4_plus_2_b_34	update_halo_kernel4_plus_2_b
4599	0.000562568	591053440	ops_par_loop_advec_cell_kernel1_xdir_35	advec_cell_kernel1_xdir
4600	0.000771325	708203544	ops_par_loop_advec_cell_kernel3_xdir_36	advec_cell_kernel3_xdir
4601	0.001462687	1533542400	ops_par_loop_advec_cell_kernel4_xdir_37	advec_cell_kernel4_xdir
4602	0.000022463	430528	ops_par_loop_update_halo_kernel1_b2_38	update_halo_kernel1_b2
4603	0.000020439	430528	ops_par_loop_update_halo_kernel1_b1_39	update_halo_kernel1_b1
4604	0.000019888	430528	ops_par_loop_update_halo_kernel1_t2_40	update_halo_kernel1_t2
4605	0.000019277	430528	ops_par_loop_update_halo_kernel1_t1_41	update_halo_kernel1_t1
4606	0.000018475	123040	ops_par_loop_update_halo_kernel3_plus_4_a_62	update_halo_kernel3_plus_4_a
4607	0.000018445	123040	ops_par_loop_update_halo_kernel3_plus_2_a_63	update_halo_kernel3_plus_2_a
4608	0.000018175	123040	ops_par_loop_update_halo_kernel3_plus_4_b_64	update_halo_kernel3_plus_4_b
4609	0.000018846	123040	ops_par_loop_update_halo_kernel3_plus_2_b_65	update_halo_kernel3_plus_2_b
4610	0.000025869	553536	ops_par_loop_group_40	update_halo_kernel1_l2+update_halo_kernel3_minus_4_a
4611	0.000023004	553536	ops_par_loop_group_41	update_halo_kernel1_l1+update_halo_kernel3_minus_2_a
4612	0.000018866	123008	ops_par_loop_update_halo_kernel3_minus_4_b_68	update_halo_kernel3_minus_4_b
4613	0.000023986	553536	ops_par_loop_group_43	update_halo_kernel1_r2+update_halo_kernel3_minus_2_b
4614	0.000020880	430528	ops_par_loop_update_halo_kernel1_r1_45	update_halo_kernel1_r1
4615	0.000562438	591053440	ops_par_loop_advec_mom_kernel_x1_70	advec_mom_kernel_x1
4616	0.000193919	236236864	ops_par_loop_advec_mom_kernel_mass_flux_x_71	advec_mom_kernel_mass_flux_x
4617	0.000572878	590438520	ops_par_loop_advec_mom_kernel_post_pre_advec_x_72	advec_mom_kernel_post_pre_advec_x
4618	0.000881794	472258640	ops_par_loop_advec_mom_kernel1_x_nonvector_73	advec_mom_kernel1_x_nonvector
4619	0.000452149	590131240	ops_par_loop_advec_mom_kernel2_x_74	advec_mom_kernel2_x
4620	0.000563681	591053440	ops_par_loop_advec_mom_kernel_x1_75	advec_mom_kernel_x1
4621	0.000194229	236236864	ops_par_loop_advec_mom_kernel_mass_flux_x_76	advec_mom_kernel_mass_flux_x
4622	0.000574902	590438520	ops_par_loop_advec_mom_kernel_post_pre_advec_x_77	advec_mom_kernel_post_pre_advec_x
4623	0.000882737	472258640	ops_par_loop_advec_mom_kernel1_x_nonvector_78	advec_mom_kernel1_x_nonvector
4624	0.000450375	590131240	ops_par_loop_advec_mom_kernel2_x_79	advec_mom_kernel2_x
4625	0.000495802	472842752	ops_par_loop_advec_cell_kernel2_ydir_80	advec_cell_kernel2_ydir
4626	0.000788187	708203544	ops_par_loop_advec_cell_kernel3_ydir_81	advec_cell_kernel3_ydir
4627	0.001473508	1533542400	ops_par_loop_advec_cell_kernel4_ydir_82	advec_cell_kernel4_ydir
4628	0.000022243	553536	ops_par_loop_group_58	update_halo_kernel1_b2+update_halo_kernel4_minus_4_a
4629	0.000020840	553536	ops_par_loop_group_59	update_halo_kernel1_b1+update_halo_kernel4_minus_2_a
4630	0.000021100	369120	ops_par_loop_group_60	update_halo_kernel2_xvel_plus_4_a+update_halo_kernel2_yvel_minus_4_a+update_halo_kernel3_plus_4_a
4631	0.000021100	369120	ops_par_loop_group_61	update_halo_kernel2_xvel_plus_2_a+update_halo_kernel2_yvel_minus_2_a+update_halo_kernel3_plus_2_a
4632	0.000018515	246080	ops_par_loop_group_62	update_halo_kernel2_xvel_plus_4_b+update_halo_kernel2_yvel_minus_4_b
4633	0.000020149	369120	ops_par_loop_group_63	update_halo_kernel2_xvel_plus_2_b+update_halo_kernel2_yvel_minus_2_b+update_halo_kernel3_plus_4_b
4634	0.000026630	246080	ops_par_loop_group_64	update_halo_kernel2_xvel_minus_4_b+update_halo_kernel2_yvel_plus_4_b
4635	0.000019688	123040	ops_par_loop_update_halo_kernel3_plus_2_b_110	update_halo_kernel3_plus_2_b
4636	0.000020149	123008	ops_par_loop_update_halo_kernel3_minus_4_b_113	update_halo_kernel3_minus_4_b
4637	0.000017994	123008	ops_par_loop_update_halo_kernel4_minus_4_b_117	update_halo_kernel4_minus_4_b
4638	0.000020439	553536	ops_par_loop_group_68	update_halo_kernel1_t2+update_halo_kernel4_minus_2_b
4639	0.000019978	430528	ops_par_loop_update_halo_kernel1_t1_86	update_halo_kernel1_t1
4640	0.000026510	553536	ops_par_loop_group_70	update_halo_kernel1_l2+update_halo_kernel3_minus_4_a
4641	0.000022443	553536	ops_par_loop_group_71	update_halo_kernel1_l1+update_halo_kernel3_minus_2_a
4642	0.000024266	553536	ops_par_loop_group_72	update_halo_kernel1_r2+update_halo_kernel3_minus_2_b
4643	0.000021621	430528	ops_par_loop_update_halo_kernel1_r1_90	update_halo_kernel1_r1
4644	0.000023124	369120	ops_par_loop_group_74	update_halo_kernel2_xvel_minus_4_a+update_halo_kernel2_yvel_plus_4_a+update_halo_kernel4_plus_4_a
4645	0.000021250	369120	ops_par_loop_group_75	update_halo_kernel2_xvel_minus_2_a+update_halo_kernel2_yvel_plus_2_a+update_halo_kernel4_plus_2_a
4646	0.000021711	369120	ops_par_loop_group_76	update_halo_kernel2_xvel_minus_2_b+update_halo_kernel2_yvel_plus_2_b+update_halo_kernel4_plus_4_b
4647	0.000018605	123040	ops_par_loop_update_halo_kernel4_plus_2_b_122	update_halo_kernel4_plus_2_b
4648	0.000488598	472842752	ops_par_loop_advec_mom_kernel_y2_123	advec_mom_kernel_y2
4649	0.000191804	236236864	ops_par_loop_advec_mom_kernel_mass_flux_y_124	advec_mom_kernel_mass_flux_y
4650	0.000533774	590438520	ops_par_loop_advec_mom_kernel_post_pre_advec_y_125	advec_mom_kernel_post_pre_advec_y
4651	0.000877467	472258640	ops_par_loop_advec_mom_kernel1_y_nonvector_126	advec_mom_kernel1_y_nonvector
4652	0.000445997	590131240	ops_par_loop_advec_mom_kernel2_y_127	advec_mom_kernel2_y
4653	0.000490261	472842752	ops_par_loop_advec_mom_kernel_y2_128	advec_mom_kernel_y2
4654	0.000192455	236236864	ops_par_loop_advec_mom_kernel_mass_flux_y_129	advec_mom_kernel_mass_flux_y
4655	0.000531570	590438520	ops_par_loop_advec_mom_kernel_post_pre_advec_y_130	advec_mom_kernel_post_pre_advec_y
4656	0.000874982	472258640	ops_par_loop_advec_mom_kernel1_y_nonvector_131	advec_mom_kernel1_y_nonvector
4657	0.000435737	471859200	ops_par_loop_reset_field_kernel1_133	reset_field_kernel1
4658	0.001433092	1534095432	ops_par_loop_group_88	advec_mom_kernel2_y+reset_field_kernel2+ideal_gas_kernel
4659	0.000028204	430304	ops_par_loop_update_halo_kernel1_b1_136	update_halo_kernel1_b1
4660	0.000019628	430304	ops_par_loop_update_halo_kernel1_t1_137	update_halo_kernel1_t1
4661	0.000024657	430304	ops_par_loop_update_halo_kernel1_l1_138	update_halo_kernel1_l1
4662	0.000023275	430304	ops_par_loop_update_halo_kernel1_r1_139	update_halo_kernel1_r1
4663	0.000018796	245952	ops_par_loop_group_93	update_halo_kernel2_xvel_plus_2_a+update_halo_kernel2_yvel_minus_2_a
4664	0.000019197	245952	ops_par_loop_group_94	update_halo_kernel2_xvel_plus_2_b+update_halo_kernel2_yvel_minus_2_b
4665	0.000020950	245952	ops_par_loop_group_95	update_halo_kernel2_xvel_minus_2_a+update_halo_kernel2_yvel_plus_2_a
4666	0.000021471	245952	ops_par_loop_group_96	update_halo_kernel2_xvel_minus_2_b+update_halo_kernel2_yvel_plus_2_b
4667	0.001733512	589885440	ops_par_loop_viscosity_kernel_148	viscosity_kernel
4668	0.000021381	430304	ops_par_loop_update_halo_kernel1_b1_149	update_halo_kernel1_b1
4669	0.000020149	430304	ops_par_loop_update_halo_kernel1_t1_150	update_halo_kernel1_t1
4670	0.000022673	430304	ops_par_loop_update_halo_kernel1_l1_151	update_halo_kernel1_l1
4671	0.000023494	430304	ops_par_loop_update_halo_kernel1_r1_152	update_halo_kernel1_r1
4672	0.000916550	1061744640	ops_par_loop_calc_dt_kernel_153	calc_dt_kernel
4673	0.001482154	1887436800	ops_par_loop_group_0	PdV_kernel_predict+ideal_gas_kernel
4674	0.000021201	430304	ops_par_loop_update_halo_kernel1_b1_2	update_halo_kernel1_b1
4675	0.000019807	430304	ops_par_loop_update_halo_kernel1_t1_3	update_halo_kernel1_t1
4676	0.000023995	430304	ops_par_loop_update_halo_kernel1_l1_4	update_halo_kernel1_l1
4677	0.000023445	430304	ops_par_loop_update_halo_kernel1_r1_5	update_halo_kernel1_r1
4678	0.001096262	1298288728	ops_par_loop_accelerate_kernel_7	accelerate_kernel
4679	0.001353991	2123366400	ops_par_loop_group_6	revert_kernel+PdV_kernel_nopredict
4680	0.000358380	471982080	ops_par_loop_flux_calc_kernelx_9	flux_calc_kernelx
4681	0.000358090	471982080	ops_par_loop_flux_calc_kernely_10	flux_calc_kernely
4682	0.000022934	553536	ops_par_loop_group_9	update_halo_kernel1_b2+update_halo_kernel4_minus_4_a
4683	0.000020319	553536	ops_par_loop_group_10	update_halo_kernel1_b1+update_halo_kernel4_minus_2_a
4684	0.000020589	369120	ops_par_loop_group_11	update_halo_kernel3_plus_4_a+update_halo_kernel2_xvel_plus_4_a+update_halo_kernel2_yvel_minus_4_a
4685	0.000020579	369120	ops_par_loop_group_12	update_halo_kernel3_plus_2_a+update_halo_kernel2_xvel_plus_2_a+update_halo_kernel2_yvel_minus_2_a
4686	0.000018184	123008	ops_par_loop_update_halo_kernel4_minus_4_b_29	update_halo_kernel4_minus_4_b
4687	0.000021621	553536	ops_par_loop_group_14	update_halo_kernel1_t2+update_halo_kernel4_minus_2_b
4688	0.000019718	430528	ops_par_loop_update_halo_kernel1_t1_14	update_halo_kernel1_t1
4689	0.000019166	246080	ops_par_loop_group_16	update_halo_kernel2_xvel_plus_4_b+update_halo_kernel2_yvel_minus_4_b
4690	0.000019587	369120	ops_par_loop_group_17	update_halo_kernel3_plus_4_b+update_halo_kernel2_xvel_plus_2_b+update_halo_kernel2_yvel_minus_2_b
4691	0.000019036	123040	ops_par_loop_update_halo_kernel3_plus_2_b_22	update_halo_kernel3_plus_2_b
4692	0.000025960	553536	ops_par_loop_group_19	update_halo_kernel1_l2+update_halo_kernel3_minus_4_a
4693	0.000022894	553536	ops_par_loop_group_20	update_halo_kernel1_l1+update_halo_kernel3_minus_2_a
4694	0.000018926	123008	ops_par_loop_update_halo_kernel3_minus_4_b_25	update_halo_kernel3_minus_4_b
4695	0.000024386	553536	ops_par_loop_group_22	update_halo_kernel1_r2+update_halo_kernel3_minus_2_b
4696	0.000021010	430528	ops_par_loop_update_halo_kernel1_r1_18	update_halo_kernel1_r1
4697	0.000023094	369120	ops_par_loop_group_24	update_halo_kernel4_plus_4_a+update_halo_kernel2_xvel_minus_4_a+update_halo_kernel2_yvel_plus_4_a
4698	0.000021220	369120	ops_par_loop_group_25	update_halo_kernel4_plus_2_a+update_halo_kernel2_xvel_minus_2_a+update_halo_kernel2_yvel_plus_2_a
4699	0.000020149	246080	ops_par_loop_group_26	update_halo_kernel2_xvel_minus_4_b+update_halo_kernel2_yvel_plus_4_b
4700	0.000021631	369120	ops_par_loop_group_27	update_halo_kernel4_plus_4_b+update_halo_kernel2_xvel_minus_2_b+update_halo_kernel2_yvel_plus_2_b
4701	0.000018495	123040	ops_par_loop_update_halo_kernel4_plus_2_b_34	update_halo_kernel4_plus_2_b
4702	0.000561106	591053440	ops_par_loop_advec_cell_kernel1_ydir_35	advec_cell_kernel1_ydir
4703	0.000787525	708203544	ops_par_loop_advec_cell_kernel3_ydir_36	advec_cell_kernel3_ydir
4704	0.001474540	1533542400	ops_par_loop_advec_cell_kernel4_ydir_37	advec_cell_kernel4_ydir
4705	0.000022002	553536	ops_par_loop_group_32	update_halo_kernel1_b2+update_halo_kernel4_minus_4_a
4706	0.000020409	553536	ops_par_loop_group_33	update_halo_kernel1_b1+update_halo_kernel4_minus_2_a
4707	0.000018665	123008	ops_par_loop_update_halo_kernel4_minus_4_b_64	update_halo_kernel4_minus_4_b
4708	0.000020379	553536	ops_par_loop_group_35	update_halo_kernel1_t2+update_halo_kernel4_minus_2_b
4709	0.000019918	430528	ops_par_loop_update_halo_kernel1_t1_41	update_halo_kernel1_t1
4710	0.000023285	430528	ops_par_loop_update_halo_kernel1_l2_42	update_halo_kernel1_l2
4711	0.000020659	430528	ops_par_loop_update_halo_kernel1_l1_43	update_halo_kernel1_l1
4712	0.000022372	430528	ops_par_loop_update_halo_kernel1_r2_44	update_halo_kernel1_r2
4713	0.000020900	430528	ops_par_loop_update_halo_kernel1_r1_45	update_halo_kernel1_r1
4714	0.000019187	123040	ops_par_loop_update_halo_kernel4_plus_4_a_66	update_halo_kernel4_plus_4_a
4715	0.000018334	123040	ops_par_loop_update_halo_kernel4_plus_2_a_67	update_halo_kernel4_plus_2_a
4716	0.000019346	123040	ops_par_loop_update_halo_kernel4_plus_4_b_68	update_halo_kernel4_plus_4_b
4717	0.000017874	123040	ops_par_loop_update_halo_kernel4_plus_2_b_69	update_halo_kernel4_plus_2_b
4718	0.000560955	591053440	ops_par_loop_advec_mom_kernel_y1_70	advec_mom_kernel_y1
4719	0.000190953	236236864	ops_par_loop_advec_mom_kernel_mass_flux_y_71	advec_mom_kernel_mass_flux_y
4720	0.000531268	590438520	ops_par_loop_advec_mom_kernel_post_pre_advec_y_72	advec_mom_kernel_post_pre_advec_y
4721	0.000877456	472258640	ops_par_loop_advec_mom_kernel1_y_nonvector_73	advec_mom_kernel1_y_nonvector
4722	0.000448512	590131240	ops_par_loop_advec_mom_kernel2_y_74	advec_mom_kernel2_y
4723	0.000562739	591053440	ops_par_loop_advec_mom_kernel_y1_75	advec_mom_kernel_y1
4724	0.000191233	236236864	ops_par_loop_advec_mom_kernel_mass_flux_y_76	advec_mom_kernel_mass_flux_y
4725	0.000533213	590438520	ops_par_loop_advec_mom_kernel_post_pre_advec_y_77	advec_mom_kernel_post_pre_advec_y
4726	0.000874079	472258640	ops_par_loop_advec_mom_kernel1_y_nonvector_78	advec_mom_kernel1_y_nonvector
4727	0.000446699	590131240	ops_par_loop_advec_mom_kernel2_y_79	advec_mom_kernel2_y
4728	0.000490090	472842752	ops_par_loop_advec_cell_kernel2_xdir_80	advec_cell_kernel2_xdir
4729	0.000773017	708203544	ops_par_loop_advec_cell_kernel3_xdir_81	advec_cell_kernel3_xdir
4730	0.001457989	1533542400	ops_par_loop_advec_cell_kernel4_xdir_82	advec_cell_kernel4_xdir
4731	0.000022223	553536	ops_par_loop_group_58	update_halo_kernel1_b2+update_halo_kernel4_minus_4_a
4732	0.000022002	553536	ops_par_loop_group_59	update_halo_kernel1_b1+update_halo_kernel4_minus_2_a
4733	0.000021882	369120	ops_par_loop_group_60	update_halo_kernel2_xvel_plus_4_a+update_halo_kernel2_yvel_minus_4_a+update_halo_kernel3_plus_4_a
4734	0.000020700	369120	ops_par_loop_group_61	update_halo_kernel2_xvel_plus_2_a+update_halo_kernel2_yvel_minus_2_a+update_halo_kernel3_plus_2_a
4735	0.000019417	246080	ops_par_loop_group_62	update_halo_kernel2_xvel_plus_4_b+update_halo_kernel2_yvel_minus_4_b
4736	0.000021611	369120	ops_par_loop_group_63	update_halo_kernel2_xvel_plus_2_b+update_halo_kernel2_yvel_minus_2_b+update_halo_kernel3_plus_4_b
4737	0.000022102	246080	ops_par_loop_group_64	update_halo_kernel2_xvel_minus_4_b+update_halo_kernel2_yvel_plus_4_b
4738	0.000019827	123040	ops_par_loop_update_halo_kernel3_plus_2_b_110	update_halo_kernel3_plus_2_b
4739	0.000019276	123008	ops_par_loop_update_halo_kernel3_minus_4_b_113	update_halo_kernel3_minus_4_b
4740	0.000018034	123008	ops_par_loop_update_halo_kernel4_minus_4_b_117	update_halo_kernel4_minus_4_b
4741	0.000020879	553536	ops_par_loop_group_68	update_halo_kernel1_t2+update_halo_kernel4_minus_2_b
4742	0.000020178	430528	ops_par_loop_update_halo_kernel1_t1_86	update_halo_kernel1_t1
4743	0.000026911	553536	ops_par_loop_group_70	update_halo_kernel1_l2+update_halo_kernel3_minus_4_a
4744	0.000022843	553536	ops_par_loop_group_71	update_halo_kernel1_l1+update_halo_kernel3_minus_2_a
4745	0.000024036	553536	ops_par_loop_group_72	update_halo_kernel1_r2+update_halo_kernel3_minus_2_b
4746	0.000021411	430528	ops_par_loop_update_halo_kernel1_r1_90	update_halo_kernel1_r1
4747	0.000023214	369120	ops_par_loop_group_74	update_halo_kernel2_xvel_minus_4_a+update_halo_kernel2_yvel_plus_4_a+update_halo_kernel4_plus_4_a
4748	0.000021211	369120	ops_par_loop_group_75	update_halo_kernel2_xvel_minus_2_a+update_halo_kernel2_yvel_plus_2_a+update_halo_kernel4_plus_2_a
4749	0.000021711	369120	ops_par_loop_group_76	update_halo_kernel2_xvel_minus_2_b+update_halo_kernel2_yvel_plus_2_b+update_halo_kernel4_plus_4_b
4750	0.000017924	123040	ops_par_loop_update_halo_kernel4_plus_2_b_122	update_halo_kernel4_plus_2_b
4751	0.000496513	472842752	ops_par_loop_advec_mom_kernel_x2_123	advec_mom_kernel_x2
4752	0.000194078	236236864	ops_par_loop_advec_mom_kernel_mass_flux_x_124	advec_mom_kernel_mass_flux_x
4753	0.000573449	590438520	ops_par_loop_advec_mom_kernel_post_pre_advec_x_125	advec_mom_kernel_post_pre_advec_x
4754	0.000882255	472258640	ops_par_loop_advec_mom_kernel1_x_nonvector_126	advec_mom_kernel1_x_nonvector
4755	0.000449544	590131240	ops_par_loop_advec_mom_kernel2_x_127	advec_mom_kernel2_x
4756	0.000496072	472842752	ops_par_loop_advec_mom_kernel_x2_128	advec_mom_kernel_x2
4757	0.000193758	236236864	ops_par_loop_advec_mom_kernel_mass_flux_x_129	advec_mom_kernel_mass_flux_x
4758	0.000573569	590438520	ops_par_loop_advec_mom_kernel_post_pre_advec_x_130	advec_mom_kernel_post_pre_advec_x
4759	0.000883328	472258640	ops_par_loop_advec_mom_kernel1_x_nonvector_131	advec_mom_kernel1_x_nonvector
4760	0.000434234	471859200	ops_par_loop_reset_field_kernel1_133	reset_field_kernel1
4761	0.001430266	1534095432	ops_par_loop_group_88	advec_mom_kernel2_x+reset_field_kernel2+ideal_gas_kernel
4762	0.000021762	430304	ops_par_loop_update_halo_kernel1_b1_136	update_halo_kernel1_b1
4763	0.000019828	430304	ops_par_loop_update_halo_kernel1_t1_137	update_halo_kernel1_t1
4764	0.000024036	430304	ops_par_loop_update_halo_kernel1_l1_138	update_halo_kernel1_l1
4765	0.000023815	430304	ops_par_loop_update_halo_kernel1_r1_139	update_halo_kernel1_r1
4766	0.000019677	245952	ops_par_loop_group_93	update_halo_kernel2_xvel_plus_2_a+update_halo_kernel2_yvel_minus_2_a
4767	0.000018826	245952	ops_par_loop_group_94	update_halo_kernel2_xvel_plus_2_b+update_halo_kernel2_yvel_minus_2_b
4768	0.000020919	245952	ops_par_loop_group_95	update_halo_kernel2_xvel_minus_2_a+update_halo_kernel2_yvel_plus_2_a
4769	0.000021370	245952	ops_par_loop_group_96	update_halo_kernel2_xvel_minus_2_b+update_halo_kernel2_yvel_plus_2_b
4770	0.001733402	589885440	ops_par_loop_viscosity_kernel_148	viscosity_kernel
4771	0.000021901	430304	ops_par_loop_update_halo_kernel1_b1_149	update_halo_kernel1_b1
4772	0.000019748	430304	ops_par_loop_update_halo_kernel1_t1_150	update_halo_kernel1_t1
4773	0.000022883	430304	ops_par_loop_update_halo_kernel1_l1_151	update_halo_kernel1_l1
4774	0.000022232	430304	ops_par_loop_update_halo_kernel1_r1_152	update_halo_kernel1_r1
4775	0.000917583	1061744640	ops_par_loop_calc_dt_kernel_153	calc_dt_kernel
4776	0.001488286	1887436800	ops_par_loop_group_0	PdV_kernel_predict+ideal_gas_kernel
4777	0.000023665	430304	ops_par_loop_update_halo_kernel1_b1_2	update_halo_kernel1_b1
4778	0.000019807	430304	ops_par_loop_update_halo_kernel1_t1_3	update_halo_kernel1_t1
4779	0.000023735	430304	ops_par_loop_update_halo_kernel1_l1_4	update_halo_kernel1_l1
4780	0.000024035	430304	ops_par_loop_update_halo_kernel1_r1_5	update_halo_kernel1_r1
4781	0.001096963	1298288728	ops_par_loop_accelerate_kernel_7	accelerate_kernel
4782	0.001353901	2123366400	ops_par_loop_group_6	revert_kernel+PdV_kernel_nopredict
4783	0.000360144	471982080	ops_par_loop_flux_calc_kernelx_9	flux_calc_kernelx
4784	0.000358752	471982080	ops_par_loop_flux_calc_kernely_10	flux_calc_kernely
4785	0.000022202	553536	ops_par_loop_group_9	update_halo_kernel1_b2+update_halo_kernel4_minus_4_a
4786	0.000020579	553536	ops_par_loop_group_10	update_halo_kernel1_b1+update_halo_kernel4_minus_2_a
4787	0.000020829	369120	ops_par_loop_group_11	update_halo_kernel3_plus_4_a+update_halo_kernel2_xvel_plus_4_a+update_halo_kernel2_yvel_minus_4_a
4788	0.000019747	369120	ops_par_loop_group_12	update_halo_kernel3_plus_2_a+update_halo_kernel2_xvel_plus_2_a+update_halo_kernel2_yvel_minus_2_a
4789	0.000017684	123008	ops_par_loop_update_halo_kernel4_minus_4_b_29	update_halo_kernel4_minus_4_b
4790	0.000020549	553536	ops_par_loop_group_14	update_halo_kernel1_t2+update_halo_kernel4_minus_2_b
4791	0.000020218	430528	ops_par_loop_update_halo_kernel1_t1_14	update_halo_kernel1_t1
4792	0.000020169	246080	ops_par_loop_group_16	update_halo_kernel2_xvel_plus_4_b+update_halo_kernel2_yvel_minus_4_b
4793	0.000020259	369120	ops_par_loop_group_17	update_halo_kernel3_plus_4_b+update_halo_kernel2_xvel_plus_2_b+update_halo_kernel2_yvel_minus_2_b
4794	0.000018174	123040	ops_par_loop_update_halo_kernel3_plus_2_b_22	update_halo_kernel3_plus_2_b
4795	0.000025799	553536	ops_par_loop_group_19	update_halo_kernel1_l2+update_halo_kernel3_minus_4_a
4796	0.000022693	553536	ops_par_loop_group_20	update_halo_kernel1_l1+update_halo_kernel3_minus_2_a
4797	0.000019447	123008	ops_par_loop_update_halo_kernel3_minus_4_b_25	update_halo_kernel3_minus_4_b
4798	0.000023695	553536	ops_par_loop_group_22	update_halo_kernel1_r2+update_halo_kernel3_minus_2_b
4799	0.000021420	430528	ops_par_loop_update_halo_kernel1_r1_18	update_halo_kernel1_r1
4800	0.000022704	369120	ops_par_loop_group_24	update_halo_kernel4_plus_4_a+update_halo_kernel2_xvel_minus_4_a+update_halo_kernel2_yvel_plus_4_a
4801	0.000021331	369120	ops_par_loop_group_25	update_halo_kernel4_plus_2_a+update_halo_kernel2_xvel_minus_2_a+update_halo_kernel2_yvel_plus_2_a
4802	0.000027452	246080	ops_par_loop_group_26	update_halo_kernel2_xvel_minus_4_b+update_halo_kernel2_yvel_plus_4_b
4803	0.000023094	369120	ops_par_loop_group_27	update_halo_kernel4_plus_4_b+update_halo_kernel2_xvel_minus_2_b+update_halo_kernel2_yvel_plus_2_b
4804	0.000018155	123040	ops_par_loop_update_halo_kernel4_plus_2_b_34	update_halo_kernel4_plus_2_b
4805	0.000562748	591053440	ops_par_loop_advec_cell_kernel1_xdir_35	advec_cell_kernel1_xdir
4806	0.000771555	708203544	ops_par_loop_advec_cell_kernel3_xdir_36	advec_cell_kernel3_xdir
4807	0.001464441	1533542400	ops_par_loop_advec_cell_kernel4_xdir_37	advec_cell_kernel4_xdir
4808	0.000023825	430528	ops_par_loop_update_halo_kernel1_b2_38	update_halo_kernel1_b2
4809	0.000020739	430528	ops_par_loop_update_halo_kernel1_b1_39	update_halo_kernel1_b1
4810	0.000020619	430528	ops_par_loop_update_halo_kernel1_t2_40	update_halo_kernel1_t2
4811	0.000020559	430528	ops_par_loop_update_halo_kernel1_t1_41	update_halo_kernel1_t1
4812	0.000019517	123040	ops_par_loop_update_halo_kernel3_plus_4_a_62	update_halo_kernel3_plus_4_a
4813	0.000018906	123040	ops_par_loop_update_halo_kernel3_plus_2_a_63	update_halo_kernel3_plus_2_a
4814	0.000018465	123040	ops_par_loop_update_halo_kernel3_plus_4_b_64	update_halo_kernel3_plus_4_b
4815	0.000018605	123040	ops_par_loop_update_halo_kernel3_plus_2_b_65	update_halo_kernel3_plus_2_b
4816	0.000026480	553536	ops_par_loop_group_40	update_halo_kernel1_l2+update_halo_kernel3_minus_4_a
4817	0.000023525	553536	ops_par_loop_group_41	update_halo_kernel1_l1+update_halo_kernel3_minus_2_a
4818	0.000018896	123008	ops_par_loop_update_halo_kernel3_minus_4_b_68	update_halo_kernel3_minus_4_b
4819	0.000024206	553536	ops_par_loop_group_43	update_halo_kernel1_r2+update_halo_kernel3_minus_2_b
4820	0.000020700	430528	ops_par_loop_update_halo_kernel1_r1_45	update_halo_kernel1_r1
4821	0.000563601	591053440	ops_par_loop_advec_mom_kernel_x1_70	advec_mom_kernel_x1
4822	0.000195060	236236864	ops_par_loop_advec_mom_kernel_mass_flux_x_71	advec_mom_kernel_mass_flux_x
4823	0.000573859	590438520	ops_par_loop_advec_mom_kernel_post_pre_advec_x_72	advec_mom_kernel_post_pre_advec_x
4824	0.000882726	472258640	ops_par_loop_advec_mom_kernel1_x_nonvector_73	advec_mom_kernel1_x_nonvector
4825	0.000454183	590131240	ops_par_loop_advec_mom_kernel2_x_74	advec_mom_kernel2_x
4826	0.000562908	591053440	ops_par_loop_advec_mom_kernel_x1_75	advec_mom_kernel_x1
4827	0.000197145	236236864	ops_par_loop_advec_mom_kernel_mass_flux_x_76	advec_mom_kernel_mass_flux_x
4828	0.000574612	590438520	ops_par_loop_advec_mom_kernel_post_pre_advec_x_77	advec_mom_kernel_post_pre_advec_x
4829	0.000883969	472258640	ops_par_loop_advec_mom_kernel1_x_nonvector_78	advec_mom_kernel1_x_nonvector
4830	0.000447470	590131240	ops_par_loop_advec_mom_kernel2_x_79	advec_mom_kernel2_x
4831	0.000499519	472842752	ops_par_loop_advec_cell_kernel2_ydir_80	advec_cell_kernel2_ydir
4832	0.000789269	708203544	ops_par_loop_advec_cell_kernel3_ydir_81	advec_cell_kernel3_ydir
4833	0.001472617	1533542400	ops_par_loop_advec_cell_kernel4_ydir_82	advec_cell_kernel4_ydir
4834	0.000023003	553536	ops_par_loop_group_58	update_halo_kernel1_b2+update_halo_kernel4_minus_4_a
4835	0.000021601	553536	ops_par_loop_group_59	update_halo_kernel1_b1+update_halo_kernel4_minus_2_a
4836	0.000021741	369120	ops_par_loop_group_60	update_halo_kernel2_xvel_plus_4_a+update_halo_kernel2_yvel_minus_4_a+update_halo_kernel3_plus_4_a
4837	0.000020899	369120	ops_par_loop_group_61	update_halo_kernel2_xvel_plus_2_a+update_halo_kernel2_yvel_minus_2_a+update_halo_kernel3_plus_2_a
4838	0.000019137	246080	ops_par_loop_group_62	update_halo_kernel2_xvel_plus_4_b+update_halo_kernel2_yvel_minus_4_b
4839	0.000021291	369120	ops_par_loop_group_63	update_halo_kernel2_xvel_plus_2_b+update_halo_kernel2_yvel_minus_2_b+update_halo_kernel3_plus_4_b
4840	0.000020769	246080	ops_par_loop_group_64	update_halo_kernel2_xvel_minus_4_b+update_halo_kernel2_yvel_plus_4_b
4841	0.000018866	123040	ops_par_loop_update_halo_kernel3_plus_2_b_110	update_halo_kernel3_plus_2_b
4842	0.000019598	123008	ops_par_loop_update_halo_kernel3_minus_4_b_113	update_halo_kernel3_minus_4_b
4843	0.000017924	123008	ops_par_loop_update_halo_kernel4_minus_4_b_117	update_halo_kernel4_minus_4_b
4844	0.000021131	553536	ops_par_loop_group_68	update_halo_kernel1_t2+update_halo_kernel4_minus_2_b
4845	0.000020018	430528	ops_par_loop_update_halo_kernel1_t1_86	update_halo_kernel1_t1
4846	0.000025990	553536	ops_par_loop_group_70	update_halo_kernel1_l2+update_halo_kernel3_minus_4_a
4847	0.000023545	553536	ops_par_loop_group_71	update_halo_kernel1_l1+update_halo_kernel3_minus_2_a
4848	0.000024016	553536	ops_par_loop_group_72	update_halo_kernel1_r2+update_halo_kernel3_minus_2_b
4849	0.000020670	430528	ops_par_loop_update_halo_kernel1_r1_90	update_halo_kernel1_r1
4850	0.000023665	369120	ops_par_loop_group_74	update_halo_kernel2_xvel_minus_4_a+update_halo_kernel2_yvel_plus_4_a+update_halo_kernel4_plus_4_a
4851	0.000021550	369120	ops_par_loop_group_75	update_halo_kernel2_xvel_minus_2_a+update_halo_kernel2_yvel_plus_2_a+update_halo_kernel4_plus_2_a
4852	0.000024145	369120	ops_par_loop_group_76	update_halo_kernel2_xvel_minus_2_b+update_halo_kernel2_yvel_plus_2_b+update_halo_kernel4_plus_4_b
4853	0.000019517	123040	ops_par_loop_update_halo_kernel4_plus_2_b_122	update_halo_kernel4_plus_2_b
4854	0.000491283	472842752	ops_par_loop_advec_mom_kernel_y2_123	advec_mom_kernel_y2
4855	0.000191794	236236864	ops_par_loop_advec_mom_kernel_mass_flux_y_124	advec_mom_kernel_mass_flux_y
4856	0.000531369	590438520	ops_par_loop_advec_mom_kernel_post_pre_advec_y_125	advec_mom_kernel_post_pre_advec_y
4857	0.000877656	472258640	ops_par_loop_advec_mom_kernel1_y_nonvector_126	advec_mom_kernel1_y_nonvector
4858	0.000450916	590131240	ops_par_loop_advec_mom_kernel2_y_127	advec_mom_kernel2_y
4859	0.000489088	472842752	ops_par_loop_advec_mom_kernel_y2_128	advec_mom_kernel_y2
4860	0.000192596	236236864	ops_par_loop_advec_mom_kernel_mass_flux_y_129	advec_mom_kernel_mass_flux_y
4861	0.000531840	590438520	ops_par_loop_advec_mom_kernel_post_pre_advec_y_130	advec_mom_kernel_post_pre_advec_y
4862	0.000874862	472258640	ops_par_loop_advec_mom_kernel1_y_nonvector_131	advec_mom_kernel1_y_nonvector
4863	0.000435327	471859200	ops_par_loop_reset_field_kernel1_133	reset_field_kernel1
4864	0.001440415	1534095432	ops_par_loop_group_88	advec_mom_kernel2_y+reset_field_kernel2+ideal_gas_kernel
4865	0.000021601	430304	ops_par_loop_update_halo_kernel1_b1_136	update_halo_kernel1_b1
4866	0.000019887	430304	ops_par_loop_update_halo_kernel1_t1_137	update_halo_kernel1_t1
4867	0.000024637	430304	ops_par_loop_update_halo_kernel1_l1_138	update_halo_kernel1_l1
4868	0.000024256	430304	ops_par_loop_update_halo_kernel1_r1_139	update_halo_kernel1_r1
4869	0.000018676	245952	ops_par_loop_group_93	update_halo_kernel2_xvel_plus_2_a+update_halo_kernel2_yvel_minus_2_a
4870	0.000019628	245952	ops_par_loop_group_94	update_halo_kernel2_xvel_plus_2_b+update_halo_kernel2_yvel_minus_2_b
4871	0.000021301	245952	ops_par_loop_group_95	update_halo_kernel2_xvel_minus_2_a+update_halo_kernel2_yvel_plus_2_a
4872	0.000020970	245952	ops_par_loop_group_96	update_halo_kernel2_xvel_minus_2_b+update_halo_kernel2_yvel_plus_2_b
4873	0.001733682	589885440	ops_par_loop_viscosity_kernel_148	viscosity_kernel
4874	0.000024627	430304	ops_par_loop_update_halo_kernel1_b1_149	update_halo_kernel1_b1
4875	0.000023304	430304	ops_par_loop_update_halo_kernel1_t1_150	update_halo_kernel1_t1
4876	0.000024617	430304	ops_par_loop_update_halo_kernel1_l1_151	update_halo_kernel1_l1
4877	0.000023645	430304	ops_par_loop_update_halo_kernel1_r1_152	update_halo_kernel1_r1
4878	0.000919226	1061744640	ops_par_loop_calc_dt_kernel_153	calc_dt_kernel
4879	0.001489198	1887436800	ops_par_loop_group_0	PdV_kernel_predict+ideal_gas_kernel
4880	0.000022242	430304	ops_par_loop_update_halo_kernel1_b1_2	update_halo_kernel1_b1
4881	0.000019507	430304	ops_par_loop_update_halo_kernel1_t1_3	update_halo_kernel1_t1
4882	0.000023865	430304	ops_par_loop_update_halo_kernel1_l1_4	update_halo_kernel1_l1
4883	0.000023905	430304	ops_par_loop_update_halo_kernel1_r1_5	update_halo_kernel1_r1
4884	0.001096322	1298288728	ops_par_loop_accelerate_kernel_7	accelerate_kernel
4885	0.001357889	2123366400	ops_par_loop_group_6	revert_kernel+PdV_kernel_nopredict
4886	0.000359313	471982080	ops_par_loop_flux_calc_kernelx_9	flux_calc_kernelx
4887	0.000357699	471982080	ops_par_loop_flux_calc_kernely_10	flux_calc_kernely
4888	0.000022503	553536	ops_par_loop_group_9	update_halo_kernel1_b2+update_halo_kernel4_minus_4_a
4889	0.000019888	553536	ops_par_loop_group_10	update_halo_kernel1_b1+update_halo_kernel4_minus_2_a
4890	0.000021310	369120	ops_par_loop_group_11	update_halo_kernel3_plus_4_a+update_halo_kernel2_xvel_plus_4_a+update_halo_kernel2_yvel_minus_4_a
4891	0.000020599	369120	ops_par_loop_group_12	update_halo_kernel3_plus_2_a+update_halo_kernel2_xvel_plus_2_a+update_halo_kernel2_yvel_minus_2_a
4892	0.000018946	123008	ops_par_loop_update_halo_kernel4_minus_4_b_29	update_halo_kernel4_minus_4_b
4893	0.000021140	553536	ops_par_loop_group_14	update_halo_kernel1_t2+update_halo_kernel4_minus_2_b
4894	0.000020469	430528	ops_par_loop_update_halo_kernel1_t1_14	update_halo_kernel1_t1
4895	0.000020399	246080	ops_par_loop_group_16	update_halo_kernel2_xvel_plus_4_b+update_halo_kernel2_yvel_minus_4_b
4896	0.000020599	369120	ops_par_loop_group_17	update_halo_kernel3_plus_4_b+update_halo_kernel2_xvel_plus_2_b+update_halo_kernel2_yvel_minus_2_b
4897	0.000018535	123040	ops_par_loop_update_halo_kernel3_plus_2_b_22	update_halo_kernel3_plus_2_b
4898	0.000025338	553536	ops_par_loop_group_19	update_halo_kernel1_l2+update_halo_kernel3_minus_4_a
4899	0.000023705	553536	ops_par_loop_group_20	update_halo_kernel1_l1+update_halo_kernel3_minus_2_a
4900	0.000019076	123008	ops_par_loop_update_halo_kernel3_minus_4_b_25	update_halo_kernel3_minus_4_b
4901	0.000024557	553536	ops_par_loop_group_22	update_halo_kernel1_r2+update_halo_kernel3_minus_2_b
4902	0.000021541	430528	ops_par_loop_update_halo_kernel1_r1_18	update_halo_kernel1_r1
4903	0.000023094	369120	ops_par_loop_group_24	update_halo_kernel4_plus_4_a+update_halo_kernel2_xvel_minus_4_a+update_halo_kernel2_yvel_plus_4_a
4904	0.000021340	369120	ops_par_loop_group_25	update_halo_kernel4_plus_2_a+update_halo_kernel2_xvel_minus_2_a+update_halo_kernel2_yvel_plus_2_a
4905	0.000021060	246080	ops_par_loop_group_26	update_halo_kernel2_xvel_minus_4_b+update_halo_kernel2_yvel_plus_4_b
4906	0.000028363	369120	ops_par_loop_group_27	update_halo_kernel4_plus_4_b+update_halo_kernel2_xvel_minus_2_b+update_halo_kernel2_yvel_plus_2_b
4907	0.000019096	123040	ops_par_loop_update_halo_kernel4_plus_2_b_34	update_halo_kernel4_plus_2_b
4908	0.000562588	591053440	ops_par_loop_advec_cell_kernel1_ydir_35	advec_cell_kernel1_ydir
4909	0.000787806	708203544	ops_par_loop_advec_cell_kernel3_ydir_36	advec_cell_kernel3_ydir
4910	0.001474791	1533542400	ops_par_loop_advec_cell_kernel4_ydir_37	advec_cell_kernel4_ydir
4911	0.000022223	553536	ops_par_loop_group_32	update_halo_kernel1_b2+update_halo_kernel4_minus_4_a
4912	0.000021511	553536	ops_par_loop_group_33	update_halo_kernel1_b1+update_halo_kernel4_minus_2_a
4913	0.000018596	123008	ops_par_loop_update_halo_kernel4_minus_4_b_64	update_halo_kernel4_minus_4_b
4914	0.000020620	553536	ops_par_loop_group_35	update_halo_kernel1_t2+update_halo_kernel4_minus_2_b
4915	0.000020859	430528	ops_par_loop_update_halo_kernel1_t1_41	update_halo_kernel1_t1
4916	0.000023444	430528	ops_par_loop_update_halo_kernel1_l2_42	update_halo_kernel1_l2
4917	0.000023404	430528	ops_par_loop_update_halo_kernel1_l1_43	update_halo_kernel1_l1
4918	0.000022503	430528	ops_par_loop_update_halo_kernel1_r2_44	update_halo_kernel1_r2
4919	0.000021160	430528	ops_par_loop_update_halo_kernel1_r1_45	update_halo_kernel1_r1
4920	0.000019738	123040	ops_par_loop_update_halo_kernel4_plus_4_a_66	update_halo_kernel4_plus_4_a
4921	0.000017914	123040	ops_par_loop_update_halo_kernel4_plus_2_a_67	update_halo_kernel4_plus_2_a
4922	0.000018636	123040	ops_par_loop_update_halo_kernel4_plus_4_b_68	update_halo_kernel4_plus_4_b
4923	0.000018906	123040	ops_par_loop_update_halo_kernel4_plus_2_b_69	update_halo_kernel4_plus_2_b
4924	0.000562218	591053440	ops_par_loop_advec_mom_kernel_y1_70	advec_mom_kernel_y1
4925	0.000191724	236236864	ops_par_loop_advec_mom_kernel_mass_flux_y_71	advec_mom_kernel_mass_flux_y
4926	0.000533503	590438520	ops_par_loop_advec_mom_kernel_post_pre_advec_y_72	advec_mom_kernel_post_pre_advec_y
4927	0.000878027	472258640	ops_par_loop_advec_mom_kernel1_y_nonvector_73	advec_mom_kernel1_y_nonvector
4928	0.000453341	590131240	ops_par_loop_advec_mom_kernel2_y_74	advec_mom_kernel2_y
4929	0.000560525	591053440	ops_par_loop_advec_mom_kernel_y1_75	advec_mom_kernel_y1
4930	0.000191664	236236864	ops_par_loop_advec_mom_kernel_mass_flux_y_76	advec_mom_kernel_mass_flux_y
4931	0.000531239	590438520	ops_par_loop_advec_mom_kernel_post_pre_advec_y_77	advec_mom_kernel_post_pre_advec_y
4932	0.000874120	472258640	ops_par_loop_advec_mom_kernel1_y_nonvector_78	advec_mom_kernel1_y_nonvector
4933	0.000447480	590131240	ops_par_loop_advec_mom_kernel2_y_79	advec_mom_kernel2_y
4934	0.000491634	472842752	ops_par_loop_advec_cell_kernel2_xdir_80	advec_cell_kernel2_xdir
4935	0.000773369	708203544	ops_par_loop_advec_cell_kernel3_xdir_81	advec_cell_kernel3_xdir
4936	0.001466625	1533542400	ops_par_loop_advec_cell_kernel4_xdir_82	advec_cell_kernel4_xdir
4937	0.000023655	553536	ops_par_loop_group_58	update_halo_kernel1_b2+update_halo_kernel4_minus_4_a
4938	0.000020960	553536	ops_par_loop_group_59	update_halo_kernel1_b1+update_halo_kernel4_minus_2_a
4939	0.000020990	369120	ops_par_loop_group_60	update_halo_kernel2_xvel_plus_4_a+update_halo_kernel2_yvel_minus_4_a+update_halo_kernel3_plus_4_a
4940	0.000021050	369120	ops_par_loop_group_61	update_halo_kernel2_xvel_plus_2_a+update_halo_kernel2_yvel_minus_2_a+update_halo_kernel3_plus_2_a
4941	0.000019096	246080	ops_par_loop_group_62	update_halo_kernel2_xvel_plus_4_b+update_halo_kernel2_yvel_minus_4_b
4942	0.000020309	369120	ops_par_loop_group_63	update_halo_kernel2_xvel_plus_2_b+update_halo_kernel2_yvel_minus_2_b+update_halo_kernel3_plus_4_b
4943	0.000021490	246080	ops_par_loop_group_64	update_halo_kernel2_xvel_minus_4_b+update_halo_kernel2_yvel_plus_4_b
4944	0.000018926	123040	ops_par_loop_update_halo_kernel3_plus_2_b_110	update_halo_kernel3_plus_2_b
4945	0.000019217	123008	ops_par_loop_update_halo_kernel3_minus_4_b_113	update_halo_kernel3_minus_4_b
4946	0.000018305	123008	ops_par_loop_update_halo_kernel4_minus_4_b_117	update_halo_kernel4_minus_4_b
4947	0.000021421	553536	ops_par_loop_group_68	update_halo_kernel1_t2+update_halo_kernel4_minus_2_b
4948	0.000020809	430528	ops_par_loop_update_halo_kernel1_t1_86	update_halo_kernel1_t1
4949	0.000026390	553536	ops_par_loop_group_70	update_halo_kernel1_l2+update_halo_kernel3_minus_4_a
4950	0.000023204	553536	ops_par_loop_group_71	update_halo_kernel1_l1+update_halo_kernel3_minus_2_a
4951	0.000025298	553536	ops_par_loop_group_72	update_halo_kernel1_r2+update_halo_kernel3_minus_2_b
4952	0.000021541	430528	ops_par_loop_update_halo_kernel1_r1_90	update_halo_kernel1_r1
4953	0.000024276	369120	ops_par_loop_group_74	update_halo_kernel2_xvel_minus_4_a+update_halo_kernel2_yvel_plus_4_a+update_halo_kernel4_plus_4_a
4954	0.000021962	369120	ops_par_loop_group_75	update_halo_kernel2_xvel_minus_2_a+update_halo_kernel2_yvel_plus_2_a+update_halo_kernel4_plus_2_a
4955	0.000022573	369120	ops_par_loop_group_76	update_halo_kernel2_xvel_minus_2_b+update_halo_kernel2_yvel_plus_2_b+update_halo_kernel4_plus_4_b
4956	0.000018365	123040	ops_par_loop_update_halo_kernel4_plus_2_b_122	update_halo_kernel4_plus_2_b
4957	0.000496994	472842752	ops_par_loop_advec_mom_kernel_x2_123	advec_mom_kernel_x2
4958	0.000194709	236236864	ops_par_loop_advec_mom_kernel_mass_flux_x_124	advec_mom_kernel_mass_flux_x
4959	0.000573289	590438520	ops_par_loop_advec_mom_kernel_post_pre_advec_x_125	advec_mom_kernel_post_pre_advec_x
4960	0.000881945	472258640	ops_par_loop_advec_mom_kernel1_x_nonvector_126	advec_mom_kernel1_x_nonvector
4961	0.000450435	590131240	ops_par_loop_advec_mom_kernel2_x_127	advec_mom_kernel2_x
4962	0.000497555	472842752	ops_par_loop_advec_mom_kernel_x2_128	advec_mom_kernel_x2
4963	0.000194379	236236864	ops_par_loop_advec_mom_kernel_mass_flux_x_129	advec_mom_kernel_mass_flux_x
4964	0.000573980	590438520	ops_par_loop_advec_mom_kernel_post_pre_advec_x_130	advec_mom_kernel_post_pre_advec_x
4965	0.000883317	472258640	ops_par_loop_advec_mom_kernel1_x_nonvector_131	advec_mom_kernel1_x_nonvector
4966	0.000434956	471859200	ops_par_loop_reset_field_kernel1_133	reset_field_kernel1
4967	0.001434815	1534095432	ops_par_loop_group_88	advec_mom_kernel2_x+reset_field_kernel2+ideal_gas_kernel
4968	0.000021881	430304	ops_par_loop_update_halo_kernel1_b1_136	update_halo_kernel1_b1
4969	0.000019868	430304	ops_par_loop_update_halo_kernel1_t1_137	update_halo_kernel1_t1
4970	0.000023455	430304	ops_par_loop_update_halo_kernel1_l1_138	update_halo_kernel1_l1
4971	0.000024346	430304	ops_par_loop_update_halo_kernel1_r1_139	update_halo_kernel1_r1
4972	0.000019727	245952	ops_par_loop_group_93	update_halo_kernel2_xvel_plus_2_a+update_halo_kernel2_yvel_minus_2_a
4973	0.000019166	245952	ops_par_loop_group_94	update_halo_kernel2_xvel_plus_2_b+update_halo_kernel2_yvel_minus_2_b
4974	0.000020258	245952	ops_par_loop_group_95	update_halo_kernel2_xvel_minus_2_a+update_halo_kernel2_yvel_plus_2_a
4975	0.000021951	245952	ops_par_loop_group_96	update_halo_kernel2_xvel_minus_2_b+update_halo_kernel2_yvel_plus_2_b
4976	0.001733401	589885440	ops_par_loop_viscosity_kernel_148	viscosity_kernel
4977	0.000021691	430304	ops_par_loop_update_halo_kernel1_b1_149	update_halo_kernel1_b1
4978	0.000019848	430304	ops_par_loop_update_halo_kernel1_t1_150	update_halo_kernel1_t1
4979	0.000023164	430304	ops_par_loop_update_halo_kernel1_l1_151	update_halo_kernel1_l1
4980	0.000022834	430304	ops_par_loop_update_halo_kernel1_r1_152	update_halo_kernel1_r1
4981	0.000917693	1061744640	ops_par_loop_calc_dt_kernel_153	calc_dt_kernel
4982	0.001494488	1887436800	ops_par_loop_group_0	PdV_kernel_predict+ideal_gas_kernel
4983	0.000022542	430304	ops_par_loop_update_halo_kernel1_b1_2	update_halo_kernel1_b1
4984	0.000020509	430304	ops_par_loop_update_halo_kernel1_t1_3	update_halo_kernel1_t1
4985	0.000023605	430304	ops_par_loop_update_halo_kernel1_l1_4	update_halo_kernel1_l1
4986	0.000023835	430304	ops_par_loop_update_halo_kernel1_r1_5	update_halo_kernel1_r1
4987	0.001096502	1298288728	ops_par_loop_accelerate_kernel_7	accelerate_kernel
4988	0.001355754	2123366400	ops_par_loop_group_6	revert_kernel+PdV_kernel_nopredict
4989	0.000363189	471982080	ops_par_loop_flux_calc_kernelx_9	flux_calc_kernelx
4990	0.000363811	471982080	ops_par_loop_flux_calc_kernely_10	flux_calc_kernely
4991	0.000023775	553536	ops_par_loop_group_9	update_halo_kernel1_b2+update_halo_kernel4_minus_4_a
4992	0.000021331	553536	ops_par_loop_group_10	update_halo_kernel1_b1+update_halo_kernel4_minus_2_a
4993	0.000022262	369120	ops_par_loop_group_11	update_halo_kernel3_plus_4_a+update_halo_kernel2_xvel_plus_4_a+update_halo_kernel2_yvel_minus_4_a
4994	0.000020328	369120	ops_par_loop_group_12	update_halo_kernel3_plus_2_a+update_halo_kernel2_xvel_plus_2_a+update_halo_kernel2_yvel_minus_2_a
4995	0.000019888	123008	ops_par_loop_update_halo_kernel4_minus_4_b_29	update_halo_kernel4_minus_4_b
4996	0.000022071	553536	ops_par_loop_group_14	update_halo_kernel1_t2+update_halo_kernel4_minus_2_b
4997	0.000020149	430528	ops_par_loop_update_halo_kernel1_t1_14	update_halo_kernel1_t1
4998	0.000020960	246080	ops_par_loop_group_16	update_halo_kernel2_xvel_plus_4_b+update_halo_kernel2_yvel_minus_4_b
4999	0.000021331	369120	ops_par_loop_group_17	update_halo_kernel3_plus_4_b+update_halo_kernel2_xvel_plus_2_b+update_halo_kernel2_yvel_minus_2_b
5000	0.000018896	123040	ops_par_loop_update_halo_kernel3_plus_2_b_22	update_halo_kernel3_plus_2_b
5001	0.000029035	553536	ops_par_loop_group_19	update_halo_kernel1_l2+update_halo_kernel3_minus_4_a
5002	0.000025709	553536	ops_par_loop_group_20	update_halo_kernel1_l1+update_halo_kernel3_minus_2_a
5003	0.000021861	123008	ops_par_loop_update_halo_kernel3_minus_4_b_25	update_halo_kernel3_minus_4_b
5004	0.000027271	553536	ops_par_loop_group_22	update_halo_kernel1_r2+update_halo_kernel3_minus_2_b
5005	0.000024898	430528	ops_par_loop_update_halo_kernel1_r1_18	update_halo_kernel1_r1
5006	0.000025399	369120	ops_par_loop_group_24	update_halo_kernel4_plus_4_a+update_halo_kernel2_xvel_minus_4_a+update_halo_kernel2_yvel_plus_4_a
5007	0.000026641	369120	ops_par_loop_group_25	update_halo_kernel4_plus_2_a+update_halo_kernel2_xvel_minus_2_a+update_halo_kernel2_yvel_plus_2_a
5008	0.000021681	246080	ops_par_loop_group_26	update_halo_kernel2_xvel_minus_4_b+update_halo_kernel2_yvel_plus_4_b
5009	0.000027041	369120	ops_par_loop_group_27	update_halo_kernel4_plus_4_b+update_halo_kernel2_xvel_minus_2_b+update_halo_kernel2_yvel_plus_2_b
5010	0.000020238	123040	ops_par_loop_update_halo_kernel4_plus_2_b_34	update_halo_kernel4_plus_2_b
5011	0.000565223	591053440	ops_par_loop_advec_cell_kernel1_xdir_35	advec_cell_kernel1_xdir
5012	0.000773670	708203544	ops_par_loop_advec_cell_kernel3_xdir_36	advec_cell_kernel3_xdir
5013	0.001463769	1533542400	ops_par_loop_advec_cell_kernel4_xdir_37	advec_cell_kernel4_xdir
5014	0.000022854	430528	ops_par_loop_update_halo_kernel1_b2_38	update_halo_kernel1_b2
5015	0.000022112	430528	ops_par_loop_update_halo_kernel1_b1_39	update_halo_kernel1_b1
5016	0.000021451	430528	ops_par_loop_update_halo_kernel1_t2_40	update_halo_kernel1_t2
5017	0.000019938	430528	ops_par_loop_update_halo_kernel1_t1_41	update_halo_kernel1_t1
5018	0.000019146	123040	ops_par_loop_update_halo_kernel3_plus_4_a_62	update_halo_kernel3_plus_4_a
5019	0.000018766	123040	ops_par_loop_update_halo_kernel3_plus_2_a_63	update_halo_kernel3_plus_2_a
5020	0.000017784	123040	ops_par_loop_update_halo_kernel3_plus_4_b_64	update_halo_kernel3_plus_4_b
5021	0.000018004	123040	ops_par_loop_update_halo_kernel3_plus_2_b_65	update_halo_kernel3_plus_2_b
5022	0.000025879	553536	ops_par_loop_group_40	update_halo_kernel1_l2+update_halo_kernel3_minus_4_a
5023	0.000023985	553536	ops_par_loop_group_41	update_halo_kernel1_l1+update_halo_kernel3_minus_2_a
5024	0.000020008	123008	ops_par_loop_update_halo_kernel3_minus_4_b_68	update_halo_kernel3_minus_4_b
5025	0.000024647	553536	ops_par_loop_group_43	update_halo_kernel1_r2+update_halo_kernel3_minus_2_b
5026	0.000020790	430528	ops_par_loop_update_halo_kernel1_r1_45	update_halo_kernel1_r1
5027	0.000561216	591053440	ops_par_loop_advec_mom_kernel_x1_70	advec_mom_kernel_x1
5028	0.000194159	236236864	ops_par_loop_advec_mom_kernel_mass_flux_x_71	advec_mom_kernel_mass_flux_x
5029	0.000579711	590438520	ops_par_loop_advec_mom_kernel_post_pre_advec_x_72	advec_mom_kernel_post_pre_advec_x
5030	0.000882526	472258640	ops_par_loop_advec_mom_kernel1_x_nonvector_73	advec_mom_kernel1_x_nonvector
5031	0.000446057	590131240	ops_par_loop_advec_mom_kernel2_x_74	advec_mom_kernel2_x
5032	0.000562959	591053440	ops_par_loop_advec_mom_kernel_x1_75	advec_mom_kernel_x1
5033	0.000193968	236236864	ops_par_loop_advec_mom_kernel_mass_flux_x_76	advec_mom_kernel_mass_flux_x
5034	0.000572437	590438520	ops_par_loop_advec_mom_kernel_post_pre_advec_x_77	advec_mom_kernel_post_pre_advec_x
5035	0.000883287	472258640	ops_par_loop_advec_mom_kernel1_x_nonvector_78	advec_mom_kernel1_x_nonvector
5036	0.000451728	590131240	ops_par_loop_advec_mom_kernel2_x_79	advec_mom_kernel2_x
5037	0.000495371	472842752	ops_par_loop_advec_cell_kernel2_ydir_80	advec_cell_kernel2_ydir
5038	0.000788668	708203544	ops_par_loop_advec_cell_kernel3_ydir_81	advec_cell_kernel3_ydir
5039	0.001472126	1533542400	ops_par_loop_advec_cell_kernel4_ydir_82	advec_cell_kernel4_ydir
5040	0.000022453	553536	ops_par_loop_group_58	update_halo_kernel1_b2+update_halo_kernel4_minus_4_a
5041	0.000021140	553536	ops_par_loop_group_59	update_halo_kernel1_b1+update_halo_kernel4_minus_2_a
5042	0.000021712	369120	ops_par_loop_group_60	update_halo_kernel2_xvel_plus_4_a+update_halo_kernel2_yvel_minus_4_a+update_halo_kernel3_plus_4_a
5043	0.000022212	369120	ops_par_loop_group_61	update_halo_kernel2_xvel_plus_2_a+update_halo_kernel2_yvel_minus_2_a+update_halo_kernel3_plus_2_a
5044	0.000018816	246080	ops_par_loop_group_62	update_halo_kernel2_xvel_plus_4_b+update_halo_kernel2_yvel_minus_4_b
5045	0.000025399	369120	ops_par_loop_group_63	update_halo_kernel2_xvel_plus_2_b+update_halo_kernel2_yvel_minus_2_b+update_halo_kernel3_plus_4_b
5046	0.000021761	246080	ops_par_loop_group_64	update_halo_kernel2_xvel_minus_4_b+update_halo_kernel2_yvel_plus_4_b
5047	0.000020388	123040	ops_par_loop_update_halo_kernel3_plus_2_b_110	update_halo_kernel3_plus_2_b
5048	0.000018866	123008	ops_par_loop_update_halo_kernel3_minus_4_b_113	update_halo_kernel3_minus_4_b
5049	0.000018475	123008	ops_par_loop_update_halo_kernel4_minus_4_b_117	update_halo_kernel4_minus_4_b
5050	0.000020629	553536	ops_par_loop_group_68	update_halo_kernel1_t2+update_halo_kernel4_minus_2_b
5051	0.000020840	430528	ops_par_loop_update_halo_kernel1_t1_86	update_halo_kernel1_t1
5052	0.000026661	553536	ops_par_loop_group_70	update_halo_kernel1_l2+update_halo_kernel3_minus_4_a
5053	0.000023815	553536	ops_par_loop_group_71	update_halo_kernel1_l1+update_halo_kernel3_minus_2_a
5054	0.000024686	553536	ops_par_loop_group_72	update_halo_kernel1_r2+update_halo_kernel3_minus_2_b
5055	0.000021250	430528	ops_par_loop_update_halo_kernel1_r1_90	update_halo_kernel1_r1
5056	0.000023184	369120	ops_par_loop_group_74	update_halo_kernel2_xvel_minus_4_a+update_halo_kernel2_yvel_plus_4_a+update_halo_kernel4_plus_4_a
5057	0.000021782	369120	ops_par_loop_group_75	update_halo_kernel2_xvel_minus_2_a+update_halo_kernel2_yvel_plus_2_a+update_halo_kernel4_plus_2_a
5058	0.000022483	369120	ops_par_loop_group_76	update_halo_kernel2_xvel_minus_2_b+update_halo_kernel2_yvel_plus_2_b+update_halo_kernel4_plus_4_b
5059	0.000019066	123040	ops_par_loop_update_halo_kernel4_plus_2_b_122	update_halo_kernel4_plus_2_b
5060	0.000490100	472842752	ops_par_loop_advec_mom_kernel_y2_123	advec_mom_kernel_y2
5061	0.000192104	236236864	ops_par_loop_advec_mom_kernel_mass_flux_y_124	advec_mom_kernel_mass_flux_y
5062	0.000532752	590438520	ops_par_loop_advec_mom_kernel_post_pre_advec_y_125	advec_mom_kernel_post_pre_advec_y
5063	0.000877887	472258640	ops_par_loop_advec_mom_kernel1_y_nonvector_126	advec_mom_kernel1_y_nonvector
5064	0.000447400	590131240	ops_par_loop_advec_mom_kernel2_y_127	advec_mom_kernel2_y
5065	0.000489590	472842752	ops_par_loop_advec_mom_kernel_y2_128	advec_mom_kernel_y2
5066	0.000191724	236236864	ops_par_loop_advec_mom_kernel_mass_flux_y_129	advec_mom_kernel_mass_flux_y
5067	0.000531790	590438520	ops_par_loop_advec_mom_kernel_post_pre_advec_y_130	advec_mom_kernel_post_pre_advec_y
5068	0.000873989	472258640	ops_par_loop_advec_mom_kernel1_y_nonvector_131	advec_mom_kernel1_y_nonvector
5069	0.000435106	471859200	ops_par_loop_reset_field_kernel1_133	reset_field_kernel1
5070	0.001440356	1534095432	ops_par_loop_group_88	advec_mom_kernel2_y+reset_field_kernel2+ideal_gas_kernel
5071	0.000021581	430304	ops_par_loop_update_halo_kernel1_b1_136	update_halo_kernel1_b1
5072	0.000019797	430304	ops_par_loop_update_halo_kernel1_t1_137	update_halo_kernel1_t1
5073	0.000024376	430304	ops_par_loop_update_halo_kernel1_l1_138	update_halo_kernel1_l1
5074	0.000024166	430304	ops_par_loop_update_halo_kernel1_r1_139	update_halo_kernel1_r1
5075	0.000019317	245952	ops_par_loop_group_93	update_halo_kernel2_xvel_plus_2_a+update_halo_kernel2_yvel_minus_2_a
5076	0.000019237	245952	ops_par_loop_group_94	update_halo_kernel2_xvel_plus_2_b+update_halo_kernel2_yvel_minus_2_b
5077	0.000021050	245952	ops_par_loop_group_95	update_halo_kernel2_xvel_minus_2_a+update_halo_kernel2_yvel_plus_2_a
5078	0.000021330	245952	ops_par_loop_group_96	update_halo_kernel2_xvel_minus_2_b+update_halo_kernel2_yvel_plus_2_b
5079	0.001737449	589885440	ops_par_loop_viscosity_kernel_148	viscosity_kernel
5080	0.000021872	430304	ops_par_loop_update_halo_kernel1_b1_149	update_halo_kernel1_b1
5081	0.000019848	430304	ops_par_loop_update_halo_kernel1_t1_150	update_halo_kernel1_t1
5082	0.000023295	430304	ops_par_loop_update_halo_kernel1_l1_151	update_halo_kernel1_l1
5083	0.000022903	430304	ops_par_loop_update_halo_kernel1_r1_152	update_halo_kernel1_r1
5084	0.000916951	1061744640	ops_par_loop_calc_dt_kernel_153	calc_dt_kernel
5085	0.001489568	1887436800	ops_par_loop_group_0	PdV_kernel_predict+ideal_gas_kernel
5086	0.000022984	430304	ops_par_loop_update_halo_kernel1_b1_2	update_halo_kernel1_b1
5087	0.000021410	430304	ops_par_loop_update_halo_kernel1_t1_3	update_halo_kernel1_t1
5088	0.000025629	430304	ops_par_loop_update_halo_kernel1_l1_4	update_halo_kernel1_l1
5089	0.000025398	430304	ops_par_loop_update_halo_kernel1_r1_5	update_halo_kernel1_r1
5090	0.001100450	1298288728	ops_par_loop_accelerate_kernel_7	accelerate_kernel
5091	0.001355313	2123366400	ops_par_loop_group_6	revert_kernel+PdV_kernel_nopredict
5092	0.000360715	471982080	ops_par_loop_flux_calc_kernelx_9	flux_calc_kernelx
5093	0.000355545	471982080	ops_par_loop_flux_calc_kernely_10	flux_calc_kernely
5094	0.000022322	553536	ops_par_loop_group_9	update_halo_kernel1_b2+update_halo_kernel4_minus_4_a
5095	0.000021411	553536	ops_par_loop_group_10	update_halo_kernel1_b1+update_halo_kernel4_minus_2_a
5096	0.000021241	369120	ops_par_loop_group_11	update_halo_kernel3_plus_4_a+update_halo_kernel2_xvel_plus_4_a+update_halo_kernel2_yvel_minus_4_a
5097	0.000020379	369120	ops_par_loop_group_12	update_halo_kernel3_plus_2_a+update_halo_kernel2_xvel_plus_2_a+update_halo_kernel2_yvel_minus_2_a
5098	0.000018465	123008	ops_par_loop_update_halo_kernel4_minus_4_b_29	update_halo_kernel4_minus_4_b
5099	0.000021201	553536	ops_par_loop_group_14	update_halo_kernel1_t2+update_halo_kernel4_minus_2_b
5100	0.000019597	430528	ops_par_loop_update_halo_kernel1_t1_14	update_halo_kernel1_t1
5101	0.000019848	246080	ops_par_loop_group_16	update_halo_kernel2_xvel_plus_4_b+update_halo_kernel2_yvel_minus_4_b
5102	0.000020288	369120	ops_par_loop_group_17	update_halo_kernel3_plus_4_b+update_halo_kernel2_xvel_plus_2_b+update_halo_kernel2_yvel_minus_2_b
5103	0.000018215	123040	ops_par_loop_update_halo_kernel3_plus_2_b_22	update_halo_kernel3_plus_2_b
5104	0.000029456	553536	ops_par_loop_group_19	update_halo_kernel1_l2+update_halo_kernel3_minus_4_a
5105	0.000023365	553536	ops_par_loop_group_20	update_halo_kernel1_l1+update_halo_kernel3_minus_2_a
5106	0.000019207	123008	ops_par_loop_update_halo_kernel3_minus_4_b_25	update_halo_kernel3_minus_4_b
5107	0.000023745	553536	ops_par_loop_group_22	update_halo_kernel1_r2+update_halo_kernel3_minus_2_b
5108	0.000021792	430528	ops_par_loop_update_halo_kernel1_r1_18	update_halo_kernel1_r1
5109	0.000023946	369120	ops_par_loop_group_24	update_halo_kernel4_plus_4_a+update_halo_kernel2_xvel_minus_4_a+update_halo_kernel2_yvel_plus_4_a
5110	0.000021270	369120	ops_par_loop_group_25	update_halo_kernel4_plus_2_a+update_halo_kernel2_xvel_minus_2_a+update_halo_kernel2_yvel_plus_2_a
5111	0.000021130	246080	ops_par_loop_group_26	update_halo_kernel2_xvel_minus_4_b+update_halo_kernel2_yvel_plus_4_b
5112	0.000022382	369120	ops_par_loop_group_27	update_halo_kernel4_plus_4_b+update_halo_kernel2_xvel_minus_2_b+update_halo_kernel2_yvel_plus_2_b
5113	0.000018114	123040	ops_par_loop_update_halo_kernel4_plus_2_b_34	update_halo_kernel4_plus_2_b
5114	0.000561236	591053440	ops_par_loop_advec_cell_kernel1_ydir_35	advec_cell_kernel1_ydir
5115	0.000788037	708203544	ops_par_loop_advec_cell_kernel3_ydir_36	advec_cell_kernel3_ydir
5116	0.001471935	1533542400	ops_par_loop_advec_cell_kernel4_ydir_37	advec_cell_kernel4_ydir
5117	0.000022593	553536	ops_par_loop_group_32	update_halo_kernel1_b2+update_halo_kernel4_minus_4_a
5118	0.000021120	553536	ops_par_loop_group_33	update_halo_kernel1_b1+update_halo_kernel4_minus_2_a
5119	0.000018606	123008	ops_par_loop_update_halo_kernel4_minus_4_b_64	update_halo_kernel4_minus_4_b
5120	0.000021291	553536	ops_par_loop_group_35	update_halo_kernel1_t2+update_halo_kernel4_minus_2_b
5121	0.000020369	430528	ops_par_loop_update_halo_kernel1_t1_41	update_halo_kernel1_t1
5122	0.000024096	430528	ops_par_loop_update_halo_kernel1_l2_42	update_halo_kernel1_l2
5123	0.000021872	430528	ops_par_loop_update_halo_kernel1_l1_43	update_halo_kernel1_l1
5124	0.000023174	430528	ops_par_loop_update_halo_kernel1_r2_44	update_halo_kernel1_r2
5125	0.000020930	430528	ops_par_loop_update_halo_kernel1_r1_45	update_halo_kernel1_r1
5126	0.000020559	123040	ops_par_loop_update_halo_kernel4_plus_4_a_66	update_halo_kernel4_plus_4_a
5127	0.000018736	123040	ops_par_loop_update_halo_kernel4_plus_2_a_67	update_halo_kernel4_plus_2_a
5128	0.000020799	123040	ops_par_loop_update_halo_kernel4_plus_4_b_68	update_halo_kernel4_plus_4_b
5129	0.000020369	123040	ops_par_loop_update_halo_kernel4_plus_2_b_69	update_halo_kernel4_plus_2_b
5130	0.000564763	591053440	ops_par_loop_advec_mom_kernel_y1_70	advec_mom_kernel_y1
5131	0.000191434	236236864	ops_par_loop_advec_mom_kernel_mass_flux_y_71	advec_mom_kernel_mass_flux_y
5132	0.000531560	590438520	ops_par_loop_advec_mom_kernel_post_pre_advec_y_72	advec_mom_kernel_post_pre_advec_y
5133	0.000877657	472258640	ops_par_loop_advec_mom_kernel1_y_nonvector_73	advec_mom_kernel1_y_nonvector
5134	0.000448481	590131240	ops_par_loop_advec_mom_kernel2_y_74	advec_mom_kernel2_y
5135	0.000562678	591053440	ops_par_loop_advec_mom_kernel_y1_75	advec_mom_kernel_y1
5136	0.000192266	236236864	ops_par_loop_advec_mom_kernel_mass_flux_y_76	advec_mom_kernel_mass_flux_y
5137	0.000532962	590438520	ops_par_loop_advec_mom_kernel_post_pre_advec_y_77	advec_mom_kernel_post_pre_advec_y
5138	0.000874541	472258640	ops_par_loop_advec_mom_kernel1_y_nonvector_78	advec_mom_kernel1_y_nonvector
5139	0.000451567	590131240	ops_par_loop_advec_mom_kernel2_y_79	advec_mom_kernel2_y
5140	0.000490080	472842752	ops_par_loop_advec_cell_kernel2_xdir_80	advec_cell_kernel2_xdir
5141	0.000773619	708203544	ops_par_loop_advec_cell_kernel3_xdir_81	advec_cell_kernel3_xdir
5142	0.001459823	1533542400	ops_par_loop_advec_cell_kernel4_xdir_82	advec_cell_kernel4_xdir
5143	0.000023154	553536	ops_par_loop_group_58	update_halo_kernel1_b2+update_halo_kernel4_minus_4_a
5144	0.000022382	553536	ops_par_loop_group_59	update_halo_kernel1_b1+update_halo_kernel4_minus_2_a
5145	0.000022142	369120	ops_par_loop_group_60	update_halo_kernel2_xvel_plus_4_a+update_halo_kernel2_yvel_minus_4_a+update_halo_kernel3_plus_4_a
5146	0.000021932	369120	ops_par_loop_group_61	update_halo_kernel2_xvel_plus_2_a+update_halo_kernel2_yvel_minus_2_a+update_halo_kernel3_plus_2_a
5147	0.000019808	246080	ops_par_loop_group_62	update_halo_kernel2_xvel_plus_4_b+update_halo_kernel2_yvel_minus_4_b
5148	0.000021251	369120	ops_par_loop_group_63	update_halo_kernel2_xvel_plus_2_b+update_halo_kernel2_yvel_minus_2_b+update_halo_kernel3_plus_4_b
5149	0.000021872	246080	ops_par_loop_group_64	update_halo_kernel2_xvel_minus_4_b+update_halo_kernel2_yvel_plus_4_b
5150	0.000019558	123040	ops_par_loop_update_halo_kernel3_plus_2_b_110	update_halo_kernel3_plus_2_b
5151	0.000020118	123008	ops_par_loop_update_halo_kernel3_minus_4_b_113	update_halo_kernel3_minus_4_b
5152	0.000018305	123008	ops_par_loop_update_halo_kernel4_minus_4_b_117	update_halo_kernel4_minus_4_b
5153	0.000021891	553536	ops_par_loop_group_68	update_halo_kernel1_t2+update_halo_kernel4_minus_2_b
5154	0.000020259	430528	ops_par_loop_update_halo_kernel1_t1_86	update_halo_kernel1_t1
5155	0.000027041	553536	ops_par_loop_group_70	update_halo_kernel1_l2+update_halo_kernel3_minus_4_a
5156	0.000023856	553536	ops_par_loop_group_71	update_halo_kernel1_l1+update_halo_kernel3_minus_2_a
5157	0.000024486	553536	ops_par_loop_group_72	update_halo_kernel1_r2+update_halo_kernel3_minus_2_b
5158	0.000021470	430528	ops_par_loop_update_halo_kernel1_r1_90	update_halo_kernel1_r1
5159	0.000023785	369120	ops_par_loop_group_74	update_halo_kernel2_xvel_minus_4_a+update_halo_kernel2_yvel_plus_4_a+update_halo_kernel4_plus_4_a
5160	0.000021511	369120	ops_par_loop_group_75	update_halo_kernel2_xvel_minus_2_a+update_halo_kernel2_yvel_plus_2_a+update_halo_kernel4_plus_2_a
5161	0.000022543	369120	ops_par_loop_group_76	update_halo_kernel2_xvel_minus_2_b+update_halo_kernel2_yvel_plus_2_b+update_halo_kernel4_plus_4_b
5162	0.000018996	123040	ops_par_loop_update_halo_kernel4_plus_2_b_122	update_halo_kernel4_plus_2_b
5163	0.000496302	472842752	ops_par_loop_advec_mom_kernel_x2_123	advec_mom_kernel_x2
5164	0.000195030	236236864	ops_par_loop_advec_mom_kernel_mass_flux_x_124	advec_mom_kernel_mass_flux_x
5165	0.000571876	590438520	ops_par_loop_advec_mom_kernel_post_pre_advec_x_125	advec_mom_kernel_post_pre_advec_x
5166	0.000882987	472258640	ops_par_loop_advec_mom_kernel1_x_nonvector_126	advec_mom_kernel1_x_nonvector
5167	0.000449754	590131240	ops_par_loop_advec_mom_kernel2_x_127	advec_mom_kernel2_x
5168	0.000499118	472842752	ops_par_loop_advec_mom_kernel_x2_128	advec_mom_kernel_x2
5169	0.000194269	236236864	ops_par_loop_advec_mom_kernel_mass_flux_x_129	advec_mom_kernel_mass_flux_x
5170	0.000571927	590438520	ops_par_loop_advec_mom_kernel_post_pre_advec_x_130	advec_mom_kernel_post_pre_advec_x
5171	0.000883988	472258640	ops_par_loop_advec_mom_kernel1_x_nonvector_131	advec_mom_kernel1_x_nonvector
5172	0.000435397	471859200	ops_par_loop_reset_field_kernel1_133	reset_field_kernel1
5173	0.001434284	1534095432	ops_par_loop_group_88	advec_mom_kernel2_x+reset_field_kernel2+ideal_gas_kernel
5174	0.000488387	471859200	ops_par_loop_ideal_gas_kernel_0	ideal_gas_kernel
5175	0.000022292	430304	ops_par_loop_update_halo_kernel1_b1_1	update_halo_kernel1_b1
5176	0.000020830	430304	ops_par_loop_update_halo_kernel1_t1_2	update_halo_kernel1_t1
5177	0.000024948	430304	ops_par_loop_update_halo_kernel1_l1_3	update_halo_kernel1_l1
5178	0.000025258	430304	ops_par_loop_update_halo_kernel1_r1_4	update_halo_kernel1_r1
5179	0.000019927	245952	ops_par_loop_group_5	update_halo_kernel2_xvel_plus_2_a+update_halo_kernel2_yvel_minus_2_a
5180	0.000019186	245952	ops_par_loop_group_6	update_halo_kernel2_xvel_plus_2_b+update_halo_kernel2_yvel_minus_2_b
5181	0.000021972	245952	ops_par_loop_group_7	update_halo_kernel2_xvel_minus_2_a+update_halo_kernel2_yvel_plus_2_a
5182	0.000021501	245952	ops_par_loop_group_8	update_halo_kernel2_xvel_minus_2_b+update_halo_kernel2_yvel_plus_2_b
5183	0.001739022	589885440	ops_par_loop_viscosity_kernel_13	viscosity_kernel
5184	0.000021131	430304	ops_par_loop_update_halo_kernel1_b1_14	update_halo_kernel1_b1
5185	0.000019828	430304	ops_par_loop_update_halo_kernel1_t1_15	update_halo_kernel1_t1
5186	0.000022643	430304	ops_par_loop_update_halo_kernel1_l1_16	update_halo_kernel1_l1
5187	0.000024166	430304	ops_par_loop_update_halo_kernel1_r1_17	update_halo_kernel1_r1
5188	0.000917062	1061744640	ops_par_loop_calc_dt_kernel_18	calc_dt_kernel
5189	0.001497784	1887436800	ops_par_loop_group_0	PdV_kernel_predict+ideal_gas_kernel
5190	0.000023094	430304	ops_par_loop_update_halo_kernel1_b1_2	update_halo_kernel1_b1
5191	0.000019868	430304	ops_par_loop_update_halo_kernel1_t1_3	update_halo_kernel1_t1
5192	0.000023815	430304	ops_par_loop_update_halo_kernel1_l1_4	update_halo_kernel1_l1
5193	0.000024386	430304	ops_par_loop_update_halo_kernel1_r1_5	update_halo_kernel1_r1
5194	0.001095080	1298288728	ops_par_loop_accelerate_kernel_7	accelerate_kernel
5195	0.001353801	2123366400	ops_par_loop_group_6	revert_kernel+PdV_kernel_nopredict
5196	0.000360264	471982080	ops_par_loop_flux_calc_kernelx_9	flux_calc_kernelx
5197	0.000358421	471982080	ops_par_loop_flux_calc_kernely_10	flux_calc_kernely
5198	0.000022202	553536	ops_par_loop_group_9	update_halo_kernel1_b2+update_halo_kernel4_minus_4_a
5199	0.000021681	553536	ops_par_loop_group_10	update_halo_kernel1_b1+update_halo_kernel4_minus_2_a
5200	0.000020959	369120	ops_par_loop_group_11	update_halo_kernel3_plus_4_a+update_halo_kernel2_xvel_plus_4_a+update_halo_kernel2_yvel_minus_4_a
5201	0.000019868	369120	ops_par_loop_group_12	update_halo_kernel3_plus_2_a+update_halo_kernel2_xvel_plus_2_a+update_halo_kernel2_yvel_minus_2_a
5202	0.000018285	123008	ops_par_loop_update_halo_kernel4_minus_4_b_29	update_halo_kernel4_minus_4_b
5203	0.000021000	553536	ops_par_loop_group_14	update_halo_kernel1_t2+update_halo_kernel4_minus_2_b
5204	0.000019988	430528	ops_par_loop_update_halo_kernel1_t1_14	update_halo_kernel1_t1
5205	0.000020569	246080	ops_par_loop_group_16	update_halo_kernel2_xvel_plus_4_b+update_halo_kernel2_yvel_minus_4_b
5206	0.000020770	369120	ops_par_loop_group_17	update_halo_kernel3_plus_4_b+update_halo_kernel2_xvel_plus_2_b+update_halo_kernel2_yvel_minus_2_b
5207	0.000019006	123040	ops_par_loop_update_halo_kernel3_plus_2_b_22	update_halo_kernel3_plus_2_b
5208	0.000025368	553536	ops_par_loop_group_19	update_halo_kernel1_l2+update_halo_kernel3_minus_4_a
5209	0.000028764	553536	ops_par_loop_group_20	update_halo_kernel1_l1+update_halo_kernel3_minus_2_a
5210	0.000019467	123008	ops_par_loop_update_halo_kernel3_minus_4_b_25	update_halo_kernel3_minus_4_b
5211	0.000024917	553536	ops_par_loop_group_22	update_halo_kernel1_r2+update_halo_kernel3_minus_2_b
5212	0.000021571	430528	ops_par_loop_update_halo_kernel1_r1_18	update_halo_kernel1_r1
5213	0.000023555	369120	ops_par_loop_group_24	update_halo_kernel4_plus_4_a+update_halo_kernel2_xvel_minus_4_a+update_halo_kernel2_yvel_plus_4_a
5214	0.000022082	369120	ops_par_loop_group_25	update_halo_kernel4_plus_2_a+update_halo_kernel2_xvel_minus_2_a+update_halo_kernel2_yvel_plus_2_a
5215	0.000021461	246080	ops_par_loop_group_26	update_halo_kernel2_xvel_minus_4_b+update_halo_kernel2_yvel_plus_4_b
5216	0.000022312	369120	ops_par_loop_group_27	update_halo_kernel4_plus_4_b+update_halo_kernel2_xvel_minus_2_b+update_halo_kernel2_yvel_plus_2_b
5217	0.000018204	123040	ops_par_loop_update_halo_kernel4_plus_2_b_34	update_halo_kernel4_plus_2_b
5218	0.000561066	591053440	ops_par_loop_advec_cell_kernel1_xdir_35	advec_cell_kernel1_xdir
5219	0.000773138	708203544	ops_par_loop_advec_cell_kernel3_xdir_36	advec_cell_kernel3_xdir
5220	0.001464692	1533542400	ops_par_loop_advec_cell_kernel4_xdir_37	advec_cell_kernel4_xdir
5221	0.000021752	430528	ops_par_loop_update_halo_kernel1_b2_38	update_halo_kernel1_b2
5222	0.000020569	430528	ops_par_loop_update_halo_kernel1_b1_39	update_halo_kernel1_b1
5223	0.000020309	430528	ops_par_loop_update_halo_kernel1_t2_40	update_halo_kernel1_t2
5224	0.000020760	430528	ops_par_loop_update_halo_kernel1_t1_41	update_halo_kernel1_t1
5225	0.000019106	123040	ops_par_loop_update_halo_kernel3_plus_4_a_62	update_halo_kernel3_plus_4_a
5226	0.000018846	123040	ops_par_loop_update_halo_kernel3_plus_2_a_63	update_halo_kernel3_plus_2_a
5227	0.000018595	123040	ops_par_loop_update_halo_kernel3_plus_4_b_64	update_halo_kernel3_plus_4_b
5228	0.000018475	123040	ops_par_loop_update_halo_kernel3_plus_2_b_65	update_halo_kernel3_plus_2_b
5229	0.000026230	553536	ops_par_loop_group_40	update_halo_kernel1_l2+update_halo_kernel3_minus_4_a
5230	0.000023094	553536	ops_par_loop_group_41	update_halo_kernel1_l1+update_halo_kernel3_minus_2_a
5231	0.000018776	123008	ops_par_loop_update_halo_kernel3_minus_4_b_68	update_halo_kernel3_minus_4_b
5232	0.000025158	553536	ops_par_loop_group_43	update_halo_kernel1_r2+update_halo_kernel3_minus_2_b
5233	0.000021811	430528	ops_par_loop_update_halo_kernel1_r1_45	update_halo_kernel1_r1
5234	0.000562097	591053440	ops_par_loop_advec_mom_kernel_x1_70	advec_mom_kernel_x1
5235	0.000194820	236236864	ops_par_loop_advec_mom_kernel_mass_flux_x_71	advec_mom_kernel_mass_flux_x
5236	0.000574080	590438520	ops_par_loop_advec_mom_kernel_post_pre_advec_x_72	advec_mom_kernel_post_pre_advec_x
5237	0.000882245	472258640	ops_par_loop_advec_mom_kernel1_x_nonvector_73	advec_mom_kernel1_x_nonvector
5238	0.000448783	590131240	ops_par_loop_advec_mom_kernel2_x_74	advec_mom_kernel2_x
5239	0.000563339	591053440	ops_par_loop_advec_mom_kernel_x1_75	advec_mom_kernel_x1
5240	0.000194109	236236864	ops_par_loop_advec_mom_kernel_mass_flux_x_76	advec_mom_kernel_mass_flux_x
5241	0.000577486	590438520	ops_par_loop_advec_mom_kernel_post_pre_advec_x_77	advec_mom_kernel_post_pre_advec_x
5242	0.000883638	472258640	ops_par_loop_advec_mom_kernel1_x_nonvector_78	advec_mom_kernel1_x_nonvector
5243	0.000449704	590131240	ops_par_loop_advec_mom_kernel2_x_79	advec_mom_kernel2_x
5244	0.000499268	472842752	ops_par_loop_advec_cell_kernel2_ydir_80	advec_cell_kernel2_ydir
5245	0.000788798	708203544	ops_par_loop_advec_cell_kernel3_ydir_81	advec_cell_kernel3_ydir
5246	0.001472917	1533542400	ops_par_loop_advec_cell_kernel4_ydir_82	advec_cell_kernel4_ydir
5247	0.000022613	553536	ops_par_loop_group_58	update_halo_kernel1_b2+update_halo_kernel4_minus_4_a
5248	0.000021391	553536	ops_par_loop_group_59	update_halo_kernel1_b1+update_halo_kernel4_minus_2_a
5249	0.000021010	369120	ops_par_loop_group_60	update_halo_kernel2_xvel_plus_4_a+update_halo_kernel2_yvel_minus_4_a+update_halo_kernel3_plus_4_a
5250	0.000021090	369120	ops_par_loop_group_61	update_halo_kernel2_xvel_plus_2_a+update_halo_kernel2_yvel_minus_2_a+update_halo_kernel3_plus_2_a
5251	0.000019798	246080	ops_par_loop_group_62	update_halo_kernel2_xvel_plus_4_b+update_halo_kernel2_yvel_minus_4_b
5252	0.000021290	369120	ops_par_loop_group_63	update_halo_kernel2_xvel_plus_2_b+update_halo_kernel2_yvel_minus_2_b+update_halo_kernel3_plus_4_b
5253	0.000021602	246080	ops_par_loop_group_64	update_halo_kernel2_xvel_minus_4_b+update_halo_kernel2_yvel_plus_4_b
5254	0.000019718	123040	ops_par_loop_update_halo_kernel3_plus_2_b_110	update_halo_kernel3_plus_2_b
5255	0.000019167	123008	ops_par_loop_update_halo_kernel3_minus_4_b_113	update_halo_kernel3_minus_4_b
5256	0.000018495	123008	ops_par_loop_update_halo_kernel4_minus_4_b_117	update_halo_kernel4_minus_4_b
5257	0.000020869	553536	ops_par_loop_group_68	update_halo_kernel1_t2+update_halo_kernel4_minus_2_b
5258	0.000027732	430528	ops_par_loop_update_halo_kernel1_t1_86	update_halo_kernel1_t1
5259	0.000027542	553536	ops_par_loop_group_70	update_halo_kernel1_l2+update_halo_kernel3_minus_4_a
5260	0.000025168	553536	ops_par_loop_group_71	update_halo_kernel1_l1+update_halo_kernel3_minus_2_a
5261	0.000028284	553536	ops_par_loop_group_72	update_halo_kernel1_r2+update_halo_kernel3_minus_2_b
5262	0.000024456	430528	ops_par_loop_update_halo_kernel1_r1_90	update_halo_kernel1_r1
5263	0.000025820	369120	ops_par_loop_group_74	update_halo_kernel2_xvel_minus_4_a+update_halo_kernel2_yvel_plus_4_a+update_halo_kernel4_plus_4_a
5264	0.000021952	369120	ops_par_loop_group_75	update_halo_kernel2_xvel_minus_2_a+update_halo_kernel2_yvel_plus_2_a+update_halo_kernel4_plus_2_a
5265	0.000024427	369120	ops_par_loop_group_76	update_halo_kernel2_xvel_minus_2_b+update_halo_kernel2_yvel_plus_2_b+update_halo_kernel4_plus_4_b
5266	0.000019047	123040	ops_par_loop_update_halo_kernel4_plus_2_b_122	update_halo_kernel4_plus_2_b
5267	0.000492455	472842752	ops_par_loop_advec_mom_kernel_y2_123	advec_mom_kernel_y2
5268	0.000192485	236236864	ops_par_loop_advec_mom_kernel_mass_flux_y_124	advec_mom_kernel_mass_flux_y
5269	0.000534174	590438520	ops_par_loop_advec_mom_kernel_post_pre_advec_y_125	advec_mom_kernel_post_pre_advec_y
5270	0.000882386	472258640	ops_par_loop_advec_mom_kernel1_y_nonvector_126	advec_mom_kernel1_y_nonvector
5271	0.000454073	590131240	ops_par_loop_advec_mom_kernel2_y_127	advec_mom_kernel2_y
5272	0.000492696	472842752	ops_par_loop_advec_mom_kernel_y2_128	advec_mom_kernel_y2
5273	0.000192766	236236864	ops_par_loop_advec_mom_kernel_mass_flux_y_129	advec_mom_kernel_mass_flux_y
5274	0.000532751	590438520	ops_par_loop_advec_mom_kernel_post_pre_advec_y_130	advec_mom_kernel_post_pre_advec_y
5275	0.000874881	472258640	ops_par_loop_advec_mom_kernel1_y_nonvector_131	advec_mom_kernel1_y_nonvector
5276	0.000436369	471859200	ops_par_loop_reset_field_kernel1_133	reset_field_kernel1
5277	0.001440466	1534095432	ops_par_loop_group_88	advec_mom_kernel2_y+reset_field_kernel2+ideal_gas_kernel
5278	0.000022623	430304	ops_par_loop_update_halo_kernel1_b1_136	update_halo_kernel1_b1
5279	0.000019757	430304	ops_par_loop_update_halo_kernel1_t1_137	update_halo_kernel1_t1
5280	0.000025860	430304	ops_par_loop_update_halo_kernel1_l1_138	update_halo_kernel1_l1
5281	0.000024697	430304	ops_par_loop_update_halo_kernel1_r1_139	update_halo_kernel1_r1
5282	0.000020058	245952	ops_par_loop_group_93	update_halo_kernel2_xvel_plus_2_a+update_halo_kernel2_yvel_minus_2_a
5283	0.000019887	245952	ops_par_loop_group_94	update_halo_kernel2_xvel_plus_2_b+update_halo_kernel2_yvel_minus_2_b
5284	0.000021431	245952	ops_par_loop_group_95	update_halo_kernel2_xvel_minus_2_a+update_halo_kernel2_yvel_plus_2_a
5285	0.000021190	245952	ops_par_loop_group_96	update_halo_kernel2_xvel_minus_2_b+update_halo_kernel2_yvel_plus_2_b
5286	0.001734604	589885440	ops_par_loop_viscosity_kernel_148	viscosity_kernel
5287	0.000022152	430304	ops_par_loop_update_halo_kernel1_b1_149	update_halo_kernel1_b1
5288	0.000020249	430304	ops_par_loop_update_halo_kernel1_t1_150	update_halo_kernel1_t1
5289	0.000023445	430304	ops_par_loop_update_halo_kernel1_l1_151	update_halo_kernel1_l1
5290	0.000022783	430304	ops_par_loop_update_halo_kernel1_r1_152	update_halo_kernel1_r1
5291	0.000916771	1061744640	ops_par_loop_calc_dt_kernel_153	calc_dt_kernel
5292	0.001491071	1887436800	ops_par_loop_group_0	PdV_kernel_predict+ideal_gas_kernel
5293	0.000021621	430304	ops_par_loop_update_halo_kernel1_b1_2	update_halo_kernel1_b1
5294	0.000019697	430304	ops_par_loop_update_halo_kernel1_t1_3	update_halo_kernel1_t1
5295	0.000024697	430304	ops_par_loop_update_halo_kernel1_l1_4	update_halo_kernel1_l1
5296	0.000023385	430304	ops_par_loop_update_halo_kernel1_r1_5	update_halo_kernel1_r1
5297	0.001096051	1298288728	ops_par_loop_accelerate_kernel_7	accelerate_kernel
5298	0.001360123	2123366400	ops_par_loop_group_6	revert_kernel+PdV_kernel_nopredict
5299	0.000360625	471982080	ops_par_loop_flux_calc_kernelx_9	flux_calc_kernelx
5300	0.000357259	471982080	ops_par_loop_flux_calc_kernely_10	flux_calc_kernely
5301	0.000022473	553536	ops_par_loop_group_9	update_halo_kernel1_b2+update_halo_kernel4_minus_4_a
5302	0.000020649	553536	ops_par_loop_group_10	update_halo_kernel1_b1+update_halo_kernel4_minus_2_a
5303	0.000021040	369120	ops_par_loop_group_11	update_halo_kernel3_plus_4_a+update_halo_kernel2_xvel_plus_4_a+update_halo_kernel2_yvel_minus_4_a
5304	0.000021080	369120	ops_par_loop_group_12	update_halo_kernel3_plus_2_a+update_halo_kernel2_xvel_plus_2_a+update_halo_kernel2_yvel_minus_2_a
5305	0.000018395	123008	ops_par_loop_update_halo_kernel4_minus_4_b_29	update_halo_kernel4_minus_4_b
5306	0.000020278	553536	ops_par_loop_group_14	update_halo_kernel1_t2+update_halo_kernel4_minus_2_b
5307	0.000020128	430528	ops_par_loop_update_halo_kernel1_t1_14	update_halo_kernel1_t1
5308	0.000019327	246080	ops_par_loop_group_16	update_halo_kernel2_xvel_plus_4_b+update_halo_kernel2_yvel_minus_4_b
5309	0.000020129	369120	ops_par_loop_group_17	update_halo_kernel3_plus_4_b+update_halo_kernel2_xvel_plus_2_b+update_halo_kernel2_yvel_minus_2_b
5310	0.000019067	123040	ops_par_loop_update_halo_kernel3_plus_2_b_22	update_halo_kernel3_plus_2_b
5311	0.000026500	553536	ops_par_loop_group_19	update_halo_kernel1_l2+update_halo_kernel3_minus_4_a
5312	0.000022553	553536	ops_par_loop_group_20	update_halo_kernel1_l1+update_halo_kernel3_minus_2_a
5313	0.000018656	123008	ops_par_loop_update_halo_kernel3_minus_4_b_25	update_halo_kernel3_minus_4_b
5314	0.000024136	553536	ops_par_loop_group_22	update_halo_kernel1_r2+update_halo_kernel3_minus_2_b
5315	0.000021941	430528	ops_par_loop_update_halo_kernel1_r1_18	update_halo_kernel1_r1
5316	0.000023454	369120	ops_par_loop_group_24	update_halo_kernel4_plus_4_a+update_halo_kernel2_xvel_minus_4_a+update_halo_kernel2_yvel_plus_4_a
5317	0.000020599	369120	ops_par_loop_group_25	update_halo_kernel4_plus_2_a+update_halo_kernel2_xvel_minus_2_a+update_halo_kernel2_yvel_plus_2_a
5318	0.000020149	246080	ops_par_loop_group_26	update_halo_kernel2_xvel_minus_4_b+update_halo_kernel2_yvel_plus_4_b
5319	0.000022001	369120	ops_par_loop_group_27	update_halo_kernel4_plus_4_b+update_halo_kernel2_xvel_minus_2_b+update_halo_kernel2_yvel_plus_2_b
5320	0.000018845	123040	ops_par_loop_update_halo_kernel4_plus_2_b_34	update_halo_kernel4_plus_2_b
5321	0.000561857	591053440	ops_par_loop_advec_cell_kernel1_ydir_35	advec_cell_kernel1_ydir
5322	0.000787827	708203544	ops_par_loop_advec_cell_kernel3_ydir_36	advec_cell_kernel3_ydir
5323	0.001471274	1533542400	ops_par_loop_advec_cell_kernel4_ydir_37	advec_cell_kernel4_ydir
5324	0.000021641	553536	ops_par_loop_group_32	update_halo_kernel1_b2+update_halo_kernel4_minus_4_a
5325	0.000020769	553536	ops_par_loop_group_33	update_halo_kernel1_b1+update_halo_kernel4_minus_2_a
5326	0.000018184	123008	ops_par_loop_update_halo_kernel4_minus_4_b_64	update_halo_kernel4_minus_4_b
5327	0.000021211	553536	ops_par_loop_group_35	update_halo_kernel1_t2+update_halo_kernel4_minus_2_b
5328	0.000019938	430528	ops_par_loop_update_halo_kernel1_t1_41	update_halo_kernel1_t1
5329	0.000022663	430528	ops_par_loop_update_halo_kernel1_l2_42	update_halo_kernel1_l2
5330	0.000020479	430528	ops_par_loop_update_halo_kernel1_l1_43	update_halo_kernel1_l1
5331	0.000022563	430528	ops_par_loop_update_halo_kernel1_r2_44	update_halo_kernel1_r2
5332	0.000020869	430528	ops_par_loop_update_halo_kernel1_r1_45	update_halo_kernel1_r1
5333	0.000019477	123040	ops_par_loop_update_halo_kernel4_plus_4_a_66	update_halo_kernel4_plus_4_a
5334	0.000018145	123040	ops_par_loop_update_halo_kernel4_plus_2_a_67	update_halo_kernel4_plus_2_a
5335	0.000019127	123040	ops_par_loop_update_halo_kernel4_plus_4_b_68	update_halo_kernel4_plus_4_b
5336	0.000018114	123040	ops_par_loop_update_halo_kernel4_plus_2_b_69	update_halo_kernel4_plus_2_b
5337	0.000561065	591053440	ops_par_loop_advec_mom_kernel_y1_70	advec_mom_kernel_y1
5338	0.000190872	236236864	ops_par_loop_advec_mom_kernel_mass_flux_y_71	advec_mom_kernel_mass_flux_y
5339	0.000532612	590438520	ops_par_loop_advec_mom_kernel_post_pre_advec_y_72	advec_mom_kernel_post_pre_advec_y
5340	0.000877666	472258640	ops_par_loop_advec_mom_kernel1_y_nonvector_73	advec_mom_kernel1_y_nonvector
5341	0.000451166	590131240	ops_par_loop_advec_mom_kernel2_y_74	advec_mom_kernel2_y
5342	0.000560444	591053440	ops_par_loop_advec_mom_kernel_y1_75	advec_mom_kernel_y1
5343	0.000191624	236236864	ops_par_loop_advec_mom_kernel_mass_flux_y_76	advec_mom_kernel_mass_flux_y
5344	0.000532812	590438520	ops_par_loop_advec_mom_kernel_post_pre_advec_y_77	advec_mom_kernel_post_pre_advec_y
5345	0.000873098	472258640	ops_par_loop_advec_mom_kernel1_y_nonvector_78	advec_mom_kernel1_y_nonvector
5346	0.000453321	590131240	ops_par_loop_advec_mom_kernel2_y_79	advec_mom_kernel2_y
5347	0.000490873	472842752	ops_par_loop_advec_cell_kernel2_xdir_80	advec_cell_kernel2_xdir
5348	0.000772967	708203544	ops_par_loop_advec_cell_kernel3_xdir_81	advec_cell_kernel3_xdir
5349	0.001459161	1533542400	ops_par_loop_advec_cell_kernel4_xdir_82	advec_cell_kernel4_xdir
5350	0.000026630	553536	ops_par_loop_group_58	update_halo_kernel1_b2+update_halo_kernel4_minus_4_a
5351	0.000023054	553536	ops_par_loop_group_59	update_halo_kernel1_b1+update_halo_kernel4_minus_2_a
5352	0.000022323	369120	ops_par_loop_group_60	update_halo_kernel2_xvel_plus_4_a+update_halo_kernel2_yvel_minus_4_a+update_halo_kernel3_plus_4_a
5353	0.000024887	369120	ops_par_loop_group_61	update_halo_kernel2_xvel_plus_2_a+update_halo_kernel2_yvel_minus_2_a+update_halo_kernel3_plus_2_a
5354	0.000021882	246080	ops_par_loop_group_62	update_halo_kernel2_xvel_plus_4_b+update_halo_kernel2_yvel_minus_4_b
5355	0.000024346	369120	ops_par_loop_group_63	update_halo_kernel2_xvel_plus_2_b+update_halo_kernel2_yvel_minus_2_b+update_halo_kernel3_plus_4_b
5356	0.000023204	246080	ops_par_loop_group_64	update_halo_kernel2_xvel_minus_4_b+update_halo_kernel2_yvel_plus_4_b
5357	0.000021500	123040	ops_par_loop_update_halo_kernel3_plus_2_b_110	update_halo_kernel3_plus_2_b
5358	0.000020529	123008	ops_par_loop_update_halo_kernel3_minus_4_b_113	update_halo_kernel3_minus_4_b
5359	0.000026110	123008	ops_par_loop_update_halo_kernel4_minus_4_b_117	update_halo_kernel4_minus_4_b
5360	0.000023133	553536	ops_par_loop_group_68	update_halo_kernel1_t2+update_halo_kernel4_minus_2_b
5361	0.000021291	430528	ops_par_loop_update_halo_kernel1_t1_86	update_halo_kernel1_t1
5362	0.000028594	553536	ops_par_loop_group_70	update_halo_kernel1_l2+update_halo_kernel3_minus_4_a
5363	0.000024837	553536	ops_par_loop_group_71	update_halo_kernel1_l1+update_halo_kernel3_minus_2_a
5364	0.000025519	553536	ops_par_loop_group_72	update_halo_kernel1_r2+update_halo_kernel3_minus_2_b
5365	0.000022743	430528	ops_par_loop_update_halo_kernel1_r1_90	update_halo_kernel1_r1
5366	0.000025087	369120	ops_par_loop_group_74	update_halo_kernel2_xvel_minus_4_a+update_halo_kernel2_yvel_plus_4_a+update_halo_kernel4_plus_4_a
5367	0.000022553	369120	ops_par_loop_group_75	update_halo_kernel2_xvel_minus_2_a+update_halo_kernel2_yvel_plus_2_a+update_halo_kernel4_plus_2_a
5368	0.000023284	369120	ops_par_loop_group_76	update_halo_kernel2_xvel_minus_2_b+update_halo_kernel2_yvel_plus_2_b+update_halo_kernel4_plus_4_b
5369	0.000019727	123040	ops_par_loop_update_halo_kernel4_plus_2_b_122	update_halo_kernel4_plus_2_b
5370	0.000498997	472842752	ops_par_loop_advec_mom_kernel_x2_123	advec_mom_kernel_x2
5371	0.000195771	236236864	ops_par_loop_advec_mom_kernel_mass_flux_x_124	advec_mom_kernel_mass_flux_x
5372	0.000576996	590438520	ops_par_loop_advec_mom_kernel_post_pre_advec_x_125	advec_mom_kernel_post_pre_advec_x
5373	0.000882907	472258640	ops_par_loop_advec_mom_kernel1_x_nonvector_126	advec_mom_kernel1_x_nonvector
5374	0.000460645	590131240	ops_par_loop_advec_mom_kernel2_x_127	advec_mom_kernel2_x
5375	0.000498006	472842752	ops_par_loop_advec_mom_kernel_x2_128	advec_mom_kernel_x2
5376	0.000193948	236236864	ops_par_loop_advec_mom_kernel_mass_flux_x_129	advec_mom_kernel_mass_flux_x
5377	0.000573730	590438520	ops_par_loop_advec_mom_kernel_post_pre_advec_x_130	advec_mom_kernel_post_pre_advec_x
5378	0.000883939	472258640	ops_par_loop_advec_mom_kernel1_x_nonvector_131	advec_mom_kernel1_x_nonvector
5379	0.000435697	471859200	ops_par_loop_reset_field_kernel1_133	reset_field_kernel1
5380	0.001433913	1534095432	ops_par_loop_group_88	advec_mom_kernel2_x+reset_field_kernel2+ideal_gas_kernel
5381	0.000021191	430304	ops_par_loop_update_halo_kernel1_b1_136	update_halo_kernel1_b1
5382	0.000019698	430304	ops_par_loop_update_halo_kernel1_t1_137	update_halo_kernel1_t1
5383	0.000023645	430304	ops_par_loop_update_halo_kernel1_l1_138	update_halo_kernel1_l1
5384	0.000024486	430304	ops_par_loop_update_halo_kernel1_r1_139	update_halo_kernel1_r1
5385	0.000020068	245952	ops_par_loop_group_93	update_halo_kernel2_xvel_plus_2_a+update_halo_kernel2_yvel_minus_2_a
5386	0.000019277	245952	ops_par_loop_group_94	update_halo_kernel2_xvel_plus_2_b+update_halo_kernel2_yvel_minus_2_b
5387	0.000020048	245952	ops_par_loop_group_95	update_halo_kernel2_xvel_minus_2_a+update_halo_kernel2_yvel_plus_2_a
5388	0.000021461	245952	ops_par_loop_group_96	update_halo_kernel2_xvel_minus_2_b+update_halo_kernel2_yvel_plus_2_b
5389	0.001733041	589885440	ops_par_loop_viscosity_kernel_148	viscosity_kernel
5390	0.000023044	430304	ops_par_loop_update_halo_kernel1_b1_149	update_halo_kernel1_b1
5391	0.000020549	430304	ops_par_loop_update_halo_kernel1_t1_150	update_halo_kernel1_t1
5392	0.000023615	430304	ops_par_loop_update_halo_kernel1_l1_151	update_halo_kernel1_l1
5393	0.000023535	430304	ops_par_loop_update_halo_kernel1_r1_152	update_halo_kernel1_r1
5394	0.000916530	1061744640	ops_par_loop_calc_dt_kernel_153	calc_dt_kernel
5395	0.001489218	1887436800	ops_par_loop_group_0	PdV_kernel_predict+ideal_gas_kernel
5396	0.000022192	430304	ops_par_loop_update_halo_kernel1_b1_2	update_halo_kernel1_b1
5397	0.000020248	430304	ops_par_loop_update_halo_kernel1_t1_3	update_halo_kernel1_t1
5398	0.000023946	430304	ops_par_loop_update_halo_kernel1_l1_4	update_halo_kernel1_l1
5399	0.000024667	430304	ops_par_loop_update_halo_kernel1_r1_5	update_halo_kernel1_r1
5400	0.001096583	1298288728	ops_par_loop_accelerate_kernel_7	accelerate_kernel
5401	0.001354051	2123366400	ops_par_loop_group_6	revert_kernel+PdV_kernel_nopredict
5402	0.000366536	471982080	ops_par_loop_flux_calc_kernelx_9	flux_calc_kernelx
5403	0.000358180	471982080	ops_par_loop_flux_calc_kernely_10	flux_calc_kernely
5404	0.000021110	553536	ops_par_loop_group_9	update_halo_kernel1_b2+update_halo_kernel4_minus_4_a
5405	0.000020619	553536	ops_par_loop_group_10	update_halo_kernel1_b1+update_halo_kernel4_minus_2_a
5406	0.000020830	369120	ops_par_loop_group_11	update_halo_kernel3_plus_4_a+update_halo_kernel2_xvel_plus_4_a+update_halo_kernel2_yvel_minus_4_a
5407	0.000019758	369120	ops_par_loop_group_12	update_halo_kernel3_plus_2_a+update_halo_kernel2_xvel_plus_2_a+update_halo_kernel2_yvel_minus_2_a
5408	0.000017804	123008	ops_par_loop_update_halo_kernel4_minus_4_b_29	update_halo_kernel4_minus_4_b
5409	0.000020759	553536	ops_par_loop_group_14	update_halo_kernel1_t2+update_halo_kernel4_minus_2_b
5410	0.000019497	430528	ops_par_loop_update_halo_kernel1_t1_14	update_halo_kernel1_t1
5411	0.000019988	246080	ops_par_loop_group_16	update_halo_kernel2_xvel_plus_4_b+update_halo_kernel2_yvel_minus_4_b
5412	0.000020699	369120	ops_par_loop_group_17	update_halo_kernel3_plus_4_b+update_halo_kernel2_xvel_plus_2_b+update_halo_kernel2_yvel_minus_2_b
5413	0.000018065	123040	ops_par_loop_update_halo_kernel3_plus_2_b_22	update_halo_kernel3_plus_2_b
5414	0.000026180	553536	ops_par_loop_group_19	update_halo_kernel1_l2+update_halo_kernel3_minus_4_a
5415	0.000022653	553536	ops_par_loop_group_20	update_halo_kernel1_l1+update_halo_kernel3_minus_2_a
5416	0.000019106	123008	ops_par_loop_update_halo_kernel3_minus_4_b_25	update_halo_kernel3_minus_4_b
5417	0.000023685	553536	ops_par_loop_group_22	update_halo_kernel1_r2+update_halo_kernel3_minus_2_b
5418	0.000020980	430528	ops_par_loop_update_halo_kernel1_r1_18	update_halo_kernel1_r1
5419	0.000023655	369120	ops_par_loop_group_24	update_halo_kernel4_plus_4_a+update_halo_kernel2_xvel_minus_4_a+update_halo_kernel2_yvel_plus_4_a
5420	0.000021400	369120	ops_par_loop_group_25	update_halo_kernel4_plus_2_a+update_halo_kernel2_xvel_minus_2_a+update_halo_kernel2_yvel_plus_2_a
5421	0.000020419	246080	ops_par_loop_group_26	update_halo_kernel2_xvel_minus_4_b+update_halo_kernel2_yvel_plus_4_b
5422	0.000022373	369120	ops_par_loop_group_27	update_halo_kernel4_plus_4_b+update_halo_kernel2_xvel_minus_2_b+update_halo_kernel2_yvel_plus_2_b
5423	0.000018264	123040	ops_par_loop_update_halo_kernel4_plus_2_b_34	update_halo_kernel4_plus_2_b
5424	0.000561497	591053440	ops_par_loop_advec_cell_kernel1_xdir_35	advec_cell_kernel1_xdir
5425	0.000771415	708203544	ops_par_loop_advec_cell_kernel3_xdir_36	advec_cell_kernel3_xdir
5426	0.001455925	1533542400	ops_par_loop_advec_cell_kernel4_xdir_37	advec_cell_kernel4_xdir
5427	0.000021140	430528	ops_par_loop_update_halo_kernel1_b2_38	update_halo_kernel1_b2
5428	0.000019818	430528	ops_par_loop_update_halo_kernel1_b1_39	update_halo_kernel1_b1
5429	0.000020218	430528	ops_par_loop_update_halo_kernel1_t2_40	update_halo_kernel1_t2
5430	0.000019657	430528	ops_par_loop_update_halo_kernel1_t1_41	update_halo_kernel1_t1
5431	0.000018886	123040	ops_par_loop_update_halo_kernel3_plus_4_a_62	update_halo_kernel3_plus_4_a
5432	0.000018084	123040	ops_par_loop_update_halo_kernel3_plus_2_a_63	update_halo_kernel3_plus_2_a
5433	0.000017945	123040	ops_par_loop_update_halo_kernel3_plus_4_b_64	update_halo_kernel3_plus_4_b
5434	0.000018054	123040	ops_par_loop_update_halo_kernel3_plus_2_b_65	update_halo_kernel3_plus_2_b
5435	0.000026290	553536	ops_par_loop_group_40	update_halo_kernel1_l2+update_halo_kernel3_minus_4_a
5436	0.000022683	553536	ops_par_loop_group_41	update_halo_kernel1_l1+update_halo_kernel3_minus_2_a
5437	0.000018124	123008	ops_par_loop_update_halo_kernel3_minus_4_b_68	update_halo_kernel3_minus_4_b
5438	0.000024727	553536	ops_par_loop_group_43	update_halo_kernel1_r2+update_halo_kernel3_minus_2_b
5439	0.000020900	430528	ops_par_loop_update_halo_kernel1_r1_45	update_halo_kernel1_r1
5440	0.000560284	591053440	ops_par_loop_advec_mom_kernel_x1_70	advec_mom_kernel_x1
5441	0.000194600	236236864	ops_par_loop_advec_mom_kernel_mass_flux_x_71	advec_mom_kernel_mass_flux_x
5442	0.000572708	590438520	ops_par_loop_advec_mom_kernel_post_pre_advec_x_72	advec_mom_kernel_post_pre_advec_x
5443	0.000882245	472258640	ops_par_loop_advec_mom_kernel1_x_nonvector_73	advec_mom_kernel1_x_nonvector
5444	0.000445556	590131240	ops_par_loop_advec_mom_kernel2_x_74	advec_mom_kernel2_x
5445	0.000562829	591053440	ops_par_loop_advec_mom_kernel_x1_75	advec_mom_kernel_x1
5446	0.000194078	236236864	ops_par_loop_advec_mom_kernel_mass_flux_x_76	advec_mom_kernel_mass_flux_x
5447	0.000573369	590438520	ops_par_loop_advec_mom_kernel_post_pre_advec_x_77	advec_mom_kernel_post_pre_advec_x
5448	0.000882967	472258640	ops_par_loop_advec_mom_kernel1_x_nonvector_78	advec_mom_kernel1_x_nonvector
5449	0.000448772	590131240	ops_par_loop_advec_mom_kernel2_x_79	advec_mom_kernel2_x
5450	0.000498987	472842752	ops_par_loop_advec_cell_kernel2_ydir_80	advec_cell_kernel2_ydir
5451	0.000788819	708203544	ops_par_loop_advec_cell_kernel3_ydir_81	advec_cell_kernel3_ydir
5452	0.001479119	1533542400	ops_par_loop_advec_cell_kernel4_ydir_82	advec_cell_kernel4_ydir
5453	0.000024036	553536	ops_par_loop_group_58	update_halo_kernel1_b2+update_halo_kernel4_minus_4_a
5454	0.000021711	553536	ops_par_loop_group_59	update_halo_kernel1_b1+update_halo_kernel4_minus_2_a
5455	0.000022883	369120	ops_par_loop_group_60	update_halo_kernel2_xvel_plus_4_a+update_halo_kernel2_yvel_minus_4_a+update_halo_kernel3_plus_4_a
5456	0.000021160	369120	ops_par_loop_group_61	update_halo_kernel2_xvel_plus_2_a+update_halo_kernel2_yvel_minus_2_a+update_halo_kernel3_plus_2_a
5457	0.000019236	246080	ops_par_loop_group_62	update_halo_kernel2_xvel_plus_4_b+update_halo_kernel2_yvel_minus_4_b
5458	0.000020389	369120	ops_par_loop_group_63	update_halo_kernel2_xvel_plus_2_b+update_halo_kernel2_yvel_minus_2_b+update_halo_kernel3_plus_4_b
5459	0.000021702	246080	ops_par_loop_group_64	update_halo_kernel2_xvel_minus_4_b+update_halo_kernel2_yvel_plus_4_b
5460	0.000019627	123040	ops_par_loop_update_halo_kernel3_plus_2_b_110	update_halo_kernel3_plus_2_b
5461	0.000019166	123008	ops_par_loop_update_halo_kernel3_minus_4_b_113	update_halo_kernel3_minus_4_b
5462	0.000017914	123008	ops_par_loop_update_halo_kernel4_minus_4_b_117	update_halo_kernel4_minus_4_b
5463	0.000021020	553536	ops_par_loop_group_68	update_halo_kernel1_t2+update_halo_kernel4_minus_2_b
5464	0.000019918	430528	ops_par_loop_update_halo_kernel1_t1_86	update_halo_kernel1_t1
5465	0.000026420	553536	ops_par_loop_group_70	update_halo_kernel1_l2+update_halo_kernel3_minus_4_a
5466	0.000023074	553536	ops_par_loop_group_71	update_halo_kernel1_l1+update_halo_kernel3_minus_2_a
5467	0.000024667	553536	ops_par_loop_group_72	update_halo_kernel1_r2+update_halo_kernel3_minus_2_b
5468	0.000020990	430528	ops_par_loop_update_halo_kernel1_r1_90	update_halo_kernel1_r1
5469	0.000022693	369120	ops_par_loop_group_74	update_halo_kernel2_xvel_minus_4_a+update_halo_kernel2_yvel_plus_4_a+update_halo_kernel4_plus_4_a
5470	0.000021210	369120	ops_par_loop_group_75	update_halo_kernel2_xvel_minus_2_a+update_halo_kernel2_yvel_plus_2_a+update_halo_kernel4_plus_2_a
5471	0.000022473	369120	ops_par_loop_group_76	update_halo_kernel2_xvel_minus_2_b+update_halo_kernel2_yvel_plus_2_b+update_halo_kernel4_plus_4_b
5472	0.000019648	123040	ops_par_loop_update_halo_kernel4_plus_2_b_122	update_halo_kernel4_plus_2_b
5473	0.000489389	472842752	ops_par_loop_advec_mom_kernel_y2_123	advec_mom_kernel_y2
5474	0.000191343	236236864	ops_par_loop_advec_mom_kernel_mass_flux_y_124	advec_mom_kernel_mass_flux_y
5475	0.000532441	590438520	ops_par_loop_advec_mom_kernel_post_pre_advec_y_125	advec_mom_kernel_post_pre_advec_y
5476	0.000879190	472258640	ops_par_loop_advec_mom_kernel1_y_nonvector_126	advec_mom_kernel1_y_nonvector
5477	0.000458321	590131240	ops_par_loop_advec_mom_kernel2_y_127	advec_mom_kernel2_y
5478	0.000489750	472842752	ops_par_loop_advec_mom_kernel_y2_128	advec_mom_kernel_y2
5479	0.000191935	236236864	ops_par_loop_advec_mom_kernel_mass_flux_y_129	advec_mom_kernel_mass_flux_y
5480	0.000532381	590438520	ops_par_loop_advec_mom_kernel_post_pre_advec_y_130	advec_mom_kernel_post_pre_advec_y
5481	0.000873769	472258640	ops_par_loop_advec_mom_kernel1_y_nonvector_131	advec_mom_kernel1_y_nonvector
5482	0.000434455	471859200	ops_par_loop_reset_field_kernel1_133	reset_field_kernel1
5483	0.001434334	1534095432	ops_par_loop_group_88	advec_mom_kernel2_y+reset_field_kernel2+ideal_gas_kernel
5484	0.000021130	430304	ops_par_loop_update_halo_kernel1_b1_136	update_halo_kernel1_b1
5485	0.000019737	430304	ops_par_loop_update_halo_kernel1_t1_137	update_halo_kernel1_t1
5486	0.000024747	430304	ops_par_loop_update_halo_kernel1_l1_138	update_halo_kernel1_l1
5487	0.000024076	430304	ops_par_loop_update_halo_kernel1_r1_139	update_halo_kernel1_r1
5488	0.000018495	245952	ops_par_loop_group_93	update_halo_kernel2_xvel_plus_2_a+update_halo_kernel2_yvel_minus_2_a
5489	0.000021090	245952	ops_par_loop_group_94	update_halo_kernel2_xvel_plus_2_b+update_halo_kernel2_yvel_minus_2_b
5490	0.000021691	245952	ops_par_loop_group_95	update_halo_kernel2_xvel_minus_2_a+update_halo_kernel2_yvel_plus_2_a
5491	0.000021942	245952	ops_par_loop_group_96	update_halo_kernel2_xvel_minus_2_b+update_halo_kernel2_yvel_plus_2_b
5492	0.001732239	589885440	ops_par_loop_viscosity_kernel_148	viscosity_kernel
5493	0.000021801	430304	ops_par_loop_update_halo_kernel1_b1_149	update_halo_kernel1_b1
5494	0.000021771	430304	ops_par_loop_update_halo_kernel1_t1_150	update_halo_kernel1_t1
5495	0.000024277	430304	ops_par_loop_update_halo_kernel1_l1_151	update_halo_kernel1_l1
5496	0.000023525	430304	ops_par_loop_update_halo_kernel1_r1_152	update_halo_kernel1_r1
5497	0.000917362	1061744640	ops_par_loop_calc_dt_kernel_153	calc_dt_kernel
5498	0.001487254	1887436800	ops_par_loop_group_0	PdV_kernel_predict+ideal_gas_kernel
5499	0.000023054	430304	ops_par_loop_update_halo_kernel1_b1_2	update_halo_kernel1_b1
5500	0.000019868	430304	ops_par_loop_update_halo_kernel1_t1_3	update_halo_kernel1_t1
5501	0.000023695	430304	ops_par_loop_update_halo_kernel1_l1_4	update_halo_kernel1_l1
5502	0.000023265	430304	ops_par_loop_update_halo_kernel1_r1_5	update_halo_kernel1_r1
5503	0.001093667	1298288728	ops_par_loop_accelerate_kernel_7	accelerate_kernel
5504	0.001350555	2123366400	ops_par_loop_group_6	revert_kernel+PdV_kernel_nopredict
5505	0.000360325	471982080	ops_par_loop_flux_calc_kernelx_9	flux_calc_kernelx
5506	0.000358481	471982080	ops_par_loop_flux_calc_kernely_10	flux_calc_kernely
5507	0.000021791	553536	ops_par_loop_group_9	update_halo_kernel1_b2+update_halo_kernel4_minus_4_a
5508	0.000020669	553536	ops_par_loop_group_10	update_halo_kernel1_b1+update_halo_kernel4_minus_2_a
5509	0.000020839	369120	ops_par_loop_group_11	update_halo_kernel3_plus_4_a+update_halo_kernel2_xvel_plus_4_a+update_halo_kernel2_yvel_minus_4_a
5510	0.000020008	369120	ops_par_loop_group_12	update_halo_kernel3_plus_2_a+update_halo_kernel2_xvel_plus_2_a+update_halo_kernel2_yvel_minus_2_a
5511	0.000018936	123008	ops_par_loop_update_halo_kernel4_minus_4_b_29	update_halo_kernel4_minus_4_b
5512	0.000020409	553536	ops_par_loop_group_14	update_halo_kernel1_t2+update_halo_kernel4_minus_2_b
5513	0.000019757	430528	ops_par_loop_update_halo_kernel1_t1_14	update_halo_kernel1_t1
5514	0.000027712	246080	ops_par_loop_group_16	update_halo_kernel2_xvel_plus_4_b+update_halo_kernel2_yvel_minus_4_b
5515	0.000020609	369120	ops_par_loop_group_17	update_halo_kernel3_plus_4_b+update_halo_kernel2_xvel_plus_2_b+update_halo_kernel2_yvel_minus_2_b
5516	0.000019227	123040	ops_par_loop_update_halo_kernel3_plus_2_b_22	update_halo_kernel3_plus_2_b
5517	0.000026110	553536	ops_par_loop_group_19	update_halo_kernel1_l2+update_halo_kernel3_minus_4_a
5518	0.000022934	553536	ops_par_loop_group_20	update_halo_kernel1_l1+update_halo_kernel3_minus_2_a
5519	0.000019156	123008	ops_par_loop_update_halo_kernel3_minus_4_b_25	update_halo_kernel3_minus_4_b
5520	0.000024146	553536	ops_par_loop_group_22	update_halo_kernel1_r2+update_halo_kernel3_minus_2_b
5521	0.000020669	430528	ops_par_loop_update_halo_kernel1_r1_18	update_halo_kernel1_r1
5522	0.000023244	369120	ops_par_loop_group_24	update_halo_kernel4_plus_4_a+update_halo_kernel2_xvel_minus_4_a+update_halo_kernel2_yvel_plus_4_a
5523	0.000021311	369120	ops_par_loop_group_25	update_halo_kernel4_plus_2_a+update_halo_kernel2_xvel_minus_2_a+update_halo_kernel2_yvel_plus_2_a
5524	0.000020129	246080	ops_par_loop_group_26	update_halo_kernel2_xvel_minus_4_b+update_halo_kernel2_yvel_plus_4_b
5525	0.000022092	369120	ops_par_loop_group_27	update_halo_kernel4_plus_4_b+update_halo_kernel2_xvel_minus_2_b+update_halo_kernel2_yvel_plus_2_b
5526	0.000018605	123040	ops_par_loop_update_halo_kernel4_plus_2_b_34	update_halo_kernel4_plus_2_b
5527	0.000561917	591053440	ops_par_loop_advec_cell_kernel1_ydir_35	advec_cell_kernel1_ydir
5528	0.000787605	708203544	ops_par_loop_advec_cell_kernel3_ydir_36	advec_cell_kernel3_ydir
5529	0.001474751	1533542400	ops_par_loop_advec_cell_kernel4_ydir_37	advec_cell_kernel4_ydir
5530	0.000022423	553536	ops_par_loop_group_32	update_halo_kernel1_b2+update_halo_kernel4_minus_4_a
5531	0.000021441	553536	ops_par_loop_group_33	update_halo_kernel1_b1+update_halo_kernel4_minus_2_a
5532	0.000019177	123008	ops_par_loop_update_halo_kernel4_minus_4_b_64	update_halo_kernel4_minus_4_b
5533	0.000020699	553536	ops_par_loop_group_35	update_halo_kernel1_t2+update_halo_kernel4_minus_2_b
5534	0.000020048	430528	ops_par_loop_update_halo_kernel1_t1_41	update_halo_kernel1_t1
5535	0.000024386	430528	ops_par_loop_update_halo_kernel1_l2_42	update_halo_kernel1_l2
5536	0.000020839	430528	ops_par_loop_update_halo_kernel1_l1_43	update_halo_kernel1_l1
5537	0.000022994	430528	ops_par_loop_update_halo_kernel1_r2_44	update_halo_kernel1_r2
5538	0.000020388	430528	ops_par_loop_update_halo_kernel1_r1_45	update_halo_kernel1_r1
5539	0.000019607	123040	ops_par_loop_update_halo_kernel4_plus_4_a_66	update_halo_kernel4_plus_4_a
5540	0.000018405	123040	ops_par_loop_update_halo_kernel4_plus_2_a_67	update_halo_kernel4_plus_2_a
5541	0.000018825	123040	ops_par_loop_update_halo_kernel4_plus_4_b_68	update_halo_kernel4_plus_4_b
5542	0.000018495	123040	ops_par_loop_update_halo_kernel4_plus_2_b_69	update_halo_kernel4_plus_2_b
5543	0.000562989	591053440	ops_par_loop_advec_mom_kernel_y1_70	advec_mom_kernel_y1
5544	0.000191304	236236864	ops_par_loop_advec_mom_kernel_mass_flux_y_71	advec_mom_kernel_mass_flux_y
5545	0.000532662	590438520	ops_par_loop_advec_mom_kernel_post_pre_advec_y_72	advec_mom_kernel_post_pre_advec_y
5546	0.000877857	472258640	ops_par_loop_advec_mom_kernel1_y_nonvector_73	advec_mom_kernel1_y_nonvector
5547	0.000447430	590131240	ops_par_loop_advec_mom_kernel2_y_74	advec_mom_kernel2_y
5548	0.000562749	591053440	ops_par_loop_advec_mom_kernel_y1_75	advec_mom_kernel_y1
5549	0.000191984	236236864	ops_par_loop_advec_mom_kernel_mass_flux_y_76	advec_mom_kernel_mass_flux_y
5550	0.000530978	590438520	ops_par_loop_advec_mom_kernel_post_pre_advec_y_77	advec_mom_kernel_post_pre_advec_y
5551	0.000873830	472258640	ops_par_loop_advec_mom_kernel1_y_nonvector_78	advec_mom_kernel1_y_nonvector
5552	0.000454332	590131240	ops_par_loop_advec_mom_kernel2_y_79	advec_mom_kernel2_y
5553	0.000492725	472842752	ops_par_loop_advec_cell_kernel2_xdir_80	advec_cell_kernel2_xdir
5554	0.000773920	708203544	ops_par_loop_advec_cell_kernel3_xdir_81	advec_cell_kernel3_xdir
5555	0.001462558	1533542400	ops_par_loop_advec_cell_kernel4_xdir_82	advec_cell_kernel4_xdir
5556	0.000024957	553536	ops_par_loop_group_58	update_halo_kernel1_b2+update_halo_kernel4_minus_4_a
5557	0.000022513	553536	ops_par_loop_group_59	update_halo_kernel1_b1+update_halo_kernel4_minus_2_a
5558	0.000023124	369120	ops_par_loop_group_60	update_halo_kernel2_xvel_plus_4_a+update_halo_kernel2_yvel_minus_4_a+update_halo_kernel3_plus_4_a
5559	0.000022452	369120	ops_par_loop_group_61	update_halo_kernel2_xvel_plus_2_a+update_halo_kernel2_yvel_minus_2_a+update_halo_kernel3_plus_2_a
5560	0.000020509	246080	ops_par_loop_group_62	update_halo_kernel2_xvel_plus_4_b+update_halo_kernel2_yvel_minus_4_b
5561	0.000021240	369120	ops_par_loop_group_63	update_halo_kernel2_xvel_plus_2_b+update_halo_kernel2_yvel_minus_2_b+update_halo_kernel3_plus_4_b
5562	0.000022794	246080	ops_par_loop_group_64	update_halo_kernel2_xvel_minus_4_b+update_halo_kernel2_yvel_plus_4_b
5563	0.000020428	123040	ops_par_loop_update_halo_kernel3_plus_2_b_110	update_halo_kernel3_plus_2_b
5564	0.000020118	123008	ops_par_loop_update_halo_kernel3_minus_4_b_113	update_halo_kernel3_minus_4_b
5565	0.000019026	123008	ops_par_loop_update_halo_kernel4_minus_4_b_117	update_halo_kernel4_minus_4_b
5566	0.000022693	553536	ops_par_loop_group_68	update_halo_kernel1_t2+update_halo_kernel4_minus_2_b
5567	0.000021711	430528	ops_par_loop_update_halo_kernel1_t1_86	update_halo_kernel1_t1
5568	0.000028193	553536	ops_par_loop_group_70	update_halo_kernel1_l2+update_halo_kernel3_minus_4_a
5569	0.000023765	553536	ops_par_loop_group_71	update_halo_kernel1_l1+update_halo_kernel3_minus_2_a
5570	0.000025108	553536	ops_par_loop_group_72	update_halo_kernel1_r2+update_halo_kernel3_minus_2_b
5571	0.000021922	430528	ops_par_loop_update_halo_kernel1_r1_90	update_halo_kernel1_r1
5572	0.000023976	369120	ops_par_loop_group_74	update_halo_kernel2_xvel_minus_4_a+update_halo_kernel2_yvel_plus_4_a+update_halo_kernel4_plus_4_a
5573	0.000023084	369120	ops_par_loop_group_75	update_halo_kernel2_xvel_minus_2_a+update_halo_kernel2_yvel_plus_2_a+update_halo_kernel4_plus_2_a
5574	0.000023895	369120	ops_par_loop_group_76	update_halo_kernel2_xvel_minus_2_b+update_halo_kernel2_yvel_plus_2_b+update_halo_kernel4_plus_4_b
5575	0.000019347	123040	ops_par_loop_update_halo_kernel4_plus_2_b_122	update_halo_kernel4_plus_2_b
5576	0.000496974	472842752	ops_par_loop_advec_mom_kernel_x2_123	advec_mom_kernel_x2
5577	0.000195301	236236864	ops_par_loop_advec_mom_kernel_mass_flux_x_124	advec_mom_kernel_mass_flux_x
5578	0.000577407	590438520	ops_par_loop_advec_mom_kernel_post_pre_advec_x_125	advec_mom_kernel_post_pre_advec_x
5579	0.000882936	472258640	ops_par_loop_advec_mom_kernel1_x_nonvector_126	advec_mom_kernel1_x_nonvector
5580	0.000443823	590131240	ops_par_loop_advec_mom_kernel2_x_127	advec_mom_kernel2_x
5581	0.000500220	472842752	ops_par_loop_advec_mom_kernel_x2_128	advec_mom_kernel_x2
5582	0.000194740	236236864	ops_par_loop_advec_mom_kernel_mass_flux_x_129	advec_mom_kernel_mass_flux_x
5583	0.000575523	590438520	ops_par_loop_advec_mom_kernel_post_pre_advec_x_130	advec_mom_kernel_post_pre_advec_x
5584	0.000884600	472258640	ops_par_loop_advec_mom_kernel1_x_nonvector_131	advec_mom_kernel1_x_nonvector
5585	0.000434105	471859200	ops_par_loop_reset_field_kernel1_133	reset_field_kernel1
5586	0.001436859	1534095432	ops_par_loop_group_88	advec_mom_kernel2_x+reset_field_kernel2+ideal_gas_kernel
5587	0.000028584	430304	ops_par_loop_update_halo_kernel1_b1_136	update_halo_kernel1_b1
5588	0.000020128	430304	ops_par_loop_update_halo_kernel1_t1_137	update_halo_kernel1_t1
5589	0.000023775	430304	ops_par_loop_update_halo_kernel1_l1_138	update_halo_kernel1_l1
5590	0.000024316	430304	ops_par_loop_update_halo_kernel1_r1_139	update_halo_kernel1_r1
5591	0.000019698	245952	ops_par_loop_group_93	update_halo_kernel2_xvel_plus_2_a+update_halo_kernel2_yvel_minus_2_a
5592	0.000019246	245952	ops_par_loop_group_94	update_halo_kernel2_xvel_plus_2_b+update_halo_kernel2_yvel_minus_2_b
5593	0.000021110	245952	ops_par_loop_group_95	update_halo_kernel2_xvel_minus_2_a+update_halo_kernel2_yvel_plus_2_a
5594	0.000021571	245952	ops_par_loop_group_96	update_halo_kernel2_xvel_minus_2_b+update_halo_kernel2_yvel_plus_2_b
5595	0.001732941	589885440	ops_par_loop_viscosity_kernel_148	viscosity_kernel
5596	0.000028114	430304	ops_par_loop_update_halo_kernel1_b1_149	update_halo_kernel1_b1
5597	0.000021231	430304	ops_par_loop_update_halo_kernel1_t1_150	update_halo_kernel1_t1
5598	0.000024226	430304	ops_par_loop_update_halo_kernel1_l1_151	update_halo_kernel1_l1
5599	0.000023976	430304	ops_par_loop_update_halo_kernel1_r1_152	update_halo_kernel1_r1
5600	0.000917052	1061744640	ops_par_loop_calc_dt_kernel_153	calc_dt_kernel
5601	0.001488817	1887436800	ops_par_loop_group_0	PdV_kernel_predict+ideal_gas_kernel
5602	0.000022663	430304	ops_par_loop_update_halo_kernel1_b1_2	update_halo_kernel1_b1
5603	0.000020529	430304	ops_par_loop_update_halo_kernel1_t1_3	update_halo_kernel1_t1
5604	0.000023625	430304	ops_par_loop_update_halo_kernel1_l1_4	update_halo_kernel1_l1
5605	0.000023655	430304	ops_par_loop_update_halo_kernel1_r1_5	update_halo_kernel1_r1
5606	0.001096482	1298288728	ops_par_loop_accelerate_kernel_7	accelerate_kernel
5607	0.001357378	2123366400	ops_par_loop_group_6	revert_kernel+PdV_kernel_nopredict
5608	0.000364001	471982080	ops_par_loop_flux_calc_kernelx_9	flux_calc_kernelx
5609	0.000365184	471982080	ops_par_loop_flux_calc_kernely_10	flux_calc_kernely
5610	0.000022222	553536	ops_par_loop_group_9	update_halo_kernel1_b2+update_halo_kernel4_minus_4_a
5611	0.000021030	553536	ops_par_loop_group_10	update_halo_kernel1_b1+update_halo_kernel4_minus_2_a
5612	0.000021401	369120	ops_par_loop_group_11	update_halo_kernel3_plus_4_a+update_halo_kernel2_xvel_plus_4_a+update_halo_kernel2_yvel_minus_4_a
5613	0.000020509	369120	ops_par_loop_group_12	update_halo_kernel3_plus_2_a+update_halo_kernel2_xvel_plus_2_a+update_halo_kernel2_yvel_minus_2_a
5614	0.000018876	123008	ops_par_loop_update_halo_kernel4_minus_4_b_29	update_halo_kernel4_minus_4_b
5615	0.000021331	553536	ops_par_loop_group_14	update_halo_kernel1_t2+update_halo_kernel4_minus_2_b
5616	0.000020409	430528	ops_par_loop_update_halo_kernel1_t1_14	update_halo_kernel1_t1
5617	0.000019106	246080	ops_par_loop_group_16	update_halo_kernel2_xvel_plus_4_b+update_halo_kernel2_yvel_minus_4_b
5618	0.000020509	369120	ops_par_loop_group_17	update_halo_kernel3_plus_4_b+update_halo_kernel2_xvel_plus_2_b+update_halo_kernel2_yvel_minus_2_b
5619	0.000018886	123040	ops_par_loop_update_halo_kernel3_plus_2_b_22	update_halo_kernel3_plus_2_b
5620	0.000025859	553536	ops_par_loop_group_19	update_halo_kernel1_l2+update_halo_kernel3_minus_4_a
5621	0.000023234	553536	ops_par_loop_group_20	update_halo_kernel1_l1+update_halo_kernel3_minus_2_a
5622	0.000018645	123008	ops_par_loop_update_halo_kernel3_minus_4_b_25	update_halo_kernel3_minus_4_b
5623	0.000024587	553536	ops_par_loop_group_22	update_halo_kernel1_r2+update_halo_kernel3_minus_2_b
5624	0.000021481	430528	ops_par_loop_update_halo_kernel1_r1_18	update_halo_kernel1_r1
5625	0.000022653	369120	ops_par_loop_group_24	update_halo_kernel4_plus_4_a+update_halo_kernel2_xvel_minus_4_a+update_halo_kernel2_yvel_plus_4_a
5626	0.000021902	369120	ops_par_loop_group_25	update_halo_kernel4_plus_2_a+update_halo_kernel2_xvel_minus_2_a+update_halo_kernel2_yvel_plus_2_a
5627	0.000021661	246080	ops_par_loop_group_26	update_halo_kernel2_xvel_minus_4_b+update_halo_kernel2_yvel_plus_4_b
5628	0.000022483	369120	ops_par_loop_group_27	update_halo_kernel4_plus_4_b+update_halo_kernel2_xvel_minus_2_b+update_halo_kernel2_yvel_plus_2_b
5629	0.000018505	123040	ops_par_loop_update_halo_kernel4_plus_2_b_34	update_halo_kernel4_plus_2_b
5630	0.000562589	591053440	ops_par_loop_advec_cell_kernel1_xdir_35	advec_cell_kernel1_xdir
5631	0.000772016	708203544	ops_par_loop_advec_cell_kernel3_xdir_36	advec_cell_kernel3_xdir
5632	0.001460454	1533542400	ops_par_loop_advec_cell_kernel4_xdir_37	advec_cell_kernel4_xdir
5633	0.000021420	430528	ops_par_loop_update_halo_kernel1_b2_38	update_halo_kernel1_b2
5634	0.000020569	430528	ops_par_loop_update_halo_kernel1_b1_39	update_halo_kernel1_b1
5635	0.000020398	430528	ops_par_loop_update_halo_kernel1_t2_40	update_halo_kernel1_t2
5636	0.000019998	430528	ops_par_loop_update_halo_kernel1_t1_41	update_halo_kernel1_t1
5637	0.000018996	123040	ops_par_loop_update_halo_kernel3_plus_4_a_62	update_halo_kernel3_plus_4_a
5638	0.000018815	123040	ops_par_loop_update_halo_kernel3_plus_2_a_63	update_halo_kernel3_plus_2_a
5639	0.000018815	123040	ops_par_loop_update_halo_kernel3_plus_4_b_64	update_halo_kernel3_plus_4_b
5640	0.000018495	123040	ops_par_loop_update_halo_kernel3_plus_2_b_65	update_halo_kernel3_plus_2_b
5641	0.000031460	553536	ops_par_loop_group_40	update_halo_kernel1_l2+update_halo_kernel3_minus_4_a
5642	0.000023675	553536	ops_par_loop_group_41	update_halo_kernel1_l1+update_halo_kernel3_minus_2_a
5643	0.000019437	123008	ops_par_loop_update_halo_kernel3_minus_4_b_68	update_halo_kernel3_minus_4_b
5644	0.000024757	553536	ops_par_loop_group_43	update_halo_kernel1_r2+update_halo_kernel3_minus_2_b
5645	0.000021831	430528	ops_par_loop_update_halo_kernel1_r1_45	update_halo_kernel1_r1
5646	0.000561897	591053440	ops_par_loop_advec_mom_kernel_x1_70	advec_mom_kernel_x1
5647	0.000194139	236236864	ops_par_loop_advec_mom_kernel_mass_flux_x_71	advec_mom_kernel_mass_flux_x
5648	0.000575873	590438520	ops_par_loop_advec_mom_kernel_post_pre_advec_x_72	advec_mom_kernel_post_pre_advec_x
5649	0.000882255	472258640	ops_par_loop_advec_mom_kernel1_x_nonvector_73	advec_mom_kernel1_x_nonvector
5650	0.000447590	590131240	ops_par_loop_advec_mom_kernel2_x_74	advec_mom_kernel2_x
5651	0.000563880	591053440	ops_par_loop_advec_mom_kernel_x1_75	advec_mom_kernel_x1
5652	0.000193998	236236864	ops_par_loop_advec_mom_kernel_mass_flux_x_76	advec_mom_kernel_mass_flux_x
5653	0.000575563	590438520	ops_par_loop_advec_mom_kernel_post_pre_advec_x_77	advec_mom_kernel_post_pre_advec_x
5654	0.000884399	472258640	ops_par_loop_advec_mom_kernel1_x_nonvector_78	advec_mom_kernel1_x_nonvector
5655	0.000442941	590131240	ops_par_loop_advec_mom_kernel2_x_79	advec_mom_kernel2_x
5656	0.000497966	472842752	ops_par_loop_advec_cell_kernel2_ydir_80	advec_cell_kernel2_ydir
5657	0.000788447	708203544	ops_par_loop_advec_cell_kernel3_ydir_81	advec_cell_kernel3_ydir
5658	0.001475512	1533542400	ops_par_loop_advec_cell_kernel4_ydir_82	advec_cell_kernel4_ydir
5659	0.000028304	553536	ops_par_loop_group_58	update_halo_kernel1_b2+update_halo_kernel4_minus_4_a
5660	0.000023795	553536	ops_par_loop_group_59	update_halo_kernel1_b1+update_halo_kernel4_minus_2_a
5661	0.000022202	369120	ops_par_loop_group_60	update_halo_kernel2_xvel_plus_4_a+update_halo_kernel2_yvel_minus_4_a+update_halo_kernel3_plus_4_a
5662	0.000022693	369120	ops_par_loop_group_61	update_halo_kernel2_xvel_plus_2_a+update_halo_kernel2_yvel_minus_2_a+update_halo_kernel3_plus_2_a
5663	0.000020910	246080	ops_par_loop_group_62	update_halo_kernel2_xvel_plus_4_b+update_halo_kernel2_yvel_minus_4_b
5664	0.000021371	369120	ops_par_loop_group_63	update_halo_kernel2_xvel_plus_2_b+update_halo_kernel2_yvel_minus_2_b+update_halo_kernel3_plus_4_b
5665	0.000021411	246080	ops_par_loop_group_64	update_halo_kernel2_xvel_minus_4_b+update_halo_kernel2_yvel_plus_4_b
5666	0.000023154	123040	ops_par_loop_update_halo_kernel3_plus_2_b_110	update_halo_kernel3_plus_2_b
5667	0.000022753	123008	ops_par_loop_update_halo_kernel3_minus_4_b_113	update_halo_kernel3_minus_4_b
5668	0.000019988	123008	ops_par_loop_update_halo_kernel4_minus_4_b_117	update_halo_kernel4_minus_4_b
5669	0.000023164	553536	ops_par_loop_group_68	update_halo_kernel1_t2+update_halo_kernel4_minus_2_b
5670	0.000022713	430528	ops_par_loop_update_halo_kernel1_t1_86	update_halo_kernel1_t1
5671	0.000029797	553536	ops_par_loop_group_70	update_halo_kernel1_l2+update_halo_kernel3_minus_4_a
5672	0.000024867	553536	ops_par_loop_group_71	update_halo_kernel1_l1+update_halo_kernel3_minus_2_a
5673	0.000027683	553536	ops_par_loop_group_72	update_halo_kernel1_r2+update_halo_kernel3_minus_2_b
5674	0.000023975	430528	ops_par_loop_update_halo_kernel1_r1_90	update_halo_kernel1_r1
5675	0.000025568	369120	ops_par_loop_group_74	update_halo_kernel2_xvel_minus_4_a+update_halo_kernel2_yvel_plus_4_a+update_halo_kernel4_plus_4_a
5676	0.000022333	369120	ops_par_loop_group_75	update_halo_kernel2_xvel_minus_2_a+update_halo_kernel2_yvel_plus_2_a+update_halo_kernel4_plus_2_a
5677	0.000025248	369120	ops_par_loop_group_76	update_halo_kernel2_xvel_minus_2_b+update_halo_kernel2_yvel_plus_2_b+update_halo_kernel4_plus_4_b
5678	0.000024416	123040	ops_par_loop_update_halo_kernel4_plus_2_b_122	update_halo_kernel4_plus_2_b
5679	0.000494590	472842752	ops_par_loop_advec_mom_kernel_y2_123	advec_mom_kernel_y2
5680	0.000196494	236236864	ops_par_loop_advec_mom_kernel_mass_flux_y_124	advec_mom_kernel_mass_flux_y
5681	0.000543111	590438520	ops_par_loop_advec_mom_kernel_post_pre_advec_y_125	advec_mom_kernel_post_pre_advec_y
5682	0.000879720	472258640	ops_par_loop_advec_mom_kernel1_y_nonvector_126	advec_mom_kernel1_y_nonvector
5683	0.000449013	590131240	ops_par_loop_advec_mom_kernel2_y_127	advec_mom_kernel2_y
5684	0.000489900	472842752	ops_par_loop_advec_mom_kernel_y2_128	advec_mom_kernel_y2
5685	0.000193016	236236864	ops_par_loop_advec_mom_kernel_mass_flux_y_129	advec_mom_kernel_mass_flux_y
5686	0.000532391	590438520	ops_par_loop_advec_mom_kernel_post_pre_advec_y_130	advec_mom_kernel_post_pre_advec_y
5687	0.000873739	472258640	ops_par_loop_advec_mom_kernel1_y_nonvector_131	advec_mom_kernel1_y_nonvector
5688	0.000435797	471859200	ops_par_loop_reset_field_kernel1_133	reset_field_kernel1
5689	0.001442569	1534095432	ops_par_loop_group_88	advec_mom_kernel2_y+reset_field_kernel2+ideal_gas_kernel
5690	0.000022143	430304	ops_par_loop_update_halo_kernel1_b1_136	update_halo_kernel1_b1
5691	0.000020238	430304	ops_par_loop_update_halo_kernel1_t1_137	update_halo_kernel1_t1
5692	0.000024476	430304	ops_par_loop_update_halo_kernel1_l1_138	update_halo_kernel1_l1
5693	0.000024497	430304	ops_par_loop_update_halo_kernel1_r1_139	update_halo_kernel1_r1
5694	0.000018795	245952	ops_par_loop_group_93	update_halo_kernel2_xvel_plus_2_a+update_halo_kernel2_yvel_minus_2_a
5695	0.000019406	245952	ops_par_loop_group_94	update_halo_kernel2_xvel_plus_2_b+update_halo_kernel2_yvel_minus_2_b
5696	0.000021291	245952	ops_par_loop_group_95	update_halo_kernel2_xvel_minus_2_a+update_halo_kernel2_yvel_plus_2_a
5697	0.000021450	245952	ops_par_loop_group_96	update_halo_kernel2_xvel_minus_2_b+update_halo_kernel2_yvel_plus_2_b
5698	0.001733462	589885440	ops_par_loop_viscosity_kernel_148	viscosity_kernel
5699	0.000022312	430304	ops_par_loop_update_halo_kernel1_b1_149	update_halo_kernel1_b1
5700	0.000019347	430304	ops_par_loop_update_halo_kernel1_t1_150	update_halo_kernel1_t1
5701	0.000023695	430304	ops_par_loop_update_halo_kernel1_l1_151	update_halo_kernel1_l1
5702	0.000023304	430304	ops_par_loop_update_halo_kernel1_r1_152	update_halo_kernel1_r1
5703	0.000917051	1061744640	ops_par_loop_calc_dt_kernel_153	calc_dt_kernel
5704	0.001492284	1887436800	ops_par_loop_group_0	PdV_kernel_predict+ideal_gas_kernel
5705	0.000020960	430304	ops_par_loop_update_halo_kernel1_b1_2	update_halo_kernel1_b1
5706	0.000019738	430304	ops_par_loop_update_halo_kernel1_t1_3	update_halo_kernel1_t1
5707	0.000023885	430304	ops_par_loop_update_halo_kernel1_l1_4	update_halo_kernel1_l1
5708	0.000023755	430304	ops_par_loop_update_halo_kernel1_r1_5	update_halo_kernel1_r1
5709	0.001097273	1298288728	ops_par_loop_accelerate_kernel_7	accelerate_kernel
5710	0.001355544	2123366400	ops_par_loop_group_6	revert_kernel+PdV_kernel_nopredict
5711	0.000360565	471982080	ops_par_loop_flux_calc_kernelx_9	flux_calc_kernelx
5712	0.000359693	471982080	ops_par_loop_flux_calc_kernely_10	flux_calc_kernely
5713	0.000022342	553536	ops_par_loop_group_9	update_halo_kernel1_b2+update_halo_kernel4_minus_4_a
5714	0.000020299	553536	ops_par_loop_group_10	update_halo_kernel1_b1+update_halo_kernel4_minus_2_a
5715	0.000021912	369120	ops_par_loop_group_11	update_halo_kernel3_plus_4_a+update_halo_kernel2_xvel_plus_4_a+update_halo_kernel2_yvel_minus_4_a
5716	0.000021291	369120	ops_par_loop_group_12	update_halo_kernel3_plus_2_a+update_halo_kernel2_xvel_plus_2_a+update_halo_kernel2_yvel_minus_2_a
5717	0.000019688	123008	ops_par_loop_update_halo_kernel4_minus_4_b_29	update_halo_kernel4_minus_4_b
5718	0.000020670	553536	ops_par_loop_group_14	update_halo_kernel1_t2+update_halo_kernel4_minus_2_b
5719	0.000020259	430528	ops_par_loop_update_halo_kernel1_t1_14	update_halo_kernel1_t1
5720	0.000020048	246080	ops_par_loop_group_16	update_halo_kernel2_xvel_plus_4_b+update_halo_kernel2_yvel_minus_4_b
5721	0.000020268	369120	ops_par_loop_group_17	update_halo_kernel3_plus_4_b+update_halo_kernel2_xvel_plus_2_b+update_halo_kernel2_yvel_minus_2_b
5722	0.000018766	123040	ops_par_loop_update_halo_kernel3_plus_2_b_22	update_halo_kernel3_plus_2_b
5723	0.000026170	553536	ops_par_loop_group_19	update_halo_kernel1_l2+update_halo_kernel3_minus_4_a
5724	0.000023284	553536	ops_par_loop_group_20	update_halo_kernel1_l1+update_halo_kernel3_minus_2_a
5725	0.000018946	123008	ops_par_loop_update_halo_kernel3_minus_4_b_25	update_halo_kernel3_minus_4_b
5726	0.000023835	553536	ops_par_loop_group_22	update_halo_kernel1_r2+update_halo_kernel3_minus_2_b
5727	0.000020930	430528	ops_par_loop_update_halo_kernel1_r1_18	update_halo_kernel1_r1
5728	0.000022924	369120	ops_par_loop_group_24	update_halo_kernel4_plus_4_a+update_halo_kernel2_xvel_minus_4_a+update_halo_kernel2_yvel_plus_4_a
5729	0.000021271	369120	ops_par_loop_group_25	update_halo_kernel4_plus_2_a+update_halo_kernel2_xvel_minus_2_a+update_halo_kernel2_yvel_plus_2_a
5730	0.000020328	246080	ops_par_loop_group_26	update_halo_kernel2_xvel_minus_4_b+update_halo_kernel2_yvel_plus_4_b
5731	0.000022563	369120	ops_par_loop_group_27	update_halo_kernel4_plus_4_b+update_halo_kernel2_xvel_minus_2_b+update_halo_kernel2_yvel_plus_2_b
5732	0.000018686	123040	ops_par_loop_update_halo_kernel4_plus_2_b_34	update_halo_kernel4_plus_2_b
5733	0.000561126	591053440	ops_par_loop_advec_cell_kernel1_ydir_35	advec_cell_kernel1_ydir
5734	0.000788277	708203544	ops_par_loop_advec_cell_kernel3_ydir_36	advec_cell_kernel3_ydir
5735	0.001475672	1533542400	ops_par_loop_advec_cell_kernel4_ydir_37	advec_cell_kernel4_ydir
5736	0.000022072	553536	ops_par_loop_group_32	update_halo_kernel1_b2+update_halo_kernel4_minus_4_a
5737	0.000020869	553536	ops_par_loop_group_33	update_halo_kernel1_b1+update_halo_kernel4_minus_2_a
5738	0.000018445	123008	ops_par_loop_update_halo_kernel4_minus_4_b_64	update_halo_kernel4_minus_4_b
5739	0.000020989	553536	ops_par_loop_group_35	update_halo_kernel1_t2+update_halo_kernel4_minus_2_b
5740	0.000020709	430528	ops_par_loop_update_halo_kernel1_t1_41	update_halo_kernel1_t1
5741	0.000023444	430528	ops_par_loop_update_halo_kernel1_l2_42	update_halo_kernel1_l2
5742	0.000021541	430528	ops_par_loop_update_halo_kernel1_l1_43	update_halo_kernel1_l1
5743	0.000022242	430528	ops_par_loop_update_halo_kernel1_r2_44	update_halo_kernel1_r2
5744	0.000020549	430528	ops_par_loop_update_halo_kernel1_r1_45	update_halo_kernel1_r1
5745	0.000018976	123040	ops_par_loop_update_halo_kernel4_plus_4_a_66	update_halo_kernel4_plus_4_a
5746	0.000018805	123040	ops_par_loop_update_halo_kernel4_plus_2_a_67	update_halo_kernel4_plus_2_a
5747	0.000019287	123040	ops_par_loop_update_halo_kernel4_plus_4_b_68	update_halo_kernel4_plus_4_b
5748	0.000018265	123040	ops_par_loop_update_halo_kernel4_plus_2_b_69	update_halo_kernel4_plus_2_b
5749	0.000561586	591053440	ops_par_loop_advec_mom_kernel_y1_70	advec_mom_kernel_y1
5750	0.000191835	236236864	ops_par_loop_advec_mom_kernel_mass_flux_y_71	advec_mom_kernel_mass_flux_y
5751	0.000533633	590438520	ops_par_loop_advec_mom_kernel_post_pre_advec_y_72	advec_mom_kernel_post_pre_advec_y
5752	0.000877757	472258640	ops_par_loop_advec_mom_kernel1_y_nonvector_73	advec_mom_kernel1_y_nonvector
5753	0.000452410	590131240	ops_par_loop_advec_mom_kernel2_y_74	advec_mom_kernel2_y
5754	0.000560083	591053440	ops_par_loop_advec_mom_kernel_y1_75	advec_mom_kernel_y1
5755	0.000192485	236236864	ops_par_loop_advec_mom_kernel_mass_flux_y_76	advec_mom_kernel_mass_flux_y
5756	0.000533393	590438520	ops_par_loop_advec_mom_kernel_post_pre_advec_y_77	advec_mom_kernel_post_pre_advec_y
5757	0.000873078	472258640	ops_par_loop_advec_mom_kernel1_y_nonvector_78	advec_mom_kernel1_y_nonvector
5758	0.000454584	590131240	ops_par_loop_advec_mom_kernel2_y_79	advec_mom_kernel2_y
5759	0.000489830	472842752	ops_par_loop_advec_cell_kernel2_xdir_80	advec_cell_kernel2_xdir
5760	0.000772858	708203544	ops_par_loop_advec_cell_kernel3_xdir_81	advec_cell_kernel3_xdir
5761	0.001460323	1533542400	ops_par_loop_advec_cell_kernel4_xdir_82	advec_cell_kernel4_xdir
5762	0.000022302	553536	ops_par_loop_group_58	update_halo_kernel1_b2+update_halo_kernel4_minus_4_a
5763	0.000021150	553536	ops_par_loop_group_59	update_halo_kernel1_b1+update_halo_kernel4_minus_2_a
5764	0.000021932	369120	ops_par_loop_group_60	update_halo_kernel2_xvel_plus_4_a+update_halo_kernel2_yvel_minus_4_a+update_halo_kernel3_plus_4_a
5765	0.000021230	369120	ops_par_loop_group_61	update_halo_kernel2_xvel_plus_2_a+update_halo_kernel2_yvel_minus_2_a+update_halo_kernel3_plus_2_a
5766	0.000019507	246080	ops_par_loop_group_62	update_halo_kernel2_xvel_plus_4_b+update_halo_kernel2_yvel_minus_4_b
5767	0.000020930	369120	ops_par_loop_group_63	update_halo_kernel2_xvel_plus_2_b+update_halo_kernel2_yvel_minus_2_b+update_halo_kernel3_plus_4_b
5768	0.000021481	246080	ops_par_loop_group_64	update_halo_kernel2_xvel_minus_4_b+update_halo_kernel2_yvel_plus_4_b
5769	0.000019357	123040	ops_par_loop_update_halo_kernel3_plus_2_b_110	update_halo_kernel3_plus_2_b
5770	0.000019157	123008	ops_par_loop_update_halo_kernel3_minus_4_b_113	update_halo_kernel3_minus_4_b
5771	0.000018275	123008	ops_par_loop_update_halo_kernel4_minus_4_b_117	update_halo_kernel4_minus_4_b
5772	0.000021551	553536	ops_par_loop_group_68	update_halo_kernel1_t2+update_halo_kernel4_minus_2_b
5773	0.000020529	430528	ops_par_loop_update_halo_kernel1_t1_86	update_halo_kernel1_t1
5774	0.000026280	553536	ops_par_loop_group_70	update_halo_kernel1_l2+update_halo_kernel3_minus_4_a
5775	0.000022913	553536	ops_par_loop_group_71	update_halo_kernel1_l1+update_halo_kernel3_minus_2_a
5776	0.000024777	553536	ops_par_loop_group_72	update_halo_kernel1_r2+update_halo_kernel3_minus_2_b
5777	0.000021521	430528	ops_par_loop_update_halo_kernel1_r1_90	update_halo_kernel1_r1
5778	0.000023825	369120	ops_par_loop_group_74	update_halo_kernel2_xvel_minus_4_a+update_halo_kernel2_yvel_plus_4_a+update_halo_kernel4_plus_4_a
5779	0.000021471	369120	ops_par_loop_group_75	update_halo_kernel2_xvel_minus_2_a+update_halo_kernel2_yvel_plus_2_a+update_halo_kernel4_plus_2_a
5780	0.000022042	369120	ops_par_loop_group_76	update_halo_kernel2_xvel_minus_2_b+update_halo_kernel2_yvel_plus_2_b+update_halo_kernel4_plus_4_b
5781	0.000018475	123040	ops_par_loop_update_halo_kernel4_plus_2_b_122	update_halo_kernel4_plus_2_b
5782	0.000497554	472842752	ops_par_loop_advec_mom_kernel_x2_123	advec_mom_kernel_x2
5783	0.000194208	236236864	ops_par_loop_advec_mom_kernel_mass_flux_x_124	advec_mom_kernel_mass_flux_x
5784	0.000574420	590438520	ops_par_loop_advec_mom_kernel_post_pre_advec_x_125	advec_mom_kernel_post_pre_advec_x
5785	0.000881554	472258640	ops_par_loop_advec_mom_kernel1_x_nonvector_126	advec_mom_kernel1_x_nonvector
5786	0.000450245	590131240	ops_par_loop_advec_mom_kernel2_x_127	advec_mom_kernel2_x
5787	0.000497234	472842752	ops_par_loop_advec_mom_kernel_x2_128	advec_mom_kernel_x2
5788	0.000194339	236236864	ops_par_loop_advec_mom_kernel_mass_flux_x_129	advec_mom_kernel_mass_flux_x
5789	0.000573129	590438520	ops_par_loop_advec_mom_kernel_post_pre_advec_x_130	advec_mom_kernel_post_pre_advec_x
5790	0.000885161	472258640	ops_par_loop_advec_mom_kernel1_x_nonvector_131	advec_mom_kernel1_x_nonvector
5791	0.000435447	471859200	ops_par_loop_reset_field_kernel1_133	reset_field_kernel1
5792	0.001433111	1534095432	ops_par_loop_group_88	advec_mom_kernel2_x+reset_field_kernel2+ideal_gas_kernel
5793	0.000021401	430304	ops_par_loop_update_halo_kernel1_b1_136	update_halo_kernel1_b1
5794	0.000019036	430304	ops_par_loop_update_halo_kernel1_t1_137	update_halo_kernel1_t1
5795	0.000024376	430304	ops_par_loop_update_halo_kernel1_l1_138	update_halo_kernel1_l1
5796	0.000023996	430304	ops_par_loop_update_halo_kernel1_r1_139	update_halo_kernel1_r1
5797	0.000019217	245952	ops_par_loop_group_93	update_halo_kernel2_xvel_plus_2_a+update_halo_kernel2_yvel_minus_2_a
5798	0.000019137	245952	ops_par_loop_group_94	update_halo_kernel2_xvel_plus_2_b+update_halo_kernel2_yvel_minus_2_b
5799	0.000021652	245952	ops_par_loop_group_95	update_halo_kernel2_xvel_minus_2_a+update_halo_kernel2_yvel_plus_2_a
5800	0.000020760	245952	ops_par_loop_group_96	update_halo_kernel2_xvel_minus_2_b+update_halo_kernel2_yvel_plus_2_b
5801	0.001733161	589885440	ops_par_loop_viscosity_kernel_148	viscosity_kernel
5802	0.000025689	430304	ops_par_loop_update_halo_kernel1_b1_149	update_halo_kernel1_b1
5803	0.000024156	430304	ops_par_loop_update_halo_kernel1_t1_150	update_halo_kernel1_t1
5804	0.000028645	430304	ops_par_loop_update_halo_kernel1_l1_151	update_halo_kernel1_l1
5805	0.000026099	430304	ops_par_loop_update_halo_kernel1_r1_152	update_halo_kernel1_r1
5806	0.000920839	1061744640	ops_par_loop_calc_dt_kernel_153	calc_dt_kernel
5807	0.001488386	1887436800	ops_par_loop_group_0	PdV_kernel_predict+ideal_gas_kernel
5808	0.000022643	430304	ops_par_loop_update_halo_kernel1_b1_2	update_halo_kernel1_b1
5809	0.000019336	430304	ops_par_loop_update_halo_kernel1_t1_3	update_halo_kernel1_t1
5810	0.000023474	430304	ops_par_loop_update_halo_kernel1_l1_4	update_halo_kernel1_l1
5811	0.000023514	430304	ops_par_loop_update_halo_kernel1_r1_5	update_halo_kernel1_r1
5812	0.001099448	1298288728	ops_par_loop_accelerate_kernel_7	accelerate_kernel
5813	0.001355935	2123366400	ops_par_loop_group_6	revert_kernel+PdV_kernel_nopredict
5814	0.000361947	471982080	ops_par_loop_flux_calc_kernelx_9	flux_calc_kernelx
5815	0.000358481	471982080	ops_par_loop_flux_calc_kernely_10	flux_calc_kernely
5816	0.000022483	553536	ops_par_loop_group_9	update_halo_kernel1_b2+update_halo_kernel4_minus_4_a
5817	0.000021100	553536	ops_par_loop_group_10	update_halo_kernel1_b1+update_halo_kernel4_minus_2_a
5818	0.000021140	369120	ops_par_loop_group_11	update_halo_kernel3_plus_4_a+update_halo_kernel2_xvel_plus_4_a+update_halo_kernel2_yvel_minus_4_a
5819	0.000020509	369120	ops_par_loop_group_12	update_halo_kernel3_plus_2_a+update_halo_kernel2_xvel_plus_2_a+update_halo_kernel2_yvel_minus_2_a
5820	0.000018405	123008	ops_par_loop_update_halo_kernel4_minus_4_b_29	update_halo_kernel4_minus_4_b
5821	0.000020479	553536	ops_par_loop_group_14	update_halo_kernel1_t2+update_halo_kernel4_minus_2_b
5822	0.000020089	430528	ops_par_loop_update_halo_kernel1_t1_14	update_halo_kernel1_t1
5823	0.000020439	246080	ops_par_loop_group_16	update_halo_kernel2_xvel_plus_4_b+update_halo_kernel2_yvel_minus_4_b
5824	0.000020419	369120	ops_par_loop_group_17	update_halo_kernel3_plus_4_b+update_halo_kernel2_xvel_plus_2_b+update_halo_kernel2_yvel_minus_2_b
5825	0.000018365	123040	ops_par_loop_update_halo_kernel3_plus_2_b_22	update_halo_kernel3_plus_2_b
5826	0.000025829	553536	ops_par_loop_group_19	update_halo_kernel1_l2+update_halo_kernel3_minus_4_a
5827	0.000022954	553536	ops_par_loop_group_20	update_halo_kernel1_l1+update_halo_kernel3_minus_2_a
5828	0.000019056	123008	ops_par_loop_update_halo_kernel3_minus_4_b_25	update_halo_kernel3_minus_4_b
5829	0.000023825	553536	ops_par_loop_group_22	update_halo_kernel1_r2+update_halo_kernel3_minus_2_b
5830	0.000021832	430528	ops_par_loop_update_halo_kernel1_r1_18	update_halo_kernel1_r1
5831	0.000023184	369120	ops_par_loop_group_24	update_halo_kernel4_plus_4_a+update_halo_kernel2_xvel_minus_4_a+update_halo_kernel2_yvel_plus_4_a
5832	0.000021401	369120	ops_par_loop_group_25	update_halo_kernel4_plus_2_a+update_halo_kernel2_xvel_minus_2_a+update_halo_kernel2_yvel_plus_2_a
5833	0.000020980	246080	ops_par_loop_group_26	update_halo_kernel2_xvel_minus_4_b+update_halo_kernel2_yvel_plus_4_b
5834	0.000022833	369120	ops_par_loop_group_27	update_halo_kernel4_plus_4_b+update_halo_kernel2_xvel_minus_2_b+update_halo_kernel2_yvel_plus_2_b
5835	0.000018435	123040	ops_par_loop_update_halo_kernel4_plus_2_b_34	update_halo_kernel4_plus_2_b
5836	0.000562217	591053440	ops_par_loop_advec_cell_kernel1_xdir_35	advec_cell_kernel1_xdir
5837	0.000772748	708203544	ops_par_loop_advec_cell_kernel3_xdir_36	advec_cell_kernel3_xdir
5838	0.001461555	1533542400	ops_par_loop_advec_cell_kernel4_xdir_37	advec_cell_kernel4_xdir
5839	0.000021752	430528	ops_par_loop_update_halo_kernel1_b2_38	update_halo_kernel1_b2
5840	0.000020579	430528	ops_par_loop_update_halo_kernel1_b1_39	update_halo_kernel1_b1
5841	0.000020078	430528	ops_par_loop_update_halo_kernel1_t2_40	update_halo_kernel1_t2
5842	0.000019597	430528	ops_par_loop_update_halo_kernel1_t1_41	update_halo_kernel1_t1
5843	0.000019376	123040	ops_par_loop_update_halo_kernel3_plus_4_a_62	update_halo_kernel3_plus_4_a
5844	0.000019357	123040	ops_par_loop_update_halo_kernel3_plus_2_a_63	update_halo_kernel3_plus_2_a
5845	0.000018214	123040	ops_par_loop_update_halo_kernel3_plus_4_b_64	update_halo_kernel3_plus_4_b
5846	0.000019056	123040	ops_par_loop_update_halo_kernel3_plus_2_b_65	update_halo_kernel3_plus_2_b
5847	0.000025929	553536	ops_par_loop_group_40	update_halo_kernel1_l2+update_halo_kernel3_minus_4_a
5848	0.000022713	553536	ops_par_loop_group_41	update_halo_kernel1_l1+update_halo_kernel3_minus_2_a
5849	0.000018515	123008	ops_par_loop_update_halo_kernel3_minus_4_b_68	update_halo_kernel3_minus_4_b
5850	0.000025449	553536	ops_par_loop_group_43	update_halo_kernel1_r2+update_halo_kernel3_minus_2_b
5851	0.000022583	430528	ops_par_loop_update_halo_kernel1_r1_45	update_halo_kernel1_r1
5852	0.000564011	591053440	ops_par_loop_advec_mom_kernel_x1_70	advec_mom_kernel_x1
5853	0.000194309	236236864	ops_par_loop_advec_mom_kernel_mass_flux_x_71	advec_mom_kernel_mass_flux_x
5854	0.000575813	590438520	ops_par_loop_advec_mom_kernel_post_pre_advec_x_72	advec_mom_kernel_post_pre_advec_x
5855	0.000882305	472258640	ops_par_loop_advec_mom_kernel1_x_nonvector_73	advec_mom_kernel1_x_nonvector
5856	0.000451428	590131240	ops_par_loop_advec_mom_kernel2_x_74	advec_mom_kernel2_x
5857	0.000563360	591053440	ops_par_loop_advec_mom_kernel_x1_75	advec_mom_kernel_x1
5858	0.000194119	236236864	ops_par_loop_advec_mom_kernel_mass_flux_x_76	advec_mom_kernel_mass_flux_x
5859	0.000575032	590438520	ops_par_loop_advec_mom_kernel_post_pre_advec_x_77	advec_mom_kernel_post_pre_advec_x
5860	0.000882837	472258640	ops_par_loop_advec_mom_kernel1_x_nonvector_78	advec_mom_kernel1_x_nonvector
5861	0.000450355	590131240	ops_par_loop_advec_mom_kernel2_x_79	advec_mom_kernel2_x
5862	0.000497515	472842752	ops_par_loop_advec_cell_kernel2_ydir_80	advec_cell_kernel2_ydir
5863	0.000787967	708203544	ops_par_loop_advec_cell_kernel3_ydir_81	advec_cell_kernel3_ydir
5864	0.001472666	1533542400	ops_par_loop_advec_cell_kernel4_ydir_82	advec_cell_kernel4_ydir
5865	0.000021921	553536	ops_par_loop_group_58	update_halo_kernel1_b2+update_halo_kernel4_minus_4_a
5866	0.000021461	553536	ops_par_loop_group_59	update_halo_kernel1_b1+update_halo_kernel4_minus_2_a
5867	0.000021400	369120	ops_par_loop_group_60	update_halo_kernel2_xvel_plus_4_a+update_halo_kernel2_yvel_minus_4_a+update_halo_kernel3_plus_4_a
5868	0.000021461	369120	ops_par_loop_group_61	update_halo_kernel2_xvel_plus_2_a+update_halo_kernel2_yvel_minus_2_a+update_halo_kernel3_plus_2_a
5869	0.000020128	246080	ops_par_loop_group_62	update_halo_kernel2_xvel_plus_4_b+update_halo_kernel2_yvel_minus_4_b
5870	0.000021280	369120	ops_par_loop_group_63	update_halo_kernel2_xvel_plus_2_b+update_halo_kernel2_yvel_minus_2_b+update_halo_kernel3_plus_4_b
5871	0.000021290	246080	ops_par_loop_group_64	update_halo_kernel2_xvel_minus_4_b+update_halo_kernel2_yvel_plus_4_b
5872	0.000019407	123040	ops_par_loop_update_halo_kernel3_plus_2_b_110	update_halo_kernel3_plus_2_b
5873	0.000019467	123008	ops_par_loop_update_halo_kernel3_minus_4_b_113	update_halo_kernel3_minus_4_b
5874	0.000018535	123008	ops_par_loop_update_halo_kernel4_minus_4_b_117	update_halo_kernel4_minus_4_b
5875	0.000021691	553536	ops_par_loop_group_68	update_halo_kernel1_t2+update_halo_kernel4_minus_2_b
5876	0.000020098	430528	ops_par_loop_update_halo_kernel1_t1_86	update_halo_kernel1_t1
5877	0.000026230	553536	ops_par_loop_group_70	update_halo_kernel1_l2+update_halo_kernel3_minus_4_a
5878	0.000022894	553536	ops_par_loop_group_71	update_halo_kernel1_l1+update_halo_kernel3_minus_2_a
5879	0.000024427	553536	ops_par_loop_group_72	update_halo_kernel1_r2+update_halo_kernel3_minus_2_b
5880	0.000020890	430528	ops_par_loop_update_halo_kernel1_r1_90	update_halo_kernel1_r1
5881	0.000022693	369120	ops_par_loop_group_74	update_halo_kernel2_xvel_minus_4_a+update_halo_kernel2_yvel_plus_4_a+update_halo_kernel4_plus_4_a
5882	0.000021651	369120	ops_par_loop_group_75	update_halo_kernel2_xvel_minus_2_a+update_halo_kernel2_yvel_plus_2_a+update_halo_kernel4_plus_2_a
5883	0.000022242	369120	ops_par_loop_group_76	update_halo_kernel2_xvel_minus_2_b+update_halo_kernel2_yvel_plus_2_b+update_halo_kernel4_plus_4_b
5884	0.000018846	123040	ops_par_loop_update_halo_kernel4_plus_2_b_122	update_halo_kernel4_plus_2_b
5885	0.000489599	472842752	ops_par_loop_advec_mom_kernel_y2_123	advec_mom_kernel_y2
5886	0.000192866	236236864	ops_par_loop_advec_mom_kernel_mass_flux_y_124	advec_mom_kernel_mass_flux_y
5887	0.000532331	590438520	ops_par_loop_advec_mom_kernel_post_pre_advec_y_125	advec_mom_kernel_post_pre_advec_y
5888	0.000877135	472258640	ops_par_loop_advec_mom_kernel1_y_nonvector_126	advec_mom_kernel1_y_nonvector
5889	0.000448912	590131240	ops_par_loop_advec_mom_kernel2_y_127	advec_mom_kernel2_y
5890	0.000491122	472842752	ops_par_loop_advec_mom_kernel_y2_128	advec_mom_kernel_y2
5891	0.000191744	236236864	ops_par_loop_advec_mom_kernel_mass_flux_y_129	advec_mom_kernel_mass_flux_y
5892	0.000532281	590438520	ops_par_loop_advec_mom_kernel_post_pre_advec_y_130	advec_mom_kernel_post_pre_advec_y
5893	0.000874771	472258640	ops_par_loop_advec_mom_kernel1_y_nonvector_131	advec_mom_kernel1_y_nonvector
5894	0.000434645	471859200	ops_par_loop_reset_field_kernel1_133	reset_field_kernel1
5895	0.001439303	1534095432	ops_par_loop_group_88	advec_mom_kernel2_y+reset_field_kernel2+ideal_gas_kernel
5896	0.000022062	430304	ops_par_loop_update_halo_kernel1_b1_136	update_halo_kernel1_b1
5897	0.000019777	430304	ops_par_loop_update_halo_kernel1_t1_137	update_halo_kernel1_t1
5898	0.000024096	430304	ops_par_loop_update_halo_kernel1_l1_138	update_halo_kernel1_l1
5899	0.000023665	430304	ops_par_loop_update_halo_kernel1_r1_139	update_halo_kernel1_r1
5900	0.000019487	245952	ops_par_loop_group_93	update_halo_kernel2_xvel_plus_2_a+update_halo_kernel2_yvel_minus_2_a
5901	0.000019457	245952	ops_par_loop_group_94	update_halo_kernel2_xvel_plus_2_b+update_halo_kernel2_yvel_minus_2_b
5902	0.000021241	245952	ops_par_loop_group_95	update_halo_kernel2_xvel_minus_2_a+update_halo_kernel2_yvel_plus_2_a
5903	0.000022253	245952	ops_par_loop_group_96	update_halo_kernel2_xvel_minus_2_b+update_halo_kernel2_yvel_plus_2_b
5904	0.001732561	589885440	ops_par_loop_viscosity_kernel_148	viscosity_kernel
5905	0.000021962	430304	ops_par_loop_update_halo_kernel1_b1_149	update_halo_kernel1_b1
5906	0.000020189	430304	ops_par_loop_update_halo_kernel1_t1_150	update_halo_kernel1_t1
5907	0.000023805	430304	ops_par_loop_update_halo_kernel1_l1_151	update_halo_kernel1_l1
5908	0.000022883	430304	ops_par_loop_update_halo_kernel1_r1_152	update_halo_kernel1_r1
5909	0.000917452	1061744640	ops_par_loop_calc_dt_kernel_153	calc_dt_kernel
5910	0.001487484	1887436800	ops_par_loop_group_0	PdV_kernel_predict+ideal_gas_kernel
5911	0.000021460	430304	ops_par_loop_update_halo_kernel1_b1_2	update_halo_kernel1_b1
5912	0.000020078	430304	ops_par_loop_update_halo_kernel1_t1_3	update_halo_kernel1_t1
5913	0.000024407	430304	ops_par_loop_update_halo_kernel1_l1_4	update_halo_kernel1_l1
5914	0.000023194	430304	ops_par_loop_update_halo_kernel1_r1_5	update_halo_kernel1_r1
5915	0.001098506	1298288728	ops_par_loop_accelerate_kernel_7	accelerate_kernel
5916	0.001357127	2123366400	ops_par_loop_group_6	revert_kernel+PdV_kernel_nopredict
5917	0.000359773	471982080	ops_par_loop_flux_calc_kernelx_9	flux_calc_kernelx
5918	0.000360384	471982080	ops_par_loop_flux_calc_kernely_10	flux_calc_kernely
5919	0.000021941	553536	ops_par_loop_group_9	update_halo_kernel1_b2+update_halo_kernel4_minus_4_a
5920	0.000020760	553536	ops_par_loop_group_10	update_halo_kernel1_b1+update_halo_kernel4_minus_2_a
5921	0.000020879	369120	ops_par_loop_group_11	update_halo_kernel3_plus_4_a+update_halo_kernel2_xvel_plus_4_a+update_halo_kernel2_yvel_minus_4_a
5922	0.000020508	369120	ops_par_loop_group_12	update_halo_kernel3_plus_2_a+update_halo_kernel2_xvel_plus_2_a+update_halo_kernel2_yvel_minus_2_a
5923	0.000019267	123008	ops_par_loop_update_halo_kernel4_minus_4_b_29	update_halo_kernel4_minus_4_b
5924	0.000021170	553536	ops_par_loop_group_14	update_halo_kernel1_t2+update_halo_kernel4_minus_2_b
5925	0.000020599	430528	ops_par_loop_update_halo_kernel1_t1_14	update_halo_kernel1_t1
5926	0.000018966	246080	ops_par_loop_group_16	update_halo_kernel2_xvel_plus_4_b+update_halo_kernel2_yvel_minus_4_b
5927	0.000020639	369120	ops_par_loop_group_17	update_halo_kernel3_plus_4_b+update_halo_kernel2_xvel_plus_2_b+update_halo_kernel2_yvel_minus_2_b
5928	0.000018586	123040	ops_par_loop_update_halo_kernel3_plus_2_b_22	update_halo_kernel3_plus_2_b
5929	0.000025329	553536	ops_par_loop_group_19	update_halo_kernel1_l2+update_halo_kernel3_minus_4_a
5930	0.000023745	553536	ops_par_loop_group_20	update_halo_kernel1_l1+update_halo_kernel3_minus_2_a
5931	0.000019376	123008	ops_par_loop_update_halo_kernel3_minus_4_b_25	update_halo_kernel3_minus_4_b
5932	0.000025278	553536	ops_par_loop_group_22	update_halo_kernel1_r2+update_halo_kernel3_minus_2_b
5933	0.000021531	430528	ops_par_loop_update_halo_kernel1_r1_18	update_halo_kernel1_r1
5934	0.000022373	369120	ops_par_loop_group_24	update_halo_kernel4_plus_4_a+update_halo_kernel2_xvel_minus_4_a+update_halo_kernel2_yvel_plus_4_a
5935	0.000022051	369120	ops_par_loop_group_25	update_halo_kernel4_plus_2_a+update_halo_kernel2_xvel_minus_2_a+update_halo_kernel2_yvel_plus_2_a
5936	0.000020479	246080	ops_par_loop_group_26	update_halo_kernel2_xvel_minus_4_b+update_halo_kernel2_yvel_plus_4_b
5937	0.000021932	369120	ops_par_loop_group_27	update_halo_kernel4_plus_4_b+update_halo_kernel2_xvel_minus_2_b+update_halo_kernel2_yvel_plus_2_b
5938	0.000018876	123040	ops_par_loop_update_halo_kernel4_plus_2_b_34	update_halo_kernel4_plus_2_b
5939	0.000560685	591053440	ops_par_loop_advec_cell_kernel1_ydir_35	advec_cell_kernel1_ydir
5940	0.000787144	708203544	ops_par_loop_advec_cell_kernel3_ydir_36	advec_cell_kernel3_ydir
5941	0.001473718	1533542400	ops_par_loop_advec_cell_kernel4_ydir_37	advec_cell_kernel4_ydir
5942	0.000022563	553536	ops_par_loop_group_32	update_halo_kernel1_b2+update_halo_kernel4_minus_4_a
5943	0.000022383	553536	ops_par_loop_group_33	update_halo_kernel1_b1+update_halo_kernel4_minus_2_a
5944	0.000020549	123008	ops_par_loop_update_halo_kernel4_minus_4_b_64	update_halo_kernel4_minus_4_b
5945	0.000020650	553536	ops_par_loop_group_35	update_halo_kernel1_t2+update_halo_kernel4_minus_2_b
5946	0.000020289	430528	ops_par_loop_update_halo_kernel1_t1_41	update_halo_kernel1_t1
5947	0.000024126	430528	ops_par_loop_update_halo_kernel1_l2_42	update_halo_kernel1_l2
5948	0.000021681	430528	ops_par_loop_update_halo_kernel1_l1_43	update_halo_kernel1_l1
5949	0.000022473	430528	ops_par_loop_update_halo_kernel1_r2_44	update_halo_kernel1_r2
5950	0.000020889	430528	ops_par_loop_update_halo_kernel1_r1_45	update_halo_kernel1_r1
5951	0.000020068	123040	ops_par_loop_update_halo_kernel4_plus_4_a_66	update_halo_kernel4_plus_4_a
5952	0.000018405	123040	ops_par_loop_update_halo_kernel4_plus_2_a_67	update_halo_kernel4_plus_2_a
5953	0.000019167	123040	ops_par_loop_update_halo_kernel4_plus_4_b_68	update_halo_kernel4_plus_4_b
5954	0.000018285	123040	ops_par_loop_update_halo_kernel4_plus_2_b_69	update_halo_kernel4_plus_2_b
5955	0.000567147	591053440	ops_par_loop_advec_mom_kernel_y1_70	advec_mom_kernel_y1
5956	0.000191614	236236864	ops_par_loop_advec_mom_kernel_mass_flux_y_71	advec_mom_kernel_mass_flux_y
5957	0.000533654	590438520	ops_par_loop_advec_mom_kernel_post_pre_advec_y_72	advec_mom_kernel_post_pre_advec_y
5958	0.000877687	472258640	ops_par_loop_advec_mom_kernel1_y_nonvector_73	advec_mom_kernel1_y_nonvector
5959	0.000446508	590131240	ops_par_loop_advec_mom_kernel2_y_74	advec_mom_kernel2_y
5960	0.000561246	591053440	ops_par_loop_advec_mom_kernel_y1_75	advec_mom_kernel_y1
5961	0.000191504	236236864	ops_par_loop_advec_mom_kernel_mass_flux_y_76	advec_mom_kernel_mass_flux_y
5962	0.000532992	590438520	ops_par_loop_advec_mom_kernel_post_pre_advec_y_77	advec_mom_kernel_post_pre_advec_y
5963	0.000873338	472258640	ops_par_loop_advec_mom_kernel1_y_nonvector_78	advec_mom_kernel1_y_nonvector
5964	0.000456376	590131240	ops_par_loop_advec_mom_kernel2_y_79	advec_mom_kernel2_y
5965	0.000490552	472842752	ops_par_loop_advec_cell_kernel2_xdir_80	advec_cell_kernel2_xdir
5966	0.000773088	708203544	ops_par_loop_advec_cell_kernel3_xdir_81	advec_cell_kernel3_xdir
5967	0.001465032	1533542400	ops_par_loop_advec_cell_kernel4_xdir_82	advec_cell_kernel4_xdir
5968	0.000022773	553536	ops_par_loop_group_58	update_halo_kernel1_b2+update_halo_kernel4_minus_4_a
5969	0.000021742	553536	ops_par_loop_group_59	update_halo_kernel1_b1+update_halo_kernel4_minus_2_a
5970	0.000021070	369120	ops_par_loop_group_60	update_halo_kernel2_xvel_plus_4_a+update_halo_kernel2_yvel_minus_4_a+update_halo_kernel3_plus_4_a
5971	0.000021611	369120	ops_par_loop_group_61	update_halo_kernel2_xvel_plus_2_a+update_halo_kernel2_yvel_minus_2_a+update_halo_kernel3_plus_2_a
5972	0.000019497	246080	ops_par_loop_group_62	update_halo_kernel2_xvel_plus_4_b+update_halo_kernel2_yvel_minus_4_b
5973	0.000021340	369120	ops_par_loop_group_63	update_halo_kernel2_xvel_plus_2_b+update_halo_kernel2_yvel_minus_2_b+update_halo_kernel3_plus_4_b
5974	0.000022202	246080	ops_par_loop_group_64	update_halo_kernel2_xvel_minus_4_b+update_halo_kernel2_yvel_plus_4_b
5975	0.000019357	123040	ops_par_loop_update_halo_kernel3_plus_2_b_110	update_halo_kernel3_plus_2_b
5976	0.000019678	123008	ops_par_loop_update_halo_kernel3_minus_4_b_113	update_halo_kernel3_minus_4_b
5977	0.000018235	123008	ops_par_loop_update_halo_kernel4_minus_4_b_117	update_halo_kernel4_minus_4_b
5978	0.000021020	553536	ops_par_loop_group_68	update_halo_kernel1_t2+update_halo_kernel4_minus_2_b
5979	0.000020459	430528	ops_par_loop_update_halo_kernel1_t1_86	update_halo_kernel1_t1
5980	0.000026781	553536	ops_par_loop_group_70	update_halo_kernel1_l2+update_halo_kernel3_minus_4_a
5981	0.000023886	553536	ops_par_loop_group_71	update_halo_kernel1_l1+update_halo_kernel3_minus_2_a
5982	0.000024717	553536	ops_par_loop_group_72	update_halo_kernel1_r2+update_halo_kernel3_minus_2_b
5983	0.000021481	430528	ops_par_loop_update_halo_kernel1_r1_90	update_halo_kernel1_r1
5984	0.000023916	369120	ops_par_loop_group_74	update_halo_kernel2_xvel_minus_4_a+update_halo_kernel2_yvel_plus_4_a+update_halo_kernel4_plus_4_a
5985	0.000021601	369120	ops_par_loop_group_75	update_halo_kernel2_xvel_minus_2_a+update_halo_kernel2_yvel_plus_2_a+update_halo_kernel4_plus_2_a
5986	0.000022904	369120	ops_par_loop_group_76	update_halo_kernel2_xvel_minus_2_b+update_halo_kernel2_yvel_plus_2_b+update_halo_kernel4_plus_4_b
5987	0.000018244	123040	ops_par_loop_update_halo_kernel4_plus_2_b_122	update_halo_kernel4_plus_2_b
5988	0.000497956	472842752	ops_par_loop_advec_mom_kernel_x2_123	advec_mom_kernel_x2
5989	0.000194420	236236864	ops_par_loop_advec_mom_kernel_mass_flux_x_124	advec_mom_kernel_mass_flux_x
5990	0.000574901	590438520	ops_par_loop_advec_mom_kernel_post_pre_advec_x_125	advec_mom_kernel_post_pre_advec_x
5991	0.000882636	472258640	ops_par_loop_advec_mom_kernel1_x_nonvector_126	advec_mom_kernel1_x_nonvector
5992	0.000449143	590131240	ops_par_loop_advec_mom_kernel2_x_127	advec_mom_kernel2_x
5993	0.000497826	472842752	ops_par_loop_advec_mom_kernel_x2_128	advec_mom_kernel_x2
5994	0.000194680	236236864	ops_par_loop_advec_mom_kernel_mass_flux_x_129	advec_mom_kernel_mass_flux_x
5995	0.000603526	590438520	ops_par_loop_advec_mom_kernel_post_pre_advec_x_130	advec_mom_kernel_post_pre_advec_x
5996	0.000885712	472258640	ops_par_loop_advec_mom_kernel1_x_nonvector_131	advec_mom_kernel1_x_nonvector
5997	0.000434245	471859200	ops_par_loop_reset_field_kernel1_133	reset_field_kernel1
5998	0.001436408	1534095432	ops_par_loop_group_88	advec_mom_kernel2_x+reset_field_kernel2+ideal_gas_kernel
5999	0.000022012	430304	ops_par_loop_update_halo_kernel1_b1_136	update_halo_kernel1_b1
6000	0.000019787	430304	ops_par_loop_update_halo_kernel1_t1_137	update_halo_kernel1_t1
6001	0.000025048	430304	ops_par_loop_update_halo_kernel1_l1_138	update_halo_kernel1_l1
6002	0.000023094	430304	ops_par_loop_update_halo_kernel1_r1_139	update_halo_kernel1_r1
6003	0.000024497	245952	ops_par_loop_group_93	update_halo_kernel2_xvel_plus_2_a+update_halo_kernel2_yvel_minus_2_a
6004	0.000020228	245952	ops_par_loop_group_94	update_halo_kernel2_xvel_plus_2_b+update_halo_kernel2_yvel_minus_2_b
6005	0.000021621	245952	ops_par_loop_group_95	update_halo_kernel2_xvel_minus_2_a+update_halo_kernel2_yvel_plus_2_a
6006	0.000021801	245952	ops_par_loop_group_96	update_halo_kernel2_xvel_minus_2_b+update_halo_kernel2_yvel_plus_2_b
6007	0.001733742	589885440	ops_par_loop_viscosity_kernel_148	viscosity_kernel
6008	0.000021231	430304	ops_par_loop_update_halo_kernel1_b1_149	update_halo_kernel1_b1
6009	0.000020379	430304	ops_par_loop_update_halo_kernel1_t1_150	update_halo_kernel1_t1
6010	0.000023935	430304	ops_par_loop_update_halo_kernel1_l1_151	update_halo_kernel1_l1
6011	0.000023885	430304	ops_par_loop_update_halo_kernel1_r1_152	update_halo_kernel1_r1
6012	0.000916621	1061744640	ops_par_loop_calc_dt_kernel_153	calc_dt_kernel
6013	0.001498837	1887436800	ops_par_loop_group_0	PdV_kernel_predict+ideal_gas_kernel
6014	0.000022163	430304	ops_par_loop_update_halo_kernel1_b1_2	update_halo_kernel1_b1
6015	0.000019507	430304	ops_par_loop_update_halo_kernel1_t1_3	update_halo_kernel1_t1
6016	0.000024737	430304	ops_par_loop_update_halo_kernel1_l1_4	update_halo_kernel1_l1
6017	0.000023154	430304	ops_par_loop_update_halo_kernel1_r1_5	update_halo_kernel1_r1
6018	0.001096102	1298288728	ops_par_loop_accelerate_kernel_7	accelerate_kernel
6019	0.001358650	2123366400	ops_par_loop_group_6	revert_kernel+PdV_kernel_nopredict
6020	0.000359452	471982080	ops_par_loop_flux_calc_kernelx_9	flux_calc_kernelx
6021	0.000358601	471982080	ops_par_loop_flux_calc_kernely_10	flux_calc_kernely
6022	0.000021872	553536	ops_par_loop_group_9	update_halo_kernel1_b2+update_halo_kernel4_minus_4_a
6023	0.000026961	553536	ops_par_loop_group_10	update_halo_kernel1_b1+update_halo_kernel4_minus_2_a
6024	0.000020619	369120	ops_par_loop_group_11	update_halo_kernel3_plus_4_a+update_halo_kernel2_xvel_plus_4_a+update_halo_kernel2_yvel_minus_4_a
6025	0.000020209	369120	ops_par_loop_group_12	update_halo_kernel3_plus_2_a+update_halo_kernel2_xvel_plus_2_a+update_halo_kernel2_yvel_minus_2_a
6026	0.000018184	123008	ops_par_loop_update_halo_kernel4_minus_4_b_29	update_halo_kernel4_minus_4_b
6027	0.000020600	553536	ops_par_loop_group_14	update_halo_kernel1_t2+update_halo_kernel4_minus_2_b
6028	0.000019838	430528	ops_par_loop_update_halo_kernel1_t1_14	update_halo_kernel1_t1
6029	0.000019808	246080	ops_par_loop_group_16	update_halo_kernel2_xvel_plus_4_b+update_halo_kernel2_yvel_minus_4_b
6030	0.000020128	369120	ops_par_loop_group_17	update_halo_kernel3_plus_4_b+update_halo_kernel2_xvel_plus_2_b+update_halo_kernel2_yvel_minus_2_b
6031	0.000018305	123040	ops_par_loop_update_halo_kernel3_plus_2_b_22	update_halo_kernel3_plus_2_b
6032	0.000025329	553536	ops_par_loop_group_19	update_halo_kernel1_l2+update_halo_kernel3_minus_4_a
6033	0.000022462	553536	ops_par_loop_group_20	update_halo_kernel1_l1+update_halo_kernel3_minus_2_a
6034	0.000018805	123008	ops_par_loop_update_halo_kernel3_minus_4_b_25	update_halo_kernel3_minus_4_b
6035	0.000023775	553536	ops_par_loop_group_22	update_halo_kernel1_r2+update_halo_kernel3_minus_2_b
6036	0.000021280	430528	ops_par_loop_update_halo_kernel1_r1_18	update_halo_kernel1_r1
6037	0.000022713	369120	ops_par_loop_group_24	update_halo_kernel4_plus_4_a+update_halo_kernel2_xvel_minus_4_a+update_halo_kernel2_yvel_plus_4_a
6038	0.000021320	369120	ops_par_loop_group_25	update_halo_kernel4_plus_2_a+update_halo_kernel2_xvel_minus_2_a+update_halo_kernel2_yvel_plus_2_a
6039	0.000020980	246080	ops_par_loop_group_26	update_halo_kernel2_xvel_minus_4_b+update_halo_kernel2_yvel_plus_4_b
6040	0.000023354	369120	ops_par_loop_group_27	update_halo_kernel4_plus_4_b+update_halo_kernel2_xvel_minus_2_b+update_halo_kernel2_yvel_plus_2_b
6041	0.000017854	123040	ops_par_loop_update_halo_kernel4_plus_2_b_34	update_halo_kernel4_plus_2_b
6042	0.000562489	591053440	ops_par_loop_advec_cell_kernel1_xdir_35	advec_cell_kernel1_xdir
6043	0.000771305	708203544	ops_par_loop_advec_cell_kernel3_xdir_36	advec_cell_kernel3_xdir
6044	0.001459722	1533542400	ops_par_loop_advec_cell_kernel4_xdir_37	advec_cell_kernel4_xdir
6045	0.000022182	430528	ops_par_loop_update_halo_kernel1_b2_38	update_halo_kernel1_b2
6046	0.000019708	430528	ops_par_loop_update_halo_kernel1_b1_39	update_halo_kernel1_b1
6047	0.000020839	430528	ops_par_loop_update_halo_kernel1_t2_40	update_halo_kernel1_t2
6048	0.000019938	430528	ops_par_loop_update_halo_kernel1_t1_41	update_halo_kernel1_t1
6049	0.000018475	123040	ops_par_loop_update_halo_kernel3_plus_4_a_62	update_halo_kernel3_plus_4_a
6050	0.000018345	123040	ops_par_loop_update_halo_kernel3_plus_2_a_63	update_halo_kernel3_plus_2_a
6051	0.000018204	123040	ops_par_loop_update_halo_kernel3_plus_4_b_64	update_halo_kernel3_plus_4_b
6052	0.000018996	123040	ops_par_loop_update_halo_kernel3_plus_2_b_65	update_halo_kernel3_plus_2_b
6053	0.000026290	553536	ops_par_loop_group_40	update_halo_kernel1_l2+update_halo_kernel3_minus_4_a
6054	0.000022854	553536	ops_par_loop_group_41	update_halo_kernel1_l1+update_halo_kernel3_minus_2_a
6055	0.000018545	123008	ops_par_loop_update_halo_kernel3_minus_4_b_68	update_halo_kernel3_minus_4_b
6056	0.000024016	553536	ops_par_loop_group_43	update_halo_kernel1_r2+update_halo_kernel3_minus_2_b
6057	0.000021151	430528	ops_par_loop_update_halo_kernel1_r1_45	update_halo_kernel1_r1
6058	0.000562007	591053440	ops_par_loop_advec_mom_kernel_x1_70	advec_mom_kernel_x1
6059	0.000194289	236236864	ops_par_loop_advec_mom_kernel_mass_flux_x_71	advec_mom_kernel_mass_flux_x
6060	0.000575353	590438520	ops_par_loop_advec_mom_kernel_post_pre_advec_x_72	advec_mom_kernel_post_pre_advec_x
6061	0.000881714	472258640	ops_par_loop_advec_mom_kernel1_x_nonvector_73	advec_mom_kernel1_x_nonvector
6062	0.000452099	590131240	ops_par_loop_advec_mom_kernel2_x_74	advec_mom_kernel2_x
6063	0.000560344	591053440	ops_par_loop_advec_mom_kernel_x1_75	advec_mom_kernel_x1
6064	0.000193708	236236864	ops_par_loop_advec_mom_kernel_mass_flux_x_76	advec_mom_kernel_mass_flux_x
6065	0.000578017	590438520	ops_par_loop_advec_mom_kernel_post_pre_advec_x_77	advec_mom_kernel_post_pre_advec_x
6066	0.000882937	472258640	ops_par_loop_advec_mom_kernel1_x_nonvector_78	advec_mom_kernel1_x_nonvector
6067	0.000447009	590131240	ops_par_loop_advec_mom_kernel2_x_79	advec_mom_kernel2_x
6068	0.000499719	472842752	ops_par_loop_advec_cell_kernel2_ydir_80	advec_cell_kernel2_ydir
6069	0.000787295	708203544	ops_par_loop_advec_cell_kernel3_ydir_81	advec_cell_kernel3_ydir
6070	0.001473990	1533542400	ops_par_loop_advec_cell_kernel4_ydir_82	advec_cell_kernel4_ydir
6071	0.000022272	553536	ops_par_loop_group_58	update_halo_kernel1_b2+update_halo_kernel4_minus_4_a
6072	0.000020398	553536	ops_par_loop_group_59	update_halo_kernel1_b1+update_halo_kernel4_minus_2_a
6073	0.000020719	369120	ops_par_loop_group_60	update_halo_kernel2_xvel_plus_4_a+update_halo_kernel2_yvel_minus_4_a+update_halo_kernel3_plus_4_a
6074	0.000022643	369120	ops_par_loop_group_61	update_halo_kernel2_xvel_plus_2_a+update_halo_kernel2_yvel_minus_2_a+update_halo_kernel3_plus_2_a
6075	0.000019657	246080	ops_par_loop_group_62	update_halo_kernel2_xvel_plus_4_b+update_halo_kernel2_yvel_minus_4_b
6076	0.000020459	369120	ops_par_loop_group_63	update_halo_kernel2_xvel_plus_2_b+update_halo_kernel2_yvel_minus_2_b+update_halo_kernel3_plus_4_b
6077	0.000020759	246080	ops_par_loop_group_64	update_halo_kernel2_xvel_minus_4_b+update_halo_kernel2_yvel_plus_4_b
6078	0.000018906	123040	ops_par_loop_update_halo_kernel3_plus_2_b_110	update_halo_kernel3_plus_2_b
6079	0.000019026	123008	ops_par_loop_update_halo_kernel3_minus_4_b_113	update_halo_kernel3_minus_4_b
6080	0.000018044	123008	ops_par_loop_update_halo_kernel4_minus_4_b_117	update_halo_kernel4_minus_4_b
6081	0.000019988	553536	ops_par_loop_group_68	update_halo_kernel1_t2+update_halo_kernel4_minus_2_b
6082	0.000020299	430528	ops_par_loop_update_halo_kernel1_t1_86	update_halo_kernel1_t1
6083	0.000026520	553536	ops_par_loop_group_70	update_halo_kernel1_l2+update_halo_kernel3_minus_4_a
6084	0.000022954	553536	ops_par_loop_group_71	update_halo_kernel1_l1+update_halo_kernel3_minus_2_a
6085	0.000024867	553536	ops_par_loop_group_72	update_halo_kernel1_r2+update_halo_kernel3_minus_2_b
6086	0.000020589	430528	ops_par_loop_update_halo_kernel1_r1_90	update_halo_kernel1_r1
6087	0.000023625	369120	ops_par_loop_group_74	update_halo_kernel2_xvel_minus_4_a+update_halo_kernel2_yvel_plus_4_a+update_halo_kernel4_plus_4_a
6088	0.000020670	369120	ops_par_loop_group_75	update_halo_kernel2_xvel_minus_2_a+update_halo_kernel2_yvel_plus_2_a+update_halo_kernel4_plus_2_a
6089	0.000021982	369120	ops_par_loop_group_76	update_halo_kernel2_xvel_minus_2_b+update_halo_kernel2_yvel_plus_2_b+update_halo_kernel4_plus_4_b
6090	0.000018685	123040	ops_par_loop_update_halo_kernel4_plus_2_b_122	update_halo_kernel4_plus_2_b
6091	0.000489720	472842752	ops_par_loop_advec_mom_kernel_y2_123	advec_mom_kernel_y2
6092	0.000192085	236236864	ops_par_loop_advec_mom_kernel_mass_flux_y_124	advec_mom_kernel_mass_flux_y
6093	0.000529716	590438520	ops_par_loop_advec_mom_kernel_post_pre_advec_y_125	advec_mom_kernel_post_pre_advec_y
6094	0.000877246	472258640	ops_par_loop_advec_mom_kernel1_y_nonvector_126	advec_mom_kernel1_y_nonvector
6095	0.000451788	590131240	ops_par_loop_advec_mom_kernel2_y_127	advec_mom_kernel2_y
6096	0.000489439	472842752	ops_par_loop_advec_mom_kernel_y2_128	advec_mom_kernel_y2
6097	0.000191533	236236864	ops_par_loop_advec_mom_kernel_mass_flux_y_129	advec_mom_kernel_mass_flux_y
6098	0.000532952	590438520	ops_par_loop_advec_mom_kernel_post_pre_advec_y_130	advec_mom_kernel_post_pre_advec_y
6099	0.000873238	472258640	ops_par_loop_advec_mom_kernel1_y_nonvector_131	advec_mom_kernel1_y_nonvector
6100	0.000435697	471859200	ops_par_loop_reset_field_kernel1_133	reset_field_kernel1
6101	0.001437890	1534095432	ops_par_loop_group_88	advec_mom_kernel2_y+reset_field_kernel2+ideal_gas_kernel
6102	0.000022182	430304	ops_par_loop_update_halo_kernel1_b1_136	update_halo_kernel1_b1
6103	0.000020369	430304	ops_par_loop_update_halo_kernel1_t1_137	update_halo_kernel1_t1
6104	0.000023665	430304	ops_par_loop_update_halo_kernel1_l1_138	update_halo_kernel1_l1
6105	0.000023395	430304	ops_par_loop_update_halo_kernel1_r1_139	update_halo_kernel1_r1
6106	0.000019116	245952	ops_par_loop_group_93	update_halo_kernel2_xvel_plus_2_a+update_halo_kernel2_yvel_minus_2_a
6107	0.000019447	245952	ops_par_loop_group_94	update_halo_kernel2_xvel_plus_2_b+update_halo_kernel2_yvel_minus_2_b
6108	0.000020899	245952	ops_par_loop_group_95	update_halo_kernel2_xvel_minus_2_a+update_halo_kernel2_yvel_plus_2_a
6109	0.000021310	245952	ops_par_loop_group_96	update_halo_kernel2_xvel_minus_2_b+update_halo_kernel2_yvel_plus_2_b
6110	0.001731478	589885440	ops_par_loop_viscosity_kernel_148	viscosity_kernel
6111	0.000021571	430304	ops_par_loop_update_halo_kernel1_b1_149	update_halo_kernel1_b1
6112	0.000018886	430304	ops_par_loop_update_halo_kernel1_t1_150	update_halo_kernel1_t1
6113	0.000022412	430304	ops_par_loop_update_halo_kernel1_l1_151	update_halo_kernel1_l1
6114	0.000023314	430304	ops_par_loop_update_halo_kernel1_r1_152	update_halo_kernel1_r1
6115	0.000917523	1061744640	ops_par_loop_calc_dt_kernel_153	calc_dt_kernel
6116	0.001487495	1887436800	ops_par_loop_group_0	PdV_kernel_predict+ideal_gas_kernel
6117	0.000021891	430304	ops_par_loop_update_halo_kernel1_b1_2	update_halo_kernel1_b1
6118	0.000024807	430304	ops_par_loop_update_halo_kernel1_t1_3	update_halo_kernel1_t1
6119	0.000024717	430304	ops_par_loop_update_halo_kernel1_l1_4	update_halo_kernel1_l1
6120	0.000023495	430304	ops_par_loop_update_halo_kernel1_r1_5	update_halo_kernel1_r1
6121	0.001097465	1298288728	ops_par_loop_accelerate_kernel_7	accelerate_kernel
6122	0.001355735	2123366400	ops_par_loop_group_6	revert_kernel+PdV_kernel_nopredict
6123	0.000363290	471982080	ops_par_loop_flux_calc_kernelx_9	flux_calc_kernelx
6124	0.000358180	471982080	ops_par_loop_flux_calc_kernely_10	flux_calc_kernely
6125	0.000026530	553536	ops_par_loop_group_9	update_halo_kernel1_b2+update_halo_kernel4_minus_4_a
6126	0.000020649	553536	ops_par_loop_group_10	update_halo_kernel1_b1+update_halo_kernel4_minus_2_a
6127	0.000020890	369120	ops_par_loop_group_11	update_halo_kernel3_plus_4_a+update_halo_kernel2_xvel_plus_4_a+update_halo_kernel2_yvel_minus_4_a
6128	0.000020078	369120	ops_par_loop_group_12	update_halo_kernel3_plus_2_a+update_halo_kernel2_xvel_plus_2_a+update_halo_kernel2_yvel_minus_2_a
6129	0.000017944	123008	ops_par_loop_update_halo_kernel4_minus_4_b_29	update_halo_kernel4_minus_4_b
6130	0.000020328	553536	ops_par_loop_group_14	update_halo_kernel1_t2+update_halo_kernel4_minus_2_b
6131	0.000019928	430528	ops_par_loop_update_halo_kernel1_t1_14	update_halo_kernel1_t1
6132	0.000019858	246080	ops_par_loop_group_16	update_halo_kernel2_xvel_plus_4_b+update_halo_kernel2_yvel_minus_4_b
6133	0.000020519	369120	ops_par_loop_group_17	update_halo_kernel3_plus_4_b+update_halo_kernel2_xvel_plus_2_b+update_halo_kernel2_yvel_minus_2_b
6134	0.000017864	123040	ops_par_loop_update_halo_kernel3_plus_2_b_22	update_halo_kernel3_plus_2_b
6135	0.000025518	553536	ops_par_loop_group_19	update_halo_kernel1_l2+update_halo_kernel3_minus_4_a
6136	0.000023495	553536	ops_par_loop_group_20	update_halo_kernel1_l1+update_halo_kernel3_minus_2_a
6137	0.000019046	123008	ops_par_loop_update_halo_kernel3_minus_4_b_25	update_halo_kernel3_minus_4_b
6138	0.000024296	553536	ops_par_loop_group_22	update_halo_kernel1_r2+update_halo_kernel3_minus_2_b
6139	0.000022383	430528	ops_par_loop_update_halo_kernel1_r1_18	update_halo_kernel1_r1
6140	0.000024196	369120	ops_par_loop_group_24	update_halo_kernel4_plus_4_a+update_halo_kernel2_xvel_minus_4_a+update_halo_kernel2_yvel_plus_4_a
6141	0.000022282	369120	ops_par_loop_group_25	update_halo_kernel4_plus_2_a+update_halo_kernel2_xvel_minus_2_a+update_halo_kernel2_yvel_plus_2_a
6142	0.000020750	246080	ops_par_loop_group_26	update_halo_kernel2_xvel_minus_4_b+update_halo_kernel2_yvel_plus_4_b
6143	0.000023485	369120	ops_par_loop_group_27	update_halo_kernel4_plus_4_b+update_halo_kernel2_xvel_minus_2_b+update_halo_kernel2_yvel_plus_2_b
6144	0.000019888	123040	ops_par_loop_update_halo_kernel4_plus_2_b_34	update_halo_kernel4_plus_2_b
6145	0.000563621	591053440	ops_par_loop_advec_cell_kernel1_ydir_35	advec_cell_kernel1_ydir
6146	0.000788327	708203544	ops_par_loop_advec_cell_kernel3_ydir_36	advec_cell_kernel3_ydir
6147	0.001475823	1533542400	ops_par_loop_advec_cell_kernel4_ydir_37	advec_cell_kernel4_ydir
6148	0.000023274	553536	ops_par_loop_group_32	update_halo_kernel1_b2+update_halo_kernel4_minus_4_a
6149	0.000021090	553536	ops_par_loop_group_33	update_halo_kernel1_b1+update_halo_kernel4_minus_2_a
6150	0.000018254	123008	ops_par_loop_update_halo_kernel4_minus_4_b_64	update_halo_kernel4_minus_4_b
6151	0.000020920	553536	ops_par_loop_group_35	update_halo_kernel1_t2+update_halo_kernel4_minus_2_b
6152	0.000020409	430528	ops_par_loop_update_halo_kernel1_t1_41	update_halo_kernel1_t1
6153	0.000023585	430528	ops_par_loop_update_halo_kernel1_l2_42	update_halo_kernel1_l2
6154	0.000021501	430528	ops_par_loop_update_halo_kernel1_l1_43	update_halo_kernel1_l1
6155	0.000023585	430528	ops_par_loop_update_halo_kernel1_r2_44	update_halo_kernel1_r2
6156	0.000022153	430528	ops_par_loop_update_halo_kernel1_r1_45	update_halo_kernel1_r1
6157	0.000018986	123040	ops_par_loop_update_halo_kernel4_plus_4_a_66	update_halo_kernel4_plus_4_a
6158	0.000017754	123040	ops_par_loop_update_halo_kernel4_plus_2_a_67	update_halo_kernel4_plus_2_a
6159	0.000025909	123040	ops_par_loop_update_halo_kernel4_plus_4_b_68	update_halo_kernel4_plus_4_b
6160	0.000018786	123040	ops_par_loop_update_halo_kernel4_plus_2_b_69	update_halo_kernel4_plus_2_b
6161	0.000563199	591053440	ops_par_loop_advec_mom_kernel_y1_70	advec_mom_kernel_y1
6162	0.000191424	236236864	ops_par_loop_advec_mom_kernel_mass_flux_y_71	advec_mom_kernel_mass_flux_y
6163	0.000531299	590438520	ops_par_loop_advec_mom_kernel_post_pre_advec_y_72	advec_mom_kernel_post_pre_advec_y
6164	0.000877737	472258640	ops_par_loop_advec_mom_kernel1_y_nonvector_73	advec_mom_kernel1_y_nonvector
6165	0.000446939	590131240	ops_par_loop_advec_mom_kernel2_y_74	advec_mom_kernel2_y
6166	0.000562478	591053440	ops_par_loop_advec_mom_kernel_y1_75	advec_mom_kernel_y1
6167	0.000191604	236236864	ops_par_loop_advec_mom_kernel_mass_flux_y_76	advec_mom_kernel_mass_flux_y
6168	0.000540456	590438520	ops_par_loop_advec_mom_kernel_post_pre_advec_y_77	advec_mom_kernel_post_pre_advec_y
6169	0.000873979	472258640	ops_par_loop_advec_mom_kernel1_y_nonvector_78	advec_mom_kernel1_y_nonvector
6170	0.000448461	590131240	ops_par_loop_advec_mom_kernel2_y_79	advec_mom_kernel2_y
6171	0.000490622	472842752	ops_par_loop_advec_cell_kernel2_xdir_80	advec_cell_kernel2_xdir
6172	0.000773199	708203544	ops_par_loop_advec_cell_kernel3_xdir_81	advec_cell_kernel3_xdir
6173	0.001465383	1533542400	ops_par_loop_advec_cell_kernel4_xdir_82	advec_cell_kernel4_xdir
6174	0.000022823	553536	ops_par_loop_group_58	update_halo_kernel1_b2+update_halo_kernel4_minus_4_a
6175	0.000021391	553536	ops_par_loop_group_59	update_halo_kernel1_b1+update_halo_kernel4_minus_2_a
6176	0.000020950	369120	ops_par_loop_group_60	update_halo_kernel2_xvel_plus_4_a+update_halo_kernel2_yvel_minus_4_a+update_halo_kernel3_plus_4_a
6177	0.000020930	369120	ops_par_loop_group_61	update_halo_kernel2_xvel_plus_2_a+update_halo_kernel2_yvel_minus_2_a+update_halo_kernel3_plus_2_a
6178	0.000019247	246080	ops_par_loop_group_62	update_halo_kernel2_xvel_plus_4_b+update_halo_kernel2_yvel_minus_4_b
6179	0.000020879	369120	ops_par_loop_group_63	update_halo_kernel2_xvel_plus_2_b+update_halo_kernel2_yvel_minus_2_b+update_halo_kernel3_plus_4_b
6180	0.000021711	246080	ops_par_loop_group_64	update_halo_kernel2_xvel_minus_4_b+update_halo_kernel2_yvel_plus_4_b
6181	0.000018404	123040	ops_par_loop_update_halo_kernel3_plus_2_b_110	update_halo_kernel3_plus_2_b
6182	0.000018705	123008	ops_par_loop_update_halo_kernel3_minus_4_b_113	update_halo_kernel3_minus_4_b
6183	0.000017564	123008	ops_par_loop_update_halo_kernel4_minus_4_b_117	update_halo_kernel4_minus_4_b
6184	0.000021471	553536	ops_par_loop_group_68	update_halo_kernel1_t2+update_halo_kernel4_minus_2_b
6185	0.000019988	430528	ops_par_loop_update_halo_kernel1_t1_86	update_halo_kernel1_t1
6186	0.000026660	553536	ops_par_loop_group_70	update_halo_kernel1_l2+update_halo_kernel3_minus_4_a
6187	0.000023555	553536	ops_par_loop_group_71	update_halo_kernel1_l1+update_halo_kernel3_minus_2_a
6188	0.000024296	553536	ops_par_loop_group_72	update_halo_kernel1_r2+update_halo_kernel3_minus_2_b
6189	0.000020709	430528	ops_par_loop_update_halo_kernel1_r1_90	update_halo_kernel1_r1
6190	0.000024136	369120	ops_par_loop_group_74	update_halo_kernel2_xvel_minus_4_a+update_halo_kernel2_yvel_plus_4_a+update_halo_kernel4_plus_4_a
6191	0.000021902	369120	ops_par_loop_group_75	update_halo_kernel2_xvel_minus_2_a+update_halo_kernel2_yvel_plus_2_a+update_halo_kernel4_plus_2_a
6192	0.000022332	369120	ops_par_loop_group_76	update_halo_kernel2_xvel_minus_2_b+update_halo_kernel2_yvel_plus_2_b+update_halo_kernel4_plus_4_b
6193	0.000018826	123040	ops_par_loop_update_halo_kernel4_plus_2_b_122	update_halo_kernel4_plus_2_b
6194	0.000496913	472842752	ops_par_loop_advec_mom_kernel_x2_123	advec_mom_kernel_x2
6195	0.000194349	236236864	ops_par_loop_advec_mom_kernel_mass_flux_x_124	advec_mom_kernel_mass_flux_x
6196	0.000577206	590438520	ops_par_loop_advec_mom_kernel_post_pre_advec_x_125	advec_mom_kernel_post_pre_advec_x
6197	0.000887746	472258640	ops_par_loop_advec_mom_kernel1_x_nonvector_126	advec_mom_kernel1_x_nonvector
6198	0.000448662	590131240	ops_par_loop_advec_mom_kernel2_x_127	advec_mom_kernel2_x
6199	0.000498016	472842752	ops_par_loop_advec_mom_kernel_x2_128	advec_mom_kernel_x2
6200	0.000195091	236236864	ops_par_loop_advec_mom_kernel_mass_flux_x_129	advec_mom_kernel_mass_flux_x
6201	0.000577797	590438520	ops_par_loop_advec_mom_kernel_post_pre_advec_x_130	advec_mom_kernel_post_pre_advec_x
6202	0.000883147	472258640	ops_par_loop_advec_mom_kernel1_x_nonvector_131	advec_mom_kernel1_x_nonvector
6203	0.000433994	471859200	ops_par_loop_reset_field_kernel1_133	reset_field_kernel1
6204	0.001433091	1534095432	ops_par_loop_group_88	advec_mom_kernel2_x+reset_field_kernel2+ideal_gas_kernel
6205	0.000488978	471859200	ops_par_loop_ideal_gas_kernel_0	ideal_gas_kernel
6206	0.000022663	430304	ops_par_loop_update_halo_kernel1_b1_1	update_halo_kernel1_b1
6207	0.000020449	430304	ops_par_loop_update_halo_kernel1_t1_2	update_halo_kernel1_t1
6208	0.000025067	430304	ops_par_loop_update_halo_kernel1_l1_3	update_halo_kernel1_l1
6209	0.000024947	430304	ops_par_loop_update_halo_kernel1_r1_4	update_halo_kernel1_r1
6210	0.000020298	245952	ops_par_loop_group_5	update_halo_kernel2_xvel_plus_2_a+update_halo_kernel2_yvel_minus_2_a
6211	0.000019066	245952	ops_par_loop_group_6	update_halo_kernel2_xvel_plus_2_b+update_halo_kernel2_yvel_minus_2_b
6212	0.000020960	245952	ops_par_loop_group_7	update_halo_kernel2_xvel_minus_2_a+update_halo_kernel2_yvel_plus_2_a
6213	0.000021952	245952	ops_par_loop_group_8	update_halo_kernel2_xvel_minus_2_b+update_halo_kernel2_yvel_plus_2_b
6214	0.001666985	589885440	ops_par_loop_viscosity_kernel_13	viscosity_kernel
6215	0.000020840	430304	ops_par_loop_update_halo_kernel1_b1_14	update_halo_kernel1_b1
6216	0.000019316	430304	ops_par_loop_update_halo_kernel1_t1_15	update_halo_kernel1_t1
6217	0.000022513	430304	ops_par_loop_update_halo_kernel1_l1_16	update_halo_kernel1_l1
6218	0.000022723	430304	ops_par_loop_update_halo_kernel1_r1_17	update_halo_kernel1_r1
6219	0.000883427	1061744640	ops_par_loop_calc_dt_kernel_18	calc_dt_kernel
6220	0.001431969	1887436800	ops_par_loop_group_0	PdV_kernel_predict+ideal_gas_kernel
6221	0.000022393	430304	ops_par_loop_update_halo_kernel1_b1_2	update_halo_kernel1_b1
6222	0.000023625	430304	ops_par_loop_update_halo_kernel1_t1_3	update_halo_kernel1_t1
6223	0.000024236	430304	ops_par_loop_update_halo_kernel1_l1_4	update_halo_kernel1_l1
6224	0.000022663	430304	ops_par_loop_update_halo_kernel1_r1_5	update_halo_kernel1_r1
6225	0.001014686	1298288728	ops_par_loop_accelerate_kernel_7	accelerate_kernel
6226	0.001278387	2123366400	ops_par_loop_group_6	revert_kernel+PdV_kernel_nopredict
6227	0.000356838	471982080	ops_par_loop_flux_calc_kernelx_9	flux_calc_kernelx
6228	0.000355295	471982080	ops_par_loop_flux_calc_kernely_10	flux_calc_kernely
6229	0.000021491	553536	ops_par_loop_group_9	update_halo_kernel1_b2+update_halo_kernel4_minus_4_a
6230	0.000019968	553536	ops_par_loop_group_10	update_halo_kernel1_b1+update_halo_kernel4_minus_2_a
6231	0.000020920	369120	ops_par_loop_group_11	update_halo_kernel3_plus_4_a+update_halo_kernel2_xvel_plus_4_a+update_halo_kernel2_yvel_minus_4_a
6232	0.000020088	369120	ops_par_loop_group_12	update_halo_kernel3_plus_2_a+update_halo_kernel2_xvel_plus_2_a+update_halo_kernel2_yvel_minus_2_a
6233	0.000017894	123008	ops_par_loop_update_halo_kernel4_minus_4_b_29	update_halo_kernel4_minus_4_b
6234	0.000019768	553536	ops_par_loop_group_14	update_halo_kernel1_t2+update_halo_kernel4_minus_2_b
6235	0.000019637	430528	ops_par_loop_update_halo_kernel1_t1_14	update_halo_kernel1_t1
6236	0.000019497	246080	ops_par_loop_group_16	update_halo_kernel2_xvel_plus_4_b+update_halo_kernel2_yvel_minus_4_b
6237	0.000019938	369120	ops_par_loop_group_17	update_halo_kernel3_plus_4_b+update_halo_kernel2_xvel_plus_2_b+update_halo_kernel2_yvel_minus_2_b
6238	0.000018274	123040	ops_par_loop_update_halo_kernel3_plus_2_b_22	update_halo_kernel3_plus_2_b
6239	0.000025268	553536	ops_par_loop_group_19	update_halo_kernel1_l2+update_halo_kernel3_minus_4_a
6240	0.000021480	553536	ops_par_loop_group_20	update_halo_kernel1_l1+update_halo_kernel3_minus_2_a
6241	0.000018535	123008	ops_par_loop_update_halo_kernel3_minus_4_b_25	update_halo_kernel3_minus_4_b
6242	0.000022984	553536	ops_par_loop_group_22	update_halo_kernel1_r2+update_halo_kernel3_minus_2_b
6243	0.000020068	430528	ops_par_loop_update_halo_kernel1_r1_18	update_halo_kernel1_r1
6244	0.000021951	369120	ops_par_loop_group_24	update_halo_kernel4_plus_4_a+update_halo_kernel2_xvel_minus_4_a+update_halo_kernel2_yvel_plus_4_a
6245	0.000021251	369120	ops_par_loop_group_25	update_halo_kernel4_plus_2_a+update_halo_kernel2_xvel_minus_2_a+update_halo_kernel2_yvel_plus_2_a
6246	0.000020749	246080	ops_par_loop_group_26	update_halo_kernel2_xvel_minus_4_b+update_halo_kernel2_yvel_plus_4_b
6247	0.000022012	369120	ops_par_loop_group_27	update_halo_kernel4_plus_4_b+update_halo_kernel2_xvel_minus_2_b+update_halo_kernel2_yvel_plus_2_b
6248	0.000017273	123040	ops_par_loop_update_halo_kernel4_plus_2_b_34	update_halo_kernel4_plus_2_b
6249	0.000521570	591053440	ops_par_loop_advec_cell_kernel1_xdir_35	advec_cell_kernel1_xdir
6250	0.000739936	708203544	ops_par_loop_advec_cell_kernel3_xdir_36	advec_cell_kernel3_xdir
6251	0.001405659	1533542400	ops_par_loop_advec_cell_kernel4_xdir_37	advec_cell_kernel4_xdir
6252	0.000021722	430528	ops_par_loop_update_halo_kernel1_b2_38	update_halo_kernel1_b2
6253	0.000019497	430528	ops_par_loop_update_halo_kernel1_b1_39	update_halo_kernel1_b1
6254	0.000019657	430528	ops_par_loop_update_halo_kernel1_t2_40	update_halo_kernel1_t2
6255	0.000020429	430528	ops_par_loop_update_halo_kernel1_t1_41	update_halo_kernel1_t1
6256	0.000018174	123040	ops_par_loop_update_halo_kernel3_plus_4_a_62	update_halo_kernel3_plus_4_a
6257	0.000017974	123040	ops_par_loop_update_halo_kernel3_plus_2_a_63	update_halo_kernel3_plus_2_a
6258	0.000017614	123040	ops_par_loop_update_halo_kernel3_plus_4_b_64	update_halo_kernel3_plus_4_b
6259	0.000017824	123040	ops_par_loop_update_halo_kernel3_plus_2_b_65	update_halo_kernel3_plus_2_b
6260	0.000025108	553536	ops_par_loop_group_40	update_halo_kernel1_l2+update_halo_kernel3_minus_4_a
6261	0.000022883	553536	ops_par_loop_group_41	update_halo_kernel1_l1+update_halo_kernel3_minus_2_a
6262	0.000017864	123008	ops_par_loop_update_halo_kernel3_minus_4_b_68	update_halo_kernel3_minus_4_b
6263	0.000023805	553536	ops_par_loop_group_43	update_halo_kernel1_r2+update_halo_kernel3_minus_2_b
6264	0.000020158	430528	ops_par_loop_update_halo_kernel1_r1_45	update_halo_kernel1_r1
6265	0.000520639	591053440	ops_par_loop_advec_mom_kernel_x1_70	advec_mom_kernel_x1
6266	0.000189610	236236864	ops_par_loop_advec_mom_kernel_mass_flux_x_71	advec_mom_kernel_mass_flux_x
6267	0.000533072	590438520	ops_par_loop_advec_mom_kernel_post_pre_advec_x_72	advec_mom_kernel_post_pre_advec_x
6268	0.000848932	472258640	ops_par_loop_advec_mom_kernel1_x_nonvector_73	advec_mom_kernel1_x_nonvector
6269	0.000447179	590131240	ops_par_loop_advec_mom_kernel2_x_74	advec_mom_kernel2_x
6270	0.000522793	591053440	ops_par_loop_advec_mom_kernel_x1_75	advec_mom_kernel_x1
6271	0.000189390	236236864	ops_par_loop_advec_mom_kernel_mass_flux_x_76	advec_mom_kernel_mass_flux_x
6272	0.000532100	590438520	ops_par_loop_advec_mom_kernel_post_pre_advec_x_77	advec_mom_kernel_post_pre_advec_x
6273	0.000849834	472258640	ops_par_loop_advec_mom_kernel1_x_nonvector_78	advec_mom_kernel1_x_nonvector
6274	0.000451547	590131240	ops_par_loop_advec_mom_kernel2_x_79	advec_mom_kernel2_x
6275	0.000460474	472842752	ops_par_loop_advec_cell_kernel2_ydir_80	advec_cell_kernel2_ydir
6276	0.000756827	708203544	ops_par_loop_advec_cell_kernel3_ydir_81	advec_cell_kernel3_ydir
6277	0.001413634	1533542400	ops_par_loop_advec_cell_kernel4_ydir_82	advec_cell_kernel4_ydir
6278	0.000022312	553536	ops_par_loop_group_58	update_halo_kernel1_b2+update_halo_kernel4_minus_4_a
6279	0.000020139	553536	ops_par_loop_group_59	update_halo_kernel1_b1+update_halo_kernel4_minus_2_a
6280	0.000020879	369120	ops_par_loop_group_60	update_halo_kernel2_xvel_plus_4_a+update_halo_kernel2_yvel_minus_4_a+update_halo_kernel3_plus_4_a
6281	0.000019888	369120	ops_par_loop_group_61	update_halo_kernel2_xvel_plus_2_a+update_halo_kernel2_yvel_minus_2_a+update_halo_kernel3_plus_2_a
6282	0.000018255	246080	ops_par_loop_group_62	update_halo_kernel2_xvel_plus_4_b+update_halo_kernel2_yvel_minus_4_b
6283	0.000020108	369120	ops_par_loop_group_63	update_halo_kernel2_xvel_plus_2_b+update_halo_kernel2_yvel_minus_2_b+update_halo_kernel3_plus_4_b
6284	0.000020449	246080	ops_par_loop_group_64	update_halo_kernel2_xvel_minus_4_b+update_halo_kernel2_yvel_plus_4_b
6285	0.000018685	123040	ops_par_loop_update_halo_kernel3_plus_2_b_110	update_halo_kernel3_plus_2_b
6286	0.000018505	123008	ops_par_loop_update_halo_kernel3_minus_4_b_113	update_halo_kernel3_minus_4_b
6287	0.000017664	123008	ops_par_loop_update_halo_kernel4_minus_4_b_117	update_halo_kernel4_minus_4_b
6288	0.000020359	553536	ops_par_loop_group_68	update_halo_kernel1_t2+update_halo_kernel4_minus_2_b
6289	0.000019587	430528	ops_par_loop_update_halo_kernel1_t1_86	update_halo_kernel1_t1
6290	0.000025258	553536	ops_par_loop_group_70	update_halo_kernel1_l2+update_halo_kernel3_minus_4_a
6291	0.000022523	553536	ops_par_loop_group_71	update_halo_kernel1_l1+update_halo_kernel3_minus_2_a
6292	0.000023264	553536	ops_par_loop_group_72	update_halo_kernel1_r2+update_halo_kernel3_minus_2_b
6293	0.000020729	430528	ops_par_loop_update_halo_kernel1_r1_90	update_halo_kernel1_r1
6294	0.000022773	369120	ops_par_loop_group_74	update_halo_kernel2_xvel_minus_4_a+update_halo_kernel2_yvel_plus_4_a+update_halo_kernel4_plus_4_a
6295	0.000020639	369120	ops_par_loop_group_75	update_halo_kernel2_xvel_minus_2_a+update_halo_kernel2_yvel_plus_2_a+update_halo_kernel4_plus_2_a
6296	0.000021510	369120	ops_par_loop_group_76	update_halo_kernel2_xvel_minus_2_b+update_halo_kernel2_yvel_plus_2_b+update_halo_kernel4_plus_4_b
6297	0.000017734	123040	ops_par_loop_update_halo_kernel4_plus_2_b_122	update_halo_kernel4_plus_2_b
6298	0.000454844	472842752	ops_par_loop_advec_mom_kernel_y2_123	advec_mom_kernel_y2
6299	0.000189149	236236864	ops_par_loop_advec_mom_kernel_mass_flux_y_124	advec_mom_kernel_mass_flux_y
6300	0.000493937	590438520	ops_par_loop_advec_mom_kernel_post_pre_advec_y_125	advec_mom_kernel_post_pre_advec_y
6301	0.000844203	472258640	ops_par_loop_advec_mom_kernel1_y_nonvector_126	advec_mom_kernel1_y_nonvector
6302	0.000442591	590131240	ops_par_loop_advec_mom_kernel2_y_127	advec_mom_kernel2_y
6303	0.000455475	472842752	ops_par_loop_advec_mom_kernel_y2_128	advec_mom_kernel_y2
6304	0.000188789	236236864	ops_par_loop_advec_mom_kernel_mass_flux_y_129	advec_mom_kernel_mass_flux_y
6305	0.000494119	590438520	ops_par_loop_advec_mom_kernel_post_pre_advec_y_130	advec_mom_kernel_post_pre_advec_y
6306	0.000841098	472258640	ops_par_loop_advec_mom_kernel1_y_nonvector_131	advec_mom_kernel1_y_nonvector
6307	0.000404368	471859200	ops_par_loop_reset_field_kernel1_133	reset_field_kernel1
6308	0.001398235	1534095432	ops_par_loop_group_88	advec_mom_kernel2_y+reset_field_kernel2+ideal_gas_kernel
6309	0.000020910	430304	ops_par_loop_update_halo_kernel1_b1_136	update_halo_kernel1_b1
6310	0.000019838	430304	ops_par_loop_update_halo_kernel1_t1_137	update_halo_kernel1_t1
6311	0.000023254	430304	ops_par_loop_update_halo_kernel1_l1_138	update_halo_kernel1_l1
6312	0.000023044	430304	ops_par_loop_update_halo_kernel1_r1_139	update_halo_kernel1_r1
6313	0.000019177	245952	ops_par_loop_group_93	update_halo_kernel2_xvel_plus_2_a+update_halo_kernel2_yvel_minus_2_a
6314	0.000018716	245952	ops_par_loop_group_94	update_halo_kernel2_xvel_plus_2_b+update_halo_kernel2_yvel_minus_2_b
6315	0.000020609	245952	ops_par_loop_group_95	update_halo_kernel2_xvel_minus_2_a+update_halo_kernel2_yvel_plus_2_a
6316	0.000020960	245952	ops_par_loop_group_96	update_halo_kernel2_xvel_minus_2_b+update_halo_kernel2_yvel_plus_2_b
6317	0.001667377	589885440	ops_par_loop_viscosity_kernel_148	viscosity_kernel
6318	0.000021451	430304	ops_par_loop_update_halo_kernel1_b1_149	update_halo_kernel1_b1
6319	0.000018715	430304	ops_par_loop_update_halo_kernel1_t1_150	update_halo_kernel1_t1
6320	0.000022693	430304	ops_par_loop_update_halo_kernel1_l1_151	update_halo_kernel1_l1
6321	0.000022422	430304	ops_par_loop_update_halo_kernel1_r1_152	update_halo_kernel1_r1
6322	0.000882716	1061744640	ops_par_loop_calc_dt_kernel_153	calc_dt_kernel
6323	0.001430747	1887436800	ops_par_loop_group_0	PdV_kernel_predict+ideal_gas_kernel
6324	0.000021490	430304	ops_par_loop_update_halo_kernel1_b1_2	update_halo_kernel1_b1
6325	0.000019086	430304	ops_par_loop_update_halo_kernel1_t1_3	update_halo_kernel1_t1
6326	0.000022943	430304	ops_par_loop_update_halo_kernel1_l1_4	update_halo_kernel1_l1
6327	0.000022483	430304	ops_par_loop_update_halo_kernel1_r1_5	update_halo_kernel1_r1
6328	0.001015378	1298288728	ops_par_loop_accelerate_kernel_7	accelerate_kernel
6329	0.001276544	2123366400	ops_par_loop_group_6	revert_kernel+PdV_kernel_nopredict
6330	0.000358551	471982080	ops_par_loop_flux_calc_kernelx_9	flux_calc_kernelx
6331	0.000354874	471982080	ops_par_loop_flux_calc_kernely_10	flux_calc_kernely
6332	0.000022022	553536	ops_par_loop_group_9	update_halo_kernel1_b2+update_halo_kernel4_minus_4_a
6333	0.000020258	553536	ops_par_loop_group_10	update_halo_kernel1_b1+update_halo_kernel4_minus_2_a
6334	0.000019868	369120	ops_par_loop_group_11	update_halo_kernel3_plus_4_a+update_halo_kernel2_xvel_plus_4_a+update_halo_kernel2_yvel_minus_4_a
6335	0.000020018	369120	ops_par_loop_group_12	update_halo_kernel3_plus_2_a+update_halo_kernel2_xvel_plus_2_a+update_halo_kernel2_yvel_minus_2_a
6336	0.000018075	123008	ops_par_loop_update_halo_kernel4_minus_4_b_29	update_halo_kernel4_minus_4_b
6337	0.000026200	553536	ops_par_loop_group_14	update_halo_kernel1_t2+update_halo_kernel4_minus_2_b
6338	0.000018726	430528	ops_par_loop_update_halo_kernel1_t1_14	update_halo_kernel1_t1
6339	0.000018956	246080	ops_par_loop_group_16	update_halo_kernel2_xvel_plus_4_b+update_halo_kernel2_yvel_minus_4_b
6340	0.000020028	369120	ops_par_loop_group_17	update_halo_kernel3_plus_4_b+update_halo_kernel2_xvel_plus_2_b+update_halo_kernel2_yvel_minus_2_b
6341	0.000018024	123040	ops_par_loop_update_halo_kernel3_plus_2_b_22	update_halo_kernel3_plus_2_b
6342	0.000024527	553536	ops_par_loop_group_19	update_halo_kernel1_l2+update_halo_kernel3_minus_4_a
6343	0.000021801	553536	ops_par_loop_group_20	update_halo_kernel1_l1+update_halo_kernel3_minus_2_a
6344	0.000018766	123008	ops_par_loop_update_halo_kernel3_minus_4_b_25	update_halo_kernel3_minus_4_b
6345	0.000023684	553536	ops_par_loop_group_22	update_halo_kernel1_r2+update_halo_kernel3_minus_2_b
6346	0.000020119	430528	ops_par_loop_update_halo_kernel1_r1_18	update_halo_kernel1_r1
6347	0.000022633	369120	ops_par_loop_group_24	update_halo_kernel4_plus_4_a+update_halo_kernel2_xvel_minus_4_a+update_halo_kernel2_yvel_plus_4_a
6348	0.000020779	369120	ops_par_loop_group_25	update_halo_kernel4_plus_2_a+update_halo_kernel2_xvel_minus_2_a+update_halo_kernel2_yvel_plus_2_a
6349	0.000020048	246080	ops_par_loop_group_26	update_halo_kernel2_xvel_minus_4_b+update_halo_kernel2_yvel_plus_4_b
6350	0.000021300	369120	ops_par_loop_group_27	update_halo_kernel4_plus_4_b+update_halo_kernel2_xvel_minus_2_b+update_halo_kernel2_yvel_plus_2_b
6351	0.000017743	123040	ops_par_loop_update_halo_kernel4_plus_2_b_34	update_halo_kernel4_plus_2_b
6352	0.000521921	591053440	ops_par_loop_advec_cell_kernel1_ydir_35	advec_cell_kernel1_ydir
6353	0.000755034	708203544	ops_par_loop_advec_cell_kernel3_ydir_36	advec_cell_kernel3_ydir
6354	0.001413344	1533542400	ops_par_loop_advec_cell_kernel4_ydir_37	advec_cell_kernel4_ydir
6355	0.000021521	553536	ops_par_loop_group_32	update_halo_kernel1_b2+update_halo_kernel4_minus_4_a
6356	0.000020660	553536	ops_par_loop_group_33	update_halo_kernel1_b1+update_halo_kernel4_minus_2_a
6357	0.000018655	123008	ops_par_loop_update_halo_kernel4_minus_4_b_64	update_halo_kernel4_minus_4_b
6358	0.000020709	553536	ops_par_loop_group_35	update_halo_kernel1_t2+update_halo_kernel4_minus_2_b
6359	0.000019307	430528	ops_par_loop_update_halo_kernel1_t1_41	update_halo_kernel1_t1
6360	0.000022253	430528	ops_par_loop_update_halo_kernel1_l2_42	update_halo_kernel1_l2
6361	0.000020649	430528	ops_par_loop_update_halo_kernel1_l1_43	update_halo_kernel1_l1
6362	0.000022042	430528	ops_par_loop_update_halo_kernel1_r2_44	update_halo_kernel1_r2
6363	0.000019808	430528	ops_par_loop_update_halo_kernel1_r1_45	update_halo_kernel1_r1
6364	0.000018615	123040	ops_par_loop_update_halo_kernel4_plus_4_a_66	update_halo_kernel4_plus_4_a
6365	0.000017313	123040	ops_par_loop_update_halo_kernel4_plus_2_a_67	update_halo_kernel4_plus_2_a
6366	0.000017864	123040	ops_par_loop_update_halo_kernel4_plus_4_b_68	update_halo_kernel4_plus_4_b
6367	0.000017593	123040	ops_par_loop_update_halo_kernel4_plus_2_b_69	update_halo_kernel4_plus_2_b
6368	0.000522853	591053440	ops_par_loop_advec_mom_kernel_y1_70	advec_mom_kernel_y1
6369	0.000188448	236236864	ops_par_loop_advec_mom_kernel_mass_flux_y_71	advec_mom_kernel_mass_flux_y
6370	0.000494830	590438520	ops_par_loop_advec_mom_kernel_post_pre_advec_y_72	advec_mom_kernel_post_pre_advec_y
6371	0.000844043	472258640	ops_par_loop_advec_mom_kernel1_y_nonvector_73	advec_mom_kernel1_y_nonvector
6372	0.000450867	590131240	ops_par_loop_advec_mom_kernel2_y_74	advec_mom_kernel2_y
6373	0.000521080	591053440	ops_par_loop_advec_mom_kernel_y1_75	advec_mom_kernel_y1
6374	0.000188849	236236864	ops_par_loop_advec_mom_kernel_mass_flux_y_76	advec_mom_kernel_mass_flux_y
6375	0.000494109	590438520	ops_par_loop_advec_mom_kernel_post_pre_advec_y_77	advec_mom_kernel_post_pre_advec_y
6376	0.000839905	472258640	ops_par_loop_advec_mom_kernel1_y_nonvector_78	advec_mom_kernel1_y_nonvector
6377	0.000452149	590131240	ops_par_loop_advec_mom_kernel2_y_79	advec_mom_kernel2_y
6378	0.000461035	472842752	ops_par_loop_advec_cell_kernel2_xdir_80	advec_cell_kernel2_xdir
6379	0.000741838	708203544	ops_par_loop_advec_cell_kernel3_xdir_81	advec_cell_kernel3_xdir
6380	0.001406331	1533542400	ops_par_loop_advec_cell_kernel4_xdir_82	advec_cell_kernel4_xdir
6381	0.000022112	553536	ops_par_loop_group_58	update_halo_kernel1_b2+update_halo_kernel4_minus_4_a
6382	0.000020429	553536	ops_par_loop_group_59	update_halo_kernel1_b1+update_halo_kernel4_minus_2_a
6383	0.000021300	369120	ops_par_loop_group_60	update_halo_kernel2_xvel_plus_4_a+update_halo_kernel2_yvel_minus_4_a+update_halo_kernel3_plus_4_a
6384	0.000020208	369120	ops_par_loop_group_61	update_halo_kernel2_xvel_plus_2_a+update_halo_kernel2_yvel_minus_2_a+update_halo_kernel3_plus_2_a
6385	0.000018916	246080	ops_par_loop_group_62	update_halo_kernel2_xvel_plus_4_b+update_halo_kernel2_yvel_minus_4_b
6386	0.000019687	369120	ops_par_loop_group_63	update_halo_kernel2_xvel_plus_2_b+update_halo_kernel2_yvel_minus_2_b+update_halo_kernel3_plus_4_b
6387	0.000021150	246080	ops_par_loop_group_64	update_halo_kernel2_xvel_minus_4_b+update_halo_kernel2_yvel_plus_4_b
6388	0.000018685	123040	ops_par_loop_update_halo_kernel3_plus_2_b_110	update_halo_kernel3_plus_2_b
6389	0.000018686	123008	ops_par_loop_update_halo_kernel3_minus_4_b_113	update_halo_kernel3_minus_4_b
6390	0.000017193	123008	ops_par_loop_update_halo_kernel4_minus_4_b_117	update_halo_kernel4_minus_4_b
6391	0.000020479	553536	ops_par_loop_group_68	update_halo_kernel1_t2+update_halo_kernel4_minus_2_b
6392	0.000019638	430528	ops_par_loop_update_halo_kernel1_t1_86	update_halo_kernel1_t1
6393	0.000025469	553536	ops_par_loop_group_70	update_halo_kernel1_l2+update_halo_kernel3_minus_4_a
6394	0.000022142	553536	ops_par_loop_group_71	update_halo_kernel1_l1+update_halo_kernel3_minus_2_a
6395	0.000023705	553536	ops_par_loop_group_72	update_halo_kernel1_r2+update_halo_kernel3_minus_2_b
6396	0.000020740	430528	ops_par_loop_update_halo_kernel1_r1_90	update_halo_kernel1_r1
6397	0.000022413	369120	ops_par_loop_group_74	update_halo_kernel2_xvel_minus_4_a+update_halo_kernel2_yvel_plus_4_a+update_halo_kernel4_plus_4_a
6398	0.000020639	369120	ops_par_loop_group_75	update_halo_kernel2_xvel_minus_2_a+update_halo_kernel2_yvel_plus_2_a+update_halo_kernel4_plus_2_a
6399	0.000022152	369120	ops_par_loop_group_76	update_halo_kernel2_xvel_minus_2_b+update_halo_kernel2_yvel_plus_2_b+update_halo_kernel4_plus_4_b
6400	0.000017333	123040	ops_par_loop_update_halo_kernel4_plus_2_b_122	update_halo_kernel4_plus_2_b
6401	0.000461797	472842752	ops_par_loop_advec_mom_kernel_x2_123	advec_mom_kernel_x2
6402	0.000190121	236236864	ops_par_loop_advec_mom_kernel_mass_flux_x_124	advec_mom_kernel_mass_flux_x
6403	0.000533082	590438520	ops_par_loop_advec_mom_kernel_post_pre_advec_x_125	advec_mom_kernel_post_pre_advec_x
6404	0.000849082	472258640	ops_par_loop_advec_mom_kernel1_x_nonvector_126	advec_mom_kernel1_x_nonvector
6405	0.000449583	590131240	ops_par_loop_advec_mom_kernel2_x_127	advec_mom_kernel2_x
6406	0.000460956	472842752	ops_par_loop_advec_mom_kernel_x2_128	advec_mom_kernel_x2
6407	0.000189710	236236864	ops_par_loop_advec_mom_kernel_mass_flux_x_129	advec_mom_kernel_mass_flux_x
6408	0.000531198	590438520	ops_par_loop_advec_mom_kernel_post_pre_advec_x_130	advec_mom_kernel_post_pre_advec_x
6409	0.000850034	472258640	ops_par_loop_advec_mom_kernel1_x_nonvector_131	advec_mom_kernel1_x_nonvector
6410	0.000404979	471859200	ops_par_loop_reset_field_kernel1_133	reset_field_kernel1
6411	0.001402152	1534095432	ops_par_loop_group_88	advec_mom_kernel2_x+reset_field_kernel2+ideal_gas_kernel
6412	0.000020880	430304	ops_par_loop_update_halo_kernel1_b1_136	update_halo_kernel1_b1
6413	0.000019127	430304	ops_par_loop_update_halo_kernel1_t1_137	update_halo_kernel1_t1
6414	0.000022953	430304	ops_par_loop_update_halo_kernel1_l1_138	update_halo_kernel1_l1
6415	0.000023334	430304	ops_par_loop_update_halo_kernel1_r1_139	update_halo_kernel1_r1
6416	0.000018485	245952	ops_par_loop_group_93	update_halo_kernel2_xvel_plus_2_a+update_halo_kernel2_yvel_minus_2_a
6417	0.000017854	245952	ops_par_loop_group_94	update_halo_kernel2_xvel_plus_2_b+update_halo_kernel2_yvel_minus_2_b
6418	0.000019648	245952	ops_par_loop_group_95	update_halo_kernel2_xvel_minus_2_a+update_halo_kernel2_yvel_plus_2_a
6419	0.000020609	245952	ops_par_loop_group_96	update_halo_kernel2_xvel_minus_2_b+update_halo_kernel2_yvel_plus_2_b
6420	0.001668107	589885440	ops_par_loop_viscosity_kernel_148	viscosity_kernel
6421	0.000021311	430304	ops_par_loop_update_halo_kernel1_b1_149	update_halo_kernel1_b1
6422	0.000019387	430304	ops_par_loop_update_halo_kernel1_t1_150	update_halo_kernel1_t1
6423	0.000023174	430304	ops_par_loop_update_halo_kernel1_l1_151	update_halo_kernel1_l1
6424	0.000021591	430304	ops_par_loop_update_halo_kernel1_r1_152	update_halo_kernel1_r1
6425	0.000883247	1061744640	ops_par_loop_calc_dt_kernel_153	calc_dt_kernel
6426	0.001430076	1887436800	ops_par_loop_group_0	PdV_kernel_predict+ideal_gas_kernel
6427	0.000021691	430304	ops_par_loop_update_halo_kernel1_b1_2	update_halo_kernel1_b1
6428	0.000019017	430304	ops_par_loop_update_halo_kernel1_t1_3	update_halo_kernel1_t1
6429	0.000023434	430304	ops_par_loop_update_halo_kernel1_l1_4	update_halo_kernel1_l1
6430	0.000022643	430304	ops_par_loop_update_halo_kernel1_r1_5	update_halo_kernel1_r1
6431	0.001018144	1298288728	ops_par_loop_accelerate_kernel_7	accelerate_kernel
6432	0.001278648	2123366400	ops_par_loop_group_6	revert_kernel+PdV_kernel_nopredict
6433	0.000358932	471982080	ops_par_loop_flux_calc_kernelx_9	flux_calc_kernelx
6434	0.000355836	471982080	ops_par_loop_flux_calc_kernely_10	flux_calc_kernely
6435	0.000021792	553536	ops_par_loop_group_9	update_halo_kernel1_b2+update_halo_kernel4_minus_4_a
6436	0.000020038	553536	ops_par_loop_group_10	update_halo_kernel1_b1+update_halo_kernel4_minus_2_a
6437	0.000020619	369120	ops_par_loop_group_11	update_halo_kernel3_plus_4_a+update_halo_kernel2_xvel_plus_4_a+update_halo_kernel2_yvel_minus_4_a
6438	0.000018786	369120	ops_par_loop_group_12	update_halo_kernel3_plus_2_a+update_halo_kernel2_xvel_plus_2_a+update_halo_kernel2_yvel_minus_2_a
6439	0.000018645	123008	ops_par_loop_update_halo_kernel4_minus_4_b_29	update_halo_kernel4_minus_4_b
6440	0.000019457	553536	ops_par_loop_group_14	update_halo_kernel1_t2+update_halo_kernel4_minus_2_b
6441	0.000019717	430528	ops_par_loop_update_halo_kernel1_t1_14	update_halo_kernel1_t1
6442	0.000019026	246080	ops_par_loop_group_16	update_halo_kernel2_xvel_plus_4_b+update_halo_kernel2_yvel_minus_4_b
6443	0.000020439	369120	ops_par_loop_group_17	update_halo_kernel3_plus_4_b+update_halo_kernel2_xvel_plus_2_b+update_halo_kernel2_yvel_minus_2_b
6444	0.000017793	123040	ops_par_loop_update_halo_kernel3_plus_2_b_22	update_halo_kernel3_plus_2_b
6445	0.000024757	553536	ops_par_loop_group_19	update_halo_kernel1_l2+update_halo_kernel3_minus_4_a
6446	0.000021822	553536	ops_par_loop_group_20	update_halo_kernel1_l1+update_halo_kernel3_minus_2_a
6447	0.000018235	123008	ops_par_loop_update_halo_kernel3_minus_4_b_25	update_halo_kernel3_minus_4_b
6448	0.000023514	553536	ops_par_loop_group_22	update_halo_kernel1_r2+update_halo_kernel3_minus_2_b
6449	0.000020569	430528	ops_par_loop_update_halo_kernel1_r1_18	update_halo_kernel1_r1
6450	0.000022022	369120	ops_par_loop_group_24	update_halo_kernel4_plus_4_a+update_halo_kernel2_xvel_minus_4_a+update_halo_kernel2_yvel_plus_4_a
6451	0.000021100	369120	ops_par_loop_group_25	update_halo_kernel4_plus_2_a+update_halo_kernel2_xvel_minus_2_a+update_halo_kernel2_yvel_plus_2_a
6452	0.000019558	246080	ops_par_loop_group_26	update_halo_kernel2_xvel_minus_4_b+update_halo_kernel2_yvel_plus_4_b
6453	0.000022002	369120	ops_par_loop_group_27	update_halo_kernel4_plus_4_b+update_halo_kernel2_xvel_minus_2_b+update_halo_kernel2_yvel_plus_2_b
6454	0.000017824	123040	ops_par_loop_update_halo_kernel4_plus_2_b_34	update_halo_kernel4_plus_2_b
6455	0.000521190	591053440	ops_par_loop_advec_cell_kernel1_xdir_35	advec_cell_kernel1_xdir
6456	0.000740146	708203544	ops_par_loop_advec_cell_kernel3_xdir_36	advec_cell_kernel3_xdir
6457	0.001404016	1533542400	ops_par_loop_advec_cell_kernel4_xdir_37	advec_cell_kernel4_xdir
6458	0.000020509	430528	ops_par_loop_update_halo_kernel1_b2_38	update_halo_kernel1_b2
6459	0.000020729	430528	ops_par_loop_update_halo_kernel1_b1_39	update_halo_kernel1_b1
6460	0.000019357	430528	ops_par_loop_update_halo_kernel1_t2_40	update_halo_kernel1_t2
6461	0.000019136	430528	ops_par_loop_update_halo_kernel1_t1_41	update_halo_kernel1_t1
6462	0.000018154	123040	ops_par_loop_update_halo_kernel3_plus_4_a_62	update_halo_kernel3_plus_4_a
6463	0.000017774	123040	ops_par_loop_update_halo_kernel3_plus_2_a_63	update_halo_kernel3_plus_2_a
6464	0.000016972	123040	ops_par_loop_update_halo_kernel3_plus_4_b_64	update_halo_kernel3_plus_4_b
6465	0.000018285	123040	ops_par_loop_update_halo_kernel3_plus_2_b_65	update_halo_kernel3_plus_2_b
6466	0.000024877	553536	ops_par_loop_group_40	update_halo_kernel1_l2+update_halo_kernel3_minus_4_a
6467	0.000022934	553536	ops_par_loop_group_41	update_halo_kernel1_l1+update_halo_kernel3_minus_2_a
6468	0.000018435	123008	ops_par_loop_update_halo_kernel3_minus_4_b_68	update_halo_kernel3_minus_4_b
6469	0.000023595	553536	ops_par_loop_group_43	update_halo_kernel1_r2+update_halo_kernel3_minus_2_b
6470	0.000020379	430528	ops_par_loop_update_halo_kernel1_r1_45	update_halo_kernel1_r1
6471	0.000522442	591053440	ops_par_loop_advec_mom_kernel_x1_70	advec_mom_kernel_x1
6472	0.000190531	236236864	ops_par_loop_advec_mom_kernel_mass_flux_x_71	advec_mom_kernel_mass_flux_x
6473	0.000533693	590438520	ops_par_loop_advec_mom_kernel_post_pre_advec_x_72	advec_mom_kernel_post_pre_advec_x
6474	0.000849052	472258640	ops_par_loop_advec_mom_kernel1_x_nonvector_73	advec_mom_kernel1_x_nonvector
6475	0.000448772	590131240	ops_par_loop_advec_mom_kernel2_x_74	advec_mom_kernel2_x
6476	0.000524666	591053440	ops_par_loop_advec_mom_kernel_x1_75	advec_mom_kernel_x1
6477	0.000193026	236236864	ops_par_loop_advec_mom_kernel_mass_flux_x_76	advec_mom_kernel_mass_flux_x
6478	0.000534124	590438520	ops_par_loop_advec_mom_kernel_post_pre_advec_x_77	advec_mom_kernel_post_pre_advec_x
6479	0.000850786	472258640	ops_par_loop_advec_mom_kernel1_x_nonvector_78	advec_mom_kernel1_x_nonvector
6480	0.000445896	590131240	ops_par_loop_advec_mom_kernel2_x_79	advec_mom_kernel2_x
6481	0.000461997	472842752	ops_par_loop_advec_cell_kernel2_ydir_80	advec_cell_kernel2_ydir
6482	0.000755936	708203544	ops_par_loop_advec_cell_kernel3_ydir_81	advec_cell_kernel3_ydir
6483	0.001411500	1533542400	ops_par_loop_advec_cell_kernel4_ydir_82	advec_cell_kernel4_ydir
6484	0.000021782	553536	ops_par_loop_group_58	update_halo_kernel1_b2+update_halo_kernel4_minus_4_a
6485	0.000019988	553536	ops_par_loop_group_59	update_halo_kernel1_b1+update_halo_kernel4_minus_2_a
6486	0.000020289	369120	ops_par_loop_group_60	update_halo_kernel2_xvel_plus_4_a+update_halo_kernel2_yvel_minus_4_a+update_halo_kernel3_plus_4_a
6487	0.000020529	369120	ops_par_loop_group_61	update_halo_kernel2_xvel_plus_2_a+update_halo_kernel2_yvel_minus_2_a+update_halo_kernel3_plus_2_a
6488	0.000018476	246080	ops_par_loop_group_62	update_halo_kernel2_xvel_plus_4_b+update_halo_kernel2_yvel_minus_4_b
6489	0.000019287	369120	ops_par_loop_group_63	update_halo_kernel2_xvel_plus_2_b+update_halo_kernel2_yvel_minus_2_b+update_halo_kernel3_plus_4_b
6490	0.000021311	246080	ops_par_loop_group_64	update_halo_kernel2_xvel_minus_4_b+update_halo_kernel2_yvel_plus_4_b
6491	0.000018736	123040	ops_par_loop_update_halo_kernel3_plus_2_b_110	update_halo_kernel3_plus_2_b
6492	0.000018345	123008	ops_par_loop_update_halo_kernel3_minus_4_b_113	update_halo_kernel3_minus_4_b
6493	0.000022703	123008	ops_par_loop_update_halo_kernel4_minus_4_b_117	update_halo_kernel4_minus_4_b
6494	0.000020389	553536	ops_par_loop_group_68	update_halo_kernel1_t2+update_halo_kernel4_minus_2_b
6495	0.000020308	430528	ops_par_loop_update_halo_kernel1_t1_86	update_halo_kernel1_t1
6496	0.000025098	553536	ops_par_loop_group_70	update_halo_kernel1_l2+update_halo_kernel3_minus_4_a
6497	0.000022142	553536	ops_par_loop_group_71	update_halo_kernel1_l1+update_halo_kernel3_minus_2_a
6498	0.000023875	553536	ops_par_loop_group_72	update_halo_kernel1_r2+update_halo_kernel3_minus_2_b
6499	0.000020839	430528	ops_par_loop_update_halo_kernel1_r1_90	update_halo_kernel1_r1
6500	0.000022482	369120	ops_par_loop_group_74	update_halo_kernel2_xvel_minus_4_a+update_halo_kernel2_yvel_plus_4_a+update_halo_kernel4_plus_4_a
6501	0.000020109	369120	ops_par_loop_group_75	update_halo_kernel2_xvel_minus_2_a+update_halo_kernel2_yvel_plus_2_a+update_halo_kernel4_plus_2_a
6502	0.000021091	369120	ops_par_loop_group_76	update_halo_kernel2_xvel_minus_2_b+update_halo_kernel2_yvel_plus_2_b+update_halo_kernel4_plus_4_b
6503	0.000018034	123040	ops_par_loop_update_halo_kernel4_plus_2_b_122	update_halo_kernel4_plus_2_b
6504	0.000455164	472842752	ops_par_loop_advec_mom_kernel_y2_123	advec_mom_kernel_y2
6505	0.000188638	236236864	ops_par_loop_advec_mom_kernel_mass_flux_y_124	advec_mom_kernel_mass_flux_y
6506	0.000495321	590438520	ops_par_loop_advec_mom_kernel_post_pre_advec_y_125	advec_mom_kernel_post_pre_advec_y
6507	0.000844263	472258640	ops_par_loop_advec_mom_kernel1_y_nonvector_126	advec_mom_kernel1_y_nonvector
6508	0.000450215	590131240	ops_par_loop_advec_mom_kernel2_y_127	advec_mom_kernel2_y
6509	0.000453521	472842752	ops_par_loop_advec_mom_kernel_y2_128	advec_mom_kernel_y2
6510	0.000188979	236236864	ops_par_loop_advec_mom_kernel_mass_flux_y_129	advec_mom_kernel_mass_flux_y
6511	0.000495040	590438520	ops_par_loop_advec_mom_kernel_post_pre_advec_y_130	advec_mom_kernel_post_pre_advec_y
6512	0.000839544	472258640	ops_par_loop_advec_mom_kernel1_y_nonvector_131	advec_mom_kernel1_y_nonvector
6513	0.000404267	471859200	ops_par_loop_reset_field_kernel1_133	reset_field_kernel1
6514	0.001396492	1534095432	ops_par_loop_group_88	advec_mom_kernel2_y+reset_field_kernel2+ideal_gas_kernel
6515	0.000020849	430304	ops_par_loop_update_halo_kernel1_b1_136	update_halo_kernel1_b1
6516	0.000019748	430304	ops_par_loop_update_halo_kernel1_t1_137	update_halo_kernel1_t1
6517	0.000023114	430304	ops_par_loop_update_halo_kernel1_l1_138	update_halo_kernel1_l1
6518	0.000023214	430304	ops_par_loop_update_halo_kernel1_r1_139	update_halo_kernel1_r1
6519	0.000017974	245952	ops_par_loop_group_93	update_halo_kernel2_xvel_plus_2_a+update_halo_kernel2_yvel_minus_2_a
6520	0.000018415	245952	ops_par_loop_group_94	update_halo_kernel2_xvel_plus_2_b+update_halo_kernel2_yvel_minus_2_b
6521	0.000019527	245952	ops_par_loop_group_95	update_halo_kernel2_xvel_minus_2_a+update_halo_kernel2_yvel_plus_2_a
6522	0.000020699	245952	ops_par_loop_group_96	update_halo_kernel2_xvel_minus_2_b+update_halo_kernel2_yvel_plus_2_b
6523	0.001667947	589885440	ops_par_loop_viscosity_kernel_148	viscosity_kernel
6524	0.000021331	430304	ops_par_loop_update_halo_kernel1_b1_149	update_halo_kernel1_b1
6525	0.000019096	430304	ops_par_loop_update_halo_kernel1_t1_150	update_halo_kernel1_t1
6526	0.000022443	430304	ops_par_loop_update_halo_kernel1_l1_151	update_halo_kernel1_l1
6527	0.000022613	430304	ops_par_loop_update_halo_kernel1_r1_152	update_halo_kernel1_r1
6528	0.000882256	1061744640	ops_par_loop_calc_dt_kernel_153	calc_dt_kernel
6529	0.001434454	1887436800	ops_par_loop_group_0	PdV_kernel_predict+ideal_gas_kernel
6530	0.000020799	430304	ops_par_loop_update_halo_kernel1_b1_2	update_halo_kernel1_b1
6531	0.000019187	430304	ops_par_loop_update_halo_kernel1_t1_3	update_halo_kernel1_t1
6532	0.000023575	430304	ops_par_loop_update_halo_kernel1_l1_4	update_halo_kernel1_l1
6533	0.000022853	430304	ops_par_loop_update_halo_kernel1_r1_5	update_halo_kernel1_r1
6534	0.001015339	1298288728	ops_par_loop_accelerate_kernel_7	accelerate_kernel
6535	0.001277296	2123366400	ops_par_loop_group_6	revert_kernel+PdV_kernel_nopredict
6536	0.000355655	471982080	ops_par_loop_flux_calc_kernelx_9	flux_calc_kernelx
6537	0.000354633	471982080	ops_par_loop_flux_calc_kernely_10	flux_calc_kernely
6538	0.000021892	553536	ops_par_loop_group_9	update_halo_kernel1_b2+update_halo_kernel4_minus_4_a
6539	0.000020729	553536	ops_par_loop_group_10	update_halo_kernel1_b1+update_halo_kernel4_minus_2_a
6540	0.000020389	369120	ops_par_loop_group_11	update_halo_kernel3_plus_4_a+update_halo_kernel2_xvel_plus_4_a+update_halo_kernel2_yvel_minus_4_a
6541	0.000019748	369120	ops_par_loop_group_12	update_halo_kernel3_plus_2_a+update_halo_kernel2_xvel_plus_2_a+update_halo_kernel2_yvel_minus_2_a
6542	0.000018124	123008	ops_par_loop_update_halo_kernel4_minus_4_b_29	update_halo_kernel4_minus_4_b
6543	0.000021101	553536	ops_par_loop_group_14	update_halo_kernel1_t2+update_halo_kernel4_minus_2_b
6544	0.000019777	430528	ops_par_loop_update_halo_kernel1_t1_14	update_halo_kernel1_t1
6545	0.000018876	246080	ops_par_loop_group_16	update_halo_kernel2_xvel_plus_4_b+update_halo_kernel2_yvel_minus_4_b
6546	0.000020038	369120	ops_par_loop_group_17	update_halo_kernel3_plus_4_b+update_halo_kernel2_xvel_plus_2_b+update_halo_kernel2_yvel_minus_2_b
6547	0.000018966	123040	ops_par_loop_update_halo_kernel3_plus_2_b_22	update_halo_kernel3_plus_2_b
6548	0.000024557	553536	ops_par_loop_group_19	update_halo_kernel1_l2+update_halo_kernel3_minus_4_a
6549	0.000028163	553536	ops_par_loop_group_20	update_halo_kernel1_l1+update_halo_kernel3_minus_2_a
6550	0.000019287	123008	ops_par_loop_update_halo_kernel3_minus_4_b_25	update_halo_kernel3_minus_4_b
6551	0.000024026	553536	ops_par_loop_group_22	update_halo_kernel1_r2+update_halo_kernel3_minus_2_b
6552	0.000020489	430528	ops_par_loop_update_halo_kernel1_r1_18	update_halo_kernel1_r1
6553	0.000021751	369120	ops_par_loop_group_24	update_halo_kernel4_plus_4_a+update_halo_kernel2_xvel_minus_4_a+update_halo_kernel2_yvel_plus_4_a
6554	0.000020569	369120	ops_par_loop_group_25	update_halo_kernel4_plus_2_a+update_halo_kernel2_xvel_minus_2_a+update_halo_kernel2_yvel_plus_2_a
6555	0.000019367	246080	ops_par_loop_group_26	update_halo_kernel2_xvel_minus_4_b+update_halo_kernel2_yvel_plus_4_b
6556	0.000021240	369120	ops_par_loop_group_27	update_halo_kernel4_plus_4_b+update_halo_kernel2_xvel_minus_2_b+update_halo_kernel2_yvel_plus_2_b
6557	0.000017894	123040	ops_par_loop_update_halo_kernel4_plus_2_b_34	update_halo_kernel4_plus_2_b
6558	0.000522682	591053440	ops_par_loop_advec_cell_kernel1_ydir_35	advec_cell_kernel1_ydir
6559	0.000754983	708203544	ops_par_loop_advec_cell_kernel3_ydir_36	advec_cell_kernel3_ydir
6560	0.001409828	1533542400	ops_par_loop_advec_cell_kernel4_ydir_37	advec_cell_kernel4_ydir
6561	0.000022352	553536	ops_par_loop_group_32	update_halo_kernel1_b2+update_halo_kernel4_minus_4_a
6562	0.000023535	553536	ops_par_loop_group_33	update_halo_kernel1_b1+update_halo_kernel4_minus_2_a
6563	0.000018205	123008	ops_par_loop_update_halo_kernel4_minus_4_b_64	update_halo_kernel4_minus_4_b
6564	0.000022753	553536	ops_par_loop_group_35	update_halo_kernel1_t2+update_halo_kernel4_minus_2_b
6565	0.000019738	430528	ops_par_loop_update_halo_kernel1_t1_41	update_halo_kernel1_t1
6566	0.000024336	430528	ops_par_loop_update_halo_kernel1_l2_42	update_halo_kernel1_l2
6567	0.000020939	430528	ops_par_loop_update_halo_kernel1_l1_43	update_halo_kernel1_l1
6568	0.000022523	430528	ops_par_loop_update_halo_kernel1_r2_44	update_halo_kernel1_r2
6569	0.000022513	430528	ops_par_loop_update_halo_kernel1_r1_45	update_halo_kernel1_r1
6570	0.000019727	123040	ops_par_loop_update_halo_kernel4_plus_4_a_66	update_halo_kernel4_plus_4_a
6571	0.000018144	123040	ops_par_loop_update_halo_kernel4_plus_2_a_67	update_halo_kernel4_plus_2_a
6572	0.000018044	123040	ops_par_loop_update_halo_kernel4_plus_4_b_68	update_halo_kernel4_plus_4_b
6573	0.000017744	123040	ops_par_loop_update_halo_kernel4_plus_2_b_69	update_halo_kernel4_plus_2_b
6574	0.000522462	591053440	ops_par_loop_advec_mom_kernel_y1_70	advec_mom_kernel_y1
6575	0.000187927	236236864	ops_par_loop_advec_mom_kernel_mass_flux_y_71	advec_mom_kernel_mass_flux_y
6576	0.000493778	590438520	ops_par_loop_advec_mom_kernel_post_pre_advec_y_72	advec_mom_kernel_post_pre_advec_y
6577	0.000843982	472258640	ops_par_loop_advec_mom_kernel1_y_nonvector_73	advec_mom_kernel1_y_nonvector
6578	0.000446218	590131240	ops_par_loop_advec_mom_kernel2_y_74	advec_mom_kernel2_y
6579	0.000521209	591053440	ops_par_loop_advec_mom_kernel_y1_75	advec_mom_kernel_y1
6580	0.000190321	236236864	ops_par_loop_advec_mom_kernel_mass_flux_y_76	advec_mom_kernel_mass_flux_y
6581	0.000496032	590438520	ops_par_loop_advec_mom_kernel_post_pre_advec_y_77	advec_mom_kernel_post_pre_advec_y
6582	0.000840806	472258640	ops_par_loop_advec_mom_kernel1_y_nonvector_78	advec_mom_kernel1_y_nonvector
6583	0.000448412	590131240	ops_par_loop_advec_mom_kernel2_y_79	advec_mom_kernel2_y
6584	0.000457589	472842752	ops_par_loop_advec_cell_kernel2_xdir_80	advec_cell_kernel2_xdir
6585	0.000741578	708203544	ops_par_loop_advec_cell_kernel3_xdir_81	advec_cell_kernel3_xdir
6586	0.001403215	1533542400	ops_par_loop_advec_cell_kernel4_xdir_82	advec_cell_kernel4_xdir
6587	0.000021811	553536	ops_par_loop_group_58	update_halo_kernel1_b2+update_halo_kernel4_minus_4_a
6588	0.000021050	553536	ops_par_loop_group_59	update_halo_kernel1_b1+update_halo_kernel4_minus_2_a
6589	0.000020739	369120	ops_par_loop_group_60	update_halo_kernel2_xvel_plus_4_a+update_halo_kernel2_yvel_minus_4_a+update_halo_kernel3_plus_4_a
6590	0.000020830	369120	ops_par_loop_group_61	update_halo_kernel2_xvel_plus_2_a+update_halo_kernel2_yvel_minus_2_a+update_halo_kernel3_plus_2_a
6591	0.000019347	246080	ops_par_loop_group_62	update_halo_kernel2_xvel_plus_4_b+update_halo_kernel2_yvel_minus_4_b
6592	0.000020910	369120	ops_par_loop_group_63	update_halo_kernel2_xvel_plus_2_b+update_halo_kernel2_yvel_minus_2_b+update_halo_kernel3_plus_4_b
6593	0.000021551	246080	ops_par_loop_group_64	update_halo_kernel2_xvel_minus_4_b+update_halo_kernel2_yvel_plus_4_b
6594	0.000018174	123040	ops_par_loop_update_halo_kernel3_plus_2_b_110	update_halo_kernel3_plus_2_b
6595	0.000018245	123008	ops_par_loop_update_halo_kernel3_minus_4_b_113	update_halo_kernel3_minus_4_b
6596	0.000018415	123008	ops_par_loop_update_halo_kernel4_minus_4_b_117	update_halo_kernel4_minus_4_b
6597	0.000020899	553536	ops_par_loop_group_68	update_halo_kernel1_t2+update_halo_kernel4_minus_2_b
6598	0.000019857	430528	ops_par_loop_update_halo_kernel1_t1_86	update_halo_kernel1_t1
6599	0.000026030	553536	ops_par_loop_group_70	update_halo_kernel1_l2+update_halo_kernel3_minus_4_a
6600	0.000021401	553536	ops_par_loop_group_71	update_halo_kernel1_l1+update_halo_kernel3_minus_2_a
6601	0.000022874	553536	ops_par_loop_group_72	update_halo_kernel1_r2+update_halo_kernel3_minus_2_b
6602	0.000020279	430528	ops_par_loop_update_halo_kernel1_r1_90	update_halo_kernel1_r1
6603	0.000022993	369120	ops_par_loop_group_74	update_halo_kernel2_xvel_minus_4_a+update_halo_kernel2_yvel_plus_4_a+update_halo_kernel4_plus_4_a
6604	0.000021150	369120	ops_par_loop_group_75	update_halo_kernel2_xvel_minus_2_a+update_halo_kernel2_yvel_plus_2_a+update_halo_kernel4_plus_2_a
6605	0.000021992	369120	ops_par_loop_group_76	update_halo_kernel2_xvel_minus_2_b+update_halo_kernel2_yvel_plus_2_b+update_halo_kernel4_plus_4_b
6606	0.000017894	123040	ops_par_loop_update_halo_kernel4_plus_2_b_122	update_halo_kernel4_plus_2_b
6607	0.000463280	472842752	ops_par_loop_advec_mom_kernel_x2_123	advec_mom_kernel_x2
6608	0.000190943	236236864	ops_par_loop_advec_mom_kernel_mass_flux_x_124	advec_mom_kernel_mass_flux_x
6609	0.000532621	590438520	ops_par_loop_advec_mom_kernel_post_pre_advec_x_125	advec_mom_kernel_post_pre_advec_x
6610	0.000848271	472258640	ops_par_loop_advec_mom_kernel1_x_nonvector_126	advec_mom_kernel1_x_nonvector
6611	0.000447600	590131240	ops_par_loop_advec_mom_kernel2_x_127	advec_mom_kernel2_x
6612	0.000463570	472842752	ops_par_loop_advec_mom_kernel_x2_128	advec_mom_kernel_x2
6613	0.000189711	236236864	ops_par_loop_advec_mom_kernel_mass_flux_x_129	advec_mom_kernel_mass_flux_x
6614	0.000532752	590438520	ops_par_loop_advec_mom_kernel_post_pre_advec_x_130	advec_mom_kernel_post_pre_advec_x
6615	0.000849984	472258640	ops_par_loop_advec_mom_kernel1_x_nonvector_131	advec_mom_kernel1_x_nonvector
6616	0.000404227	471859200	ops_par_loop_reset_field_kernel1_133	reset_field_kernel1
6617	0.001398366	1534095432	ops_par_loop_group_88	advec_mom_kernel2_x+reset_field_kernel2+ideal_gas_kernel
6618	0.000026109	430304	ops_par_loop_update_halo_kernel1_b1_136	update_halo_kernel1_b1
6619	0.000019737	430304	ops_par_loop_update_halo_kernel1_t1_137	update_halo_kernel1_t1
6620	0.000023014	430304	ops_par_loop_update_halo_kernel1_l1_138	update_halo_kernel1_l1
6621	0.000022423	430304	ops_par_loop_update_halo_kernel1_r1_139	update_halo_kernel1_r1
6622	0.000019487	245952	ops_par_loop_group_93	update_halo_kernel2_xvel_plus_2_a+update_halo_kernel2_yvel_minus_2_a
6623	0.000018395	245952	ops_par_loop_group_94	update_halo_kernel2_xvel_plus_2_b+update_halo_kernel2_yvel_minus_2_b
6624	0.000020169	245952	ops_par_loop_group_95	update_halo_kernel2_xvel_minus_2_a+update_halo_kernel2_yvel_plus_2_a
6625	0.000020509	245952	ops_par_loop_group_96	update_halo_kernel2_xvel_minus_2_b+update_halo_kernel2_yvel_plus_2_b
6626	0.001666084	589885440	ops_par_loop_viscosity_kernel_148	viscosity_kernel
6627	0.000020219	430304	ops_par_loop_update_halo_kernel1_b1_149	update_halo_kernel1_b1
6628	0.000019246	430304	ops_par_loop_update_halo_kernel1_t1_150	update_halo_kernel1_t1
6629	0.000022804	430304	ops_par_loop_update_halo_kernel1_l1_151	update_halo_kernel1_l1
6630	0.000021821	430304	ops_par_loop_update_halo_kernel1_r1_152	update_halo_kernel1_r1
6631	0.000883047	1061744640	ops_par_loop_calc_dt_kernel_153	calc_dt_kernel
6632	0.001431879	1887436800	ops_par_loop_group_0	PdV_kernel_predict+ideal_gas_kernel
6633	0.000023034	430304	ops_par_loop_update_halo_kernel1_b1_2	update_halo_kernel1_b1
6634	0.000021450	430304	ops_par_loop_update_halo_kernel1_t1_3	update_halo_kernel1_t1
6635	0.000024908	430304	ops_par_loop_update_halo_kernel1_l1_4	update_halo_kernel1_l1
6636	0.000022763	430304	ops_par_loop_update_halo_kernel1_r1_5	update_halo_kernel1_r1
6637	0.001017332	1298288728	ops_par_loop_accelerate_kernel_7	accelerate_kernel
6638	0.001283067	2123366400	ops_par_loop_group_6	revert_kernel+PdV_kernel_nopredict
6639	0.000358982	471982080	ops_par_loop_flux_calc_kernelx_9	flux_calc_kernelx
6640	0.000356627	471982080	ops_par_loop_flux_calc_kernely_10	flux_calc_kernely
6641	0.000022333	553536	ops_par_loop_group_9	update_halo_kernel1_b2+update_halo_kernel4_minus_4_a
6642	0.000020789	553536	ops_par_loop_group_10	update_halo_kernel1_b1+update_halo_kernel4_minus_2_a
6643	0.000021100	369120	ops_par_loop_group_11	update_halo_kernel3_plus_4_a+update_halo_kernel2_xvel_plus_4_a+update_halo_kernel2_yvel_minus_4_a
6644	0.000019807	369120	ops_par_loop_group_12	update_halo_kernel3_plus_2_a+update_halo_kernel2_xvel_plus_2_a+update_halo_kernel2_yvel_minus_2_a
6645	0.000018595	123008	ops_par_loop_update_halo_kernel4_minus_4_b_29	update_halo_kernel4_minus_4_b
6646	0.000020680	553536	ops_par_loop_group_14	update_halo_kernel1_t2+update_halo_kernel4_minus_2_b
6647	0.000021110	430528	ops_par_loop_update_halo_kernel1_t1_14	update_halo_kernel1_t1
6648	0.000020159	246080	ops_par_loop_group_16	update_halo_kernel2_xvel_plus_4_b+update_halo_kernel2_yvel_minus_4_b
6649	0.000019878	369120	ops_par_loop_group_17	update_halo_kernel3_plus_4_b+update_halo_kernel2_xvel_plus_2_b+update_halo_kernel2_yvel_minus_2_b
6650	0.000017984	123040	ops_par_loop_update_halo_kernel3_plus_2_b_22	update_halo_kernel3_plus_2_b
6651	0.000024877	553536	ops_par_loop_group_19	update_halo_kernel1_l2+update_halo_kernel3_minus_4_a
6652	0.000022532	553536	ops_par_loop_group_20	update_halo_kernel1_l1+update_halo_kernel3_minus_2_a
6653	0.000018956	123008	ops_par_loop_update_halo_kernel3_minus_4_b_25	update_halo_kernel3_minus_4_b
6654	0.000024046	553536	ops_par_loop_group_22	update_halo_kernel1_r2+update_halo_kernel3_minus_2_b
6655	0.000020559	430528	ops_par_loop_update_halo_kernel1_r1_18	update_halo_kernel1_r1
6656	0.000023665	369120	ops_par_loop_group_24	update_halo_kernel4_plus_4_a+update_halo_kernel2_xvel_minus_4_a+update_halo_kernel2_yvel_plus_4_a
6657	0.000020549	369120	ops_par_loop_group_25	update_halo_kernel4_plus_2_a+update_halo_kernel2_xvel_minus_2_a+update_halo_kernel2_yvel_plus_2_a
6658	0.000020138	246080	ops_par_loop_group_26	update_halo_kernel2_xvel_minus_4_b+update_halo_kernel2_yvel_plus_4_b
6659	0.000021981	369120	ops_par_loop_group_27	update_halo_kernel4_plus_4_b+update_halo_kernel2_xvel_minus_2_b+update_halo_kernel2_yvel_plus_2_b
6660	0.000017784	123040	ops_par_loop_update_halo_kernel4_plus_2_b_34	update_halo_kernel4_plus_2_b
6661	0.000522522	591053440	ops_par_loop_advec_cell_kernel1_xdir_35	advec_cell_kernel1_xdir
6662	0.000740396	708203544	ops_par_loop_advec_cell_kernel3_xdir_36	advec_cell_kernel3_xdir
6663	0.001400970	1533542400	ops_par_loop_advec_cell_kernel4_xdir_37	advec_cell_kernel4_xdir
6664	0.000021200	430528	ops_par_loop_update_halo_kernel1_b2_38	update_halo_kernel1_b2
6665	0.000019907	430528	ops_par_loop_update_halo_kernel1_b1_39	update_halo_kernel1_b1
6666	0.000019627	430528	ops_par_loop_update_halo_kernel1_t2_40	update_halo_kernel1_t2
6667	0.000019497	430528	ops_par_loop_update_halo_kernel1_t1_41	update_halo_kernel1_t1
6668	0.000017754	123040	ops_par_loop_update_halo_kernel3_plus_4_a_62	update_halo_kernel3_plus_4_a
6669	0.000017713	123040	ops_par_loop_update_halo_kernel3_plus_2_a_63	update_halo_kernel3_plus_2_a
6670	0.000018004	123040	ops_par_loop_update_halo_kernel3_plus_4_b_64	update_halo_kernel3_plus_4_b
6671	0.000017934	123040	ops_par_loop_update_halo_kernel3_plus_2_b_65	update_halo_kernel3_plus_2_b
6672	0.000024556	553536	ops_par_loop_group_40	update_halo_kernel1_l2+update_halo_kernel3_minus_4_a
6673	0.000022253	553536	ops_par_loop_group_41	update_halo_kernel1_l1+update_halo_kernel3_minus_2_a
6674	0.000018214	123008	ops_par_loop_update_halo_kernel3_minus_4_b_68	update_halo_kernel3_minus_4_b
6675	0.000024326	553536	ops_par_loop_group_43	update_halo_kernel1_r2+update_halo_kernel3_minus_2_b
6676	0.000020038	430528	ops_par_loop_update_halo_kernel1_r1_45	update_halo_kernel1_r1
6677	0.000520669	591053440	ops_par_loop_advec_mom_kernel_x1_70	advec_mom_kernel_x1
6678	0.000188858	236236864	ops_par_loop_advec_mom_kernel_mass_flux_x_71	advec_mom_kernel_mass_flux_x
6679	0.000534505	590438520	ops_par_loop_advec_mom_kernel_post_pre_advec_x_72	advec_mom_kernel_post_pre_advec_x
6680	0.000848411	472258640	ops_par_loop_advec_mom_kernel1_x_nonvector_73	advec_mom_kernel1_x_nonvector
6681	0.000443973	590131240	ops_par_loop_advec_mom_kernel2_x_74	advec_mom_kernel2_x
6682	0.000521701	591053440	ops_par_loop_advec_mom_kernel_x1_75	advec_mom_kernel_x1
6683	0.000188748	236236864	ops_par_loop_advec_mom_kernel_mass_flux_x_76	advec_mom_kernel_mass_flux_x
6684	0.000533684	590438520	ops_par_loop_advec_mom_kernel_post_pre_advec_x_77	advec_mom_kernel_post_pre_advec_x
6685	0.000850014	472258640	ops_par_loop_advec_mom_kernel1_x_nonvector_78	advec_mom_kernel1_x_nonvector
6686	0.000455165	590131240	ops_par_loop_advec_mom_kernel2_x_79	advec_mom_kernel2_x
6687	0.000463230	472842752	ops_par_loop_advec_cell_kernel2_ydir_80	advec_cell_kernel2_ydir
6688	0.000756036	708203544	ops_par_loop_advec_cell_kernel3_ydir_81	advec_cell_kernel3_ydir
6689	0.001413123	1533542400	ops_par_loop_advec_cell_kernel4_ydir_82	advec_cell_kernel4_ydir
6690	0.000022332	553536	ops_par_loop_group_58	update_halo_kernel1_b2+update_halo_kernel4_minus_4_a
6691	0.000020178	553536	ops_par_loop_group_59	update_halo_kernel1_b1+update_halo_kernel4_minus_2_a
6692	0.000020689	369120	ops_par_loop_group_60	update_halo_kernel2_xvel_plus_4_a+update_halo_kernel2_yvel_minus_4_a+update_halo_kernel3_plus_4_a
6693	0.000019658	369120	ops_par_loop_group_61	update_halo_kernel2_xvel_plus_2_a+update_halo_kernel2_yvel_minus_2_a+update_halo_kernel3_plus_2_a
6694	0.000019027	246080	ops_par_loop_group_62	update_halo_kernel2_xvel_plus_4_b+update_halo_kernel2_yvel_minus_4_b
6695	0.000021020	369120	ops_par_loop_group_63	update_halo_kernel2_xvel_plus_2_b+update_halo_kernel2_yvel_minus_2_b+update_halo_kernel3_plus_4_b
6696	0.000022162	246080	ops_par_loop_group_64	update_halo_kernel2_xvel_minus_4_b+update_halo_kernel2_yvel_plus_4_b
6697	0.000018164	123040	ops_par_loop_update_halo_kernel3_plus_2_b_110	update_halo_kernel3_plus_2_b
6698	0.000018185	123008	ops_par_loop_update_halo_kernel3_minus_4_b_113	update_halo_kernel3_minus_4_b
6699	0.000018696	123008	ops_par_loop_update_halo_kernel4_minus_4_b_117	update_halo_kernel4_minus_4_b
6700	0.000022192	553536	ops_par_loop_group_68	update_halo_kernel1_t2+update_halo_kernel4_minus_2_b
6701	0.000020840	430528	ops_par_loop_update_halo_kernel1_t1_86	update_halo_kernel1_t1
6702	0.000027813	553536	ops_par_loop_group_70	update_halo_kernel1_l2+update_halo_kernel3_minus_4_a
6703	0.000024316	553536	ops_par_loop_group_71	update_halo_kernel1_l1+update_halo_kernel3_minus_2_a
6704	0.000024727	553536	ops_par_loop_group_72	update_halo_kernel1_r2+update_halo_kernel3_minus_2_b
6705	0.000021331	430528	ops_par_loop_update_halo_kernel1_r1_90	update_halo_kernel1_r1
6706	0.000022513	369120	ops_par_loop_group_74	update_halo_kernel2_xvel_minus_4_a+update_halo_kernel2_yvel_plus_4_a+update_halo_kernel4_plus_4_a
6707	0.000021711	369120	ops_par_loop_group_75	update_halo_kernel2_xvel_minus_2_a+update_halo_kernel2_yvel_plus_2_a+update_halo_kernel4_plus_2_a
6708	0.000022703	369120	ops_par_loop_group_76	update_halo_kernel2_xvel_minus_2_b+update_halo_kernel2_yvel_plus_2_b+update_halo_kernel4_plus_4_b
6709	0.000019126	123040	ops_par_loop_update_halo_kernel4_plus_2_b_122	update_halo_kernel4_plus_2_b
6710	0.000458641	472842752	ops_par_loop_advec_mom_kernel_y2_123	advec_mom_kernel_y2
6711	0.000191543	236236864	ops_par_loop_advec_mom_kernel_mass_flux_y_124	advec_mom_kernel_mass_flux_y
6712	0.000495601	590438520	ops_par_loop_advec_mom_kernel_post_pre_advec_y_125	advec_mom_kernel_post_pre_advec_y
6713	0.000845105	472258640	ops_par_loop_advec_mom_kernel1_y_nonvector_126	advec_mom_kernel1_y_nonvector
6714	0.000452028	590131240	ops_par_loop_advec_mom_kernel2_y_127	advec_mom_kernel2_y
6715	0.000455805	472842752	ops_par_loop_advec_mom_kernel_y2_128	advec_mom_kernel_y2
6716	0.000188778	236236864	ops_par_loop_advec_mom_kernel_mass_flux_y_129	advec_mom_kernel_mass_flux_y
6717	0.000493427	590438520	ops_par_loop_advec_mom_kernel_post_pre_advec_y_130	advec_mom_kernel_post_pre_advec_y
6718	0.000840076	472258640	ops_par_loop_advec_mom_kernel1_y_nonvector_131	advec_mom_kernel1_y_nonvector
6719	0.000404428	471859200	ops_par_loop_reset_field_kernel1_133	reset_field_kernel1
6720	0.001395841	1534095432	ops_par_loop_group_88	advec_mom_kernel2_y+reset_field_kernel2+ideal_gas_kernel
6721	0.000020619	430304	ops_par_loop_update_halo_kernel1_b1_136	update_halo_kernel1_b1
6722	0.000019447	430304	ops_par_loop_update_halo_kernel1_t1_137	update_halo_kernel1_t1
6723	0.000023274	430304	ops_par_loop_update_halo_kernel1_l1_138	update_halo_kernel1_l1
6724	0.000023465	430304	ops_par_loop_update_halo_kernel1_r1_139	update_halo_kernel1_r1
6725	0.000018385	245952	ops_par_loop_group_93	update_halo_kernel2_xvel_plus_2_a+update_halo_kernel2_yvel_minus_2_a
6726	0.000018475	245952	ops_par_loop_group_94	update_halo_kernel2_xvel_plus_2_b+update_halo_kernel2_yvel_minus_2_b
6727	0.000019928	245952	ops_par_loop_group_95	update_halo_kernel2_xvel_minus_2_a+update_halo_kernel2_yvel_plus_2_a
6728	0.000020549	245952	ops_par_loop_group_96	update_halo_kernel2_xvel_minus_2_b+update_halo_kernel2_yvel_plus_2_b
6729	0.001666305	589885440	ops_par_loop_viscosity_kernel_148	viscosity_kernel
6730	0.000021050	430304	ops_par_loop_update_halo_kernel1_b1_149	update_halo_kernel1_b1
6731	0.000019647	430304	ops_par_loop_update_halo_kernel1_t1_150	update_halo_kernel1_t1
6732	0.000022232	430304	ops_par_loop_update_halo_kernel1_l1_151	update_halo_kernel1_l1
6733	0.000021972	430304	ops_par_loop_update_halo_kernel1_r1_152	update_halo_kernel1_r1
6734	0.000882827	1061744640	ops_par_loop_calc_dt_kernel_153	calc_dt_kernel
6735	0.001430036	1887436800	ops_par_loop_group_0	PdV_kernel_predict+ideal_gas_kernel
6736	0.000021611	430304	ops_par_loop_update_halo_kernel1_b1_2	update_halo_kernel1_b1
6737	0.000018756	430304	ops_par_loop_update_halo_kernel1_t1_3	update_halo_kernel1_t1
6738	0.000023485	430304	ops_par_loop_update_halo_kernel1_l1_4	update_halo_kernel1_l1
6739	0.000022854	430304	ops_par_loop_update_halo_kernel1_r1_5	update_halo_kernel1_r1
6740	0.001014967	1298288728	ops_par_loop_accelerate_kernel_7	accelerate_kernel
6741	0.001279139	2123366400	ops_par_loop_group_6	revert_kernel+PdV_kernel_nopredict
6742	0.000355475	471982080	ops_par_loop_flux_calc_kernelx_9	flux_calc_kernelx
6743	0.000354013	471982080	ops_par_loop_flux_calc_kernely_10	flux_calc_kernely
6744	0.000021591	553536	ops_par_loop_group_9	update_halo_kernel1_b2+update_halo_kernel4_minus_4_a
6745	0.000020098	553536	ops_par_loop_group_10	update_halo_kernel1_b1+update_halo_kernel4_minus_2_a
6746	0.000020278	369120	ops_par_loop_group_11	update_halo_kernel3_plus_4_a+update_halo_kernel2_xvel_plus_4_a+update_halo_kernel2_yvel_minus_4_a
6747	0.000019587	369120	ops_par_loop_group_12	update_halo_kernel3_plus_2_a+update_halo_kernel2_xvel_plus_2_a+update_halo_kernel2_yvel_minus_2_a
6748	0.000017463	123008	ops_par_loop_update_halo_kernel4_minus_4_b_29	update_halo_kernel4_minus_4_b
6749	0.000020810	553536	ops_par_loop_group_14	update_halo_kernel1_t2+update_halo_kernel4_minus_2_b
6750	0.000018696	430528	ops_par_loop_update_halo_kernel1_t1_14	update_halo_kernel1_t1
6751	0.000018665	246080	ops_par_loop_group_16	update_halo_kernel2_xvel_plus_4_b+update_halo_kernel2_yvel_minus_4_b
6752	0.000019937	369120	ops_par_loop_group_17	update_halo_kernel3_plus_4_b+update_halo_kernel2_xvel_plus_2_b+update_halo_kernel2_yvel_minus_2_b
6753	0.000018175	123040	ops_par_loop_update_halo_kernel3_plus_2_b_22	update_halo_kernel3_plus_2_b
6754	0.000024287	553536	ops_par_loop_group_19	update_halo_kernel1_l2+update_halo_kernel3_minus_4_a
6755	0.000022252	553536	ops_par_loop_group_20	update_halo_kernel1_l1+update_halo_kernel3_minus_2_a
6756	0.000018746	123008	ops_par_loop_update_halo_kernel3_minus_4_b_25	update_halo_kernel3_minus_4_b
6757	0.000023264	553536	ops_par_loop_group_22	update_halo_kernel1_r2+update_halo_kernel3_minus_2_b
6758	0.000020549	430528	ops_par_loop_update_halo_kernel1_r1_18	update_halo_kernel1_r1
6759	0.000021851	369120	ops_par_loop_group_24	update_halo_kernel4_plus_4_a+update_halo_kernel2_xvel_minus_4_a+update_halo_kernel2_yvel_plus_4_a
6760	0.000020138	369120	ops_par_loop_group_25	update_halo_kernel4_plus_2_a+update_halo_kernel2_xvel_minus_2_a+update_halo_kernel2_yvel_plus_2_a
6761	0.000019377	246080	ops_par_loop_group_26	update_halo_kernel2_xvel_minus_4_b+update_halo_kernel2_yvel_plus_4_b
6762	0.000021921	369120	ops_par_loop_group_27	update_halo_kernel4_plus_4_b+update_halo_kernel2_xvel_minus_2_b+update_halo_kernel2_yvel_plus_2_b
6763	0.000019717	123040	ops_par_loop_update_halo_kernel4_plus_2_b_34	update_halo_kernel4_plus_2_b
6764	0.000522482	591053440	ops_par_loop_advec_cell_kernel1_ydir_35	advec_cell_kernel1_ydir
6765	0.000755504	708203544	ops_par_loop_advec_cell_kernel3_ydir_36	advec_cell_kernel3_ydir
6766	0.001412573	1533542400	ops_par_loop_advec_cell_kernel4_ydir_37	advec_cell_kernel4_ydir
6767	0.000021821	553536	ops_par_loop_group_32	update_halo_kernel1_b2+update_halo_kernel4_minus_4_a
6768	0.000020860	553536	ops_par_loop_group_33	update_halo_kernel1_b1+update_halo_kernel4_minus_2_a
6769	0.000017493	123008	ops_par_loop_update_halo_kernel4_minus_4_b_64	update_halo_kernel4_minus_4_b
6770	0.000019658	553536	ops_par_loop_group_35	update_halo_kernel1_t2+update_halo_kernel4_minus_2_b
6771	0.000019507	430528	ops_par_loop_update_halo_kernel1_t1_41	update_halo_kernel1_t1
6772	0.000023004	430528	ops_par_loop_update_halo_kernel1_l2_42	update_halo_kernel1_l2
6773	0.000019878	430528	ops_par_loop_update_halo_kernel1_l1_43	update_halo_kernel1_l1
6774	0.000022062	430528	ops_par_loop_update_halo_kernel1_r2_44	update_halo_kernel1_r2
6775	0.000020349	430528	ops_par_loop_update_halo_kernel1_r1_45	update_halo_kernel1_r1
6776	0.000018635	123040	ops_par_loop_update_halo_kernel4_plus_4_a_66	update_halo_kernel4_plus_4_a
6777	0.000017964	123040	ops_par_loop_update_halo_kernel4_plus_2_a_67	update_halo_kernel4_plus_2_a
6778	0.000017814	123040	ops_par_loop_update_halo_kernel4_plus_4_b_68	update_halo_kernel4_plus_4_b
6779	0.000017172	123040	ops_par_loop_update_halo_kernel4_plus_2_b_69	update_halo_kernel4_plus_2_b
6780	0.000522011	591053440	ops_par_loop_advec_mom_kernel_y1_70	advec_mom_kernel_y1
6781	0.000188528	236236864	ops_par_loop_advec_mom_kernel_mass_flux_y_71	advec_mom_kernel_mass_flux_y
6782	0.000495681	590438520	ops_par_loop_advec_mom_kernel_post_pre_advec_y_72	advec_mom_kernel_post_pre_advec_y
6783	0.000845987	472258640	ops_par_loop_advec_mom_kernel1_y_nonvector_73	advec_mom_kernel1_y_nonvector
6784	0.000452409	590131240	ops_par_loop_advec_mom_kernel2_y_74	advec_mom_kernel2_y
6785	0.000523063	591053440	ops_par_loop_advec_mom_kernel_y1_75	advec_mom_kernel_y1
6786	0.000188949	236236864	ops_par_loop_advec_mom_kernel_mass_flux_y_76	advec_mom_kernel_mass_flux_y
6787	0.000494609	590438520	ops_par_loop_advec_mom_kernel_post_pre_advec_y_77	advec_mom_kernel_post_pre_advec_y
6788	0.000840025	472258640	ops_par_loop_advec_mom_kernel1_y_nonvector_78	advec_mom_kernel1_y_nonvector
6789	0.000448311	590131240	ops_par_loop_advec_mom_kernel2_y_79	advec_mom_kernel2_y
6790	0.000455956	472842752	ops_par_loop_advec_cell_kernel2_xdir_80	advec_cell_kernel2_xdir
6791	0.000741739	708203544	ops_par_loop_advec_cell_kernel3_xdir_81	advec_cell_kernel3_xdir
6792	0.001400639	1533542400	ops_par_loop_advec_cell_kernel4_xdir_82	advec_cell_kernel4_xdir
6793	0.000021360	553536	ops_par_loop_group_58	update_halo_kernel1_b2+update_halo_kernel4_minus_4_a
6794	0.000020249	553536	ops_par_loop_group_59	update_halo_kernel1_b1+update_halo_kernel4_minus_2_a
6795	0.000020299	369120	ops_par_loop_group_60	update_halo_kernel2_xvel_plus_4_a+update_halo_kernel2_yvel_minus_4_a+update_halo_kernel3_plus_4_a
6796	0.000020970	369120	ops_par_loop_group_61	update_halo_kernel2_xvel_plus_2_a+update_halo_kernel2_yvel_minus_2_a+update_halo_kernel3_plus_2_a
6797	0.000018284	246080	ops_par_loop_group_62	update_halo_kernel2_xvel_plus_4_b+update_halo_kernel2_yvel_minus_4_b
6798	0.000020199	369120	ops_par_loop_group_63	update_halo_kernel2_xvel_plus_2_b+update_halo_kernel2_yvel_minus_2_b+update_halo_kernel3_plus_4_b
6799	0.000020599	246080	ops_par_loop_group_64	update_halo_kernel2_xvel_minus_4_b+update_halo_kernel2_yvel_plus_4_b
6800	0.000018355	123040	ops_par_loop_update_halo_kernel3_plus_2_b_110	update_halo_kernel3_plus_2_b
6801	0.000018265	123008	ops_par_loop_update_halo_kernel3_minus_4_b_113	update_halo_kernel3_minus_4_b
6802	0.000017743	123008	ops_par_loop_update_halo_kernel4_minus_4_b_117	update_halo_kernel4_minus_4_b
6803	0.000020168	553536	ops_par_loop_group_68	update_halo_kernel1_t2+update_halo_kernel4_minus_2_b
6804	0.000019647	430528	ops_par_loop_update_halo_kernel1_t1_86	update_halo_kernel1_t1
6805	0.000026049	553536	ops_par_loop_group_70	update_halo_kernel1_l2+update_halo_kernel3_minus_4_a
6806	0.000028574	553536	ops_par_loop_group_71	update_halo_kernel1_l1+update_halo_kernel3_minus_2_a
6807	0.000023405	553536	ops_par_loop_group_72	update_halo_kernel1_r2+update_halo_kernel3_minus_2_b
6808	0.000020509	430528	ops_par_loop_update_halo_kernel1_r1_90	update_halo_kernel1_r1
6809	0.000023044	369120	ops_par_loop_group_74	update_halo_kernel2_xvel_minus_4_a+update_halo_kernel2_yvel_plus_4_a+update_halo_kernel4_plus_4_a
6810	0.000020890	369120	ops_par_loop_group_75	update_halo_kernel2_xvel_minus_2_a+update_halo_kernel2_yvel_plus_2_a+update_halo_kernel4_plus_2_a
6811	0.000022132	369120	ops_par_loop_group_76	update_halo_kernel2_xvel_minus_2_b+update_halo_kernel2_yvel_plus_2_b+update_halo_kernel4_plus_4_b
6812	0.000017272	123040	ops_par_loop_update_halo_kernel4_plus_2_b_122	update_halo_kernel4_plus_2_b
6813	0.000461707	472842752	ops_par_loop_advec_mom_kernel_x2_123	advec_mom_kernel_x2
6814	0.000189449	236236864	ops_par_loop_advec_mom_kernel_mass_flux_x_124	advec_mom_kernel_mass_flux_x
6815	0.000532461	590438520	ops_par_loop_advec_mom_kernel_post_pre_advec_x_125	advec_mom_kernel_post_pre_advec_x
6816	0.000849433	472258640	ops_par_loop_advec_mom_kernel1_x_nonvector_126	advec_mom_kernel1_x_nonvector
6817	0.000442030	590131240	ops_par_loop_advec_mom_kernel2_x_127	advec_mom_kernel2_x
6818	0.000462668	472842752	ops_par_loop_advec_mom_kernel_x2_128	advec_mom_kernel_x2
6819	0.000190802	236236864	ops_par_loop_advec_mom_kernel_mass_flux_x_129	advec_mom_kernel_mass_flux_x
6820	0.000535327	590438520	ops_par_loop_advec_mom_kernel_post_pre_advec_x_130	advec_mom_kernel_post_pre_advec_x
6821	0.000850765	472258640	ops_par_loop_advec_mom_kernel1_x_nonvector_131	advec_mom_kernel1_x_nonvector
6822	0.000405099	471859200	ops_par_loop_reset_field_kernel1_133	reset_field_kernel1
6823	0.001397393	1534095432	ops_par_loop_group_88	advec_mom_kernel2_x+reset_field_kernel2+ideal_gas_kernel
6824	0.000024075	430304	ops_par_loop_update_halo_kernel1_b1_136	update_halo_kernel1_b1
6825	0.000020338	430304	ops_par_loop_update_halo_kernel1_t1_137	update_halo_kernel1_t1
6826	0.000022513	430304	ops_par_loop_update_halo_kernel1_l1_138	update_halo_kernel1_l1
6827	0.000025028	430304	ops_par_loop_update_halo_kernel1_r1_139	update_halo_kernel1_r1
6828	0.000023725	245952	ops_par_loop_group_93	update_halo_kernel2_xvel_plus_2_a+update_halo_kernel2_yvel_minus_2_a
6829	0.000023264	245952	ops_par_loop_group_94	update_halo_kernel2_xvel_plus_2_b+update_halo_kernel2_yvel_minus_2_b
6830	0.000023815	245952	ops_par_loop_group_95	update_halo_kernel2_xvel_minus_2_a+update_halo_kernel2_yvel_plus_2_a
6831	0.000024827	245952	ops_par_loop_group_96	update_halo_kernel2_xvel_minus_2_b+update_halo_kernel2_yvel_plus_2_b
6832	0.001669029	589885440	ops_par_loop_viscosity_kernel_148	viscosity_kernel
6833	0.000022623	430304	ops_par_loop_update_halo_kernel1_b1_149	update_halo_kernel1_b1
6834	0.000021321	430304	ops_par_loop_update_halo_kernel1_t1_150	update_halo_kernel1_t1
6835	0.000026330	430304	ops_par_loop_update_halo_kernel1_l1_151	update_halo_kernel1_l1
6836	0.000024647	430304	ops_par_loop_update_halo_kernel1_r1_152	update_halo_kernel1_r1
6837	0.000884650	1061744640	ops_par_loop_calc_dt_kernel_153	calc_dt_kernel
6838	0.001429024	1887436800	ops_par_loop_group_0	PdV_kernel_predict+ideal_gas_kernel
6839	0.000021821	430304	ops_par_loop_update_halo_kernel1_b1_2	update_halo_kernel1_b1
6840	0.000019086	430304	ops_par_loop_update_halo_kernel1_t1_3	update_halo_kernel1_t1
6841	0.000023495	430304	ops_par_loop_update_halo_kernel1_l1_4	update_halo_kernel1_l1
6842	0.000022764	430304	ops_par_loop_update_halo_kernel1_r1_5	update_halo_kernel1_r1
6843	0.001016239	1298288728	ops_par_loop_accelerate_kernel_7	accelerate_kernel
6844	0.001277926	2123366400	ops_par_loop_group_6	revert_kernel+PdV_kernel_nopredict
6845	0.000356718	471982080	ops_par_loop_flux_calc_kernelx_9	flux_calc_kernelx
6846	0.000355085	471982080	ops_par_loop_flux_calc_kernely_10	flux_calc_kernely
6847	0.000021000	553536	ops_par_loop_group_9	update_halo_kernel1_b2+update_halo_kernel4_minus_4_a
6848	0.000020168	553536	ops_par_loop_group_10	update_halo_kernel1_b1+update_halo_kernel4_minus_2_a
6849	0.000020309	369120	ops_par_loop_group_11	update_halo_kernel3_plus_4_a+update_halo_kernel2_xvel_plus_4_a+update_halo_kernel2_yvel_minus_4_a
6850	0.000018695	369120	ops_par_loop_group_12	update_halo_kernel3_plus_2_a+update_halo_kernel2_xvel_plus_2_a+update_halo_kernel2_yvel_minus_2_a
6851	0.000017804	123008	ops_par_loop_update_halo_kernel4_minus_4_b_29	update_halo_kernel4_minus_4_b
6852	0.000020459	553536	ops_par_loop_group_14	update_halo_kernel1_t2+update_halo_kernel4_minus_2_b
6853	0.000019437	430528	ops_par_loop_update_halo_kernel1_t1_14	update_halo_kernel1_t1
6854	0.000019587	246080	ops_par_loop_group_16	update_halo_kernel2_xvel_plus_4_b+update_halo_kernel2_yvel_minus_4_b
6855	0.000020178	369120	ops_par_loop_group_17	update_halo_kernel3_plus_4_b+update_halo_kernel2_xvel_plus_2_b+update_halo_kernel2_yvel_minus_2_b
6856	0.000018155	123040	ops_par_loop_update_halo_kernel3_plus_2_b_22	update_halo_kernel3_plus_2_b
6857	0.000024566	553536	ops_par_loop_group_19	update_halo_kernel1_l2+update_halo_kernel3_minus_4_a
6858	0.000021731	553536	ops_par_loop_group_20	update_halo_kernel1_l1+update_halo_kernel3_minus_2_a
6859	0.000018796	123008	ops_par_loop_update_halo_kernel3_minus_4_b_25	update_halo_kernel3_minus_4_b
6860	0.000022483	553536	ops_par_loop_group_22	update_halo_kernel1_r2+update_halo_kernel3_minus_2_b
6861	0.000020088	430528	ops_par_loop_update_halo_kernel1_r1_18	update_halo_kernel1_r1
6862	0.000022102	369120	ops_par_loop_group_24	update_halo_kernel4_plus_4_a+update_halo_kernel2_xvel_minus_4_a+update_halo_kernel2_yvel_plus_4_a
6863	0.000021220	369120	ops_par_loop_group_25	update_halo_kernel4_plus_2_a+update_halo_kernel2_xvel_minus_2_a+update_halo_kernel2_yvel_plus_2_a
6864	0.000019417	246080	ops_par_loop_group_26	update_halo_kernel2_xvel_minus_4_b+update_halo_kernel2_yvel_plus_4_b
6865	0.000021511	369120	ops_par_loop_group_27	update_halo_kernel4_plus_4_b+update_halo_kernel2_xvel_minus_2_b+update_halo_kernel2_yvel_plus_2_b
6866	0.000018215	123040	ops_par_loop_update_halo_kernel4_plus_2_b_34	update_halo_kernel4_plus_2_b
6867	0.000522503	591053440	ops_par_loop_advec_cell_kernel1_xdir_35	advec_cell_kernel1_xdir
6868	0.000739965	708203544	ops_par_loop_advec_cell_kernel3_xdir_36	advec_cell_kernel3_xdir
6869	0.001404106	1533542400	ops_par_loop_advec_cell_kernel4_xdir_37	advec_cell_kernel4_xdir
6870	0.000021431	430528	ops_par_loop_update_halo_kernel1_b2_38	update_halo_kernel1_b2
6871	0.000019597	430528	ops_par_loop_update_halo_kernel1_b1_39	update_halo_kernel1_b1
6872	0.000018996	430528	ops_par_loop_update_halo_kernel1_t2_40	update_halo_kernel1_t2
6873	0.000019157	430528	ops_par_loop_update_halo_kernel1_t1_41	update_halo_kernel1_t1
6874	0.000017984	123040	ops_par_loop_update_halo_kernel3_plus_4_a_62	update_halo_kernel3_plus_4_a
6875	0.000018014	123040	ops_par_loop_update_halo_kernel3_plus_2_a_63	update_halo_kernel3_plus_2_a
6876	0.000017053	123040	ops_par_loop_update_halo_kernel3_plus_4_b_64	update_halo_kernel3_plus_4_b
6877	0.000017754	123040	ops_par_loop_update_halo_kernel3_plus_2_b_65	update_halo_kernel3_plus_2_b
6878	0.000025398	553536	ops_par_loop_group_40	update_halo_kernel1_l2+update_halo_kernel3_minus_4_a
6879	0.000022443	553536	ops_par_loop_group_41	update_halo_kernel1_l1+update_halo_kernel3_minus_2_a
6880	0.000017473	123008	ops_par_loop_update_halo_kernel3_minus_4_b_68	update_halo_kernel3_minus_4_b
6881	0.000023645	553536	ops_par_loop_group_43	update_halo_kernel1_r2+update_halo_kernel3_minus_2_b
6882	0.000020409	430528	ops_par_loop_update_halo_kernel1_r1_45	update_halo_kernel1_r1
6883	0.000520228	591053440	ops_par_loop_advec_mom_kernel_x1_70	advec_mom_kernel_x1
6884	0.000189540	236236864	ops_par_loop_advec_mom_kernel_mass_flux_x_71	advec_mom_kernel_mass_flux_x
6885	0.000535406	590438520	ops_par_loop_advec_mom_kernel_post_pre_advec_x_72	advec_mom_kernel_post_pre_advec_x
6886	0.000848952	472258640	ops_par_loop_advec_mom_kernel1_x_nonvector_73	advec_mom_kernel1_x_nonvector
6887	0.000440065	590131240	ops_par_loop_advec_mom_kernel2_x_74	advec_mom_kernel2_x
6888	0.000522012	591053440	ops_par_loop_advec_mom_kernel_x1_75	advec_mom_kernel_x1
6889	0.000188698	236236864	ops_par_loop_advec_mom_kernel_mass_flux_x_76	advec_mom_kernel_mass_flux_x
6890	0.000533503	590438520	ops_par_loop_advec_mom_kernel_post_pre_advec_x_77	advec_mom_kernel_post_pre_advec_x
6891	0.000849914	472258640	ops_par_loop_advec_mom_kernel1_x_nonvector_78	advec_mom_kernel1_x_nonvector
6892	0.000446508	590131240	ops_par_loop_advec_mom_kernel2_x_79	advec_mom_kernel2_x
6893	0.000462899	472842752	ops_par_loop_advec_cell_kernel2_ydir_80	advec_cell_kernel2_ydir
6894	0.000756968	708203544	ops_par_loop_advec_cell_kernel3_ydir_81	advec_cell_kernel3_ydir
6895	0.001412652	1533542400	ops_par_loop_advec_cell_kernel4_ydir_82	advec_cell_kernel4_ydir
6896	0.000022052	553536	ops_par_loop_group_58	update_halo_kernel1_b2+update_halo_kernel4_minus_4_a
6897	0.000020489	553536	ops_par_loop_group_59	update_halo_kernel1_b1+update_halo_kernel4_minus_2_a
6898	0.000020018	369120	ops_par_loop_group_60	update_halo_kernel2_xvel_plus_4_a+update_halo_kernel2_yvel_minus_4_a+update_halo_kernel3_plus_4_a
6899	0.000020499	369120	ops_par_loop_group_61	update_halo_kernel2_xvel_plus_2_a+update_halo_kernel2_yvel_minus_2_a+update_halo_kernel3_plus_2_a
6900	0.000018665	246080	ops_par_loop_group_62	update_halo_kernel2_xvel_plus_4_b+update_halo_kernel2_yvel_minus_4_b
6901	0.000020489	369120	ops_par_loop_group_63	update_halo_kernel2_xvel_plus_2_b+update_halo_kernel2_yvel_minus_2_b+update_halo_kernel3_plus_4_b
6902	0.000020359	246080	ops_par_loop_group_64	update_halo_kernel2_xvel_minus_4_b+update_halo_kernel2_yvel_plus_4_b
6903	0.000019167	123040	ops_par_loop_update_halo_kernel3_plus_2_b_110	update_halo_kernel3_plus_2_b
6904	0.000018846	123008	ops_par_loop_update_halo_kernel3_minus_4_b_113	update_halo_kernel3_minus_4_b
6905	0.000017042	123008	ops_par_loop_update_halo_kernel4_minus_4_b_117	update_halo_kernel4_minus_4_b
6906	0.000019607	553536	ops_par_loop_group_68	update_halo_kernel1_t2+update_halo_kernel4_minus_2_b
6907	0.000019918	430528	ops_par_loop_update_halo_kernel1_t1_86	update_halo_kernel1_t1
6908	0.000025258	553536	ops_par_loop_group_70	update_halo_kernel1_l2+update_halo_kernel3_minus_4_a
6909	0.000022052	553536	ops_par_loop_group_71	update_halo_kernel1_l1+update_halo_kernel3_minus_2_a
6910	0.000023484	553536	ops_par_loop_group_72	update_halo_kernel1_r2+update_halo_kernel3_minus_2_b
6911	0.000020469	430528	ops_par_loop_update_halo_kernel1_r1_90	update_halo_kernel1_r1
6912	0.000022052	369120	ops_par_loop_group_74	update_halo_kernel2_xvel_minus_4_a+update_halo_kernel2_yvel_plus_4_a+update_halo_kernel4_plus_4_a
6913	0.000020008	369120	ops_par_loop_group_75	update_halo_kernel2_xvel_minus_2_a+update_halo_kernel2_yvel_plus_2_a+update_halo_kernel4_plus_2_a
6914	0.000021691	369120	ops_par_loop_group_76	update_halo_kernel2_xvel_minus_2_b+update_halo_kernel2_yvel_plus_2_b+update_halo_kernel4_plus_4_b
6915	0.000017834	123040	ops_par_loop_update_halo_kernel4_plus_2_b_122	update_halo_kernel4_plus_2_b
6916	0.000456126	472842752	ops_par_loop_advec_mom_kernel_y2_123	advec_mom_kernel_y2
6917	0.000190181	236236864	ops_par_loop_advec_mom_kernel_mass_flux_y_124	advec_mom_kernel_mass_flux_y
6918	0.000495781	590438520	ops_par_loop_advec_mom_kernel_post_pre_advec_y_125	advec_mom_kernel_post_pre_advec_y
6919	0.000850365	472258640	ops_par_loop_advec_mom_kernel1_y_nonvector_126	advec_mom_kernel1_y_nonvector
6920	0.000443352	590131240	ops_par_loop_advec_mom_kernel2_y_127	advec_mom_kernel2_y
6921	0.000454443	472842752	ops_par_loop_advec_mom_kernel_y2_128	advec_mom_kernel_y2
6922	0.000189449	236236864	ops_par_loop_advec_mom_kernel_mass_flux_y_129	advec_mom_kernel_mass_flux_y
6923	0.000497826	590438520	ops_par_loop_advec_mom_kernel_post_pre_advec_y_130	advec_mom_kernel_post_pre_advec_y
6924	0.000842410	472258640	ops_par_loop_advec_mom_kernel1_y_nonvector_131	advec_mom_kernel1_y_nonvector
6925	0.000406953	471859200	ops_par_loop_reset_field_kernel1_133	reset_field_kernel1
6926	0.001400961	1534095432	ops_par_loop_group_88	advec_mom_kernel2_y+reset_field_kernel2+ideal_gas_kernel
6927	0.000023024	430304	ops_par_loop_update_halo_kernel1_b1_136	update_halo_kernel1_b1
6928	0.000019988	430304	ops_par_loop_update_halo_kernel1_t1_137	update_halo_kernel1_t1
6929	0.000023725	430304	ops_par_loop_update_halo_kernel1_l1_138	update_halo_kernel1_l1
6930	0.000023083	430304	ops_par_loop_update_halo_kernel1_r1_139	update_halo_kernel1_r1
6931	0.000019206	245952	ops_par_loop_group_93	update_halo_kernel2_xvel_plus_2_a+update_halo_kernel2_yvel_minus_2_a
6932	0.000018906	245952	ops_par_loop_group_94	update_halo_kernel2_xvel_plus_2_b+update_halo_kernel2_yvel_minus_2_b
6933	0.000020719	245952	ops_par_loop_group_95	update_halo_kernel2_xvel_minus_2_a+update_halo_kernel2_yvel_plus_2_a
6934	0.000020819	245952	ops_par_loop_group_96	update_halo_kernel2_xvel_minus_2_b+update_halo_kernel2_yvel_plus_2_b
6935	0.001668449	589885440	ops_par_loop_viscosity_kernel_148	viscosity_kernel
6936	0.000021541	430304	ops_par_loop_update_halo_kernel1_b1_149	update_halo_kernel1_b1
6937	0.000018596	430304	ops_par_loop_update_halo_kernel1_t1_150	update_halo_kernel1_t1
6938	0.000022342	430304	ops_par_loop_update_halo_kernel1_l1_151	update_halo_kernel1_l1
6939	0.000022302	430304	ops_par_loop_update_halo_kernel1_r1_152	update_halo_kernel1_r1
6940	0.000882536	1061744640	ops_par_loop_calc_dt_kernel_153	calc_dt_kernel
6941	0.001434484	1887436800	ops_par_loop_group_0	PdV_kernel_predict+ideal_gas_kernel
6942	0.000021962	430304	ops_par_loop_update_halo_kernel1_b1_2	update_halo_kernel1_b1
6943	0.000019377	430304	ops_par_loop_update_halo_kernel1_t1_3	update_halo_kernel1_t1
6944	0.000023324	430304	ops_par_loop_update_halo_kernel1_l1_4	update_halo_kernel1_l1
6945	0.000022582	430304	ops_par_loop_update_halo_kernel1_r1_5	update_halo_kernel1_r1
6946	0.001015158	1298288728	ops_par_loop_accelerate_kernel_7	accelerate_kernel
6947	0.001273568	2123366400	ops_par_loop_group_6	revert_kernel+PdV_kernel_nopredict
6948	0.000356186	471982080	ops_par_loop_flux_calc_kernelx_9	flux_calc_kernelx
6949	0.000354924	471982080	ops_par_loop_flux_calc_kernely_10	flux_calc_kernely
6950	0.000021521	553536	ops_par_loop_group_9	update_halo_kernel1_b2+update_halo_kernel4_minus_4_a
6951	0.000019767	553536	ops_par_loop_group_10	update_halo_kernel1_b1+update_halo_kernel4_minus_2_a
6952	0.000020099	369120	ops_par_loop_group_11	update_halo_kernel3_plus_4_a+update_halo_kernel2_xvel_plus_4_a+update_halo_kernel2_yvel_minus_4_a
6953	0.000018805	369120	ops_par_loop_group_12	update_halo_kernel3_plus_2_a+update_halo_kernel2_xvel_plus_2_a+update_halo_kernel2_yvel_minus_2_a
6954	0.000018265	123008	ops_par_loop_update_halo_kernel4_minus_4_b_29	update_halo_kernel4_minus_4_b
6955	0.000020870	553536	ops_par_loop_group_14	update_halo_kernel1_t2+update_halo_kernel4_minus_2_b
6956	0.000018806	430528	ops_par_loop_update_halo_kernel1_t1_14	update_halo_kernel1_t1
6957	0.000018525	246080	ops_par_loop_group_16	update_halo_kernel2_xvel_plus_4_b+update_halo_kernel2_yvel_minus_4_b
6958	0.000019196	369120	ops_par_loop_group_17	update_halo_kernel3_plus_4_b+update_halo_kernel2_xvel_plus_2_b+update_halo_kernel2_yvel_minus_2_b
6959	0.000018525	123040	ops_par_loop_update_halo_kernel3_plus_2_b_22	update_halo_kernel3_plus_2_b
6960	0.000024586	553536	ops_par_loop_group_19	update_halo_kernel1_l2+update_halo_kernel3_minus_4_a
6961	0.000021892	553536	ops_par_loop_group_20	update_halo_kernel1_l1+update_halo_kernel3_minus_2_a
6962	0.000018244	123008	ops_par_loop_update_halo_kernel3_minus_4_b_25	update_halo_kernel3_minus_4_b
6963	0.000023314	553536	ops_par_loop_group_22	update_halo_kernel1_r2+update_halo_kernel3_minus_2_b
6964	0.000019938	430528	ops_par_loop_update_halo_kernel1_r1_18	update_halo_kernel1_r1
6965	0.000024076	369120	ops_par_loop_group_24	update_halo_kernel4_plus_4_a+update_halo_kernel2_xvel_minus_4_a+update_halo_kernel2_yvel_plus_4_a
6966	0.000020759	369120	ops_par_loop_group_25	update_halo_kernel4_plus_2_a+update_halo_kernel2_xvel_minus_2_a+update_halo_kernel2_yvel_plus_2_a
6967	0.000019738	246080	ops_par_loop_group_26	update_halo_kernel2_xvel_minus_4_b+update_halo_kernel2_yvel_plus_4_b
6968	0.000021381	369120	ops_par_loop_group_27	update_halo_kernel4_plus_4_b+update_halo_kernel2_xvel_minus_2_b+update_halo_kernel2_yvel_plus_2_b
6969	0.000018045	123040	ops_par_loop_update_halo_kernel4_plus_2_b_34	update_halo_kernel4_plus_2_b
6970	0.000520649	591053440	ops_par_loop_advec_cell_kernel1_ydir_35	advec_cell_kernel1_ydir
6971	0.000754442	708203544	ops_par_loop_advec_cell_kernel3_ydir_36	advec_cell_kernel3_ydir
6972	0.001410689	1533542400	ops_par_loop_advec_cell_kernel4_ydir_37	advec_cell_kernel4_ydir
6973	0.000020539	553536	ops_par_loop_group_32	update_halo_kernel1_b2+update_halo_kernel4_minus_4_a
6974	0.000019958	553536	ops_par_loop_group_33	update_halo_kernel1_b1+update_halo_kernel4_minus_2_a
6975	0.000017964	123008	ops_par_loop_update_halo_kernel4_minus_4_b_64	update_halo_kernel4_minus_4_b
6976	0.000020118	553536	ops_par_loop_group_35	update_halo_kernel1_t2+update_halo_kernel4_minus_2_b
6977	0.000018675	430528	ops_par_loop_update_halo_kernel1_t1_41	update_halo_kernel1_t1
6978	0.000021711	430528	ops_par_loop_update_halo_kernel1_l2_42	update_halo_kernel1_l2
6979	0.000027362	430528	ops_par_loop_update_halo_kernel1_l1_43	update_halo_kernel1_l1
6980	0.000022022	430528	ops_par_loop_update_halo_kernel1_r2_44	update_halo_kernel1_r2
6981	0.000019938	430528	ops_par_loop_update_halo_kernel1_r1_45	update_halo_kernel1_r1
6982	0.000018556	123040	ops_par_loop_update_halo_kernel4_plus_4_a_66	update_halo_kernel4_plus_4_a
6983	0.000017423	123040	ops_par_loop_update_halo_kernel4_plus_2_a_67	update_halo_kernel4_plus_2_a
6984	0.000017383	123040	ops_par_loop_update_halo_kernel4_plus_4_b_68	update_halo_kernel4_plus_4_b
6985	0.000017122	123040	ops_par_loop_update_halo_kernel4_plus_2_b_69	update_halo_kernel4_plus_2_b
6986	0.000520578	591053440	ops_par_loop_advec_mom_kernel_y1_70	advec_mom_kernel_y1
6987	0.000187366	236236864	ops_par_loop_advec_mom_kernel_mass_flux_y_71	advec_mom_kernel_mass_flux_y
6988	0.000494158	590438520	ops_par_loop_advec_mom_kernel_post_pre_advec_y_72	advec_mom_kernel_post_pre_advec_y
6989	0.000843993	472258640	ops_par_loop_advec_mom_kernel1_y_nonvector_73	advec_mom_kernel1_y_nonvector
6990	0.000450496	590131240	ops_par_loop_advec_mom_kernel2_y_74	advec_mom_kernel2_y
6991	0.000520188	591053440	ops_par_loop_advec_mom_kernel_y1_75	advec_mom_kernel_y1
6992	0.000188919	236236864	ops_par_loop_advec_mom_kernel_mass_flux_y_76	advec_mom_kernel_mass_flux_y
6993	0.000493447	590438520	ops_par_loop_advec_mom_kernel_post_pre_advec_y_77	advec_mom_kernel_post_pre_advec_y
6994	0.000838732	472258640	ops_par_loop_advec_mom_kernel1_y_nonvector_78	advec_mom_kernel1_y_nonvector
6995	0.000449023	590131240	ops_par_loop_advec_mom_kernel2_y_79	advec_mom_kernel2_y
6996	0.000456106	472842752	ops_par_loop_advec_cell_kernel2_xdir_80	advec_cell_kernel2_xdir
6997	0.000740546	708203544	ops_par_loop_advec_cell_kernel3_xdir_81	advec_cell_kernel3_xdir
6998	0.001405118	1533542400	ops_par_loop_advec_cell_kernel4_xdir_82	advec_cell_kernel4_xdir
6999	0.000022062	553536	ops_par_loop_group_58	update_halo_kernel1_b2+update_halo_kernel4_minus_4_a
7000	0.000020148	553536	ops_par_loop_group_59	update_halo_kernel1_b1+update_halo_kernel4_minus_2_a
7001	0.000021801	369120	ops_par_loop_group_60	update_halo_kernel2_xvel_plus_4_a+update_halo_kernel2_yvel_minus_4_a+update_halo_kernel3_plus_4_a
7002	0.000019898	369120	ops_par_loop_group_61	update_halo_kernel2_xvel_plus_2_a+update_halo_kernel2_yvel_minus_2_a+update_halo_kernel3_plus_2_a
7003	0.000019156	246080	ops_par_loop_group_62	update_halo_kernel2_xvel_plus_4_b+update_halo_kernel2_yvel_minus_4_b
7004	0.000025659	369120	ops_par_loop_group_63	update_halo_kernel2_xvel_plus_2_b+update_halo_kernel2_yvel_minus_2_b+update_halo_kernel3_plus_4_b
7005	0.000022633	246080	ops_par_loop_group_64	update_halo_kernel2_xvel_minus_4_b+update_halo_kernel2_yvel_plus_4_b
7006	0.000018586	123040	ops_par_loop_update_halo_kernel3_plus_2_b_110	update_halo_kernel3_plus_2_b
7007	0.000018335	123008	ops_par_loop_update_halo_kernel3_minus_4_b_113	update_halo_kernel3_minus_4_b
7008	0.000016721	123008	ops_par_loop_update_halo_kernel4_minus_4_b_117	update_halo_kernel4_minus_4_b
7009	0.000020560	553536	ops_par_loop_group_68	update_halo_kernel1_t2+update_halo_kernel4_minus_2_b
7010	0.000018926	430528	ops_par_loop_update_halo_kernel1_t1_86	update_halo_kernel1_t1
7011	0.000025939	553536	ops_par_loop_group_70	update_halo_kernel1_l2+update_halo_kernel3_minus_4_a
7012	0.000021581	553536	ops_par_loop_group_71	update_halo_kernel1_l1+update_halo_kernel3_minus_2_a
7013	0.000023444	553536	ops_par_loop_group_72	update_halo_kernel1_r2+update_halo_kernel3_minus_2_b
7014	0.000020890	430528	ops_par_loop_update_halo_kernel1_r1_90	update_halo_kernel1_r1
7015	0.000022953	369120	ops_par_loop_group_74	update_halo_kernel2_xvel_minus_4_a+update_halo_kernel2_yvel_plus_4_a+update_halo_kernel4_plus_4_a
7016	0.000020158	369120	ops_par_loop_group_75	update_halo_kernel2_xvel_minus_2_a+update_halo_kernel2_yvel_plus_2_a+update_halo_kernel4_plus_2_a
7017	0.000020799	369120	ops_par_loop_group_76	update_halo_kernel2_xvel_minus_2_b+update_halo_kernel2_yvel_plus_2_b+update_halo_kernel4_plus_4_b
7018	0.000017383	123040	ops_par_loop_update_halo_kernel4_plus_2_b_122	update_halo_kernel4_plus_2_b
7019	0.000460635	472842752	ops_par_loop_advec_mom_kernel_x2_123	advec_mom_kernel_x2
7020	0.000189170	236236864	ops_par_loop_advec_mom_kernel_mass_flux_x_124	advec_mom_kernel_mass_flux_x
7021	0.000535677	590438520	ops_par_loop_advec_mom_kernel_post_pre_advec_x_125	advec_mom_kernel_post_pre_advec_x
7022	0.000848311	472258640	ops_par_loop_advec_mom_kernel1_x_nonvector_126	advec_mom_kernel1_x_nonvector
7023	0.000445476	590131240	ops_par_loop_advec_mom_kernel2_x_127	advec_mom_kernel2_x
7024	0.000460805	472842752	ops_par_loop_advec_mom_kernel_x2_128	advec_mom_kernel_x2
7025	0.000192135	236236864	ops_par_loop_advec_mom_kernel_mass_flux_x_129	advec_mom_kernel_mass_flux_x
7026	0.000536889	590438520	ops_par_loop_advec_mom_kernel_post_pre_advec_x_130	advec_mom_kernel_post_pre_advec_x
7027	0.000849764	472258640	ops_par_loop_advec_mom_kernel1_x_nonvector_131	advec_mom_kernel1_x_nonvector
7028	0.000403988	471859200	ops_par_loop_reset_field_kernel1_133	reset_field_kernel1
7029	0.001401511	1534095432	ops_par_loop_group_88	advec_mom_kernel2_x+reset_field_kernel2+ideal_gas_kernel
7030	0.000021130	430304	ops_par_loop_update_halo_kernel1_b1_136	update_halo_kernel1_b1
7031	0.000019237	430304	ops_par_loop_update_halo_kernel1_t1_137	update_halo_kernel1_t1
7032	0.000023385	430304	ops_par_loop_update_halo_kernel1_l1_138	update_halo_kernel1_l1
7033	0.000022754	430304	ops_par_loop_update_halo_kernel1_r1_139	update_halo_kernel1_r1
7034	0.000018966	245952	ops_par_loop_group_93	update_halo_kernel2_xvel_plus_2_a+update_halo_kernel2_yvel_minus_2_a
7035	0.000018526	245952	ops_par_loop_group_94	update_halo_kernel2_xvel_plus_2_b+update_halo_kernel2_yvel_minus_2_b
7036	0.000020279	245952	ops_par_loop_group_95	update_halo_kernel2_xvel_minus_2_a+update_halo_kernel2_yvel_plus_2_a
7037	0.000021009	245952	ops_par_loop_group_96	update_halo_kernel2_xvel_minus_2_b+update_halo_kernel2_yvel_plus_2_b
7038	0.001667126	589885440	ops_par_loop_viscosity_kernel_148	viscosity_kernel
7039	0.000020158	430304	ops_par_loop_update_halo_kernel1_b1_149	update_halo_kernel1_b1
7040	0.000019176	430304	ops_par_loop_update_halo_kernel1_t1_150	update_halo_kernel1_t1
7041	0.000021901	430304	ops_par_loop_update_halo_kernel1_l1_151	update_halo_kernel1_l1
7042	0.000022002	430304	ops_par_loop_update_halo_kernel1_r1_152	update_halo_kernel1_r1
7043	0.000882185	1061744640	ops_par_loop_calc_dt_kernel_153	calc_dt_kernel
7044	0.001429765	1887436800	ops_par_loop_group_0	PdV_kernel_predict+ideal_gas_kernel
7045	0.000021871	430304	ops_par_loop_update_halo_kernel1_b1_2	update_halo_kernel1_b1
7046	0.000019187	430304	ops_par_loop_update_halo_kernel1_t1_3	update_halo_kernel1_t1
7047	0.000022091	430304	ops_par_loop_update_halo_kernel1_l1_4	update_halo_kernel1_l1
7048	0.000022964	430304	ops_par_loop_update_halo_kernel1_r1_5	update_halo_kernel1_r1
7049	0.001013184	1298288728	ops_par_loop_accelerate_kernel_7	accelerate_kernel
7050	0.001279380	2123366400	ops_par_loop_group_6	revert_kernel+PdV_kernel_nopredict
7051	0.000356237	471982080	ops_par_loop_flux_calc_kernelx_9	flux_calc_kernelx
7052	0.000354523	471982080	ops_par_loop_flux_calc_kernely_10	flux_calc_kernely
7053	0.000020900	553536	ops_par_loop_group_9	update_halo_kernel1_b2+update_halo_kernel4_minus_4_a
7054	0.000019708	553536	ops_par_loop_group_10	update_halo_kernel1_b1+update_halo_kernel4_minus_2_a
7055	0.000020018	369120	ops_par_loop_group_11	update_halo_kernel3_plus_4_a+update_halo_kernel2_xvel_plus_4_a+update_halo_kernel2_yvel_minus_4_a
7056	0.000018615	369120	ops_par_loop_group_12	update_halo_kernel3_plus_2_a+update_halo_kernel2_xvel_plus_2_a+update_halo_kernel2_yvel_minus_2_a
7057	0.000017112	123008	ops_par_loop_update_halo_kernel4_minus_4_b_29	update_halo_kernel4_minus_4_b
7058	0.000020709	553536	ops_par_loop_group_14	update_halo_kernel1_t2+update_halo_kernel4_minus_2_b
7059	0.000018615	430528	ops_par_loop_update_halo_kernel1_t1_14	update_halo_kernel1_t1
7060	0.000018916	246080	ops_par_loop_group_16	update_halo_kernel2_xvel_plus_4_b+update_halo_kernel2_yvel_minus_4_b
7061	0.000020238	369120	ops_par_loop_group_17	update_halo_kernel3_plus_4_b+update_halo_kernel2_xvel_plus_2_b+update_halo_kernel2_yvel_minus_2_b
7062	0.000017563	123040	ops_par_loop_update_halo_kernel3_plus_2_b_22	update_halo_kernel3_plus_2_b
7063	0.000024626	553536	ops_par_loop_group_19	update_halo_kernel1_l2+update_halo_kernel3_minus_4_a
7064	0.000021530	553536	ops_par_loop_group_20	update_halo_kernel1_l1+update_halo_kernel3_minus_2_a
7065	0.000017964	123008	ops_par_loop_update_halo_kernel3_minus_4_b_25	update_halo_kernel3_minus_4_b
7066	0.000023785	553536	ops_par_loop_group_22	update_halo_kernel1_r2+update_halo_kernel3_minus_2_b
7067	0.000020028	430528	ops_par_loop_update_halo_kernel1_r1_18	update_halo_kernel1_r1
7068	0.000022122	369120	ops_par_loop_group_24	update_halo_kernel4_plus_4_a+update_halo_kernel2_xvel_minus_4_a+update_halo_kernel2_yvel_plus_4_a
7069	0.000020689	369120	ops_par_loop_group_25	update_halo_kernel4_plus_2_a+update_halo_kernel2_xvel_minus_2_a+update_halo_kernel2_yvel_plus_2_a
7070	0.000019918	246080	ops_par_loop_group_26	update_halo_kernel2_xvel_minus_4_b+update_halo_kernel2_yvel_plus_4_b
7071	0.000021120	369120	ops_par_loop_group_27	update_halo_kernel4_plus_4_b+update_halo_kernel2_xvel_minus_2_b+update_halo_kernel2_yvel_plus_2_b
7072	0.000018044	123040	ops_par_loop_update_halo_kernel4_plus_2_b_34	update_halo_kernel4_plus_2_b
7073	0.000521951	591053440	ops_par_loop_advec_cell_kernel1_xdir_35	advec_cell_kernel1_xdir
7074	0.000739895	708203544	ops_par_loop_advec_cell_kernel3_xdir_36	advec_cell_kernel3_xdir
7075	0.001400900	1533542400	ops_par_loop_advec_cell_kernel4_xdir_37	advec_cell_kernel4_xdir
7076	0.000021210	430528	ops_par_loop_update_halo_kernel1_b2_38	update_halo_kernel1_b2
7077	0.000019167	430528	ops_par_loop_update_halo_kernel1_b1_39	update_halo_kernel1_b1
7078	0.000019186	430528	ops_par_loop_update_halo_kernel1_t2_40	update_halo_kernel1_t2
7079	0.000019797	430528	ops_par_loop_update_halo_kernel1_t1_41	update_halo_kernel1_t1
7080	0.000017703	123040	ops_par_loop_update_halo_kernel3_plus_4_a_62	update_halo_kernel3_plus_4_a
7081	0.000017453	123040	ops_par_loop_update_halo_kernel3_plus_2_a_63	update_halo_kernel3_plus_2_a
7082	0.000017593	123040	ops_par_loop_update_halo_kernel3_plus_4_b_64	update_halo_kernel3_plus_4_b
7083	0.000017583	123040	ops_par_loop_update_halo_kernel3_plus_2_b_65	update_halo_kernel3_plus_2_b
7084	0.000024346	553536	ops_par_loop_group_40	update_halo_kernel1_l2+update_halo_kernel3_minus_4_a
7085	0.000021510	553536	ops_par_loop_group_41	update_halo_kernel1_l1+update_halo_kernel3_minus_2_a
7086	0.000018194	123008	ops_par_loop_update_halo_kernel3_minus_4_b_68	update_halo_kernel3_minus_4_b
7087	0.000023644	553536	ops_par_loop_group_43	update_halo_kernel1_r2+update_halo_kernel3_minus_2_b
7088	0.000019788	430528	ops_par_loop_update_halo_kernel1_r1_45	update_halo_kernel1_r1
7089	0.000521560	591053440	ops_par_loop_advec_mom_kernel_x1_70	advec_mom_kernel_x1
7090	0.000189119	236236864	ops_par_loop_advec_mom_kernel_mass_flux_x_71	advec_mom_kernel_mass_flux_x
7091	0.000532081	590438520	ops_par_loop_advec_mom_kernel_post_pre_advec_x_72	advec_mom_kernel_post_pre_advec_x
7092	0.000847880	472258640	ops_par_loop_advec_mom_kernel1_x_nonvector_73	advec_mom_kernel1_x_nonvector
7093	0.000445476	590131240	ops_par_loop_advec_mom_kernel2_x_74	advec_mom_kernel2_x
7094	0.000528043	591053440	ops_par_loop_advec_mom_kernel_x1_75	advec_mom_kernel_x1
7095	0.000189279	236236864	ops_par_loop_advec_mom_kernel_mass_flux_x_76	advec_mom_kernel_mass_flux_x
7096	0.000531309	590438520	ops_par_loop_advec_mom_kernel_post_pre_advec_x_77	advec_mom_kernel_post_pre_advec_x
7097	0.000849303	472258640	ops_par_loop_advec_mom_kernel1_x_nonvector_78	advec_mom_kernel1_x_nonvector
7098	0.000439715	590131240	ops_par_loop_advec_mom_kernel2_x_79	advec_mom_kernel2_x
7099	0.000461426	472842752	ops_par_loop_advec_cell_kernel2_ydir_80	advec_cell_kernel2_ydir
7100	0.000755604	708203544	ops_par_loop_advec_cell_kernel3_ydir_81	advec_cell_kernel3_ydir
7101	0.001412051	1533542400	ops_par_loop_advec_cell_kernel4_ydir_82	advec_cell_kernel4_ydir
7102	0.000021621	553536	ops_par_loop_group_58	update_halo_kernel1_b2+update_halo_kernel4_minus_4_a
7103	0.000019427	553536	ops_par_loop_group_59	update_halo_kernel1_b1+update_halo_kernel4_minus_2_a
7104	0.000019887	369120	ops_par_loop_group_60	update_halo_kernel2_xvel_plus_4_a+update_halo_kernel2_yvel_minus_4_a+update_halo_kernel3_plus_4_a
7105	0.000019567	369120	ops_par_loop_group_61	update_halo_kernel2_xvel_plus_2_a+update_halo_kernel2_yvel_minus_2_a+update_halo_kernel3_plus_2_a
7106	0.000018415	246080	ops_par_loop_group_62	update_halo_kernel2_xvel_plus_4_b+update_halo_kernel2_yvel_minus_4_b
7107	0.000019627	369120	ops_par_loop_group_63	update_halo_kernel2_xvel_plus_2_b+update_halo_kernel2_yvel_minus_2_b+update_halo_kernel3_plus_4_b
7108	0.000019878	246080	ops_par_loop_group_64	update_halo_kernel2_xvel_minus_4_b+update_halo_kernel2_yvel_plus_4_b
7109	0.000018244	123040	ops_par_loop_update_halo_kernel3_plus_2_b_110	update_halo_kernel3_plus_2_b
7110	0.000018545	123008	ops_par_loop_update_halo_kernel3_minus_4_b_113	update_halo_kernel3_minus_4_b
7111	0.000017524	123008	ops_par_loop_update_halo_kernel4_minus_4_b_117	update_halo_kernel4_minus_4_b
7112	0.000020288	553536	ops_par_loop_group_68	update_halo_kernel1_t2+update_halo_kernel4_minus_2_b
7113	0.000019046	430528	ops_par_loop_update_halo_kernel1_t1_86	update_halo_kernel1_t1
7114	0.000025198	553536	ops_par_loop_group_70	update_halo_kernel1_l2+update_halo_kernel3_minus_4_a
7115	0.000023394	553536	ops_par_loop_group_71	update_halo_kernel1_l1+update_halo_kernel3_minus_2_a
7116	0.000023154	553536	ops_par_loop_group_72	update_halo_kernel1_r2+update_halo_kernel3_minus_2_b
7117	0.000019868	430528	ops_par_loop_update_halo_kernel1_r1_90	update_halo_kernel1_r1
7118	0.000022192	369120	ops_par_loop_group_74	update_halo_kernel2_xvel_minus_4_a+update_halo_kernel2_yvel_plus_4_a+update_halo_kernel4_plus_4_a
7119	0.000020158	369120	ops_par_loop_group_75	update_halo_kernel2_xvel_minus_2_a+update_halo_kernel2_yvel_plus_2_a+update_halo_kernel4_plus_2_a
7120	0.000021080	369120	ops_par_loop_group_76	update_halo_kernel2_xvel_minus_2_b+update_halo_kernel2_yvel_plus_2_b+update_halo_kernel4_plus_4_b
7121	0.000017514	123040	ops_par_loop_update_halo_kernel4_plus_2_b_122	update_halo_kernel4_plus_2_b
7122	0.000453240	472842752	ops_par_loop_advec_mom_kernel_y2_123	advec_mom_kernel_y2
7123	0.000188198	236236864	ops_par_loop_advec_mom_kernel_mass_flux_y_124	advec_mom_kernel_mass_flux_y
7124	0.000493908	590438520	ops_par_loop_advec_mom_kernel_post_pre_advec_y_125	advec_mom_kernel_post_pre_advec_y
7125	0.000843963	472258640	ops_par_loop_advec_mom_kernel1_y_nonvector_126	advec_mom_kernel1_y_nonvector
7126	0.000447751	590131240	ops_par_loop_advec_mom_kernel2_y_127	advec_mom_kernel2_y
7127	0.000455164	472842752	ops_par_loop_advec_mom_kernel_y2_128	advec_mom_kernel_y2
7128	0.000189159	236236864	ops_par_loop_advec_mom_kernel_mass_flux_y_129	advec_mom_kernel_mass_flux_y
7129	0.000494740	590438520	ops_par_loop_advec_mom_kernel_post_pre_advec_y_130	advec_mom_kernel_post_pre_advec_y
7130	0.000839114	472258640	ops_par_loop_advec_mom_kernel1_y_nonvector_131	advec_mom_kernel1_y_nonvector
7131	0.000404989	471859200	ops_par_loop_reset_field_kernel1_133	reset_field_kernel1
7132	0.001399638	1534095432	ops_par_loop_group_88	advec_mom_kernel2_y+reset_field_kernel2+ideal_gas_kernel
7133	0.000019807	430304	ops_par_loop_update_halo_kernel1_b1_136	update_halo_kernel1_b1
7134	0.000018715	430304	ops_par_loop_update_halo_kernel1_t1_137	update_halo_kernel1_t1
7135	0.000023054	430304	ops_par_loop_update_halo_kernel1_l1_138	update_halo_kernel1_l1
7136	0.000022523	430304	ops_par_loop_update_halo_kernel1_r1_139	update_halo_kernel1_r1
7137	0.000018085	245952	ops_par_loop_group_93	update_halo_kernel2_xvel_plus_2_a+update_halo_kernel2_yvel_minus_2_a
7138	0.000018094	245952	ops_par_loop_group_94	update_halo_kernel2_xvel_plus_2_b+update_halo_kernel2_yvel_minus_2_b
7139	0.000019747	245952	ops_par_loop_group_95	update_halo_kernel2_xvel_minus_2_a+update_halo_kernel2_yvel_plus_2_a
7140	0.000020609	245952	ops_par_loop_group_96	update_halo_kernel2_xvel_minus_2_b+update_halo_kernel2_yvel_plus_2_b
7141	0.001665222	589885440	ops_par_loop_viscosity_kernel_148	viscosity_kernel
7142	0.000021952	430304	ops_par_loop_update_halo_kernel1_b1_149	update_halo_kernel1_b1
7143	0.000019096	430304	ops_par_loop_update_halo_kernel1_t1_150	update_halo_kernel1_t1
7144	0.000021792	430304	ops_par_loop_update_halo_kernel1_l1_151	update_halo_kernel1_l1
7145	0.000021912	430304	ops_par_loop_update_halo_kernel1_r1_152	update_halo_kernel1_r1
7146	0.000886273	1061744640	ops_par_loop_calc_dt_kernel_153	calc_dt_kernel
7147	0.001483868	1887436800	ops_par_loop_group_0	PdV_kernel_predict+ideal_gas_kernel
7148	0.000021952	430304	ops_par_loop_update_halo_kernel1_b1_2	update_halo_kernel1_b1
7149	0.000020278	430304	ops_par_loop_update_halo_kernel1_t1_3	update_halo_kernel1_t1
7150	0.000024557	430304	ops_par_loop_update_halo_kernel1_l1_4	update_halo_kernel1_l1
7151	0.000023224	430304	ops_par_loop_update_halo_kernel1_r1_5	update_halo_kernel1_r1
7152	0.001096131	1298288728	ops_par_loop_accelerate_kernel_7	accelerate_kernel
7153	0.001356717	2123366400	ops_par_loop_group_6	revert_kernel+PdV_kernel_nopredict
7154	0.000360134	471982080	ops_par_loop_flux_calc_kernelx_9	flux_calc_kernelx
7155	0.000357468	471982080	ops_par_loop_flux_calc_kernely_10	flux_calc_kernely
7156	0.000021772	553536	ops_par_loop_group_9	update_halo_kernel1_b2+update_halo_kernel4_minus_4_a
7157	0.000020299	553536	ops_par_loop_group_10	update_halo_kernel1_b1+update_halo_kernel4_minus_2_a
7158	0.000020549	369120	ops_par_loop_group_11	update_halo_kernel3_plus_4_a+update_halo_kernel2_xvel_plus_4_a+update_halo_kernel2_yvel_minus_4_a
7159	0.000020358	369120	ops_par_loop_group_12	update_halo_kernel3_plus_2_a+update_halo_kernel2_xvel_plus_2_a+update_halo_kernel2_yvel_minus_2_a
7160	0.000017743	123008	ops_par_loop_update_halo_kernel4_minus_4_b_29	update_halo_kernel4_minus_4_b
7161	0.000020349	553536	ops_par_loop_group_14	update_halo_kernel1_t2+update_halo_kernel4_minus_2_b
7162	0.000019818	430528	ops_par_loop_update_halo_kernel1_t1_14	update_halo_kernel1_t1
7163	0.000019107	246080	ops_par_loop_group_16	update_halo_kernel2_xvel_plus_4_b+update_halo_kernel2_yvel_minus_4_b
7164	0.000020258	369120	ops_par_loop_group_17	update_halo_kernel3_plus_4_b+update_halo_kernel2_xvel_plus_2_b+update_halo_kernel2_yvel_minus_2_b
7165	0.000017723	123040	ops_par_loop_update_halo_kernel3_plus_2_b_22	update_halo_kernel3_plus_2_b
7166	0.000025348	553536	ops_par_loop_group_19	update_halo_kernel1_l2+update_halo_kernel3_minus_4_a
7167	0.000023104	553536	ops_par_loop_group_20	update_halo_kernel1_l1+update_halo_kernel3_minus_2_a
7168	0.000019057	123008	ops_par_loop_update_halo_kernel3_minus_4_b_25	update_halo_kernel3_minus_4_b
7169	0.000024546	553536	ops_par_loop_group_22	update_halo_kernel1_r2+update_halo_kernel3_minus_2_b
7170	0.000021130	430528	ops_par_loop_update_halo_kernel1_r1_18	update_halo_kernel1_r1
7171	0.000023234	369120	ops_par_loop_group_24	update_halo_kernel4_plus_4_a+update_halo_kernel2_xvel_minus_4_a+update_halo_kernel2_yvel_plus_4_a
7172	0.000021250	369120	ops_par_loop_group_25	update_halo_kernel4_plus_2_a+update_halo_kernel2_xvel_minus_2_a+update_halo_kernel2_yvel_plus_2_a
7173	0.000020048	246080	ops_par_loop_group_26	update_halo_kernel2_xvel_minus_4_b+update_halo_kernel2_yvel_plus_4_b
7174	0.000021782	369120	ops_par_loop_group_27	update_halo_kernel4_plus_4_b+update_halo_kernel2_xvel_minus_2_b+update_halo_kernel2_yvel_plus_2_b
7175	0.000018355	123040	ops_par_loop_update_halo_kernel4_plus_2_b_34	update_halo_kernel4_plus_2_b
7176	0.000562979	591053440	ops_par_loop_advec_cell_kernel1_ydir_35	advec_cell_kernel1_ydir
7177	0.000787105	708203544	ops_par_loop_advec_cell_kernel3_ydir_36	advec_cell_kernel3_ydir
7178	0.001470221	1533542400	ops_par_loop_advec_cell_kernel4_ydir_37	advec_cell_kernel4_ydir
7179	0.000022362	553536	ops_par_loop_group_32	update_halo_kernel1_b2+update_halo_kernel4_minus_4_a
7180	0.000020910	553536	ops_par_loop_group_33	update_halo_kernel1_b1+update_halo_kernel4_minus_2_a
7181	0.000017533	123008	ops_par_loop_update_halo_kernel4_minus_4_b_64	update_halo_kernel4_minus_4_b
7182	0.000020709	553536	ops_par_loop_group_35	update_halo_kernel1_t2+update_halo_kernel4_minus_2_b
7183	0.000020108	430528	ops_par_loop_update_halo_kernel1_t1_41	update_halo_kernel1_t1
7184	0.000023415	430528	ops_par_loop_update_halo_kernel1_l2_42	update_halo_kernel1_l2
7185	0.000020569	430528	ops_par_loop_update_halo_kernel1_l1_43	update_halo_kernel1_l1
7186	0.000022633	430528	ops_par_loop_update_halo_kernel1_r2_44	update_halo_kernel1_r2
7187	0.000020739	430528	ops_par_loop_update_halo_kernel1_r1_45	update_halo_kernel1_r1
7188	0.000018896	123040	ops_par_loop_update_halo_kernel4_plus_4_a_66	update_halo_kernel4_plus_4_a
7189	0.000017753	123040	ops_par_loop_update_halo_kernel4_plus_2_a_67	update_halo_kernel4_plus_2_a
7190	0.000018395	123040	ops_par_loop_update_halo_kernel4_plus_4_b_68	update_halo_kernel4_plus_4_b
7191	0.000018936	123040	ops_par_loop_update_halo_kernel4_plus_2_b_69	update_halo_kernel4_plus_2_b
7192	0.000561516	591053440	ops_par_loop_advec_mom_kernel_y1_70	advec_mom_kernel_y1
7193	0.000191303	236236864	ops_par_loop_advec_mom_kernel_mass_flux_y_71	advec_mom_kernel_mass_flux_y
7194	0.000532882	590438520	ops_par_loop_advec_mom_kernel_post_pre_advec_y_72	advec_mom_kernel_post_pre_advec_y
7195	0.000877245	472258640	ops_par_loop_advec_mom_kernel1_y_nonvector_73	advec_mom_kernel1_y_nonvector
7196	0.000447540	590131240	ops_par_loop_advec_mom_kernel2_y_74	advec_mom_kernel2_y
7197	0.000561757	591053440	ops_par_loop_advec_mom_kernel_y1_75	advec_mom_kernel_y1
7198	0.000190812	236236864	ops_par_loop_advec_mom_kernel_mass_flux_y_76	advec_mom_kernel_mass_flux_y
7199	0.000530398	590438520	ops_par_loop_advec_mom_kernel_post_pre_advec_y_77	advec_mom_kernel_post_pre_advec_y
7200	0.000871986	472258640	ops_par_loop_advec_mom_kernel1_y_nonvector_78	advec_mom_kernel1_y_nonvector
7201	0.000446868	590131240	ops_par_loop_advec_mom_kernel2_y_79	advec_mom_kernel2_y
7202	0.000488708	472842752	ops_par_loop_advec_cell_kernel2_xdir_80	advec_cell_kernel2_xdir
7203	0.000772077	708203544	ops_par_loop_advec_cell_kernel3_xdir_81	advec_cell_kernel3_xdir
7204	0.001457037	1533542400	ops_par_loop_advec_cell_kernel4_xdir_82	advec_cell_kernel4_xdir
7205	0.000022182	553536	ops_par_loop_group_58	update_halo_kernel1_b2+update_halo_kernel4_minus_4_a
7206	0.000020559	553536	ops_par_loop_group_59	update_halo_kernel1_b1+update_halo_kernel4_minus_2_a
7207	0.000020549	369120	ops_par_loop_group_60	update_halo_kernel2_xvel_plus_4_a+update_halo_kernel2_yvel_minus_4_a+update_halo_kernel3_plus_4_a
7208	0.000021290	369120	ops_par_loop_group_61	update_halo_kernel2_xvel_plus_2_a+update_halo_kernel2_yvel_minus_2_a+update_halo_kernel3_plus_2_a
7209	0.000018184	246080	ops_par_loop_group_62	update_halo_kernel2_xvel_plus_4_b+update_halo_kernel2_yvel_minus_4_b
7210	0.000020419	369120	ops_par_loop_group_63	update_halo_kernel2_xvel_plus_2_b+update_halo_kernel2_yvel_minus_2_b+update_halo_kernel3_plus_4_b
7211	0.000020930	246080	ops_par_loop_group_64	update_halo_kernel2_xvel_minus_4_b+update_halo_kernel2_yvel_plus_4_b
7212	0.000018776	123040	ops_par_loop_update_halo_kernel3_plus_2_b_110	update_halo_kernel3_plus_2_b
7213	0.000019127	123008	ops_par_loop_update_halo_kernel3_minus_4_b_113	update_halo_kernel3_minus_4_b
7214	0.000017563	123008	ops_par_loop_update_halo_kernel4_minus_4_b_117	update_halo_kernel4_minus_4_b
7215	0.000020700	553536	ops_par_loop_group_68	update_halo_kernel1_t2+update_halo_kernel4_minus_2_b
7216	0.000020379	430528	ops_par_loop_update_halo_kernel1_t1_86	update_halo_kernel1_t1
7217	0.000025398	553536	ops_par_loop_group_70	update_halo_kernel1_l2+update_halo_kernel3_minus_4_a
7218	0.000022643	553536	ops_par_loop_group_71	update_halo_kernel1_l1+update_halo_kernel3_minus_2_a
7219	0.000024506	553536	ops_par_loop_group_72	update_halo_kernel1_r2+update_halo_kernel3_minus_2_b
7220	0.000021130	430528	ops_par_loop_update_halo_kernel1_r1_90	update_halo_kernel1_r1
7221	0.000023214	369120	ops_par_loop_group_74	update_halo_kernel2_xvel_minus_4_a+update_halo_kernel2_yvel_plus_4_a+update_halo_kernel4_plus_4_a
7222	0.000020780	369120	ops_par_loop_group_75	update_halo_kernel2_xvel_minus_2_a+update_halo_kernel2_yvel_plus_2_a+update_halo_kernel4_plus_2_a
7223	0.000022522	369120	ops_par_loop_group_76	update_halo_kernel2_xvel_minus_2_b+update_halo_kernel2_yvel_plus_2_b+update_halo_kernel4_plus_4_b
7224	0.000018455	123040	ops_par_loop_update_halo_kernel4_plus_2_b_122	update_halo_kernel4_plus_2_b
7225	0.000498437	472842752	ops_par_loop_advec_mom_kernel_x2_123	advec_mom_kernel_x2
7226	0.000194559	236236864	ops_par_loop_advec_mom_kernel_mass_flux_x_124	advec_mom_kernel_mass_flux_x
7227	0.000572036	590438520	ops_par_loop_advec_mom_kernel_post_pre_advec_x_125	advec_mom_kernel_post_pre_advec_x
7228	0.000880883	472258640	ops_par_loop_advec_mom_kernel1_x_nonvector_126	advec_mom_kernel1_x_nonvector
7229	0.000443533	590131240	ops_par_loop_advec_mom_kernel2_x_127	advec_mom_kernel2_x
7230	0.000498717	472842752	ops_par_loop_advec_mom_kernel_x2_128	advec_mom_kernel_x2
7231	0.000194279	236236864	ops_par_loop_advec_mom_kernel_mass_flux_x_129	advec_mom_kernel_mass_flux_x
7232	0.000573048	590438520	ops_par_loop_advec_mom_kernel_post_pre_advec_x_130	advec_mom_kernel_post_pre_advec_x
7233	0.000882586	472258640	ops_par_loop_advec_mom_kernel1_x_nonvector_131	advec_mom_kernel1_x_nonvector
7234	0.000436760	471859200	ops_par_loop_reset_field_kernel1_133	reset_field_kernel1
7235	0.001433231	1534095432	ops_par_loop_group_88	advec_mom_kernel2_x+reset_field_kernel2+ideal_gas_kernel
7236	0.000489499	471859200	ops_par_loop_ideal_gas_kernel_0	ideal_gas_kernel
7237	0.000021701	430304	ops_par_loop_update_halo_kernel1_b1_1	update_halo_kernel1_b1
7238	0.000021230	430304	ops_par_loop_update_halo_kernel1_t1_2	update_halo_kernel1_t1
7239	0.000024096	430304	ops_par_loop_update_halo_kernel1_l1_3	update_halo_kernel1_l1
7240	0.000024046	430304	ops_par_loop_update_halo_kernel1_r1_4	update_halo_kernel1_r1
7241	0.000019698	245952	ops_par_loop_group_5	update_halo_kernel2_xvel_plus_2_a+update_halo_kernel2_yvel_minus_2_a
7242	0.000018515	245952	ops_par_loop_group_6	update_halo_kernel2_xvel_plus_2_b+update_halo_kernel2_yvel_minus_2_b
7243	0.000021170	245952	ops_par_loop_group_7	update_halo_kernel2_xvel_minus_2_a+update_halo_kernel2_yvel_plus_2_a
7244	0.000022332	245952	ops_par_loop_group_8	update_halo_kernel2_xvel_minus_2_b+update_halo_kernel2_yvel_plus_2_b
7245	0.001729815	589885440	ops_par_loop_viscosity_kernel_13	viscosity_kernel
7246	0.000021321	430304	ops_par_loop_update_halo_kernel1_b1_14	update_halo_kernel1_b1
7247	0.000019847	430304	ops_par_loop_update_halo_kernel1_t1_15	update_halo_kernel1_t1
7248	0.000022513	430304	ops_par_loop_update_halo_kernel1_l1_16	update_halo_kernel1_l1
7249	0.000022793	430304	ops_par_loop_update_halo_kernel1_r1_17	update_halo_kernel1_r1
7250	0.000915458	1061744640	ops_par_loop_calc_dt_kernel_18	calc_dt_kernel
7251	0.001494248	1887436800	ops_par_loop_group_0	PdV_kernel_predict+ideal_gas_kernel
7252	0.000022563	430304	ops_par_loop_update_halo_kernel1_b1_2	update_halo_kernel1_b1
7253	0.000021792	430304	ops_par_loop_update_halo_kernel1_t1_3	update_halo_kernel1_t1
7254	0.000024697	430304	ops_par_loop_update_halo_kernel1_l1_4	update_halo_kernel1_l1
7255	0.000023444	430304	ops_par_loop_update_halo_kernel1_r1_5	update_halo_kernel1_r1
7256	0.001096222	1298288728	ops_par_loop_accelerate_kernel_7	accelerate_kernel
7257	0.001353410	2123366400	ops_par_loop_group_6	revert_kernel+PdV_kernel_nopredict
7258	0.000360825	471982080	ops_par_loop_flux_calc_kernelx_9	flux_calc_kernelx
7259	0.000358320	471982080	ops_par_loop_flux_calc_kernely_10	flux_calc_kernely
7260	0.000022523	553536	ops_par_loop_group_9	update_halo_kernel1_b2+update_halo_kernel4_minus_4_a
7261	0.000020148	553536	ops_par_loop_group_10	update_halo_kernel1_b1+update_halo_kernel4_minus_2_a
7262	0.000020900	369120	ops_par_loop_group_11	update_halo_kernel3_plus_4_a+update_halo_kernel2_xvel_plus_4_a+update_halo_kernel2_yvel_minus_4_a
7263	0.000019788	369120	ops_par_loop_group_12	update_halo_kernel3_plus_2_a+update_halo_kernel2_xvel_plus_2_a+update_halo_kernel2_yvel_minus_2_a
7264	0.000018135	123008	ops_par_loop_update_halo_kernel4_minus_4_b_29	update_halo_kernel4_minus_4_b
7265	0.000020870	553536	ops_par_loop_group_14	update_halo_kernel1_t2+update_halo_kernel4_minus_2_b
7266	0.000019147	430528	ops_par_loop_update_halo_kernel1_t1_14	update_halo_kernel1_t1
7267	0.000019637	246080	ops_par_loop_group_16	update_halo_kernel2_xvel_plus_4_b+update_halo_kernel2_yvel_minus_4_b
7268	0.000020008	369120	ops_par_loop_group_17	update_halo_kernel3_plus_4_b+update_halo_kernel2_xvel_plus_2_b+update_halo_kernel2_yvel_minus_2_b
7269	0.000017964	123040	ops_par_loop_update_halo_kernel3_plus_2_b_22	update_halo_kernel3_plus_2_b
7270	0.000025739	553536	ops_par_loop_group_19	update_halo_kernel1_l2+update_halo_kernel3_minus_4_a
7271	0.000023214	553536	ops_par_loop_group_20	update_halo_kernel1_l1+update_halo_kernel3_minus_2_a
7272	0.000019366	123008	ops_par_loop_update_halo_kernel3_minus_4_b_25	update_halo_kernel3_minus_4_b
7273	0.000023334	553536	ops_par_loop_group_22	update_halo_kernel1_r2+update_halo_kernel3_minus_2_b
7274	0.000020900	430528	ops_par_loop_update_halo_kernel1_r1_18	update_halo_kernel1_r1
7275	0.000023174	369120	ops_par_loop_group_24	update_halo_kernel4_plus_4_a+update_halo_kernel2_xvel_minus_4_a+update_halo_kernel2_yvel_plus_4_a
7276	0.000021902	369120	ops_par_loop_group_25	update_halo_kernel4_plus_2_a+update_halo_kernel2_xvel_minus_2_a+update_halo_kernel2_yvel_plus_2_a
7277	0.000021270	246080	ops_par_loop_group_26	update_halo_kernel2_xvel_minus_4_b+update_halo_kernel2_yvel_plus_4_b
7278	0.000023084	369120	ops_par_loop_group_27	update_halo_kernel4_plus_4_b+update_halo_kernel2_xvel_minus_2_b+update_halo_kernel2_yvel_plus_2_b
7279	0.000018364	123040	ops_par_loop_update_halo_kernel4_plus_2_b_34	update_halo_kernel4_plus_2_b
7280	0.000561596	591053440	ops_par_loop_advec_cell_kernel1_xdir_35	advec_cell_kernel1_xdir
7281	0.000770934	708203544	ops_par_loop_advec_cell_kernel3_xdir_36	advec_cell_kernel3_xdir
7282	0.001461746	1533542400	ops_par_loop_advec_cell_kernel4_xdir_37	advec_cell_kernel4_xdir
7283	0.000021541	430528	ops_par_loop_update_halo_kernel1_b2_38	update_halo_kernel1_b2
7284	0.000020168	430528	ops_par_loop_update_halo_kernel1_b1_39	update_halo_kernel1_b1
7285	0.000020008	430528	ops_par_loop_update_halo_kernel1_t2_40	update_halo_kernel1_t2
7286	0.000019757	430528	ops_par_loop_update_halo_kernel1_t1_41	update_halo_kernel1_t1
7287	0.000018725	123040	ops_par_loop_update_halo_kernel3_plus_4_a_62	update_halo_kernel3_plus_4_a
7288	0.000017684	123040	ops_par_loop_update_halo_kernel3_plus_2_a_63	update_halo_kernel3_plus_2_a
7289	0.000018235	123040	ops_par_loop_update_halo_kernel3_plus_4_b_64	update_halo_kernel3_plus_4_b
7290	0.000018304	123040	ops_par_loop_update_halo_kernel3_plus_2_b_65	update_halo_kernel3_plus_2_b
7291	0.000026010	553536	ops_par_loop_group_40	update_halo_kernel1_l2+update_halo_kernel3_minus_4_a
7292	0.000022733	553536	ops_par_loop_group_41	update_halo_kernel1_l1+update_halo_kernel3_minus_2_a
7293	0.000018906	123008	ops_par_loop_update_halo_kernel3_minus_4_b_68	update_halo_kernel3_minus_4_b
7294	0.000025378	553536	ops_par_loop_group_43	update_halo_kernel1_r2+update_halo_kernel3_minus_2_b
7295	0.000021521	430528	ops_par_loop_update_halo_kernel1_r1_45	update_halo_kernel1_r1
7296	0.000569722	591053440	ops_par_loop_advec_mom_kernel_x1_70	advec_mom_kernel_x1
7297	0.000194058	236236864	ops_par_loop_advec_mom_kernel_mass_flux_x_71	advec_mom_kernel_mass_flux_x
7298	0.000573820	590438520	ops_par_loop_advec_mom_kernel_post_pre_advec_x_72	advec_mom_kernel_post_pre_advec_x
7299	0.000880833	472258640	ops_par_loop_advec_mom_kernel1_x_nonvector_73	advec_mom_kernel1_x_nonvector
7300	0.000448993	590131240	ops_par_loop_advec_mom_kernel2_x_74	advec_mom_kernel2_x
7301	0.000561396	591053440	ops_par_loop_advec_mom_kernel_x1_75	advec_mom_kernel_x1
7302	0.000193828	236236864	ops_par_loop_advec_mom_kernel_mass_flux_x_76	advec_mom_kernel_mass_flux_x
7303	0.000571927	590438520	ops_par_loop_advec_mom_kernel_post_pre_advec_x_77	advec_mom_kernel_post_pre_advec_x
7304	0.000882546	472258640	ops_par_loop_advec_mom_kernel1_x_nonvector_78	advec_mom_kernel1_x_nonvector
7305	0.000451668	590131240	ops_par_loop_advec_mom_kernel2_x_79	advec_mom_kernel2_x
7306	0.000497284	472842752	ops_par_loop_advec_cell_kernel2_ydir_80	advec_cell_kernel2_ydir
7307	0.000787305	708203544	ops_par_loop_advec_cell_kernel3_ydir_81	advec_cell_kernel3_ydir
7308	0.001473077	1533542400	ops_par_loop_advec_cell_kernel4_ydir_82	advec_cell_kernel4_ydir
7309	0.000021962	553536	ops_par_loop_group_58	update_halo_kernel1_b2+update_halo_kernel4_minus_4_a
7310	0.000020770	553536	ops_par_loop_group_59	update_halo_kernel1_b1+update_halo_kernel4_minus_2_a
7311	0.000021611	369120	ops_par_loop_group_60	update_halo_kernel2_xvel_plus_4_a+update_halo_kernel2_yvel_minus_4_a+update_halo_kernel3_plus_4_a
7312	0.000020609	369120	ops_par_loop_group_61	update_halo_kernel2_xvel_plus_2_a+update_halo_kernel2_yvel_minus_2_a+update_halo_kernel3_plus_2_a
7313	0.000018716	246080	ops_par_loop_group_62	update_halo_kernel2_xvel_plus_4_b+update_halo_kernel2_yvel_minus_4_b
7314	0.000019487	369120	ops_par_loop_group_63	update_halo_kernel2_xvel_plus_2_b+update_halo_kernel2_yvel_minus_2_b+update_halo_kernel3_plus_4_b
7315	0.000021100	246080	ops_par_loop_group_64	update_halo_kernel2_xvel_minus_4_b+update_halo_kernel2_yvel_plus_4_b
7316	0.000018986	123040	ops_par_loop_update_halo_kernel3_plus_2_b_110	update_halo_kernel3_plus_2_b
7317	0.000018815	123008	ops_par_loop_update_halo_kernel3_minus_4_b_113	update_halo_kernel3_minus_4_b
7318	0.000017514	123008	ops_par_loop_update_halo_kernel4_minus_4_b_117	update_halo_kernel4_minus_4_b
7319	0.000020809	553536	ops_par_loop_group_68	update_halo_kernel1_t2+update_halo_kernel4_minus_2_b
7320	0.000019717	430528	ops_par_loop_update_halo_kernel1_t1_86	update_halo_kernel1_t1
7321	0.000026220	553536	ops_par_loop_group_70	update_halo_kernel1_l2+update_halo_kernel3_minus_4_a
7322	0.000027182	553536	ops_par_loop_group_71	update_halo_kernel1_l1+update_halo_kernel3_minus_2_a
7323	0.000025008	553536	ops_par_loop_group_72	update_halo_kernel1_r2+update_halo_kernel3_minus_2_b
7324	0.000021641	430528	ops_par_loop_update_halo_kernel1_r1_90	update_halo_kernel1_r1
7325	0.000023194	369120	ops_par_loop_group_74	update_halo_kernel2_xvel_minus_4_a+update_halo_kernel2_yvel_plus_4_a+update_halo_kernel4_plus_4_a
7326	0.000020960	369120	ops_par_loop_group_75	update_halo_kernel2_xvel_minus_2_a+update_halo_kernel2_yvel_plus_2_a+update_halo_kernel4_plus_2_a
7327	0.000022423	369120	ops_par_loop_group_76	update_halo_kernel2_xvel_minus_2_b+update_halo_kernel2_yvel_plus_2_b+update_halo_kernel4_plus_4_b
7328	0.000018204	123040	ops_par_loop_update_halo_kernel4_plus_2_b_122	update_halo_kernel4_plus_2_b
7329	0.000488588	472842752	ops_par_loop_advec_mom_kernel_y2_123	advec_mom_kernel_y2
7330	0.000191343	236236864	ops_par_loop_advec_mom_kernel_mass_flux_y_124	advec_mom_kernel_mass_flux_y
7331	0.000534185	590438520	ops_par_loop_advec_mom_kernel_post_pre_advec_y_125	advec_mom_kernel_post_pre_advec_y
7332	0.000876735	472258640	ops_par_loop_advec_mom_kernel1_y_nonvector_126	advec_mom_kernel1_y_nonvector
7333	0.000449123	590131240	ops_par_loop_advec_mom_kernel2_y_127	advec_mom_kernel2_y
7334	0.000488918	472842752	ops_par_loop_advec_mom_kernel_y2_128	advec_mom_kernel_y2
7335	0.000191694	236236864	ops_par_loop_advec_mom_kernel_mass_flux_y_129	advec_mom_kernel_mass_flux_y
7336	0.000534535	590438520	ops_par_loop_advec_mom_kernel_post_pre_advec_y_130	advec_mom_kernel_post_pre_advec_y
7337	0.000871835	472258640	ops_par_loop_advec_mom_kernel1_y_nonvector_131	advec_mom_kernel1_y_nonvector
7338	0.000433373	471859200	ops_par_loop_reset_field_kernel1_133	reset_field_kernel1
7339	0.001438982	1534095432	ops_par_loop_group_88	advec_mom_kernel2_y+reset_field_kernel2+ideal_gas_kernel
7340	0.000021210	430304	ops_par_loop_update_halo_kernel1_b1_136	update_halo_kernel1_b1
7341	0.000019677	430304	ops_par_loop_update_halo_kernel1_t1_137	update_halo_kernel1_t1
7342	0.000023825	430304	ops_par_loop_update_halo_kernel1_l1_138	update_halo_kernel1_l1
7343	0.000023445	430304	ops_par_loop_update_halo_kernel1_r1_139	update_halo_kernel1_r1
7344	0.000018675	245952	ops_par_loop_group_93	update_halo_kernel2_xvel_plus_2_a+update_halo_kernel2_yvel_minus_2_a
7345	0.000018766	245952	ops_par_loop_group_94	update_halo_kernel2_xvel_plus_2_b+update_halo_kernel2_yvel_minus_2_b
7346	0.000020529	245952	ops_par_loop_group_95	update_halo_kernel2_xvel_minus_2_a+update_halo_kernel2_yvel_plus_2_a
7347	0.000024326	245952	ops_par_loop_group_96	update_halo_kernel2_xvel_minus_2_b+update_halo_kernel2_yvel_plus_2_b
7348	0.001730487	589885440	ops_par_loop_viscosity_kernel_148	viscosity_kernel
7349	0.000021450	430304	ops_par_loop_update_halo_kernel1_b1_149	update_halo_kernel1_b1
7350	0.000019827	430304	ops_par_loop_update_halo_kernel1_t1_150	update_halo_kernel1_t1
7351	0.000022964	430304	ops_par_loop_update_halo_kernel1_l1_151	update_halo_kernel1_l1
7352	0.000022993	430304	ops_par_loop_update_halo_kernel1_r1_152	update_halo_kernel1_r1
7353	0.000915679	1061744640	ops_par_loop_calc_dt_kernel_153	calc_dt_kernel
7354	0.001484739	1887436800	ops_par_loop_group_0	PdV_kernel_predict+ideal_gas_kernel
7355	0.000021461	430304	ops_par_loop_update_halo_kernel1_b1_2	update_halo_kernel1_b1
7356	0.000020699	430304	ops_par_loop_update_halo_kernel1_t1_3	update_halo_kernel1_t1
7357	0.000023665	430304	ops_par_loop_update_halo_kernel1_l1_4	update_halo_kernel1_l1
7358	0.000022954	430304	ops_par_loop_update_halo_kernel1_r1_5	update_halo_kernel1_r1
7359	0.001096692	1298288728	ops_par_loop_accelerate_kernel_7	accelerate_kernel
7360	0.001357547	2123366400	ops_par_loop_group_6	revert_kernel+PdV_kernel_nopredict
7361	0.000358450	471982080	ops_par_loop_flux_calc_kernelx_9	flux_calc_kernelx
7362	0.000358390	471982080	ops_par_loop_flux_calc_kernely_10	flux_calc_kernely
7363	0.000021581	553536	ops_par_loop_group_9	update_halo_kernel1_b2+update_halo_kernel4_minus_4_a
7364	0.000020449	553536	ops_par_loop_group_10	update_halo_kernel1_b1+update_halo_kernel4_minus_2_a
7365	0.000021401	369120	ops_par_loop_group_11	update_halo_kernel3_plus_4_a+update_halo_kernel2_xvel_plus_4_a+update_halo_kernel2_yvel_minus_4_a
7366	0.000020790	369120	ops_par_loop_group_12	update_halo_kernel3_plus_2_a+update_halo_kernel2_xvel_plus_2_a+update_halo_kernel2_yvel_minus_2_a
7367	0.000019137	123008	ops_par_loop_update_halo_kernel4_minus_4_b_29	update_halo_kernel4_minus_4_b
7368	0.000020048	553536	ops_par_loop_group_14	update_halo_kernel1_t2+update_halo_kernel4_minus_2_b
7369	0.000019778	430528	ops_par_loop_update_halo_kernel1_t1_14	update_halo_kernel1_t1
7370	0.000019528	246080	ops_par_loop_group_16	update_halo_kernel2_xvel_plus_4_b+update_halo_kernel2_yvel_minus_4_b
7371	0.000020980	369120	ops_par_loop_group_17	update_halo_kernel3_plus_4_b+update_halo_kernel2_xvel_plus_2_b+update_halo_kernel2_yvel_minus_2_b
7372	0.000018435	123040	ops_par_loop_update_halo_kernel3_plus_2_b_22	update_halo_kernel3_plus_2_b
7373	0.000025659	553536	ops_par_loop_group_19	update_halo_kernel1_l2+update_halo_kernel3_minus_4_a
7374	0.000023124	553536	ops_par_loop_group_20	update_halo_kernel1_l1+update_halo_kernel3_minus_2_a
7375	0.000019406	123008	ops_par_loop_update_halo_kernel3_minus_4_b_25	update_halo_kernel3_minus_4_b
7376	0.000024166	553536	ops_par_loop_group_22	update_halo_kernel1_r2+update_halo_kernel3_minus_2_b
7377	0.000020820	430528	ops_par_loop_update_halo_kernel1_r1_18	update_halo_kernel1_r1
7378	0.000022783	369120	ops_par_loop_group_24	update_halo_kernel4_plus_4_a+update_halo_kernel2_xvel_minus_4_a+update_halo_kernel2_yvel_plus_4_a
7379	0.000020829	369120	ops_par_loop_group_25	update_halo_kernel4_plus_2_a+update_halo_kernel2_xvel_minus_2_a+update_halo_kernel2_yvel_plus_2_a
7380	0.000019958	246080	ops_par_loop_group_26	update_halo_kernel2_xvel_minus_4_b+update_halo_kernel2_yvel_plus_4_b
7381	0.000021762	369120	ops_par_loop_group_27	update_halo_kernel4_plus_4_b+update_halo_kernel2_xvel_minus_2_b+update_halo_kernel2_yvel_plus_2_b
7382	0.000018205	123040	ops_par_loop_update_halo_kernel4_plus_2_b_34	update_halo_kernel4_plus_2_b
7383	0.000564031	591053440	ops_par_loop_advec_cell_kernel1_ydir_35	advec_cell_kernel1_ydir
7384	0.000786564	708203544	ops_par_loop_advec_cell_kernel3_ydir_36	advec_cell_kernel3_ydir
7385	0.001470272	1533542400	ops_par_loop_advec_cell_kernel4_ydir_37	advec_cell_kernel4_ydir
7386	0.000021701	553536	ops_par_loop_group_32	update_halo_kernel1_b2+update_halo_kernel4_minus_4_a
7387	0.000020990	553536	ops_par_loop_group_33	update_halo_kernel1_b1+update_halo_kernel4_minus_2_a
7388	0.000018605	123008	ops_par_loop_update_halo_kernel4_minus_4_b_64	update_halo_kernel4_minus_4_b
7389	0.000020549	553536	ops_par_loop_group_35	update_halo_kernel1_t2+update_halo_kernel4_minus_2_b
7390	0.000020689	430528	ops_par_loop_update_halo_kernel1_t1_41	update_halo_kernel1_t1
7391	0.000155265	430528	ops_par_loop_update_halo_kernel1_l2_42	update_halo_kernel1_l2
7392	0.000021400	430528	ops_par_loop_update_halo_kernel1_l1_43	update_halo_kernel1_l1
7393	0.000022452	430528	ops_par_loop_update_halo_kernel1_r2_44	update_halo_kernel1_r2
7394	0.000020509	430528	ops_par_loop_update_halo_kernel1_r1_45	update_halo_kernel1_r1
7395	0.000019387	123040	ops_par_loop_update_halo_kernel4_plus_4_a_66	update_halo_kernel4_plus_4_a
7396	0.000018024	123040	ops_par_loop_update_halo_kernel4_plus_2_a_67	update_halo_kernel4_plus_2_a
7397	0.000018566	123040	ops_par_loop_update_halo_kernel4_plus_4_b_68	update_halo_kernel4_plus_4_b
7398	0.000018005	123040	ops_par_loop_update_halo_kernel4_plus_2_b_69	update_halo_kernel4_plus_2_b
7399	0.000560485	591053440	ops_par_loop_advec_mom_kernel_y1_70	advec_mom_kernel_y1
7400	0.000191244	236236864	ops_par_loop_advec_mom_kernel_mass_flux_y_71	advec_mom_kernel_mass_flux_y
7401	0.000529345	590438520	ops_par_loop_advec_mom_kernel_post_pre_advec_y_72	advec_mom_kernel_post_pre_advec_y
7402	0.000876845	472258640	ops_par_loop_advec_mom_kernel1_y_nonvector_73	advec_mom_kernel1_y_nonvector
7403	0.000449904	590131240	ops_par_loop_advec_mom_kernel2_y_74	advec_mom_kernel2_y
7404	0.000561827	591053440	ops_par_loop_advec_mom_kernel_y1_75	advec_mom_kernel_y1
7405	0.000190762	236236864	ops_par_loop_advec_mom_kernel_mass_flux_y_76	advec_mom_kernel_mass_flux_y
7406	0.000532461	590438520	ops_par_loop_advec_mom_kernel_post_pre_advec_y_77	advec_mom_kernel_post_pre_advec_y
7407	0.000872237	472258640	ops_par_loop_advec_mom_kernel1_y_nonvector_78	advec_mom_kernel1_y_nonvector
7408	0.000449523	590131240	ops_par_loop_advec_mom_kernel2_y_79	advec_mom_kernel2_y
7409	0.000489499	472842752	ops_par_loop_advec_cell_kernel2_xdir_80	advec_cell_kernel2_xdir
7410	0.000772367	708203544	ops_par_loop_advec_cell_kernel3_xdir_81	advec_cell_kernel3_xdir
7411	0.001458340	1533542400	ops_par_loop_advec_cell_kernel4_xdir_82	advec_cell_kernel4_xdir
7412	0.000022092	553536	ops_par_loop_group_58	update_halo_kernel1_b2+update_halo_kernel4_minus_4_a
7413	0.000021210	553536	ops_par_loop_group_59	update_halo_kernel1_b1+update_halo_kernel4_minus_2_a
7414	0.000020909	369120	ops_par_loop_group_60	update_halo_kernel2_xvel_plus_4_a+update_halo_kernel2_yvel_minus_4_a+update_halo_kernel3_plus_4_a
7415	0.000020859	369120	ops_par_loop_group_61	update_halo_kernel2_xvel_plus_2_a+update_halo_kernel2_yvel_minus_2_a+update_halo_kernel3_plus_2_a
7416	0.000020098	246080	ops_par_loop_group_62	update_halo_kernel2_xvel_plus_4_b+update_halo_kernel2_yvel_minus_4_b
7417	0.000020749	369120	ops_par_loop_group_63	update_halo_kernel2_xvel_plus_2_b+update_halo_kernel2_yvel_minus_2_b+update_halo_kernel3_plus_4_b
7418	0.000021551	246080	ops_par_loop_group_64	update_halo_kernel2_xvel_minus_4_b+update_halo_kernel2_yvel_plus_4_b
7419	0.000019046	123040	ops_par_loop_update_halo_kernel3_plus_2_b_110	update_halo_kernel3_plus_2_b
7420	0.000018756	123008	ops_par_loop_update_halo_kernel3_minus_4_b_113	update_halo_kernel3_minus_4_b
7421	0.000017633	123008	ops_par_loop_update_halo_kernel4_minus_4_b_117	update_halo_kernel4_minus_4_b
7422	0.000021411	553536	ops_par_loop_group_68	update_halo_kernel1_t2+update_halo_kernel4_minus_2_b
7423	0.000020610	430528	ops_par_loop_update_halo_kernel1_t1_86	update_halo_kernel1_t1
7424	0.000026110	553536	ops_par_loop_group_70	update_halo_kernel1_l2+update_halo_kernel3_minus_4_a
7425	0.000022683	553536	ops_par_loop_group_71	update_halo_kernel1_l1+update_halo_kernel3_minus_2_a
7426	0.000024356	553536	ops_par_loop_group_72	update_halo_kernel1_r2+update_halo_kernel3_minus_2_b
7427	0.000021040	430528	ops_par_loop_update_halo_kernel1_r1_90	update_halo_kernel1_r1
7428	0.000023494	369120	ops_par_loop_group_74	update_halo_kernel2_xvel_minus_4_a+update_halo_kernel2_yvel_plus_4_a+update_halo_kernel4_plus_4_a
7429	0.000021310	369120	ops_par_loop_group_75	update_halo_kernel2_xvel_minus_2_a+update_halo_kernel2_yvel_plus_2_a+update_halo_kernel4_plus_2_a
7430	0.000021862	369120	ops_par_loop_group_76	update_halo_kernel2_xvel_minus_2_b+update_halo_kernel2_yvel_plus_2_b+update_halo_kernel4_plus_4_b
7431	0.000018074	123040	ops_par_loop_update_halo_kernel4_plus_2_b_122	update_halo_kernel4_plus_2_b
7432	0.000497825	472842752	ops_par_loop_advec_mom_kernel_x2_123	advec_mom_kernel_x2
7433	0.000195751	236236864	ops_par_loop_advec_mom_kernel_mass_flux_x_124	advec_mom_kernel_mass_flux_x
7434	0.000573899	590438520	ops_par_loop_advec_mom_kernel_post_pre_advec_x_125	advec_mom_kernel_post_pre_advec_x
7435	0.000884470	472258640	ops_par_loop_advec_mom_kernel1_x_nonvector_126	advec_mom_kernel1_x_nonvector
7436	0.000451408	590131240	ops_par_loop_advec_mom_kernel2_x_127	advec_mom_kernel2_x
7437	0.000497475	472842752	ops_par_loop_advec_mom_kernel_x2_128	advec_mom_kernel_x2
7438	0.000194710	236236864	ops_par_loop_advec_mom_kernel_mass_flux_x_129	advec_mom_kernel_mass_flux_x
7439	0.000573810	590438520	ops_par_loop_advec_mom_kernel_post_pre_advec_x_130	advec_mom_kernel_post_pre_advec_x
7440	0.000882396	472258640	ops_par_loop_advec_mom_kernel1_x_nonvector_131	advec_mom_kernel1_x_nonvector
7441	0.000432732	471859200	ops_par_loop_reset_field_kernel1_133	reset_field_kernel1
7442	0.001434324	1534095432	ops_par_loop_group_88	advec_mom_kernel2_x+reset_field_kernel2+ideal_gas_kernel
7443	0.000021501	430304	ops_par_loop_update_halo_kernel1_b1_136	update_halo_kernel1_b1
7444	0.000019447	430304	ops_par_loop_update_halo_kernel1_t1_137	update_halo_kernel1_t1
7445	0.000023565	430304	ops_par_loop_update_halo_kernel1_l1_138	update_halo_kernel1_l1
7446	0.000023755	430304	ops_par_loop_update_halo_kernel1_r1_139	update_halo_kernel1_r1
7447	0.000019016	245952	ops_par_loop_group_93	update_halo_kernel2_xvel_plus_2_a+update_halo_kernel2_yvel_minus_2_a
7448	0.000018746	245952	ops_par_loop_group_94	update_halo_kernel2_xvel_plus_2_b+update_halo_kernel2_yvel_minus_2_b
7449	0.000021280	245952	ops_par_loop_group_95	update_halo_kernel2_xvel_minus_2_a+update_halo_kernel2_yvel_plus_2_a
7450	0.000021290	245952	ops_par_loop_group_96	update_halo_kernel2_xvel_minus_2_b+update_halo_kernel2_yvel_plus_2_b
7451	0.001730336	589885440	ops_par_loop_viscosity_kernel_148	viscosity_kernel
7452	0.000022122	430304	ops_par_loop_update_halo_kernel1_b1_149	update_halo_kernel1_b1
7453	0.000019547	430304	ops_par_loop_update_halo_kernel1_t1_150	update_halo_kernel1_t1
7454	0.000023806	430304	ops_par_loop_update_halo_kernel1_l1_151	update_halo_kernel1_l1
7455	0.000022934	430304	ops_par_loop_update_halo_kernel1_r1_152	update_halo_kernel1_r1
7456	0.000915910	1061744640	ops_par_loop_calc_dt_kernel_153	calc_dt_kernel
7457	0.001484149	1887436800	ops_par_loop_group_0	PdV_kernel_predict+ideal_gas_kernel
7458	0.000022553	430304	ops_par_loop_update_halo_kernel1_b1_2	update_halo_kernel1_b1
7459	0.000019988	430304	ops_par_loop_update_halo_kernel1_t1_3	update_halo_kernel1_t1
7460	0.000023304	430304	ops_par_loop_update_halo_kernel1_l1_4	update_halo_kernel1_l1
7461	0.000023254	430304	ops_par_loop_update_halo_kernel1_r1_5	update_halo_kernel1_r1
7462	0.001096482	1298288728	ops_par_loop_accelerate_kernel_7	accelerate_kernel
7463	0.001352799	2123366400	ops_par_loop_group_6	revert_kernel+PdV_kernel_nopredict
7464	0.000359202	471982080	ops_par_loop_flux_calc_kernelx_9	flux_calc_kernelx
7465	0.000355785	471982080	ops_par_loop_flux_calc_kernely_10	flux_calc_kernely
7466	0.000021701	553536	ops_par_loop_group_9	update_halo_kernel1_b2+update_halo_kernel4_minus_4_a
7467	0.000020228	553536	ops_par_loop_group_10	update_halo_kernel1_b1+update_halo_kernel4_minus_2_a
7468	0.000023284	369120	ops_par_loop_group_11	update_halo_kernel3_plus_4_a+update_halo_kernel2_xvel_plus_4_a+update_halo_kernel2_yvel_minus_4_a
7469	0.000019998	369120	ops_par_loop_group_12	update_halo_kernel3_plus_2_a+update_halo_kernel2_xvel_plus_2_a+update_halo_kernel2_yvel_minus_2_a
7470	0.000018044	123008	ops_par_loop_update_halo_kernel4_minus_4_b_29	update_halo_kernel4_minus_4_b
7471	0.000021050	553536	ops_par_loop_group_14	update_halo_kernel1_t2+update_halo_kernel4_minus_2_b
7472	0.000020268	430528	ops_par_loop_update_halo_kernel1_t1_14	update_halo_kernel1_t1
7473	0.000019337	246080	ops_par_loop_group_16	update_halo_kernel2_xvel_plus_4_b+update_halo_kernel2_yvel_minus_4_b
7474	0.000019878	369120	ops_par_loop_group_17	update_halo_kernel3_plus_4_b+update_halo_kernel2_xvel_plus_2_b+update_halo_kernel2_yvel_minus_2_b
7475	0.000018304	123040	ops_par_loop_update_halo_kernel3_plus_2_b_22	update_halo_kernel3_plus_2_b
7476	0.000024657	553536	ops_par_loop_group_19	update_halo_kernel1_l2+update_halo_kernel3_minus_4_a
7477	0.000022833	553536	ops_par_loop_group_20	update_halo_kernel1_l1+update_halo_kernel3_minus_2_a
7478	0.000019036	123008	ops_par_loop_update_halo_kernel3_minus_4_b_25	update_halo_kernel3_minus_4_b
7479	0.000023795	553536	ops_par_loop_group_22	update_halo_kernel1_r2+update_halo_kernel3_minus_2_b
7480	0.000020559	430528	ops_par_loop_update_halo_kernel1_r1_18	update_halo_kernel1_r1
7481	0.000022282	369120	ops_par_loop_group_24	update_halo_kernel4_plus_4_a+update_halo_kernel2_xvel_minus_4_a+update_halo_kernel2_yvel_plus_4_a
7482	0.000021320	369120	ops_par_loop_group_25	update_halo_kernel4_plus_2_a+update_halo_kernel2_xvel_minus_2_a+update_halo_kernel2_yvel_plus_2_a
7483	0.000020269	246080	ops_par_loop_group_26	update_halo_kernel2_xvel_minus_4_b+update_halo_kernel2_yvel_plus_4_b
7484	0.000022804	369120	ops_par_loop_group_27	update_halo_kernel4_plus_4_b+update_halo_kernel2_xvel_minus_2_b+update_halo_kernel2_yvel_plus_2_b
7485	0.000017834	123040	ops_par_loop_update_halo_kernel4_plus_2_b_34	update_halo_kernel4_plus_2_b
7486	0.000565043	591053440	ops_par_loop_advec_cell_kernel1_xdir_35	advec_cell_kernel1_xdir
7487	0.000771234	708203544	ops_par_loop_advec_cell_kernel3_xdir_36	advec_cell_kernel3_xdir
7488	0.001459682	1533542400	ops_par_loop_advec_cell_kernel4_xdir_37	advec_cell_kernel4_xdir
7489	0.000021100	430528	ops_par_loop_update_halo_kernel1_b2_38	update_halo_kernel1_b2
7490	0.000019988	430528	ops_par_loop_update_halo_kernel1_b1_39	update_halo_kernel1_b1
7491	0.000019607	430528	ops_par_loop_update_halo_kernel1_t2_40	update_halo_kernel1_t2
7492	0.000019457	430528	ops_par_loop_update_halo_kernel1_t1_41	update_halo_kernel1_t1
7493	0.000018254	123040	ops_par_loop_update_halo_kernel3_plus_4_a_62	update_halo_kernel3_plus_4_a
7494	0.000018004	123040	ops_par_loop_update_halo_kernel3_plus_2_a_63	update_halo_kernel3_plus_2_a
7495	0.000018074	123040	ops_par_loop_update_halo_kernel3_plus_4_b_64	update_halo_kernel3_plus_4_b
7496	0.000018465	123040	ops_par_loop_update_halo_kernel3_plus_2_b_65	update_halo_kernel3_plus_2_b
7497	0.000026240	553536	ops_par_loop_group_40	update_halo_kernel1_l2+update_halo_kernel3_minus_4_a
7498	0.000022803	553536	ops_par_loop_group_41	update_halo_kernel1_l1+update_halo_kernel3_minus_2_a
7499	0.000018265	123008	ops_par_loop_update_halo_kernel3_minus_4_b_68	update_halo_kernel3_minus_4_b
7500	0.000024406	553536	ops_par_loop_group_43	update_halo_kernel1_r2+update_halo_kernel3_minus_2_b
7501	0.000020489	430528	ops_par_loop_update_halo_kernel1_r1_45	update_halo_kernel1_r1
7502	0.000562297	591053440	ops_par_loop_advec_mom_kernel_x1_70	advec_mom_kernel_x1
7503	0.000194198	236236864	ops_par_loop_advec_mom_kernel_mass_flux_x_71	advec_mom_kernel_mass_flux_x
7504	0.000573559	590438520	ops_par_loop_advec_mom_kernel_post_pre_advec_x_72	advec_mom_kernel_post_pre_advec_x
7505	0.000880362	472258640	ops_par_loop_advec_mom_kernel1_x_nonvector_73	advec_mom_kernel1_x_nonvector
7506	0.000449944	590131240	ops_par_loop_advec_mom_kernel2_x_74	advec_mom_kernel2_x
7507	0.000561476	591053440	ops_par_loop_advec_mom_kernel_x1_75	advec_mom_kernel_x1
7508	0.000193527	236236864	ops_par_loop_advec_mom_kernel_mass_flux_x_76	advec_mom_kernel_mass_flux_x
7509	0.000572477	590438520	ops_par_loop_advec_mom_kernel_post_pre_advec_x_77	advec_mom_kernel_post_pre_advec_x
7510	0.000883218	472258640	ops_par_loop_advec_mom_kernel1_x_nonvector_78	advec_mom_kernel1_x_nonvector
7511	0.000451698	590131240	ops_par_loop_advec_mom_kernel2_x_79	advec_mom_kernel2_x
7512	0.000496643	472842752	ops_par_loop_advec_cell_kernel2_ydir_80	advec_cell_kernel2_ydir
7513	0.000787175	708203544	ops_par_loop_advec_cell_kernel3_ydir_81	advec_cell_kernel3_ydir
7514	0.001475162	1533542400	ops_par_loop_advec_cell_kernel4_ydir_82	advec_cell_kernel4_ydir
7515	0.000022022	553536	ops_par_loop_group_58	update_halo_kernel1_b2+update_halo_kernel4_minus_4_a
7516	0.000021080	553536	ops_par_loop_group_59	update_halo_kernel1_b1+update_halo_kernel4_minus_2_a
7517	0.000020650	369120	ops_par_loop_group_60	update_halo_kernel2_xvel_plus_4_a+update_halo_kernel2_yvel_minus_4_a+update_halo_kernel3_plus_4_a
7518	0.000020669	369120	ops_par_loop_group_61	update_halo_kernel2_xvel_plus_2_a+update_halo_kernel2_yvel_minus_2_a+update_halo_kernel3_plus_2_a
7519	0.000018705	246080	ops_par_loop_group_62	update_halo_kernel2_xvel_plus_4_b+update_halo_kernel2_yvel_minus_4_b
7520	0.000020449	369120	ops_par_loop_group_63	update_halo_kernel2_xvel_plus_2_b+update_halo_kernel2_yvel_minus_2_b+update_halo_kernel3_plus_4_b
7521	0.000026270	246080	ops_par_loop_group_64	update_halo_kernel2_xvel_minus_4_b+update_halo_kernel2_yvel_plus_4_b
7522	0.000019096	123040	ops_par_loop_update_halo_kernel3_plus_2_b_110	update_halo_kernel3_plus_2_b
7523	0.000019056	123008	ops_par_loop_update_halo_kernel3_minus_4_b_113	update_halo_kernel3_minus_4_b
7524	0.000017503	123008	ops_par_loop_update_halo_kernel4_minus_4_b_117	update_halo_kernel4_minus_4_b
7525	0.000020338	553536	ops_par_loop_group_68	update_halo_kernel1_t2+update_halo_kernel4_minus_2_b
7526	0.000020309	430528	ops_par_loop_update_halo_kernel1_t1_86	update_halo_kernel1_t1
7527	0.000025899	553536	ops_par_loop_group_70	update_halo_kernel1_l2+update_halo_kernel3_minus_4_a
7528	0.000022333	553536	ops_par_loop_group_71	update_halo_kernel1_l1+update_halo_kernel3_minus_2_a
7529	0.000023865	553536	ops_par_loop_group_72	update_halo_kernel1_r2+update_halo_kernel3_minus_2_b
7530	0.000020799	430528	ops_par_loop_update_halo_kernel1_r1_90	update_halo_kernel1_r1
7531	0.000022904	369120	ops_par_loop_group_74	update_halo_kernel2_xvel_minus_4_a+update_halo_kernel2_yvel_plus_4_a+update_halo_kernel4_plus_4_a
7532	0.000020829	369120	ops_par_loop_group_75	update_halo_kernel2_xvel_minus_2_a+update_halo_kernel2_yvel_plus_2_a+update_halo_kernel4_plus_2_a
7533	0.000021611	369120	ops_par_loop_group_76	update_halo_kernel2_xvel_minus_2_b+update_halo_kernel2_yvel_plus_2_b+update_halo_kernel4_plus_4_b
7534	0.000018435	123040	ops_par_loop_update_halo_kernel4_plus_2_b_122	update_halo_kernel4_plus_2_b
7535	0.000490161	472842752	ops_par_loop_advec_mom_kernel_y2_123	advec_mom_kernel_y2
7536	0.000191454	236236864	ops_par_loop_advec_mom_kernel_mass_flux_y_124	advec_mom_kernel_mass_flux_y
7537	0.000529927	590438520	ops_par_loop_advec_mom_kernel_post_pre_advec_y_125	advec_mom_kernel_post_pre_advec_y
7538	0.000876795	472258640	ops_par_loop_advec_mom_kernel1_y_nonvector_126	advec_mom_kernel1_y_nonvector
7539	0.000445697	590131240	ops_par_loop_advec_mom_kernel2_y_127	advec_mom_kernel2_y
7540	0.000489660	472842752	ops_par_loop_advec_mom_kernel_y2_128	advec_mom_kernel_y2
7541	0.000192005	236236864	ops_par_loop_advec_mom_kernel_mass_flux_y_129	advec_mom_kernel_mass_flux_y
7542	0.000529987	590438520	ops_par_loop_advec_mom_kernel_post_pre_advec_y_130	advec_mom_kernel_post_pre_advec_y
7543	0.000873018	472258640	ops_par_loop_advec_mom_kernel1_y_nonvector_131	advec_mom_kernel1_y_nonvector
7544	0.000434826	471859200	ops_par_loop_reset_field_kernel1_133	reset_field_kernel1
7545	0.001441106	1534095432	ops_par_loop_group_88	advec_mom_kernel2_y+reset_field_kernel2+ideal_gas_kernel
7546	0.000021751	430304	ops_par_loop_update_halo_kernel1_b1_136	update_halo_kernel1_b1
7547	0.000025118	430304	ops_par_loop_update_halo_kernel1_t1_137	update_halo_kernel1_t1
7548	0.000023986	430304	ops_par_loop_update_halo_kernel1_l1_138	update_halo_kernel1_l1
7549	0.000024156	430304	ops_par_loop_update_halo_kernel1_r1_139	update_halo_kernel1_r1
7550	0.000018335	245952	ops_par_loop_group_93	update_halo_kernel2_xvel_plus_2_a+update_halo_kernel2_yvel_minus_2_a
7551	0.000018906	245952	ops_par_loop_group_94	update_halo_kernel2_xvel_plus_2_b+update_halo_kernel2_yvel_minus_2_b
7552	0.000020198	245952	ops_par_loop_group_95	update_halo_kernel2_xvel_minus_2_a+update_halo_kernel2_yvel_plus_2_a
7553	0.000021752	245952	ops_par_loop_group_96	update_halo_kernel2_xvel_minus_2_b+update_halo_kernel2_yvel_plus_2_b
7554	0.001729144	589885440	ops_par_loop_viscosity_kernel_148	viscosity_kernel
7555	0.000020830	430304	ops_par_loop_update_halo_kernel1_b1_149	update_halo_kernel1_b1
7556	0.000018926	430304	ops_par_loop_update_halo_kernel1_t1_150	update_halo_kernel1_t1
7557	0.000023355	430304	ops_par_loop_update_halo_kernel1_l1_151	update_halo_kernel1_l1
7558	0.000023755	430304	ops_par_loop_update_halo_kernel1_r1_152	update_halo_kernel1_r1
7559	0.000916160	1061744640	ops_par_loop_calc_dt_kernel_153	calc_dt_kernel
7560	0.001486022	1887436800	ops_par_loop_group_0	PdV_kernel_predict+ideal_gas_kernel
7561	0.000021912	430304	ops_par_loop_update_halo_kernel1_b1_2	update_halo_kernel1_b1
7562	0.000020649	430304	ops_par_loop_update_halo_kernel1_t1_3	update_halo_kernel1_t1
7563	0.000025559	430304	ops_par_loop_update_halo_kernel1_l1_4	update_halo_kernel1_l1
7564	0.000024827	430304	ops_par_loop_update_halo_kernel1_r1_5	update_halo_kernel1_r1
7565	0.001098526	1298288728	ops_par_loop_accelerate_kernel_7	accelerate_kernel
7566	0.001355614	2123366400	ops_par_loop_group_6	revert_kernel+PdV_kernel_nopredict
7567	0.000359062	471982080	ops_par_loop_flux_calc_kernelx_9	flux_calc_kernelx
7568	0.000357750	471982080	ops_par_loop_flux_calc_kernely_10	flux_calc_kernely
7569	0.000022032	553536	ops_par_loop_group_9	update_halo_kernel1_b2+update_halo_kernel4_minus_4_a
7570	0.000021150	553536	ops_par_loop_group_10	update_halo_kernel1_b1+update_halo_kernel4_minus_2_a
7571	0.000021190	369120	ops_par_loop_group_11	update_halo_kernel3_plus_4_a+update_halo_kernel2_xvel_plus_4_a+update_halo_kernel2_yvel_minus_4_a
7572	0.000020289	369120	ops_par_loop_group_12	update_halo_kernel3_plus_2_a+update_halo_kernel2_xvel_plus_2_a+update_halo_kernel2_yvel_minus_2_a
7573	0.000018535	123008	ops_par_loop_update_halo_kernel4_minus_4_b_29	update_halo_kernel4_minus_4_b
7574	0.000020369	553536	ops_par_loop_group_14	update_halo_kernel1_t2+update_halo_kernel4_minus_2_b
7575	0.000020068	430528	ops_par_loop_update_halo_kernel1_t1_14	update_halo_kernel1_t1
7576	0.000019768	246080	ops_par_loop_group_16	update_halo_kernel2_xvel_plus_4_b+update_halo_kernel2_yvel_minus_4_b
7577	0.000019487	369120	ops_par_loop_group_17	update_halo_kernel3_plus_4_b+update_halo_kernel2_xvel_plus_2_b+update_halo_kernel2_yvel_minus_2_b
7578	0.000019016	123040	ops_par_loop_update_halo_kernel3_plus_2_b_22	update_halo_kernel3_plus_2_b
7579	0.000026550	553536	ops_par_loop_group_19	update_halo_kernel1_l2+update_halo_kernel3_minus_4_a
7580	0.000023845	553536	ops_par_loop_group_20	update_halo_kernel1_l1+update_halo_kernel3_minus_2_a
7581	0.000018856	123008	ops_par_loop_update_halo_kernel3_minus_4_b_25	update_halo_kernel3_minus_4_b
7582	0.000024045	553536	ops_par_loop_group_22	update_halo_kernel1_r2+update_halo_kernel3_minus_2_b
7583	0.000022293	430528	ops_par_loop_update_halo_kernel1_r1_18	update_halo_kernel1_r1
7584	0.000023395	369120	ops_par_loop_group_24	update_halo_kernel4_plus_4_a+update_halo_kernel2_xvel_minus_4_a+update_halo_kernel2_yvel_plus_4_a
7585	0.000021441	369120	ops_par_loop_group_25	update_halo_kernel4_plus_2_a+update_halo_kernel2_xvel_minus_2_a+update_halo_kernel2_yvel_plus_2_a
7586	0.000020479	246080	ops_par_loop_group_26	update_halo_kernel2_xvel_minus_4_b+update_halo_kernel2_yvel_plus_4_b
7587	0.000021992	369120	ops_par_loop_group_27	update_halo_kernel4_plus_4_b+update_halo_kernel2_xvel_minus_2_b+update_halo_kernel2_yvel_plus_2_b
7588	0.000018856	123040	ops_par_loop_update_halo_kernel4_plus_2_b_34	update_halo_kernel4_plus_2_b
7589	0.000561406	591053440	ops_par_loop_advec_cell_kernel1_ydir_35	advec_cell_kernel1_ydir
7590	0.000786734	708203544	ops_par_loop_advec_cell_kernel3_ydir_36	advec_cell_kernel3_ydir
7591	0.001473328	1533542400	ops_par_loop_advec_cell_kernel4_ydir_37	advec_cell_kernel4_ydir
7592	0.000022523	553536	ops_par_loop_group_32	update_halo_kernel1_b2+update_halo_kernel4_minus_4_a
7593	0.000021361	553536	ops_par_loop_group_33	update_halo_kernel1_b1+update_halo_kernel4_minus_2_a
7594	0.000018776	123008	ops_par_loop_update_halo_kernel4_minus_4_b_64	update_halo_kernel4_minus_4_b
7595	0.000021070	553536	ops_par_loop_group_35	update_halo_kernel1_t2+update_halo_kernel4_minus_2_b
7596	0.000020178	430528	ops_par_loop_update_halo_kernel1_t1_41	update_halo_kernel1_t1
7597	0.000023745	430528	ops_par_loop_update_halo_kernel1_l2_42	update_halo_kernel1_l2
7598	0.000021410	430528	ops_par_loop_update_halo_kernel1_l1_43	update_halo_kernel1_l1
7599	0.000022744	430528	ops_par_loop_update_halo_kernel1_r2_44	update_halo_kernel1_r2
7600	0.000020549	430528	ops_par_loop_update_halo_kernel1_r1_45	update_halo_kernel1_r1
7601	0.000019738	123040	ops_par_loop_update_halo_kernel4_plus_4_a_66	update_halo_kernel4_plus_4_a
7602	0.000018274	123040	ops_par_loop_update_halo_kernel4_plus_2_a_67	update_halo_kernel4_plus_2_a
7603	0.000019027	123040	ops_par_loop_update_halo_kernel4_plus_4_b_68	update_halo_kernel4_plus_4_b
7604	0.000018555	123040	ops_par_loop_update_halo_kernel4_plus_2_b_69	update_halo_kernel4_plus_2_b
7605	0.000561646	591053440	ops_par_loop_advec_mom_kernel_y1_70	advec_mom_kernel_y1
7606	0.000191634	236236864	ops_par_loop_advec_mom_kernel_mass_flux_y_71	advec_mom_kernel_mass_flux_y
7607	0.000531469	590438520	ops_par_loop_advec_mom_kernel_post_pre_advec_y_72	advec_mom_kernel_post_pre_advec_y
7608	0.000877026	472258640	ops_par_loop_advec_mom_kernel1_y_nonvector_73	advec_mom_kernel1_y_nonvector
7609	0.000451287	590131240	ops_par_loop_advec_mom_kernel2_y_74	advec_mom_kernel2_y
7610	0.000563510	591053440	ops_par_loop_advec_mom_kernel_y1_75	advec_mom_kernel_y1
7611	0.000190883	236236864	ops_par_loop_advec_mom_kernel_mass_flux_y_76	advec_mom_kernel_mass_flux_y
7612	0.000533082	590438520	ops_par_loop_advec_mom_kernel_post_pre_advec_y_77	advec_mom_kernel_post_pre_advec_y
7613	0.000872016	472258640	ops_par_loop_advec_mom_kernel1_y_nonvector_78	advec_mom_kernel1_y_nonvector
7614	0.000447640	590131240	ops_par_loop_advec_mom_kernel2_y_79	advec_mom_kernel2_y
7615	0.000491744	472842752	ops_par_loop_advec_cell_kernel2_xdir_80	advec_cell_kernel2_xdir
7616	0.000772156	708203544	ops_par_loop_advec_cell_kernel3_xdir_81	advec_cell_kernel3_xdir
7617	0.001460103	1533542400	ops_par_loop_advec_cell_kernel4_xdir_82	advec_cell_kernel4_xdir
7618	0.000023465	553536	ops_par_loop_group_58	update_halo_kernel1_b2+update_halo_kernel4_minus_4_a
7619	0.000021511	553536	ops_par_loop_group_59	update_halo_kernel1_b1+update_halo_kernel4_minus_2_a
7620	0.000021762	369120	ops_par_loop_group_60	update_halo_kernel2_xvel_plus_4_a+update_halo_kernel2_yvel_minus_4_a+update_halo_kernel3_plus_4_a
7621	0.000020860	369120	ops_par_loop_group_61	update_halo_kernel2_xvel_plus_2_a+update_halo_kernel2_yvel_minus_2_a+update_halo_kernel3_plus_2_a
7622	0.000019958	246080	ops_par_loop_group_62	update_halo_kernel2_xvel_plus_4_b+update_halo_kernel2_yvel_minus_4_b
7623	0.000021221	369120	ops_par_loop_group_63	update_halo_kernel2_xvel_plus_2_b+update_halo_kernel2_yvel_minus_2_b+update_halo_kernel3_plus_4_b
7624	0.000021451	246080	ops_par_loop_group_64	update_halo_kernel2_xvel_minus_4_b+update_halo_kernel2_yvel_plus_4_b
7625	0.000019617	123040	ops_par_loop_update_halo_kernel3_plus_2_b_110	update_halo_kernel3_plus_2_b
7626	0.000019497	123008	ops_par_loop_update_halo_kernel3_minus_4_b_113	update_halo_kernel3_minus_4_b
7627	0.000018164	123008	ops_par_loop_update_halo_kernel4_minus_4_b_117	update_halo_kernel4_minus_4_b
7628	0.000021441	553536	ops_par_loop_group_68	update_halo_kernel1_t2+update_halo_kernel4_minus_2_b
7629	0.000020328	430528	ops_par_loop_update_halo_kernel1_t1_86	update_halo_kernel1_t1
7630	0.000026560	553536	ops_par_loop_group_70	update_halo_kernel1_l2+update_halo_kernel3_minus_4_a
7631	0.000023285	553536	ops_par_loop_group_71	update_halo_kernel1_l1+update_halo_kernel3_minus_2_a
7632	0.000024025	553536	ops_par_loop_group_72	update_halo_kernel1_r2+update_halo_kernel3_minus_2_b
7633	0.000021250	430528	ops_par_loop_update_halo_kernel1_r1_90	update_halo_kernel1_r1
7634	0.000023705	369120	ops_par_loop_group_74	update_halo_kernel2_xvel_minus_4_a+update_halo_kernel2_yvel_plus_4_a+update_halo_kernel4_plus_4_a
7635	0.000021681	369120	ops_par_loop_group_75	update_halo_kernel2_xvel_minus_2_a+update_halo_kernel2_yvel_plus_2_a+update_halo_kernel4_plus_2_a
7636	0.000022833	369120	ops_par_loop_group_76	update_halo_kernel2_xvel_minus_2_b+update_halo_kernel2_yvel_plus_2_b+update_halo_kernel4_plus_4_b
7637	0.000023775	123040	ops_par_loop_update_halo_kernel4_plus_2_b_122	update_halo_kernel4_plus_2_b
7638	0.000498116	472842752	ops_par_loop_advec_mom_kernel_x2_123	advec_mom_kernel_x2
7639	0.000194509	236236864	ops_par_loop_advec_mom_kernel_mass_flux_x_124	advec_mom_kernel_mass_flux_x
7640	0.000574251	590438520	ops_par_loop_advec_mom_kernel_post_pre_advec_x_125	advec_mom_kernel_post_pre_advec_x
7641	0.000882044	472258640	ops_par_loop_advec_mom_kernel1_x_nonvector_126	advec_mom_kernel1_x_nonvector
7642	0.000452710	590131240	ops_par_loop_advec_mom_kernel2_x_127	advec_mom_kernel2_x
7643	0.000497204	472842752	ops_par_loop_advec_mom_kernel_x2_128	advec_mom_kernel_x2
7644	0.000194560	236236864	ops_par_loop_advec_mom_kernel_mass_flux_x_129	advec_mom_kernel_mass_flux_x
7645	0.000572988	590438520	ops_par_loop_advec_mom_kernel_post_pre_advec_x_130	advec_mom_kernel_post_pre_advec_x
7646	0.000882606	472258640	ops_par_loop_advec_mom_kernel1_x_nonvector_131	advec_mom_kernel1_x_nonvector
7647	0.000434915	471859200	ops_par_loop_reset_field_kernel1_133	reset_field_kernel1
7648	0.001437770	1534095432	ops_par_loop_group_88	advec_mom_kernel2_x+reset_field_kernel2+ideal_gas_kernel
7649	0.000021781	430304	ops_par_loop_update_halo_kernel1_b1_136	update_halo_kernel1_b1
7650	0.000019938	430304	ops_par_loop_update_halo_kernel1_t1_137	update_halo_kernel1_t1
7651	0.000023935	430304	ops_par_loop_update_halo_kernel1_l1_138	update_halo_kernel1_l1
7652	0.000024086	430304	ops_par_loop_update_halo_kernel1_r1_139	update_halo_kernel1_r1
7653	0.000019356	245952	ops_par_loop_group_93	update_halo_kernel2_xvel_plus_2_a+update_halo_kernel2_yvel_minus_2_a
7654	0.000020028	245952	ops_par_loop_group_94	update_halo_kernel2_xvel_plus_2_b+update_halo_kernel2_yvel_minus_2_b
7655	0.000021190	245952	ops_par_loop_group_95	update_halo_kernel2_xvel_minus_2_a+update_halo_kernel2_yvel_plus_2_a
7656	0.000021601	245952	ops_par_loop_group_96	update_halo_kernel2_xvel_minus_2_b+update_halo_kernel2_yvel_plus_2_b
7657	0.001730166	589885440	ops_par_loop_viscosity_kernel_148	viscosity_kernel
7658	0.000021691	430304	ops_par_loop_update_halo_kernel1_b1_149	update_halo_kernel1_b1
7659	0.000020729	430304	ops_par_loop_update_halo_kernel1_t1_150	update_halo_kernel1_t1
7660	0.000023995	430304	ops_par_loop_update_halo_kernel1_l1_151	update_halo_kernel1_l1
7661	0.000022964	430304	ops_par_loop_update_halo_kernel1_r1_152	update_halo_kernel1_r1
7662	0.000915839	1061744640	ops_par_loop_calc_dt_kernel_153	calc_dt_kernel
7663	0.001490710	1887436800	ops_par_loop_group_0	PdV_kernel_predict+ideal_gas_kernel
7664	0.000023114	430304	ops_par_loop_update_halo_kernel1_b1_2	update_halo_kernel1_b1
7665	0.000020298	430304	ops_par_loop_update_halo_kernel1_t1_3	update_halo_kernel1_t1
7666	0.000029255	430304	ops_par_loop_update_halo_kernel1_l1_4	update_halo_kernel1_l1
7667	0.000024105	430304	ops_par_loop_update_halo_kernel1_r1_5	update_halo_kernel1_r1
7668	0.001097775	1298288728	ops_par_loop_accelerate_kernel_7	accelerate_kernel
7669	0.001355294	2123366400	ops_par_loop_group_6	revert_kernel+PdV_kernel_nopredict
7670	0.000359893	471982080	ops_par_loop_flux_calc_kernelx_9	flux_calc_kernelx
7671	0.000357499	471982080	ops_par_loop_flux_calc_kernely_10	flux_calc_kernely
7672	0.000022142	553536	ops_par_loop_group_9	update_halo_kernel1_b2+update_halo_kernel4_minus_4_a
7673	0.000020449	553536	ops_par_loop_group_10	update_halo_kernel1_b1+update_halo_kernel4_minus_2_a
7674	0.000020969	369120	ops_par_loop_group_11	update_halo_kernel3_plus_4_a+update_halo_kernel2_xvel_plus_4_a+update_halo_kernel2_yvel_minus_4_a
7675	0.000020198	369120	ops_par_loop_group_12	update_halo_kernel3_plus_2_a+update_halo_kernel2_xvel_plus_2_a+update_halo_kernel2_yvel_minus_2_a
7676	0.000018415	123008	ops_par_loop_update_halo_kernel4_minus_4_b_29	update_halo_kernel4_minus_4_b
7677	0.000021040	553536	ops_par_loop_group_14	update_halo_kernel1_t2+update_halo_kernel4_minus_2_b
7678	0.000019978	430528	ops_par_loop_update_halo_kernel1_t1_14	update_halo_kernel1_t1
7679	0.000019788	246080	ops_par_loop_group_16	update_halo_kernel2_xvel_plus_4_b+update_halo_kernel2_yvel_minus_4_b
7680	0.000020018	369120	ops_par_loop_group_17	update_halo_kernel3_plus_4_b+update_halo_kernel2_xvel_plus_2_b+update_halo_kernel2_yvel_minus_2_b
7681	0.000018325	123040	ops_par_loop_update_halo_kernel3_plus_2_b_22	update_halo_kernel3_plus_2_b
7682	0.000025768	553536	ops_par_loop_group_19	update_halo_kernel1_l2+update_halo_kernel3_minus_4_a
7683	0.000022603	553536	ops_par_loop_group_20	update_halo_kernel1_l1+update_halo_kernel3_minus_2_a
7684	0.000019507	123008	ops_par_loop_update_halo_kernel3_minus_4_b_25	update_halo_kernel3_minus_4_b
7685	0.000023916	553536	ops_par_loop_group_22	update_halo_kernel1_r2+update_halo_kernel3_minus_2_b
7686	0.000021451	430528	ops_par_loop_update_halo_kernel1_r1_18	update_halo_kernel1_r1
7687	0.000023815	369120	ops_par_loop_group_24	update_halo_kernel4_plus_4_a+update_halo_kernel2_xvel_minus_4_a+update_halo_kernel2_yvel_plus_4_a
7688	0.000022513	369120	ops_par_loop_group_25	update_halo_kernel4_plus_2_a+update_halo_kernel2_xvel_minus_2_a+update_halo_kernel2_yvel_plus_2_a
7689	0.000020339	246080	ops_par_loop_group_26	update_halo_kernel2_xvel_minus_4_b+update_halo_kernel2_yvel_plus_4_b
7690	0.000022482	369120	ops_par_loop_group_27	update_halo_kernel4_plus_4_b+update_halo_kernel2_xvel_minus_2_b+update_halo_kernel2_yvel_plus_2_b
7691	0.000018666	123040	ops_par_loop_update_halo_kernel4_plus_2_b_34	update_halo_kernel4_plus_2_b
7692	0.000564431	591053440	ops_par_loop_advec_cell_kernel1_xdir_35	advec_cell_kernel1_xdir
7693	0.000771875	708203544	ops_par_loop_advec_cell_kernel3_xdir_36	advec_cell_kernel3_xdir
7694	0.001464792	1533542400	ops_par_loop_advec_cell_kernel4_xdir_37	advec_cell_kernel4_xdir
7695	0.000021922	430528	ops_par_loop_update_halo_kernel1_b2_38	update_halo_kernel1_b2
7696	0.000020509	430528	ops_par_loop_update_halo_kernel1_b1_39	update_halo_kernel1_b1
7697	0.000020218	430528	ops_par_loop_update_halo_kernel1_t2_40	update_halo_kernel1_t2
7698	0.000019558	430528	ops_par_loop_update_halo_kernel1_t1_41	update_halo_kernel1_t1
7699	0.000019247	123040	ops_par_loop_update_halo_kernel3_plus_4_a_62	update_halo_kernel3_plus_4_a
7700	0.000017743	123040	ops_par_loop_update_halo_kernel3_plus_2_a_63	update_halo_kernel3_plus_2_a
7701	0.000017874	123040	ops_par_loop_update_halo_kernel3_plus_4_b_64	update_halo_kernel3_plus_4_b
7702	0.000018645	123040	ops_par_loop_update_halo_kernel3_plus_2_b_65	update_halo_kernel3_plus_2_b
7703	0.000026420	553536	ops_par_loop_group_40	update_halo_kernel1_l2+update_halo_kernel3_minus_4_a
7704	0.000022743	553536	ops_par_loop_group_41	update_halo_kernel1_l1+update_halo_kernel3_minus_2_a
7705	0.000018685	123008	ops_par_loop_update_halo_kernel3_minus_4_b_68	update_halo_kernel3_minus_4_b
7706	0.000024677	553536	ops_par_loop_group_43	update_halo_kernel1_r2+update_halo_kernel3_minus_2_b
7707	0.000020999	430528	ops_par_loop_update_halo_kernel1_r1_45	update_halo_kernel1_r1
7708	0.000562488	591053440	ops_par_loop_advec_mom_kernel_x1_70	advec_mom_kernel_x1
7709	0.000193968	236236864	ops_par_loop_advec_mom_kernel_mass_flux_x_71	advec_mom_kernel_mass_flux_x
7710	0.000572437	590438520	ops_par_loop_advec_mom_kernel_post_pre_advec_x_72	advec_mom_kernel_post_pre_advec_x
7711	0.000880361	472258640	ops_par_loop_advec_mom_kernel1_x_nonvector_73	advec_mom_kernel1_x_nonvector
7712	0.000447550	590131240	ops_par_loop_advec_mom_kernel2_x_74	advec_mom_kernel2_x
7713	0.000561957	591053440	ops_par_loop_advec_mom_kernel_x1_75	advec_mom_kernel_x1
7714	0.000193838	236236864	ops_par_loop_advec_mom_kernel_mass_flux_x_76	advec_mom_kernel_mass_flux_x
7715	0.000573830	590438520	ops_par_loop_advec_mom_kernel_post_pre_advec_x_77	advec_mom_kernel_post_pre_advec_x
7716	0.000883678	472258640	ops_par_loop_advec_mom_kernel1_x_nonvector_78	advec_mom_kernel1_x_nonvector
7717	0.000453992	590131240	ops_par_loop_advec_mom_kernel2_x_79	advec_mom_kernel2_x
7718	0.000498577	472842752	ops_par_loop_advec_cell_kernel2_ydir_80	advec_cell_kernel2_ydir
7719	0.000787506	708203544	ops_par_loop_advec_cell_kernel3_ydir_81	advec_cell_kernel3_ydir
7720	0.001470542	1533542400	ops_par_loop_advec_cell_kernel4_ydir_82	advec_cell_kernel4_ydir
7721	0.000022653	553536	ops_par_loop_group_58	update_halo_kernel1_b2+update_halo_kernel4_minus_4_a
7722	0.000021321	553536	ops_par_loop_group_59	update_halo_kernel1_b1+update_halo_kernel4_minus_2_a
7723	0.000021691	369120	ops_par_loop_group_60	update_halo_kernel2_xvel_plus_4_a+update_halo_kernel2_yvel_minus_4_a+update_halo_kernel3_plus_4_a
7724	0.000019698	369120	ops_par_loop_group_61	update_halo_kernel2_xvel_plus_2_a+update_halo_kernel2_yvel_minus_2_a+update_halo_kernel3_plus_2_a
7725	0.000018755	246080	ops_par_loop_group_62	update_halo_kernel2_xvel_plus_4_b+update_halo_kernel2_yvel_minus_4_b
7726	0.000020720	369120	ops_par_loop_group_63	update_halo_kernel2_xvel_plus_2_b+update_halo_kernel2_yvel_minus_2_b+update_halo_kernel3_plus_4_b
7727	0.000021701	246080	ops_par_loop_group_64	update_halo_kernel2_xvel_minus_4_b+update_halo_kernel2_yvel_plus_4_b
7728	0.000019046	123040	ops_par_loop_update_halo_kernel3_plus_2_b_110	update_halo_kernel3_plus_2_b
7729	0.000019297	123008	ops_par_loop_update_halo_kernel3_minus_4_b_113	update_halo_kernel3_minus_4_b
7730	0.000017804	123008	ops_par_loop_update_halo_kernel4_minus_4_b_117	update_halo_kernel4_minus_4_b
7731	0.000021029	553536	ops_par_loop_group_68	update_halo_kernel1_t2+update_halo_kernel4_minus_2_b
7732	0.000020609	430528	ops_par_loop_update_halo_kernel1_t1_86	update_halo_kernel1_t1
7733	0.000026139	553536	ops_par_loop_group_70	update_halo_kernel1_l2+update_halo_kernel3_minus_4_a
7734	0.000022984	553536	ops_par_loop_group_71	update_halo_kernel1_l1+update_halo_kernel3_minus_2_a
7735	0.000024336	553536	ops_par_loop_group_72	update_halo_kernel1_r2+update_halo_kernel3_minus_2_b
7736	0.000021320	430528	ops_par_loop_update_halo_kernel1_r1_90	update_halo_kernel1_r1
7737	0.000023214	369120	ops_par_loop_group_74	update_halo_kernel2_xvel_minus_4_a+update_halo_kernel2_yvel_plus_4_a+update_halo_kernel4_plus_4_a
7738	0.000021340	369120	ops_par_loop_group_75	update_halo_kernel2_xvel_minus_2_a+update_halo_kernel2_yvel_plus_2_a+update_halo_kernel4_plus_2_a
7739	0.000022452	369120	ops_par_loop_group_76	update_halo_kernel2_xvel_minus_2_b+update_halo_kernel2_yvel_plus_2_b+update_halo_kernel4_plus_4_b
7740	0.000018886	123040	ops_par_loop_update_halo_kernel4_plus_2_b_122	update_halo_kernel4_plus_2_b
7741	0.000488367	472842752	ops_par_loop_advec_mom_kernel_y2_123	advec_mom_kernel_y2
7742	0.000192385	236236864	ops_par_loop_advec_mom_kernel_mass_flux_y_124	advec_mom_kernel_mass_flux_y
7743	0.000532351	590438520	ops_par_loop_advec_mom_kernel_post_pre_advec_y_125	advec_mom_kernel_post_pre_advec_y
7744	0.000876123	472258640	ops_par_loop_advec_mom_kernel1_y_nonvector_126	advec_mom_kernel1_y_nonvector
7745	0.000444313	590131240	ops_par_loop_advec_mom_kernel2_y_127	advec_mom_kernel2_y
7746	0.000489590	472842752	ops_par_loop_advec_mom_kernel_y2_128	advec_mom_kernel_y2
7747	0.000191854	236236864	ops_par_loop_advec_mom_kernel_mass_flux_y_129	advec_mom_kernel_mass_flux_y
7748	0.000533443	590438520	ops_par_loop_advec_mom_kernel_post_pre_advec_y_130	advec_mom_kernel_post_pre_advec_y
7749	0.000871445	472258640	ops_par_loop_advec_mom_kernel1_y_nonvector_131	advec_mom_kernel1_y_nonvector
7750	0.000436118	471859200	ops_par_loop_reset_field_kernel1_133	reset_field_kernel1
7751	0.001441447	1534095432	ops_par_loop_group_88	advec_mom_kernel2_y+reset_field_kernel2+ideal_gas_kernel
7752	0.000021922	430304	ops_par_loop_update_halo_kernel1_b1_136	update_halo_kernel1_b1
7753	0.000019567	430304	ops_par_loop_update_halo_kernel1_t1_137	update_halo_kernel1_t1
7754	0.000023736	430304	ops_par_loop_update_halo_kernel1_l1_138	update_halo_kernel1_l1
7755	0.000024086	430304	ops_par_loop_update_halo_kernel1_r1_139	update_halo_kernel1_r1
7756	0.000019156	245952	ops_par_loop_group_93	update_halo_kernel2_xvel_plus_2_a+update_halo_kernel2_yvel_minus_2_a
7757	0.000018866	245952	ops_par_loop_group_94	update_halo_kernel2_xvel_plus_2_b+update_halo_kernel2_yvel_minus_2_b
7758	0.000021090	245952	ops_par_loop_group_95	update_halo_kernel2_xvel_minus_2_a+update_halo_kernel2_yvel_plus_2_a
7759	0.000021712	245952	ops_par_loop_group_96	update_halo_kernel2_xvel_minus_2_b+update_halo_kernel2_yvel_plus_2_b
7760	0.001730005	589885440	ops_par_loop_viscosity_kernel_148	viscosity_kernel
7761	0.000021912	430304	ops_par_loop_update_halo_kernel1_b1_149	update_halo_kernel1_b1
7762	0.000020469	430304	ops_par_loop_update_halo_kernel1_t1_150	update_halo_kernel1_t1
7763	0.000023605	430304	ops_par_loop_update_halo_kernel1_l1_151	update_halo_kernel1_l1
7764	0.000023455	430304	ops_par_loop_update_halo_kernel1_r1_152	update_halo_kernel1_r1
7765	0.000916119	1061744640	ops_par_loop_calc_dt_kernel_153	calc_dt_kernel
7766	0.001489709	1887436800	ops_par_loop_group_0	PdV_kernel_predict+ideal_gas_kernel
7767	0.000021762	430304	ops_par_loop_update_halo_kernel1_b1_2	update_halo_kernel1_b1
7768	0.000020660	430304	ops_par_loop_update_halo_kernel1_t1_3	update_halo_kernel1_t1
7769	0.000024667	430304	ops_par_loop_update_halo_kernel1_l1_4	update_halo_kernel1_l1
7770	0.000024366	430304	ops_par_loop_update_halo_kernel1_r1_5	update_halo_kernel1_r1
7771	0.001098255	1298288728	ops_par_loop_accelerate_kernel_7	accelerate_kernel
7772	0.001351016	2123366400	ops_par_loop_group_6	revert_kernel+PdV_kernel_nopredict
7773	0.000359953	471982080	ops_par_loop_flux_calc_kernelx_9	flux_calc_kernelx
7774	0.000358351	471982080	ops_par_loop_flux_calc_kernely_10	flux_calc_kernely
7775	0.000022332	553536	ops_par_loop_group_9	update_halo_kernel1_b2+update_halo_kernel4_minus_4_a
7776	0.000020860	553536	ops_par_loop_group_10	update_halo_kernel1_b1+update_halo_kernel4_minus_2_a
7777	0.000021892	369120	ops_par_loop_group_11	update_halo_kernel3_plus_4_a+update_halo_kernel2_xvel_plus_4_a+update_halo_kernel2_yvel_minus_4_a
7778	0.000020830	369120	ops_par_loop_group_12	update_halo_kernel3_plus_2_a+update_halo_kernel2_xvel_plus_2_a+update_halo_kernel2_yvel_minus_2_a
7779	0.000019026	123008	ops_par_loop_update_halo_kernel4_minus_4_b_29	update_halo_kernel4_minus_4_b
7780	0.000020539	553536	ops_par_loop_group_14	update_halo_kernel1_t2+update_halo_kernel4_minus_2_b
7781	0.000020029	430528	ops_par_loop_update_halo_kernel1_t1_14	update_halo_kernel1_t1
7782	0.000019467	246080	ops_par_loop_group_16	update_halo_kernel2_xvel_plus_4_b+update_halo_kernel2_yvel_minus_4_b
7783	0.000021311	369120	ops_par_loop_group_17	update_halo_kernel3_plus_4_b+update_halo_kernel2_xvel_plus_2_b+update_halo_kernel2_yvel_minus_2_b
7784	0.000018505	123040	ops_par_loop_update_halo_kernel3_plus_2_b_22	update_halo_kernel3_plus_2_b
7785	0.000025899	553536	ops_par_loop_group_19	update_halo_kernel1_l2+update_halo_kernel3_minus_4_a
7786	0.000023285	553536	ops_par_loop_group_20	update_halo_kernel1_l1+update_halo_kernel3_minus_2_a
7787	0.000019176	123008	ops_par_loop_update_halo_kernel3_minus_4_b_25	update_halo_kernel3_minus_4_b
7788	0.000024586	553536	ops_par_loop_group_22	update_halo_kernel1_r2+update_halo_kernel3_minus_2_b
7789	0.000021651	430528	ops_par_loop_update_halo_kernel1_r1_18	update_halo_kernel1_r1
7790	0.000022764	369120	ops_par_loop_group_24	update_halo_kernel4_plus_4_a+update_halo_kernel2_xvel_minus_4_a+update_halo_kernel2_yvel_plus_4_a
7791	0.000021581	369120	ops_par_loop_group_25	update_halo_kernel4_plus_2_a+update_halo_kernel2_xvel_minus_2_a+update_halo_kernel2_yvel_plus_2_a
7792	0.000020650	246080	ops_par_loop_group_26	update_halo_kernel2_xvel_minus_4_b+update_halo_kernel2_yvel_plus_4_b
7793	0.000022142	369120	ops_par_loop_group_27	update_halo_kernel4_plus_4_b+update_halo_kernel2_xvel_minus_2_b+update_halo_kernel2_yvel_plus_2_b
7794	0.000018565	123040	ops_par_loop_update_halo_kernel4_plus_2_b_34	update_halo_kernel4_plus_2_b
7795	0.000561046	591053440	ops_par_loop_advec_cell_kernel1_ydir_35	advec_cell_kernel1_ydir
7796	0.000787105	708203544	ops_par_loop_advec_cell_kernel3_ydir_36	advec_cell_kernel3_ydir
7797	0.001472817	1533542400	ops_par_loop_advec_cell_kernel4_ydir_37	advec_cell_kernel4_ydir
7798	0.000022573	553536	ops_par_loop_group_32	update_halo_kernel1_b2+update_halo_kernel4_minus_4_a
7799	0.000021170	553536	ops_par_loop_group_33	update_halo_kernel1_b1+update_halo_kernel4_minus_2_a
7800	0.000018335	123008	ops_par_loop_update_halo_kernel4_minus_4_b_64	update_halo_kernel4_minus_4_b
7801	0.000020899	553536	ops_par_loop_group_35	update_halo_kernel1_t2+update_halo_kernel4_minus_2_b
7802	0.000020029	430528	ops_par_loop_update_halo_kernel1_t1_41	update_halo_kernel1_t1
7803	0.000024256	430528	ops_par_loop_update_halo_kernel1_l2_42	update_halo_kernel1_l2
7804	0.000021421	430528	ops_par_loop_update_halo_kernel1_l1_43	update_halo_kernel1_l1
7805	0.000022853	430528	ops_par_loop_update_halo_kernel1_r2_44	update_halo_kernel1_r2
7806	0.000020940	430528	ops_par_loop_update_halo_kernel1_r1_45	update_halo_kernel1_r1
7807	0.000020109	123040	ops_par_loop_update_halo_kernel4_plus_4_a_66	update_halo_kernel4_plus_4_a
7808	0.000018846	123040	ops_par_loop_update_halo_kernel4_plus_2_a_67	update_halo_kernel4_plus_2_a
7809	0.000019287	123040	ops_par_loop_update_halo_kernel4_plus_4_b_68	update_halo_kernel4_plus_4_b
7810	0.000019016	123040	ops_par_loop_update_halo_kernel4_plus_2_b_69	update_halo_kernel4_plus_2_b
7811	0.000562308	591053440	ops_par_loop_advec_mom_kernel_y1_70	advec_mom_kernel_y1
7812	0.000190873	236236864	ops_par_loop_advec_mom_kernel_mass_flux_y_71	advec_mom_kernel_mass_flux_y
7813	0.000532281	590438520	ops_par_loop_advec_mom_kernel_post_pre_advec_y_72	advec_mom_kernel_post_pre_advec_y
7814	0.000876825	472258640	ops_par_loop_advec_mom_kernel1_y_nonvector_73	advec_mom_kernel1_y_nonvector
7815	0.000450576	590131240	ops_par_loop_advec_mom_kernel2_y_74	advec_mom_kernel2_y
7816	0.000563430	591053440	ops_par_loop_advec_mom_kernel_y1_75	advec_mom_kernel_y1
7817	0.000192025	236236864	ops_par_loop_advec_mom_kernel_mass_flux_y_76	advec_mom_kernel_mass_flux_y
7818	0.000533423	590438520	ops_par_loop_advec_mom_kernel_post_pre_advec_y_77	advec_mom_kernel_post_pre_advec_y
7819	0.000871705	472258640	ops_par_loop_advec_mom_kernel1_y_nonvector_78	advec_mom_kernel1_y_nonvector
7820	0.000455365	590131240	ops_par_loop_advec_mom_kernel2_y_79	advec_mom_kernel2_y
7821	0.000490472	472842752	ops_par_loop_advec_cell_kernel2_xdir_80	advec_cell_kernel2_xdir
7822	0.000772087	708203544	ops_par_loop_advec_cell_kernel3_xdir_81	advec_cell_kernel3_xdir
7823	0.001461335	1533542400	ops_par_loop_advec_cell_kernel4_xdir_82	advec_cell_kernel4_xdir
7824	0.000022633	553536	ops_par_loop_group_58	update_halo_kernel1_b2+update_halo_kernel4_minus_4_a
7825	0.000020879	553536	ops_par_loop_group_59	update_halo_kernel1_b1+update_halo_kernel4_minus_2_a
7826	0.000020950	369120	ops_par_loop_group_60	update_halo_kernel2_xvel_plus_4_a+update_halo_kernel2_yvel_minus_4_a+update_halo_kernel3_plus_4_a
7827	0.000020840	369120	ops_par_loop_group_61	update_halo_kernel2_xvel_plus_2_a+update_halo_kernel2_yvel_minus_2_a+update_halo_kernel3_plus_2_a
7828	0.000019617	246080	ops_par_loop_group_62	update_halo_kernel2_xvel_plus_4_b+update_halo_kernel2_yvel_minus_4_b
7829	0.000020930	369120	ops_par_loop_group_63	update_halo_kernel2_xvel_plus_2_b+update_halo_kernel2_yvel_minus_2_b+update_halo_kernel3_plus_4_b
7830	0.000022102	246080	ops_par_loop_group_64	update_halo_kernel2_xvel_minus_4_b+update_halo_kernel2_yvel_plus_4_b
7831	0.000019557	123040	ops_par_loop_update_halo_kernel3_plus_2_b_110	update_halo_kernel3_plus_2_b
7832	0.000019668	123008	ops_par_loop_update_halo_kernel3_minus_4_b_113	update_halo_kernel3_minus_4_b
7833	0.000018055	123008	ops_par_loop_update_halo_kernel4_minus_4_b_117	update_halo_kernel4_minus_4_b
7834	0.000021622	553536	ops_par_loop_group_68	update_halo_kernel1_t2+update_halo_kernel4_minus_2_b
7835	0.000021010	430528	ops_par_loop_update_halo_kernel1_t1_86	update_halo_kernel1_t1
7836	0.000026391	553536	ops_par_loop_group_70	update_halo_kernel1_l2+update_halo_kernel3_minus_4_a
7837	0.000022853	553536	ops_par_loop_group_71	update_halo_kernel1_l1+update_halo_kernel3_minus_2_a
7838	0.000025028	553536	ops_par_loop_group_72	update_halo_kernel1_r2+update_halo_kernel3_minus_2_b
7839	0.000021471	430528	ops_par_loop_update_halo_kernel1_r1_90	update_halo_kernel1_r1
7840	0.000024155	369120	ops_par_loop_group_74	update_halo_kernel2_xvel_minus_4_a+update_halo_kernel2_yvel_plus_4_a+update_halo_kernel4_plus_4_a
7841	0.000021491	369120	ops_par_loop_group_75	update_halo_kernel2_xvel_minus_2_a+update_halo_kernel2_yvel_plus_2_a+update_halo_kernel4_plus_2_a
7842	0.000021902	369120	ops_par_loop_group_76	update_halo_kernel2_xvel_minus_2_b+update_halo_kernel2_yvel_plus_2_b+update_halo_kernel4_plus_4_b
7843	0.000018085	123040	ops_par_loop_update_halo_kernel4_plus_2_b_122	update_halo_kernel4_plus_2_b
7844	0.000497895	472842752	ops_par_loop_advec_mom_kernel_x2_123	advec_mom_kernel_x2
7845	0.000194840	236236864	ops_par_loop_advec_mom_kernel_mass_flux_x_124	advec_mom_kernel_mass_flux_x
7846	0.000577396	590438520	ops_par_loop_advec_mom_kernel_post_pre_advec_x_125	advec_mom_kernel_post_pre_advec_x
7847	0.000881013	472258640	ops_par_loop_advec_mom_kernel1_x_nonvector_126	advec_mom_kernel1_x_nonvector
7848	0.000450104	590131240	ops_par_loop_advec_mom_kernel2_x_127	advec_mom_kernel2_x
7849	0.000498256	472842752	ops_par_loop_advec_mom_kernel_x2_128	advec_mom_kernel_x2
7850	0.000195070	236236864	ops_par_loop_advec_mom_kernel_mass_flux_x_129	advec_mom_kernel_mass_flux_x
7851	0.000575983	590438520	ops_par_loop_advec_mom_kernel_post_pre_advec_x_130	advec_mom_kernel_post_pre_advec_x
7852	0.000882426	472258640	ops_par_loop_advec_mom_kernel1_x_nonvector_131	advec_mom_kernel1_x_nonvector
7853	0.000434305	471859200	ops_par_loop_reset_field_kernel1_133	reset_field_kernel1
7854	0.001438131	1534095432	ops_par_loop_group_88	advec_mom_kernel2_x+reset_field_kernel2+ideal_gas_kernel
7855	0.000022172	430304	ops_par_loop_update_halo_kernel1_b1_136	update_halo_kernel1_b1
7856	0.000019948	430304	ops_par_loop_update_halo_kernel1_t1_137	update_halo_kernel1_t1
7857	0.000023625	430304	ops_par_loop_update_halo_kernel1_l1_138	update_halo_kernel1_l1
7858	0.000024146	430304	ops_par_loop_update_halo_kernel1_r1_139	update_halo_kernel1_r1
7859	0.000020369	245952	ops_par_loop_group_93	update_halo_kernel2_xvel_plus_2_a+update_halo_kernel2_yvel_minus_2_a
7860	0.000019227	245952	ops_par_loop_group_94	update_halo_kernel2_xvel_plus_2_b+update_halo_kernel2_yvel_minus_2_b
7861	0.000021130	245952	ops_par_loop_group_95	update_halo_kernel2_xvel_minus_2_a+update_halo_kernel2_yvel_plus_2_a
7862	0.000021020	245952	ops_par_loop_group_96	update_halo_kernel2_xvel_minus_2_b+update_halo_kernel2_yvel_plus_2_b
7863	0.001729745	589885440	ops_par_loop_viscosity_kernel_148	viscosity_kernel
7864	0.000021281	430304	ops_par_loop_update_halo_kernel1_b1_149	update_halo_kernel1_b1
7865	0.000020228	430304	ops_par_loop_update_halo_kernel1_t1_150	update_halo_kernel1_t1
7866	0.000024196	430304	ops_par_loop_update_halo_kernel1_l1_151	update_halo_kernel1_l1
7867	0.000023875	430304	ops_par_loop_update_halo_kernel1_r1_152	update_halo_kernel1_r1
7868	0.000915429	1061744640	ops_par_loop_calc_dt_kernel_153	calc_dt_kernel
7869	0.001482755	1887436800	ops_par_loop_group_0	PdV_kernel_predict+ideal_gas_kernel
7870	0.000022202	430304	ops_par_loop_update_halo_kernel1_b1_2	update_halo_kernel1_b1
7871	0.000020068	430304	ops_par_loop_update_halo_kernel1_t1_3	update_halo_kernel1_t1
7872	0.000023595	430304	ops_par_loop_update_halo_kernel1_l1_4	update_halo_kernel1_l1
7873	0.000022923	430304	ops_par_loop_update_halo_kernel1_r1_5	update_halo_kernel1_r1
7874	0.001099417	1298288728	ops_par_loop_accelerate_kernel_7	accelerate_kernel
7875	0.001356146	2123366400	ops_par_loop_group_6	revert_kernel+PdV_kernel_nopredict
7876	0.000362358	471982080	ops_par_loop_flux_calc_kernelx_9	flux_calc_kernelx
7877	0.000358201	471982080	ops_par_loop_flux_calc_kernely_10	flux_calc_kernely
7878	0.000022212	553536	ops_par_loop_group_9	update_halo_kernel1_b2+update_halo_kernel4_minus_4_a
7879	0.000020278	553536	ops_par_loop_group_10	update_halo_kernel1_b1+update_halo_kernel4_minus_2_a
7880	0.000020950	369120	ops_par_loop_group_11	update_halo_kernel3_plus_4_a+update_halo_kernel2_xvel_plus_4_a+update_halo_kernel2_yvel_minus_4_a
7881	0.000019638	369120	ops_par_loop_group_12	update_halo_kernel3_plus_2_a+update_halo_kernel2_xvel_plus_2_a+update_halo_kernel2_yvel_minus_2_a
7882	0.000018274	123008	ops_par_loop_update_halo_kernel4_minus_4_b_29	update_halo_kernel4_minus_4_b
7883	0.000020439	553536	ops_par_loop_group_14	update_halo_kernel1_t2+update_halo_kernel4_minus_2_b
7884	0.000019998	430528	ops_par_loop_update_halo_kernel1_t1_14	update_halo_kernel1_t1
7885	0.000019487	246080	ops_par_loop_group_16	update_halo_kernel2_xvel_plus_4_b+update_halo_kernel2_yvel_minus_4_b
7886	0.000020318	369120	ops_par_loop_group_17	update_halo_kernel3_plus_4_b+update_halo_kernel2_xvel_plus_2_b+update_halo_kernel2_yvel_minus_2_b
7887	0.000018355	123040	ops_par_loop_update_halo_kernel3_plus_2_b_22	update_halo_kernel3_plus_2_b
7888	0.000025578	553536	ops_par_loop_group_19	update_halo_kernel1_l2+update_halo_kernel3_minus_4_a
7889	0.000023104	553536	ops_par_loop_group_20	update_halo_kernel1_l1+update_halo_kernel3_minus_2_a
7890	0.000019246	123008	ops_par_loop_update_halo_kernel3_minus_4_b_25	update_halo_kernel3_minus_4_b
7891	0.000024327	553536	ops_par_loop_group_22	update_halo_kernel1_r2+update_halo_kernel3_minus_2_b
7892	0.000021420	430528	ops_par_loop_update_halo_kernel1_r1_18	update_halo_kernel1_r1
7893	0.000023304	369120	ops_par_loop_group_24	update_halo_kernel4_plus_4_a+update_halo_kernel2_xvel_minus_4_a+update_halo_kernel2_yvel_plus_4_a
7894	0.000021641	369120	ops_par_loop_group_25	update_halo_kernel4_plus_2_a+update_halo_kernel2_xvel_minus_2_a+update_halo_kernel2_yvel_plus_2_a
7895	0.000020479	246080	ops_par_loop_group_26	update_halo_kernel2_xvel_minus_4_b+update_halo_kernel2_yvel_plus_4_b
7896	0.000022944	369120	ops_par_loop_group_27	update_halo_kernel4_plus_4_b+update_halo_kernel2_xvel_minus_2_b+update_halo_kernel2_yvel_plus_2_b
7897	0.000018545	123040	ops_par_loop_update_halo_kernel4_plus_2_b_34	update_halo_kernel4_plus_2_b
7898	0.000561857	591053440	ops_par_loop_advec_cell_kernel1_xdir_35	advec_cell_kernel1_xdir
7899	0.000771796	708203544	ops_par_loop_advec_cell_kernel3_xdir_36	advec_cell_kernel3_xdir
7900	0.001463048	1533542400	ops_par_loop_advec_cell_kernel4_xdir_37	advec_cell_kernel4_xdir
7901	0.000022703	430528	ops_par_loop_update_halo_kernel1_b2_38	update_halo_kernel1_b2
7902	0.000020940	430528	ops_par_loop_update_halo_kernel1_b1_39	update_halo_kernel1_b1
7903	0.000020088	430528	ops_par_loop_update_halo_kernel1_t2_40	update_halo_kernel1_t2
7904	0.000020599	430528	ops_par_loop_update_halo_kernel1_t1_41	update_halo_kernel1_t1
7905	0.000019988	123040	ops_par_loop_update_halo_kernel3_plus_4_a_62	update_halo_kernel3_plus_4_a
7906	0.000018184	123040	ops_par_loop_update_halo_kernel3_plus_2_a_63	update_halo_kernel3_plus_2_a
7907	0.000018595	123040	ops_par_loop_update_halo_kernel3_plus_4_b_64	update_halo_kernel3_plus_4_b
7908	0.000018825	123040	ops_par_loop_update_halo_kernel3_plus_2_b_65	update_halo_kernel3_plus_2_b
7909	0.000025097	553536	ops_par_loop_group_40	update_halo_kernel1_l2+update_halo_kernel3_minus_4_a
7910	0.000023344	553536	ops_par_loop_group_41	update_halo_kernel1_l1+update_halo_kernel3_minus_2_a
7911	0.000018986	123008	ops_par_loop_update_halo_kernel3_minus_4_b_68	update_halo_kernel3_minus_4_b
7912	0.000024246	553536	ops_par_loop_group_43	update_halo_kernel1_r2+update_halo_kernel3_minus_2_b
7913	0.000021030	430528	ops_par_loop_update_halo_kernel1_r1_45	update_halo_kernel1_r1
7914	0.000559633	591053440	ops_par_loop_advec_mom_kernel_x1_70	advec_mom_kernel_x1
7915	0.000193999	236236864	ops_par_loop_advec_mom_kernel_mass_flux_x_71	advec_mom_kernel_mass_flux_x
7916	0.000575383	590438520	ops_par_loop_advec_mom_kernel_post_pre_advec_x_72	advec_mom_kernel_post_pre_advec_x
7917	0.000880993	472258640	ops_par_loop_advec_mom_kernel1_x_nonvector_73	advec_mom_kernel1_x_nonvector
7918	0.000455435	590131240	ops_par_loop_advec_mom_kernel2_x_74	advec_mom_kernel2_x
7919	0.000563540	591053440	ops_par_loop_advec_mom_kernel_x1_75	advec_mom_kernel_x1
7920	0.000193868	236236864	ops_par_loop_advec_mom_kernel_mass_flux_x_76	advec_mom_kernel_mass_flux_x
7921	0.000572107	590438520	ops_par_loop_advec_mom_kernel_post_pre_advec_x_77	advec_mom_kernel_post_pre_advec_x
7922	0.000882476	472258640	ops_par_loop_advec_mom_kernel1_x_nonvector_78	advec_mom_kernel1_x_nonvector
7923	0.000454503	590131240	ops_par_loop_advec_mom_kernel2_x_79	advec_mom_kernel2_x
7924	0.000496943	472842752	ops_par_loop_advec_cell_kernel2_ydir_80	advec_cell_kernel2_ydir
7925	0.000787676	708203544	ops_par_loop_advec_cell_kernel3_ydir_81	advec_cell_kernel3_ydir
7926	0.001473147	1533542400	ops_par_loop_advec_cell_kernel4_ydir_82	advec_cell_kernel4_ydir
7927	0.000022392	553536	ops_par_loop_group_58	update_halo_kernel1_b2+update_halo_kernel4_minus_4_a
7928	0.000020409	553536	ops_par_loop_group_59	update_halo_kernel1_b1+update_halo_kernel4_minus_2_a
7929	0.000021230	369120	ops_par_loop_group_60	update_halo_kernel2_xvel_plus_4_a+update_halo_kernel2_yvel_minus_4_a+update_halo_kernel3_plus_4_a
7930	0.000021030	369120	ops_par_loop_group_61	update_halo_kernel2_xvel_plus_2_a+update_halo_kernel2_yvel_minus_2_a+update_halo_kernel3_plus_2_a
7931	0.000019678	246080	ops_par_loop_group_62	update_halo_kernel2_xvel_plus_4_b+update_halo_kernel2_yvel_minus_4_b
7932	0.000020248	369120	ops_par_loop_group_63	update_halo_kernel2_xvel_plus_2_b+update_halo_kernel2_yvel_minus_2_b+update_halo_kernel3_plus_4_b
7933	0.000021311	246080	ops_par_loop_group_64	update_halo_kernel2_xvel_minus_4_b+update_halo_kernel2_yvel_plus_4_b
7934	0.000019508	123040	ops_par_loop_update_halo_kernel3_plus_2_b_110	update_halo_kernel3_plus_2_b
7935	0.000019077	123008	ops_par_loop_update_halo_kernel3_minus_4_b_113	update_halo_kernel3_minus_4_b
7936	0.000017754	123008	ops_par_loop_update_halo_kernel4_minus_4_b_117	update_halo_kernel4_minus_4_b
7937	0.000020759	553536	ops_par_loop_group_68	update_halo_kernel1_t2+update_halo_kernel4_minus_2_b
7938	0.000020489	430528	ops_par_loop_update_halo_kernel1_t1_86	update_halo_kernel1_t1
7939	0.000026701	553536	ops_par_loop_group_70	update_halo_kernel1_l2+update_halo_kernel3_minus_4_a
7940	0.000022703	553536	ops_par_loop_group_71	update_halo_kernel1_l1+update_halo_kernel3_minus_2_a
7941	0.000029526	553536	ops_par_loop_group_72	update_halo_kernel1_r2+update_halo_kernel3_minus_2_b
7942	0.000021411	430528	ops_par_loop_update_halo_kernel1_r1_90	update_halo_kernel1_r1
7943	0.000022923	369120	ops_par_loop_group_74	update_halo_kernel2_xvel_minus_4_a+update_halo_kernel2_yvel_plus_4_a+update_halo_kernel4_plus_4_a
7944	0.000021901	369120	ops_par_loop_group_75	update_halo_kernel2_xvel_minus_2_a+update_halo_kernel2_yvel_plus_2_a+update_halo_kernel4_plus_2_a
7945	0.000022633	369120	ops_par_loop_group_76	update_halo_kernel2_xvel_minus_2_b+update_halo_kernel2_yvel_plus_2_b+update_halo_kernel4_plus_4_b
7946	0.000018415	123040	ops_par_loop_update_halo_kernel4_plus_2_b_122	update_halo_kernel4_plus_2_b
7947	0.000491714	472842752	ops_par_loop_advec_mom_kernel_y2_123	advec_mom_kernel_y2
7948	0.000191444	236236864	ops_par_loop_advec_mom_kernel_mass_flux_y_124	advec_mom_kernel_mass_flux_y
7949	0.000530928	590438520	ops_par_loop_advec_mom_kernel_post_pre_advec_y_125	advec_mom_kernel_post_pre_advec_y
7950	0.000877216	472258640	ops_par_loop_advec_mom_kernel1_y_nonvector_126	advec_mom_kernel1_y_nonvector
7951	0.000446699	590131240	ops_par_loop_advec_mom_kernel2_y_127	advec_mom_kernel2_y
7952	0.000491253	472842752	ops_par_loop_advec_mom_kernel_y2_128	advec_mom_kernel_y2
7953	0.000191925	236236864	ops_par_loop_advec_mom_kernel_mass_flux_y_129	advec_mom_kernel_mass_flux_y
7954	0.000530448	590438520	ops_par_loop_advec_mom_kernel_post_pre_advec_y_130	advec_mom_kernel_post_pre_advec_y
7955	0.000872687	472258640	ops_par_loop_advec_mom_kernel1_y_nonvector_131	advec_mom_kernel1_y_nonvector
7956	0.000437390	471859200	ops_par_loop_reset_field_kernel1_133	reset_field_kernel1
7957	0.001434234	1534095432	ops_par_loop_group_88	advec_mom_kernel2_y+reset_field_kernel2+ideal_gas_kernel
7958	0.000021912	430304	ops_par_loop_update_halo_kernel1_b1_136	update_halo_kernel1_b1
7959	0.000020840	430304	ops_par_loop_update_halo_kernel1_t1_137	update_halo_kernel1_t1
7960	0.000024726	430304	ops_par_loop_update_halo_kernel1_l1_138	update_halo_kernel1_l1
7961	0.000024015	430304	ops_par_loop_update_halo_kernel1_r1_139	update_halo_kernel1_r1
7962	0.000018946	245952	ops_par_loop_group_93	update_halo_kernel2_xvel_plus_2_a+update_halo_kernel2_yvel_minus_2_a
7963	0.000019937	245952	ops_par_loop_group_94	update_halo_kernel2_xvel_plus_2_b+update_halo_kernel2_yvel_minus_2_b
7964	0.000021421	245952	ops_par_loop_group_95	update_halo_kernel2_xvel_minus_2_a+update_halo_kernel2_yvel_plus_2_a
7965	0.000021811	245952	ops_par_loop_group_96	update_halo_kernel2_xvel_minus_2_b+update_halo_kernel2_yvel_plus_2_b
7966	0.001730165	589885440	ops_par_loop_viscosity_kernel_148	viscosity_kernel
7967	0.000021821	430304	ops_par_loop_update_halo_kernel1_b1_149	update_halo_kernel1_b1
7968	0.000019627	430304	ops_par_loop_update_halo_kernel1_t1_150	update_halo_kernel1_t1
7969	0.000023043	430304	ops_par_loop_update_halo_kernel1_l1_151	update_halo_kernel1_l1
7970	0.000022663	430304	ops_par_loop_update_halo_kernel1_r1_152	update_halo_kernel1_r1
7971	0.000915729	1061744640	ops_par_loop_calc_dt_kernel_153	calc_dt_kernel
7972	0.001484319	1887436800	ops_par_loop_group_0	PdV_kernel_predict+ideal_gas_kernel
7973	0.000022142	430304	ops_par_loop_update_halo_kernel1_b1_2	update_halo_kernel1_b1
7974	0.000019618	430304	ops_par_loop_update_halo_kernel1_t1_3	update_halo_kernel1_t1
7975	0.000023615	430304	ops_par_loop_update_halo_kernel1_l1_4	update_halo_kernel1_l1
7976	0.000023575	430304	ops_par_loop_update_halo_kernel1_r1_5	update_halo_kernel1_r1
7977	0.001097364	1298288728	ops_par_loop_accelerate_kernel_7	accelerate_kernel
7978	0.001356275	2123366400	ops_par_loop_group_6	revert_kernel+PdV_kernel_nopredict
7979	0.000360966	471982080	ops_par_loop_flux_calc_kernelx_9	flux_calc_kernelx
7980	0.000357709	471982080	ops_par_loop_flux_calc_kernely_10	flux_calc_kernely
7981	0.000022613	553536	ops_par_loop_group_9	update_halo_kernel1_b2+update_halo_kernel4_minus_4_a
7982	0.000020810	553536	ops_par_loop_group_10	update_halo_kernel1_b1+update_halo_kernel4_minus_2_a
7983	0.000022353	369120	ops_par_loop_group_11	update_halo_kernel3_plus_4_a+update_halo_kernel2_xvel_plus_4_a+update_halo_kernel2_yvel_minus_4_a
7984	0.000020088	369120	ops_par_loop_group_12	update_halo_kernel3_plus_2_a+update_halo_kernel2_xvel_plus_2_a+update_halo_kernel2_yvel_minus_2_a
7985	0.000018165	123008	ops_par_loop_update_halo_kernel4_minus_4_b_29	update_halo_kernel4_minus_4_b
7986	0.000021711	553536	ops_par_loop_group_14	update_halo_kernel1_t2+update_halo_kernel4_minus_2_b
7987	0.000019417	430528	ops_par_loop_update_halo_kernel1_t1_14	update_halo_kernel1_t1
7988	0.000018946	246080	ops_par_loop_group_16	update_halo_kernel2_xvel_plus_4_b+update_halo_kernel2_yvel_minus_4_b
7989	0.000020459	369120	ops_par_loop_group_17	update_halo_kernel3_plus_4_b+update_halo_kernel2_xvel_plus_2_b+update_halo_kernel2_yvel_minus_2_b
7990	0.000018625	123040	ops_par_loop_update_halo_kernel3_plus_2_b_22	update_halo_kernel3_plus_2_b
7991	0.000025308	553536	ops_par_loop_group_19	update_halo_kernel1_l2+update_halo_kernel3_minus_4_a
7992	0.000023594	553536	ops_par_loop_group_20	update_halo_kernel1_l1+update_halo_kernel3_minus_2_a
7993	0.000019216	123008	ops_par_loop_update_halo_kernel3_minus_4_b_25	update_halo_kernel3_minus_4_b
7994	0.000023735	553536	ops_par_loop_group_22	update_halo_kernel1_r2+update_halo_kernel3_minus_2_b
7995	0.000021401	430528	ops_par_loop_update_halo_kernel1_r1_18	update_halo_kernel1_r1
7996	0.000022873	369120	ops_par_loop_group_24	update_halo_kernel4_plus_4_a+update_halo_kernel2_xvel_minus_4_a+update_halo_kernel2_yvel_plus_4_a
7997	0.000022242	369120	ops_par_loop_group_25	update_halo_kernel4_plus_2_a+update_halo_kernel2_xvel_minus_2_a+update_halo_kernel2_yvel_plus_2_a
7998	0.000021311	246080	ops_par_loop_group_26	update_halo_kernel2_xvel_minus_4_b+update_halo_kernel2_yvel_plus_4_b
7999	0.000021871	369120	ops_par_loop_group_27	update_halo_kernel4_plus_4_b+update_halo_kernel2_xvel_minus_2_b+update_halo_kernel2_yvel_plus_2_b
8000	0.000018655	123040	ops_par_loop_update_halo_kernel4_plus_2_b_34	update_halo_kernel4_plus_2_b
8001	0.000562659	591053440	ops_par_loop_advec_cell_kernel1_ydir_35	advec_cell_kernel1_ydir
8002	0.000787164	708203544	ops_par_loop_advec_cell_kernel3_ydir_36	advec_cell_kernel3_ydir
8003	0.001470252	1533542400	ops_par_loop_advec_cell_kernel4_ydir_37	advec_cell_kernel4_ydir
8004	0.000022292	553536	ops_par_loop_group_32	update_halo_kernel1_b2+update_halo_kernel4_minus_4_a
8005	0.000021040	553536	ops_par_loop_group_33	update_halo_kernel1_b1+update_halo_kernel4_minus_2_a
8006	0.000019447	123008	ops_par_loop_update_halo_kernel4_minus_4_b_64	update_halo_kernel4_minus_4_b
8007	0.000020850	553536	ops_par_loop_group_35	update_halo_kernel1_t2+update_halo_kernel4_minus_2_b
8008	0.000019957	430528	ops_par_loop_update_halo_kernel1_t1_41	update_halo_kernel1_t1
8009	0.000024025	430528	ops_par_loop_update_halo_kernel1_l2_42	update_halo_kernel1_l2
8010	0.000021391	430528	ops_par_loop_update_halo_kernel1_l1_43	update_halo_kernel1_l1
8011	0.000023104	430528	ops_par_loop_update_halo_kernel1_r2_44	update_halo_kernel1_r2
8012	0.000021120	430528	ops_par_loop_update_halo_kernel1_r1_45	update_halo_kernel1_r1
8013	0.000019307	123040	ops_par_loop_update_halo_kernel4_plus_4_a_66	update_halo_kernel4_plus_4_a
8014	0.000018145	123040	ops_par_loop_update_halo_kernel4_plus_2_a_67	update_halo_kernel4_plus_2_a
8015	0.000019447	123040	ops_par_loop_update_halo_kernel4_plus_4_b_68	update_halo_kernel4_plus_4_b
8016	0.000018295	123040	ops_par_loop_update_halo_kernel4_plus_2_b_69	update_halo_kernel4_plus_2_b
8017	0.000559753	591053440	ops_par_loop_advec_mom_kernel_y1_70	advec_mom_kernel_y1
8018	0.000191484	236236864	ops_par_loop_advec_mom_kernel_mass_flux_y_71	advec_mom_kernel_mass_flux_y
8019	0.000533052	590438520	ops_par_loop_advec_mom_kernel_post_pre_advec_y_72	advec_mom_kernel_post_pre_advec_y
8020	0.000877136	472258640	ops_par_loop_advec_mom_kernel1_y_nonvector_73	advec_mom_kernel1_y_nonvector
8021	0.000447329	590131240	ops_par_loop_advec_mom_kernel2_y_74	advec_mom_kernel2_y
8022	0.000561997	591053440	ops_par_loop_advec_mom_kernel_y1_75	advec_mom_kernel_y1
8023	0.000190983	236236864	ops_par_loop_advec_mom_kernel_mass_flux_y_76	advec_mom_kernel_mass_flux_y
8024	0.000530287	590438520	ops_par_loop_advec_mom_kernel_post_pre_advec_y_77	advec_mom_kernel_post_pre_advec_y
8025	0.000870793	472258640	ops_par_loop_advec_mom_kernel1_y_nonvector_78	advec_mom_kernel1_y_nonvector
8026	0.000450536	590131240	ops_par_loop_advec_mom_kernel2_y_79	advec_mom_kernel2_y
8027	0.000490992	472842752	ops_par_loop_advec_cell_kernel2_xdir_80	advec_cell_kernel2_xdir
8028	0.000772908	708203544	ops_par_loop_advec_cell_kernel3_xdir_81	advec_cell_kernel3_xdir
8029	0.001458008	1533542400	ops_par_loop_advec_cell_kernel4_xdir_82	advec_cell_kernel4_xdir
8030	0.000023184	553536	ops_par_loop_group_58	update_halo_kernel1_b2+update_halo_kernel4_minus_4_a
8031	0.000020649	553536	ops_par_loop_group_59	update_halo_kernel1_b1+update_halo_kernel4_minus_2_a
8032	0.000021400	369120	ops_par_loop_group_60	update_halo_kernel2_xvel_plus_4_a+update_halo_kernel2_yvel_minus_4_a+update_halo_kernel3_plus_4_a
8033	0.000020799	369120	ops_par_loop_group_61	update_halo_kernel2_xvel_plus_2_a+update_halo_kernel2_yvel_minus_2_a+update_halo_kernel3_plus_2_a
8034	0.000019878	246080	ops_par_loop_group_62	update_halo_kernel2_xvel_plus_4_b+update_halo_kernel2_yvel_minus_4_b
8035	0.000021741	369120	ops_par_loop_group_63	update_halo_kernel2_xvel_plus_2_b+update_halo_kernel2_yvel_minus_2_b+update_halo_kernel3_plus_4_b
8036	0.000021501	246080	ops_par_loop_group_64	update_halo_kernel2_xvel_minus_4_b+update_halo_kernel2_yvel_plus_4_b
8037	0.000019036	123040	ops_par_loop_update_halo_kernel3_plus_2_b_110	update_halo_kernel3_plus_2_b
8038	0.000019016	123008	ops_par_loop_update_halo_kernel3_minus_4_b_113	update_halo_kernel3_minus_4_b
8039	0.000017925	123008	ops_par_loop_update_halo_kernel4_minus_4_b_117	update_halo_kernel4_minus_4_b
8040	0.000021551	553536	ops_par_loop_group_68	update_halo_kernel1_t2+update_halo_kernel4_minus_2_b
8041	0.000020429	430528	ops_par_loop_update_halo_kernel1_t1_86	update_halo_kernel1_t1
8042	0.000026481	553536	ops_par_loop_group_70	update_halo_kernel1_l2+update_halo_kernel3_minus_4_a
8043	0.000023194	553536	ops_par_loop_group_71	update_halo_kernel1_l1+update_halo_kernel3_minus_2_a
8044	0.000024497	553536	ops_par_loop_group_72	update_halo_kernel1_r2+update_halo_kernel3_minus_2_b
8045	0.000021821	430528	ops_par_loop_update_halo_kernel1_r1_90	update_halo_kernel1_r1
8046	0.000024146	369120	ops_par_loop_group_74	update_halo_kernel2_xvel_minus_4_a+update_halo_kernel2_yvel_plus_4_a+update_halo_kernel4_plus_4_a
8047	0.000021791	369120	ops_par_loop_group_75	update_halo_kernel2_xvel_minus_2_a+update_halo_kernel2_yvel_plus_2_a+update_halo_kernel4_plus_2_a
8048	0.000022392	369120	ops_par_loop_group_76	update_halo_kernel2_xvel_minus_2_b+update_halo_kernel2_yvel_plus_2_b+update_halo_kernel4_plus_4_b
8049	0.000018475	123040	ops_par_loop_update_halo_kernel4_plus_2_b_122	update_halo_kernel4_plus_2_b
8050	0.000499228	472842752	ops_par_loop_advec_mom_kernel_x2_123	advec_mom_kernel_x2
8051	0.000194319	236236864	ops_par_loop_advec_mom_kernel_mass_flux_x_124	advec_mom_kernel_mass_flux_x
8052	0.000574602	590438520	ops_par_loop_advec_mom_kernel_post_pre_advec_x_125	advec_mom_kernel_post_pre_advec_x
8053	0.000880703	472258640	ops_par_loop_advec_mom_kernel1_x_nonvector_126	advec_mom_kernel1_x_nonvector
8054	0.000453862	590131240	ops_par_loop_advec_mom_kernel2_x_127	advec_mom_kernel2_x
8055	0.000496834	472842752	ops_par_loop_advec_mom_kernel_x2_128	advec_mom_kernel_x2
8056	0.000193558	236236864	ops_par_loop_advec_mom_kernel_mass_flux_x_129	advec_mom_kernel_mass_flux_x
8057	0.000572548	590438520	ops_par_loop_advec_mom_kernel_post_pre_advec_x_130	advec_mom_kernel_post_pre_advec_x
8058	0.000882766	472258640	ops_par_loop_advec_mom_kernel1_x_nonvector_131	advec_mom_kernel1_x_nonvector
8059	0.000434956	471859200	ops_par_loop_reset_field_kernel1_133	reset_field_kernel1
8060	0.001436718	1534095432	ops_par_loop_group_88	advec_mom_kernel2_x+reset_field_kernel2+ideal_gas_kernel
8061	0.000022272	430304	ops_par_loop_update_halo_kernel1_b1_136	update_halo_kernel1_b1
8062	0.000020058	430304	ops_par_loop_update_halo_kernel1_t1_137	update_halo_kernel1_t1
8063	0.000023795	430304	ops_par_loop_update_halo_kernel1_l1_138	update_halo_kernel1_l1
8064	0.000024195	430304	ops_par_loop_update_halo_kernel1_r1_139	update_halo_kernel1_r1
8065	0.000019497	245952	ops_par_loop_group_93	update_halo_kernel2_xvel_plus_2_a+update_halo_kernel2_yvel_minus_2_a
8066	0.000019577	245952	ops_par_loop_group_94	update_halo_kernel2_xvel_plus_2_b+update_halo_kernel2_yvel_minus_2_b
8067	0.000021321	245952	ops_par_loop_group_95	update_halo_kernel2_xvel_minus_2_a+update_halo_kernel2_yvel_plus_2_a
8068	0.000021080	245952	ops_par_loop_group_96	update_halo_kernel2_xvel_minus_2_b+update_halo_kernel2_yvel_plus_2_b
8069	0.001729605	589885440	ops_par_loop_viscosity_kernel_148	viscosity_kernel
8070	0.000021191	430304	ops_par_loop_update_halo_kernel1_b1_149	update_halo_kernel1_b1
8071	0.000020609	430304	ops_par_loop_update_halo_kernel1_t1_150	update_halo_kernel1_t1
8072	0.000022813	430304	ops_par_loop_update_halo_kernel1_l1_151	update_halo_kernel1_l1
8073	0.000022213	430304	ops_par_loop_update_halo_kernel1_r1_152	update_halo_kernel1_r1
8074	0.000915329	1061744640	ops_par_loop_calc_dt_kernel_153	calc_dt_kernel
8075	0.001491993	1887436800	ops_par_loop_group_0	PdV_kernel_predict+ideal_gas_kernel
8076	0.000023675	430304	ops_par_loop_update_halo_kernel1_b1_2	update_halo_kernel1_b1
8077	0.000020409	430304	ops_par_loop_update_halo_kernel1_t1_3	update_halo_kernel1_t1
8078	0.000023895	430304	ops_par_loop_update_halo_kernel1_l1_4	update_halo_kernel1_l1
8079	0.000024797	430304	ops_par_loop_update_halo_kernel1_r1_5	update_halo_kernel1_r1
8080	0.001095971	1298288728	ops_par_loop_accelerate_kernel_7	accelerate_kernel
8081	0.001356616	2123366400	ops_par_loop_group_6	revert_kernel+PdV_kernel_nopredict
8082	0.000362007	471982080	ops_par_loop_flux_calc_kernelx_9	flux_calc_kernelx
8083	0.000357008	471982080	ops_par_loop_flux_calc_kernely_10	flux_calc_kernely
8084	0.000021550	553536	ops_par_loop_group_9	update_halo_kernel1_b2+update_halo_kernel4_minus_4_a
8085	0.000020519	553536	ops_par_loop_group_10	update_halo_kernel1_b1+update_halo_kernel4_minus_2_a
8086	0.000021331	369120	ops_par_loop_group_11	update_halo_kernel3_plus_4_a+update_halo_kernel2_xvel_plus_4_a+update_halo_kernel2_yvel_minus_4_a
8087	0.000019316	369120	ops_par_loop_group_12	update_halo_kernel3_plus_2_a+update_halo_kernel2_xvel_plus_2_a+update_halo_kernel2_yvel_minus_2_a
8088	0.000018475	123008	ops_par_loop_update_halo_kernel4_minus_4_b_29	update_halo_kernel4_minus_4_b
8089	0.000020549	553536	ops_par_loop_group_14	update_halo_kernel1_t2+update_halo_kernel4_minus_2_b
8090	0.000019547	430528	ops_par_loop_update_halo_kernel1_t1_14	update_halo_kernel1_t1
8091	0.000019898	246080	ops_par_loop_group_16	update_halo_kernel2_xvel_plus_4_b+update_halo_kernel2_yvel_minus_4_b
8092	0.000020590	369120	ops_par_loop_group_17	update_halo_kernel3_plus_4_b+update_halo_kernel2_xvel_plus_2_b+update_halo_kernel2_yvel_minus_2_b
8093	0.000018546	123040	ops_par_loop_update_halo_kernel3_plus_2_b_22	update_halo_kernel3_plus_2_b
8094	0.000026139	553536	ops_par_loop_group_19	update_halo_kernel1_l2+update_halo_kernel3_minus_4_a
8095	0.000022873	553536	ops_par_loop_group_20	update_halo_kernel1_l1+update_halo_kernel3_minus_2_a
8096	0.000019207	123008	ops_par_loop_update_halo_kernel3_minus_4_b_25	update_halo_kernel3_minus_4_b
8097	0.000024016	553536	ops_par_loop_group_22	update_halo_kernel1_r2+update_halo_kernel3_minus_2_b
8098	0.000021151	430528	ops_par_loop_update_halo_kernel1_r1_18	update_halo_kernel1_r1
8099	0.000023405	369120	ops_par_loop_group_24	update_halo_kernel4_plus_4_a+update_halo_kernel2_xvel_minus_4_a+update_halo_kernel2_yvel_plus_4_a
8100	0.000021400	369120	ops_par_loop_group_25	update_halo_kernel4_plus_2_a+update_halo_kernel2_xvel_minus_2_a+update_halo_kernel2_yvel_plus_2_a
8101	0.000020569	246080	ops_par_loop_group_26	update_halo_kernel2_xvel_minus_4_b+update_halo_kernel2_yvel_plus_4_b
8102	0.000022352	369120	ops_par_loop_group_27	update_halo_kernel4_plus_4_b+update_halo_kernel2_xvel_minus_2_b+update_halo_kernel2_yvel_plus_2_b
8103	0.000018235	123040	ops_par_loop_update_halo_kernel4_plus_2_b_34	update_halo_kernel4_plus_2_b
8104	0.000569852	591053440	ops_par_loop_advec_cell_kernel1_xdir_35	advec_cell_kernel1_xdir
8105	0.000771635	708203544	ops_par_loop_advec_cell_kernel3_xdir_36	advec_cell_kernel3_xdir
8106	0.001464481	1533542400	ops_par_loop_advec_cell_kernel4_xdir_37	advec_cell_kernel4_xdir
8107	0.000021491	430528	ops_par_loop_update_halo_kernel1_b2_38	update_halo_kernel1_b2
8108	0.000020539	430528	ops_par_loop_update_halo_kernel1_b1_39	update_halo_kernel1_b1
8109	0.000019777	430528	ops_par_loop_update_halo_kernel1_t2_40	update_halo_kernel1_t2
8110	0.000019677	430528	ops_par_loop_update_halo_kernel1_t1_41	update_halo_kernel1_t1
8111	0.000018906	123040	ops_par_loop_update_halo_kernel3_plus_4_a_62	update_halo_kernel3_plus_4_a
8112	0.000017984	123040	ops_par_loop_update_halo_kernel3_plus_2_a_63	update_halo_kernel3_plus_2_a
8113	0.000023595	123040	ops_par_loop_update_halo_kernel3_plus_4_b_64	update_halo_kernel3_plus_4_b
8114	0.000019036	123040	ops_par_loop_update_halo_kernel3_plus_2_b_65	update_halo_kernel3_plus_2_b
8115	0.000026610	553536	ops_par_loop_group_40	update_halo_kernel1_l2+update_halo_kernel3_minus_4_a
8116	0.000024216	553536	ops_par_loop_group_41	update_halo_kernel1_l1+update_halo_kernel3_minus_2_a
8117	0.000018846	123008	ops_par_loop_update_halo_kernel3_minus_4_b_68	update_halo_kernel3_minus_4_b
8118	0.000024687	553536	ops_par_loop_group_43	update_halo_kernel1_r2+update_halo_kernel3_minus_2_b
8119	0.000021581	430528	ops_par_loop_update_halo_kernel1_r1_45	update_halo_kernel1_r1
8120	0.000563059	591053440	ops_par_loop_advec_mom_kernel_x1_70	advec_mom_kernel_x1
8121	0.000193888	236236864	ops_par_loop_advec_mom_kernel_mass_flux_x_71	advec_mom_kernel_mass_flux_x
8122	0.000577016	590438520	ops_par_loop_advec_mom_kernel_post_pre_advec_x_72	advec_mom_kernel_post_pre_advec_x
8123	0.000880322	472258640	ops_par_loop_advec_mom_kernel1_x_nonvector_73	advec_mom_kernel1_x_nonvector
8124	0.000444634	590131240	ops_par_loop_advec_mom_kernel2_x_74	advec_mom_kernel2_x
8125	0.000561536	591053440	ops_par_loop_advec_mom_kernel_x1_75	advec_mom_kernel_x1
8126	0.000193638	236236864	ops_par_loop_advec_mom_kernel_mass_flux_x_76	advec_mom_kernel_mass_flux_x
8127	0.000573209	590438520	ops_par_loop_advec_mom_kernel_post_pre_advec_x_77	advec_mom_kernel_post_pre_advec_x
8128	0.000882425	472258640	ops_par_loop_advec_mom_kernel1_x_nonvector_78	advec_mom_kernel1_x_nonvector
8129	0.000451267	590131240	ops_par_loop_advec_mom_kernel2_x_79	advec_mom_kernel2_x
8130	0.000497956	472842752	ops_par_loop_advec_cell_kernel2_ydir_80	advec_cell_kernel2_ydir
8131	0.000787245	708203544	ops_par_loop_advec_cell_kernel3_ydir_81	advec_cell_kernel3_ydir
8132	0.001467717	1533542400	ops_par_loop_advec_cell_kernel4_ydir_82	advec_cell_kernel4_ydir
8133	0.000021651	553536	ops_par_loop_group_58	update_halo_kernel1_b2+update_halo_kernel4_minus_4_a
8134	0.000020579	553536	ops_par_loop_group_59	update_halo_kernel1_b1+update_halo_kernel4_minus_2_a
8135	0.000021711	369120	ops_par_loop_group_60	update_halo_kernel2_xvel_plus_4_a+update_halo_kernel2_yvel_minus_4_a+update_halo_kernel3_plus_4_a
8136	0.000020138	369120	ops_par_loop_group_61	update_halo_kernel2_xvel_plus_2_a+update_halo_kernel2_yvel_minus_2_a+update_halo_kernel3_plus_2_a
8137	0.000019437	246080	ops_par_loop_group_62	update_halo_kernel2_xvel_plus_4_b+update_halo_kernel2_yvel_minus_4_b
8138	0.000020919	369120	ops_par_loop_group_63	update_halo_kernel2_xvel_plus_2_b+update_halo_kernel2_yvel_minus_2_b+update_halo_kernel3_plus_4_b
8139	0.000021130	246080	ops_par_loop_group_64	update_halo_kernel2_xvel_minus_4_b+update_halo_kernel2_yvel_plus_4_b
8140	0.000019267	123040	ops_par_loop_update_halo_kernel3_plus_2_b_110	update_halo_kernel3_plus_2_b
8141	0.000019317	123008	ops_par_loop_update_halo_kernel3_minus_4_b_113	update_halo_kernel3_minus_4_b
8142	0.000018395	123008	ops_par_loop_update_halo_kernel4_minus_4_b_117	update_halo_kernel4_minus_4_b
8143	0.000021420	553536	ops_par_loop_group_68	update_halo_kernel1_t2+update_halo_kernel4_minus_2_b
8144	0.000020849	430528	ops_par_loop_update_halo_kernel1_t1_86	update_halo_kernel1_t1
8145	0.000025949	553536	ops_par_loop_group_70	update_halo_kernel1_l2+update_halo_kernel3_minus_4_a
8146	0.000023044	553536	ops_par_loop_group_71	update_halo_kernel1_l1+update_halo_kernel3_minus_2_a
8147	0.000024897	553536	ops_par_loop_group_72	update_halo_kernel1_r2+update_halo_kernel3_minus_2_b
8148	0.000021110	430528	ops_par_loop_update_halo_kernel1_r1_90	update_halo_kernel1_r1
8149	0.000022413	369120	ops_par_loop_group_74	update_halo_kernel2_xvel_minus_4_a+update_halo_kernel2_yvel_plus_4_a+update_halo_kernel4_plus_4_a
8150	0.000021972	369120	ops_par_loop_group_75	update_halo_kernel2_xvel_minus_2_a+update_halo_kernel2_yvel_plus_2_a+update_halo_kernel4_plus_2_a
8151	0.000022433	369120	ops_par_loop_group_76	update_halo_kernel2_xvel_minus_2_b+update_halo_kernel2_yvel_plus_2_b+update_halo_kernel4_plus_4_b
8152	0.000018375	123040	ops_par_loop_update_halo_kernel4_plus_2_b_122	update_halo_kernel4_plus_2_b
8153	0.000488888	472842752	ops_par_loop_advec_mom_kernel_y2_123	advec_mom_kernel_y2
8154	0.000192686	236236864	ops_par_loop_advec_mom_kernel_mass_flux_y_124	advec_mom_kernel_mass_flux_y
8155	0.000534986	590438520	ops_par_loop_advec_mom_kernel_post_pre_advec_y_125	advec_mom_kernel_post_pre_advec_y
8156	0.000877156	472258640	ops_par_loop_advec_mom_kernel1_y_nonvector_126	advec_mom_kernel1_y_nonvector
8157	0.000450655	590131240	ops_par_loop_advec_mom_kernel2_y_127	advec_mom_kernel2_y
8158	0.000489509	472842752	ops_par_loop_advec_mom_kernel_y2_128	advec_mom_kernel_y2
8159	0.000192185	236236864	ops_par_loop_advec_mom_kernel_mass_flux_y_129	advec_mom_kernel_mass_flux_y
8160	0.000532361	590438520	ops_par_loop_advec_mom_kernel_post_pre_advec_y_130	advec_mom_kernel_post_pre_advec_y
8161	0.000871295	472258640	ops_par_loop_advec_mom_kernel1_y_nonvector_131	advec_mom_kernel1_y_nonvector
8162	0.000434505	471859200	ops_par_loop_reset_field_kernel1_133	reset_field_kernel1
8163	0.001432911	1534095432	ops_par_loop_group_88	advec_mom_kernel2_y+reset_field_kernel2+ideal_gas_kernel
8164	0.000021380	430304	ops_par_loop_update_halo_kernel1_b1_136	update_halo_kernel1_b1
8165	0.000020058	430304	ops_par_loop_update_halo_kernel1_t1_137	update_halo_kernel1_t1
8166	0.000024015	430304	ops_par_loop_update_halo_kernel1_l1_138	update_halo_kernel1_l1
8167	0.000028854	430304	ops_par_loop_update_halo_kernel1_r1_139	update_halo_kernel1_r1
8168	0.000019837	245952	ops_par_loop_group_93	update_halo_kernel2_xvel_plus_2_a+update_halo_kernel2_yvel_minus_2_a
8169	0.000020679	245952	ops_par_loop_group_94	update_halo_kernel2_xvel_plus_2_b+update_halo_kernel2_yvel_minus_2_b
8170	0.000021090	245952	ops_par_loop_group_95	update_halo_kernel2_xvel_minus_2_a+update_halo_kernel2_yvel_plus_2_a
8171	0.000021160	245952	ops_par_loop_group_96	update_halo_kernel2_xvel_minus_2_b+update_halo_kernel2_yvel_plus_2_b
8172	0.001729144	589885440	ops_par_loop_viscosity_kernel_148	viscosity_kernel
8173	0.000021812	430304	ops_par_loop_update_halo_kernel1_b1_149	update_halo_kernel1_b1
8174	0.000019517	430304	ops_par_loop_update_halo_kernel1_t1_150	update_halo_kernel1_t1
8175	0.000023494	430304	ops_par_loop_update_halo_kernel1_l1_151	update_halo_kernel1_l1
8176	0.000022864	430304	ops_par_loop_update_halo_kernel1_r1_152	update_halo_kernel1_r1
8177	0.000915329	1061744640	ops_par_loop_calc_dt_kernel_153	calc_dt_kernel
8178	0.001496011	1887436800	ops_par_loop_group_0	PdV_kernel_predict+ideal_gas_kernel
8179	0.000021801	430304	ops_par_loop_update_halo_kernel1_b1_2	update_halo_kernel1_b1
8180	0.000020248	430304	ops_par_loop_update_halo_kernel1_t1_3	update_halo_kernel1_t1
8181	0.000024787	430304	ops_par_loop_update_halo_kernel1_l1_4	update_halo_kernel1_l1
8182	0.000022993	430304	ops_par_loop_update_halo_kernel1_r1_5	update_halo_kernel1_r1
8183	0.001098666	1298288728	ops_par_loop_accelerate_kernel_7	accelerate_kernel
8184	0.001356075	2123366400	ops_par_loop_group_6	revert_kernel+PdV_kernel_nopredict
8185	0.000360935	471982080	ops_par_loop_flux_calc_kernelx_9	flux_calc_kernelx
8186	0.000359513	471982080	ops_par_loop_flux_calc_kernely_10	flux_calc_kernely
8187	0.000022283	553536	ops_par_loop_group_9	update_halo_kernel1_b2+update_halo_kernel4_minus_4_a
8188	0.000025699	553536	ops_par_loop_group_10	update_halo_kernel1_b1+update_halo_kernel4_minus_2_a
8189	0.000021280	369120	ops_par_loop_group_11	update_halo_kernel3_plus_4_a+update_halo_kernel2_xvel_plus_4_a+update_halo_kernel2_yvel_minus_4_a
8190	0.000020669	369120	ops_par_loop_group_12	update_halo_kernel3_plus_2_a+update_halo_kernel2_xvel_plus_2_a+update_halo_kernel2_yvel_minus_2_a
8191	0.000018665	123008	ops_par_loop_update_halo_kernel4_minus_4_b_29	update_halo_kernel4_minus_4_b
8192	0.000021040	553536	ops_par_loop_group_14	update_halo_kernel1_t2+update_halo_kernel4_minus_2_b
8193	0.000021070	430528	ops_par_loop_update_halo_kernel1_t1_14	update_halo_kernel1_t1
8194	0.000019988	246080	ops_par_loop_group_16	update_halo_kernel2_xvel_plus_4_b+update_halo_kernel2_yvel_minus_4_b
8195	0.000021020	369120	ops_par_loop_group_17	update_halo_kernel3_plus_4_b+update_halo_kernel2_xvel_plus_2_b+update_halo_kernel2_yvel_minus_2_b
8196	0.000018264	123040	ops_par_loop_update_halo_kernel3_plus_2_b_22	update_halo_kernel3_plus_2_b
8197	0.000024877	553536	ops_par_loop_group_19	update_halo_kernel1_l2+update_halo_kernel3_minus_4_a
8198	0.000022883	553536	ops_par_loop_group_20	update_halo_kernel1_l1+update_halo_kernel3_minus_2_a
8199	0.000018826	123008	ops_par_loop_update_halo_kernel3_minus_4_b_25	update_halo_kernel3_minus_4_b
8200	0.000024597	553536	ops_par_loop_group_22	update_halo_kernel1_r2+update_halo_kernel3_minus_2_b
8201	0.000021160	430528	ops_par_loop_update_halo_kernel1_r1_18	update_halo_kernel1_r1
8202	0.000024045	369120	ops_par_loop_group_24	update_halo_kernel4_plus_4_a+update_halo_kernel2_xvel_minus_4_a+update_halo_kernel2_yvel_plus_4_a
8203	0.000021962	369120	ops_par_loop_group_25	update_halo_kernel4_plus_2_a+update_halo_kernel2_xvel_minus_2_a+update_halo_kernel2_yvel_plus_2_a
8204	0.000020559	246080	ops_par_loop_group_26	update_halo_kernel2_xvel_minus_4_b+update_halo_kernel2_yvel_plus_4_b
8205	0.000023254	369120	ops_par_loop_group_27	update_halo_kernel4_plus_4_b+update_halo_kernel2_xvel_minus_2_b+update_halo_kernel2_yvel_plus_2_b
8206	0.000018495	123040	ops_par_loop_update_halo_kernel4_plus_2_b_34	update_halo_kernel4_plus_2_b
8207	0.000565463	591053440	ops_par_loop_advec_cell_kernel1_ydir_35	advec_cell_kernel1_ydir
8208	0.000786284	708203544	ops_par_loop_advec_cell_kernel3_ydir_36	advec_cell_kernel3_ydir
8209	0.001473188	1533542400	ops_par_loop_advec_cell_kernel4_ydir_37	advec_cell_kernel4_ydir
8210	0.000023134	553536	ops_par_loop_group_32	update_halo_kernel1_b2+update_halo_kernel4_minus_4_a
8211	0.000021200	553536	ops_par_loop_group_33	update_halo_kernel1_b1+update_halo_kernel4_minus_2_a
8212	0.000018235	123008	ops_par_loop_update_halo_kernel4_minus_4_b_64	update_halo_kernel4_minus_4_b
8213	0.000021301	553536	ops_par_loop_group_35	update_halo_kernel1_t2+update_halo_kernel4_minus_2_b
8214	0.000020268	430528	ops_par_loop_update_halo_kernel1_t1_41	update_halo_kernel1_t1
8215	0.000023425	430528	ops_par_loop_update_halo_kernel1_l2_42	update_halo_kernel1_l2
8216	0.000021280	430528	ops_par_loop_update_halo_kernel1_l1_43	update_halo_kernel1_l1
8217	0.000023104	430528	ops_par_loop_update_halo_kernel1_r2_44	update_halo_kernel1_r2
8218	0.000021772	430528	ops_par_loop_update_halo_kernel1_r1_45	update_halo_kernel1_r1
8219	0.000018946	123040	ops_par_loop_update_halo_kernel4_plus_4_a_66	update_halo_kernel4_plus_4_a
8220	0.000017613	123040	ops_par_loop_update_halo_kernel4_plus_2_a_67	update_halo_kernel4_plus_2_a
8221	0.000019397	123040	ops_par_loop_update_halo_kernel4_plus_4_b_68	update_halo_kernel4_plus_4_b
8222	0.000018075	123040	ops_par_loop_update_halo_kernel4_plus_2_b_69	update_halo_kernel4_plus_2_b
8223	0.000562178	591053440	ops_par_loop_advec_mom_kernel_y1_70	advec_mom_kernel_y1
8224	0.000191102	236236864	ops_par_loop_advec_mom_kernel_mass_flux_y_71	advec_mom_kernel_mass_flux_y
8225	0.000531630	590438520	ops_par_loop_advec_mom_kernel_post_pre_advec_y_72	advec_mom_kernel_post_pre_advec_y
8226	0.000876614	472258640	ops_par_loop_advec_mom_kernel1_y_nonvector_73	advec_mom_kernel1_y_nonvector
8227	0.000452429	590131240	ops_par_loop_advec_mom_kernel2_y_74	advec_mom_kernel2_y
8228	0.000562929	591053440	ops_par_loop_advec_mom_kernel_y1_75	advec_mom_kernel_y1
8229	0.000191434	236236864	ops_par_loop_advec_mom_kernel_mass_flux_y_76	advec_mom_kernel_mass_flux_y
8230	0.000532982	590438520	ops_par_loop_advec_mom_kernel_post_pre_advec_y_77	advec_mom_kernel_post_pre_advec_y
8231	0.000871334	472258640	ops_par_loop_advec_mom_kernel1_y_nonvector_78	advec_mom_kernel1_y_nonvector
8232	0.000450065	590131240	ops_par_loop_advec_mom_kernel2_y_79	advec_mom_kernel2_y
8233	0.000490952	472842752	ops_par_loop_advec_cell_kernel2_xdir_80	advec_cell_kernel2_xdir
8234	0.000771956	708203544	ops_par_loop_advec_cell_kernel3_xdir_81	advec_cell_kernel3_xdir
8235	0.001463559	1533542400	ops_par_loop_advec_cell_kernel4_xdir_82	advec_cell_kernel4_xdir
8236	0.000022543	553536	ops_par_loop_group_58	update_halo_kernel1_b2+update_halo_kernel4_minus_4_a
8237	0.000021200	553536	ops_par_loop_group_59	update_halo_kernel1_b1+update_halo_kernel4_minus_2_a
8238	0.000021000	369120	ops_par_loop_group_60	update_halo_kernel2_xvel_plus_4_a+update_halo_kernel2_yvel_minus_4_a+update_halo_kernel3_plus_4_a
8239	0.000020969	369120	ops_par_loop_group_61	update_halo_kernel2_xvel_plus_2_a+update_halo_kernel2_yvel_minus_2_a+update_halo_kernel3_plus_2_a
8240	0.000045426	246080	ops_par_loop_group_62	update_halo_kernel2_xvel_plus_4_b+update_halo_kernel2_yvel_minus_4_b
8241	0.000022082	369120	ops_par_loop_group_63	update_halo_kernel2_xvel_plus_2_b+update_halo_kernel2_yvel_minus_2_b+update_halo_kernel3_plus_4_b
8242	0.000021991	246080	ops_par_loop_group_64	update_halo_kernel2_xvel_minus_4_b+update_halo_kernel2_yvel_plus_4_b
8243	0.000018846	123040	ops_par_loop_update_halo_kernel3_plus_2_b_110	update_halo_kernel3_plus_2_b
8244	0.000019107	123008	ops_par_loop_update_halo_kernel3_minus_4_b_113	update_halo_kernel3_minus_4_b
8245	0.000018094	123008	ops_par_loop_update_halo_kernel4_minus_4_b_117	update_halo_kernel4_minus_4_b
8246	0.000021751	553536	ops_par_loop_group_68	update_halo_kernel1_t2+update_halo_kernel4_minus_2_b
8247	0.000021381	430528	ops_par_loop_update_halo_kernel1_t1_86	update_halo_kernel1_t1
8248	0.000026109	553536	ops_par_loop_group_70	update_halo_kernel1_l2+update_halo_kernel3_minus_4_a
8249	0.000022974	553536	ops_par_loop_group_71	update_halo_kernel1_l1+update_halo_kernel3_minus_2_a
8250	0.000025027	553536	ops_par_loop_group_72	update_halo_kernel1_r2+update_halo_kernel3_minus_2_b
8251	0.000020499	430528	ops_par_loop_update_halo_kernel1_r1_90	update_halo_kernel1_r1
8252	0.000023575	369120	ops_par_loop_group_74	update_halo_kernel2_xvel_minus_4_a+update_halo_kernel2_yvel_plus_4_a+update_halo_kernel4_plus_4_a
8253	0.000021210	369120	ops_par_loop_group_75	update_halo_kernel2_xvel_minus_2_a+update_halo_kernel2_yvel_plus_2_a+update_halo_kernel4_plus_2_a
8254	0.000022132	369120	ops_par_loop_group_76	update_halo_kernel2_xvel_minus_2_b+update_halo_kernel2_yvel_plus_2_b+update_halo_kernel4_plus_4_b
8255	0.000018575	123040	ops_par_loop_update_halo_kernel4_plus_2_b_122	update_halo_kernel4_plus_2_b
8256	0.000496383	472842752	ops_par_loop_advec_mom_kernel_x2_123	advec_mom_kernel_x2
8257	0.000200300	236236864	ops_par_loop_advec_mom_kernel_mass_flux_x_124	advec_mom_kernel_mass_flux_x
8258	0.000574410	590438520	ops_par_loop_advec_mom_kernel_post_pre_advec_x_125	advec_mom_kernel_post_pre_advec_x
8259	0.000880432	472258640	ops_par_loop_advec_mom_kernel1_x_nonvector_126	advec_mom_kernel1_x_nonvector
8260	0.000450415	590131240	ops_par_loop_advec_mom_kernel2_x_127	advec_mom_kernel2_x
8261	0.000498557	472842752	ops_par_loop_advec_mom_kernel_x2_128	advec_mom_kernel_x2
8262	0.000194520	236236864	ops_par_loop_advec_mom_kernel_mass_flux_x_129	advec_mom_kernel_mass_flux_x
8263	0.000575113	590438520	ops_par_loop_advec_mom_kernel_post_pre_advec_x_130	advec_mom_kernel_post_pre_advec_x
8264	0.000883217	472258640	ops_par_loop_advec_mom_kernel1_x_nonvector_131	advec_mom_kernel1_x_nonvector
8265	0.000435046	471859200	ops_par_loop_reset_field_kernel1_133	reset_field_kernel1
8266	0.001435536	1534095432	ops_par_loop_group_88	advec_mom_kernel2_x+reset_field_kernel2+ideal_gas_kernel
8267	0.000492825	471859200	ops_par_loop_ideal_gas_kernel_0	ideal_gas_kernel
8268	0.000024125	430304	ops_par_loop_update_halo_kernel1_b1_1	update_halo_kernel1_b1
8269	0.000022172	430304	ops_par_loop_update_halo_kernel1_t1_2	update_halo_kernel1_t1
8270	0.000025398	430304	ops_par_loop_update_halo_kernel1_l1_3	update_halo_kernel1_l1
8271	0.000024927	430304	ops_par_loop_update_halo_kernel1_r1_4	update_halo_kernel1_r1
8272	0.000020920	245952	ops_par_loop_group_5	update_halo_kernel2_xvel_plus_2_a+update_halo_kernel2_yvel_minus_2_a
8273	0.000019156	245952	ops_par_loop_group_6	update_halo_kernel2_xvel_plus_2_b+update_halo_kernel2_yvel_minus_2_b
8274	0.000021251	245952	ops_par_loop_group_7	update_halo_kernel2_xvel_minus_2_a+update_halo_kernel2_yvel_plus_2_a
8275	0.000021661	245952	ops_par_loop_group_8	update_halo_kernel2_xvel_minus_2_b+update_halo_kernel2_yvel_plus_2_b
8276	0.001729935	589885440	ops_par_loop_viscosity_kernel_13	viscosity_kernel
8277	0.000023534	430304	ops_par_loop_update_halo_kernel1_b1_14	update_halo_kernel1_b1
8278	0.000021060	430304	ops_par_loop_update_halo_kernel1_t1_15	update_halo_kernel1_t1
8279	0.000023515	430304	ops_par_loop_update_halo_kernel1_l1_16	update_halo_kernel1_l1
8280	0.000023204	430304	ops_par_loop_update_halo_kernel1_r1_17	update_halo_kernel1_r1
8281	0.000915919	1061744640	ops_par_loop_calc_dt_kernel_18	calc_dt_kernel
8282	0.001501240	1887436800	ops_par_loop_group_0	PdV_kernel_predict+ideal_gas_kernel
8283	0.000023665	430304	ops_par_loop_update_halo_kernel1_b1_2	update_halo_kernel1_b1
8284	0.000021410	430304	ops_par_loop_update_halo_kernel1_t1_3	update_halo_kernel1_t1
8285	0.000024627	430304	ops_par_loop_update_halo_kernel1_l1_4	update_halo_kernel1_l1
8286	0.000024126	430304	ops_par_loop_update_halo_kernel1_r1_5	update_halo_kernel1_r1
8287	0.001097093	1298288728	ops_par_loop_accelerate_kernel_7	accelerate_kernel
8288	0.001356135	2123366400	ops_par_loop_group_6	revert_kernel+PdV_kernel_nopredict
8289	0.000361686	471982080	ops_par_loop_flux_calc_kernelx_9	flux_calc_kernelx
8290	0.000361486	471982080	ops_par_loop_flux_calc_kernely_10	flux_calc_kernely
8291	0.000022282	553536	ops_par_loop_group_9	update_halo_kernel1_b2+update_halo_kernel4_minus_4_a
8292	0.000020870	553536	ops_par_loop_group_10	update_halo_kernel1_b1+update_halo_kernel4_minus_2_a
8293	0.000021782	369120	ops_par_loop_group_11	update_halo_kernel3_plus_4_a+update_halo_kernel2_xvel_plus_4_a+update_halo_kernel2_yvel_minus_4_a
8294	0.000021220	369120	ops_par_loop_group_12	update_halo_kernel3_plus_2_a+update_halo_kernel2_xvel_plus_2_a+update_halo_kernel2_yvel_minus_2_a
8295	0.000019186	123008	ops_par_loop_update_halo_kernel4_minus_4_b_29	update_halo_kernel4_minus_4_b
8296	0.000020769	553536	ops_par_loop_group_14	update_halo_kernel1_t2+update_halo_kernel4_minus_2_b
8297	0.000020309	430528	ops_par_loop_update_halo_kernel1_t1_14	update_halo_kernel1_t1
8298	0.000020890	246080	ops_par_loop_group_16	update_halo_kernel2_xvel_plus_4_b+update_halo_kernel2_yvel_minus_4_b
8299	0.000020358	369120	ops_par_loop_group_17	update_halo_kernel3_plus_4_b+update_halo_kernel2_xvel_plus_2_b+update_halo_kernel2_yvel_minus_2_b
8300	0.000019187	123040	ops_par_loop_update_halo_kernel3_plus_2_b_22	update_halo_kernel3_plus_2_b
8301	0.000026871	553536	ops_par_loop_group_19	update_halo_kernel1_l2+update_halo_kernel3_minus_4_a
8302	0.000023484	553536	ops_par_loop_group_20	update_halo_kernel1_l1+update_halo_kernel3_minus_2_a
8303	0.000019837	123008	ops_par_loop_update_halo_kernel3_minus_4_b_25	update_halo_kernel3_minus_4_b
8304	0.000025008	553536	ops_par_loop_group_22	update_halo_kernel1_r2+update_halo_kernel3_minus_2_b
8305	0.000021731	430528	ops_par_loop_update_halo_kernel1_r1_18	update_halo_kernel1_r1
8306	0.000023454	369120	ops_par_loop_group_24	update_halo_kernel4_plus_4_a+update_halo_kernel2_xvel_minus_4_a+update_halo_kernel2_yvel_plus_4_a
8307	0.000022403	369120	ops_par_loop_group_25	update_halo_kernel4_plus_2_a+update_halo_kernel2_xvel_minus_2_a+update_halo_kernel2_yvel_plus_2_a
8308	0.000021020	246080	ops_par_loop_group_26	update_halo_kernel2_xvel_minus_4_b+update_halo_kernel2_yvel_plus_4_b
8309	0.000023224	369120	ops_par_loop_group_27	update_halo_kernel4_plus_4_b+update_halo_kernel2_xvel_minus_2_b+update_halo_kernel2_yvel_plus_2_b
8310	0.000018906	123040	ops_par_loop_update_halo_kernel4_plus_2_b_34	update_halo_kernel4_plus_2_b
8311	0.000561997	591053440	ops_par_loop_advec_cell_kernel1_xdir_35	advec_cell_kernel1_xdir
8312	0.000771835	708203544	ops_par_loop_advec_cell_kernel3_xdir_36	advec_cell_kernel3_xdir
8313	0.001458951	1533542400	ops_par_loop_advec_cell_kernel4_xdir_37	advec_cell_kernel4_xdir
8314	0.000021962	430528	ops_par_loop_update_halo_kernel1_b2_38	update_halo_kernel1_b2
8315	0.000020609	430528	ops_par_loop_update_halo_kernel1_b1_39	update_halo_kernel1_b1
8316	0.000020368	430528	ops_par_loop_update_halo_kernel1_t2_40	update_halo_kernel1_t2
8317	0.000019938	430528	ops_par_loop_update_halo_kernel1_t1_41	update_halo_kernel1_t1
8318	0.000019287	123040	ops_par_loop_update_halo_kernel3_plus_4_a_62	update_halo_kernel3_plus_4_a
8319	0.000019356	123040	ops_par_loop_update_halo_kernel3_plus_2_a_63	update_halo_kernel3_plus_2_a
8320	0.000018675	123040	ops_par_loop_update_halo_kernel3_plus_4_b_64	update_halo_kernel3_plus_4_b
8321	0.000018736	123040	ops_par_loop_update_halo_kernel3_plus_2_b_65	update_halo_kernel3_plus_2_b
8322	0.000025849	553536	ops_par_loop_group_40	update_halo_kernel1_l2+update_halo_kernel3_minus_4_a
8323	0.000023735	553536	ops_par_loop_group_41	update_halo_kernel1_l1+update_halo_kernel3_minus_2_a
8324	0.000019177	123008	ops_par_loop_update_halo_kernel3_minus_4_b_68	update_halo_kernel3_minus_4_b
8325	0.000025107	553536	ops_par_loop_group_43	update_halo_kernel1_r2+update_halo_kernel3_minus_2_b
8326	0.000021581	430528	ops_par_loop_update_halo_kernel1_r1_45	update_halo_kernel1_r1
8327	0.000564231	591053440	ops_par_loop_advec_mom_kernel_x1_70	advec_mom_kernel_x1
8328	0.000194670	236236864	ops_par_loop_advec_mom_kernel_mass_flux_x_71	advec_mom_kernel_mass_flux_x
8329	0.000574350	590438520	ops_par_loop_advec_mom_kernel_post_pre_advec_x_72	advec_mom_kernel_post_pre_advec_x
8330	0.000880853	472258640	ops_par_loop_advec_mom_kernel1_x_nonvector_73	advec_mom_kernel1_x_nonvector
8331	0.000450095	590131240	ops_par_loop_advec_mom_kernel2_x_74	advec_mom_kernel2_x
8332	0.000562879	591053440	ops_par_loop_advec_mom_kernel_x1_75	advec_mom_kernel_x1
8333	0.000193608	236236864	ops_par_loop_advec_mom_kernel_mass_flux_x_76	advec_mom_kernel_mass_flux_x
8334	0.000574221	590438520	ops_par_loop_advec_mom_kernel_post_pre_advec_x_77	advec_mom_kernel_post_pre_advec_x
8335	0.000883788	472258640	ops_par_loop_advec_mom_kernel1_x_nonvector_78	advec_mom_kernel1_x_nonvector
8336	0.000455615	590131240	ops_par_loop_advec_mom_kernel2_x_79	advec_mom_kernel2_x
8337	0.000498787	472842752	ops_par_loop_advec_cell_kernel2_ydir_80	advec_cell_kernel2_ydir
8338	0.000792705	708203544	ops_par_loop_advec_cell_kernel3_ydir_81	advec_cell_kernel3_ydir
8339	0.001472045	1533542400	ops_par_loop_advec_cell_kernel4_ydir_82	advec_cell_kernel4_ydir
8340	0.000022633	553536	ops_par_loop_group_58	update_halo_kernel1_b2+update_halo_kernel4_minus_4_a
8341	0.000021782	553536	ops_par_loop_group_59	update_halo_kernel1_b1+update_halo_kernel4_minus_2_a
8342	0.000022012	369120	ops_par_loop_group_60	update_halo_kernel2_xvel_plus_4_a+update_halo_kernel2_yvel_minus_4_a+update_halo_kernel3_plus_4_a
8343	0.000021881	369120	ops_par_loop_group_61	update_halo_kernel2_xvel_plus_2_a+update_halo_kernel2_yvel_minus_2_a+update_halo_kernel3_plus_2_a
8344	0.000020178	246080	ops_par_loop_group_62	update_halo_kernel2_xvel_plus_4_b+update_halo_kernel2_yvel_minus_4_b
8345	0.000022984	369120	ops_par_loop_group_63	update_halo_kernel2_xvel_plus_2_b+update_halo_kernel2_yvel_minus_2_b+update_halo_kernel3_plus_4_b
8346	0.000023024	246080	ops_par_loop_group_64	update_halo_kernel2_xvel_minus_4_b+update_halo_kernel2_yvel_plus_4_b
8347	0.000020108	123040	ops_par_loop_update_halo_kernel3_plus_2_b_110	update_halo_kernel3_plus_2_b
8348	0.000019798	123008	ops_par_loop_update_halo_kernel3_minus_4_b_113	update_halo_kernel3_minus_4_b
8349	0.000019017	123008	ops_par_loop_update_halo_kernel4_minus_4_b_117	update_halo_kernel4_minus_4_b
8350	0.000022854	553536	ops_par_loop_group_68	update_halo_kernel1_t2+update_halo_kernel4_minus_2_b
8351	0.000021792	430528	ops_par_loop_update_halo_kernel1_t1_86	update_halo_kernel1_t1
8352	0.000027783	553536	ops_par_loop_group_70	update_halo_kernel1_l2+update_halo_kernel3_minus_4_a
8353	0.000023204	553536	ops_par_loop_group_71	update_halo_kernel1_l1+update_halo_kernel3_minus_2_a
8354	0.000025388	553536	ops_par_loop_group_72	update_halo_kernel1_r2+update_halo_kernel3_minus_2_b
8355	0.000021902	430528	ops_par_loop_update_halo_kernel1_r1_90	update_halo_kernel1_r1
8356	0.000023815	369120	ops_par_loop_group_74	update_halo_kernel2_xvel_minus_4_a+update_halo_kernel2_yvel_plus_4_a+update_halo_kernel4_plus_4_a
8357	0.000021922	369120	ops_par_loop_group_75	update_halo_kernel2_xvel_minus_2_a+update_halo_kernel2_yvel_plus_2_a+update_halo_kernel4_plus_2_a
8358	0.000023434	369120	ops_par_loop_group_76	update_halo_kernel2_xvel_minus_2_b+update_halo_kernel2_yvel_plus_2_b+update_halo_kernel4_plus_4_b
8359	0.000019387	123040	ops_par_loop_update_halo_kernel4_plus_2_b_122	update_halo_kernel4_plus_2_b
8360	0.000494359	472842752	ops_par_loop_advec_mom_kernel_y2_123	advec_mom_kernel_y2
8361	0.000192105	236236864	ops_par_loop_advec_mom_kernel_mass_flux_y_124	advec_mom_kernel_mass_flux_y
8362	0.000530958	590438520	ops_par_loop_advec_mom_kernel_post_pre_advec_y_125	advec_mom_kernel_post_pre_advec_y
8363	0.000876935	472258640	ops_par_loop_advec_mom_kernel1_y_nonvector_126	advec_mom_kernel1_y_nonvector
8364	0.000450014	590131240	ops_par_loop_advec_mom_kernel2_y_127	advec_mom_kernel2_y
8365	0.000489519	472842752	ops_par_loop_advec_mom_kernel_y2_128	advec_mom_kernel_y2
8366	0.000192306	236236864	ops_par_loop_advec_mom_kernel_mass_flux_y_129	advec_mom_kernel_mass_flux_y
8367	0.000532592	590438520	ops_par_loop_advec_mom_kernel_post_pre_advec_y_130	advec_mom_kernel_post_pre_advec_y
8368	0.000872416	472258640	ops_par_loop_advec_mom_kernel1_y_nonvector_131	advec_mom_kernel1_y_nonvector
8369	0.000435146	471859200	ops_par_loop_reset_field_kernel1_133	reset_field_kernel1
8370	0.001437519	1534095432	ops_par_loop_group_88	advec_mom_kernel2_y+reset_field_kernel2+ideal_gas_kernel
8371	0.000022633	430304	ops_par_loop_update_halo_kernel1_b1_136	update_halo_kernel1_b1
8372	0.000020229	430304	ops_par_loop_update_halo_kernel1_t1_137	update_halo_kernel1_t1
8373	0.000024436	430304	ops_par_loop_update_halo_kernel1_l1_138	update_halo_kernel1_l1
8374	0.000024136	430304	ops_par_loop_update_halo_kernel1_r1_139	update_halo_kernel1_r1
8375	0.000018997	245952	ops_par_loop_group_93	update_halo_kernel2_xvel_plus_2_a+update_halo_kernel2_yvel_minus_2_a
8376	0.000019397	245952	ops_par_loop_group_94	update_halo_kernel2_xvel_plus_2_b+update_halo_kernel2_yvel_minus_2_b
8377	0.000021421	245952	ops_par_loop_group_95	update_halo_kernel2_xvel_minus_2_a+update_halo_kernel2_yvel_plus_2_a
8378	0.000021621	245952	ops_par_loop_group_96	update_halo_kernel2_xvel_minus_2_b+update_halo_kernel2_yvel_plus_2_b
8379	0.001729605	589885440	ops_par_loop_viscosity_kernel_148	viscosity_kernel
8380	0.000022203	430304	ops_par_loop_update_halo_kernel1_b1_149	update_halo_kernel1_b1
8381	0.000020498	430304	ops_par_loop_update_halo_kernel1_t1_150	update_halo_kernel1_t1
8382	0.000023434	430304	ops_par_loop_update_halo_kernel1_l1_151	update_halo_kernel1_l1
8383	0.000023805	430304	ops_par_loop_update_halo_kernel1_r1_152	update_halo_kernel1_r1
8384	0.000916179	1061744640	ops_par_loop_calc_dt_kernel_153	calc_dt_kernel
8385	0.001486643	1887436800	ops_par_loop_group_0	PdV_kernel_predict+ideal_gas_kernel
8386	0.000023494	430304	ops_par_loop_update_halo_kernel1_b1_2	update_halo_kernel1_b1
8387	0.000020369	430304	ops_par_loop_update_halo_kernel1_t1_3	update_halo_kernel1_t1
8388	0.000025729	430304	ops_par_loop_update_halo_kernel1_l1_4	update_halo_kernel1_l1
8389	0.000024296	430304	ops_par_loop_update_halo_kernel1_r1_5	update_halo_kernel1_r1
8390	0.001099669	1298288728	ops_par_loop_accelerate_kernel_7	accelerate_kernel
8391	0.001363639	2123366400	ops_par_loop_group_6	revert_kernel+PdV_kernel_nopredict
8392	0.000358701	471982080	ops_par_loop_flux_calc_kernelx_9	flux_calc_kernelx
8393	0.000356377	471982080	ops_par_loop_flux_calc_kernely_10	flux_calc_kernely
8394	0.000023896	553536	ops_par_loop_group_9	update_halo_kernel1_b2+update_halo_kernel4_minus_4_a
8395	0.000022944	553536	ops_par_loop_group_10	update_halo_kernel1_b1+update_halo_kernel4_minus_2_a
8396	0.000022162	369120	ops_par_loop_group_11	update_halo_kernel3_plus_4_a+update_halo_kernel2_xvel_plus_4_a+update_halo_kernel2_yvel_minus_4_a
8397	0.000020779	369120	ops_par_loop_group_12	update_halo_kernel3_plus_2_a+update_halo_kernel2_xvel_plus_2_a+update_halo_kernel2_yvel_minus_2_a
8398	0.000022032	123008	ops_par_loop_update_halo_kernel4_minus_4_b_29	update_halo_kernel4_minus_4_b
8399	0.000027443	553536	ops_par_loop_group_14	update_halo_kernel1_t2+update_halo_kernel4_minus_2_b
8400	0.000022603	430528	ops_par_loop_update_halo_kernel1_t1_14	update_halo_kernel1_t1
8401	0.000022282	246080	ops_par_loop_group_16	update_halo_kernel2_xvel_plus_4_b+update_halo_kernel2_yvel_minus_4_b
8402	0.000023194	369120	ops_par_loop_group_17	update_halo_kernel3_plus_4_b+update_halo_kernel2_xvel_plus_2_b+update_halo_kernel2_yvel_minus_2_b
8403	0.000020970	123040	ops_par_loop_update_halo_kernel3_plus_2_b_22	update_halo_kernel3_plus_2_b
8404	0.000027402	553536	ops_par_loop_group_19	update_halo_kernel1_l2+update_halo_kernel3_minus_4_a
8405	0.000024336	553536	ops_par_loop_group_20	update_halo_kernel1_l1+update_halo_kernel3_minus_2_a
8406	0.000020879	123008	ops_par_loop_update_halo_kernel3_minus_4_b_25	update_halo_kernel3_minus_4_b
8407	0.000027192	553536	ops_par_loop_group_22	update_halo_kernel1_r2+update_halo_kernel3_minus_2_b
8408	0.000024257	430528	ops_par_loop_update_halo_kernel1_r1_18	update_halo_kernel1_r1
8409	0.000025008	369120	ops_par_loop_group_24	update_halo_kernel4_plus_4_a+update_halo_kernel2_xvel_minus_4_a+update_halo_kernel2_yvel_plus_4_a
8410	0.000022482	369120	ops_par_loop_group_25	update_halo_kernel4_plus_2_a+update_halo_kernel2_xvel_minus_2_a+update_halo_kernel2_yvel_plus_2_a
8411	0.000023304	246080	ops_par_loop_group_26	update_halo_kernel2_xvel_minus_4_b+update_halo_kernel2_yvel_plus_4_b
8412	0.000025418	369120	ops_par_loop_group_27	update_halo_kernel4_plus_4_b+update_halo_kernel2_xvel_minus_2_b+update_halo_kernel2_yvel_plus_2_b
8413	0.000020048	123040	ops_par_loop_update_halo_kernel4_plus_2_b_34	update_halo_kernel4_plus_2_b
8414	0.000568429	591053440	ops_par_loop_advec_cell_kernel1_ydir_35	advec_cell_kernel1_ydir
8415	0.000791614	708203544	ops_par_loop_advec_cell_kernel3_ydir_36	advec_cell_kernel3_ydir
8416	0.001477025	1533542400	ops_par_loop_advec_cell_kernel4_ydir_37	advec_cell_kernel4_ydir
8417	0.000023876	553536	ops_par_loop_group_32	update_halo_kernel1_b2+update_halo_kernel4_minus_4_a
8418	0.000022834	553536	ops_par_loop_group_33	update_halo_kernel1_b1+update_halo_kernel4_minus_2_a
8419	0.000019307	123008	ops_par_loop_update_halo_kernel4_minus_4_b_64	update_halo_kernel4_minus_4_b
8420	0.000021321	553536	ops_par_loop_group_35	update_halo_kernel1_t2+update_halo_kernel4_minus_2_b
8421	0.000021130	430528	ops_par_loop_update_halo_kernel1_t1_41	update_halo_kernel1_t1
8422	0.000024406	430528	ops_par_loop_update_halo_kernel1_l2_42	update_halo_kernel1_l2
8423	0.000022022	430528	ops_par_loop_update_halo_kernel1_l1_43	update_halo_kernel1_l1
8424	0.000022823	430528	ops_par_loop_update_halo_kernel1_r2_44	update_halo_kernel1_r2
8425	0.000021781	430528	ops_par_loop_update_halo_kernel1_r1_45	update_halo_kernel1_r1
8426	0.000019988	123040	ops_par_loop_update_halo_kernel4_plus_4_a_66	update_halo_kernel4_plus_4_a
8427	0.000019317	123040	ops_par_loop_update_halo_kernel4_plus_2_a_67	update_halo_kernel4_plus_2_a
8428	0.000019647	123040	ops_par_loop_update_halo_kernel4_plus_4_b_68	update_halo_kernel4_plus_4_b
8429	0.000018525	123040	ops_par_loop_update_halo_kernel4_plus_2_b_69	update_halo_kernel4_plus_2_b
8430	0.000561075	591053440	ops_par_loop_advec_mom_kernel_y1_70	advec_mom_kernel_y1
8431	0.000191904	236236864	ops_par_loop_advec_mom_kernel_mass_flux_y_71	advec_mom_kernel_mass_flux_y
8432	0.000532381	590438520	ops_par_loop_advec_mom_kernel_post_pre_advec_y_72	advec_mom_kernel_post_pre_advec_y
8433	0.000877436	472258640	ops_par_loop_advec_mom_kernel1_y_nonvector_73	advec_mom_kernel1_y_nonvector
8434	0.000448562	590131240	ops_par_loop_advec_mom_kernel2_y_74	advec_mom_kernel2_y
8435	0.000560495	591053440	ops_par_loop_advec_mom_kernel_y1_75	advec_mom_kernel_y1
8436	0.000192075	236236864	ops_par_loop_advec_mom_kernel_mass_flux_y_76	advec_mom_kernel_mass_flux_y
8437	0.000532481	590438520	ops_par_loop_advec_mom_kernel_post_pre_advec_y_77	advec_mom_kernel_post_pre_advec_y
8438	0.000871475	472258640	ops_par_loop_advec_mom_kernel1_y_nonvector_78	advec_mom_kernel1_y_nonvector
8439	0.000444805	590131240	ops_par_loop_advec_mom_kernel2_y_79	advec_mom_kernel2_y
8440	0.000490612	472842752	ops_par_loop_advec_cell_kernel2_xdir_80	advec_cell_kernel2_xdir
8441	0.000772988	708203544	ops_par_loop_advec_cell_kernel3_xdir_81	advec_cell_kernel3_xdir
8442	0.001458659	1533542400	ops_par_loop_advec_cell_kernel4_xdir_82	advec_cell_kernel4_xdir
8443	0.000022203	553536	ops_par_loop_group_58	update_halo_kernel1_b2+update_halo_kernel4_minus_4_a
8444	0.000025658	553536	ops_par_loop_group_59	update_halo_kernel1_b1+update_halo_kernel4_minus_2_a
8445	0.000022413	369120	ops_par_loop_group_60	update_halo_kernel2_xvel_plus_4_a+update_halo_kernel2_yvel_minus_4_a+update_halo_kernel3_plus_4_a
8446	0.000021320	369120	ops_par_loop_group_61	update_halo_kernel2_xvel_plus_2_a+update_halo_kernel2_yvel_minus_2_a+update_halo_kernel3_plus_2_a
8447	0.000019748	246080	ops_par_loop_group_62	update_halo_kernel2_xvel_plus_4_b+update_halo_kernel2_yvel_minus_4_b
8448	0.000020429	369120	ops_par_loop_group_63	update_halo_kernel2_xvel_plus_2_b+update_halo_kernel2_yvel_minus_2_b+update_halo_kernel3_plus_4_b
8449	0.000021380	246080	ops_par_loop_group_64	update_halo_kernel2_xvel_minus_4_b+update_halo_kernel2_yvel_plus_4_b
8450	0.000019817	123040	ops_par_loop_update_halo_kernel3_plus_2_b_110	update_halo_kernel3_plus_2_b
8451	0.000019707	123008	ops_par_loop_update_halo_kernel3_minus_4_b_113	update_halo_kernel3_minus_4_b
8452	0.000018084	123008	ops_par_loop_update_halo_kernel4_minus_4_b_117	update_halo_kernel4_minus_4_b
8453	0.000021791	553536	ops_par_loop_group_68	update_halo_kernel1_t2+update_halo_kernel4_minus_2_b
8454	0.000021330	430528	ops_par_loop_update_halo_kernel1_t1_86	update_halo_kernel1_t1
8455	0.000027071	553536	ops_par_loop_group_70	update_halo_kernel1_l2+update_halo_kernel3_minus_4_a
8456	0.000023635	553536	ops_par_loop_group_71	update_halo_kernel1_l1+update_halo_kernel3_minus_2_a
8457	0.000025048	553536	ops_par_loop_group_72	update_halo_kernel1_r2+update_halo_kernel3_minus_2_b
8458	0.000022082	430528	ops_par_loop_update_halo_kernel1_r1_90	update_halo_kernel1_r1
8459	0.000024327	369120	ops_par_loop_group_74	update_halo_kernel2_xvel_minus_4_a+update_halo_kernel2_yvel_plus_4_a+update_halo_kernel4_plus_4_a
8460	0.000021621	369120	ops_par_loop_group_75	update_halo_kernel2_xvel_minus_2_a+update_halo_kernel2_yvel_plus_2_a+update_halo_kernel4_plus_2_a
8461	0.000022673	369120	ops_par_loop_group_76	update_halo_kernel2_xvel_minus_2_b+update_halo_kernel2_yvel_plus_2_b+update_halo_kernel4_plus_4_b
8462	0.000018354	123040	ops_par_loop_update_halo_kernel4_plus_2_b_122	update_halo_kernel4_plus_2_b
8463	0.000499669	472842752	ops_par_loop_advec_mom_kernel_x2_123	advec_mom_kernel_x2
8464	0.000194519	236236864	ops_par_loop_advec_mom_kernel_mass_flux_x_124	advec_mom_kernel_mass_flux_x
8465	0.000575112	590438520	ops_par_loop_advec_mom_kernel_post_pre_advec_x_125	advec_mom_kernel_post_pre_advec_x
8466	0.000881213	472258640	ops_par_loop_advec_mom_kernel1_x_nonvector_126	advec_mom_kernel1_x_nonvector
8467	0.000450636	590131240	ops_par_loop_advec_mom_kernel2_x_127	advec_mom_kernel2_x
8468	0.000497876	472842752	ops_par_loop_advec_mom_kernel_x2_128	advec_mom_kernel_x2
8469	0.000194329	236236864	ops_par_loop_advec_mom_kernel_mass_flux_x_129	advec_mom_kernel_mass_flux_x
8470	0.000578649	590438520	ops_par_loop_advec_mom_kernel_post_pre_advec_x_130	advec_mom_kernel_post_pre_advec_x
8471	0.000883337	472258640	ops_par_loop_advec_mom_kernel1_x_nonvector_131	advec_mom_kernel1_x_nonvector
8472	0.000435347	471859200	ops_par_loop_reset_field_kernel1_133	reset_field_kernel1
8473	0.001435215	1534095432	ops_par_loop_group_88	advec_mom_kernel2_x+reset_field_kernel2+ideal_gas_kernel
8474	0.000022302	430304	ops_par_loop_update_halo_kernel1_b1_136	update_halo_kernel1_b1
8475	0.000020388	430304	ops_par_loop_update_halo_kernel1_t1_137	update_halo_kernel1_t1
8476	0.000023925	430304	ops_par_loop_update_halo_kernel1_l1_138	update_halo_kernel1_l1
8477	0.000023915	430304	ops_par_loop_update_halo_kernel1_r1_139	update_halo_kernel1_r1
8478	0.000019497	245952	ops_par_loop_group_93	update_halo_kernel2_xvel_plus_2_a+update_halo_kernel2_yvel_minus_2_a
8479	0.000019788	245952	ops_par_loop_group_94	update_halo_kernel2_xvel_plus_2_b+update_halo_kernel2_yvel_minus_2_b
8480	0.000021080	245952	ops_par_loop_group_95	update_halo_kernel2_xvel_minus_2_a+update_halo_kernel2_yvel_plus_2_a
8481	0.000021941	245952	ops_par_loop_group_96	update_halo_kernel2_xvel_minus_2_b+update_halo_kernel2_yvel_plus_2_b
8482	0.001729304	589885440	ops_par_loop_viscosity_kernel_148	viscosity_kernel
8483	0.000021861	430304	ops_par_loop_update_halo_kernel1_b1_149	update_halo_kernel1_b1
8484	0.000020238	430304	ops_par_loop_update_halo_kernel1_t1_150	update_halo_kernel1_t1
8485	0.000023825	430304	ops_par_loop_update_halo_kernel1_l1_151	update_halo_kernel1_l1
8486	0.000023765	430304	ops_par_loop_update_halo_kernel1_r1_152	update_halo_kernel1_r1
8487	0.000915959	1061744640	ops_par_loop_calc_dt_kernel_153	calc_dt_kernel
8488	0.001484970	1887436800	ops_par_loop_group_0	PdV_kernel_predict+ideal_gas_kernel
8489	0.000022513	430304	ops_par_loop_update_halo_kernel1_b1_2	update_halo_kernel1_b1
8490	0.000020229	430304	ops_par_loop_update_halo_kernel1_t1_3	update_halo_kernel1_t1
8491	0.000024998	430304	ops_par_loop_update_halo_kernel1_l1_4	update_halo_kernel1_l1
8492	0.000023996	430304	ops_par_loop_update_halo_kernel1_r1_5	update_halo_kernel1_r1
8493	0.001099718	1298288728	ops_par_loop_accelerate_kernel_7	accelerate_kernel
8494	0.001356326	2123366400	ops_par_loop_group_6	revert_kernel+PdV_kernel_nopredict
8495	0.000361507	471982080	ops_par_loop_flux_calc_kernelx_9	flux_calc_kernelx
8496	0.000357448	471982080	ops_par_loop_flux_calc_kernely_10	flux_calc_kernely
8497	0.000021862	553536	ops_par_loop_group_9	update_halo_kernel1_b2+update_halo_kernel4_minus_4_a
8498	0.000020669	553536	ops_par_loop_group_10	update_halo_kernel1_b1+update_halo_kernel4_minus_2_a
8499	0.000021671	369120	ops_par_loop_group_11	update_halo_kernel3_plus_4_a+update_halo_kernel2_xvel_plus_4_a+update_halo_kernel2_yvel_minus_4_a
8500	0.000020208	369120	ops_par_loop_group_12	update_halo_kernel3_plus_2_a+update_halo_kernel2_xvel_plus_2_a+update_halo_kernel2_yvel_minus_2_a
8501	0.000018876	123008	ops_par_loop_update_halo_kernel4_minus_4_b_29	update_halo_kernel4_minus_4_b
8502	0.000020819	553536	ops_par_loop_group_14	update_halo_kernel1_t2+update_halo_kernel4_minus_2_b
8503	0.000019977	430528	ops_par_loop_update_halo_kernel1_t1_14	update_halo_kernel1_t1
8504	0.000019777	246080	ops_par_loop_group_16	update_halo_kernel2_xvel_plus_4_b+update_halo_kernel2_yvel_minus_4_b
8505	0.000020569	369120	ops_par_loop_group_17	update_halo_kernel3_plus_4_b+update_halo_kernel2_xvel_plus_2_b+update_halo_kernel2_yvel_minus_2_b
8506	0.000019057	123040	ops_par_loop_update_halo_kernel3_plus_2_b_22	update_halo_kernel3_plus_2_b
8507	0.000026690	553536	ops_par_loop_group_19	update_halo_kernel1_l2+update_halo_kernel3_minus_4_a
8508	0.000023174	553536	ops_par_loop_group_20	update_halo_kernel1_l1+update_halo_kernel3_minus_2_a
8509	0.000019097	123008	ops_par_loop_update_halo_kernel3_minus_4_b_25	update_halo_kernel3_minus_4_b
8510	0.000024607	553536	ops_par_loop_group_22	update_halo_kernel1_r2+update_halo_kernel3_minus_2_b
8511	0.000021761	430528	ops_par_loop_update_halo_kernel1_r1_18	update_halo_kernel1_r1
8512	0.000023585	369120	ops_par_loop_group_24	update_halo_kernel4_plus_4_a+update_halo_kernel2_xvel_minus_4_a+update_halo_kernel2_yvel_plus_4_a
8513	0.000021721	369120	ops_par_loop_group_25	update_halo_kernel4_plus_2_a+update_halo_kernel2_xvel_minus_2_a+update_halo_kernel2_yvel_plus_2_a
8514	0.000021370	246080	ops_par_loop_group_26	update_halo_kernel2_xvel_minus_4_b+update_halo_kernel2_yvel_plus_4_b
8515	0.000022653	369120	ops_par_loop_group_27	update_halo_kernel4_plus_4_b+update_halo_kernel2_xvel_minus_2_b+update_halo_kernel2_yvel_plus_2_b
8516	0.000018666	123040	ops_par_loop_update_halo_kernel4_plus_2_b_34	update_halo_kernel4_plus_2_b
8517	0.000561556	591053440	ops_par_loop_advec_cell_kernel1_xdir_35	advec_cell_kernel1_xdir
8518	0.000771515	708203544	ops_par_loop_advec_cell_kernel3_xdir_36	advec_cell_kernel3_xdir
8519	0.001457147	1533542400	ops_par_loop_advec_cell_kernel4_xdir_37	advec_cell_kernel4_xdir
8520	0.000022493	430528	ops_par_loop_update_halo_kernel1_b2_38	update_halo_kernel1_b2
8521	0.000020539	430528	ops_par_loop_update_halo_kernel1_b1_39	update_halo_kernel1_b1
8522	0.000020689	430528	ops_par_loop_update_halo_kernel1_t2_40	update_halo_kernel1_t2
8523	0.000020709	430528	ops_par_loop_update_halo_kernel1_t1_41	update_halo_kernel1_t1
8524	0.000019026	123040	ops_par_loop_update_halo_kernel3_plus_4_a_62	update_halo_kernel3_plus_4_a
8525	0.000018465	123040	ops_par_loop_update_halo_kernel3_plus_2_a_63	update_halo_kernel3_plus_2_a
8526	0.000018556	123040	ops_par_loop_update_halo_kernel3_plus_4_b_64	update_halo_kernel3_plus_4_b
8527	0.000018896	123040	ops_par_loop_update_halo_kernel3_plus_2_b_65	update_halo_kernel3_plus_2_b
8528	0.000026130	553536	ops_par_loop_group_40	update_halo_kernel1_l2+update_halo_kernel3_minus_4_a
8529	0.000022973	553536	ops_par_loop_group_41	update_halo_kernel1_l1+update_halo_kernel3_minus_2_a
8530	0.000019146	123008	ops_par_loop_update_halo_kernel3_minus_4_b_68	update_halo_kernel3_minus_4_b
8531	0.000025339	553536	ops_par_loop_group_43	update_halo_kernel1_r2+update_halo_kernel3_minus_2_b
8532	0.000020930	430528	ops_par_loop_update_halo_kernel1_r1_45	update_halo_kernel1_r1
8533	0.000563620	591053440	ops_par_loop_advec_mom_kernel_x1_70	advec_mom_kernel_x1
8534	0.000195070	236236864	ops_par_loop_advec_mom_kernel_mass_flux_x_71	advec_mom_kernel_mass_flux_x
8535	0.000575122	590438520	ops_par_loop_advec_mom_kernel_post_pre_advec_x_72	advec_mom_kernel_post_pre_advec_x
8536	0.000880803	472258640	ops_par_loop_advec_mom_kernel1_x_nonvector_73	advec_mom_kernel1_x_nonvector
8537	0.000451086	590131240	ops_par_loop_advec_mom_kernel2_x_74	advec_mom_kernel2_x
8538	0.000561016	591053440	ops_par_loop_advec_mom_kernel_x1_75	advec_mom_kernel_x1
8539	0.000194108	236236864	ops_par_loop_advec_mom_kernel_mass_flux_x_76	advec_mom_kernel_mass_flux_x
8540	0.000573148	590438520	ops_par_loop_advec_mom_kernel_post_pre_advec_x_77	advec_mom_kernel_post_pre_advec_x
8541	0.000882586	472258640	ops_par_loop_advec_mom_kernel1_x_nonvector_78	advec_mom_kernel1_x_nonvector
8542	0.000445727	590131240	ops_par_loop_advec_mom_kernel2_x_79	advec_mom_kernel2_x
8543	0.000497635	472842752	ops_par_loop_advec_cell_kernel2_ydir_80	advec_cell_kernel2_ydir
8544	0.000787335	708203544	ops_par_loop_advec_cell_kernel3_ydir_81	advec_cell_kernel3_ydir
8545	0.001473117	1533542400	ops_par_loop_advec_cell_kernel4_ydir_82	advec_cell_kernel4_ydir
8546	0.000022804	553536	ops_par_loop_group_58	update_halo_kernel1_b2+update_halo_kernel4_minus_4_a
8547	0.000022263	553536	ops_par_loop_group_59	update_halo_kernel1_b1+update_halo_kernel4_minus_2_a
8548	0.000021721	369120	ops_par_loop_group_60	update_halo_kernel2_xvel_plus_4_a+update_halo_kernel2_yvel_minus_4_a+update_halo_kernel3_plus_4_a
8549	0.000021160	369120	ops_par_loop_group_61	update_halo_kernel2_xvel_plus_2_a+update_halo_kernel2_yvel_minus_2_a+update_halo_kernel3_plus_2_a
8550	0.000023885	246080	ops_par_loop_group_62	update_halo_kernel2_xvel_plus_4_b+update_halo_kernel2_yvel_minus_4_b
8551	0.000021270	369120	ops_par_loop_group_63	update_halo_kernel2_xvel_plus_2_b+update_halo_kernel2_yvel_minus_2_b+update_halo_kernel3_plus_4_b
8552	0.000022663	246080	ops_par_loop_group_64	update_halo_kernel2_xvel_minus_4_b+update_halo_kernel2_yvel_plus_4_b
8553	0.000019948	123040	ops_par_loop_update_halo_kernel3_plus_2_b_110	update_halo_kernel3_plus_2_b
8554	0.000018926	123008	ops_par_loop_update_halo_kernel3_minus_4_b_113	update_halo_kernel3_minus_4_b
8555	0.000018305	123008	ops_par_loop_update_halo_kernel4_minus_4_b_117	update_halo_kernel4_minus_4_b
8556	0.000020849	553536	ops_par_loop_group_68	update_halo_kernel1_t2+update_halo_kernel4_minus_2_b
8557	0.000020278	430528	ops_par_loop_update_halo_kernel1_t1_86	update_halo_kernel1_t1
8558	0.000026380	553536	ops_par_loop_group_70	update_halo_kernel1_l2+update_halo_kernel3_minus_4_a
8559	0.000022854	553536	ops_par_loop_group_71	update_halo_kernel1_l1+update_halo_kernel3_minus_2_a
8560	0.000025449	553536	ops_par_loop_group_72	update_halo_kernel1_r2+update_halo_kernel3_minus_2_b
8561	0.000021561	430528	ops_par_loop_update_halo_kernel1_r1_90	update_halo_kernel1_r1
8562	0.000023655	369120	ops_par_loop_group_74	update_halo_kernel2_xvel_minus_4_a+update_halo_kernel2_yvel_plus_4_a+update_halo_kernel4_plus_4_a
8563	0.000021772	369120	ops_par_loop_group_75	update_halo_kernel2_xvel_minus_2_a+update_halo_kernel2_yvel_plus_2_a+update_halo_kernel4_plus_2_a
8564	0.000023074	369120	ops_par_loop_group_76	update_halo_kernel2_xvel_minus_2_b+update_halo_kernel2_yvel_plus_2_b+update_halo_kernel4_plus_4_b
8565	0.000018345	123040	ops_par_loop_update_halo_kernel4_plus_2_b_122	update_halo_kernel4_plus_2_b
8566	0.000488969	472842752	ops_par_loop_advec_mom_kernel_y2_123	advec_mom_kernel_y2
8567	0.000192516	236236864	ops_par_loop_advec_mom_kernel_mass_flux_y_124	advec_mom_kernel_mass_flux_y
8568	0.000530177	590438520	ops_par_loop_advec_mom_kernel_post_pre_advec_y_125	advec_mom_kernel_post_pre_advec_y
8569	0.000876735	472258640	ops_par_loop_advec_mom_kernel1_y_nonvector_126	advec_mom_kernel1_y_nonvector
8570	0.000446067	590131240	ops_par_loop_advec_mom_kernel2_y_127	advec_mom_kernel2_y
8571	0.000490872	472842752	ops_par_loop_advec_mom_kernel_y2_128	advec_mom_kernel_y2
8572	0.000191574	236236864	ops_par_loop_advec_mom_kernel_mass_flux_y_129	advec_mom_kernel_mass_flux_y
8573	0.000530828	590438520	ops_par_loop_advec_mom_kernel_post_pre_advec_y_130	advec_mom_kernel_post_pre_advec_y
8574	0.000871735	472258640	ops_par_loop_advec_mom_kernel1_y_nonvector_131	advec_mom_kernel1_y_nonvector
8575	0.000434826	471859200	ops_par_loop_reset_field_kernel1_133	reset_field_kernel1
8576	0.001440085	1534095432	ops_par_loop_group_88	advec_mom_kernel2_y+reset_field_kernel2+ideal_gas_kernel
8577	0.000021972	430304	ops_par_loop_update_halo_kernel1_b1_136	update_halo_kernel1_b1
8578	0.000020398	430304	ops_par_loop_update_halo_kernel1_t1_137	update_halo_kernel1_t1
8579	0.000024537	430304	ops_par_loop_update_halo_kernel1_l1_138	update_halo_kernel1_l1
8580	0.000024105	430304	ops_par_loop_update_halo_kernel1_r1_139	update_halo_kernel1_r1
8581	0.000018906	245952	ops_par_loop_group_93	update_halo_kernel2_xvel_plus_2_a+update_halo_kernel2_yvel_minus_2_a
8582	0.000019287	245952	ops_par_loop_group_94	update_halo_kernel2_xvel_plus_2_b+update_halo_kernel2_yvel_minus_2_b
8583	0.000022022	245952	ops_par_loop_group_95	update_halo_kernel2_xvel_minus_2_a+update_halo_kernel2_yvel_plus_2_a
8584	0.000021471	245952	ops_par_loop_group_96	update_halo_kernel2_xvel_minus_2_b+update_halo_kernel2_yvel_plus_2_b
8585	0.001728994	589885440	ops_par_loop_viscosity_kernel_148	viscosity_kernel
8586	0.000022663	430304	ops_par_loop_update_halo_kernel1_b1_149	update_halo_kernel1_b1
8587	0.000020148	430304	ops_par_loop_update_halo_kernel1_t1_150	update_halo_kernel1_t1
8588	0.000023815	430304	ops_par_loop_update_halo_kernel1_l1_151	update_halo_kernel1_l1
8589	0.000023505	430304	ops_par_loop_update_halo_kernel1_r1_152	update_halo_kernel1_r1
8590	0.000915889	1061744640	ops_par_loop_calc_dt_kernel_153	calc_dt_kernel
8591	0.001485441	1887436800	ops_par_loop_group_0	PdV_kernel_predict+ideal_gas_kernel
8592	0.000022152	430304	ops_par_loop_update_halo_kernel1_b1_2	update_halo_kernel1_b1
8593	0.000020038	430304	ops_par_loop_update_halo_kernel1_t1_3	update_halo_kernel1_t1
8594	0.000024527	430304	ops_par_loop_update_halo_kernel1_l1_4	update_halo_kernel1_l1
8595	0.000023895	430304	ops_par_loop_update_halo_kernel1_r1_5	update_halo_kernel1_r1
8596	0.001094398	1298288728	ops_par_loop_accelerate_kernel_7	accelerate_kernel
8597	0.001354301	2123366400	ops_par_loop_group_6	revert_kernel+PdV_kernel_nopredict
8598	0.000359032	471982080	ops_par_loop_flux_calc_kernelx_9	flux_calc_kernelx
8599	0.000357900	471982080	ops_par_loop_flux_calc_kernely_10	flux_calc_kernely
8600	0.000022102	553536	ops_par_loop_group_9	update_halo_kernel1_b2+update_halo_kernel4_minus_4_a
8601	0.000021441	553536	ops_par_loop_group_10	update_halo_kernel1_b1+update_halo_kernel4_minus_2_a
8602	0.000021220	369120	ops_par_loop_group_11	update_halo_kernel3_plus_4_a+update_halo_kernel2_xvel_plus_4_a+update_halo_kernel2_yvel_minus_4_a
8603	0.000020629	369120	ops_par_loop_group_12	update_halo_kernel3_plus_2_a+update_halo_kernel2_xvel_plus_2_a+update_halo_kernel2_yvel_minus_2_a
8604	0.000018896	123008	ops_par_loop_update_halo_kernel4_minus_4_b_29	update_halo_kernel4_minus_4_b
8605	0.000021621	553536	ops_par_loop_group_14	update_halo_kernel1_t2+update_halo_kernel4_minus_2_b
8606	0.000020439	430528	ops_par_loop_update_halo_kernel1_t1_14	update_halo_kernel1_t1
8607	0.000020088	246080	ops_par_loop_group_16	update_halo_kernel2_xvel_plus_4_b+update_halo_kernel2_yvel_minus_4_b
8608	0.000020208	369120	ops_par_loop_group_17	update_halo_kernel3_plus_4_b+update_halo_kernel2_xvel_plus_2_b+update_halo_kernel2_yvel_minus_2_b
8609	0.000019027	123040	ops_par_loop_update_halo_kernel3_plus_2_b_22	update_halo_kernel3_plus_2_b
8610	0.000025459	553536	ops_par_loop_group_19	update_halo_kernel1_l2+update_halo_kernel3_minus_4_a
8611	0.000028895	553536	ops_par_loop_group_20	update_halo_kernel1_l1+update_halo_kernel3_minus_2_a
8612	0.000020028	123008	ops_par_loop_update_halo_kernel3_minus_4_b_25	update_halo_kernel3_minus_4_b
8613	0.000024577	553536	ops_par_loop_group_22	update_halo_kernel1_r2+update_halo_kernel3_minus_2_b
8614	0.000021571	430528	ops_par_loop_update_halo_kernel1_r1_18	update_halo_kernel1_r1
8615	0.000023925	369120	ops_par_loop_group_24	update_halo_kernel4_plus_4_a+update_halo_kernel2_xvel_minus_4_a+update_halo_kernel2_yvel_plus_4_a
8616	0.000021511	369120	ops_par_loop_group_25	update_halo_kernel4_plus_2_a+update_halo_kernel2_xvel_minus_2_a+update_halo_kernel2_yvel_plus_2_a
8617	0.000021230	246080	ops_par_loop_group_26	update_halo_kernel2_xvel_minus_4_b+update_halo_kernel2_yvel_plus_4_b
8618	0.000022112	369120	ops_par_loop_group_27	update_halo_kernel4_plus_4_b+update_halo_kernel2_xvel_minus_2_b+update_halo_kernel2_yvel_plus_2_b
8619	0.000018505	123040	ops_par_loop_update_halo_kernel4_plus_2_b_34	update_halo_kernel4_plus_2_b
8620	0.000563490	591053440	ops_par_loop_advec_cell_kernel1_ydir_35	advec_cell_kernel1_ydir
8621	0.000786974	708203544	ops_par_loop_advec_cell_kernel3_ydir_36	advec_cell_kernel3_ydir
8622	0.001470231	1533542400	ops_par_loop_advec_cell_kernel4_ydir_37	advec_cell_kernel4_ydir
8623	0.000023415	553536	ops_par_loop_group_32	update_halo_kernel1_b2+update_halo_kernel4_minus_4_a
8624	0.000021371	553536	ops_par_loop_group_33	update_halo_kernel1_b1+update_halo_kernel4_minus_2_a
8625	0.000018084	123008	ops_par_loop_update_halo_kernel4_minus_4_b_64	update_halo_kernel4_minus_4_b
8626	0.000020890	553536	ops_par_loop_group_35	update_halo_kernel1_t2+update_halo_kernel4_minus_2_b
8627	0.000020469	430528	ops_par_loop_update_halo_kernel1_t1_41	update_halo_kernel1_t1
8628	0.000024627	430528	ops_par_loop_update_halo_kernel1_l2_42	update_halo_kernel1_l2
8629	0.000021741	430528	ops_par_loop_update_halo_kernel1_l1_43	update_halo_kernel1_l1
8630	0.000022623	430528	ops_par_loop_update_halo_kernel1_r2_44	update_halo_kernel1_r2
8631	0.000020569	430528	ops_par_loop_update_halo_kernel1_r1_45	update_halo_kernel1_r1
8632	0.000019507	123040	ops_par_loop_update_halo_kernel4_plus_4_a_66	update_halo_kernel4_plus_4_a
8633	0.000018265	123040	ops_par_loop_update_halo_kernel4_plus_2_a_67	update_halo_kernel4_plus_2_a
8634	0.000019286	123040	ops_par_loop_update_halo_kernel4_plus_4_b_68	update_halo_kernel4_plus_4_b
8635	0.000018846	123040	ops_par_loop_update_halo_kernel4_plus_2_b_69	update_halo_kernel4_plus_2_b
8636	0.000561847	591053440	ops_par_loop_advec_mom_kernel_y1_70	advec_mom_kernel_y1
8637	0.000191534	236236864	ops_par_loop_advec_mom_kernel_mass_flux_y_71	advec_mom_kernel_mass_flux_y
8638	0.000532511	590438520	ops_par_loop_advec_mom_kernel_post_pre_advec_y_72	advec_mom_kernel_post_pre_advec_y
8639	0.000877466	472258640	ops_par_loop_advec_mom_kernel1_y_nonvector_73	advec_mom_kernel1_y_nonvector
8640	0.000455324	590131240	ops_par_loop_advec_mom_kernel2_y_74	advec_mom_kernel2_y
8641	0.000562078	591053440	ops_par_loop_advec_mom_kernel_y1_75	advec_mom_kernel_y1
8642	0.000191373	236236864	ops_par_loop_advec_mom_kernel_mass_flux_y_76	advec_mom_kernel_mass_flux_y
8643	0.000532101	590438520	ops_par_loop_advec_mom_kernel_post_pre_advec_y_77	advec_mom_kernel_post_pre_advec_y
8644	0.000871105	472258640	ops_par_loop_advec_mom_kernel1_y_nonvector_78	advec_mom_kernel1_y_nonvector
8645	0.000450575	590131240	ops_par_loop_advec_mom_kernel2_y_79	advec_mom_kernel2_y
8646	0.000490913	472842752	ops_par_loop_advec_cell_kernel2_xdir_80	advec_cell_kernel2_xdir
8647	0.000772577	708203544	ops_par_loop_advec_cell_kernel3_xdir_81	advec_cell_kernel3_xdir
8648	0.001458740	1533542400	ops_par_loop_advec_cell_kernel4_xdir_82	advec_cell_kernel4_xdir
8649	0.000022754	553536	ops_par_loop_group_58	update_halo_kernel1_b2+update_halo_kernel4_minus_4_a
8650	0.000020940	553536	ops_par_loop_group_59	update_halo_kernel1_b1+update_halo_kernel4_minus_2_a
8651	0.000022002	369120	ops_par_loop_group_60	update_halo_kernel2_xvel_plus_4_a+update_halo_kernel2_yvel_minus_4_a+update_halo_kernel3_plus_4_a
8652	0.000021070	369120	ops_par_loop_group_61	update_halo_kernel2_xvel_plus_2_a+update_halo_kernel2_yvel_minus_2_a+update_halo_kernel3_plus_2_a
8653	0.000019978	246080	ops_par_loop_group_62	update_halo_kernel2_xvel_plus_4_b+update_halo_kernel2_yvel_minus_4_b
8654	0.000021150	369120	ops_par_loop_group_63	update_halo_kernel2_xvel_plus_2_b+update_halo_kernel2_yvel_minus_2_b+update_halo_kernel3_plus_4_b
8655	0.000022162	246080	ops_par_loop_group_64	update_halo_kernel2_xvel_minus_4_b+update_halo_kernel2_yvel_plus_4_b
8656	0.000019286	123040	ops_par_loop_update_halo_kernel3_plus_2_b_110	update_halo_kernel3_plus_2_b
8657	0.000019397	123008	ops_par_loop_update_halo_kernel3_minus_4_b_113	update_halo_kernel3_minus_4_b
8658	0.000017613	123008	ops_par_loop_update_halo_kernel4_minus_4_b_117	update_halo_kernel4_minus_4_b
8659	0.000021701	553536	ops_par_loop_group_68	update_halo_kernel1_t2+update_halo_kernel4_minus_2_b
8660	0.000020489	430528	ops_par_loop_update_halo_kernel1_t1_86	update_halo_kernel1_t1
8661	0.000026189	553536	ops_par_loop_group_70	update_halo_kernel1_l2+update_halo_kernel3_minus_4_a
8662	0.000023354	553536	ops_par_loop_group_71	update_halo_kernel1_l1+update_halo_kernel3_minus_2_a
8663	0.000025097	553536	ops_par_loop_group_72	update_halo_kernel1_r2+update_halo_kernel3_minus_2_b
8664	0.000021431	430528	ops_par_loop_update_halo_kernel1_r1_90	update_halo_kernel1_r1
8665	0.000024546	369120	ops_par_loop_group_74	update_halo_kernel2_xvel_minus_4_a+update_halo_kernel2_yvel_plus_4_a+update_halo_kernel4_plus_4_a
8666	0.000022383	369120	ops_par_loop_group_75	update_halo_kernel2_xvel_minus_2_a+update_halo_kernel2_yvel_plus_2_a+update_halo_kernel4_plus_2_a
8667	0.000023544	369120	ops_par_loop_group_76	update_halo_kernel2_xvel_minus_2_b+update_halo_kernel2_yvel_plus_2_b+update_halo_kernel4_plus_4_b
8668	0.000017985	123040	ops_par_loop_update_halo_kernel4_plus_2_b_122	update_halo_kernel4_plus_2_b
8669	0.000497054	472842752	ops_par_loop_advec_mom_kernel_x2_123	advec_mom_kernel_x2
8670	0.000194459	236236864	ops_par_loop_advec_mom_kernel_mass_flux_x_124	advec_mom_kernel_mass_flux_x
8671	0.000573439	590438520	ops_par_loop_advec_mom_kernel_post_pre_advec_x_125	advec_mom_kernel_post_pre_advec_x
8672	0.000881284	472258640	ops_par_loop_advec_mom_kernel1_x_nonvector_126	advec_mom_kernel1_x_nonvector
8673	0.000445907	590131240	ops_par_loop_advec_mom_kernel2_x_127	advec_mom_kernel2_x
8674	0.000501152	472842752	ops_par_loop_advec_mom_kernel_x2_128	advec_mom_kernel_x2
8675	0.000194038	236236864	ops_par_loop_advec_mom_kernel_mass_flux_x_129	advec_mom_kernel_mass_flux_x
8676	0.000575954	590438520	ops_par_loop_advec_mom_kernel_post_pre_advec_x_130	advec_mom_kernel_post_pre_advec_x
8677	0.000883307	472258640	ops_par_loop_advec_mom_kernel1_x_nonvector_131	advec_mom_kernel1_x_nonvector
8678	0.000433654	471859200	ops_par_loop_reset_field_kernel1_133	reset_field_kernel1
8679	0.001437510	1534095432	ops_par_loop_group_88	advec_mom_kernel2_x+reset_field_kernel2+ideal_gas_kernel
8680	0.000021380	430304	ops_par_loop_update_halo_kernel1_b1_136	update_halo_kernel1_b1
8681	0.000019867	430304	ops_par_loop_update_halo_kernel1_t1_137	update_halo_kernel1_t1
8682	0.000024366	430304	ops_par_loop_update_halo_kernel1_l1_138	update_halo_kernel1_l1
8683	0.000024687	430304	ops_par_loop_update_halo_kernel1_r1_139	update_halo_kernel1_r1
8684	0.000019497	245952	ops_par_loop_group_93	update_halo_kernel2_xvel_plus_2_a+update_halo_kernel2_yvel_minus_2_a
8685	0.000019888	245952	ops_par_loop_group_94	update_halo_kernel2_xvel_plus_2_b+update_halo_kernel2_yvel_minus_2_b
8686	0.000026971	245952	ops_par_loop_group_95	update_halo_kernel2_xvel_minus_2_a+update_halo_kernel2_yvel_plus_2_a
8687	0.000022483	245952	ops_par_loop_group_96	update_halo_kernel2_xvel_minus_2_b+update_halo_kernel2_yvel_plus_2_b
8688	0.001729494	589885440	ops_par_loop_viscosity_kernel_148	viscosity_kernel
8689	0.000022232	430304	ops_par_loop_update_halo_kernel1_b1_149	update_halo_kernel1_b1
8690	0.000020439	430304	ops_par_loop_update_halo_kernel1_t1_150	update_halo_kernel1_t1
8691	0.000023615	430304	ops_par_loop_update_halo_kernel1_l1_151	update_halo_kernel1_l1
8692	0.000023144	430304	ops_par_loop_update_halo_kernel1_r1_152	update_halo_kernel1_r1
8693	0.000915328	1061744640	ops_par_loop_calc_dt_kernel_153	calc_dt_kernel
8694	0.001487504	1887436800	ops_par_loop_group_0	PdV_kernel_predict+ideal_gas_kernel
8695	0.000023394	430304	ops_par_loop_update_halo_kernel1_b1_2	update_halo_kernel1_b1
8696	0.000020609	430304	ops_par_loop_update_halo_kernel1_t1_3	update_halo_kernel1_t1
8697	0.000023154	430304	ops_par_loop_update_halo_kernel1_l1_4	update_halo_kernel1_l1
8698	0.000023405	430304	ops_par_loop_update_halo_kernel1_r1_5	update_halo_kernel1_r1
8699	0.001094058	1298288728	ops_par_loop_accelerate_kernel_7	accelerate_kernel
8700	0.001356536	2123366400	ops_par_loop_group_6	revert_kernel+PdV_kernel_nopredict
8701	0.000358150	471982080	ops_par_loop_flux_calc_kernelx_9	flux_calc_kernelx
8702	0.000357629	471982080	ops_par_loop_flux_calc_kernely_10	flux_calc_kernely
8703	0.000022352	553536	ops_par_loop_group_9	update_halo_kernel1_b2+update_halo_kernel4_minus_4_a
8704	0.000020239	553536	ops_par_loop_group_10	update_halo_kernel1_b1+update_halo_kernel4_minus_2_a
8705	0.000021121	369120	ops_par_loop_group_11	update_halo_kernel3_plus_4_a+update_halo_kernel2_xvel_plus_4_a+update_halo_kernel2_yvel_minus_4_a
8706	0.000019948	369120	ops_par_loop_group_12	update_halo_kernel3_plus_2_a+update_halo_kernel2_xvel_plus_2_a+update_halo_kernel2_yvel_minus_2_a
8707	0.000018556	123008	ops_par_loop_update_halo_kernel4_minus_4_b_29	update_halo_kernel4_minus_4_b
8708	0.000020579	553536	ops_par_loop_group_14	update_halo_kernel1_t2+update_halo_kernel4_minus_2_b
8709	0.000020078	430528	ops_par_loop_update_halo_kernel1_t1_14	update_halo_kernel1_t1
8710	0.000019437	246080	ops_par_loop_group_16	update_halo_kernel2_xvel_plus_4_b+update_halo_kernel2_yvel_minus_4_b
8711	0.000021561	369120	ops_par_loop_group_17	update_halo_kernel3_plus_4_b+update_halo_kernel2_xvel_plus_2_b+update_halo_kernel2_yvel_minus_2_b
8712	0.000018966	123040	ops_par_loop_update_halo_kernel3_plus_2_b_22	update_halo_kernel3_plus_2_b
8713	0.000025358	553536	ops_par_loop_group_19	update_halo_kernel1_l2+update_halo_kernel3_minus_4_a
8714	0.000022873	553536	ops_par_loop_group_20	update_halo_kernel1_l1+update_halo_kernel3_minus_2_a
8715	0.000018875	123008	ops_par_loop_update_halo_kernel3_minus_4_b_25	update_halo_kernel3_minus_4_b
8716	0.000024636	553536	ops_par_loop_group_22	update_halo_kernel1_r2+update_halo_kernel3_minus_2_b
8717	0.000021321	430528	ops_par_loop_update_halo_kernel1_r1_18	update_halo_kernel1_r1
8718	0.000023454	369120	ops_par_loop_group_24	update_halo_kernel4_plus_4_a+update_halo_kernel2_xvel_minus_4_a+update_halo_kernel2_yvel_plus_4_a
8719	0.000022513	369120	ops_par_loop_group_25	update_halo_kernel4_plus_2_a+update_halo_kernel2_xvel_minus_2_a+update_halo_kernel2_yvel_plus_2_a
8720	0.000021080	246080	ops_par_loop_group_26	update_halo_kernel2_xvel_minus_4_b+update_halo_kernel2_yvel_plus_4_b
8721	0.000022483	369120	ops_par_loop_group_27	update_halo_kernel4_plus_4_b+update_halo_kernel2_xvel_minus_2_b+update_halo_kernel2_yvel_plus_2_b
8722	0.000018285	123040	ops_par_loop_update_halo_kernel4_plus_2_b_34	update_halo_kernel4_plus_2_b
8723	0.000564001	591053440	ops_par_loop_advec_cell_kernel1_xdir_35	advec_cell_kernel1_xdir
8724	0.000771495	708203544	ops_par_loop_advec_cell_kernel3_xdir_36	advec_cell_kernel3_xdir
8725	0.001461655	1533542400	ops_par_loop_advec_cell_kernel4_xdir_37	advec_cell_kernel4_xdir
8726	0.000021802	430528	ops_par_loop_update_halo_kernel1_b2_38	update_halo_kernel1_b2
8727	0.000020760	430528	ops_par_loop_update_halo_kernel1_b1_39	update_halo_kernel1_b1
8728	0.000020930	430528	ops_par_loop_update_halo_kernel1_t2_40	update_halo_kernel1_t2
8729	0.000020519	430528	ops_par_loop_update_halo_kernel1_t1_41	update_halo_kernel1_t1
8730	0.000018595	123040	ops_par_loop_update_halo_kernel3_plus_4_a_62	update_halo_kernel3_plus_4_a
8731	0.000018996	123040	ops_par_loop_update_halo_kernel3_plus_2_a_63	update_halo_kernel3_plus_2_a
8732	0.000017813	123040	ops_par_loop_update_halo_kernel3_plus_4_b_64	update_halo_kernel3_plus_4_b
8733	0.000018685	123040	ops_par_loop_update_halo_kernel3_plus_2_b_65	update_halo_kernel3_plus_2_b
8734	0.000026370	553536	ops_par_loop_group_40	update_halo_kernel1_l2+update_halo_kernel3_minus_4_a
8735	0.000023465	553536	ops_par_loop_group_41	update_halo_kernel1_l1+update_halo_kernel3_minus_2_a
8736	0.000019076	123008	ops_par_loop_update_halo_kernel3_minus_4_b_68	update_halo_kernel3_minus_4_b
8737	0.000024577	553536	ops_par_loop_group_43	update_halo_kernel1_r2+update_halo_kernel3_minus_2_b
8738	0.000021892	430528	ops_par_loop_update_halo_kernel1_r1_45	update_halo_kernel1_r1
8739	0.000564582	591053440	ops_par_loop_advec_mom_kernel_x1_70	advec_mom_kernel_x1
8740	0.000194670	236236864	ops_par_loop_advec_mom_kernel_mass_flux_x_71	advec_mom_kernel_mass_flux_x
8741	0.000574902	590438520	ops_par_loop_advec_mom_kernel_post_pre_advec_x_72	advec_mom_kernel_post_pre_advec_x
8742	0.000880812	472258640	ops_par_loop_advec_mom_kernel1_x_nonvector_73	advec_mom_kernel1_x_nonvector
8743	0.000449112	590131240	ops_par_loop_advec_mom_kernel2_x_74	advec_mom_kernel2_x
8744	0.000562287	591053440	ops_par_loop_advec_mom_kernel_x1_75	advec_mom_kernel_x1
8745	0.000194790	236236864	ops_par_loop_advec_mom_kernel_mass_flux_x_76	advec_mom_kernel_mass_flux_x
8746	0.000579781	590438520	ops_par_loop_advec_mom_kernel_post_pre_advec_x_77	advec_mom_kernel_post_pre_advec_x
8747	0.000882205	472258640	ops_par_loop_advec_mom_kernel1_x_nonvector_78	advec_mom_kernel1_x_nonvector
8748	0.000448392	590131240	ops_par_loop_advec_mom_kernel2_x_79	advec_mom_kernel2_x
8749	0.000498095	472842752	ops_par_loop_advec_cell_kernel2_ydir_80	advec_cell_kernel2_ydir
8750	0.000787455	708203544	ops_par_loop_advec_cell_kernel3_ydir_81	advec_cell_kernel3_ydir
8751	0.001472266	1533542400	ops_par_loop_advec_cell_kernel4_ydir_82	advec_cell_kernel4_ydir
8752	0.000022713	553536	ops_par_loop_group_58	update_halo_kernel1_b2+update_halo_kernel4_minus_4_a
8753	0.000022293	553536	ops_par_loop_group_59	update_halo_kernel1_b1+update_halo_kernel4_minus_2_a
8754	0.000021701	369120	ops_par_loop_group_60	update_halo_kernel2_xvel_plus_4_a+update_halo_kernel2_yvel_minus_4_a+update_halo_kernel3_plus_4_a
8755	0.000020970	369120	ops_par_loop_group_61	update_halo_kernel2_xvel_plus_2_a+update_halo_kernel2_yvel_minus_2_a+update_halo_kernel3_plus_2_a
8756	0.000019547	246080	ops_par_loop_group_62	update_halo_kernel2_xvel_plus_4_b+update_halo_kernel2_yvel_minus_4_b
8757	0.000020869	369120	ops_par_loop_group_63	update_halo_kernel2_xvel_plus_2_b+update_halo_kernel2_yvel_minus_2_b+update_halo_kernel3_plus_4_b
8758	0.000021992	246080	ops_par_loop_group_64	update_halo_kernel2_xvel_minus_4_b+update_halo_kernel2_yvel_plus_4_b
8759	0.000019988	123040	ops_par_loop_update_halo_kernel3_plus_2_b_110	update_halo_kernel3_plus_2_b
8760	0.000019557	123008	ops_par_loop_update_halo_kernel3_minus_4_b_113	update_halo_kernel3_minus_4_b
8761	0.000018105	123008	ops_par_loop_update_halo_kernel4_minus_4_b_117	update_halo_kernel4_minus_4_b
8762	0.000020810	553536	ops_par_loop_group_68	update_halo_kernel1_t2+update_halo_kernel4_minus_2_b
8763	0.000021170	430528	ops_par_loop_update_halo_kernel1_t1_86	update_halo_kernel1_t1
8764	0.000027082	553536	ops_par_loop_group_70	update_halo_kernel1_l2+update_halo_kernel3_minus_4_a
8765	0.000022783	553536	ops_par_loop_group_71	update_halo_kernel1_l1+update_halo_kernel3_minus_2_a
8766	0.000024697	553536	ops_par_loop_group_72	update_halo_kernel1_r2+update_halo_kernel3_minus_2_b
8767	0.000021992	430528	ops_par_loop_update_halo_kernel1_r1_90	update_halo_kernel1_r1
8768	0.000023304	369120	ops_par_loop_group_74	update_halo_kernel2_xvel_minus_4_a+update_halo_kernel2_yvel_plus_4_a+update_halo_kernel4_plus_4_a
8769	0.000022192	369120	ops_par_loop_group_75	update_halo_kernel2_xvel_minus_2_a+update_halo_kernel2_yvel_plus_2_a+update_halo_kernel4_plus_2_a
8770	0.000022162	369120	ops_par_loop_group_76	update_halo_kernel2_xvel_minus_2_b+update_halo_kernel2_yvel_plus_2_b+update_halo_kernel4_plus_4_b
8771	0.000019186	123040	ops_par_loop_update_halo_kernel4_plus_2_b_122	update_halo_kernel4_plus_2_b
8772	0.000491844	472842752	ops_par_loop_advec_mom_kernel_y2_123	advec_mom_kernel_y2
8773	0.000191954	236236864	ops_par_loop_advec_mom_kernel_mass_flux_y_124	advec_mom_kernel_mass_flux_y
8774	0.000531620	590438520	ops_par_loop_advec_mom_kernel_post_pre_advec_y_125	advec_mom_kernel_post_pre_advec_y
8775	0.000876775	472258640	ops_par_loop_advec_mom_kernel1_y_nonvector_126	advec_mom_kernel1_y_nonvector
8776	0.000453290	590131240	ops_par_loop_advec_mom_kernel2_y_127	advec_mom_kernel2_y
8777	0.000490211	472842752	ops_par_loop_advec_mom_kernel_y2_128	advec_mom_kernel_y2
8778	0.000191935	236236864	ops_par_loop_advec_mom_kernel_mass_flux_y_129	advec_mom_kernel_mass_flux_y
8779	0.000536700	590438520	ops_par_loop_advec_mom_kernel_post_pre_advec_y_130	advec_mom_kernel_post_pre_advec_y
8780	0.000871425	472258640	ops_par_loop_advec_mom_kernel1_y_nonvector_131	advec_mom_kernel1_y_nonvector
8781	0.000435477	471859200	ops_par_loop_reset_field_kernel1_133	reset_field_kernel1
8782	0.001436448	1534095432	ops_par_loop_group_88	advec_mom_kernel2_y+reset_field_kernel2+ideal_gas_kernel
8783	0.000021521	430304	ops_par_loop_update_halo_kernel1_b1_136	update_halo_kernel1_b1
8784	0.000019837	430304	ops_par_loop_update_halo_kernel1_t1_137	update_halo_kernel1_t1
8785	0.000024296	430304	ops_par_loop_update_halo_kernel1_l1_138	update_halo_kernel1_l1
8786	0.000024216	430304	ops_par_loop_update_halo_kernel1_r1_139	update_halo_kernel1_r1
8787	0.000019467	245952	ops_par_loop_group_93	update_halo_kernel2_xvel_plus_2_a+update_halo_kernel2_yvel_minus_2_a
8788	0.000019417	245952	ops_par_loop_group_94	update_halo_kernel2_xvel_plus_2_b+update_halo_kernel2_yvel_minus_2_b
8789	0.000021451	245952	ops_par_loop_group_95	update_halo_kernel2_xvel_minus_2_a+update_halo_kernel2_yvel_plus_2_a
8790	0.000022072	245952	ops_par_loop_group_96	update_halo_kernel2_xvel_minus_2_b+update_halo_kernel2_yvel_plus_2_b
8791	0.001730616	589885440	ops_par_loop_viscosity_kernel_148	viscosity_kernel
8792	0.000022042	430304	ops_par_loop_update_halo_kernel1_b1_149	update_halo_kernel1_b1
8793	0.000020399	430304	ops_par_loop_update_halo_kernel1_t1_150	update_halo_kernel1_t1
8794	0.000023284	430304	ops_par_loop_update_halo_kernel1_l1_151	update_halo_kernel1_l1
8795	0.000023916	430304	ops_par_loop_update_halo_kernel1_r1_152	update_halo_kernel1_r1
8796	0.000915418	1061744640	ops_par_loop_calc_dt_kernel_153	calc_dt_kernel
8797	0.001494899	1887436800	ops_par_loop_group_0	PdV_kernel_predict+ideal_gas_kernel
8798	0.000022052	430304	ops_par_loop_update_halo_kernel1_b1_2	update_halo_kernel1_b1
8799	0.000021130	430304	ops_par_loop_update_halo_kernel1_t1_3	update_halo_kernel1_t1
8800	0.000023955	430304	ops_par_loop_update_halo_kernel1_l1_4	update_halo_kernel1_l1
8801	0.000023615	430304	ops_par_loop_update_halo_kernel1_r1_5	update_halo_kernel1_r1
8802	0.001098115	1298288728	ops_par_loop_accelerate_kernel_7	accelerate_kernel
8803	0.001354282	2123366400	ops_par_loop_group_6	revert_kernel+PdV_kernel_nopredict
8804	0.000360204	471982080	ops_par_loop_flux_calc_kernelx_9	flux_calc_kernelx
8805	0.000358842	471982080	ops_par_loop_flux_calc_kernely_10	flux_calc_kernely
8806	0.000022102	553536	ops_par_loop_group_9	update_halo_kernel1_b2+update_halo_kernel4_minus_4_a
8807	0.000020970	553536	ops_par_loop_group_10	update_halo_kernel1_b1+update_halo_kernel4_minus_2_a
8808	0.000021120	369120	ops_par_loop_group_11	update_halo_kernel3_plus_4_a+update_halo_kernel2_xvel_plus_4_a+update_halo_kernel2_yvel_minus_4_a
8809	0.000020108	369120	ops_par_loop_group_12	update_halo_kernel3_plus_2_a+update_halo_kernel2_xvel_plus_2_a+update_halo_kernel2_yvel_minus_2_a
8810	0.000018365	123008	ops_par_loop_update_halo_kernel4_minus_4_b_29	update_halo_kernel4_minus_4_b
8811	0.000021291	553536	ops_par_loop_group_14	update_halo_kernel1_t2+update_halo_kernel4_minus_2_b
8812	0.000020449	430528	ops_par_loop_update_halo_kernel1_t1_14	update_halo_kernel1_t1
8813	0.000020308	246080	ops_par_loop_group_16	update_halo_kernel2_xvel_plus_4_b+update_halo_kernel2_yvel_minus_4_b
8814	0.000021471	369120	ops_par_loop_group_17	update_halo_kernel3_plus_4_b+update_halo_kernel2_xvel_plus_2_b+update_halo_kernel2_yvel_minus_2_b
8815	0.000019367	123040	ops_par_loop_update_halo_kernel3_plus_2_b_22	update_halo_kernel3_plus_2_b
8816	0.000025288	553536	ops_par_loop_group_19	update_halo_kernel1_l2+update_halo_kernel3_minus_4_a
8817	0.000023544	553536	ops_par_loop_group_20	update_halo_kernel1_l1+update_halo_kernel3_minus_2_a
8818	0.000019096	123008	ops_par_loop_update_halo_kernel3_minus_4_b_25	update_halo_kernel3_minus_4_b
8819	0.000024556	553536	ops_par_loop_group_22	update_halo_kernel1_r2+update_halo_kernel3_minus_2_b
8820	0.000021521	430528	ops_par_loop_update_halo_kernel1_r1_18	update_halo_kernel1_r1
8821	0.000023474	369120	ops_par_loop_group_24	update_halo_kernel4_plus_4_a+update_halo_kernel2_xvel_minus_4_a+update_halo_kernel2_yvel_plus_4_a
8822	0.000021681	369120	ops_par_loop_group_25	update_halo_kernel4_plus_2_a+update_halo_kernel2_xvel_minus_2_a+update_halo_kernel2_yvel_plus_2_a
8823	0.000021300	246080	ops_par_loop_group_26	update_halo_kernel2_xvel_minus_4_b+update_halo_kernel2_yvel_plus_4_b
8824	0.000022673	369120	ops_par_loop_group_27	update_halo_kernel4_plus_4_b+update_halo_kernel2_xvel_minus_2_b+update_halo_kernel2_yvel_plus_2_b
8825	0.000018896	123040	ops_par_loop_update_halo_kernel4_plus_2_b_34	update_halo_kernel4_plus_2_b
8826	0.000561106	591053440	ops_par_loop_advec_cell_kernel1_ydir_35	advec_cell_kernel1_ydir
8827	0.000785802	708203544	ops_par_loop_advec_cell_kernel3_ydir_36	advec_cell_kernel3_ydir
8828	0.001475723	1533542400	ops_par_loop_advec_cell_kernel4_ydir_37	advec_cell_kernel4_ydir
8829	0.000023444	553536	ops_par_loop_group_32	update_halo_kernel1_b2+update_halo_kernel4_minus_4_a
8830	0.000021651	553536	ops_par_loop_group_33	update_halo_kernel1_b1+update_halo_kernel4_minus_2_a
8831	0.000019417	123008	ops_par_loop_update_halo_kernel4_minus_4_b_64	update_halo_kernel4_minus_4_b
8832	0.000020859	553536	ops_par_loop_group_35	update_halo_kernel1_t2+update_halo_kernel4_minus_2_b
8833	0.000020288	430528	ops_par_loop_update_halo_kernel1_t1_41	update_halo_kernel1_t1
8834	0.000024526	430528	ops_par_loop_update_halo_kernel1_l2_42	update_halo_kernel1_l2
8835	0.000021811	430528	ops_par_loop_update_halo_kernel1_l1_43	update_halo_kernel1_l1
8836	0.000022954	430528	ops_par_loop_update_halo_kernel1_r2_44	update_halo_kernel1_r2
8837	0.000021070	430528	ops_par_loop_update_halo_kernel1_r1_45	update_halo_kernel1_r1
8838	0.000019807	123040	ops_par_loop_update_halo_kernel4_plus_4_a_66	update_halo_kernel4_plus_4_a
8839	0.000018375	123040	ops_par_loop_update_halo_kernel4_plus_2_a_67	update_halo_kernel4_plus_2_a
8840	0.000019297	123040	ops_par_loop_update_halo_kernel4_plus_4_b_68	update_halo_kernel4_plus_4_b
8841	0.000018836	123040	ops_par_loop_update_halo_kernel4_plus_2_b_69	update_halo_kernel4_plus_2_b
8842	0.000561146	591053440	ops_par_loop_advec_mom_kernel_y1_70	advec_mom_kernel_y1
8843	0.000191734	236236864	ops_par_loop_advec_mom_kernel_mass_flux_y_71	advec_mom_kernel_mass_flux_y
8844	0.000532281	590438520	ops_par_loop_advec_mom_kernel_post_pre_advec_y_72	advec_mom_kernel_post_pre_advec_y
8845	0.000877316	472258640	ops_par_loop_advec_mom_kernel1_y_nonvector_73	advec_mom_kernel1_y_nonvector
8846	0.000444945	590131240	ops_par_loop_advec_mom_kernel2_y_74	advec_mom_kernel2_y
8847	0.000560544	591053440	ops_par_loop_advec_mom_kernel_y1_75	advec_mom_kernel_y1
8848	0.000191193	236236864	ops_par_loop_advec_mom_kernel_mass_flux_y_76	advec_mom_kernel_mass_flux_y
8849	0.000531449	590438520	ops_par_loop_advec_mom_kernel_post_pre_advec_y_77	advec_mom_kernel_post_pre_advec_y
8850	0.000870263	472258640	ops_par_loop_advec_mom_kernel1_y_nonvector_78	advec_mom_kernel1_y_nonvector
8851	0.000443513	590131240	ops_par_loop_advec_mom_kernel2_y_79	advec_mom_kernel2_y
8852	0.000490982	472842752	ops_par_loop_advec_cell_kernel2_xdir_80	advec_cell_kernel2_xdir
8853	0.000771755	708203544	ops_par_loop_advec_cell_kernel3_xdir_81	advec_cell_kernel3_xdir
8854	0.001462658	1533542400	ops_par_loop_advec_cell_kernel4_xdir_82	advec_cell_kernel4_xdir
8855	0.000022954	553536	ops_par_loop_group_58	update_halo_kernel1_b2+update_halo_kernel4_minus_4_a
8856	0.000022272	553536	ops_par_loop_group_59	update_halo_kernel1_b1+update_halo_kernel4_minus_2_a
8857	0.000022333	369120	ops_par_loop_group_60	update_halo_kernel2_xvel_plus_4_a+update_halo_kernel2_yvel_minus_4_a+update_halo_kernel3_plus_4_a
8858	0.000020760	369120	ops_par_loop_group_61	update_halo_kernel2_xvel_plus_2_a+update_halo_kernel2_yvel_minus_2_a+update_halo_kernel3_plus_2_a
8859	0.000020679	246080	ops_par_loop_group_62	update_halo_kernel2_xvel_plus_4_b+update_halo_kernel2_yvel_minus_4_b
8860	0.000021040	369120	ops_par_loop_group_63	update_halo_kernel2_xvel_plus_2_b+update_halo_kernel2_yvel_minus_2_b+update_halo_kernel3_plus_4_b
8861	0.000021531	246080	ops_par_loop_group_64	update_halo_kernel2_xvel_minus_4_b+update_halo_kernel2_yvel_plus_4_b
8862	0.000019927	123040	ops_par_loop_update_halo_kernel3_plus_2_b_110	update_halo_kernel3_plus_2_b
8863	0.000020529	123008	ops_par_loop_update_halo_kernel3_minus_4_b_113	update_halo_kernel3_minus_4_b
8864	0.000019427	123008	ops_par_loop_update_halo_kernel4_minus_4_b_117	update_halo_kernel4_minus_4_b
8865	0.000022313	553536	ops_par_loop_group_68	update_halo_kernel1_t2+update_halo_kernel4_minus_2_b
8866	0.000021681	430528	ops_par_loop_update_halo_kernel1_t1_86	update_halo_kernel1_t1
8867	0.000030729	553536	ops_par_loop_group_70	update_halo_kernel1_l2+update_halo_kernel3_minus_4_a
8868	0.000024396	553536	ops_par_loop_group_71	update_halo_kernel1_l1+update_halo_kernel3_minus_2_a
8869	0.000025198	553536	ops_par_loop_group_72	update_halo_kernel1_r2+update_halo_kernel3_minus_2_b
8870	0.000022422	430528	ops_par_loop_update_halo_kernel1_r1_90	update_halo_kernel1_r1
8871	0.000025017	369120	ops_par_loop_group_74	update_halo_kernel2_xvel_minus_4_a+update_halo_kernel2_yvel_plus_4_a+update_halo_kernel4_plus_4_a
8872	0.000022252	369120	ops_par_loop_group_75	update_halo_kernel2_xvel_minus_2_a+update_halo_kernel2_yvel_plus_2_a+update_halo_kernel4_plus_2_a
8873	0.000023254	369120	ops_par_loop_group_76	update_halo_kernel2_xvel_minus_2_b+update_halo_kernel2_yvel_plus_2_b+update_halo_kernel4_plus_4_b
8874	0.000018365	123040	ops_par_loop_update_halo_kernel4_plus_2_b_122	update_halo_kernel4_plus_2_b
8875	0.000496723	472842752	ops_par_loop_advec_mom_kernel_x2_123	advec_mom_kernel_x2
8876	0.000195612	236236864	ops_par_loop_advec_mom_kernel_mass_flux_x_124	advec_mom_kernel_mass_flux_x
8877	0.000573770	590438520	ops_par_loop_advec_mom_kernel_post_pre_advec_x_125	advec_mom_kernel_post_pre_advec_x
8878	0.000880933	472258640	ops_par_loop_advec_mom_kernel1_x_nonvector_126	advec_mom_kernel1_x_nonvector
8879	0.000452349	590131240	ops_par_loop_advec_mom_kernel2_x_127	advec_mom_kernel2_x
8880	0.000498106	472842752	ops_par_loop_advec_mom_kernel_x2_128	advec_mom_kernel_x2
8881	0.000195291	236236864	ops_par_loop_advec_mom_kernel_mass_flux_x_129	advec_mom_kernel_mass_flux_x
8882	0.000577627	590438520	ops_par_loop_advec_mom_kernel_post_pre_advec_x_130	advec_mom_kernel_post_pre_advec_x
8883	0.000886012	472258640	ops_par_loop_advec_mom_kernel1_x_nonvector_131	advec_mom_kernel1_x_nonvector
8884	0.000435116	471859200	ops_par_loop_reset_field_kernel1_133	reset_field_kernel1
8885	0.001438461	1534095432	ops_par_loop_group_88	advec_mom_kernel2_x+reset_field_kernel2+ideal_gas_kernel
8886	0.000022072	430304	ops_par_loop_update_halo_kernel1_b1_136	update_halo_kernel1_b1
8887	0.000020479	430304	ops_par_loop_update_halo_kernel1_t1_137	update_halo_kernel1_t1
8888	0.000024657	430304	ops_par_loop_update_halo_kernel1_l1_138	update_halo_kernel1_l1
8889	0.000024787	430304	ops_par_loop_update_halo_kernel1_r1_139	update_halo_kernel1_r1
8890	0.000019978	245952	ops_par_loop_group_93	update_halo_kernel2_xvel_plus_2_a+update_halo_kernel2_yvel_minus_2_a
8891	0.000019828	245952	ops_par_loop_group_94	update_halo_kernel2_xvel_plus_2_b+update_halo_kernel2_yvel_minus_2_b
8892	0.000022002	245952	ops_par_loop_group_95	update_halo_kernel2_xvel_minus_2_a+update_halo_kernel2_yvel_plus_2_a
8893	0.000021821	245952	ops_par_loop_group_96	update_halo_kernel2_xvel_minus_2_b+update_halo_kernel2_yvel_plus_2_b
8894	0.001729173	589885440	ops_par_loop_viscosity_kernel_148	viscosity_kernel
8895	0.000021441	430304	ops_par_loop_update_halo_kernel1_b1_149	update_halo_kernel1_b1
8896	0.000020689	430304	ops_par_loop_update_halo_kernel1_t1_150	update_halo_kernel1_t1
8897	0.000023224	430304	ops_par_loop_update_halo_kernel1_l1_151	update_halo_kernel1_l1
8898	0.000023094	430304	ops_par_loop_update_halo_kernel1_r1_152	update_halo_kernel1_r1
8899	0.000915628	1061744640	ops_par_loop_calc_dt_kernel_153	calc_dt_kernel
8900	1.095988885	1887436800	ops_par_loop_group_0	PdV_kernel_predict+ideal_gas_kernel
8901	0.000041629	430304	ops_par_loop_update_halo_kernel1_b1_2	update_halo_kernel1_b1
8902	0.000032491	430304	ops_par_loop_update_halo_kernel1_t1_3	update_halo_kernel1_t1
8903	0.000037761	430304	ops_par_loop_update_halo_kernel1_l1_4	update_halo_kernel1_l1
8904	0.000158692	430304	ops_par_loop_update_halo_kernel1_r1_5	update_halo_kernel1_r1
8905	0.001119857	1298288728	ops_par_loop_accelerate_kernel_7	accelerate_kernel
8906	0.001375863	2123366400	ops_par_loop_group_6	revert_kernel+PdV_kernel_nopredict
8907	0.000376224	471982080	ops_par_loop_flux_calc_kernelx_9	flux_calc_kernelx
8908	0.000370544	471982080	ops_par_loop_flux_calc_kernely_10	flux_calc_kernely
8909	0.000037701	553536	ops_par_loop_group_9	update_halo_kernel1_b2+update_halo_kernel4_minus_4_a
8910	0.000034705	553536	ops_par_loop_group_10	update_halo_kernel1_b1+update_halo_kernel4_minus_2_a
8911	0.000034085	369120	ops_par_loop_group_11	update_halo_kernel3_plus_4_a+update_halo_kernel2_xvel_plus_4_a+update_halo_kernel2_yvel_minus_4_a
8912	0.000033213	369120	ops_par_loop_group_12	update_halo_kernel3_plus_2_a+update_halo_kernel2_xvel_plus_2_a+update_halo_kernel2_yvel_minus_2_a
8913	0.000030328	123008	ops_par_loop_update_halo_kernel4_minus_4_b_29	update_halo_kernel4_minus_4_b
8914	0.000033684	553536	ops_par_loop_group_14	update_halo_kernel1_t2+update_halo_kernel4_minus_2_b
8915	0.000033344	430528	ops_par_loop_update_halo_kernel1_t1_14	update_halo_kernel1_t1
8916	0.000031821	246080	ops_par_loop_group_16	update_halo_kernel2_xvel_plus_4_b+update_halo_kernel2_yvel_minus_4_b
8917	0.000033213	369120	ops_par_loop_group_17	update_halo_kernel3_plus_4_b+update_halo_kernel2_xvel_plus_2_b+update_halo_kernel2_yvel_minus_2_b
8918	0.000031680	123040	ops_par_loop_update_halo_kernel3_plus_2_b_22	update_halo_kernel3_plus_2_b
8919	0.000038854	553536	ops_par_loop_group_19	update_halo_kernel1_l2+update_halo_kernel3_minus_4_a
8920	0.000294960	553536	ops_par_loop_group_20	update_halo_kernel1_l1+update_halo_kernel3_minus_2_a
8921	0.000035878	123008	ops_par_loop_update_halo_kernel3_minus_4_b_25	update_halo_kernel3_minus_4_b
8922	0.000038554	553536	ops_par_loop_group_22	update_halo_kernel1_r2+update_halo_kernel3_minus_2_b
8923	0.000034676	430528	ops_par_loop_update_halo_kernel1_r1_18	update_halo_kernel1_r1
8924	0.000036509	369120	ops_par_loop_group_24	update_halo_kernel4_plus_4_a+update_halo_kernel2_xvel_minus_4_a+update_halo_kernel2_yvel_plus_4_a
8925	0.000033835	369120	ops_par_loop_group_25	update_halo_kernel4_plus_2_a+update_halo_kernel2_xvel_minus_2_a+update_halo_kernel2_yvel_plus_2_a
8926	0.000035147	246080	ops_par_loop_group_26	update_halo_kernel2_xvel_minus_4_b+update_halo_kernel2_yvel_plus_4_b
8927	0.000035357	369120	ops_par_loop_group_27	update_halo_kernel4_plus_4_b+update_halo_kernel2_xvel_minus_2_b+update_halo_kernel2_yvel_plus_2_b
8928	0.000032011	123040	ops_par_loop_update_halo_kernel4_plus_2_b_34	update_halo_kernel4_plus_2_b
8929	0.000576655	591053440	ops_par_loop_advec_cell_kernel1_xdir_35	advec_cell_kernel1_xdir
8930	0.000802364	708203544	ops_par_loop_advec_cell_kernel3_xdir_36	advec_cell_kernel3_xdir
8931	0.001479560	1533542400	ops_par_loop_advec_cell_kernel4_xdir_37	advec_cell_kernel4_xdir
8932	0.000037882	430528	ops_par_loop_update_halo_kernel1_b2_38	update_halo_kernel1_b2
8933	0.000035417	430528	ops_par_loop_update_halo_kernel1_b1_39	update_halo_kernel1_b1
8934	0.000033985	430528	ops_par_loop_update_halo_kernel1_t2_40	update_halo_kernel1_t2
8935	0.000033082	430528	ops_par_loop_update_halo_kernel1_t1_41	update_halo_kernel1_t1
8936	0.000032682	123040	ops_par_loop_update_halo_kernel3_plus_4_a_62	update_halo_kernel3_plus_4_a
8937	0.000030157	123040	ops_par_loop_update_halo_kernel3_plus_2_a_63	update_halo_kernel3_plus_2_a
8938	0.000030619	123040	ops_par_loop_update_halo_kernel3_plus_4_b_64	update_halo_kernel3_plus_4_b
8939	0.000030828	123040	ops_par_loop_update_halo_kernel3_plus_2_b_65	update_halo_kernel3_plus_2_b
8940	0.000040137	553536	ops_par_loop_group_40	update_halo_kernel1_l2+update_halo_kernel3_minus_4_a
8941	0.000036689	553536	ops_par_loop_group_41	update_halo_kernel1_l1+update_halo_kernel3_minus_2_a
8942	0.000030888	123008	ops_par_loop_update_halo_kernel3_minus_4_b_68	update_halo_kernel3_minus_4_b
8943	0.000039115	553536	ops_par_loop_group_43	update_halo_kernel1_r2+update_halo_kernel3_minus_2_b
8944	0.000033975	430528	ops_par_loop_update_halo_kernel1_r1_45	update_halo_kernel1_r1
8945	0.000576404	591053440	ops_par_loop_advec_mom_kernel_x1_70	advec_mom_kernel_x1
8946	0.000208005	236236864	ops_par_loop_advec_mom_kernel_mass_flux_x_71	advec_mom_kernel_mass_flux_x
8947	0.000588548	590438520	ops_par_loop_advec_mom_kernel_post_pre_advec_x_72	advec_mom_kernel_post_pre_advec_x
8948	0.000901221	472258640	ops_par_loop_advec_mom_kernel1_x_nonvector_73	advec_mom_kernel1_x_nonvector
8949	0.000465444	590131240	ops_par_loop_advec_mom_kernel2_x_74	advec_mom_kernel2_x
8950	0.000576946	591053440	ops_par_loop_advec_mom_kernel_x1_75	advec_mom_kernel_x1
8951	0.000210009	236236864	ops_par_loop_advec_mom_kernel_mass_flux_x_76	advec_mom_kernel_mass_flux_x
8952	0.000585953	590438520	ops_par_loop_advec_mom_kernel_post_pre_advec_x_77	advec_mom_kernel_post_pre_advec_x
8953	0.000900400	472258640	ops_par_loop_advec_mom_kernel1_x_nonvector_78	advec_mom_kernel1_x_nonvector
8954	0.000465885	590131240	ops_par_loop_advec_mom_kernel2_x_79	advec_mom_kernel2_x
8955	0.000513295	472842752	ops_par_loop_advec_cell_kernel2_ydir_80	advec_cell_kernel2_ydir
8956	0.000823374	708203544	ops_par_loop_advec_cell_kernel3_ydir_81	advec_cell_kernel3_ydir
8957	0.001494438	1533542400	ops_par_loop_advec_cell_kernel4_ydir_82	advec_cell_kernel4_ydir
8958	0.000039044	553536	ops_par_loop_group_58	update_halo_kernel1_b2+update_halo_kernel4_minus_4_a
8959	0.000035838	553536	ops_par_loop_group_59	update_halo_kernel1_b1+update_halo_kernel4_minus_2_a
8960	0.000035828	369120	ops_par_loop_group_60	update_halo_kernel2_xvel_plus_4_a+update_halo_kernel2_yvel_minus_4_a+update_halo_kernel3_plus_4_a
8961	0.000033433	369120	ops_par_loop_group_61	update_halo_kernel2_xvel_plus_2_a+update_halo_kernel2_yvel_minus_2_a+update_halo_kernel3_plus_2_a
8962	0.000034335	246080	ops_par_loop_group_62	update_halo_kernel2_xvel_plus_4_b+update_halo_kernel2_yvel_minus_4_b
8963	0.000034646	369120	ops_par_loop_group_63	update_halo_kernel2_xvel_plus_2_b+update_halo_kernel2_yvel_minus_2_b+update_halo_kernel3_plus_4_b
8964	0.000034776	246080	ops_par_loop_group_64	update_halo_kernel2_xvel_minus_4_b+update_halo_kernel2_yvel_plus_4_b
8965	0.000032782	123040	ops_par_loop_update_halo_kernel3_plus_2_b_110	update_halo_kernel3_plus_2_b
8966	0.000032041	123008	ops_par_loop_update_halo_kernel3_minus_4_b_113	update_halo_kernel3_minus_4_b
8967	0.000030518	123008	ops_par_loop_update_halo_kernel4_minus_4_b_117	update_halo_kernel4_minus_4_b
8968	0.000035437	553536	ops_par_loop_group_68	update_halo_kernel1_t2+update_halo_kernel4_minus_2_b
8969	0.000035237	430528	ops_par_loop_update_halo_kernel1_t1_86	update_halo_kernel1_t1
8970	0.000041148	553536	ops_par_loop_group_70	update_halo_kernel1_l2+update_halo_kernel3_minus_4_a
8971	0.000037852	553536	ops_par_loop_group_71	update_halo_kernel1_l1+update_halo_kernel3_minus_2_a
8972	0.000038112	553536	ops_par_loop_group_72	update_halo_kernel1_r2+update_halo_kernel3_minus_2_b
8973	0.000041549	430528	ops_par_loop_update_halo_kernel1_r1_90	update_halo_kernel1_r1
8974	0.000038593	369120	ops_par_loop_group_74	update_halo_kernel2_xvel_minus_4_a+update_halo_kernel2_yvel_plus_4_a+update_halo_kernel4_plus_4_a
8975	0.000035668	369120	ops_par_loop_group_75	update_halo_kernel2_xvel_minus_2_a+update_halo_kernel2_yvel_plus_2_a+update_halo_kernel4_plus_2_a
8976	0.000036269	369120	ops_par_loop_group_76	update_halo_kernel2_xvel_minus_2_b+update_halo_kernel2_yvel_plus_2_b+update_halo_kernel4_plus_4_b
8977	0.000033153	123040	ops_par_loop_update_halo_kernel4_plus_2_b_122	update_halo_kernel4_plus_2_b
8978	0.000502604	472842752	ops_par_loop_advec_mom_kernel_y2_123	advec_mom_kernel_y2
8979	0.000206643	236236864	ops_par_loop_advec_mom_kernel_mass_flux_y_124	advec_mom_kernel_mass_flux_y
8980	0.000548251	590438520	ops_par_loop_advec_mom_kernel_post_pre_advec_y_125	advec_mom_kernel_post_pre_advec_y
8981	0.000894439	472258640	ops_par_loop_advec_mom_kernel1_y_nonvector_126	advec_mom_kernel1_y_nonvector
8982	0.000463090	590131240	ops_par_loop_advec_mom_kernel2_y_127	advec_mom_kernel2_y
8983	0.000505290	472842752	ops_par_loop_advec_mom_kernel_y2_128	advec_mom_kernel_y2
8984	0.000206592	236236864	ops_par_loop_advec_mom_kernel_mass_flux_y_129	advec_mom_kernel_mass_flux_y
8985	0.000545566	590438520	ops_par_loop_advec_mom_kernel_post_pre_advec_y_130	advec_mom_kernel_post_pre_advec_y
8986	0.000886564	472258640	ops_par_loop_advec_mom_kernel1_y_nonvector_131	advec_mom_kernel1_y_nonvector
8987	0.000450796	471859200	ops_par_loop_reset_field_kernel1_133	reset_field_kernel1
8988	0.001467797	1534095432	ops_par_loop_group_88	advec_mom_kernel2_y+reset_field_kernel2+ideal_gas_kernel
